qitem,area,title,their_views,size_bytes,last_change
Q30913458,Buildings & infrastructure,Akii Bua Stadium,2109,9589,2025-05-03T14:15:08Z
Q4726633,Buildings & infrastructure,Alikua Pyramid,239,1015,2025-04-11T03:54:40Z
Q120355540,Buildings & infrastructure,Arua nightclub shooting,682,4811,2025-07-14T19:15:03Z
Q24908597,Buildings & infrastructure,Atiak Sugar Factory,2474,13411,2024-01-26T13:51:15Z
Q4867401,Buildings & infrastructure,"Basilica of the Blessed Virgin Mary, Lodonga",396,4165,2025-05-13T22:10:00Z
Q60524397,Buildings & infrastructure,Battle of Entebbe,6466,27199,2025-02-13T14:28:14Z
Q55606095,Buildings & infrastructure,Bugoloobi Wastewater Treatment Plant,1005,7519,2024-02-06T11:26:10Z
Q4986275,Buildings & infrastructure,Bugulumbya Secondary School,266,2070,2024-09-06T13:33:32Z
Q21974272,Buildings & infrastructure,Bugungu Airstrip,497,5974,2024-10-11T23:02:00Z
Q3885838,Buildings & infrastructure,Bundibugyo Airport,199,1752,2024-10-11T23:00:10Z
Q107639593,Buildings & infrastructure,Busia Water Supply and Sanitation Project,157,7587,2022-06-05T12:27:25Z
Q86754401,Buildings & infrastructure,Buwalasi Theological College,234,1245,2022-01-18T05:19:33Z
Q21974275,Buildings & infrastructure,Chobe Safari Lodge Airport,471,5306,2025-07-14T18:28:32Z
Q55392271,Buildings & infrastructure,City House Jinja,133,476,2020-12-06T15:08:57Z
Q108907364,Buildings & infrastructure,Electricity Regulatory Authority House,188,5996,2025-07-28T15:56:34Z
Q586065,Buildings & infrastructure,Entebbe International Airport,111612,58584,2025-07-07T01:56:29Z
Q24236557,Buildings & infrastructure,Galilee Community General Jewish Hospital of Uganda,422,2214,2024-07-15T10:52:39Z
Q108607671,Buildings & infrastructure,Gulu Water Supply and Sanitation Project,315,10404,2025-05-22T19:42:21Z
Q123717333,Buildings & infrastructure,Hoima National Stadium,,10146,2025-06-02T12:22:32Z
Q48798441,Buildings & infrastructure,Horns of the cattle monument,156,5393,2025-07-09T05:49:21Z
Q48790718,Buildings & infrastructure,Ibanda University,1198,5843,2025-07-29T10:03:14Z
Q6006841,Buildings & infrastructure,Imperial Resort Beach Hotel,598,3367,2024-12-22T19:46:37Z
Q20746253,Buildings & infrastructure,International School of Uganda,1156,3255,2025-04-11T12:52:02Z
Q55614546,Buildings & infrastructure,International Specialized Hospital of Uganda,1647,8587,2025-07-29T12:40:32Z
Q21974285,Buildings & infrastructure,Ishasha River Camp Airport,139,3165,2024-10-11T23:00:44Z
Q108899143,Buildings & infrastructure,Isingiro Water Supply and Sanitation Project,322,9042,2022-09-02T09:55:15Z
Q25230649,Buildings & infrastructure,Kabalega International Airport,6832,23318,2025-07-26T22:01:36Z
Q28455931,Buildings & infrastructure,Kalerwe Market,662,1157,2025-01-12T04:34:54Z
Q65090500,Buildings & infrastructure,Kampala Hilton Hotel,1881,5873,2025-03-16T22:23:34Z
Q129690646,Buildings & infrastructure,Kamurasi-Baker Monument,75,981,2025-01-26T20:51:54Z
Q6373628,Buildings & infrastructure,Karuma Hydroelectric Power Station,7576,32911,2025-06-05T07:25:39Z
Q104848927,Buildings & infrastructure,Kasese Municipal Health Centre III,240,4238,2025-07-11T06:59:39Z
Q55615747,Buildings & infrastructure,Katosi Water Works,625,14668,2024-06-29T14:57:42Z
Q109536816,Buildings & infrastructure,Kichwamba massacre,1162,8162,2025-06-28T03:14:53Z
Q6406203,Buildings & infrastructure,Kikagati Hydroelectric Power Station,1056,12814,2025-06-11T15:48:53Z
Q16930899,Buildings & infrastructure,Kisubi Mapeera Secondary School,1039,2137,2025-07-03T11:15:34Z
Q6418278,Buildings & infrastructure,Kitojo Hospital,97,2907,2025-07-29T21:35:57Z
Q6434053,Buildings & infrastructure,Kotido Airport,186,2022,2024-10-30T12:09:43Z
Q65083922,Buildings & infrastructure,Kyambogo Cricket Oval,1138,2931,2023-12-31T15:27:21Z
Q48785145,Buildings & infrastructure,Kyambura Hydroelectric Power Station,305,6771,2025-07-13T21:01:02Z
Q6605449,Buildings & infrastructure,List of airports in Uganda,12253,13056,2025-05-28T18:10:51Z
Q85779240,Buildings & infrastructure,List of bridges in Uganda,867,1950,2022-10-23T13:41:52Z
Q18348961,Buildings & infrastructure,List of hotels in Uganda,646,1478,2025-04-17T02:02:42Z
Q17509549,Buildings & infrastructure,List of museums in Uganda,728,2356,2023-05-15T12:39:43Z
Q6634704,Buildings & infrastructure,List of power stations in Uganda,6101,50484,2025-05-21T10:13:08Z
Q21068182,Buildings & infrastructure,List of roads in Uganda,3644,37336,2025-04-19T07:48:47Z
Q6642246,Buildings & infrastructure,List of tallest buildings in Kampala,23053,18657,2025-07-21T18:31:55Z
Q6695337,Buildings & infrastructure,Lubiri,3651,1514,2025-03-25T08:42:21Z
Q6724290,Buildings & infrastructure,Mackay Memorial College,515,2138,2025-03-29T15:12:02Z
Q104857551,Buildings & infrastructure,Mahathi Fuel Transport and Storage Depot,625,9605,2023-08-26T10:25:04Z
Q59155490,Buildings & infrastructure,Mahoma Hydroelectric Power Station,222,5187,2020-09-09T08:37:12Z
Q131191681,Buildings & infrastructure,Masaka Sports Stadium,75,5419,2025-04-17T05:23:34Z
Q111948204,Buildings & infrastructure,Masaka–Mbarara Water Supply and Sanitation Project,405,10126,2025-04-20T02:16:58Z
Q25101401,Buildings & infrastructure,Matany Airstrip,95,2457,2024-09-25T16:23:07Z
Q6872384,Buildings & infrastructure,Miracle Centre Cathedral,5716,3811,2025-07-26T23:29:55Z
Q24883377,Buildings & infrastructure,Mityana–Sekanyonyi–Busunju Road,398,2974,2024-02-07T14:37:10Z
Q3887953,Buildings & infrastructure,Moroto Airport,255,2807,2025-04-02T03:06:53Z
Q108660876,Buildings & infrastructure,Moyo Water Supply and Sanitation System,85,4891,2024-09-09T23:48:23Z
Q119616154,Buildings & infrastructure,Mpondwe school massacre,4378,15333,2025-02-25T17:43:04Z
Q1528870,Buildings & infrastructure,Mweya Airport,408,3898,2024-10-30T12:10:31Z
Q6961898,Buildings & infrastructure,Namirembe Hill Side High School,514,2040,2024-09-06T13:33:28Z
Q3565261,Buildings & infrastructure,Namulonge Airport,210,2561,2024-10-30T12:10:47Z
Q38085690,Buildings & infrastructure,National Cultural Sites of Uganda,600,1273,2024-07-09T19:34:49Z
Q16968993,Buildings & infrastructure,New Life Presbyterian Church,126,1984,2025-05-13T18:54:14Z
Q7042663,Buildings & infrastructure,Nkuutu Memorial Secondary School,454,2852,2024-09-05T09:38:30Z
Q65052298,Buildings & infrastructure,NSSF Mbarara Complex,523,4848,2023-07-09T14:40:45Z
Q7070788,Buildings & infrastructure,Nyagak III Hydroelectric Power Station,328,11796,2024-01-19T14:29:24Z
Q16976247,Buildings & infrastructure,Nyamuliro mine,557,2513,2025-03-28T18:54:14Z
Q15263089,Buildings & infrastructure,Nyamwamba I Hydroelectric Power Station,344,10193,2022-10-15T10:50:44Z
Q38789592,Buildings & infrastructure,Our Lady Queen of Poland Catholic Church,318,2215,2025-05-13T18:55:37Z
Q7164761,Buildings & infrastructure,Pension Towers,1819,10608,2025-07-29T23:19:55Z
Q38250495,Buildings & infrastructure,"Pope John Paul II College, Gulu",805,864,2025-01-19T17:33:49Z
Q7284308,Buildings & infrastructure,Railway stations in Uganda,1659,7105,2025-03-17T19:26:13Z
Q16975974,Buildings & infrastructure,Ruhijha mine,338,1106,2024-04-14T16:26:54Z
Q112648868,Buildings & infrastructure,Rukungiri Water Supply and Sanitation Project,119,7445,2025-03-30T04:26:10Z
Q96404816,Buildings & infrastructure,"Saints Andrew and Philip Cathedral, Mukono",215,663,2025-05-13T23:15:59Z
Q17108392,Buildings & infrastructure,Savannah Airstrip,773,3540,2024-02-17T03:10:00Z
Q17018406,Buildings & infrastructure,Serere Township Secondary School,200,5780,2022-08-21T08:50:58Z
Q18392353,Buildings & infrastructure,Speke Resort and Conference Center,1194,5580,2025-03-08T02:34:07Z
Q96406374,Buildings & infrastructure,"St Andrew's Cathedral, Namukozi",104,629,2025-05-13T23:15:28Z
Q96406388,Buildings & infrastructure,"St Mark's Cathedral, Luweero",313,849,2025-05-13T23:15:17Z
Q96406394,Buildings & infrastructure,"St Paul's Cathedral, Kako",198,1166,2025-05-13T23:15:49Z
Q25054348,Buildings & infrastructure,"St Paul's Secondary School, Lweza",312,1389,2021-05-24T15:35:23Z
Q25112894,Buildings & infrastructure,St. John Fisher Ibanda Secondary School,598,2634,2025-07-12T09:13:35Z
Q7589068,Buildings & infrastructure,"St. Joseph's Cathedral, Gulu",575,3967,2025-05-13T22:06:41Z
Q27962197,Buildings & infrastructure,St. Kaggwa Bushenyi High School,218,595,2021-05-04T15:23:44Z
Q6957748,Buildings & infrastructure,"St. Mary's Seminary, Nadiket",52,2266,2025-05-13T18:55:49Z
Q16977629,Buildings & infrastructure,Sukulu mine,377,1274,2025-03-29T05:16:45Z
Q7675881,Buildings & infrastructure,Taibah College School,883,2135,2025-07-21T14:48:36Z
Q85805400,Buildings & infrastructure,Team University,2316,6098,2024-08-09T04:36:14Z
Q7771039,Buildings & infrastructure,The Uganda Buddhist Centre,1237,4449,2025-07-11T15:04:03Z
Q7877577,Buildings & infrastructure,Uganda Advanced Certificate of Education,8720,879,2024-10-20T20:08:40Z
Q7877585,Buildings & infrastructure,Uganda Certificate of Education,5322,794,2024-03-22T09:15:33Z
Q557172,Buildings & infrastructure,University of East Africa,3524,4137,2025-07-18T21:52:36Z
Q131302949,Buildings & infrastructure,"White House, Uganda",420,6064,2025-06-16T10:34:27Z
Q131927666,Economy,Abubakar Muhammad Moki,,4470,2025-04-12T06:11:39Z
Q96286617,Economy,Adam Mugume,997,6192,2024-11-08T14:21:30Z
Q110445856,Economy,Alex Mubiru,461,5065,2024-03-05T10:01:15Z
Q28129219,Economy,ALTX East Africa Exchange,706,4493,2025-07-20T09:52:41Z
Q20684303,Economy,Anatoli Kamugisha,1941,6013,2025-04-22T03:06:33Z
Q59588502,Economy,Anthony Ochaya,243,10613,2021-10-11T10:12:47Z
Q18209648,Economy,Association of Real Estate Agents Uganda,393,12906,2025-07-10T20:41:45Z
Q126736593,Economy,Barbara Barungi,290,5213,2024-12-24T17:51:06Z
Q4877101,Economy,Beatrice's Goat,911,2667,2024-08-29T17:54:08Z
Q27662809,Economy,Benon Mutambi,307,6361,2022-12-18T22:12:08Z
Q2925717,Economy,British Cotton Growing Association,856,36288,2023-05-09T18:30:24Z
Q48792663,Economy,Bujagali–Tororo–Lessos High Voltage Power Line,389,8872,2024-08-01T13:02:46Z
Q60744883,Economy,Bwendero Sugar Factory,1002,3839,2025-04-18T13:17:22Z
Q5035614,Economy,Capital Markets Authority of Uganda,1733,4064,2025-02-18T14:13:58Z
Q16951936,Economy,Corruption in Uganda,9484,10754,2025-05-08T19:42:09Z
Q28223315,Economy,Dairy Development Authority,542,5689,2025-07-22T08:42:46Z
Q25226991,Economy,Dairy industry in Uganda,2523,16475,2025-01-09T04:54:37Z
Q5227877,Economy,Daudi Migereko,1208,6798,2025-03-20T12:46:24Z
Q20684365,Economy,David Kibikyo,212,4657,2025-03-25T17:32:40Z
Q337456,Economy,East African Community,184900,125378,2025-07-21T22:05:07Z
Q951792,Economy,East African florin,2055,2577,2024-10-17T04:30:00Z
Q110223727,Economy,East African Medical Vitals,750,5809,2024-12-17T21:41:07Z
Q918294,Economy,East African rupee,3476,2934,2025-06-04T13:36:28Z
Q1275499,Economy,East African shilling,26871,20893,2025-07-21T22:50:16Z
Q108542525,Economy,Economic history of Uganda,2827,19608,2025-05-24T21:47:01Z
Q2395378,Economy,Economy of Uganda,35153,50567,2025-06-26T18:55:35Z
Q59263895,Economy,Emmanuel Bwayo Wakhweya,626,11284,2024-12-06T05:39:45Z
Q5377151,Economy,Energy in Uganda,3814,38380,2025-03-08T01:28:16Z
Q6006376,Economy,Exim Bank (Uganda),2877,9855,2025-03-08T01:29:07Z
Q5423415,Economy,Ezra Suruma,4544,7925,2025-01-28T16:56:53Z
Q5515776,Economy,Gabriel Opio,448,5858,2025-06-09T07:50:27Z
Q5534801,Economy,Geoffrey Onegi Obel,457,5401,2022-12-07T16:32:39Z
Q110763406,Economy,Gideon Nkojo,349,3875,2024-04-04T05:51:22Z
Q65090785,Economy,Gold Scandal,3118,15604,2025-04-10T19:00:18Z
Q24884427,Economy,Hoima Sugar Limited,1457,10096,2025-04-18T13:14:59Z
Q63346719,Economy,Hoima–Kinyara–Kafu High Voltage Power Line,166,5838,2024-08-17T20:01:11Z
Q24236563,Economy,Institute of Petroleum Studies Kampala,608,5751,2025-03-08T01:41:23Z
Q6228923,Economy,John Ddumba Ssentamu,1377,6368,2024-04-27T05:45:42Z
Q25230649,Economy,Kabalega International Airport,6832,23318,2025-07-26T22:01:36Z
Q134311863,Economy,Kabalega Petrochemical Industrial Park,,5118,2025-04-23T19:30:43Z
Q61896466,Economy,Karuma–Juba High Voltage Power Line,333,12333,2025-03-29T16:06:04Z
Q48791981,Economy,Karuma–Kawanda High Voltage Power Line,330,7122,2025-03-29T16:07:47Z
Q48790211,Economy,Kawanda–Birembo High Voltage Power Line,286,15932,2025-04-07T03:21:48Z
Q6404035,Economy,Kibiro,858,20385,2024-11-17T10:20:08Z
Q127785174,Economy,Lamex Omara Apitta,133,6499,2025-02-11T00:53:46Z
Q126617502,Economy,Lawrence Kiiza,131,4514,2024-07-13T15:08:04Z
Q127433494,Economy,Leaf Tobacco & Commodities (U),377,7335,2024-10-18T13:45:34Z
Q48814179,Economy,Lira–Gulu–Nebbi–Arua High Voltage Power Line,240,8743,2024-08-05T06:59:54Z
Q39087309,Economy,List of microfinance deposit-taking institutions in Uganda,1996,1547,2025-04-22T16:56:52Z
Q65063770,Economy,List of regions of Uganda by Human Development Index,3083,1630,2025-05-13T22:53:56Z
Q17099281,Economy,List of steel manufacturers in Uganda,3397,2819,2024-01-02T17:50:42Z
Q6645109,Economy,List of Ugandans by net worth,107060,4989,2025-07-25T10:47:29Z
Q18685795,Economy,Martin Drito,774,4969,2025-02-14T08:25:53Z
Q16730624,Economy,Mathias Katamba,1342,6878,2025-03-27T05:26:05Z
Q104848604,Economy,Mbale–Bulambuli–Siti Medium Voltage Power Line,130,7784,2021-08-09T21:07:21Z
Q104848631,Economy,Mbarara–Nkenda High Voltage Power Line,156,6348,2020-08-14T11:31:30Z
Q89410552,Economy,Michael Atingi-Ego,7391,5861,2025-07-21T11:50:36Z
Q12099156,Economy,Mining industry of Uganda,5346,7319,2024-06-09T16:14:10Z
Q6866888,Economy,Ministry of Energy and Mineral Development (Uganda),3861,12456,2025-04-14T05:52:09Z
Q17068478,Economy,"Ministry of Finance, Planning and Economic Development (Uganda)",5596,14989,2025-04-20T20:10:03Z
Q28223346,Economy,"Ministry of Science, Technology and Innovation (Uganda)",1371,5349,2025-04-14T05:53:31Z
Q6867594,Economy,"Ministry of Trade, Industry and Cooperatives (Uganda)",1955,8958,2025-04-14T05:53:42Z
Q104848986,Economy,Mirama–Kabale High Voltage Power Line,208,7988,2025-02-19T12:14:19Z
Q104849238,Economy,Mirama–Kikagati–Nsongezi High Voltage Power Line,146,6786,2021-08-09T21:16:21Z
Q55394577,Economy,Moroto Ateker Cement Company Limited,172,4429,2022-10-03T17:11:33Z
Q17108345,Economy,Move to the Left,4997,11544,2025-01-07T07:34:52Z
Q111944213,Economy,Mutundwe–Entebbe High Voltage Power Line,179,5918,2023-02-03T01:52:20Z
Q108538693,Economy,Muwanga Kivumbi,1931,4389,2025-06-09T05:50:37Z
Q48807274,Economy,Nkenda–Fort Portal–Hoima High Voltage Power Line,209,6335,2022-03-04T05:23:13Z
Q48811981,Economy,Nkenda–Mpondwe–Beni High Voltage Power Line,140,6419,2021-07-05T16:07:02Z
Q115805502,Economy,Nuclear power in Uganda,853,5760,2025-07-07T01:45:33Z
Q7093636,Economy,Onegi Obel,692,5013,2025-03-29T01:22:01Z
Q60193442,Economy,Opuyo–Moroto High Voltage Power Line,120,6197,2021-08-03T09:36:41Z
Q18358599,Economy,Osukuru Industrial Complex,703,13007,2025-03-08T02:16:16Z
Q118904213,Economy,Parish Development Model,2972,8664,2024-12-03T08:04:47Z
Q62756850,Economy,Patrick Birungi,478,6313,2025-03-08T02:17:54Z
Q111094566,Economy,Perez Ahabwe,477,5812,2023-08-15T11:13:19Z
Q492275,Economy,Port Bell,3900,12847,2023-07-26T12:14:53Z
Q38251809,Economy,Public Procurement and Disposal of Public Assets Authority,692,5320,2023-04-12T11:08:12Z
Q18394178,Economy,Revenue stamps of Uganda,140,4148,2023-03-25T22:00:09Z
Q17505167,Economy,Robin Kibuuka,364,4587,2024-09-15T19:46:03Z
Q62395197,Economy,Sam Tulya-Muhika,369,1400,2024-12-31T04:39:33Z
Q30688546,Economy,Science and technology in Uganda,1591,26038,2024-11-07T00:55:12Z
Q48811599,Economy,Tororo–Opuyo–Lira High Voltage Power Line,108,4694,2022-03-04T05:18:21Z
Q59240318,Economy,Tumubweine Twinemanzi,1031,5152,2024-02-14T15:40:04Z
Q486865,Economy,Uganda Airlines (1976–2001),6611,26177,2025-07-22T12:31:36Z
Q85852330,Economy,Uganda and the World Bank,278,11780,2025-07-22T15:16:51Z
Q24236412,Economy,Uganda Atomic Energy Council,716,6577,2025-07-22T12:34:57Z
Q2473854,Economy,Uganda Bureau of Statistics,18924,5073,2025-07-22T12:37:38Z
Q25067857,Economy,Uganda Coffee Development Authority,2620,6321,2024-10-06T05:56:18Z
Q28446440,Economy,Uganda Deposit Protection Fund,920,8536,2025-07-22T12:47:29Z
Q7877591,Economy,Uganda Development Corporation,1227,14654,2024-10-06T05:54:22Z
Q28223299,Economy,Uganda Energy Credit Capitalisation Company,487,8426,2025-07-22T13:08:34Z
Q7877594,Economy,Uganda Export Promotion Board,380,5514,2024-10-10T14:08:53Z
Q18356043,Economy,Uganda Financial Intelligence Authority,451,5848,2025-03-08T02:43:39Z
Q65063931,Economy,Uganda Free Zones Authority,528,4109,2024-10-22T07:35:37Z
Q7864511,Economy,Uganda Freight Forwarders Association,120,1733,2019-10-21T23:05:59Z
Q30262098,Economy,Uganda Industrial Research Institute,982,5899,2025-07-22T13:23:34Z
Q17108413,Economy,Uganda Investment Authority,1721,5697,2025-07-22T13:26:21Z
Q55075130,Economy,Uganda Microfinance Regulatory Authority,968,5317,2024-10-06T05:54:29Z
Q2473886,Economy,Uganda National Bureau of Standards,1020,7215,2025-07-22T02:37:47Z
Q17108424,Economy,Uganda National Oil Company,2690,26743,2025-07-22T13:45:44Z
Q48800968,Economy,Uganda National Pipeline Company,403,11502,2025-07-17T15:14:59Z
Q60746767,Economy,Uganda National Teachers Union,639,3583,2025-07-22T14:15:08Z
Q500115,Economy,Uganda Railway,44143,33407,2025-07-22T14:43:31Z
Q48800989,Economy,Uganda Refinery Holding Company,520,4116,2025-07-22T20:07:12Z
Q24236432,Economy,Uganda Registration Services Bureau,5583,7141,2025-04-13T00:56:23Z
Q18356056,Economy,Uganda Retirement Benefits Regulatory Authority,611,5651,2024-07-02T11:40:00Z
Q7877627,Economy,Uganda Revenue Authority,12954,11603,2025-06-16T10:34:27Z
Q4598,Economy,Ugandan shilling,46476,12896,2025-07-22T16:03:26Z
Q7877666,Economy,Ugandan space initiatives,2560,14896,2025-05-29T23:20:24Z
Q7881483,Economy,Umeme,5460,46501,2025-05-18T23:20:15Z
Q7887506,Economy,United Bank for Africa Uganda Limited,2345,9812,2025-04-30T14:43:05Z
Q126720978,Economy,Voluntary Action for Development,32,2464,2024-07-13T15:06:57Z
Q28661855,Economy,Waswa Balunywa,5420,7852,2025-06-24T22:04:55Z
Q7994138,Economy,Whitaker scandal,193,5767,2025-07-17T15:06:29Z
Q63004552,Economy,Wilberforce Kisamba Mugerwa,534,8616,2023-08-15T11:07:27Z
Q12010788,Economy,World Forum of Fish Harvesters and Fish Workers,372,12587,2024-11-14T17:45:49Z
Q16960912,Education,Abstinence-only sex education in Uganda,1459,23327,2025-05-22T23:37:35Z
Q134381063,Education,Aisha Lubega,,3813,2025-04-22T17:18:33Z
Q116267669,Education,Amos Mubunga Kambere,254,4738,2023-06-05T16:08:09Z
Q60745744,Education,Basil Kiiza Bataringaya,4100,33741,2025-03-21T22:13:25Z
Q126668016,Education,Christopher George Frederick Frampton Melmoth,142,2267,2024-08-26T19:10:27Z
Q113561622,Education,CIYOTA,299,5069,2025-06-10T21:06:33Z
Q553089,Education,David Kato,12339,27624,2025-07-04T13:01:59Z
Q133268144,Education,Dennis Ngabirano,,5445,2025-07-28T15:59:57Z
Q87451979,Education,Edward Muhima,248,1287,2024-03-27T01:59:16Z
Q110895849,Education,Elizabeth Ntege,,5748,2025-07-24T11:08:36Z
Q42075448,Education,Emmanuel Karooro,291,7311,2024-08-30T04:07:34Z
Q134042986,Education,Eunice Lubega Posnansky,,3822,2025-04-21T01:29:01Z
Q111893895,Education,Festo Karwemera,224,7633,2025-07-10T00:49:21Z
Q132861138,Education,Fort Portal College of Health Sciences,,4862,2025-07-29T21:35:57Z
Q11010612,Education,Gideon Byamugisha,1783,9292,2025-05-03T22:08:54Z
Q5559985,Education,Gift Days,132,5129,2024-09-22T16:59:04Z
Q5717682,Education,Henry Bagiire,708,5111,2025-03-23T12:01:52Z
Q105676344,Education,Higher Education Students' Financing Board,148,1618,2024-09-21T12:36:30Z
Q16910628,Education,Inter-University Council for East Africa,393,1695,2025-02-03T19:31:16Z
Q6105222,Education,J. D. Chesswas,166,7528,2025-07-17T12:33:43Z
Q133868272,Education,Juliet Muzoora,,4595,2025-06-15T09:47:14Z
Q6343817,Education,Kabale University,3249,17362,2025-02-13T21:44:06Z
Q6359132,Education,Kampala YMCA,943,1540,2024-07-21T06:43:11Z
Q97354784,Education,Legal education in Uganda,827,4432,2022-07-24T07:57:29Z
Q6554263,Education,Link Community Development,456,4428,2022-08-22T18:12:44Z
Q24907953,Education,Lira University,2004,8406,2024-12-09T19:11:54Z
Q16821280,Education,List of business schools in Uganda,1124,4198,2024-03-09T01:56:42Z
Q6625167,Education,List of law schools in Uganda,5522,3937,2024-10-27T08:53:34Z
Q6627869,Education,List of medical schools in Uganda,10658,7685,2025-06-21T05:32:42Z
Q6628548,Education,List of military schools in Uganda,4190,8212,2025-07-11T18:13:14Z
Q17509549,Education,List of museums in Uganda,728,2356,2023-05-15T12:39:43Z
Q6644405,Education,List of universities in Uganda,29806,25353,2025-04-19T17:13:35Z
Q48816447,Education,List of vocational colleges in Uganda,6214,6706,2025-03-08T02:00:58Z
Q60059435,Education,Lorna Magara,1423,7973,2024-12-04T05:13:14Z
Q6699714,Education,Luganda Society,185,3438,2024-08-07T11:47:29Z
Q133820056,Education,Lydia Mungherera,,12451,2025-06-09T05:29:19Z
Q17108317,Education,Medical school in Uganda,3607,12406,2025-04-14T13:50:55Z
Q6832006,Education,Michael Kyomya,229,2718,2025-05-08T00:38:36Z
Q25203107,Education,Ministry of Education and Sports (Uganda),8727,12780,2025-04-14T05:52:06Z
Q89017512,Education,Misaeri Kauma,493,1085,2023-06-24T18:46:17Z
Q25052037,Education,Music education in Uganda,271,6378,2025-01-29T05:08:56Z
Q6971097,Education,National Book Trust of Uganda,154,12315,2024-09-20T23:25:29Z
Q6954249,Education,NIAAD,133,1742,2023-04-28T17:45:01Z
Q134695410,Education,Onesimus Asiimwe,2,7822,2025-07-30T17:25:08Z
Q20006866,Education,Opiyo Oloya,785,5842,2023-01-28T18:44:01Z
Q86754228,Education,Paul Masaba,167,2919,2025-06-01T21:14:02Z
Q131319987,Education,School dropouts in Uganda,,4666,2025-04-28T01:41:34Z
Q7563661,Education,Soroti University,1897,9330,2024-08-04T20:25:42Z
Q7877577,Education,Uganda Advanced Certificate of Education,8720,879,2024-10-20T20:08:40Z
Q7877585,Education,Uganda Certificate of Education,5322,794,2024-03-22T09:15:33Z
Q48806349,Education,Uganda Hotel and Tourism Training Institute,698,7985,2025-07-22T13:21:48Z
Q7877609,Education,Uganda Martyrs University,7931,13445,2025-07-22T13:31:30Z
Q18356047,Education,Uganda National Council for Higher Education,1699,5089,2024-07-02T11:39:51Z
Q60746495,Education,Uganda National Examinations Board,5634,3049,2025-06-17T03:03:19Z
Q60746767,Education,Uganda National Teachers Union,639,3583,2025-07-22T14:15:08Z
Q48741701,Education,University of the Sacred Heart Gulu,504,5229,2025-02-08T11:51:06Z
Q88862663,Education,Wilson Kitara,110,1205,2025-06-21T19:35:32Z
Q87355538,Education,Yoramu Bamunoba,520,1555,2025-05-03T22:25:12Z
Q3543317,Environment,2010 Ugandan landslide,1349,9276,2025-01-28T01:58:40Z
Q223390,Environment,2011 East Africa drought,11925,97047,2025-05-06T02:52:42Z
Q65044670,Environment,2019 Ugandan landslide,134,228,2025-02-03T09:37:27Z
Q96370224,Environment,2020 East Africa floods,1441,18229,2025-05-23T12:22:02Z
Q113826237,Environment,2022 Kasese District landslides,324,9673,2025-07-17T15:09:56Z
Q118316106,Environment,2023 Africa floods,3019,33132,2025-02-05T23:02:38Z
Q118139246,Environment,2023 African Great Lakes floods,1404,15482,2025-01-30T10:07:15Z
Q131437871,Environment,2024 Ugandan landslides,889,4010,2025-02-10T12:09:33Z
Q133154856,Environment,Abairo Falls,,3862,2025-07-08T22:49:30Z
Q4689736,Environment,African Conservation Foundation,930,3828,2025-07-09T21:24:28Z
Q4689739,Environment,African Convention on the Conservation of Nature and Natural Resources,2194,8214,2025-05-28T06:08:54Z
Q4711890,Environment,Albertine Rift montane forests,10709,11963,2025-07-30T05:02:45Z
Q4977795,Environment,Bruce Kinloch,418,5496,2025-03-13T22:00:07Z
Q131626111,Environment,Budongo Conservation Field Station,,5487,2025-02-19T08:01:47Z
Q118972399,Environment,Bukaleba Central Forest Reserve,244,6690,2025-07-19T02:59:28Z
Q5003686,Environment,Bwindi Impenetrable Forest,17936,9586,2025-07-11T18:48:00Z
Q2960131,Environment,Charles Pitman (game warden),418,7891,2025-04-06T14:51:14Z
Q5162973,Environment,Conservation in Uganda,869,6149,2025-04-04T20:21:07Z
Q5166241,Environment,Convention Relative to the Preservation of Fauna and Flora in their Natural State,1251,9075,2022-04-23T10:20:39Z
Q3079211,Environment,East African montane forests,5599,11319,2025-06-20T11:20:04Z
Q5327671,Environment,East African montane moorlands,2337,4495,2025-02-02T15:01:47Z
Q5329451,Environment,East Sudanian savanna,8836,26522,2025-05-27T10:49:10Z
Q110895849,Environment,Elizabeth Ntege,,5748,2025-07-24T11:08:36Z
Q5377151,Environment,Energy in Uganda,3814,38380,2025-03-08T01:28:16Z
Q25041026,Environment,Fishing gear and methods used in Uganda,1375,9611,2021-07-06T01:03:09Z
Q5455058,Environment,Fishing industry in Uganda,3040,30300,2025-04-24T05:11:18Z
Q25041025,Environment,Fishing sites and Villages/communities in Uganda,976,4831,2024-07-16T06:41:15Z
Q25041118,Environment,Ggaba landing site,603,3673,2024-12-17T06:03:18Z
Q6050753,Environment,International Gorilla Conservation Programme,808,7130,2023-10-28T21:47:33Z
Q133868272,Environment,Juliet Muzoora,,4595,2025-06-15T09:47:14Z
Q6370159,Environment,Karenga Community Wildlife Management Area,210,2790,2024-10-18T15:11:28Z
Q118976280,Environment,Kitubulu Central Forest Reserve,279,11418,2024-02-27T15:07:37Z
Q6478263,Environment,Lake Victoria Fisheries Organization,211,2879,2025-07-27T22:33:35Z
Q6617828,Environment,List of ecoregions in Uganda,445,1485,2025-05-24T11:59:14Z
Q123050469,Environment,Luggo Cultural Forest,135,4058,2024-07-12T07:08:52Z
Q6754736,Environment,Maramagambo Forest,1083,4303,2025-04-21T16:02:43Z
Q6937565,Environment,Murchison Semliki Landscape,100,2956,2023-11-20T18:50:51Z
Q126595004,Environment,Namyoya Forest Reserve,74,4170,2025-06-21T12:58:52Z
Q3726249,Environment,National Botanical Gardens (Uganda),2271,8334,2025-07-17T16:21:19Z
Q6979352,Environment,National Water and Sewerage Corporation,3186,12540,2025-02-20T18:43:41Z
Q7021931,Environment,Ngamba Island Chimpanzee Sanctuary,2229,4828,2025-05-26T02:13:28Z
Q6116471,Environment,Northern Acacia–Commiphora bushlands and thickets,3013,5245,2025-02-14T06:23:24Z
Q7058261,Environment,Northern Congolian forest–savanna mosaic,3995,9719,2025-02-14T05:53:01Z
Q134695410,Environment,Onesimus Asiimwe,2,7822,2025-07-30T17:25:08Z
Q7380469,Environment,Rural Agency for Sustainable Development,148,10029,2022-03-20T15:22:55Z
Q6093753,Environment,Rwenzori–Virunga montane moorlands,2857,5793,2025-07-30T04:37:20Z
Q7763627,Environment,The Shamba Raiders,123,2427,2024-02-13T18:13:22Z
Q25041018,Environment,Types of fish in Uganda,11049,10581,2025-02-16T07:25:16Z
Q7877597,Environment,Uganda Game and Fisheries Department,190,7676,2025-07-28T06:23:37Z
Q30262108,Environment,Uganda National Meteorological Authority,647,5175,2024-07-02T11:42:54Z
Q5558471,Environment,Victoria Basin forest–savanna mosaic,3058,10996,2025-06-20T11:16:41Z
Q2822832,Environment,Water politics in the Nile Basin,10607,28319,2025-07-20T18:39:32Z
Q7973837,Environment,Water supply and sanitation in Uganda,1740,79809,2025-06-28T22:44:01Z
Q8001444,Environment,Wildlife of Uganda,7169,13331,2025-02-15T12:28:12Z
Q22138769,Environment,Zika Forest,2798,6511,2025-05-25T03:25:17Z
Q126639659,Environment,Zirimiti Forest Reserve,121,4935,2025-06-21T12:58:44Z
Q1186214,Geography,2nd parallel north,2219,247,2025-04-02T02:35:38Z
Q133154856,Geography,Abairo Falls,,3862,2025-07-08T22:49:30Z
Q319356,Geography,Aberdare National Park,9269,4511,2025-03-21T06:44:10Z
Q319371,Geography,Aberdare Range,15448,11889,2025-02-15T12:21:16Z
Q17509613,Geography,Acholi Inn,541,3218,2024-01-06T00:08:55Z
Q2034078,Geography,Achwa River,1236,3087,2024-10-23T17:40:56Z
Q132675220,Geography,Adjumani East,,3428,2025-02-15T05:08:19Z
Q6697142,Geography,Administrative divisions of Uganda,10231,1892,2024-11-30T05:58:56Z
Q120682650,Geography,"Afrexim Bank House, Kampala",449,6703,2024-11-29T10:00:23Z
Q132573456,Geography,Afri Art Fashion Show 2023,,3997,2025-06-23T20:16:39Z
Q132555379,Geography,Afri Art Fashion Show 2024,,5248,2025-06-23T20:16:41Z
Q22935628,Geography,"Aga Khan University Hospital, Kampala",1660,9573,2024-10-11T16:45:29Z
Q99430251,Geography,Agojo refugee settlement,306,2663,2024-10-16T16:16:05Z
Q25999189,Geography,Airtel Uganda,8561,13179,2025-04-13T09:22:00Z
Q14201706,Geography,Ajai Wildlife Reserve,892,4639,2025-05-24T08:02:07Z
Q116715,Geography,Akagera National Park,9325,9833,2025-03-21T12:04:32Z
Q4711888,Geography,Albertine Rift,19457,7307,2025-01-01T12:47:11Z
Q4711890,Geography,Albertine Rift montane forests,10709,11963,2025-07-30T05:02:45Z
Q104856578,Geography,Alere 2 Refugee settlement,178,1768,2021-10-30T18:32:22Z
Q458423,Geography,Amboseli National Park,41353,5107,2025-07-26T22:24:35Z
Q4766092,Geography,Ankole sub-region,3820,2001,2023-10-03T19:11:14Z
Q3076948,Geography,Armed Forces of the Congolese People,878,3529,2025-02-04T02:43:02Z
Q119149376,Geography,Aruu Falls,933,5265,2024-07-09T14:00:38Z
Q15192779,Geography,Aswa-Lolim Game Reserve,203,2318,2024-10-18T15:10:50Z
Q4830765,Geography,Aya Group,3880,6817,2025-07-16T03:49:50Z
Q123496224,Geography,Ayilo 1 Refugee settlement,269,5763,2024-01-23T14:46:25Z
Q104859794,Geography,Ayilo 2 refugee settlement,263,5529,2024-02-23T21:46:56Z
Q19865353,Geography,Bafumbira,5684,8728,2025-01-01T16:28:45Z
Q4854283,Geography,"Banda, Uganda",1766,12178,2023-11-07T18:13:33Z
Q39046064,Geography,"Banga, Entebbe",317,8814,2024-02-07T22:05:41Z
Q104856713,Geography,Baratuku refugee settlement,418,4265,2025-04-02T02:48:59Z
Q60524397,Geography,Battle of Entebbe,6466,27199,2025-02-13T14:28:14Z
Q65083753,Geography,Battle of Jinja,1607,29435,2025-01-30T05:24:40Z
Q4871374,Geography,Battle of Kampala Hill,1092,1759,2025-01-22T09:33:37Z
Q60524415,Geography,Battle of Masaka,6127,42151,2025-07-18T06:36:47Z
Q65069640,Geography,Battle of Mutukula,6850,18864,2025-07-18T06:37:25Z
Q4875393,Geography,Bbaale County,323,1573,2019-10-03T00:42:18Z
Q29569942,Geography,Bidibidi Refugee Settlement,10077,19372,2025-06-15T09:42:05Z
Q55605431,Geography,Bihanga,402,8530,2020-08-10T00:42:14Z
Q60745286,Geography,"Biso, Uganda",241,5054,2025-05-31T01:38:55Z
Q15202809,Geography,Bokora Corridor Wildlife Reserve,317,1179,2024-10-18T15:06:51Z
Q104859507,Geography,Boroli refugee settlement,250,4994,2024-04-12T08:43:24Z
Q65065734,Geography,BRAC Uganda Bank Limited,1033,6650,2025-02-20T13:10:59Z
Q4982294,Geography,Bubembe Island,745,3018,2025-03-23T21:52:40Z
Q106178728,Geography,Bubulo,362,3382,2021-03-10T21:27:34Z
Q4986092,Geography,Bugabula,568,500,2020-04-23T05:29:27Z
Q4986096,Geography,Bugaia Island,281,600,2025-03-25T07:41:50Z
Q941273,Geography,Bugala Island,2294,6031,2025-03-31T13:19:45Z
Q119174972,Geography,Bugamba Central Forest Reserve,183,7258,2023-08-23T20:42:59Z
Q4986130,Geography,Buganda Agreement (1900),21331,45125,2025-06-26T18:05:53Z
Q4986200,Geography,Bugisu sub-region,2428,1061,2020-06-22T01:16:16Z
Q4986229,Geography,Bugoloobi,3263,7742,2023-09-20T08:18:58Z
Q55606095,Geography,Bugoloobi Wastewater Treatment Plant,1005,7519,2024-02-06T11:26:10Z
Q16954386,Geography,Bugoma Forest,1051,13730,2025-02-06T03:59:38Z
Q56276995,Geography,"Bugongi, Kabale, Uganda",227,10727,2020-08-10T00:51:57Z
Q56277090,Geography,"Bugongi, Sheema, Uganda",301,11064,2024-02-10T05:17:20Z
Q119142245,Geography,Bugungu Wildlife Reserve,360,4670,2025-05-26T02:03:42Z
Q86756725,Geography,Buhugu,83,547,2024-02-28T18:49:05Z
Q1003143,Geography,Bujagali Falls,2733,3607,2025-05-06T10:08:29Z
Q118342361,Geography,Bujawe Central Forest Reserve,250,4548,2024-10-22T15:32:31Z
Q118972399,Geography,Bukaleba Central Forest Reserve,244,6690,2025-07-19T02:59:28Z
Q28231516,Geography,Bukasa Inland Port,1083,8187,2025-03-23T21:27:37Z
Q105973250,Geography,Bukedi District,2075,13346,2025-05-15T09:24:49Z
Q4987003,Geography,Bukoto,2794,5519,2025-04-08T02:03:35Z
Q4996445,Geography,Bulingugwe Island,523,3546,2025-03-25T07:48:44Z
Q85749493,Geography,"Bulo, Uganda",367,4670,2023-10-30T07:40:09Z
Q61439289,Geography,Bunyamwera,638,15875,2025-05-26T06:26:13Z
Q38249629,Geography,Bunyangabu District,2092,7946,2025-02-03T18:35:53Z
Q889897,Geography,Bunyoro,39817,42921,2025-07-17T15:12:58Z
Q4997984,Geography,Bunyoro sub-region,2155,1476,2025-06-16T10:34:27Z
Q5001027,Geography,Bururi Forest Nature Reserve,639,3148,2024-11-03T18:44:58Z
Q4997181,Geography,Buruuli,798,2867,2024-08-25T16:05:48Z
Q5001325,Geography,Busega,1934,5038,2025-02-17T23:19:56Z
Q65056919,Geography,"Busengo, Uganda",133,5090,2023-03-04T08:12:10Z
Q126488655,Geography,Busitema Forest,270,4097,2025-06-21T12:58:36Z
Q691037,Geography,Busoga,34470,25258,2025-05-25T14:17:49Z
Q5002005,Geography,Busoga sub-region,2343,2349,2024-08-09T15:20:49Z
Q55616054,Geography,Busoga United FC,1484,7624,2024-12-08T08:21:31Z
Q5002334,Geography,Butabika,775,5894,2022-01-06T11:00:20Z
Q5002335,Geography,Butabika Hospital,1212,6403,2023-08-16T18:03:24Z
Q38249516,Geography,Butalangu,324,4955,2024-03-27T07:14:31Z
Q65073925,Geography,"Butebi, Uganda",111,3727,2025-04-15T15:50:50Z
Q31886540,Geography,Butebo,451,8501,2022-04-12T11:42:28Z
Q44377523,Geography,Butebo District,2243,5992,2022-09-02T16:45:10Z
Q60755886,Geography,Buwama,1176,9543,2025-07-09T11:30:12Z
Q5003660,Geography,Bwaise,2002,5032,2021-11-27T01:53:34Z
Q5003686,Geography,Bwindi Impenetrable Forest,17936,9586,2025-07-11T18:48:00Z
Q5017765,Geography,Cairo Bank Uganda,2184,8093,2024-10-10T12:25:25Z
Q5059068,Geography,Centenary Bank,10332,11683,2025-04-30T09:46:05Z
Q429685,Geography,"Central Region, Uganda",14753,7519,2025-02-13T18:11:51Z
Q5091829,Geography,Cherangani Hills Forest,818,9009,2024-07-12T15:55:18Z
Q5097098,Geography,Chiefdom of Bunya,1023,4091,2025-07-17T14:55:15Z
Q28447845,Geography,Christ the King Catholic Church,1010,6206,2024-03-03T10:46:40Z
Q5118629,Geography,Chyulu Hills,5891,6884,2025-05-25T10:06:54Z
Q1186289,Geography,Circles of latitude between the Equator and the 5th parallel north,,38143,2025-04-07T09:41:22Z
Q134488040,Geography,Circles of latitude between the Equator and the 5th parallel south,,35823,2025-04-18T15:07:45Z
Q55392271,Geography,City House Jinja,133,476,2020-12-06T15:08:57Z
Q6050884,Geography,Clarke International University,2135,8446,2025-02-08T12:29:06Z
Q111678611,Geography,Climate change in Uganda,3611,32573,2025-05-25T21:37:44Z
Q15787337,Geography,Congo–Nile Divide,5923,16780,2024-12-22T23:26:33Z
Q2671469,Geography,Cornus volkensii,448,2301,2023-05-09T23:38:36Z
Q5177124,Geography,Counties of Uganda,6783,9500,2024-03-28T13:51:51Z
Q28223315,Geography,Dairy Development Authority,542,5689,2025-07-22T08:42:46Z
Q24236424,Geography,Damba Island,666,857,2025-03-23T21:16:06Z
Q28162733,Geography,Divisions of Kampala,3043,4063,2024-10-02T19:05:31Z
Q110129517,Geography,Dott Services,1835,7711,2025-07-18T01:36:49Z
Q3079211,Geography,East African montane forests,5599,11319,2025-06-20T11:20:04Z
Q5327671,Geography,East African montane moorlands,2337,4495,2025-02-02T15:01:47Z
Q2587755,Geography,East African Plateau,5888,3205,2025-04-19T20:24:45Z
Q1277719,Geography,East African Railways and Harbours Corporation,3909,8117,2025-07-21T22:19:17Z
Q119295750,Geography,East Madi Wildlife Reserve,248,5061,2025-05-26T02:04:37Z
Q5329451,Geography,East Sudanian savanna,8836,26522,2025-05-27T10:49:10Z
Q2559220,Geography,"Eastern Region, Uganda",11961,7462,2025-05-08T20:59:30Z
Q17009782,Geography,Eastern Rift mountains,7756,3037,2025-04-09T04:04:04Z
Q49328394,Geography,Echuya Central Forest Reserve,233,4341,2025-07-25T17:01:58Z
Q108907364,Geography,Electricity Regulatory Authority House,188,5996,2025-07-28T15:56:34Z
Q99472359,Geography,Elema Refugee Settlement,124,2987,2024-12-10T16:25:11Z
Q106797105,Geography,Entebbe Children's Surgical Hospital,1706,6730,2025-03-03T19:17:33Z
Q25227067,Geography,Entebbe General Hospital,2272,4842,2024-10-11T11:38:56Z
Q586065,Geography,Entebbe International Airport,111612,58584,2025-07-07T01:56:29Z
Q24890463,Geography,Entebbe Military Hospital,664,5385,2021-09-10T17:49:17Z
Q17108246,Geography,Entebbe Secondary School,1265,2263,2025-04-25T17:32:00Z
Q16838739,Geography,Entebbe Young Football Club,292,1235,2024-08-13T16:51:04Z
Q1209831,Geography,Floating island,75073,18244,2025-05-28T14:55:42Z
Q118976148,Geography,Gangu Central Forest Reserve,185,3454,2025-05-26T01:59:24Z
Q96379090,Geography,Ganyenda,114,1234,2020-11-02T13:40:33Z
Q65074904,Geography,"Garuga, Uganda",944,6434,2024-09-25T08:16:49Z
Q104851213,Geography,Geographic centre of Uganda,852,2100,2024-05-13T07:32:13Z
Q1779750,Geography,Geography of Uganda,17546,17660,2024-10-03T17:42:54Z
Q5555124,Geography,Ggaba,2011,7317,2024-08-01T13:59:03Z
Q125700861,Geography,Gimara,305,5390,2025-07-17T15:07:29Z
Q1465883,Geography,Gishwati Forest,2132,21761,2025-05-27T16:01:40Z
Q81591,Geography,Great Rift Valley,301434,12300,2025-05-24T21:51:57Z
Q118971139,Geography,Gulu Central Forest Reserve,154,2995,2025-05-26T02:00:59Z
Q5617907,Geography,Gulu Hospital,768,6542,2024-07-23T13:52:58Z
Q61439271,Geography,Gulu Regional Cancer Centre,699,9149,2025-05-21T10:55:18Z
Q108607671,Geography,Gulu Water Supply and Sanitation Project,315,10404,2025-05-22T19:42:21Z
Q118347595,Geography,Guramwa Central Forest Reserve,99,5612,2024-10-22T15:35:07Z
Q18712301,Geography,Habib Medical School,2051,7117,2025-07-21T18:46:52Z
Q65066326,Geography,Hilton Garden Inn Kampala,461,5362,2022-01-22T23:30:46Z
Q5877791,Geography,Hoima Hospital,384,5694,2022-06-28T10:38:36Z
Q123717333,Geography,Hoima National Stadium,,10146,2025-06-02T12:22:32Z
Q113039735,Geography,Hoima Specialized Referral Hospital,163,6057,2024-08-16T14:18:00Z
Q5916124,Geography,Housing Finance Bank,4059,11021,2024-10-08T14:43:20Z
Q119091381,Geography,Ibamba Central Forest Reserve,101,4011,2024-10-23T15:40:35Z
Q5994700,Geography,Ihimba Hot Springs,237,1185,2024-10-14T01:16:06Z
Q118383094,Geography,Ihimbo Central Forest Reserve,128,6862,2025-07-18T00:07:24Z
Q1659738,Geography,Imatong Mountains,3881,23973,2025-06-19T06:27:03Z
Q6006841,Geography,Imperial Resort Beach Hotel,598,3367,2024-12-22T19:46:37Z
Q6006852,Geography,Imperial Royale Hotel,1009,3824,2024-12-22T19:46:39Z
Q55614362,Geography,Imvepi Refugee Settlement,1969,10245,2025-02-14T11:01:25Z
Q28403699,Geography,Institute of Certified Public Accountants of Uganda,765,9867,2025-06-29T04:54:20Z
Q55614506,Geography,Insurance Towers,207,4335,2025-04-22T03:15:01Z
Q6050951,Geography,International Hospital Kampala,4638,8393,2024-11-09T10:27:09Z
Q1430399,Geography,ISO 3166-2:UG,2556,24935,2025-03-13T13:34:48Z
Q60793003,Geography,Itanda Falls,562,3814,2025-07-23T17:10:39Z
Q55614712,Geography,Itega,92,3023,2023-01-01T15:24:13Z
Q8536218,Geography,Itombwe Mountains,2188,15013,2025-07-27T20:49:39Z
Q16898921,Geography,Itombwe Nature Reserve,650,2868,2022-03-19T15:10:23Z
Q17108254,Geography,Itwara Central Forest Reserve,248,2529,2024-10-21T12:35:03Z
Q17509455,Geography,Janani Luwum Church House,1329,7773,2024-08-22T09:40:03Z
Q105044448,Geography,"Jezza, Uganda",3094,3076,2025-01-19T23:49:34Z
Q2901878,Geography,Jinja Airport,1208,5338,2025-01-28T09:12:45Z
Q6202524,Geography,Jinja College,860,5754,2024-12-12T13:32:07Z
Q24883426,Geography,JLOS House Project,502,8249,2024-03-03T10:19:17Z
Q6343803,Geography,Kabalagala,2678,10284,2025-07-26T21:49:01Z
Q6343815,Geography,Kabale Hospital,554,8394,2025-07-26T21:56:03Z
Q6343817,Geography,Kabale University,3249,17362,2025-02-13T21:44:06Z
Q134311863,Geography,Kabalega Petrochemical Industrial Park,,5118,2025-04-23T19:30:43Z
Q85773274,Geography,Kabujogera,198,8747,2024-05-08T12:05:33Z
Q6344551,Geography,Kabwoya Wildlife Reserve,405,3683,2024-10-18T15:06:10Z
Q60750176,Geography,Kadama,767,4979,2022-02-10T06:15:16Z
Q38249484,Geography,Kagadi District,2115,5309,2025-02-15T02:32:30Z
Q2750140,Geography,Kagera River,25999,10589,2025-06-14T03:58:16Z
Q118342303,Geography,Kagombe Central Forest Reserve,261,7475,2025-05-24T01:30:32Z
Q60753937,Geography,Kagulu Hill,1651,6294,2025-07-28T08:41:52Z
Q65062396,Geography,Kahunge,280,2594,2022-02-10T06:15:20Z
Q457324,Geography,Kahuzi-Biéga National Park,7114,16603,2025-03-07T19:56:00Z
Q1397614,Geography,Kakamega Forest,8133,11379,2025-07-29T19:06:40Z
Q38249479,Geography,Kakumiro,1000,8064,2020-08-10T00:42:16Z
Q38249480,Geography,Kakumiro District,2611,5146,2025-02-19T20:14:21Z
Q104037541,Geography,Kalaki District,478,2377,2024-07-19T10:27:18Z
Q6350660,Geography,Kalapata sub-county,224,2720,2024-09-01T22:08:06Z
Q6351915,Geography,Kaleerwe,642,4603,2022-05-15T19:33:14Z
Q49330248,Geography,Kalinzu Central Forest Reserve,658,7075,2024-07-05T05:18:16Z
Q10853684,Geography,Kampala Airport,4410,8100,2025-03-19T00:00:58Z
Q6359095,Geography,Kampala Associated Advocates,868,6977,2025-03-19T00:01:38Z
Q18386821,Geography,Kampala Central Division,7247,3822,2025-03-19T00:07:59Z
Q6359102,Geography,Kampala Hill,3943,6805,2024-08-01T15:50:03Z
Q65090500,Geography,Kampala Hilton Hotel,1881,5873,2025-03-16T22:23:34Z
Q20047271,Geography,Kampala Hospital,2258,6358,2025-03-19T00:10:34Z
Q6359113,Geography,Kampala International University,10311,10635,2025-03-19T00:12:55Z
Q24236537,Geography,Kampala Medical Chambers Hospital,371,5174,2025-03-19T00:15:54Z
Q6359120,Geography,Kampala Northern Bypass Highway,2971,13407,2025-04-24T03:33:50Z
Q24236401,Geography,Kampala Outer Beltway,642,4228,2023-02-01T10:48:15Z
Q20746263,Geography,Kampala Protea Hotel,855,3698,2025-03-19T00:17:18Z
Q6359121,Geography,Kampala Serena Hotel,3298,10357,2025-03-19T00:19:35Z
Q96385269,Geography,Kamwenge Subcounty,169,878,2020-11-02T13:41:38Z
Q6359912,Geography,Kamwookya,2019,7527,2024-08-05T18:06:17Z
Q118778579,Geography,Kangombe Central Forest Reserve,88,4176,2023-08-23T20:41:11Z
Q15233566,Geography,Kansanga,2553,5540,2021-08-02T18:07:51Z
Q16893110,Geography,Kanyanya,1510,4610,2021-11-27T17:03:08Z
Q118954874,Geography,Kapchorwa Central Forest Reserve,176,10113,2025-03-22T02:53:03Z
Q6366536,Geography,Kapedo sub-county,127,2809,2021-05-23T05:27:18Z
Q60769698,Geography,Kapelebyong District,1346,2365,2025-04-01T04:00:22Z
Q118833112,Geography,Kapimpini Central Forest Reserve,90,3529,2025-01-12T05:47:09Z
Q114451721,Geography,Karago,381,10728,2025-04-23T21:46:08Z
Q2614835,Geography,Karamoja,15001,14068,2025-03-23T05:15:38Z
Q6370159,Geography,Karenga Community Wildlife Management Area,210,2790,2024-10-18T15:11:28Z
Q97487774,Geography,Karenga District,1839,8378,2025-07-14T20:20:09Z
Q6370160,Geography,Karenga sub-county,137,2494,2018-11-01T17:49:35Z
Q65040874,Geography,"Karugutu, Uganda",406,7245,2024-01-02T20:03:58Z
Q119294640,Geography,Karuma Wildlife Reserve,240,2932,2025-05-26T02:01:36Z
Q118948368,Geography,Kasagala Central Forest Reserve,145,13200,2024-01-11T20:56:43Z
Q130974787,Geography,Kasanzi attack,79,4389,2025-06-02T15:55:10Z
Q118342538,Geography,Kasato Central Forest Reserve,144,5856,2025-05-26T02:05:38Z
Q118779722,Geography,Kasenyi Central Forest Reserve,118,4096,2023-09-27T04:03:35Z
Q38249727,Geography,"Kasenyi, Buliisa",271,8188,2021-06-24T13:39:28Z
Q118948369,Geography,Kashoya-Kitomi Central Forest Reserve,207,7894,2025-06-14T13:35:23Z
Q116213430,Geography,Kasindi church bombing,1865,6808,2025-07-27T11:49:05Z
Q60769695,Geography,Kassanda District,2125,2459,2024-11-04T20:56:46Z
Q6374864,Geography,Kasubi hill,1355,6382,2024-06-09T06:36:32Z
Q309426,Geography,Kasubi Tombs,15723,15876,2025-03-31T07:10:13Z
Q96385458,Geography,Kasusu,251,8646,2020-08-10T00:42:17Z
Q118583608,Geography,Kasyoha-Kitomi Central Forest Reserve,262,8519,2023-08-23T21:18:35Z
Q119292877,Geography,Katenta Local Forest Reserve,74,2343,2025-04-23T00:52:42Z
Q64755718,Geography,Katete (Uganda),506,444,2023-08-31T10:45:05Z
Q6376620,Geography,Kathile sub-county,82,2709,2022-04-11T18:23:53Z
Q6377615,Geography,Katine,529,2110,2023-01-29T22:28:57Z
Q16893188,Geography,Katosi,992,10428,2024-06-29T14:37:34Z
Q6378469,Geography,Katwe,5565,12763,2025-01-20T19:41:01Z
Q18387320,Geography,Katwe craters,728,3760,2022-11-06T03:31:36Z
Q6379411,Geography,Kawaala,1410,3777,2025-05-30T11:34:10Z
Q6379968,Geography,Kawempe,5292,5599,2025-05-05T16:34:34Z
Q6379969,Geography,Kawempe Division,6091,4234,2025-01-13T08:25:06Z
Q38249534,Geography,Kaweweta,882,5367,2021-07-04T11:55:13Z
Q60755801,Geography,Kayabwe,993,7242,2024-09-22T08:28:32Z
Q2737438,Geography,Kazinga Channel,4796,2691,2024-09-22T19:43:27Z
Q97487775,Geography,Kazo District,1743,6325,2024-06-21T16:48:22Z
Q119141970,Geography,Kebisoni Local Forest Reserve,55,3316,2023-12-31T22:08:05Z
Q6392758,Geography,Kenya and Uganda Railways and Harbours,1409,3393,2024-04-21T17:06:20Z
Q49298169,Geography,Kibale County,200,3032,2024-01-09T17:39:54Z
Q1740785,Geography,Kibale National Park,17536,15127,2025-07-11T18:49:42Z
Q38249631,Geography,Kibiito,429,5982,2023-05-09T02:57:52Z
Q3084668,Geography,Kibira National Park,3729,5151,2024-11-01T09:32:52Z
Q6404080,Geography,Kibuli,2011,11556,2025-06-09T05:09:49Z
Q6404079,Geography,Kibuli Hospital,1661,6145,2025-03-09T20:04:09Z
Q105906039,Geography,Kibuli Muslim Tower,159,5371,2025-04-02T10:46:38Z
Q6404090,Geography,"Kibuye, Uganda",1197,4934,2024-08-06T18:43:25Z
Q6404742,Geography,Kidepo Game Reserve,1069,4111,2023-04-21T13:40:29Z
Q4788736,Geography,Kidepo River,677,3095,2025-06-28T23:42:15Z
Q3565504,Geography,Kigezi District,3101,4083,2024-09-01T21:18:07Z
Q6405936,Geography,Kigezi sub-region,1877,1699,2023-08-07T06:29:13Z
Q61438585,Geography,"Kigo, Uganda",1063,5145,2022-06-25T18:26:24Z
Q6405968,Geography,Kigoowa,491,7120,2022-05-20T18:47:41Z
Q60744887,Geography,Kigorobya,317,4333,2021-06-24T12:19:11Z
Q6406092,Geography,Kiira Hydroelectric Power Station,1465,9455,2024-09-13T20:18:31Z
Q25226889,Geography,Kiira Motors Corporation,13511,39630,2025-05-06T19:36:20Z
Q55615979,Geography,Kijabijo,653,7330,2021-02-16T04:44:27Z
Q6406198,Geography,Kikaaya,671,4075,2022-05-20T18:55:29Z
Q118948427,Geography,Kikumiro Central Forest Reserve,133,3667,2024-03-29T20:57:48Z
Q104861641,Geography,Kikuube,369,9071,2025-05-03T13:33:34Z
Q60769700,Geography,Kikuube District,1999,7331,2025-06-16T10:34:27Z
Q25052479,Geography,Kilembe Mines,3632,7529,2024-02-27T23:01:01Z
Q130386106,Geography,Kinaawa High School Kawempe,273,8589,2024-11-07T05:41:02Z
Q17379952,Geography,King Ceasor University,2367,7524,2025-07-17T14:31:33Z
Q948298,Geography,Kinyeti,3199,3631,2025-04-08T21:14:44Z
Q19892951,Geography,Kiryandongo Refugee Settlement,2642,11055,2025-07-17T16:12:26Z
Q6416374,Geography,Kisaasi,3145,8182,2022-07-24T09:56:13Z
Q85774640,Geography,Kitagwenda District,2434,7744,2025-06-21T16:51:17Z
Q118776002,Geography,Kitechura Central Forest Reserve,90,3702,2025-05-26T01:59:01Z
Q120441764,Geography,Kiteezi Landfill,2503,16387,2025-05-23T21:11:08Z
Q544320,Geography,"Kitgum, Uganda",2031,5597,2025-07-04T11:51:58Z
Q6418216,Geography,Kitikifumba,327,9012,2025-06-21T19:13:23Z
Q118976280,Geography,Kitubulu Central Forest Reserve,279,11418,2024-02-27T15:07:37Z
Q6418640,Geography,Kitukutwe,541,8308,2025-06-21T22:43:38Z
Q6418842,Geography,Kiwaatule,1304,7130,2022-10-30T06:29:35Z
Q6418933,Geography,Kiwoko,1022,5479,2020-08-10T00:33:47Z
Q123608985,Geography,Kiwumulo Cave,335,4148,2025-03-01T06:24:38Z
Q2391998,Geography,Koboko,6014,11708,2025-07-03T17:08:40Z
Q85774756,Geography,Koch-Goma,353,5030,2025-03-03T01:16:03Z
Q6427154,Geography,"Kole, Uganda",345,6728,2024-02-08T22:55:03Z
Q1784196,Geography,Kora National Park,3965,4352,2025-06-28T16:42:17Z
Q2505963,Geography,Kotido,1333,5301,2025-07-04T17:19:55Z
Q6434053,Geography,Kotido Airport,186,2022,2024-10-30T12:09:43Z
Q18386474,Geography,KSMO (Uganda),392,7152,2025-07-22T09:39:37Z
Q6442775,Geography,Kulambiro,1297,3527,2022-05-21T20:43:46Z
Q115801251,Geography,Kulikulinga Town Council,90,1764,2023-07-27T06:00:08Z
Q6273034,Geography,Kumi Town,1384,10749,2025-07-09T13:06:43Z
Q60769699,Geography,Kwania District,1224,2713,2025-06-19T20:54:20Z
Q96386489,Geography,Kyabandara,163,1083,2020-04-22T20:21:14Z
Q6450651,Geography,Kyagalanyi Coffee Limited,804,3449,2024-07-01T00:44:47Z
Q6450699,Geography,Kyaliwajjala,1415,9554,2024-05-24T00:07:01Z
Q104855939,Geography,Kyaliwajjala–Kira–Kasangati–Matugga Road,771,4991,2025-07-13T20:47:31Z
Q18344234,Geography,Kyambogo,1262,5384,2025-07-13T20:48:05Z
Q2753927,Geography,Kyambogo University,9206,11393,2025-07-13T20:48:08Z
Q6450702,Geography,Kyambura Game Reserve,1816,6195,2025-04-28T18:24:09Z
Q22082385,Geography,Kyanika,303,5121,2025-02-04T16:00:24Z
Q6450730,Geography,Kyankwanzi,1394,7962,2022-06-27T15:38:46Z
Q6450860,Geography,Kyazanga,934,6755,2024-08-20T12:58:55Z
Q6450894,Geography,Kyebando,1419,4899,2025-05-13T08:53:57Z
Q6450897,Geography,Kyegegwa,574,5806,2025-07-10T15:33:44Z
Q6450907,Geography,Kyengera,2151,5103,2025-07-13T23:41:10Z
Q5368395,Geography,Kyenjojo,1209,9945,2025-07-08T17:53:26Z
Q20746276,Geography,Kyetume,429,8230,2025-03-27T01:25:47Z
Q118976300,Geography,Kyewaga Central Forest Reserve,152,3933,2025-05-26T02:07:30Z
Q25105075,Geography,Kyondo Kasese,124,851,2024-11-25T14:25:57Z
Q15240982,Geography,Kyotera,1573,9240,2024-07-25T16:58:30Z
Q38249546,Geography,Kyotera District,2793,5634,2024-07-10T02:09:55Z
Q126363916,Geography,Lake Bujuku,236,2098,2025-06-01T10:18:48Z
Q126915619,Geography,Lake Kamunzuku,94,3456,2024-08-06T14:18:55Z
Q119998933,Geography,Lake Mburo–Nakivali Wetland System,185,4318,2025-05-26T02:09:46Z
Q126490630,Geography,Lake Nyabikere,174,2686,2024-10-23T20:22:36Z
Q126721549,Geography,Lake Rwizongo,172,2333,2025-07-23T17:14:47Z
Q126810954,Geography,Lake Saka,125,2557,2024-11-24T12:29:56Z
Q4790353,Geography,Lamia River,260,1329,2025-02-16T20:43:50Z
Q6482752,Geography,Lamwo,364,2925,2024-03-27T06:20:47Z
Q3491230,Geography,Lango sub-region,3995,1721,2022-04-10T17:46:51Z
Q28402183,Geography,Letshego Microfinance Uganda,2777,8625,2024-10-28T10:13:27Z
Q1015699,Geography,"Lira, Uganda",9697,17058,2025-07-03T09:39:43Z
Q17076187,Geography,List of central forest reserves of Uganda,2803,15802,2024-07-16T08:58:00Z
Q131354001,Geography,List of constituencies in Uganda,285,15402,2025-04-28T12:26:32Z
Q6617828,Geography,List of ecoregions in Uganda,445,1485,2025-05-24T11:59:14Z
Q13124650,Geography,List of lakes of Uganda,2309,1186,2025-04-06T22:05:43Z
Q119440668,Geography,List of Local Forest Reserves of Uganda,433,4203,2023-08-23T20:41:46Z
Q20717896,Geography,List of mountains in Uganda,2234,1023,2024-08-25T06:50:31Z
Q40888373,Geography,"List of national cultural sites in Central Region, Uganda",1158,59836,2025-04-12T06:30:05Z
Q40888380,Geography,"List of National Cultural Sites in Eastern Region, Uganda",473,30748,2024-09-26T16:42:17Z
Q40888385,Geography,"List of National Cultural Sites in Northern Region, Uganda",604,28902,2024-11-09T21:21:22Z
Q40888377,Geography,"List of National Cultural Sites in Western Region, Uganda",506,41207,2024-09-26T16:40:17Z
Q363726,Geography,List of protected areas of Uganda,1309,4792,2024-04-23T12:39:24Z
Q123532568,Geography,List of Refugee settlements in Uganda,9364,11203,2025-01-10T22:54:24Z
Q3243950,Geography,List of rivers of Uganda,3630,1890,2024-09-11T19:06:53Z
Q6644879,Geography,List of volcanoes in Uganda,1708,1745,2025-07-16T23:11:21Z
Q119443415,Geography,List of Wildlife Reserves of Uganda,500,2397,2023-08-23T20:56:59Z
Q6357128,Geography,List of World Heritage Sites in Uganda,2496,17623,2025-06-01T00:26:17Z
Q65121447,Geography,Lodonga,245,7926,2025-07-10T08:10:19Z
Q6668682,Geography,Lokiriama Peace Accord,328,3116,2024-09-24T08:34:56Z
Q24054196,Geography,"Lokitanyala, Uganda",155,6422,2020-08-10T00:46:24Z
Q6668886,Geography,Lolelia sub-county,53,2719,2022-04-22T09:53:05Z
Q31943584,Geography,Lorengecora,145,6916,2020-08-28T19:09:45Z
Q17095917,Geography,Losilang,78,1894,2020-03-18T08:29:30Z
Q6694626,Geography,Loyoro sub-county,93,2706,2022-04-21T08:55:27Z
Q6694624,Geography,"Loyoro, Uganda",74,4787,2020-08-12T21:13:43Z
Q6695057,Geography,Lubaga,2133,8396,2025-03-25T07:53:16Z
Q16894374,Geography,Lubigi,2258,7351,2025-04-28T18:04:44Z
Q6695601,Geography,Lubowa,1895,5603,2025-01-03T13:56:38Z
Q123050469,Geography,Luggo Cultural Forest,135,4058,2024-07-12T07:08:52Z
Q4790358,Geography,Lugogo River,238,1451,2025-07-02T11:45:23Z
Q28223321,Geography,"Lugogo, Kampala",2133,7106,2025-03-08T02:02:28Z
Q60745666,Geography,Lugonjo,316,8336,2025-05-03T13:03:18Z
Q6701734,Geography,"Lukaya, Uganda",2421,6920,2025-07-08T18:01:34Z
Q22082387,Geography,"Lumino, Uganda",289,4162,2020-03-19T23:34:13Z
Q6704348,Geography,Lungujja,1539,10070,2024-01-22T12:16:20Z
Q118976615,Geography,Lutoboka Central Forest Reserve,173,7488,2024-07-14T08:53:18Z
Q6692420,Geography,Luuka Town,579,4512,2022-06-13T21:35:55Z
Q2318123,Geography,Luweero,2551,10680,2025-07-03T17:06:45Z
Q6706136,Geography,Luwero Triangle,5580,1741,2025-01-21T17:04:53Z
Q6706611,Geography,Luzira,2913,10572,2024-08-06T09:31:20Z
Q24892187,Geography,Lwamata,397,7877,2021-08-09T21:50:55Z
Q15243170,Geography,Lweeza,961,8589,2020-08-10T00:33:48Z
Q28162709,Geography,Lwemiyaga,357,8539,2020-08-10T00:33:48Z
Q6687528,Geography,Lwengo,512,6916,2024-05-03T16:13:41Z
Q56276041,Geography,Lwensinga,73,9372,2020-08-10T00:33:48Z
Q6687695,Geography,Lyantonde,1190,7659,2025-05-13T07:13:10Z
Q104860506,Geography,Maaji refugee settlements,901,10059,2023-09-26T22:41:14Z
Q20746278,Geography,Maddu,450,4553,2022-02-10T06:21:46Z
Q6727658,Geography,Madi-Okollo,1961,3770,2025-07-07T01:15:43Z
Q118611385,Geography,Mafuga Central Forest Reserve,234,5866,2024-02-13T15:29:28Z
Q1478367,Geography,Mahale Mountains National Park,4842,3708,2025-06-01T17:13:32Z
Q104857551,Geography,Mahathi Fuel Transport and Storage Depot,625,9605,2023-08-26T10:25:04Z
Q22082389,Geography,Majanji,434,8418,2024-07-10T20:08:36Z
Q25051746,Geography,Makenke,594,5761,2024-10-10T02:57:14Z
Q20746282,Geography,Makerere Kikoni,909,4176,2022-07-10T16:56:42Z
Q6739286,Geography,Makerere University Business School,4204,10509,2025-03-03T05:29:55Z
Q25227169,Geography,Makerere University Hospital,677,5033,2024-08-06T03:40:59Z
Q6739287,Geography,Makerere University School of Biomedical Sciences,511,4551,2025-01-15T09:59:09Z
Q6739550,Geography,Makindye,3783,4879,2024-11-21T21:14:24Z
Q6739552,Geography,Makindye Division,4106,3327,2024-07-15T10:56:06Z
Q15045852,Geography,"Malaba, Uganda",3476,11735,2025-03-08T02:03:46Z
Q6272973,Geography,Manafwa,404,5876,2024-09-18T15:00:11Z
Q120629782,Geography,Management and conservation of wetlands in Uganda,545,6783,2025-06-22T02:09:16Z
Q588927,Geography,Maracha District,1790,6442,2025-06-03T23:05:47Z
Q24884392,Geography,Maracha Town,594,3971,2022-02-16T20:37:00Z
Q6754736,Geography,Maramagambo Forest,1083,4303,2025-04-21T16:02:43Z
Q1516724,Geography,Marsabit National Park,1983,4728,2025-02-15T12:29:12Z
Q25227163,Geography,Masafu,859,3921,2022-02-10T06:22:46Z
Q6782422,Geography,Masaka Regional Referral Hospital,1196,4922,2024-11-08T14:46:48Z
Q131191681,Geography,Masaka Sports Stadium,75,5419,2025-04-17T05:23:34Z
Q1907120,Geography,Masindi,5406,14034,2025-07-03T17:01:04Z
Q6783287,Geography,Masindi Port,1271,5790,2023-06-08T15:11:30Z
Q22082390,Geography,Masulita,1111,9056,2021-04-14T06:52:21Z
Q28162708,Geography,Mateete,415,4150,2023-09-12T05:24:30Z
Q6786914,Geography,Matheniko Wildlife Reserve,435,2560,2024-10-23T17:14:16Z
Q118462201,Geography,Matiri Central Forest Reserve,429,6996,2024-06-15T12:34:34Z
Q13647574,Geography,Matthews Range,1681,3846,2024-06-06T00:18:37Z
Q6791956,Geography,Matugga,4256,8526,2023-11-28T18:32:32Z
Q1792713,Geography,Mau Forest,6684,6849,2025-07-02T16:52:23Z
Q48815991,Geography,"Maya, Uganda",1363,7527,2020-08-10T00:33:48Z
Q28162706,Geography,Mbalala,705,7757,2020-08-10T00:33:49Z
Q48818194,Geography,Mbalwa,730,9274,2020-08-10T00:33:48Z
Q731039,Geography,Mbarara,24884,30428,2025-07-09T01:14:43Z
Q55622580,Geography,Mbiriizi,338,3161,2022-02-16T20:37:07Z
Q85784514,Geography,Mbulu Highlands,889,3281,2023-03-30T05:02:42Z
Q6799827,Geography,Mbuya,2010,5697,2022-06-27T23:15:48Z
Q23926505,Geography,Mbuya Military Hospital,744,6750,2025-07-15T19:18:59Z
Q17580521,Geography,Melhania dehnhardtii,70,2280,2023-06-29T21:41:40Z
Q6817018,Geography,"Mengo, Uganda",10641,8377,2025-03-25T07:58:24Z
Q1755551,Geography,Meru National Park,6856,3821,2022-03-23T12:54:11Z
Q116797321,Geography,Midigo,238,2605,2024-09-01T19:09:32Z
Q1568935,Geography,Migingo Island,69984,16982,2025-04-08T08:55:34Z
Q16985751,Geography,Mimulopsis arborescens,138,3009,2025-01-30T04:59:31Z
Q6862814,Geography,Minakulu,284,3859,2024-01-10T19:02:55Z
Q16895205,Geography,Minziro Forest Reserve,771,4449,2025-06-01T18:06:05Z
Q15253534,Geography,Mirama Hills,665,6686,2022-02-17T22:33:27Z
Q104859491,Geography,Mirieyi refugee settlement,125,1997,2021-10-28T13:58:36Z
Q6699878,Geography,Mitooma,604,7765,2024-05-08T12:00:09Z
Q104974124,Geography,Mitragyna rubrostipulata,871,8181,2025-07-31T00:06:39Z
Q182061,Geography,Mitumba Mountains,3547,4897,2025-05-13T23:19:05Z
Q2267729,Geography,Mityana,5386,12710,2025-07-18T08:12:05Z
Q6913297,Geography,Moroto Hospital,259,6664,2025-05-21T11:15:07Z
Q2193389,Geography,Moroto Town,4142,11920,2024-03-27T06:43:43Z
Q253593,Geography,Mount Baker (Uganda),2283,4070,2025-05-13T13:18:12Z
Q732838,Geography,Mount Elgon,33129,10449,2025-07-17T17:28:07Z
Q1273335,Geography,Mount Elgon National Park,10324,13195,2024-09-26T14:55:13Z
Q932175,Geography,Mount Gahinga,2790,2823,2024-07-11T11:21:09Z
Q8535884,Geography,Mount Hanang,3332,4036,2025-02-02T07:08:12Z
Q3321899,Geography,Mount Kadam,998,1975,2025-02-02T07:08:09Z
Q118977205,Geography,Mount Kei Central Forest Reserve,373,4442,2025-05-27T05:48:22Z
Q172070,Geography,Mount Kenya,149755,79547,2025-07-04T02:49:40Z
Q25105188,Geography,Mount Kilak,206,756,2024-07-12T04:49:38Z
Q133816351,Geography,Mount Liru,,1379,2025-06-24T21:24:38Z
Q1520750,Geography,Mount Longonot,20702,5411,2025-07-04T02:46:45Z
Q309098,Geography,Mount Meru (Tanzania),47166,5362,2025-07-04T03:06:01Z
Q1422911,Geography,Mount Moroto,2420,4337,2024-11-30T15:44:48Z
Q6922300,Geography,Mount Morungole,1204,1630,2025-02-02T07:08:11Z
Q543030,Geography,Mount Muhabura,5612,4176,2025-07-26T12:42:07Z
Q115802568,Geography,Mount Napak,400,2701,2025-06-24T21:25:47Z
Q6922403,Geography,Mount Ng'iro,918,4400,2024-07-20T13:20:26Z
Q49331415,Geography,Mount Otzi Central Forest Reserve,422,9396,2023-12-03T22:27:26Z
Q511779,Geography,Mount Sabyinyo,5700,4718,2025-02-24T05:12:06Z
Q838875,Geography,Mount Speke,3498,3670,2022-07-02T15:39:43Z
Q221666,Geography,Mount Stanley,27134,4809,2025-02-23T00:39:03Z
Q6924519,Geography,Mount Wati,407,3593,2024-11-30T17:29:28Z
Q6924814,Geography,Mount Zulia,364,2219,2024-07-29T21:18:02Z
Q992016,Geography,Moyo Town,1169,9735,2024-09-09T23:48:00Z
Q6928210,Geography,Mpanga,574,3690,2024-01-22T10:25:55Z
Q1802286,Geography,"Mparo, Hoima",347,7377,2025-06-16T10:34:27Z
Q38249616,Geography,"Mparo, Rukiga",612,7712,2022-11-09T13:10:18Z
Q6928242,Geography,Mpererwe,1971,6578,2024-08-11T17:15:18Z
Q119616154,Geography,Mpondwe school massacre,4378,15333,2025-02-25T17:43:04Z
Q3528929,Geography,Mubende,4531,11745,2025-07-22T00:34:18Z
Q6930901,Geography,Mubuku,502,7832,2020-08-10T00:42:17Z
Q118775165,Geography,Mubuku Central Forest Reserve,108,4851,2023-08-23T20:43:20Z
Q28162740,Geography,Muduuma,476,3864,2024-10-18T14:21:10Z
Q119507589,Geography,Mugomba Central Forest Reserve,58,8900,2025-02-06T04:42:04Z
Q38249626,Geography,"Muhanga, Rukiga",526,10014,2020-08-10T00:42:17Z
Q119140983,Geography,Muhunga Central Forest Reserve,133,3843,2025-05-26T02:08:32Z
Q6933682,Geography,Mukwano Group,4740,10432,2025-05-17T23:16:44Z
Q6933715,Geography,Mulago,3295,7858,2025-07-24T23:09:26Z
Q20746292,Geography,Mulago Women's Referral Hospital,1730,11766,2025-05-21T11:52:41Z
Q86752717,Geography,"Mulawa, Uganda",448,9145,2024-05-09T10:43:58Z
Q48808065,Geography,Multitech Business School,1153,9148,2024-08-15T20:23:37Z
Q99517072,Geography,Mungula refugee settlement,293,5714,2025-05-28T04:34:05Z
Q15260271,Geography,Munyonyo,3515,4919,2025-05-29T17:41:14Z
Q18378283,Geography,Munyonyo Commonwealth Resort,1083,5375,2024-09-22T18:08:42Z
Q20746294,Geography,Musingo,192,2808,2020-08-10T00:46:24Z
Q119141115,Geography,Musoma Central Forest Reserve,75,6961,2023-08-23T20:36:13Z
Q6943779,Geography,Muteesa I Royal University,3833,9667,2025-02-08T11:40:07Z
Q65056549,Geography,Mutolere,300,9344,2025-05-08T10:57:29Z
Q22082396,Geography,Mutufu,171,3562,2020-08-10T01:00:30Z
Q6944218,Geography,"Mutukula, Uganda",2521,10555,2025-07-22T00:59:53Z
Q6944234,Geography,Mutundwe,1610,6252,2024-10-04T08:37:40Z
Q22082397,Geography,Muyembe,335,8623,2020-08-10T00:50:24Z
Q16895584,Geography,Muyenga,2874,5150,2025-06-12T15:43:39Z
Q16878593,Geography,Mwenge,432,794,2024-10-18T11:49:11Z
Q6944731,Geography,Mweya,463,9515,2024-01-01T22:46:18Z
Q24236543,Geography,Myanzi,292,7111,2022-03-23T15:21:45Z
Q6956521,Geography,Naakulabye,1407,8028,2023-07-30T09:19:15Z
Q6956533,Geography,Naalya,2284,8228,2024-07-23T14:29:45Z
Q61438898,Geography,Nabbingo,932,8052,2025-06-26T18:48:01Z
Q60766910,Geography,Nabilatuk District,741,2200,2024-04-30T23:59:45Z
Q106179462,Geography,Nabumali,253,6285,2021-03-18T07:14:01Z
Q6958373,Geography,Nagalama,783,3714,2022-02-17T18:05:29Z
Q106880618,Geography,Naggalabi Buddo,574,5162,2025-07-22T00:21:15Z
Q31966187,Geography,Nagojje,232,8490,2020-08-10T00:33:49Z
Q6958908,Geography,Nagongera,760,7242,2025-03-28T14:15:40Z
Q6959083,Geography,Naguru General Hospital,2281,6021,2024-12-23T05:32:10Z
Q6959082,Geography,"Naguru, Uganda",2832,6728,2025-01-21T18:02:38Z
Q739993,Geography,Nairobi National Park,34714,18611,2025-07-23T19:27:49Z
Q6960009,Geography,Najjera,2520,9547,2021-10-03T20:30:01Z
Q22082398,Geography,Nakaloke,243,3566,2020-08-10T01:00:34Z
Q2658047,Geography,Nakapiripirit,2021,7725,2025-04-22T03:36:27Z
Q16895628,Geography,Nakasero,10336,13574,2025-07-22T23:02:41Z
Q6960364,Geography,Nakawa,2819,5240,2024-07-14T21:11:45Z
Q6960368,Geography,Nakawa Division,4219,8806,2025-07-22T23:16:27Z
Q20746300,Geography,Nakawa Market,424,5786,2024-08-07T12:05:17Z
Q38251726,Geography,Nakawa Vocational Training Institute,1490,6426,2025-07-22T23:16:53Z
Q28446531,Geography,Nakawa–Naguru Estates,200,7217,2022-02-16T23:07:51Z
Q6960635,Geography,Nakifuma,1625,5577,2025-07-04T18:39:23Z
Q119346623,Geography,Nakindiba Central Forest Reserve,128,5133,2025-07-23T03:51:47Z
Q24965529,Geography,Nakivale Refugee Settlement,7673,19302,2025-06-09T18:39:27Z
Q488982,Geography,Nalubaale Hydroelectric Power Station,6933,15723,2025-05-10T15:02:25Z
Q65057060,Geography,Naluwerere,131,485,2020-08-10T01:00:36Z
Q15260878,Geography,Namasagali,652,6768,2024-07-31T16:00:38Z
Q15616252,Geography,Namataba,782,10556,2024-04-05T07:51:01Z
Q118779756,Geography,Namatale Central Forest Reserve,136,4841,2025-05-04T15:14:53Z
Q3335467,Geography,Namilyango,572,9070,2024-06-15T03:37:59Z
Q15260890,Geography,Namirembe Hill,1324,8295,2025-07-18T09:03:01Z
Q44380663,Geography,Namisindwa District,1369,5389,2021-01-25T19:30:29Z
Q6962116,Geography,Namugongo,9002,12990,2025-07-14T11:53:19Z
Q6962120,Geography,Namulonge,797,6747,2020-08-10T00:33:49Z
Q6962122,Geography,Namungoona,1949,4654,2023-07-19T08:19:09Z
Q6272234,Geography,"Namutumba, Uganda",1017,10518,2024-07-31T08:38:57Z
Q6962138,Geography,Namuwongo,2187,6344,2024-08-05T17:57:16Z
Q126595004,Geography,Namyoya Forest Reserve,74,4170,2025-06-21T12:58:52Z
Q965956,Geography,Nansana,9329,8850,2025-07-28T04:48:23Z
Q6696571,Geography,Napak,646,4815,2024-02-08T22:38:40Z
Q6966465,Geography,"Narus River, Uganda",325,4235,2024-10-23T18:52:52Z
Q15261089,Geography,Nateete,2892,4107,2024-06-21T14:11:34Z
Q15261267,Geography,Nazigo,451,3983,2022-02-16T23:10:24Z
Q6983720,Geography,Ndeeba,1145,4757,2024-10-10T15:04:19Z
Q6983724,Geography,Ndejje,1104,4135,2024-07-23T15:03:58Z
Q27193026,Geography,Ndoto Mountains,447,5411,2025-03-01T21:26:54Z
Q7021931,Geography,Ngamba Island Chimpanzee Sanctuary,2229,4828,2025-05-26T02:13:28Z
Q7022506,Geography,"Ngoma, Uganda",1037,6193,2020-12-30T17:22:39Z
Q6693037,Geography,Ngora,577,10127,2024-03-27T06:59:03Z
Q1217726,Geography,Ngorongoro Conservation Area,162502,41348,2025-06-19T22:47:22Z
Q7022734,Geography,Nguruman Escarpment,923,2167,2025-03-29T16:46:47Z
Q85789162,Geography,Nile International Hospital,558,5447,2025-03-05T18:49:22Z
Q48812005,Geography,Nkenda,81,7580,2020-11-24T15:17:53Z
Q96395932,Geography,Nkongoro,116,790,2021-04-20T12:05:44Z
Q15262424,Geography,Nkozi,1617,3813,2021-05-26T12:55:05Z
Q7042637,Geography,Nkozi Hospital,702,6898,2024-07-14T06:56:51Z
Q96395935,Geography,Nkumba,722,5475,2023-01-17T03:02:11Z
Q118347517,Geography,North Rwenzori Central Forest Reserve,114,4972,2024-11-15T22:59:15Z
Q6116471,Geography,Northern Acacia–Commiphora bushlands and thickets,3013,5245,2025-02-14T06:23:24Z
Q7058261,Geography,Northern Congolian forest–savanna mosaic,3995,9719,2025-02-14T05:53:01Z
Q2559686,Geography,"Northern Region, Uganda",15533,7616,2025-05-08T20:55:08Z
Q7067544,Geography,Nsambya,2950,10067,2024-10-10T14:34:37Z
Q14956789,Geography,Nsambya Hospital,3933,8034,2025-03-18T09:59:58Z
Q7067548,Geography,Nsangi,1579,6350,2024-06-02T13:20:05Z
Q7067550,Geography,Nsasa,587,7678,2021-08-15T17:41:14Z
Q4986333,Geography,"Nsiika, Uganda",298,8978,2024-05-08T11:48:32Z
Q85789956,Geography,Ntara,352,8511,2024-07-25T02:45:40Z
Q7067611,Geography,Ntenjeru,295,3092,2017-03-27T17:42:12Z
Q7067614,Geography,Ntenjeru County,287,812,2024-11-09T10:42:42Z
Q7067630,Geography,Ntinda,4012,6379,2024-09-26T12:35:31Z
Q16896010,Geography,Ntoroko,1281,9559,2025-01-28T19:07:15Z
Q28162710,Geography,Ntuusi,316,8134,2025-05-02T06:52:28Z
Q6696771,Geography,Nwoya,516,9048,2024-03-27T05:59:36Z
Q25053852,Geography,Nyabiku Central Forest Reserve,136,8062,2025-05-28T13:47:09Z
Q97273156,Geography,Nyabushozi County,447,3062,2024-11-13T09:19:42Z
Q118558287,Geography,Nyabyeya Central Forest Reserve,311,8178,2025-07-12T09:26:27Z
Q22082400,Geography,Nyakahita,154,4934,2023-06-14T22:30:59Z
Q118556173,Geography,Nyakarongo Central Forest Reserve,79,3663,2024-02-11T07:52:37Z
Q22082401,Geography,Nyakayojo Division,429,2409,2024-01-02T20:02:28Z
Q118516379,Geography,Nyamakere Central Forest Reserve,107,5444,2024-02-03T21:04:36Z
Q22082402,Geography,Nyamitanga Division,651,1782,2025-06-11T15:46:12Z
Q16976247,Geography,Nyamuliro mine,557,2513,2025-03-28T18:54:14Z
Q31974753,Geography,Nyapea,285,8984,2022-02-17T01:56:12Z
Q55627163,Geography,Nyumanzi Refugee Settlement,760,7555,2024-11-03T21:22:22Z
Q125243364,Geography,Nyungu Yamawe Forest Park,85,3504,2025-05-27T23:17:00Z
Q1356828,Geography,Nyungwe Forest,8625,8794,2025-05-07T12:02:22Z
Q97160187,Geography,Obongi District,2284,3080,2025-02-28T21:58:57Z
Q7075611,Geography,Obwera,475,545,2022-03-05T08:52:44Z
Q120176305,Geography,Odek,2303,1454,2023-08-03T04:14:22Z
Q22910524,Geography,Ojapi,269,4422,2025-04-18T23:16:15Z
Q7082486,Geography,Okollo,283,2286,2021-12-09T05:21:37Z
Q4790379,Geography,Okot River,147,453,2025-07-19T17:02:52Z
Q3695222,Geography,Ol Donyo Sabuk,6256,11581,2025-02-15T12:30:24Z
Q104859493,Geography,Oliji refugee settlement,171,2202,2023-11-22T19:30:41Z
Q99521297,Geography,Olua I Refugee settlement,163,13474,2025-07-28T22:08:46Z
Q2021369,Geography,Olwiyo,215,6987,2020-08-10T00:46:24Z
Q7089915,Geography,Ombaci,470,10327,2024-12-21T04:58:13Z
Q38249597,Geography,Omoro District,1818,5968,2024-06-23T22:33:07Z
Q4790384,Geography,Ora River,359,462,2024-11-28T12:41:11Z
Q7099208,Geography,Oraba,508,4953,2021-08-13T13:57:49Z
Q55627921,Geography,Oruchinga Refugee Settlement,754,7031,2024-04-11T00:24:11Z
Q6696899,Geography,Otuke,433,6837,2024-03-27T06:37:29Z
Q7110089,Geography,Otze Forest Wildlife Sanctuary,211,713,2025-02-01T00:31:38Z
Q2967735,Geography,Owen Falls,3345,6769,2023-07-18T13:06:09Z
Q7121526,Geography,Pabbo,939,9085,2024-09-26T11:17:18Z
Q2169642,Geography,"Pader, Uganda",859,7896,2024-07-31T07:43:00Z
Q4790390,Geography,Pager River,301,746,2025-07-27T08:27:23Z
Q28405020,Geography,Pagirinya Refugee Settlement,542,8320,2024-07-13T03:24:14Z
Q20746311,Geography,Palabek Kal,526,1538,2024-09-01T21:06:00Z
Q104858539,Geography,Palabek Refugee Settlement,2067,3163,2024-12-06T03:13:29Z
Q38249599,Geography,"Palenga, Uganda",288,6979,2024-01-13T09:15:18Z
Q55628478,Geography,Palorinya Refugee Settlement,1107,7964,2024-10-16T16:24:37Z
Q49464635,Geography,Panyimur,259,10049,2024-07-31T14:06:01Z
Q20047276,Geography,Paragon Hospital,859,5684,2025-07-29T22:34:22Z
Q7135482,Geography,"Paranga, Uganda",112,6314,2020-08-10T00:46:25Z
Q22683078,Geography,Parishes of Uganda,3781,2240,2025-02-06T04:17:39Z
Q27962137,Geography,Parombo,321,11909,2024-12-03T00:36:23Z
Q7164761,Geography,Pension Towers,1819,10608,2025-07-29T23:19:55Z
Q7190050,Geography,Pian Upe Wildlife Reserve,1797,6901,2025-06-07T07:24:40Z
Q492275,Geography,Port Bell,3900,12847,2023-07-26T12:14:53Z
Q2119677,Geography,Pyramid Island,3479,6258,2024-12-19T08:26:05Z
Q7268724,Geography,Quality Chemical Industries Limited,3543,11238,2025-07-26T17:55:10Z
Q3076685,Geography,Regions of Uganda,22945,5299,2025-05-08T19:16:04Z
Q123473096,Geography,Rhino Camp Extension Refugee settlement,554,4554,2024-10-16T16:25:03Z
Q24894892,Geography,Rhino Camp Refugee Settlement,4267,16152,2025-02-18T22:37:41Z
Q487912,Geography,Ripon Falls,7850,1544,2024-10-30T07:43:52Z
Q126477627,Geography,River Ayago,112,2619,2024-10-23T20:21:43Z
Q96402072,Geography,River Manafwa,703,5075,2024-08-06T19:39:26Z
Q106818868,Geography,ROKO Construction Company,2718,8309,2024-07-09T14:52:59Z
Q913960,Geography,Roman Catholic Archdiocese of Gulu,1595,4862,2025-04-19T09:45:16Z
Q6695059,Geography,Rubaga Division,3558,2828,2024-07-31T08:10:28Z
Q48775466,Geography,Rubanda,574,8290,2021-05-25T20:07:59Z
Q38249602,Geography,Rubanda District,1716,6468,2023-06-24T19:31:15Z
Q38249638,Geography,"Rubona, Bunyangabu",337,9362,2020-08-10T00:42:17Z
Q32010554,Geography,Rugaaga,327,11137,2021-09-24T20:54:03Z
Q16975974,Geography,Ruhijha mine,338,1106,2024-04-14T16:26:54Z
Q38249615,Geography,Rukiga District,1800,6336,2024-11-09T14:10:03Z
Q1714359,Geography,Rukwanzi Island,1250,2905,2023-07-20T19:29:00Z
Q118496444,Geography,Rushaya Central Forest Reserve,63,3224,2023-08-23T20:41:24Z
Q3084675,Geography,Rusizi National Park,1976,2910,2024-08-22T11:53:20Z
Q25051757,Geography,"Ruti, Mbarara",258,2149,2024-10-15T17:55:06Z
Q4783200,Geography,Rutshuru River,649,5185,2024-10-26T12:05:55Z
Q118679974,Geography,Ruzaire Central Forest Reserve,56,5833,2023-12-13T13:49:32Z
Q85798241,Geography,Rwampara district,1172,2576,2025-02-20T08:59:09Z
Q19894543,Geography,Rwamwanja Refugee Settlement,2850,10075,2025-07-21T10:31:59Z
Q118496164,Geography,Rwengeye Central Forest Reserve,77,5735,2025-07-13T20:28:52Z
Q118492879,Geography,Rwengiri Central Forest Reserve,41,4092,2023-08-23T20:42:38Z
Q118465133,Geography,Rwensama Central Forest Reserve,146,6380,2025-06-09T04:36:27Z
Q118433974,Geography,Rwensambya Central Forest Reserve,169,5369,2025-05-26T02:10:29Z
Q106540,Geography,Rwenzori Mountains,61469,24043,2025-06-18T08:46:52Z
Q6093753,Geography,Rwenzori–Virunga montane moorlands,2857,5793,2025-07-30T04:37:20Z
Q119140770,Geography,Rwoho Central Forest Reserve,223,7413,2025-01-07T08:49:05Z
Q1817380,Geography,Samburu National Reserve,13783,5331,2025-05-30T22:44:46Z
Q96404940,Geography,Sango Bay forests,254,4596,2024-12-05T11:32:23Z
Q24883467,Geography,Sekanyonyi,289,7240,2025-03-13T17:59:15Z
Q16901899,Geography,Semliki Wildlife Reserve,882,5324,2025-05-26T02:12:10Z
Q1429741,Geography,Semuliki National Park,4303,11214,2024-11-06T23:52:32Z
Q7497003,Geography,Shimoni Primary Teachers College,1055,6298,2025-03-27T09:36:47Z
Q7509455,Geography,Sidok sub-county,136,2693,2021-12-30T23:20:36Z
Q85801092,Geography,Siege of Masaka,1047,19437,2025-02-08T13:59:16Z
Q6672465,Geography,Sipi Falls,6738,5660,2025-07-16T11:30:38Z
Q17081556,Geography,Smart Telecom (Uganda),372,5955,2025-07-17T14:52:07Z
Q38249416,Geography,"Sonde, Uganda",1150,5723,2023-07-07T13:21:01Z
Q7563659,Geography,Soroti Rock,448,729,2024-06-18T04:18:23Z
Q14629102,Geography,Source of the Nile Bridge,6304,14232,2025-04-27T22:22:11Z
Q118948440,Geography,South Imaramagambo Central Forest Reserve,165,5807,2025-06-26T08:15:59Z
Q18392353,Geography,Speke Resort and Conference Center,1194,5580,2025-03-08T02:34:07Z
Q7589504,Geography,St. Lawrence University (Uganda),1751,5026,2025-02-08T12:36:02Z
Q3825255,Geography,St. Mary's Hospital Lacor,1391,7166,2024-07-16T19:40:36Z
Q48803129,Geography,Stafford University Uganda,1821,5750,2025-04-08T13:43:39Z
Q1766861,Geography,Stuhlmann's golden mole,1565,1457,2025-03-06T23:05:37Z
Q7630601,Geography,Sub-counties of Uganda,4588,844,2021-05-26T05:22:25Z
Q16977629,Geography,Sukulu mine,377,1274,2025-03-29T05:16:45Z
Q118948244,Geography,Taala Central Forest Reserve,123,4058,2025-05-26T17:17:18Z
Q27963295,Geography,Tegeres,64,1040,2021-10-26T12:46:55Z
Q104698321,Geography,Terego District,3859,5600,2025-07-21T16:33:15Z
Q7705542,Geography,Teso sub-region,4514,991,2024-02-25T09:44:58Z
Q6359104,Geography,The Pearl of Africa Hotel Kampala,3118,9341,2025-07-16T03:50:21Z
Q55887869,Geography,Thobani Centre,976,3993,2020-03-19T17:08:36Z
Q108570002,Geography,Time in Uganda,2894,5893,2025-06-22T06:05:14Z
Q49332636,Geography,Timu Forest,198,3846,2024-07-08T10:09:02Z
Q7826175,Geography,Tooro sub-region,1260,2085,2024-09-29T13:48:55Z
Q7826696,Geography,Tororo Inland Port,222,4697,2023-06-12T20:22:05Z
Q7826698,Geography,Tororo Rock,1305,4683,2024-07-11T11:20:54Z
Q1368818,Geography,Tsavo East National Park,27768,24217,2025-06-07T20:05:11Z
Q1602738,Geography,Tsavo West National Park,7524,12035,2025-07-18T00:08:13Z
Q48792949,Geography,Uganda Aviation School,1599,6980,2025-07-22T12:35:13Z
Q25067857,Geography,Uganda Coffee Development Authority,2620,6321,2024-10-06T05:56:18Z
Q20746333,Geography,Uganda Heart Institute,2104,19008,2025-07-12T08:55:29Z
Q48806349,Geography,Uganda Hotel and Tourism Training Institute,698,7985,2025-07-22T13:21:48Z
Q7877602,Geography,Uganda Junior Staff College,506,4716,2025-07-22T13:27:06Z
Q7877609,Geography,Uganda Martyrs University,7931,13445,2025-07-22T13:31:30Z
Q130279605,Geography,Uganda Ministry of Defence Headquarters,151,6182,2024-08-30T12:52:39Z
Q124005374,Geography,Uganda Ministry of Education Complex,274,6990,2024-01-08T14:40:35Z
Q2473886,Geography,Uganda National Bureau of Standards,1020,7215,2025-07-22T02:37:47Z
Q20949743,Geography,Uganda National Entrepreneurship Development Institute,274,8095,2024-11-09T22:27:41Z
Q24236432,Geography,Uganda Registration Services Bureau,5583,7141,2025-04-13T00:56:23Z
Q7877631,Geography,Uganda Senior Command and Staff College,1086,8832,2025-01-15T12:53:28Z
Q65043493,Geography,Uganda Specialized Nursing University,206,3523,2021-10-07T00:29:09Z
Q18394920,Geography,Uganda Technology and Management University,1478,7458,2025-07-22T15:11:57Z
Q7877634,Geography,Uganda Virus Research Institute,1759,15574,2025-02-05T14:43:11Z
Q112078133,Geography,Uganda Wildlife Conservation Education Centre,1215,4878,2025-04-24T05:52:52Z
Q7887506,Geography,United Bank for Africa Uganda Limited,2345,9812,2025-04-30T14:43:05Z
Q48741701,Geography,University of the Sacred Heart Gulu,504,5229,2025-02-08T11:51:06Z
Q28223324,Geography,URA House,1095,6670,2024-05-06T07:52:58Z
Q5558471,Geography,Victoria Basin forest–savanna mosaic,3058,10996,2025-06-20T11:16:41Z
Q16902646,Geography,Victoria University Uganda,5696,12322,2025-05-26T15:14:50Z
Q751607,Geography,Virunga Mountains,30039,4562,2025-05-31T19:58:33Z
Q223589,Geography,Virunga National Park,39947,48950,2025-05-11T05:12:01Z
Q932736,Geography,Volcanoes National Park,20780,9552,2025-05-25T15:38:40Z
Q65072528,Geography,Wairaka,220,6692,2020-08-10T00:50:25Z
Q121501039,Geography,Wamala Tombs,217,1345,2024-04-25T10:31:09Z
Q118382781,Geography,Wambabya Central Forest Reserve,227,12458,2025-01-23T07:54:06Z
Q4261446,Geography,West Nile sub-region,16555,3966,2024-11-18T02:40:19Z
Q2559188,Geography,"Western Region, Uganda",15667,7243,2025-05-08T20:54:04Z
Q131302949,Geography,"White House, Uganda",420,6064,2025-06-16T10:34:27Z
Q24185308,Geography,Women's Hospital International and Fertility Centre,974,7068,2025-05-29T15:16:34Z
Q60760544,Geography,"Zana, Uganda",1384,9661,2025-03-08T02:50:45Z
Q22138769,Geography,Zika Forest,2798,6511,2025-05-25T03:25:17Z
Q126639659,Geography,Zirimiti Forest Reserve,121,4935,2025-06-21T12:58:44Z
Q4024590,Geography,Ziwa Rhino Sanctuary,5012,8016,2025-07-09T15:35:23Z
Q28231896,Geography,Zoka Forest,437,6963,2024-10-22T15:30:24Z
Q131927666,Governance,Abubakar Muhammad Moki,,4470,2025-04-12T06:11:39Z
Q111422299,Governance,Acayo Christine Cwinya,129,2091,2025-02-11T18:20:54Z
Q340581,Governance,Acholi people,61641,30047,2025-06-20T00:18:27Z
Q538636,Governance,Ankole,36852,21458,2025-07-30T01:57:15Z
Q7877583,Governance,"Anti-Homosexuality Act, 2014",19908,79101,2025-05-06T03:12:07Z
Q117265856,Governance,"Anti-Homosexuality Act, 2023",36733,56664,2025-07-29T10:16:26Z
Q28404009,Governance,Attorney General of Uganda,3853,7249,2025-04-14T05:58:20Z
Q96373063,Governance,Bands of the Uganda People's Defence Force,4185,8923,2025-04-15T14:29:32Z
Q4921229,Governance,Black Mamba (group),795,6439,2025-07-19T15:04:25Z
Q889897,Governance,Bunyoro,39817,42921,2025-07-17T15:12:58Z
Q691037,Governance,Busoga,34470,25258,2025-05-25T14:17:49Z
Q5003462,Governance,Buzimba,323,400,2024-08-28T05:53:22Z
Q5035614,Governance,Capital Markets Authority of Uganda,1733,4064,2025-02-18T14:13:58Z
Q13114535,Governance,Capital punishment in Uganda,5832,17522,2025-04-02T04:00:00Z
Q56280529,Governance,Chief of Defence Forces (Uganda),26302,11332,2025-07-16T11:56:22Z
Q5097098,Governance,Chiefdom of Bunya,1023,4091,2025-07-17T14:55:15Z
Q2687826,Governance,Constitution of Uganda,11256,17537,2025-03-12T07:48:08Z
Q16951936,Governance,Corruption in Uganda,9484,10754,2025-05-08T19:42:09Z
Q48803883,Governance,Court of Appeal of Uganda,3535,9310,2025-04-23T20:06:49Z
Q28223315,Governance,Dairy Development Authority,542,5689,2025-07-22T08:42:46Z
Q337456,Governance,East African Community,184900,125378,2025-07-21T22:05:07Z
Q28446366,Governance,Electoral Commission of Uganda,9664,6423,2025-03-08T01:27:44Z
Q5357806,Governance,Electricity Regulatory Authority,1555,8137,2025-04-08T11:34:46Z
Q9682,Governance,Elizabeth II,8605054,198824,2025-07-28T13:10:43Z
Q133830126,Governance,Elizabeth Muwanga,,9889,2025-06-09T04:32:03Z
Q1444485,Governance,Empire of Kitara,36305,41675,2025-07-14T17:49:24Z
Q55610888,Governance,Engineers Registration Board,527,5411,2024-07-02T11:38:20Z
Q28223295,Governance,External Security Organisation,3204,4465,2025-07-29T07:17:41Z
Q5447084,Governance,Field marshal (Uganda),10158,4062,2025-06-02T21:44:33Z
Q5468560,Governance,Foreign relations of Uganda,8657,67850,2025-07-08T19:31:15Z
Q5537726,Governance,George Cartland,142,5616,2025-06-09T21:50:52Z
Q55613708,Governance,High Court of Uganda,4092,9183,2025-02-21T02:16:10Z
Q5916124,Governance,Housing Finance Bank,4059,11021,2024-10-08T14:43:20Z
Q18351712,Governance,Insurance Regulatory Authority of Uganda,1199,5470,2025-07-12T04:46:36Z
Q55614506,Governance,Insurance Towers,207,4335,2025-04-22T03:15:01Z
Q17081371,Governance,Internal Security Organisation,9612,5236,2025-04-09T11:08:25Z
Q30639488,Governance,Intersex rights in Uganda,841,13728,2025-05-24T07:59:40Z
Q133852624,Governance,Irene Marjorie Kabamori,,2456,2025-04-19T06:55:27Z
Q111293047,Governance,Jacqueline Kyatuheire,346,7135,2025-05-12T13:22:49Z
Q129652260,Governance,Jane Asiimwe Muhindo,210,6530,2025-03-02T22:04:12Z
Q24883426,Governance,JLOS House Project,502,8249,2024-03-03T10:19:17Z
Q6250124,Governance,John Nagenda,1633,12236,2025-04-29T12:01:46Z
Q6269087,Governance,Joint Anti-Terrorist Task Force of Uganda,1606,5249,2025-07-11T09:58:05Z
Q16893042,Governance,Kalama Armoured Warfare Training School,973,5307,2025-01-07T19:05:37Z
Q24053515,Governance,Keith Kalyegira,531,3373,2025-05-08T03:59:53Z
Q25226889,Governance,Kiira Motors Corporation,13511,39630,2025-05-06T19:36:20Z
Q111383455,Governance,Kintu Florence,168,5496,2024-11-27T00:04:47Z
Q6417710,Governance,Kitagwenda,1096,3385,2025-07-19T15:07:14Z
Q6430555,Governance,Kooki,5118,7452,2025-07-16T07:26:23Z
Q111179575,Governance,Kwizera Eudia,524,3265,2024-11-27T00:04:43Z
Q127785174,Governance,Lamex Omara Apitta,133,6499,2025-02-11T00:53:46Z
Q111421163,Governance,Lanyero Sarah Ochieng,170,4540,2025-02-06T04:33:00Z
Q28457538,Governance,Leader of the Opposition (Uganda),6673,13911,2025-03-21T22:13:29Z
Q65041761,Governance,Legal practice in Uganda,263,12958,2025-07-23T16:58:23Z
Q131354001,Governance,List of constituencies in Uganda,285,15402,2025-04-28T12:26:32Z
Q6616591,Governance,List of diplomatic missions in Uganda,6182,22121,2025-07-28T05:36:35Z
Q21067659,Governance,List of government ministries of Uganda,21087,14559,2025-01-02T12:58:28Z
Q6572218,Governance,List of governors of Uganda,6051,4881,2024-08-28T16:01:59Z
Q878204,Governance,List of heads of state of Uganda,80785,16401,2025-07-21T19:28:40Z
Q48773608,Governance,List of members of the eighth Parliament of Uganda,1762,44053,2025-02-04T04:01:48Z
Q23541048,Governance,List of members of the ninth Parliament of Uganda,1520,56922,2025-04-12T11:55:35Z
Q23541050,Governance,List of members of the tenth Parliament of Uganda,3797,72138,2025-03-24T06:53:53Z
Q64759950,Governance,List of ministers of internal affairs of Uganda,1212,9910,2024-06-19T20:28:30Z
Q64759951,Governance,List of ministers of justice and constitutional affairs of Uganda,1507,9035,2025-07-25T19:22:51Z
Q11812644,Governance,List of speakers of the Parliament of Uganda,10256,5018,2024-09-06T00:07:04Z
Q6663985,Governance,Local Council (Uganda),21956,6508,2023-09-26T10:42:30Z
Q106900377,Governance,Mailo,2352,3663,2025-06-12T22:45:18Z
Q6782274,Governance,Masaba people,5489,5767,2024-04-26T08:05:00Z
Q48800708,Governance,Military ranks of Uganda,120,6578,2025-02-27T11:46:21Z
Q23581953,Governance,"Ministry of Agriculture, Animal Industry and Fisheries (Uganda)",4957,9509,2025-04-14T05:51:34Z
Q25203102,Governance,Ministry of Defence and Veterans Affairs (Uganda),5662,15726,2025-07-16T11:56:08Z
Q28223344,Governance,Ministry of Disaster Preparedness and Refugees (Uganda),2393,5985,2025-04-14T05:51:39Z
Q28135348,Governance,Ministry of East African Community Affairs (Uganda),957,5680,2025-04-14T05:52:02Z
Q25203107,Governance,Ministry of Education and Sports (Uganda),8727,12780,2025-04-14T05:52:06Z
Q6866888,Governance,Ministry of Energy and Mineral Development (Uganda),3861,12456,2025-04-14T05:52:09Z
Q17068478,Governance,"Ministry of Finance, Planning and Economic Development (Uganda)",5596,14989,2025-04-20T20:10:03Z
Q6867037,Governance,Ministry of Foreign Affairs (Uganda),4402,10985,2025-06-02T06:37:56Z
Q28134986,Governance,"Ministry of Gender, Labour and Social Development (Uganda)",4881,9199,2025-05-03T14:20:08Z
Q28223289,Governance,Ministry of Health (Uganda),5822,6849,2024-08-27T16:07:59Z
Q28223294,Governance,Ministry of ICT and National Guidance,1995,8495,2025-06-28T15:14:59Z
Q28223332,Governance,Ministry of Internal Affairs (Uganda),5959,4680,2025-06-22T02:37:48Z
Q28135267,Governance,Ministry of Justice and Constitutional Affairs (Uganda),1922,9996,2025-04-14T05:53:26Z
Q28223335,Governance,"Ministry of Lands, Housing and Urban Development (Uganda)",3628,8871,2025-04-14T05:53:02Z
Q28223341,Governance,Ministry of Local Government (Uganda),2848,6117,2025-04-14T05:53:14Z
Q28452265,Governance,Ministry of Public Service (Uganda),2042,5440,2025-04-14T05:53:14Z
Q28223346,Governance,"Ministry of Science, Technology and Innovation (Uganda)",1371,5349,2025-04-14T05:53:31Z
Q6867594,Governance,"Ministry of Trade, Industry and Cooperatives (Uganda)",1955,8958,2025-04-14T05:53:42Z
Q65087690,Governance,"National Defence College, Uganda",780,9596,2025-06-25T05:10:03Z
Q18379455,Governance,National Drug Authority,2994,7803,2025-05-08T00:41:03Z
Q17068858,Governance,National Enterprise Corporation,2512,8732,2025-05-22T16:17:54Z
Q6973428,Governance,National Housing and Construction Company,1093,9450,2025-07-23T01:41:29Z
Q24908187,Governance,National Identification and Registration Authority,13331,6118,2025-04-13T00:54:30Z
Q30640185,Governance,National Information Technology Authority-Uganda,1055,6711,2024-07-02T11:40:32Z
Q6979352,Governance,National Water and Sewerage Corporation,3186,12540,2025-02-20T18:43:41Z
Q7059091,Governance,Northern Ugandan Social Action Fund,232,4145,2025-07-17T17:12:26Z
Q39207593,Governance,Operation Observant Compass,10934,11601,2025-07-29T00:49:21Z
Q2052850,Governance,Parliament of Uganda,42358,15488,2025-07-11T16:18:26Z
Q18388006,Governance,Petroleum Authority of Uganda,916,9593,2025-04-08T11:33:39Z
Q7233761,Governance,Posta Uganda,2287,4567,2022-08-21T09:39:01Z
Q7233607,Governance,PostBank Uganda,3938,9952,2025-03-08T02:21:21Z
Q18204367,Governance,President of Uganda,101491,6943,2025-07-18T15:59:33Z
Q623206,Governance,Presidential Commission of Uganda,22601,6268,2025-07-17T14:55:31Z
Q120703780,Governance,Presidential Guard Brigade (Uganda),1186,3628,2025-03-13T19:20:44Z
Q7242787,Governance,Pride Bank Limited,160,8304,2025-05-28T16:40:01Z
Q38251809,Governance,Public Procurement and Disposal of Public Assets Authority,692,5320,2023-04-12T11:08:12Z
Q6898106,Governance,Queen of Uganda,9463,6903,2025-07-20T01:09:17Z
Q24004677,Governance,Richard Posnett,817,3368,2025-04-29T08:27:31Z
Q7432715,Governance,Schools for Schools,247,8933,2025-04-02T19:23:11Z
Q107056724,Governance,"Sexual Offences Bill, 2019",1288,5462,2025-06-01T01:56:41Z
Q7460015,Governance,Shaban Bantariza,711,8419,2022-12-20T13:09:48Z
Q2368307,Governance,Supreme Court of Uganda,7523,8103,2025-04-01T07:19:39Z
Q61696432,Governance,Susan Lakot,232,4935,2025-03-23T17:15:41Z
Q376073,Governance,Tito Okello,55806,8043,2025-02-20T07:19:44Z
Q889912,Governance,Tooro Kingdom,20848,9573,2025-07-10T01:28:30Z
Q16965297,Governance,Uganda AIDS Commission,487,26602,2025-04-28T22:38:09Z
Q29043485,Governance,Uganda Air Force,33097,21900,2025-07-22T12:15:33Z
Q65086967,Governance,Uganda Airlines,62237,45927,2025-07-22T12:30:52Z
Q24236412,Governance,Uganda Atomic Energy Council,716,6577,2025-07-22T12:34:57Z
Q2473854,Governance,Uganda Bureau of Statistics,18924,5073,2025-07-22T12:37:38Z
Q5124427,Governance,Uganda Civil Aviation Authority,2348,14099,2025-07-22T12:41:51Z
Q25067857,Governance,Uganda Coffee Development Authority,2620,6321,2024-10-06T05:56:18Z
Q2473869,Governance,Uganda Communications Commission,2180,7389,2025-07-22T12:44:31Z
Q28446440,Governance,Uganda Deposit Protection Fund,920,8536,2025-07-22T12:47:29Z
Q7877590,Governance,Uganda Development Bank Limited,1440,13254,2025-07-22T12:48:13Z
Q7877591,Governance,Uganda Development Corporation,1227,14654,2024-10-06T05:54:22Z
Q28232201,Governance,Uganda Electricity Distribution Company Limited,1827,8578,2025-05-08T11:22:14Z
Q18356039,Governance,Uganda Electricity Generation Company Limited,1328,14474,2025-07-22T12:49:38Z
Q21178944,Governance,Uganda Electricity Transmission Company Limited,1939,8527,2025-07-22T13:04:23Z
Q28223299,Governance,Uganda Energy Credit Capitalisation Company,487,8426,2025-07-22T13:08:34Z
Q7877594,Governance,Uganda Export Promotion Board,380,5514,2024-10-10T14:08:53Z
Q18356043,Governance,Uganda Financial Intelligence Authority,451,5848,2025-03-08T02:43:39Z
Q65063931,Governance,Uganda Free Zones Authority,528,4109,2024-10-22T07:35:37Z
Q7877597,Governance,Uganda Game and Fisheries Department,190,7676,2025-07-28T06:23:37Z
Q48806349,Governance,Uganda Hotel and Tourism Training Institute,698,7985,2025-07-22T13:21:48Z
Q30262098,Governance,Uganda Industrial Research Institute,982,5899,2025-07-22T13:23:34Z
Q17108413,Governance,Uganda Investment Authority,1721,5697,2025-07-22T13:26:21Z
Q7877602,Governance,Uganda Junior Staff College,506,4716,2025-07-22T13:27:06Z
Q7877606,Governance,Uganda Legislative Council,8516,11555,2025-07-29T02:25:02Z
Q7877607,Governance,Uganda Local Governments Association,1145,11222,2025-06-13T18:18:00Z
Q20746337,Governance,Uganda Medical and Dental Practitioners Council,1003,5837,2024-07-02T11:39:18Z
Q55075130,Governance,Uganda Microfinance Regulatory Authority,968,5317,2024-10-06T05:54:29Z
Q7877612,Governance,Uganda Military Academy,1260,7964,2025-07-22T13:33:49Z
Q130279605,Governance,Uganda Ministry of Defence Headquarters,151,6182,2024-08-30T12:52:39Z
Q124005374,Governance,Uganda Ministry of Education Complex,274,6990,2024-01-08T14:40:35Z
Q2473886,Governance,Uganda National Bureau of Standards,1020,7215,2025-07-22T02:37:47Z
Q18356047,Governance,Uganda National Council for Higher Education,1699,5089,2024-07-02T11:39:51Z
Q60746495,Governance,Uganda National Examinations Board,5634,3049,2025-06-17T03:03:19Z
Q30262108,Governance,Uganda National Meteorological Authority,647,5175,2024-07-02T11:42:54Z
Q17108424,Governance,Uganda National Oil Company,2690,26743,2025-07-22T13:45:44Z
Q48800968,Governance,Uganda National Pipeline Company,403,11502,2025-07-17T15:14:59Z
Q7877619,Governance,Uganda National Rescue Front,4916,6313,2025-07-22T13:47:47Z
Q18356048,Governance,Uganda National Roads Authority,5461,23232,2025-07-22T14:14:59Z
Q86757130,Governance,Uganda Police Band,501,7489,2025-07-22T14:37:51Z
Q48800989,Governance,Uganda Refinery Holding Company,520,4116,2025-07-22T20:07:12Z
Q24236432,Governance,Uganda Registration Services Bureau,5583,7141,2025-04-13T00:56:23Z
Q18356056,Governance,Uganda Retirement Benefits Regulatory Authority,611,5651,2024-07-02T11:40:00Z
Q7877627,Governance,Uganda Revenue Authority,12954,11603,2025-06-16T10:34:27Z
Q85811750,Governance,Uganda Road Fund,350,4349,2024-07-02T11:47:29Z
Q48817219,Governance,Uganda Standard Gauge Railway,6066,16313,2025-04-14T15:57:45Z
Q39057536,Governance,"Uganda v Commissioner of Prisons, Ex Parte Matovu",9349,18832,2024-11-02T20:22:44Z
Q64926678,Governance,Uganda–United Kingdom relations,1540,6140,2025-06-14T01:06:58Z
Q96412128,Governance,Ugandan nationality law,3871,42545,2025-07-12T14:35:13Z
Q7877695,Governance,Ugandan passport,8779,8831,2025-07-22T16:02:32Z
Q123998037,Governance,Ugandan Special Forces Command,10228,9082,2025-07-29T06:49:35Z
Q1895884,Governance,United Nations Security Council Resolution 177,447,1287,2025-01-22T22:25:45Z
Q28223324,Governance,URA House,1095,6670,2024-05-06T07:52:58Z
Q3556899,Governance,Vice President of Uganda,11780,3227,2025-06-18T11:20:15Z
Q17086416,Governance,Visa policy of Uganda,10648,5424,2024-09-22T14:57:24Z
Q19605241,Governance,Visa requirements for Ugandan citizens,12375,56945,2025-05-29T16:17:11Z
Q452024,Governance,Yusuf Lule,46405,23404,2025-06-09T04:20:34Z
Q4696750,Health,Aidchild,433,10445,2025-05-23T14:58:01Z
Q4651876,Health,AIDS Information Centre,785,16946,2025-04-12T13:26:46Z
Q4711148,Health,Albert Ruskin Cook,3450,6110,2025-06-01T09:44:37Z
Q15989798,Health,Algernon Stanley Smith,420,4579,2025-04-08T15:21:45Z
Q48732700,Health,Cannabis in Uganda,5340,5470,2025-07-24T22:18:07Z
Q17155846,Health,Child health in Uganda,656,29933,2025-03-28T13:43:05Z
Q5097920,Health,Child sacrifice in Uganda,17736,22228,2025-03-11T11:34:36Z
Q5217758,Health,Daniel Kalinaki,649,8586,2025-06-09T06:12:49Z
Q122909956,Health,Disability in Uganda,124,1047,2023-09-23T13:52:34Z
Q124504647,Health,Emmanuel Lumu,257,4658,2024-12-01T14:00:47Z
Q59880799,Health,Fred Nalugoda,174,8933,2024-08-22T15:34:43Z
Q5691063,Health,Health in Uganda,3366,65476,2025-07-23T12:10:05Z
Q60521542,Health,Healthcare in Uganda,7001,25338,2025-02-20T02:11:13Z
Q3707404,Health,HIV/AIDS in Uganda,5199,23777,2025-06-02T13:22:43Z
Q5969395,Health,ICCF Holland,1845,1724,2025-07-20T21:20:25Z
Q6058304,Health,IntraHealth International,621,4251,2022-08-23T13:20:48Z
Q47130307,Health,James Makumbi,305,2498,2025-06-30T10:41:56Z
Q96384747,Health,Joseph Konde-Lule,187,9719,2024-12-04T00:39:53Z
Q62537589,Health,Katharine Cook,613,9005,2025-06-09T21:51:07Z
Q55615994,Health,Killing of disabled children in Uganda,1897,8316,2025-06-12T21:14:30Z
Q1248662,Health,Lucille Teasdale-Corti,4118,26298,2025-06-17T15:16:54Z
Q6786624,Health,Maternal health in Uganda,1427,44518,2025-05-25T11:17:32Z
Q20679305,Health,Maura Lynch,391,7064,2025-05-28T02:13:55Z
Q3402412,Health,President's Emergency Plan for AIDS Relief,50080,56057,2025-07-29T05:53:50Z
Q63283497,Health,Roy Mugerwa,380,17213,2025-07-18T15:57:04Z
Q105563991,Health,Serving His Children,14895,16191,2025-07-21T20:24:21Z
Q20312965,Health,The AIDS Support Organization,1171,16480,2025-07-19T04:23:56Z
Q2415559,Health,The World Starts with Me,133,1106,2024-04-17T02:26:53Z
Q96410609,Health,Traditional and Modern Health Practitioners Together against AIDS,249,9460,2024-05-05T22:29:42Z
Q16965297,Health,Uganda AIDS Commission,487,26602,2025-04-28T22:38:09Z
Q7877574,Health,Uganda AIDS Orphan Children Foundation,149,6275,2022-09-05T21:47:46Z
Q7973837,Health,Water supply and sanitation in Uganda,1740,79809,2025-06-28T22:44:01Z
Q60740941,Health,Wells of Life,1004,16106,2025-04-18T02:01:49Z
Q4987000,History,Bukono kingdom,236,3995,2025-07-17T15:58:09Z
Q4987001,History,Bukooli Chiefdom,175,8736,2025-07-17T16:49:08Z
Q623206,History,Presidential Commission of Uganda,22601,6268,2025-07-17T14:55:31Z
Q484805,History,Uganda Cowries,1611,4702,2024-05-29T00:53:47Z
Q7877673,Politics,1994 Ugandan Constituent Assembly election,1127,1952,2023-08-05T04:23:33Z
Q7877692,Politics,1996 Ugandan parliamentary election,467,9056,2025-06-23T13:58:38Z
Q4607764,Politics,2006–2008 Juba talks,1600,33666,2024-12-29T17:22:47Z
Q4673872,Politics,Acholi nationalism,2256,8063,2025-06-15T08:30:56Z
Q5153428,Politics,Common Man's Charter,2307,4481,2025-07-07T04:29:14Z
Q2687826,Politics,Constitution of Uganda,11256,17537,2025-03-12T07:48:08Z
Q16951936,Politics,Corruption in Uganda,9484,10754,2025-05-08T19:42:09Z
Q337456,Politics,East African Community,184900,125378,2025-07-21T22:05:07Z
Q5354856,Politics,Elections in Uganda,6515,8170,2025-07-27T12:50:23Z
Q28446366,Politics,Electoral Commission of Uganda,9664,6423,2025-03-08T01:27:44Z
Q5377151,Politics,Energy in Uganda,3814,38380,2025-03-08T01:28:16Z
Q4207409,Politics,Expulsion of Asians from Uganda,131847,27809,2025-07-16T13:23:35Z
Q5468560,Politics,Foreign relations of Uganda,8657,67850,2025-07-08T19:31:15Z
Q65090785,Politics,Gold Scandal,3118,15604,2025-04-10T19:00:18Z
Q1456536,Politics,Human rights in Uganda,6368,54671,2025-07-17T13:43:42Z
Q131354001,Politics,List of constituencies in Uganda,285,15402,2025-04-28T12:26:32Z
Q6616591,Politics,List of diplomatic missions in Uganda,6182,22121,2025-07-28T05:36:35Z
Q6634268,Politics,List of political parties in Uganda,17771,5590,2025-05-27T11:51:24Z
Q17300099,Politics,Lukiiko,2865,1307,2025-03-25T10:16:15Z
Q56289946,Politics,Lukiiko (Busoga),338,960,2018-05-12T16:03:46Z
Q4871713,Politics,Mengo Crisis,17007,32996,2025-03-25T07:46:42Z
Q6867037,Politics,Ministry of Foreign Affairs (Uganda),4402,10985,2025-06-02T06:37:56Z
Q6960651,Politics,Nakivubo Pronouncement,548,6277,2024-01-31T22:14:45Z
Q60756114,Politics,"People Power, Our Power",3525,19474,2023-12-28T16:16:30Z
Q7165737,Politics,People's Redemption Army,528,3474,2024-09-27T02:22:15Z
Q1154617,Politics,Politics of Uganda,26991,16431,2025-07-27T12:40:31Z
Q55630465,Politics,Prime Minister of Rwenzururu,167,8276,2025-07-17T14:56:56Z
Q6898106,Politics,Queen of Uganda,9463,6903,2025-07-20T01:09:17Z
Q7432715,Politics,Schools for Schools,247,8933,2025-04-02T19:23:11Z
Q7550624,Politics,Social Democrats of Uganda,133,4517,2025-07-17T15:00:27Z
Q60744436,Politics,Student movements in Uganda,1165,19863,2025-06-14T12:58:48Z
Q7877607,Politics,Uganda Local Governments Association,1145,11222,2025-06-13T18:18:00Z
Q39057536,Politics,"Uganda v Commissioner of Prisons, Ex Parte Matovu",9349,18832,2024-11-02T20:22:44Z
Q64926678,Politics,Uganda–United Kingdom relations,1540,6140,2025-06-14T01:06:58Z
Q7877695,Politics,Ugandan passport,8779,8831,2025-07-22T16:02:32Z
Q1895884,Politics,United Nations Security Council Resolution 177,447,1287,2025-01-22T22:25:45Z
Q17086416,Politics,Visa policy of Uganda,10648,5424,2024-09-22T14:57:24Z
Q19605241,Politics,Visa requirements for Ugandan citizens,12375,56945,2025-05-29T16:17:11Z
Q65090986,Politics,We Are Displaced,3134,21493,2025-07-06T02:03:38Z
Q7994138,Politics,Whitaker scandal,193,5767,2025-07-17T15:06:29Z
Q16886238,Ugandan people,Amos Twinomujuni,129,1095,2024-07-15T06:00:02Z
Q5423169,Ugandan people,Ezekiel Tenywa Wako of Busoga,452,825,2024-07-22T01:23:49Z
Q5518245,Ugandan people,Galdino Moro Okello,248,744,2025-04-05T05:08:36Z
Q5992800,Ugandan people,Ignatius Sserulyo,97,1016,2024-09-01T17:55:55Z
Q65089782,Ugandan people,James Scott Brown,,816,2025-05-01T13:45:40Z
Q6398590,Ugandan people,Kezia of Buganda,961,792,2024-12-03T12:31:29Z
Q715843,Ugandan people,Kitahimbwa of Bunyoro,337,891,2025-02-17T12:15:10Z
Q6450892,Ugandan people,Kyebambe IV of Bunyoro,453,807,2024-11-04T04:55:16Z
Q6450893,Ugandan people,Kyebambe IV of Tooro,73,870,2025-02-16T19:11:20Z
Q6725853,Ugandan people,Macwa of Nkore,170,896,2024-03-11T20:54:10Z
Q7067601,Ugandan people,Ntare IV of Nkore,530,1128,2025-07-22T12:53:24Z
Q7152719,Ugandan people,Paul Ngologoza,406,1107,2024-07-28T02:15:17Z
Q7378662,Ugandan people,Ruhinda of Ankole,1515,878,2024-03-06T20:57:32Z
Q16802088,Ugandan people,Yosia Nadiope of Busoga,211,580,2025-07-28T13:40:44Z
Q18349906,Society & demographics,Abortion in Uganda,3267,16105,NA
Q340581,Society & demographics,Acholi people,61641,30047,NA
Q16997330,Society & demographics,Adara Group,948,6106,NA
Q104126433,Society & demographics,Agnes Igoye,402,7879,NA
Q99430251,Society & demographics,Agojo refugee settlement,306,2663,NA
Q4696750,Society & demographics,Aidchild,433,10445,NA
Q538636,Society & demographics,Ankole,36852,21458,NA
Q16975468,Society & demographics,Asante Africa Foundation,887,2731,NA
Q28223066,Society & demographics,Basimba clan names,1484,18617,NA
Q4877101,Society & demographics,Beatrice's Goat,911,2667,NA
Q4986512,Society & demographics,Building Tomorrow,505,22543,NA
Q889897,Society & demographics,Bunyoro,39817,42921,NA
Q691037,Society & demographics,Busoga,34470,25258,NA
Q5003462,Society & demographics,Buzimba,323,400,NA
Q5097098,Society & demographics,Chiefdom of Bunya,1023,4091,NA
Q5156124,Society & demographics,CompassionArt,1430,6013,NA
Q16951936,Society & demographics,Corruption in Uganda,9484,10754,NA
Q1185973,Society & demographics,Demographics of Uganda,45742,29338,NA
Q122909956,Society & demographics,Disability in Uganda,124,1047,NA
Q16238490,Society & demographics,Domestic violence in Uganda,484,5890,NA
Q24236330,Society & demographics,Education Partnerships Africa,179,7761,NA
Q1444485,Society & demographics,Empire of Kitara,36305,41675,NA
Q5565603,Society & demographics,GiveDirectly,24183,18842,NA
Q16982134,Society & demographics,Global H2O,363,10137,NA
Q65090785,Society & demographics,Gold Scandal,3118,15604,NA
Q24235912,Society & demographics,Higherlife Foundation,1161,16653,NA
Q1456536,Society & demographics,Human rights in Uganda,6368,54671,NA
Q16252532,Society & demographics,Human trafficking in Uganda,1456,11589,NA
Q5969395,Society & demographics,ICCF Holland,1845,1724,NA
Q59777608,Society & demographics,Irene Ikomu,,8823,NA
Q16851909,Society & demographics,Just Like My Child Foundation,210,7611,NA
Q55615994,Society & demographics,Killing of disabled children in Uganda,1897,8316,NA
Q6417710,Society & demographics,Kitagwenda,1096,3385,NA
Q6430555,Society & demographics,Kooki,5118,7452,NA
Q104745341,Society & demographics,LFR International,599,23383,NA
Q16948093,Society & demographics,LGBTQ history in Uganda,287,22783,NA
Q123532568,Society & demographics,List of Refugee settlements in Uganda,9364,11203,NA
Q6782274,Society & demographics,Masaba people,5489,5767,NA
Q6402000,Society & demographics,Mothers2mothers,2999,9527,NA
Q20746292,Society & demographics,Mulago Women's Referral Hospital,1730,11766,NA
Q97516128,Society & demographics,Multiracial Ugandans in Uganda,3061,10349,NA
Q915571,Society & demographics,Omukama,1265,577,NA
Q118904213,Society & demographics,Parish Development Model,2972,8664,NA
Q60756114,Society & demographics,"People Power, Our Power",3525,19474,NA
Q7226395,Society & demographics,Polygamy in Uganda,2955,5893,NA
Q7249873,Society & demographics,Promoting Equality in African Schools,403,9019,NA
Q7251087,Society & demographics,Prostitution in Uganda,9080,9058,NA
Q4792274,Society & demographics,REACH for Uganda,,4388,NA
Q16204774,Society & demographics,Resolve Uganda,486,5886,NA
Q95746953,Society & demographics,Sarah Nambozo Wekomba,172,3137,NA
Q215934,Society & demographics,Save the Children,150456,40717,NA
Q106946533,Society & demographics,Squatting in Uganda,526,6437,NA
Q55634969,Society & demographics,Terrewode Women's Community Hospital,87,5473,NA
Q889912,Society & demographics,Tooro Kingdom,20848,9573,NA
Q60746767,Society & demographics,Uganda National Teachers Union,639,3583,NA
Q7877629,Society & demographics,Uganda Rural Fund,271,12759,NA
Q7877678,Society & demographics,Ugandan booby trap,214,2565,NA
Q7936132,Society & demographics,Vision Action,262,6696,NA
Q126720978,Society & demographics,Voluntary Action for Development,32,2464,NA
Q7994138,Society & demographics,Whitaker scandal,193,5767,NA
Q8031502,Society & demographics,Women in Uganda,8370,21529,NA
Q12010788,Society & demographics,World Forum of Fish Harvesters and Fish Workers,372,12587,NA
Q17143054,Society & demographics,Young Achievers Award,772,5127,NA
Q8059152,Society & demographics,Youth Action International,237,7411,NA
Q17108484,Society & demographics,Youth in Uganda,3640,11735,NA
