title,depth,parent,files,subcats,theme,campaign,truncated
Category:Images from Wiki Loves Folklore 2026 in Uganda,4,Category:Wiki Loves Folklore 2026 in Uganda,3695,0,Culture,Wiki Loves Folklore,1
Category:Images from Wiki Loves Africa 2025 in Uganda,4,Category:Wiki Loves Africa 2025 in Uganda,2409,1,History,Wiki Loves Africa,1
Category:Images from Wiki Loves Folklore 2025 in Uganda,3,Category:Folklore of Uganda,2223,1,Culture,Wiki Loves Folklore,0
Category:Food of Uganda,2,Category:Culture of Uganda,1503,24,Culture,,0
Category:Our World in Data graphs of Uganda,3,Category:Statistics of Uganda,1362,0,Charts and data,,0
Category:Culture of Uganda,1,Category:Uganda,1320,52,Culture,,0
Category:Wiki Loves Sport 2025 in Uganda,3,Category:Wikimedia Community User Group Uganda,1288,3,Sports,,0
Category:Images from Wiki Loves Earth 2025 in Uganda,4,Category:Wiki Loves Earth 2025 in Uganda,1213,0,History,Wiki Loves Earth,1
Category:Images from Wiki Loves Africa 2023 in Uganda,4,Category:Wiki Loves Africa 2023 in Uganda,1084,0,History,Wiki Loves Africa,1
Category:Wiki Soccerthons 2024 in Uganda,3,Category:2024 Wikimedia movement in Uganda,1040,0,History,,0
Category:Images from Wiki Loves Earth 2024 in Uganda,4,Category:Wiki Loves Earth 2024 in Uganda,939,3,History,Wiki Loves Earth,1
Category:Protected areas of Uganda,3,Category:Nature of Uganda,832,15,Other,,0
Category:National Cultural Sites in Uganda,2,Category:History of Uganda,770,3,Culture,,0
Category:People of Uganda,2,Category:Society of Uganda,752,48,People,,0
Category:Images from Wiki Loves Monuments 2024 in Uganda,4,Category:Wiki Loves Monuments 2024 in Uganda,731,0,Buildings,Wiki Loves Monuments,1
Category:Images from Wiki Loves Africa 2022 in Uganda,4,Category:Wiki Loves Africa 2022 in Uganda,725,0,History,Wiki Loves Africa,1
Category:Cuisine of Uganda,3,Category:Food of Uganda,711,37,Culture,,0
Category:Dance of Uganda,2,Category:Culture of Uganda,690,10,Culture,,0
Category:National Cultural Sites in Uganda with known IDs,3,Category:National Cultural Sites in Uganda,690,0,Culture,,0
Category:Images from Wiki Loves Earth 2026 in Uganda,4,Category:Wiki Loves Earth 2026 in Uganda,672,0,History,Wiki Loves Earth,1
Category:Transport in Uganda,2,Category:Uganda by topic,638,17,Buildings,,0
Category:Uganda People's Defence Force contingent of the African Union Mission to Somalia,3,Category:Military of Uganda,631,0,People,,0
Category:Images from Wiki Loves Africa 2020 in Uganda,4,Category:Wiki Loves Africa 2020 in Uganda,578,0,History,Wiki Loves Africa,1
Category:Images from Wiki Loves Earth 2023 in Uganda,4,Category:Wiki Loves Earth 2023 in Uganda,576,2,History,Wiki Loves Earth,1
Category:Clothing of Uganda,2,Category:Culture of Uganda,574,9,Culture,,0
Category:Kanzu,4,Category:Fashion of Uganda,574,0,Other,,1
Category:Music of Uganda,2,Category:Culture of Uganda,528,3,Culture,,0
Category:Liberation Day anniversary celebrations in Uganda,1,Category:Uganda,515,0,Culture,,0
Category:Health in Uganda,1,Category:Uganda,510,21,Health,,0
Category:Images from Wiki Loves Africa 2021 in Uganda,4,Category:Wiki Loves Africa 2021 in Uganda,502,0,History,Wiki Loves Africa,1
Category:Weather and climate of Uganda,2,Category:Geography of Uganda,444,4,Other,,0
Category:Kwanjula Ceremony,4,Category:Introduction ceremonies in Uganda,436,0,Other,,1
Category:Images from Wiki Loves Africa 2024 in Uganda,4,Category:Wiki Loves Africa 2024 in Uganda,420,0,History,Wiki Loves Africa,1
Category:Images from Wiki Loves Folklore 2024 in Uganda,3,Category:Folklore of Uganda,408,0,Culture,Wiki Loves Folklore,0
Category:Landscapes of Uganda,2,Category:Geography of Uganda,408,4,Other,,0
Category:Images from Wiki Loves Earth 2022 in Uganda,4,Category:Wiki Loves Earth 2022 in Uganda,401,0,History,Wiki Loves Earth,1
Category:Graves in Uganda,3,Category:Monuments and memorials in Uganda,399,6,Culture,,0
Category:Images from Wiki Loves Monuments 2018 in Uganda,4,Category:Wiki Loves Monuments 2018 in Uganda,397,0,Buildings,Wiki Loves Monuments,1
Category:GLAM in Uganda,3,Category:Wikimedia Community User Group Uganda,378,9,Other,,0
Category:Children of Uganda,2,Category:Uganda by topic,376,10,People,,0
Category:Male members of the Parliament of Uganda,4,Category:Members of the 11th Parliament of Uganda,376,3,Government,,1
Category:Images from Wiki Loves Sport 2026 in Uganda,4,Category:Wiki Loves Sport 2026 in Uganda,367,0,Sports,,1
Category:Images from Wiki Loves Earth 2020 in Uganda,4,Category:Wiki Loves Earth 2020 in Uganda,354,0,History,Wiki Loves Earth,1
Category:Sports in Uganda,2,Category:Culture of Uganda,348,18,Sports,,0
Category:Igongo Cultural Centre Museum,3,Category:Igongo Cultural Centre,337,0,Culture,,0
Category:Images from Wiki Loves Monuments 2020 in Uganda,4,Category:Wiki Loves Monuments 2020 in Uganda,334,0,Buildings,Wiki Loves Monuments,1
Category:Images from Wiki Loves Monuments 2021 in Uganda,4,Category:Wiki Loves Monuments 2021 in Uganda,334,0,Buildings,Wiki Loves Monuments,1
Category:Wikimedia Community User Group Uganda,2,Category:Wikimedia movement in Uganda,303,22,Wikimedia community,,0
Category:Association football in Uganda,4,Category:Sports in Uganda by sport,300,11,Sports,,1
Category:Men at work in Uganda,4,Category:Men of Uganda,298,0,People,,1
Category:Images from Luganda Wikipedia mentorship program 2025,3,Category:2025 Wikimedia movement in Uganda,281,1,Wikimedia community,,0
Category:Women of Uganda,3,Category:People of Uganda,274,22,People,,0
Category:Drums of Uganda,3,Category:Musical instruments of Uganda,272,3,Culture,,0
Category:Images from Wiki Loves Earth 2021 in Uganda,4,Category:Wiki Loves Earth 2021 in Uganda,264,0,History,Wiki Loves Earth,1
"Category:Virunga, Uganda: Conservation Enterprises",4,Category:Conservation in Uganda,259,0,Environment,,1
Category:Food preparation in Uganda,3,Category:Food of Uganda,244,5,Culture,,0
Category:WikiED Uganda,2,Category:Wikimedia movement in Uganda,244,0,Wikimedia community,,0
Category:Images from Wiki Loves Monuments 2022 in Uganda,4,Category:Wiki Loves Monuments 2022 in Uganda,234,0,Buildings,Wiki Loves Monuments,1
Category:2012 in Uganda,3,Category:Uganda by year,225,6,History,,0
Category:Bidibidi Refugee Settlement,3,Category:Refugee camps in Uganda,224,0,Geography,,0
Category:Images from Wiki Loves Monuments 2023 in Uganda,4,Category:Wiki Loves Monuments 2023 in Uganda,224,0,Buildings,Wiki Loves Monuments,1
Category:Buganda Masaza Cup,4,Category:Sports in Buganda,222,0,Sports,,1
Category:Male politicians of Uganda,3,Category:Politicians of Uganda,219,24,People,,0
Category:Uganda,0,,218,32,Other,,0
Category:Event Images from Wiki for Minorities in Uganda 2026,4,Category:Wiki for Minorities 2026 in Uganda,216,0,Wikimedia community,,1
Category:2011 Horn of Africa famine,3,Category:Disasters and accidents in Uganda,214,1,Health,,0
Category:Women at work in Uganda,4,Category:Women of Uganda,213,0,People,,1
Category:Female Members of the Parliament of Uganda,4,Category:Members of the 11th Parliament of Uganda,207,12,Government,,1
Category:Images from Wiki Loves Africa 2019 in Uganda,4,Category:Wiki Loves Africa 2019 in Uganda,202,0,History,Wiki Loves Africa,1
Category:Bwindi Impenetrable National Park in the 2010s,4,Category:Uganda in the 2010s,201,0,Environment,,1
Category:Murchison Falls National Park,4,Category:National parks of Uganda,199,5,Environment,,1
Category:Ruwenzori Range,4,Category:Mountains of Uganda,195,12,Geography,,1
Category:Photo essays from Wiki Loves Africa 2025 in Uganda,4,Category:Wiki Loves Africa 2025 in Uganda,194,0,History,Wiki Loves Africa,1
Category:Images from Wiki Loves Earth 2019 in Uganda,4,Category:Wiki Loves Earth 2019 in Uganda,192,0,History,Wiki Loves Earth,1
Category:Tourism in Uganda,2,Category:Economy of Uganda,191,6,Economy,,0
Category:History of Uganda,1,Category:Uganda,188,44,History,,0
Category:Military of Uganda,2,Category:Uganda by topic,186,17,Government,,0
Category:Agriculture in Uganda,2,Category:Economy of Uganda,184,31,Economy,,0
Category:Fruit of Uganda,3,Category:Food of Uganda,184,14,Environment,,0
Category:Buildings in Uganda,4,Category:Structures in Uganda,180,15,Buildings,,1
Category:1936 in Uganda,3,Category:Uganda by year,179,1,History,,0
Category:Rwenzori Mountains National Park,3,Category:World Heritage Sites in Uganda,176,9,Geography,,0
Category:Photos of Uganda from ISS,3,Category:Satellite pictures of Uganda,173,12,Other,,0
Category:Men of Uganda,3,Category:People of Uganda,172,11,People,,0
Category:2015 in Uganda,3,Category:Uganda by year,170,6,History,,0
Category:People wearing barkcloth in Uganda,3,Category:Clothing of Uganda,165,0,People,,0
Category:Clans of Buganda,4,Category:Bugandan monarchy,164,5,People,,1
Category:Wakiso District,4,"Category:Central Region, Uganda",164,17,Geography,,1
Category:Bananas in Uganda,4,Category:Fruit of Uganda,163,2,Environment,,1
Category:Football in Uganda,3,Category:Sports in Uganda,158,7,Sports,,0
Category:Images of Uganda by User:Poco a poco,4,Category:Images of Uganda by user,158,2,Other,,1
Category:Interiors of religious buildings in Uganda,4,Category:Building interiors in Uganda,156,1,Buildings,,1
Category:Fashion of Uganda,3,Category:Clothing of Uganda,155,1,Other,,0
Category:Images from WikiForHumanRights 2024 in Uganda,4,Category:WikiForHumanRights 2024 in Uganda,155,0,History,,1
Category:Lake Victoria in Uganda,4,Category:Lakes of Uganda,153,3,Geography,,1
Category:Views of Kampala,2,Category:Views of Uganda,152,3,Other,,0
Category:Murchison Falls,4,Category:Waterfalls in Uganda,150,0,Other,,1
Category:Sunrises of Uganda,3,Category:Landscapes of Uganda,150,3,Other,,0
Category:Images from Wiki Loves Monuments 2017 in Uganda,4,Category:Wiki Loves Monuments 2017 in Uganda,148,0,Buildings,Wiki Loves Monuments,1
Category:ArtAndFeminism 2024 in Uganda,3,Category:2024 Wikimedia movement in Uganda,147,1,History,,0
Category:Basilica of the Uganda Martyrs,3,"Category:National Cultural Sites in Central Region, Uganda",146,0,Culture,,0
Category:Sunsets of Uganda,4,Category:Sky over Uganda,143,6,Other,,1
Category:Community Museums in Uganda,3,Category:Museums in Uganda,141,20,Buildings,,0
Category:2025 in Uganda,3,Category:Uganda by year,139,10,History,,0
Category:Kasubi Tombs,2,Category:Culture of Uganda,138,0,Other,,0
Category:Museums in Uganda,2,Category:Education in Uganda,136,6,Buildings,,0
Category:Uganda Police Force contingent of the African Union Mission to Somalia,3,Category:Police of Uganda,136,1,Government,,0
Category:Karamojong people,3,Category:Ethnic groups in Uganda,135,1,People,,0
Category:Female politicians of Uganda,3,Category:Politicians of Uganda,134,26,People,,0
Category:COVID-19 pandemic in Uganda,2,Category:Uganda by topic,133,2,Health,,0
Category:Transport in Kampala,4,Category:Transport in Uganda by city,133,7,Buildings,,1
Category:Kampala,4,"Category:Central Region, Uganda",132,28,Other,,1
Category:Malaria in Uganda,3,Category:Diseases and disorders in Uganda,132,0,Health,,0
Category:Nile in Uganda,4,Category:Rivers of Uganda,132,5,Other,,1
Category:People of Kampala,4,Category:People of Uganda by city,132,9,People,,1
Category:Military parades of Uganda,3,Category:Military of Uganda,131,0,Government,,0
Category:Lake Bunyonyi,4,Category:National parks of Uganda,130,4,Geography,,1
Category:Sustainable Sanitation Alliance in Uganda,2,Category:Health in Uganda,128,2,Other,,0
Category:Children playing in Uganda,3,Category:Children of Uganda,123,0,People,,0
Category:Trees in Uganda,4,Category:Flora of Uganda,122,12,Environment,,1
Category:Boats in Uganda,4,Category:Water transport in Uganda,120,4,Other,,1
Category:Community Libraries in Uganda,4,Category:Libraries in Uganda,118,5,Education,,1
Category:Images from WikiGap 2026 in Uganda,4,Category:WikiGap 2026 in Uganda,118,0,History,,1
Category:Maps of districts of Uganda,4,Category:Locator maps of Uganda,118,1,Geography,,1
Category:Markets in Uganda,3,Category:Commerce in Uganda,117,7,Economy,,0
Category:Images from Wiki Loves Monuments 2019 in Uganda,4,Category:Wiki Loves Monuments 2019 in Uganda,115,0,Buildings,Wiki Loves Monuments,1
Category:Coffee in Uganda,3,Category:Agriculture in Uganda,113,3,Other,,0
Category:Kidepo Valley National Park,4,Category:National parks of Uganda,113,1,Environment,,1
Category:Cooking in Uganda,3,Category:Food of Uganda,112,2,Other,,0
Category:Tilapia of Uganda,4,Category:Fish of Uganda,111,0,Other,,1
Category:William Frederick Blick,4,Category:Men of Uganda by name,111,0,Other,,1
Category:Lydia Wanyoto Mutende,4,Category:Women of Uganda by name,110,1,Other,,1
Category:Unidentified Lepidoptera of Uganda,4,Category:Unidentified insects of Uganda,110,0,Other,,1
Category:Unidentified subjects in Uganda,1,Category:Uganda,109,5,Other,,0
Category:Wiki for Refugees 2024 in Uganda,3,Category:2024 Wikimedia movement in Uganda,109,1,Wikimedia community,,0
Category:Fort Portal,4,"Category:Western Region, Uganda",108,9,Other,,1
Category:Flacourtia indica,4,Category:Flora of Uganda,103,7,Other,,1
Category:Schools in Uganda,2,Category:Education in Uganda,103,24,Buildings,,0
Category:Education in Uganda,1,Category:Uganda,102,13,Education,,0
Category:Mountains of Uganda,3,Category:Landforms of Uganda,102,9,Geography,,0
Category:Signs in Uganda,3,Category:Communication in Uganda,102,12,Other,,0
Category:Wiki Loves Ramadan 2025 in Uganda,4,Category:Images from Wiki Loves Folklore 2025 in Uganda,100,0,History,,1
Category:Wiki Loves Sport 2026 in Uganda,3,Category:Wikimedia Community User Group Uganda,100,2,Sports,,0
Category:Yoweri Museveni,4,Category:Presidents of Uganda,100,2,Other,,1
Category:Libraries in Uganda,3,Category:Cultural buildings in Uganda,99,9,Education,,0
Category:GLAM on Tour Uganda,3,Category:Wikimedia Community User Group Uganda,98,0,Other,,0
Category:Coffee plantations in Uganda,4,Category:Coffee in Uganda,97,0,Other,,1
Category:Flora of Uganda,3,Category:Biology in Uganda,97,36,Environment,,0
Category:Images from Wiki for Minorities 2026 in Uganda,4,Category:Wiki for Minorities 2026 in Uganda,96,0,Wikimedia community,,1
Category:Basketball in Uganda,4,Category:Sports in Uganda by sport,95,5,Other,,1
Category:Katumba Wamala,4,Category:Men of Uganda by name,95,0,Other,,1
Category:ArtAndFeminism 2025 in Uganda,4,Category:Art & Feminism in Uganda,93,1,History,,1
Category:Ekitaguriro dance,3,Category:Dance of Uganda,92,0,Culture,,0
Category:Sipi falls,4,Category:Waterfalls in Uganda,92,0,Other,,1
Category:Banana plantations in Uganda,4,Category:Plantations in Uganda,91,0,Environment,,1
Category:Semliki Wildlife Reserve,4,Category:Protected areas of Uganda,90,0,Environment,,1
Category:Sempaya hot springs,3,"Category:National Cultural Sites in Western Region, Uganda",90,0,Other,,0
Category:Street vendors in Uganda,3,Category:Commerce in Uganda,90,1,Other,,0
Category:Type 56 assault rifle in Ugandan service,3,Category:Military equipment of Uganda,90,0,Other,,0
Category:Cattle in Uganda,4,Category:Animal husbandry in Uganda,89,2,Other,,1
Category:Images from Wiki Loves Folklore 2023 in Uganda,4,Category:Images from Wiki Loves Folklore in Uganda,89,0,Culture,Wiki Loves Folklore,1
Category:Entebbe European Cemetery,3,Category:History of Entebbe,88,0,Other,,0
Category:Wikipedia 25th Anniversary Event in Uganda,3,Category:Wikimedia Community User Group Uganda,88,0,Other,,0
Category:2022 in Uganda,3,Category:Uganda by year,86,8,History,,0
Category:Mandela National Stadium,4,Category:Sports in Kampala,85,1,Sports,,1
Category:Queen Elizabeth National Park,4,Category:National parks of Uganda,85,8,Environment,,1
Category:Uganda Protectorate,2,Category:History of Uganda,83,6,Other,,0
Category:Bodies of water in Uganda,2,Category:Geography of Uganda,82,12,Other,,0
Category:Construction in Uganda,2,Category:Uganda by topic,82,2,Other,,0
Category:Logos of Uganda,3,Category:Symbols of Uganda,82,7,Other,,0
Category:Jinja Road Cemetery,3,Category:History of Kampala,81,0,Buildings,,0
Category:Ndere Centre,3,Category:Culture of Kampala,81,0,Other,,0
Category:2007 in Uganda,3,Category:Uganda by year,80,6,History,,0
Category:Rafting in Uganda,4,Category:Sports in Uganda by sport,80,1,Other,,1
"Category:2025 Annual General Meeting, WCUGU",4,Category:WCUGU Annual general meetings,79,0,Other,,1
Category:Sanitation in Uganda,4,Category:Water supply and sanitation in Uganda,79,5,Other,,1
Category:Nicholas Opiyo,4,Category:Men of Uganda by name,78,0,Other,,1
Category:Christian Weddings in Uganda,4,Category:Weddings in Uganda,77,0,Other,,1
Category:Rwizi River,4,Category:Rivers of Uganda,77,0,Geography,,1
Category:Wikipedia Pages Wanting Photos 2024 in Uganda,4,Category:2024 in Uganda,77,0,History,,1
Category:Sustainable Sanitation Alliance in Kampala,3,Category:Sustainable Sanitation Alliance in Uganda,76,1,Other,,0
Category:Bicycles in Uganda,4,Category:Cycling in Uganda,73,3,Other,,1
Category:Ewaffe Cultural Village,2,Category:Culture of Uganda,73,0,Culture,,0
Category:Gaddafi National Mosque,3,"Category:National Cultural Sites in Central Region, Uganda",73,3,Other,,0
Category:Nkokonjeru Tombs,3,"Category:National Cultural Sites in Western Region, Uganda",73,0,Other,,0
Category:Road transport in Uganda,4,Category:Land transport in Uganda,73,9,Buildings,,1
Category:Waterfalls in Uganda,3,Category:Bodies of water in Uganda,73,11,Other,,0
Category:Lake Mutanda,4,Category:Lakes of Uganda,72,0,Geography,,1
Category:Tarehe Sita,2,Category:History of Uganda,72,0,Other,,0
Category:Fishing in Uganda,2,Category:Economy of Uganda,71,4,Other,,0
Category:Maps of Uganda,2,Category:Geography of Uganda,71,33,Geography,,0
Category:Uganda Wildlife Conservation Education Center,4,Category:Nature of Entebbe,70,1,Environment,,1
Category:Amabere ga Nyina mwiru,3,"Category:National Cultural Sites in Western Region, Uganda",69,0,Other,,0
Category:Male musicians from Uganda,4,Category:Men of Uganda by occupation,69,17,People,,1
Category:Monuments and memorials in Uganda,2,Category:Culture of Uganda,69,31,Buildings,,0
Category:Rhino camp refugee settlement,3,Category:Refugee camps in Uganda,68,0,Geography,,0
Category:ECHO Daily Maps of Uganda,3,Category:Maps of Uganda,67,0,Geography,,0
Category:Wikimedia movement in Uganda,1,Category:Uganda,67,19,Wikimedia community,,0
Category:Books about Uganda,2,Category:History of Uganda,66,11,Other,,0
Category:Gomesi,2,Category:Culture of Uganda,66,0,Other,,0
Category:Boys of Uganda,2,Category:Uganda by topic,65,0,Other,,0
Category:Pearl of Africa tourism expo 2024,4,Category:Pearl of Africa Tourism Expo,65,0,Economy,,1
Category:Society of Uganda,1,Category:Uganda,65,16,Other,,0
Category:Uganda ADAPT 2010,3,Category:Military of Uganda,65,0,Other,,0
Category:Uganda Martyrs Museum Namugongo,3,"Category:National Cultural Sites in Central Region, Uganda",65,0,Buildings,,0
Category:Acholi people,3,Category:Ethnic groups in Uganda,64,4,People,,0
Category:Forests in Uganda,3,Category:Nature of Uganda,64,12,Environment,,0
Category:Nature of Uganda,2,Category:Uganda by topic,64,24,Environment,,0
Category:Toilets in Uganda,3,Category:Architectural elements in Uganda,64,4,Other,,0
Category:Wikimedians of Uganda,3,Category:Wikimedia Community User Group Uganda,64,0,Other,,0
Category:Aerial photographs of Uganda,4,Category:Photographs of Uganda,63,4,Other,,1
Category:Mbale,3,Category:Mbale District,63,4,Other,,0
Category:Idi Amin,4,Category:Presidents of Uganda,62,0,Other,,1
"Category:National Cultural Sites in Central Region, Uganda",2,Category:Cultural heritage of Uganda,62,90,Culture,,0
Category:Goats in Uganda,4,Category:Animal husbandry in Uganda,61,0,Other,,1
Category:Wiki For Refugees 2024 Editathon in Bidibidi Refugee Settlement,4,Category:Wiki for Refugees 2024 in Uganda,61,0,Wikimedia community,,1
"Category:Northern Region, Uganda",3,Category:Regions of Uganda,60,30,Geography,,0
Category:Videos from Wiki Loves Africa 2024 in Uganda,4,Category:Wiki Loves Africa 2024 in Uganda,60,0,History,Wiki Loves Africa,1
Category:Cassava in Uganda,4,Category:Vegetables of Uganda,59,2,Other,,1
Category:Ferries in Uganda,4,Category:Water transport in Uganda,59,0,Other,,1
Category:Kazinga Channel,4,Category:Rivers of Uganda,59,2,Other,,1
Category:Kabale District,4,"Category:Western Region, Uganda",58,8,Geography,,1
Category:Lira University,4,Category:Universities in Uganda,58,1,Other,,1
Category:Pineapples in Uganda,4,Category:Fruit of Uganda,58,0,Other,,1
Category:Unidentified locations in Uganda,2,Category:Unidentified subjects in Uganda,58,2,Other,,0
Category:Zika Forest,3,Category:Uganda Virus Research Institute,58,0,Environment,,0
Category:Casspir in Ugandan service,4,Category:Armored fighting vehicles of Uganda,57,0,Other,,1
Category:Kasese District,4,"Category:Western Region, Uganda",57,18,Geography,,1
Category:People of Buganda,3,Category:Buganda,57,1,People,,0
Category:Photos of Uganda by ISS Expedition 30 Crew Earth Observations,4,Category:Photos of Uganda from ISS,57,0,Other,,1
Category:Camp Singo,3,Category:Military of Uganda,56,1,Other,,0
Category:Construction workers in Uganda,3,Category:Construction in Uganda,56,0,Other,,0
Category:Fish of Uganda,3,Category:Food of Uganda,56,7,Other,,0
Category:Ganda people,3,Category:Ethnic groups in Uganda,56,6,People,,0
Category:Rail transport in Kampala,3,Category:Rail transport in Uganda,56,1,Buildings,,0
Category:Videos from Wiki Loves Folklore 2025 in Uganda,4,Category:Wiki Loves Folklore 2025 in Uganda,56,0,Culture,Wiki Loves Folklore,1
Category:American football in Uganda,4,Category:Sports in Uganda by sport,55,0,Sports,,1
Category:Bushenyi District,4,"Category:Western Region, Uganda",55,5,Geography,,1
Category:Relations of Uganda and the United Kingdom,4,Category:Bilateral relations of Uganda,55,6,Other,,1
Category:Saint Mary's Cathedral Rubaga,3,"Category:National Cultural Sites in Central Region, Uganda",55,1,Other,,0
Category:Searching for mountain gorillas in Bwindi Impenetrable National Park,4,Category:Bwindi Impenetrable National Park,55,0,Geography,,1
Category:Sports competitions in Uganda,4,Category:Sports events in Uganda,55,1,Sports,,1
Category:Unidentified Angiosperms in Uganda,3,Category:Unidentified plants in Uganda,55,1,Other,,0
Category:Impatiens niamniamensis,4,Category:Flora of Uganda,54,0,Other,,1
Category:Hospitals in Uganda,4,Category:Medical buildings in Uganda,53,6,Buildings,,1
Category:Katwe Salt lake,4,Category:Salt mining in Uganda,53,0,Geography,,1
Category:Kiganda dance,3,Category:Dance of Uganda,53,0,Culture,,0
Category:Papaya in Uganda,4,Category:Fruit of Uganda,53,1,Other,,1
Category:Rugby union in Uganda,4,Category:Sports in Uganda by sport,53,0,Sports,,1
Category:2026 in Uganda,3,Category:Uganda by year,52,8,History,,0
Category:Bilateral maps of Uganda,4,Category:Bilateral relations of Uganda,52,0,Geography,,1
Category:Campus of African College of Commerce and Technology,4,Category:African College of Commerce and Technology,52,0,Education,,1
Category:Kuhingira Ceremony,4,Category:Introduction ceremonies in Uganda,52,0,Other,,1
Category:Nakivubo Stadium,4,Category:Cultural buildings in Kampala,52,0,Sports,,1
Category:Rubirizi District,4,"Category:Western Region, Uganda",52,3,Geography,,1
Category:Wikidata @13 Birthday Celebrations (2025),4,Category:Wikidata Birthdays in Uganda,52,0,Culture,,1
Category:Bird nests in Uganda,4,Category:Animal-built objects in Uganda,51,0,Other,,1
Category:Blue sky in Uganda,4,Category:Sky over Uganda by colour,51,0,Other,,1
Category:Elizabeth II of the United Kingdom,4,Category:Monarchs of Uganda,51,30,Other,,1
Category:Kibale National Park,4,Category:Forests in Uganda,51,3,Environment,,1
Category:Mount Elgon National Park,4,Category:National parks of Uganda,51,3,Environment,,1
Category:People at work in Uganda,3,Category:Labour in Uganda,51,1,People,,0
Category:Uganda Railway,3,Category:Rail transport in Uganda,51,6,Buildings,,0
Category:Animals of Entebbe,4,Category:Animals of Uganda,50,1,Environment,,1
Category:Bridges in Uganda,4,Category:Transport infrastructure in Uganda,50,3,Buildings,,1
Category:Cooking fires in Uganda,4,Category:Firewood in Uganda,50,0,Other,,1
Category:Cycling in Uganda,3,Category:Transport in Uganda,50,1,Other,,0
Category:Entongooli,3,Category:Musical instruments of Uganda,50,0,Other,,0
Category:Luo people,3,Category:Ethnic groups in Uganda,50,8,People,,0
Category:Matoke Cooking Plantains,4,Category:Cuisine of Uganda,50,1,Other,,1
Category:Muwenda Mutebi II of Buganda,4,Category:Men of Uganda by name,50,0,Other,,1
Category:Old maps of Uganda,2,Category:History of Uganda,50,4,Geography,,0
Category:Swahili Wikipedia,4,Category:Swahili language,50,1,Other,,1
Category:Wedding ceremonies in Uganda,3,Category:Traditions of Uganda,50,0,Other,,0
Category:Bwindi Impenetrable National Park in the 2000s,4,Category:Uganda in the 2000s,49,0,Environment,,1
Category:Entebbe Raid,4,Category:Aviation accidents and incidents in Uganda,49,3,Other,,1
Category:Luwombo,4,Category:Cuisine of Uganda,49,0,Other,,1
Category:Motorcycles in Uganda,4,Category:Vehicles in Uganda by type,49,3,Other,,1
Category:Uganda Police FC,3,Category:Police of Uganda,49,0,Government,,0
Category:WikiForHumanRights 2020 in Uganda,3,Category:2020 Wikimedia movement in Uganda,49,0,History,,0
Category:Owen Falls Dam,3,Category:Dams in Uganda,48,0,Other,,0
Category:Pit latrines in Uganda,4,Category:Toilets in Uganda,48,1,Other,,1
Category:Uganda national rugby sevens team,4,Category:National sports teams of Uganda,48,1,Sports,,1
Category:Entebbe Botanical Gardens,3,"Category:National Cultural Sites in Central Region, Uganda",47,0,Other,,0
Category:Fishing boats of Uganda,3,Category:Commercial fishing in Uganda,47,0,Other,,0
Category:Kabaka Coronation rugby competitions,4,Category:Sports in Buganda,47,0,Sports,,1
Category:Kisoro District,4,"Category:Western Region, Uganda",47,8,Geography,,1
Category:Makerere University,4,Category:Universities in Uganda,47,11,Other,,1
Category:Mbarara District,4,"Category:Western Region, Uganda",47,3,Geography,,1
Category:Musicians from Uganda,3,Category:Music of Uganda,47,10,People,,0
Category:Old maps of Lake Victoria,3,Category:Old maps of Uganda,47,1,Geography,,0
Category:Wetlands of Uganda,3,Category:Bodies of water in Uganda,47,9,Other,,0
Category:Army of Uganda,3,Category:Military of Uganda,46,3,Other,,0
Category:Education in Kampala,3,Category:Education in Uganda by city,46,4,Education,,0
Category:Handicrafts of Uganda,2,Category:Culture of Uganda,46,1,Other,,0
Category:Mabamba Bay Wetland System,4,Category:Wetlands of Uganda,46,0,Other,,1
Category:Mangoes of Uganda,4,Category:Fruit of Uganda,46,1,Other,,1
Category:Royal Palace of Nkore,2,Category:History of Uganda,46,0,Other,,0
"Category:Wiki University Club, Kabale University",4,Category:Wiki University Clubs,46,0,Other,,1
Category:Events for WikiForHumanRights 2024 in Uganda,4,Category:WikiForHumanRights 2024 in Uganda,45,0,History,,1
Category:Headcarrying in Uganda,4,Category:Human-powered transport in Uganda,45,0,Other,,1
Category:Lake Victoria,4,Category:Lakes of Uganda,45,22,Geography,,1
Category:Military people of Uganda,3,Category:Military of Uganda,45,5,People,,0
Category:Photographs of flags of Uganda,3,Category:Flags of Uganda by type of image,45,4,Other,,0
Category:2014 in Uganda,3,Category:Uganda by year,44,6,History,,0
Category:Lakes of Uganda,3,Category:Bodies of water in Uganda,44,35,Geography,,0
Category:Nature of Kampala,3,Category:Nature of Uganda,44,3,Environment,,0
Category:Nile perch of Uganda,4,Category:Fish of Uganda,44,0,Other,,1
Category:PK machine gun in Ugandan service,3,Category:Military equipment of Uganda,44,0,Other,,0
Category:Photographs of flags of Uganda in Kampala,3,Category:Culture of Kampala,44,0,Other,,0
Category:Unidentified fungi in Uganda,2,Category:Unidentified subjects in Uganda,44,0,Other,,0
"Category:Wikisource @22 birthday,2025 in Uganda",4,Category:GLAM in Uganda,44,0,History,,1
Category:Karamoja,4,"Category:Northern Region, Uganda",43,2,Other,,1
Category:Natural Fire 10,4,Category:Military exercises of Uganda,43,0,Other,,1
Category:Chapati making in Uganda,4,Category:Food preparation in Uganda,42,0,Other,,1
Category:Folklore culture of Uganda,3,Category:Folklore of Uganda,42,0,Culture,,0
Category:Huts in Uganda,4,Category:Vernacular architecture of Uganda,42,1,Other,,1
Category:Kalo(millet bread) of Uganda,3,Category:Food of Uganda,42,0,Other,,0
Category:Rail transport in Uganda,2,Category:Uganda by topic,42,10,Buildings,,0
Category:Rain in Uganda,4,Category:Water in Uganda,42,2,Other,,1
Category:Sculptures in Uganda,4,Category:Art in Uganda,42,5,Other,,1
Category:Ssese Islands,3,"Category:National Cultural Sites in Central Region, Uganda",42,1,Geography,,0
Category:Swahili language,3,Category:Languages of Uganda,42,11,Other,,0
Category:Tea plantations in Uganda,4,Category:Plantations in Uganda,42,0,Other,,1
Category:Baskets of Uganda,3,Category:Art of Uganda,41,0,Other,,0
Category:Events in Uganda,2,Category:Culture of Uganda,41,17,Other,,0
Category:Kabaka Birthday Run,3,Category:Sports in Uganda,41,0,Other,,0
Category:Kabarole District,4,"Category:Western Region, Uganda",41,3,Geography,,1
Category:Kampala Workshop 2015,4,Category:Events in Kampala,41,0,Other,,1
"Category:Méstil Hotel, Kampala",4,Category:Hotels in Kampala,41,0,Other,,1
Category:Oyam District,4,"Category:Northern Region, Uganda",41,0,Geography,,1
Category:Shops in Uganda,3,Category:Buildings in Uganda by function,41,8,Other,,0
Category:Videos from Uganda,2,Category:Uganda by media type,41,3,Other,,0
Category:Virunga Mountains,4,Category:Mountains of Uganda,41,15,Geography,,1
Category:Andrew Gutti,4,Category:Men of Uganda by name,40,0,Other,,1
Category:Busitema University,4,Category:Universities in Uganda,40,2,Other,,1
Category:Rakai District,4,"Category:Central Region, Uganda",40,4,Geography,,1
Category:Semuliki National Park,4,Category:National parks of Uganda,40,1,Environment,,1
Category:Uganda Railway museum,4,Category:Uganda Railway,40,0,Buildings,,1
Category:Videos from Wiki Loves Folklore 2026 in Uganda,4,Category:Wiki Loves Folklore 2026 in Uganda,40,0,Culture,Wiki Loves Folklore,1
Category:Community Mega Wikipedia Edit-a-thon 2025,3,Category:Wikimedia Community User Group Uganda,39,0,Wikimedia community,,0
Category:Crater lakes in Uganda,4,Category:Lakes of Uganda,39,2,Geography,,1
Category:Girls of Uganda,2,Category:Uganda by topic,39,0,Other,,0
Category:Lake Albert (Uganda),4,Category:Lakes of Uganda,39,1,Geography,,1
Category:Masindi,4,"Category:Western Region, Uganda",39,3,Other,,1
Category:Photographs of Uganda in the Matson Collection,2,Category:History of Uganda,39,0,Other,,0
Category:Soga people,3,Category:Ethnic groups in Uganda,39,0,People,,0
Category:Unidentified plants in Uganda,2,Category:Unidentified subjects in Uganda,39,2,Environment,,0
Category:Group photographs in Uganda,4,Category:Photographs of Uganda,38,0,Other,,1
Category:Islam in Uganda,3,Category:Religion in Uganda,38,5,Other,,0
Category:Mise Cave,3,"Category:National Cultural Sites in Eastern Region, Uganda",38,0,Other,,0
Category:Pumpkins in Uganda,4,Category:Vegetables of Uganda,38,0,Other,,1
Category:Rivers of Uganda,3,Category:Bodies of water in Uganda,38,20,Geography,,0
Category:The Uganda protectorate (1902),3,Category:Books about Uganda,38,0,Other,,0
Category:Cemetery of the Polish refugees in Koja,3,Category:Refugee camps in Uganda,37,0,Other,,0
Category:Karambi tombs,3,"Category:National Cultural Sites in Western Region, Uganda",37,0,Other,,0
Category:Mabira Forest,3,"Category:National Cultural Sites in Central Region, Uganda",37,0,Environment,,0
Category:Politicians of Uganda,2,Category:Politics of Uganda,37,15,People,,0
Category:Source of the Nile (marker),3,"Category:National Cultural Sites in Eastern Region, Uganda",37,0,Other,,0
Category:Source of the Nile Dance,3,Category:Dance of Uganda,37,0,Culture,,0
Category:Uganda in the 19th century,3,Category:Uganda by century,37,2,Other,,0
Category:Wiki Loves Monuments 2019 in Uganda,3,Category:2019 Wikimedia movement in Uganda,37,1,Buildings,Wiki Loves Monuments,0
Category:Animals of Bwindi Impenetrable National Park,4,Category:Animals of Uganda,36,2,Environment,,1
Category:Aruu Falls,3,"Category:National Cultural Sites in Northern Region, Uganda",36,0,Other,,0
Category:Beans in Uganda,4,Category:Vegetables of Uganda,36,1,Other,,1
Category:Firewood in Uganda,3,Category:Energy in Uganda,36,3,Other,,0
Category:Mgahinga Gorilla National Park,4,Category:National parks of Uganda,36,2,Environment,,1
Category:Nikkah Ceremonies in Uganda,4,Category:Weddings in Uganda,36,0,Other,,1
"Category:Omuti gwe Ddembe, Entebbe",3,"Category:National Cultural Sites in Central Region, Uganda",36,0,Other,,0
Category:Through Uganda to Mount Elgon (1909),3,Category:Books about Uganda,36,0,Other,,0
Category:Yellow birds of Uganda,4,Category:Birds of Uganda by color,36,0,Environment,,1
Category:2024 annual general meeting for Wikimedia Community User Group Uganda,3,Category:2024 Wikimedia movement in Uganda,35,0,Wikimedia community,,0
Category:Animals at Lake Bunyonyi,4,Category:Animals of Uganda,35,0,Geography,,1
Category:Bari people,3,Category:Ethnic groups in Uganda,35,1,People,,0
Category:Buganda,2,Category:History of Uganda,35,12,Other,,0
Category:Dracaena hanningtonii,4,Category:Flora of Uganda,35,2,Other,,1
Category:Economy of Uganda,1,Category:Uganda,35,30,Economy,,0
Category:Fish farming in Uganda,4,Category:Animal husbandry in Uganda,35,0,Other,,1
Category:Mahatima Gandhi monument (Uganda),3,"Category:National Cultural Sites in Eastern Region, Uganda",35,0,Buildings,,0
Category:Namirembe Cathedral,3,"Category:National Cultural Sites in Central Region, Uganda",35,1,Other,,0
Category:National Cultural Sites in Uganda without known IDs,3,Category:National Cultural Sites in Uganda,35,0,Culture,,0
Category:Transport in Jinja,4,Category:Transport in Uganda by city,35,1,Buildings,,1
Category:Uganda Museum,3,"Category:National Cultural Sites in Central Region, Uganda",35,2,Buildings,,0
Category:Views of Virunga Mountains from Uganda,2,Category:Views of Uganda,35,3,Geography,,0
Category:Women wearing headscarves in Uganda,4,Category:Women of Uganda,35,0,People,,1
Category:1961 in Kampala,4,Category:1961 in Uganda,34,0,Other,,1
Category:Jewellery of Uganda,2,Category:Culture of Uganda,34,1,Other,,0
Category:Kagan Kochia,4,Category:Luo people,34,0,Other,,1
Category:Kampala in the 2010s,4,Category:Kampala by decade,34,3,Other,,1
Category:Ruhakana Rugunda,3,Category:Physicians from Uganda,34,0,Other,,0
Category:Stephen Kiprotich,4,Category:Men of Uganda by name,34,0,Other,,1
Category:Trains in EAR maroon livery,4,Category:East African Railways,34,0,Other,,1
Category:Uganda by Pen and Camera,3,Category:Books about Uganda,34,0,Other,,0
Category:2009 Lake Victoria Il-76 crash,3,Category:History of Lake Victoria,33,0,Geography,,0
Category:Beaches of Lake Victoria,4,Category:Beaches of Uganda,33,0,Geography,,1
Category:Government ministers of Uganda,3,Category:Government of Uganda,33,17,Government,,0
Category:Hotels in Uganda,4,Category:Accommodation buildings in Uganda,33,17,Other,,1
Category:The Story of the Life of Mackay of Uganda (1891),3,Category:Uganda in art,33,0,Other,,0
Category:Tooro Palace,3,"Category:National Cultural Sites in Western Region, Uganda",33,0,Other,,0
Category:Uganda Wildlife Authority,3,Category:Government of Uganda,33,0,Environment,,0
Category:Valleys of Uganda,3,Category:Landforms of Uganda,33,0,Other,,0
Category:Valued images of Uganda,3,Category:Images of Uganda,33,0,Other,,0
Category:Vehicles in Uganda,2,Category:Uganda by topic,33,8,Other,,0
Category:East African Railways - EAR 1953 Steam & diesel catalogue,4,Category:East African Railways,32,0,Buildings,,1
Category:East African montane moorlands,4,Category:Ecoregions of Uganda (One Earth),32,1,Other,,1
Category:HIV/AIDS in Uganda,3,Category:Diseases and disorders in Uganda,32,0,Health,,0
Category:Hills of Uganda,3,Category:Landforms of Uganda,32,4,Other,,0
Category:Mount Stanley,4,Category:Mountains of Uganda,32,0,Other,,1
Category:SVG road signs in Uganda,4,Category:SVG of Uganda,32,7,Buildings,,1
Category:Satellite pictures of Lake Victoria,4,Category:Satellite pictures of lakes of Uganda,32,0,Geography,,1
Category:Adungu,3,Category:Musical instruments of Uganda,31,0,Other,,0
Category:Nkole people,3,Category:Ethnic groups in Uganda,31,0,People,,0
Category:Places in Uganda,2,Category:Uganda by topic,31,3,Other,,0
Category:Public toilets in Uganda,4,Category:Toilets in Uganda,31,0,Other,,1
Category:Rocks in Uganda,4,Category:Petrology of Uganda,31,11,Other,,1
Category:Tanda pits,4,Category:Protected areas of Uganda,31,0,Other,,1
Category:19th-century maps of Uganda,3,Category:Old maps of Uganda,30,1,Geography,,0
Category:2011 in Uganda,3,Category:Uganda by year,30,5,History,,0
Category:29th SuSanA meeting,4,Category:2020 in Uganda,30,0,Other,,1
Category:Amabeere ga Nyina Mwiru,4,Category:Caves in Uganda,30,0,Other,,1
Category:Brandon Davies,4,Category:Men of Uganda by name,30,0,Other,,1
"Category:Central Region, Uganda",3,Category:Regions of Uganda,30,36,Geography,,0
Category:Gisu people,3,Category:Ethnic groups in Uganda,30,0,People,,0
Category:Kabale Regional Museum,3,Category:Museums in Uganda,30,0,Buildings,,0
Category:Locator maps of cities in Uganda,4,Category:Locator maps of Uganda,30,0,Geography,,1
Category:Protective masks during the COVID-19 pandemic in Uganda,3,Category:COVID-19 pandemic in Uganda,30,0,Health,,0
Category:Students in Uganda,2,Category:Education in Uganda,30,1,Education,,0
Category:Uganda National Cultural Centre,3,"Category:National Cultural Sites in Central Region, Uganda",30,0,Culture,,0
Category:Water supply in Uganda,4,Category:Water supply and sanitation in Uganda,30,2,Other,,1
Category:Art of Uganda,2,Category:Uganda by topic,29,13,Culture,,0
"Category:Arua District, Uganda",4,"Category:Northern Region, Uganda",29,3,Geography,,1
Category:Buvuma Island,3,"Category:National Cultural Sites in Central Region, Uganda",29,0,Geography,,0
Category:History of Entebbe,2,Category:History of Uganda,29,1,History,,0
Category:Kiwa Heritage Hot Springs,4,"Category:Western Region, Uganda",29,0,History,,1
Category:Lake Edward,4,Category:Lakes of Uganda,29,1,Geography,,1
Category:MONUSCO during operations against ADF,4,Category:Allied Democratic Forces insurgency,29,0,Other,,1
Category:Maps of Lake Victoria,3,Category:Maps of Uganda,29,2,Geography,,0
Category:Matooke dishes,4,Category:Cuisine of Uganda,29,0,Other,,1
Category:Ngamba Island Chimpanzee Sanctuary,4,Category:National parks of Uganda,29,0,Geography,,1
Category:Ripples (water waves) in Uganda,4,Category:Water waves of Uganda,29,0,Other,,1
"Category:Wiki University Club, Lira University",4,Category:Wiki University Clubs,29,1,Other,,1
Category:Ziwa Rhino Sanctuary,4,Category:Protected areas of Uganda,29,0,Other,,1
Category:97.7 Record FM,3,Category:Radio of Uganda,28,0,Other,,0
Category:Hamis Kiggundu,4,Category:Men of Uganda by name,28,0,Other,,1
Category:Jackfruit of Uganda,4,Category:Fruit of Uganda,28,0,Other,,1
Category:Kisiizi Falls,3,"Category:National Cultural Sites in Western Region, Uganda",28,0,Other,,0
Category:Luganda Wikipedia,3,Category:Wikimedia Community User Group Uganda,28,4,Other,,0
Category:Nairobi railway station,4,Category:Uganda Railway,28,0,Buildings,,1
Category:Sam Kavuma,4,Category:Men of Uganda by name,28,0,Other,,1
Category:Uganda women's national rugby sevens team,4,Category:National sports teams of Uganda,28,0,People,,1
Category:Breakdance in Uganda,3,Category:Dance of Uganda,27,0,Other,,0
Category:Bundibugyo District,4,"Category:Western Region, Uganda",27,3,Geography,,1
Category:Coffee in Mbale,4,Category:Coffee in Uganda,27,0,Other,,1
Category:Denis Ssebugwawo Monument,3,Category:Monuments and memorials in Uganda,27,0,Buildings,,0
Category:Flowers of Uganda,4,Category:Flora of Uganda,27,4,Other,,1
"Category:International Women's Day 2019, Kampala edit-a-thon",4,Category:WikiGap 2019 in Kampala,27,0,Wikimedia community,,1
Category:Kyamuhunga Peoples SACCO,4,Category:Credit unions in Uganda,27,0,Other,,1
Category:Marriage in Uganda,2,Category:Culture of Uganda,27,2,Other,,0
Category:Masaka District,4,"Category:Central Region, Uganda",27,7,Geography,,1
Category:Photographs of flags of Uganda in Central Region,4,"Category:Central Region, Uganda",27,1,Geography,,1
Category:Public Libraries in Uganda,4,Category:GLAM in Uganda,27,2,Education,,1
Category:Sukuma wiki,4,Category:Cuisine of Uganda,27,0,Other,,1
Category:UDD toilets in Uganda,4,Category:Toilets in Uganda,27,0,Other,,1
Category:Videos from Wiki Loves Folklore 2024 in Uganda,3,Category:Folklore of Uganda,27,0,Culture,Wiki Loves Folklore,0
Category:Wiki for Refugees 2023 in Uganda,3,Category:2023 Wikimedia movement in Uganda,27,0,Wikimedia community,,0
Category:2007 in aviation in Uganda,4,Category:Aviation in Uganda by year,26,1,Other,,1
Category:7th Battalion (Uganda),4,Category:Army of Uganda,26,0,Other,,1
Category:Alice Kibombo,4,Category:Women of Uganda by name,26,1,Other,,1
Category:Animals of Murchison Falls National Park,4,Category:Animals of Uganda,26,4,Environment,,1
Category:Buikwe District,4,"Category:Central Region, Uganda",26,3,Geography,,1
Category:Christine Alalo,3,Category:Police of Uganda,26,0,Other,,0
Category:Healthcare in Uganda,2,Category:Health in Uganda,26,13,Other,,0
Category:Independence Monument (Kampala),3,"Category:National Cultural Sites in Central Region, Uganda",26,0,Buildings,,0
Category:Informal settlements in Kampala,4,Category:Slums in Uganda,26,0,Geography,,1
Category:Joshua Kiprui Cheptegei,4,Category:Men of Uganda by name,26,0,Other,,1
Category:Kamuli,4,"Category:Eastern Region, Uganda",26,1,Other,,1
Category:Maps of Lake Victoria on stamps,4,Category:Maps of Lake Victoria,26,0,Geography,,1
Category:Maps of the White Nile,3,Category:Maps of Uganda,26,0,Geography,,0
Category:Markets in Kampala,4,Category:Commerce in Kampala,26,2,Economy,,1
Category:Military women of Uganda,4,Category:Women of Uganda by occupation,26,0,People,,1
Category:Mount Elgon,4,Category:Volcanoes in Uganda,26,0,Other,,1
Category:Mukono,4,"Category:Central Region, Uganda",26,1,Other,,1
Category:Mukono District,4,"Category:Central Region, Uganda",26,9,Geography,,1
Category:Nyakasura Falls,4,Category:Waterfalls in Uganda,26,1,Other,,1
Category:Poultry of Uganda,4,Category:Animal husbandry in Uganda,26,3,Other,,1
Category:Ribbon bars of Uganda,2,"Category:Orders, decorations and medals of Uganda",26,0,Other,,0
Category:Tefiro Kisosonkole church,3,"Category:National Cultural Sites in Central Region, Uganda",26,0,Other,,0
Category:Twa people,4,Category:Batwa,26,3,People,,1
Category:Views of Mount Gahinga from Uganda,3,Category:Views of Virunga Mountains from Uganda,26,0,Other,,0
Category:Views of Mount Muhabura from Uganda,3,Category:Views of Virunga Mountains from Uganda,26,0,Other,,0
Category:Watermelons in Uganda,4,Category:Fruit of Uganda,26,0,Other,,1
Category:Association football supporters of Uganda,4,Category:Football in Uganda,25,0,Sports,,1
Category:Catfish of Uganda,4,Category:Fish of Uganda,25,0,Other,,1
Category:Chapati in Uganda,3,Category:Food of Uganda,25,3,Other,,0
Category:Dick Olum,4,Category:Men of Uganda by name,25,0,Other,,1
Category:Equator in Uganda,2,Category:Geography of Uganda,25,3,Other,,0
Category:Kingdom of Tooro,2,Category:History of Uganda,25,3,Other,,0
Category:Lake Mburo National Park,4,Category:National parks of Uganda,25,2,Geography,,1
Category:Mammals of Uganda,4,Category:Animals of Uganda,25,15,Other,,1
Category:Milton Obote,4,Category:Presidents of Uganda,25,0,Other,,1
Category:Mitooma District,4,"Category:Western Region, Uganda",25,0,Geography,,1
Category:Nature of Entebbe,3,Category:Nature of Uganda,25,6,Environment,,0
"Category:Presentation of credentials to President Volodymyr Zelenskyy by ambassadors of foreign countries to Ukraine, 22 April 2024",3,Category:Uganda in the Russo-Ukrainian War,25,0,Other,,0
Category:School children in Uganda,3,Category:Children of Uganda,25,0,People,,0
Category:Smiling people in Uganda,3,Category:People in Uganda,25,0,People,,0
Category:Videos from Wiki Loves Earth 2025 in Uganda,4,Category:Wiki Loves Earth 2025 in Uganda,25,0,History,Wiki Loves Earth,1
Category:Wikipedia Uganda,2,Category:Wikimedia movement in Uganda,25,0,Other,,0
Category:Artists from Uganda,3,Category:Art of Uganda,24,7,People,,0
Category:Batwa,3,Category:Ethnic groups in Uganda,24,2,Other,,0
Category:Bigodi Wetland Sanctuary,4,Category:Protected areas of Uganda,24,0,Other,,1
Category:Bugiri District,4,"Category:Eastern Region, Uganda",24,0,Geography,,1
Category:Diagrams of temporary road signs of Uganda,4,Category:Diagrams of road signs of Uganda,24,0,Charts and data,,1
Category:Eggs in Uganda,4,Category:Eggs of Uganda,24,0,Other,,1
Category:Endongo,3,Category:Musical instruments of Uganda,24,0,Other,,0
Category:Fur clothing of native people of Uganda,3,Category:Clothing of Uganda,24,0,People,,0
Category:Kabaka Palace,3,Category:Places in Uganda,24,0,Other,,0
Category:Kachumbari,4,Category:Cuisine of Uganda,24,0,Other,,1
Category:Kayunga District,4,"Category:Central Region, Uganda",24,1,Geography,,1
Category:Musical instruments of Uganda,2,Category:Objects of Uganda,24,9,Other,,0
Category:Mutesa II of Buganda,4,Category:Presidents of Uganda,24,1,Other,,1
Category:Nilotic peoples,3,Category:Ethnic groups in Uganda,24,4,Other,,0
Category:Nyakasura School,3,Category:Schools in Uganda,24,1,Buildings,,0
Category:Nyangatom people,3,Category:Ethnic groups in Uganda,24,0,People,,0
Category:Pigs in Uganda,4,Category:Animal husbandry in Uganda,24,1,Other,,1
Category:Relations of Estonia and Uganda,4,Category:Bilateral relations of Uganda,24,0,Other,,1
Category:Statues in Uganda,3,Category:Monuments and memorials in Uganda,24,5,Other,,0
Category:Swimming pools in Uganda,4,Category:Water in Uganda,24,0,Other,,1
Category:Uganda in the 2000s,3,Category:Uganda by decade,24,17,Other,,0
Category:White fungi in Uganda,4,Category:White impressions in Uganda,24,0,Other,,1
Category:Wiki Loves Sport day 2025 in Uganda,4,Category:Wiki Loves Sport 2025 in Uganda,24,0,Sports,,1
Category:2016 in Uganda,3,Category:Uganda by year,23,4,History,,0
Category:Albert Ruskin Cook,3,Category:Physicians from Uganda,23,1,Other,,0
Category:Brown fungi in Uganda,4,Category:Brown impressions in Uganda,23,0,Other,,1
Category:Caves in Uganda,3,Category:Landforms of Uganda,23,8,Other,,0
Category:Fredrick Mugisha,4,Category:Men of Uganda by name,23,0,Other,,1
Category:Gates in Uganda,3,Category:Architectural elements in Uganda,23,3,Other,,0
Category:History of Kampala,2,Category:History of Uganda,23,5,History,,0
Category:History of Lake Victoria,2,Category:History of Uganda,23,2,Geography,,0
Category:Jane Frances Abodo,4,Category:Women of Uganda by name,23,0,Other,,1
Category:Kabale University,4,Category:Universities in Uganda,23,1,Other,,1
Category:Les sources du Nil (1867),4,Category:Books about Lake Victoria,23,0,Other,,1
Category:Lopeichubei Central Forest Reserve,4,Category:Protected areas of Uganda,23,0,Environment,,1
Category:Lord's Resistance Army,4,Category:Christianity in Uganda,23,3,Other,,1
Category:Mbarara University of Science and Technology,4,Category:Universities in Uganda,23,0,Other,,1
Category:Neighbourhoods in Uganda,3,Category:Political geography of Uganda,23,1,Other,,0
Category:Nyamwamba River,4,Category:Rivers of Uganda,23,0,Geography,,1
Category:Pearl of Africa Tourism Expo 2025,4,Category:Pearl of Africa Tourism Expo,23,0,Economy,,1
Category:Plantations in Uganda,3,Category:Agriculture in Uganda,23,3,Other,,0
Category:Rail tracks in Uganda,3,Category:Rail transport in Uganda,23,0,Other,,0
Category:Relations of Uganda and the International Atomic Energy Agency,4,Category:Bilateral relations of Uganda,23,0,Other,,1
Category:Shaka Ssali,4,Category:Men of Uganda by name,23,0,Other,,1
Category:Shops in Kampala,4,Category:Buildings in Kampala by function,23,1,Other,,1
Category:Weaving in Uganda,2,Category:Culture of Uganda,23,2,Other,,0
"Category:Western Region, Uganda",3,"Category:National Cultural Sites in Western Region, Uganda",23,43,Geography,,0
Category:Black and white photographs of Uganda,4,Category:Photographs of Uganda,22,0,Other,,1
Category:Bunyoro,2,Category:History of Uganda,22,0,Other,,0
Category:Collections of the Uganda Museum,4,Category:Uganda Museum,22,0,Buildings,,1
Category:Commerce in Uganda,2,Category:Economy of Uganda,22,6,Other,,0
Category:DPM camouflage pattern of the Uganda Police Force,3,Category:Police of Uganda,22,0,Government,,0
Category:Eggs of Uganda,3,Category:Food of Uganda,22,2,Other,,0
Category:Enanga (trough zither),3,Category:Musical instruments of Uganda,22,0,Other,,0
Category:Exercise in Uganda,2,Category:Health in Uganda,22,0,Other,,0
Category:GLAM 2024 in Uganda,4,Category:GLAM in Uganda,22,0,History,,1
Category:Hellen Obol,4,Category:Women of Uganda by name,22,0,Other,,1
Category:Horses of Uganda,4,Category:Animal husbandry in Uganda,22,0,Other,,1
Category:Jinja Pier,3,"Category:National Cultural Sites in Eastern Region, Uganda",22,0,Other,,0
Category:Police of Uganda,2,Category:Organizations of Uganda,22,6,Government,,0
Category:Relations of India and Uganda,4,Category:Bilateral relations of Uganda,22,2,Other,,1
Category:Swamps in Uganda,4,Category:Wetlands of Uganda,22,0,Other,,1
Category:Wikimedia Community User Group Uganda Brand Materials,3,Category:Wikimedia Community User Group Uganda,22,0,Wikimedia community,,0
Category:33rd Battalion (Uganda),4,Category:Army of Uganda,21,0,Other,,1
Category:Animal husbandry in Uganda,3,Category:Agriculture in Uganda,21,12,Environment,,0
Category:BRIMS Uganda,3,Category:Museums in Uganda,21,0,Other,,0
Category:Buses in Uganda,4,Category:Vehicles in Uganda by type,21,1,Other,,1
Category:Chefs from Uganda,4,Category:Cuisine of Uganda,21,0,Other,,1
Category:Drainage canals in Uganda,4,Category:Drainage in Uganda,21,0,Other,,1
Category:Election apportionment diagrams of Uganda,2,Category:Uganda by topic,21,0,Charts and data,,0
Category:Floods in Uganda,3,Category:Bodies of water in Uganda,21,7,Other,,0
Category:Fungi of Rwenzori Mountains National Park,4,Category:Fungi of Uganda,21,0,Geography,,1
Category:Henry Kalungi,4,Category:Men of Uganda by name,21,0,Other,,1
Category:Hot springs in Uganda,4,Category:Volcanism of Uganda,21,9,Other,,1
Category:Jacob Araptany,4,Category:Men of Uganda by name,21,0,Other,,1
Category:Kalangala District,4,"Category:Central Region, Uganda",21,2,Geography,,1
Category:Life expectancy charts for Uganda,2,Category:Health in Uganda,21,1,Charts and data,,0
Category:Mulago Hospital,3,"Category:National Cultural Sites in Central Region, Uganda",21,0,Buildings,,0
Category:Peruth Chemutai,4,Category:Women of Uganda by name,21,0,Other,,1
Category:Soroti,4,"Category:Eastern Region, Uganda",21,2,Other,,1
Category:Uganda Virus Research Institute,2,Category:Health in Uganda,21,1,Other,,0
Category:Unidentified Hemiptera of Uganda,4,Category:Unidentified insects of Uganda,21,0,Other,,1
Category:Unidentified lakes of Uganda,4,Category:Unidentified bodies of water in Uganda,21,0,Geography,,1
Category:Vegetables of Uganda,3,Category:Food of Uganda,21,20,Other,,0
Category:Wellcome - Uganda,2,Category:Health in Uganda,21,2,Other,,0
Category:Ambassadors of Uganda,3,Category:Government of Uganda,20,6,Other,,0
Category:Bukwo District,4,"Category:Eastern Region, Uganda",20,0,Geography,,1
Category:Egg dishes of Uganda,4,Category:Cuisine of Uganda,20,1,Other,,1
Category:Elephants in art of Uganda,3,Category:Art of Uganda,20,0,Culture,,0
Category:Featured pictures of animals in Uganda,4,Category:Animals of Uganda,20,1,Environment,,1
Category:Flora of Kibale National Park,4,Category:Flora of Uganda,20,0,Environment,,1
Category:Homesteads in Uganda,4,Category:Accommodation buildings in Uganda,20,0,Other,,1
Category:Kagera River,4,Category:Rivers of Uganda,20,3,Geography,,1
Category:Kitgum District,4,"Category:Northern Region, Uganda",20,2,Geography,,1
Category:Kween District,4,"Category:Eastern Region, Uganda",20,0,Geography,,1
Category:Masaka Secondary School,3,Category:Schools in Uganda,20,0,Buildings,,0
Category:Mityana District,4,"Category:Central Region, Uganda",20,2,Geography,,1
"Category:Mpigi District, Uganda",4,"Category:Central Region, Uganda",20,2,Geography,,1
Category:Pink flowers in Uganda,4,Category:Flowers of Uganda by color,20,0,Other,,1
Category:Rebecca Kadaga,2,Category:Speaker of the Parliament of Uganda,20,0,Other,,0
Category:Red flowers in Uganda,4,Category:Flowers of Uganda by color,20,0,Other,,1
Category:Teso people,3,Category:Ethnic groups in Uganda,20,0,People,,0
Category:Ugandan Xylophones,3,Category:Musical instruments of Uganda,20,0,Other,,0
Category:Waragi,4,Category:Beverages from Uganda,20,0,Other,,1
Category:1lib1ref in Uganda,2,Category:Wikimedia movement in Uganda,19,0,Other,,0
Category:2006 in Uganda,3,Category:Uganda by year,19,5,History,,0
Category:Adjumani,4,"Category:Northern Region, Uganda",19,0,Other,,1
Category:Beef dishes of Uganda,4,Category:Meat dishes of Uganda,19,0,Other,,1
Category:CIA World Factbook maps of Uganda,3,Category:Maps of Uganda,19,0,Geography,,0
Category:Edward Ssekandi,2,Category:Speaker of the Parliament of Uganda,19,0,Other,,0
Category:Gardens in Uganda,3,Category:Nature of Uganda,19,3,Other,,0
Category:Kampala in the 2000s,4,Category:Kampala by decade,19,1,Other,,1
Category:Kijunde Falls,4,Category:Waterfalls in Uganda,19,0,Other,,1
Category:Lake Kijanebalola,4,Category:Lakes of Uganda,19,0,Geography,,1
Category:Maps of Catholic dioceses of Uganda,3,Category:Maps of Uganda,19,0,Geography,,0
Category:MoU Signings of Wikimedia Community User Group Uganda,3,Category:Wikimedia Community User Group Uganda,19,0,Wikimedia community,,0
Category:Nabulagala Mapeera church,3,"Category:National Cultural Sites in Central Region, Uganda",19,0,Other,,0
Category:National Resistance Movement,3,Category:Political parties in Uganda,19,11,Other,,0
Category:Night in Kampala,3,Category:Views of Kampala,19,0,Other,,0
Category:Photos of Uganda by ISS Expedition 18 Crew Earth Observations,4,Category:Photos of Uganda from ISS,19,0,Other,,1
Category:Photos of Uganda by ISS Expedition 28 Crew Earth Observations,4,Category:Photos of Uganda from ISS,19,0,Other,,1
Category:Products of Uganda,2,Category:Uganda by topic,19,4,Other,,0
Category:Quality images of animals in Uganda,4,Category:Animals of Uganda,19,2,Environment,,1
"Category:Refugee netball competitions in Kikuube district, Kyangwaali Settlement",4,Category:Displaced persons in Uganda,19,0,Geography,,1
Category:Rubanda District,4,"Category:Western Region, Uganda",19,0,Geography,,1
Category:Shree Sanatan Dharma Mandal temple (Kampala),3,"Category:National Cultural Sites in Central Region, Uganda",19,0,Other,,0
Category:Taxis in Uganda,3,Category:Vehicles in Uganda,19,2,Other,,0
Category:The Uganda Society,2,Category:Organizations of Uganda,19,1,Other,,0
Category:Tutsi people,4,Category:Tutsi,19,6,People,,1
Category:Vaccinations in Uganda,3,Category:Healthcare in Uganda,19,0,Other,,0
Category:2017 in Uganda,3,Category:Uganda by year,18,9,History,,0
Category:Bahá'í House of Worship in Kampala,3,"Category:National Cultural Sites in Central Region, Uganda",18,0,Other,,0
Category:Beverages from Uganda,3,Category:Food of Uganda,18,7,Other,,0
Category:Bwindi Impenetrable Forest,4,Category:Forests in Uganda,18,1,Environment,,1
Category:Female musicians from Uganda,4,Category:Women of Uganda by occupation,18,9,People,,1
Category:Gayaza High School,2,Category:Education in Uganda,18,0,Buildings,,0
Category:Health maps of Uganda,2,Category:Health in Uganda,18,0,Geography,,0
Category:Ivory Tower building (Makerere University),3,"Category:National Cultural Sites in Central Region, Uganda",18,0,Buildings,,0
Category:Jie people,3,Category:Ethnic groups in Uganda,18,0,People,,0
Category:Judges from Uganda,3,Category:People of Uganda by occupation,18,3,Other,,0
Category:Kibubura Church,3,"Category:National Cultural Sites in Western Region, Uganda",18,0,Other,,0
Category:Kikuube District,4,"Category:Western Region, Uganda",18,2,Geography,,1
Category:Kitagata Hot Springs,3,"Category:National Cultural Sites in Western Region, Uganda",18,0,Other,,0
Category:Köppen-Geiger Climate Classification Maps for Uganda,4,Category:Maps of weather and climate of Uganda,18,0,Geography,,1
Category:Lake Nkuruba,4,"Category:Western Region, Uganda",18,0,Geography,,1
Category:Luganda Wikipedia Wiki GAP launch in Uganda 2023,4,Category:WIKIGAP Uganda 2023,18,0,Other,,1
Category:Munarya Cave,3,"Category:National Cultural Sites in Eastern Region, Uganda",18,0,Other,,0
Category:Oranges of Uganda,4,Category:Fruit of Uganda,18,0,Other,,1
Category:Photos of Uganda by ISS Expedition 26 Crew Earth Observations,4,Category:Photos of Uganda from ISS,18,0,Other,,1
Category:Refugees in Uganda,3,Category:People in Uganda,18,3,Other,,0
Category:Residential buildings in Kampala,4,Category:Buildings in Kampala by function,18,2,Buildings,,1
Category:SVG flags of Uganda,3,Category:Flags of Uganda by type of image,18,6,Other,,0
Category:Slums in Uganda,3,Category:Poverty in Uganda,18,1,Other,,0
Category:Sombe,4,Category:Cuisine of Uganda,18,0,Other,,1
Category:Speaker of the Parliament of Uganda,1,Category:Uganda,18,6,Government,,0
Category:Thatched roofs in Uganda,4,Category:Roofs in Uganda,18,0,Other,,1
Category:Traditional medicine in Uganda,3,Category:Healthcare in Uganda,18,2,Health,,0
Category:Water in Uganda,3,Category:Nature of Uganda,18,19,Other,,0
Category:Wiki for Refugees 2022 in Uganda,3,Category:2022 Wikimedia movement in Uganda,18,0,Wikimedia community,,0
Category:Wiki for Refugees in Uganda 2023,3,Category:2023 Wikimedia movement in Uganda,18,0,Wikimedia community,,0
Category:Yellow flowers in Uganda,4,Category:Flowers of Uganda by color,18,1,Other,,1
Category:Yellow sunsets of Uganda,4,Category:Sunsets of Uganda by color,18,0,Other,,1
Category:Christianity in Uganda,3,Category:Religion in Uganda,17,13,Other,,0
Category:Diagrams of information road signs of Uganda,4,Category:Diagrams of road signs of Uganda,17,1,Charts and data,,1
Category:Entertainment in Uganda,2,Category:Culture of Uganda,17,8,Other,,0
Category:Female police officers of Uganda,4,Category:Women of Uganda by occupation,17,0,Government,,1
Category:Flags of historical kingdoms of Uganda,3,Category:Historical flags of Uganda,17,1,History,,0
Category:Fort Portal Airport,4,Category:Airports in Uganda,17,0,Buildings,,1
"Category:Illustrations de Aux sources du Nil par Jules Leclercq, 1913",4,Category:Uganda Railway,17,0,Other,,1
Category:Interior of Gaddafi National Mosque,4,Category:Gaddafi National Mosque,17,0,Other,,1
Category:Jinja African Commonwealth war Cemetery,3,"Category:National Cultural Sites in Eastern Region, Uganda",17,0,Other,,0
Category:Karegyeya Rock shelter,3,"Category:National Cultural Sites in Western Region, Uganda",17,0,Other,,0
Category:Kibubura Girls' Secondary School,3,"Category:National Cultural Sites in Western Region, Uganda",17,0,Buildings,,0
Category:Kyenjojo District,4,"Category:Western Region, Uganda",17,0,Geography,,1
Category:Linguistic maps of the Swahili language,4,Category:Swahili language,17,0,Geography,,1
Category:Makindye Division,4,Category:Subdivisions of Uganda,17,1,Other,,1
Category:Mengo Hospital,3,Category:Wellcome - Uganda,17,0,Buildings,,0
Category:Mount Kadam,4,Category:Mountains of Uganda,17,0,Other,,1
Category:Ntungamo District,4,"Category:Western Region, Uganda",17,4,Geography,,1
Category:Omweso,4,Category:Sports in Buganda,17,0,Other,,1
Category:Peeling cassava in Uganda,4,Category:Food preparation in Uganda,17,0,Other,,1
Category:People of Uganda in 2014,4,Category:2014 in Uganda,17,0,People,,1
Category:People of Uganda in 2017,4,Category:2017 in Uganda,17,0,People,,1
Category:Refugees from Uganda,3,Category:People of Uganda,17,0,Other,,0
Category:Relations of Uganda and the United States,4,Category:Bilateral relations of Uganda,17,14,Other,,1
Category:Rwenzori-Virunga montane moorlands,4,Category:Wetlands of Uganda,17,2,Other,,1
Category:Rwenzururu,2,Category:History of Uganda,17,0,Other,,0
Category:Satellite pictures of Uganda,2,Category:Geography of Uganda,17,4,Other,,0
Category:Soils in Uganda,3,Category:Geology of Uganda,17,1,Other,,0
Category:Soroti University,4,Category:Universities in Uganda,17,1,Other,,1
Category:Unidentified Asterales in Uganda,4,Category:Asterales in Uganda,17,0,Other,,1
Category:Videos from Wiki Loves Africa 2025 in Uganda,4,Category:Wiki Loves Africa 2025 in Uganda,17,0,History,Wiki Loves Africa,1
Category:WikiGap in Uganda,2,Category:Wikimedia movement in Uganda,17,7,Other,,0
Category:1900s maps of Uganda,4,Category:Uganda in the 1900s,16,0,Geography,,1
Category:Animals of Mgahinga Gorilla National Park,4,Category:Animals of Uganda,16,2,Environment,,1
Category:Aquatic plants in Uganda,4,Category:Flora of Uganda,16,1,Environment,,1
Category:Army of the Democratic Republic of the Congo during operations against ADF,4,Category:Allied Democratic Forces insurgency,16,0,Other,,1
Category:ArtAndFeminism 2024 in Uganda Submissions,4,Category:ArtAndFeminism 2024 in Uganda,16,0,History,,1
Category:Ateker Community Museum,4,Category:Community Museums in Uganda,16,0,Buildings,,1
Category:Bakiga,3,Category:Ethnic groups in Uganda,16,0,Other,,0
Category:Biharwe Eclipse Monument,3,"Category:National Cultural Sites in Western Region, Uganda",16,0,Buildings,,0
Category:Bwindi Impenetrable National Park,3,Category:World Heritage Sites in Uganda,16,5,Environment,,0
Category:Climate change in Uganda,3,Category:Weather and climate of Uganda,16,2,Other,,0
Category:Cymbopogon nardus,4,Category:Flora of Uganda,16,0,Other,,1
Category:Displaced persons camps in Uganda,4,Category:Refugees in Uganda,16,0,People,,1
"Category:Eastern Region, Uganda",3,Category:Regions of Uganda,16,33,Geography,,0
Category:Flags of Buganda,3,Category:Buganda,16,0,Other,,0
Category:Grasslands in Uganda,2,Category:Geography of Uganda,16,0,Other,,0
Category:Headgear of Uganda,3,Category:Clothing of Uganda,16,2,Other,,0
Category:Hotels in Kampala,3,Category:Economy of Kampala,16,5,Other,,0
Category:Journalists from Uganda,3,Category:People of Uganda by occupation,16,9,Other,,0
"Category:Kalungu, Uganda",4,Category:Populated places in Uganda,16,0,Other,,1
Category:Loice Chekwemoi,4,Category:Women of Uganda by name,16,0,Other,,1
Category:Luweero District,4,"Category:Central Region, Uganda",16,3,Geography,,1
Category:Lyantonde District,4,"Category:Central Region, Uganda",16,0,Geography,,1
Category:Maize fields in Uganda,4,Category:Fields in Uganda,16,0,Other,,1
Category:Moses Magogo Hassim,4,Category:Men of Uganda by name,16,0,Other,,1
Category:PNG flags of Uganda,3,Category:Flags of Uganda by type of image,16,0,Other,,0
Category:Passion fruits in Uganda,4,Category:Fruit of Uganda,16,0,Environment,,1
Category:Relations of Australia and Uganda,4,Category:Bilateral relations of Uganda,16,0,Other,,1
Category:Rukidi IV of Tooro,4,Category:Men of Uganda by name,16,0,Other,,1
Category:Sezibwa Falls,3,"Category:National Cultural Sites in Central Region, Uganda",16,0,Other,,0
Category:Sheema District,4,"Category:Western Region, Uganda",16,0,Geography,,1
Category:Statue of Gerald Portal,4,Category:Statues in Uganda,16,0,Other,,1
Category:Tooro people,3,Category:Ethnic groups in Uganda,16,0,People,,0
Category:Unidentified trees in Uganda,3,Category:Unidentified plants in Uganda,16,3,Environment,,0
Category:Videos from Wiki Loves Earth 2026 in Uganda,4,Category:Wiki Loves Earth 2026 in Uganda,16,0,History,Wiki Loves Earth,1
Category:Views of Mount Sabyinyo from Uganda,3,Category:Views of Virunga Mountains from Uganda,16,0,Other,,0
Category:2020 floods in Uganda,4,Category:2020 in Uganda,15,0,Other,,1
Category:2026 Ebola outbreak,4,Category:2026 in Uganda,15,0,Other,,1
Category:5X-JOE (aircraft),4,Category:Aircraft registered in Uganda,15,0,Other,,1
Category:Barkcloth making in Uganda,3,Category:Clothing of Uganda,15,0,Other,,0
Category:Birds of Uganda,4,Category:Animals of Uganda,15,19,Environment,,1
Category:Bududa District,4,"Category:Eastern Region, Uganda",15,0,Geography,,1
Category:Buganda Masaza Cycling Tour,4,Category:Sports in Buganda,15,0,Other,,1
Category:Bugandan monarchy,3,Category:Buganda,15,2,Other,,0
Category:Fields in Uganda,3,Category:Agriculture in Uganda,15,2,Other,,0
Category:Flags of Uganda,3,Category:Symbols of Uganda,15,14,Other,,0
Category:Flooded roads in Uganda,4,Category:Floods in Uganda,15,0,Buildings,,1
Category:Fungi of Kibale National Park,4,Category:Fungi of Uganda,15,0,Environment,,1
Category:Hospitals in Kampala,4,Category:Medical buildings in Kampala,15,3,Buildings,,1
Category:Jill Biden visits Kenya (2011-08-08),4,Category:2011 Horn of Africa famine,15,0,Other,,1
Category:Juices from Uganda,4,Category:Beverages from Uganda,15,0,Other,,1
Category:Kololo Ceremonial Grounds,3,"Category:National Cultural Sites in Central Region, Uganda",15,1,Other,,0
Category:Milk in Uganda,3,Category:Food of Uganda,15,3,Other,,0
Category:Muni University,4,Category:Universities in Uganda,15,0,Other,,1
Category:Nuwa Mbaguta memorial,3,"Category:National Cultural Sites in Western Region, Uganda",15,0,Other,,0
Category:Satellite pictures of lakes of Uganda,3,Category:Satellite pictures of Uganda,15,2,Geography,,0
Category:Strophanthus preussii,4,Category:Flora of Uganda,15,1,Other,,1
Category:Traditional leaders of Buganda,4,Category:Government of Buganda,15,1,Other,,1
Category:Unidentified birds of Uganda,3,Category:Unidentified animals in Uganda,15,0,Environment,,0
Category:United States Navy images from Uganda,3,Category:United States Navy in Uganda,15,0,Other,,0
Category:Victor Kiplangat,4,Category:Men of Uganda by name,15,0,Other,,1
Category:White flowers in Uganda,4,Category:Flowers of Uganda by color,15,0,Other,,1
Category:Wiki Loves Sport in Uganda Edit-a-thon 2025,4,Category:Wiki Loves Sport 2025 in Uganda,15,0,Wikimedia community,,1
Category:Wiki for Minorities in Uganda,2,Category:Wikimedia movement in Uganda,15,1,Wikimedia community,,0
Category:2021 floods in Uganda,4,Category:2021 in Uganda,14,0,Other,,1
Category:Aberi Balya,4,Category:Men of Uganda by name,14,0,Other,,1
Category:Air force of Uganda,3,Category:Aviation in Uganda,14,2,Other,,0
Category:Babies of Uganda,2,Category:Uganda by topic,14,2,Other,,0
"Category:Batwa Pygmy peoples from the village of Kiguri, Rwanda",4,Category:Batwa,14,0,Other,,1
Category:Diagrams of route signs of Uganda,4,Category:Diagrams of road signs of Uganda,14,0,Charts and data,,1
Category:Endingidi,3,Category:Musical instruments of Uganda,14,0,Other,,0
Category:Farmers in Uganda,3,Category:People of Uganda by occupation,14,0,Other,,0
Category:Fort Patiko,3,Category:Visitor attractions in Uganda,14,0,Other,,0
Category:Geoffrey Kateregga,4,Category:Men of Uganda by name,14,0,Other,,1
Category:Graves in Kampala,4,Category:Graves in Uganda,14,1,Culture,,1
Category:Halimah Nakaayi,4,Category:Women of Uganda by name,14,0,Other,,1
Category:Information technology in Uganda,2,Category:Uganda by topic,14,0,Other,,0
Category:Josephine Lalam,4,Category:Women of Uganda by name,14,0,Other,,1
Category:Kiboga District,4,"Category:Central Region, Uganda",14,0,Geography,,1
Category:Konjo people,3,Category:Ethnic groups in Uganda,14,0,People,,0
Category:Logos of organizations of Uganda,2,Category:Organizations of Uganda,14,4,Other,,0
Category:Lwengo District,4,"Category:Central Region, Uganda",14,0,Geography,,1
Category:Maize in Uganda,4,Category:Vegetables of Uganda,14,1,Other,,1
Category:Mandazi,4,Category:Cuisine of Uganda,14,1,Other,,1
Category:Maps of Kampala,3,Category:Maps of Uganda,14,0,Geography,,0
Category:Maps of Lake Albert (Uganda),3,Category:Maps of Uganda,14,0,Geography,,0
Category:Masindi District,4,"Category:Western Region, Uganda",14,3,Geography,,1
Category:Mosques in Uganda,4,Category:Religious buildings in Uganda,14,7,Culture,,1
Category:Nantawetwa Buganda Monument,3,Category:Monuments and memorials in Uganda,14,0,Buildings,,0
Category:Nebbi District,4,"Category:Northern Region, Uganda",14,1,Geography,,1
Category:Old women of Uganda,3,Category:Old people of Uganda,14,0,People,,0
Category:Ornamental plants in Uganda,4,Category:Gardens and parks in Uganda,14,1,Environment,,1
Category:People of Uganda in 2015,4,Category:2015 in Uganda,14,0,People,,1
Category:People of Uganda in 2021,4,Category:2021 in Uganda,14,2,People,,1
Category:Protectorate of Uganda,1,Category:Uganda,14,0,Other,,0
Category:Relations of Germany and Uganda,4,Category:Bilateral relations of Uganda,14,5,Other,,1
Category:Rukidi III of Tooro,4,Category:Monarchs of Tooro,14,0,Other,,1
Category:Soft Ground Wrestling in Uganda,4,Category:Professional wrestling in Uganda,14,0,Other,,1
Category:Street food in Uganda,4,Category:Cuisine of Uganda,14,0,Culture,,1
Category:SuSanA project in Uganda 2005,3,Category:Sustainable Sanitation Alliance in Uganda,14,0,Other,,0
Category:Train stations in Uganda,3,Category:Rail transport in Uganda,14,2,Other,,0
Category:Transport of firewood in Uganda,3,Category:Transport in Uganda,14,0,Buildings,,0
Category:Water reflections in Uganda,4,Category:Water in Uganda,14,1,Other,,1
Category:Wiki for Minorities 2026 in Uganda,3,Category:Wiki for Minorities in Uganda,14,2,Wikimedia community,,0
Category:Wikivoyage banners of Uganda,1,Category:Uganda,14,0,Other,,0
Category:Writers from Uganda,3,Category:People of Uganda by occupation,14,3,People,,0
Category:2005 in Uganda,3,Category:Uganda by year,13,3,History,,0
Category:Afriart Gallery,4,Category:Art in Uganda,13,0,Other,,1
Category:Beaches of Uganda,3,Category:Landforms of Uganda,13,1,Other,,0
Category:Benjamin Kiplagat,4,Category:Men of Uganda by name,13,0,Other,,1
Category:Bukedea District,4,"Category:Eastern Region, Uganda",13,1,Geography,,1
Category:Bulambuli District,4,"Category:Eastern Region, Uganda",13,1,Geography,,1
Category:Busoga,2,Category:History of Uganda,13,1,Other,,0
Category:Busowoko Falls,4,Category:Waterfalls in Uganda,13,0,Other,,1
Category:Charcoal in Uganda,4,Category:Firewood in Uganda,13,1,Other,,1
Category:Chicken dishes of Uganda,4,Category:Meat dishes of Uganda,13,0,Other,,1
Category:Culture of Kampala,2,Category:Culture of Uganda,13,9,Culture,,0
Category:Deaths in Uganda,3,Category:Death in Uganda,13,1,Other,,0
Category:Female models from Uganda,4,Category:Women of Uganda by occupation,13,5,Other,,1
Category:Ishaka,4,Category:Populated places in Uganda,13,0,Other,,1
Category:Kamwenge District,4,"Category:Western Region, Uganda",13,3,Geography,,1
Category:Kanungu District,4,"Category:Western Region, Uganda",13,6,Geography,,1
Category:Kyambogo University,4,Category:Universities in Uganda,13,2,Other,,1
Category:Lado,2,Category:History of Uganda,13,0,Other,,0
Category:Maps of traditional kingdoms of Uganda,3,Category:Maps of the history of Uganda,13,1,Geography,,0
Category:Mothers and children in Uganda,3,Category:Children of Uganda,13,0,People,,0
Category:Ntungwe River,4,Category:Rivers of Uganda,13,0,Geography,,1
Category:Paul Ssemogerere,4,Category:Men of Uganda by name,13,0,Other,,1
Category:Pork dishes of Uganda,4,Category:Meat dishes of Uganda,13,0,Other,,1
Category:Rabbit husbandry in Uganda,4,Category:Animal husbandry in Uganda,13,0,Other,,1
Category:Refugee camps in Uganda,2,Category:Society of Uganda,13,6,Geography,,0
Category:Relations of Israel and Uganda,4,Category:Bilateral relations of Uganda,13,5,Other,,1
Category:Rice in Uganda,3,Category:Food of Uganda,13,0,Other,,0
Category:Sebei people,3,Category:Ethnic groups in Uganda,13,0,People,,0
Category:St. Matia Mulumba Catholic parish,3,"Category:National Cultural Sites in Central Region, Uganda",13,0,Other,,0
Category:Termite mounds in Uganda,4,Category:Animal-built objects in Uganda,13,0,Other,,1
Category:Tororo Rock,3,"Category:National Cultural Sites in Eastern Region, Uganda",13,0,Other,,0
Category:Unidentified animals in Uganda,2,Category:Unidentified subjects in Uganda,13,4,Environment,,0
Category:Wiki Loves Africa 2024 in Uganda,3,Category:2024 Wikimedia movement in Uganda,13,2,History,Wiki Loves Africa,0
Category:Wiki Loves Earth 2024 in Uganda,3,Category:2024 Wikimedia movement in Uganda,13,1,History,Wiki Loves Earth,0
Category:Alfred Tucker,4,Category:Men of Uganda by name,12,1,Other,,1
Category:Amelia Kyambadde,4,Category:Government ministers of Uganda,12,0,Other,,1
Category:Asterales in Uganda,3,Category:Plants of Uganda by order,12,2,Other,,0
Category:Beehives in Uganda,4,Category:Agricultural equipment in Uganda,12,0,Other,,1
Category:Bulange,3,"Category:National Cultural Sites in Central Region, Uganda",12,0,Other,,0
Category:Butambala District,4,"Category:Central Region, Uganda",12,0,Geography,,1
Category:Computers in Uganda,3,Category:Technology in Uganda,12,0,Other,,0
Category:East African montane forests,4,Category:Ecoregions of Uganda (One Earth),12,6,Environment,,1
Category:Ennanga,4,Category:Enanga (harp),12,0,Other,,1
Category:Families of Uganda,3,Category:People of Uganda,12,1,People,,0
Category:Flora of Murchison Falls National Park,4,Category:Flora of Uganda,12,0,Environment,,1
Category:Galt Memorial,3,"Category:National Cultural Sites in Western Region, Uganda",12,0,Other,,0
Category:Geography of Uganda,1,Category:Uganda,12,20,Geography,,0
Category:Geology of Uganda,2,Category:Uganda by topic,12,16,Other,,0
Category:Ham Mukasa Museum,4,Category:Community Museums in Uganda,12,0,Buildings,,1
Category:John Garang,4,Category:Nilotic peoples,12,0,Other,,1
Category:Kasha Nabagesera,4,Category:Women of Uganda by name,12,0,Other,,1
Category:Kiryowa Kiwanuka,4,Category:Government ministers of Uganda,12,0,Other,,1
Category:Lake George (Uganda),4,Category:Lakes of Uganda,12,0,Geography,,1
Category:Maps of rivers of Uganda,3,Category:Maps of Uganda,12,0,Geography,,0
Category:Maps of the history of Uganda,2,Category:History of Uganda,12,4,Geography,,0
Category:Military aircraft at Entebbe International Airport,4,Category:Aircraft at Entebbe International Airport,12,0,Buildings,,1
Category:Mutesa II of Buganda monument,3,Category:Monuments and memorials in Uganda,12,0,Buildings,,0
Category:Nakasongola District,4,"Category:Central Region, Uganda",12,1,Geography,,1
Category:People of Uganda in health professions,3,Category:People of Uganda by occupation,12,3,People,,0
Category:Petrol stations in Uganda,3,Category:Energy in Uganda,12,0,Other,,0
Category:Picralima nitida,4,Category:Apocynaceae in Uganda,12,0,Other,,1
Category:Relations of South Sudan and Uganda,4,Category:Bilateral relations of Uganda,12,0,Other,,1
Category:Sam Kutesa,4,Category:Ministers of Foreign Affairs of Uganda,12,0,Other,,1
Category:Stoves in Uganda,4,Category:Heating in Uganda,12,1,Other,,1
Category:Tomatoes in Uganda,4,Category:Fruit of Uganda,12,0,Other,,1
Category:Triple Canopy,4,Category:Military relations of Uganda and the United States,12,0,Other,,1
Category:Uganda in the 2010s,3,Category:Uganda by decade,12,16,Other,,0
Category:Unidentified Hymenoptera of Uganda,4,Category:Unidentified insects of Uganda,12,0,Other,,1
Category:Unidentified mammals of Uganda,3,Category:Unidentified animals in Uganda,12,0,Other,,0
Category:Usama Mukwaya,4,Category:Men of Uganda by name,12,0,Other,,1
Category:Vocalists from Uganda,4,Category:Musicians from Uganda,12,5,Other,,1
Category:Water containers in Uganda,4,Category:Containers in Uganda,12,1,Other,,1
Category:Agricultural machines in Uganda,4,Category:Agricultural equipment in Uganda,11,1,Other,,1
Category:Alur people,3,Category:Ethnic groups in Uganda,11,3,People,,0
Category:Animals of Kampala,4,Category:Animals of Uganda,11,1,Environment,,1
Category:Asparagales in Uganda,3,Category:Plants of Uganda by order,11,0,Other,,0
Category:Banks in Uganda,2,Category:Economy of Uganda,11,4,Economy,,0
Category:Bugweri District,4,"Category:Eastern Region, Uganda",11,0,Geography,,1
Category:Crosses in Uganda,4,Category:Signs in Uganda,11,0,Other,,1
Category:Dancing people in Uganda,3,Category:Dance of Uganda,11,2,People,,0
Category:Deforestation in Uganda,4,Category:Forests in Uganda,11,2,Other,,1
Category:Flags of ethnic groups in Uganda,4,Category:Flags of Uganda,11,0,Other,,1
Category:Gardening in Uganda,3,Category:Agriculture in Uganda,11,0,Other,,0
Category:Global H2O,3,Category:Foreign charities operating in Uganda,11,0,Other,,0
Category:Grave of Herman Basudde,4,Category:Graves in Uganda,11,0,Culture,,1
Category:Gulu District,4,"Category:Northern Region, Uganda",11,3,Geography,,1
Category:Higher education institutions in Uganda,2,Category:Uganda by topic,11,4,Education,,0
Category:Imani Milele Choir,4,Category:Entertainers from Uganda,11,0,Other,,1
Category:Imvepi Refugee Settlement,3,Category:Refugee camps in Uganda,11,0,Geography,,0
Category:Irene Muloni,4,Category:Government ministers of Uganda,11,0,Other,,1
Category:Kaabong District,4,"Category:Northern Region, Uganda",11,4,Geography,,1
Category:Katogo,4,Category:Cuisine of Uganda,11,0,Other,,1
Category:Kitchens in Uganda,4,Category:Cooking in Uganda,11,1,Other,,1
Category:LGBTQ rights in Uganda,3,Category:Human rights in Uganda,11,1,Other,,0
Category:Lango people,3,Category:Ethnic groups in Uganda,11,0,People,,0
Category:Lemons of Uganda,4,Category:Fruit of Uganda,11,0,Other,,1
Category:Leni Shida,4,Category:Women of Uganda by name,11,0,Other,,1
"Category:Lira District, Uganda",4,"Category:Northern Region, Uganda",11,3,Geography,,1
Category:Logos of companies of Uganda,3,Category:Companies of Uganda,11,0,Economy,,0
Category:Madi Community Museum,4,Category:Community Museums in Uganda,11,0,Buildings,,1
Category:Maps of subdivisions of Uganda,3,Category:Maps of Uganda,11,2,Geography,,0
Category:Mt. Elgon Culture and History Museum,4,Category:Community Museums in Uganda,11,0,Culture,,1
Category:Mwiri Hill,3,"Category:National Cultural Sites in Eastern Region, Uganda",11,0,Other,,0
Category:Nyero rock paintings,3,"Category:National Cultural Sites in Eastern Region, Uganda",11,0,Other,,0
Category:Parliament of Uganda,2,Category:Politics of Uganda,11,3,Government,,0
Category:Photographers from Uganda,3,Category:People of Uganda by occupation,11,1,Other,,0
Category:Ranches in Uganda,3,Category:Agriculture in Uganda,11,0,Other,,0
Category:Religion in Uganda,2,Category:Culture of Uganda,11,14,Culture,,0
Category:Saddam Juma,3,Category:People of Uganda,11,0,Other,,0
"Category:Sir Apollo Kaggwa's mausoleum, residential house, church at Manyangwa",3,"Category:National Cultural Sites in Central Region, Uganda",11,0,Other,,0
Category:Soroti District,4,"Category:Eastern Region, Uganda",11,1,Geography,,1
Category:Statistics of Uganda,2,Category:Uganda by topic,11,3,Charts and data,,0
Category:Stella Nyanzi,4,Category:Women of Uganda by name,11,0,Other,,1
Category:Sugar cane in Uganda,3,Category:Agriculture in Uganda,11,0,Other,,0
Category:Tom Dradriga,4,Category:Men of Uganda by name,11,0,Other,,1
"Category:Tororo, Uganda",4,"Category:Eastern Region, Uganda",11,3,Other,,1
Category:Towns in Uganda,4,Category:Populated places in Uganda,11,32,Geography,,1
Category:Toyota vehicles in Uganda,4,Category:Vehicles in Uganda by brand,11,0,Other,,1
Category:Tutsi,3,Category:Ethnic groups in Uganda,11,1,Other,,0
Category:Uganda Museum main building,4,Category:Uganda Museum,11,0,Buildings,,1
Category:Uganda in the 1860s,3,Category:Uganda by decade,11,0,Other,,0
Category:Uganda in the 21st century,3,Category:Uganda by century,11,13,Other,,0
Category:Unidentified Orthoptera of Uganda,4,Category:Unidentified insects of Uganda,11,0,Other,,1
Category:Unidentified men of Uganda,4,Category:Men of Uganda,11,0,People,,1
Category:Wandegeya,4,Category:Neighbourhoods in Uganda,11,1,Other,,1
Category:Wiki Loves Africa 2017 in Uganda Launch and Upload Event,3,Category:Wikimedia events in Uganda,11,0,History,Wiki Loves Africa,0
Category:WikiGap 2018 in Uganda,3,Category:2018 Wikimedia movement in Uganda,11,0,History,,0
Category:Wikimedia 25 in Uganda,3,Category:Wikimedia events in Uganda,11,0,Wikimedia community,,0
Category:Women's health in Uganda,2,Category:Health in Uganda,11,2,People,,0
Category:Women's sports in Uganda,3,Category:Sports in Uganda,11,3,People,,0
Category:Zombo District,4,"Category:Northern Region, Uganda",11,0,Geography,,1
Category:1972 in Uganda,3,Category:Uganda by year,10,3,History,,0
Category:2013 in Uganda,3,Category:Uganda by year,10,6,History,,0
Category:Aerial photographs of animals in Uganda,4,Category:Animals of Uganda,10,0,Environment,,1
Category:Amphibians of Uganda,4,Category:Animals of Uganda,10,0,Other,,1
Category:Art & Feminism in Uganda,3,Category:Wikimedia Community User Group Uganda,10,5,Culture,,0
Category:Bamboo products of Uganda,3,Category:Products of Uganda,10,0,Other,,0
Category:Betty Amongi,4,Category:Women of Uganda by name,10,0,Other,,1
Category:Budongo Forest,4,Category:Forests in Uganda,10,0,Environment,,1
Category:Busia District,4,"Category:Eastern Region, Uganda",10,1,Geography,,1
Category:Businesspeople from Uganda,3,Category:People of Uganda by occupation,10,3,Other,,0
Category:Chandeliers in mosques in Uganda,4,Category:Mosque elements in Uganda,10,0,Culture,,1
Category:Crater lakes of Uganda,4,Category:Lakes of Uganda,10,3,Geography,,1
Category:Daudi Cwa II of Buganda,4,Category:Men of Uganda by name,10,0,Other,,1
Category:Displaced persons in Uganda,3,Category:People of Uganda,10,2,People,,0
Category:Entomophagy in Uganda,4,Category:Cuisine of Uganda,10,0,Other,,1
Category:Events in Kampala,3,Category:Events in Uganda,10,1,Other,,0
Category:Firinda,4,Category:Cuisine of Uganda,10,0,Other,,1
Category:Folklore of Uganda,2,Category:Culture of Uganda,10,9,Culture,,0
Category:Granaries in Uganda,3,Category:Buildings in Uganda by function,10,0,Other,,0
Category:Impatiens tinctoria,4,Category:Flora of Uganda,10,0,Other,,1
Category:Kalinzu Central Forest Reserve,4,Category:Protected areas of Uganda,10,0,Environment,,1
Category:Kibubura Graves,3,"Category:National Cultural Sites in Western Region, Uganda",10,0,Culture,,0
Category:Kinaawa High School Kawempe,3,Category:Schools in Uganda,10,0,Buildings,,0
Category:Kinyarwanda language,3,Category:Languages of Uganda,10,6,Other,,0
Category:Lake Kyoga Complex,4,Category:Lakes of Uganda,10,3,Geography,,1
Category:Lango sub-region,4,Category:Subdivisions of Uganda,10,0,Geography,,1
Category:Luganda language,3,Category:Languages of Uganda,10,2,Other,,0
Category:Maps of Buganda,3,Category:Buganda,10,0,Geography,,0
"Category:Maps of Jinja, Uganda",3,Category:Maps of Uganda,10,0,Geography,,0
Category:Maps of regions of Uganda,3,Category:Regions of Uganda,10,1,Geography,,0
Category:Maps of sub-regions of Uganda,4,Category:Maps of subdivisions of Uganda,10,1,Geography,,1
Category:Matugga (town),4,Category:Populated places in Uganda,10,0,Other,,1
Category:Mount Baker (Rwenzori),4,Category:Mountains of Uganda,10,0,Other,,1
Category:Mubende District,4,"Category:Central Region, Uganda",10,1,Geography,,1
Category:Mutesa II Stadium,4,Category:Sports in Kampala,10,0,Sports,,1
Category:National Library of Uganda,3,"Category:National Cultural Sites in Central Region, Uganda",10,0,Other,,0
Category:Netball in Uganda,4,Category:Sports in Uganda by sport,10,5,Sports,,1
Category:Ntoroko District,4,"Category:Western Region, Uganda",10,0,Geography,,1
Category:Orange sunsets of Uganda,4,Category:Sunsets of Uganda by color,10,0,Other,,1
Category:Patients in Uganda,3,Category:Healthcare in Uganda,10,0,Other,,0
Category:Photos of Uganda by ISS Expedition 20 Crew Earth Observations,4,Category:Photos of Uganda from ISS,10,0,Other,,1
Category:Pontederia crassipes in Uganda,4,Category:Commelinales in Uganda,10,0,Other,,1
Category:Readers in Uganda,3,Category:People of Uganda by occupation,10,0,Other,,0
Category:SVG historical flags of Uganda,3,Category:Historical flags of Uganda,10,0,History,,0
Category:Semei Kakungulu Museum,4,Category:Community Museums in Uganda,10,0,Buildings,,1
Category:Simon Mulongo,4,Category:Men of Uganda by name,10,0,Other,,1
Category:Sisiyi Falls,4,Category:Waterfalls in Uganda,10,0,Other,,1
Category:Swahili text,4,Category:Swahili language,10,5,Other,,1
"Category:The Albert N'yanza, great basin of the Nile, and explorations of the Nile sources (1867)",4,Category:Books about Lake Victoria,10,0,Other,,1
Category:Vanessa Erogbogbo,3,Category:Economists from Uganda,10,1,Other,,0
Category:WOUGNET,3,Category:Technology in Uganda,10,0,Other,,0
Category:WikiGap 2022 in Uganda,3,Category:2022 Wikimedia movement in Uganda,10,0,History,,0
Category:1910 maps of Uganda,4,Category:Maps of Uganda by year,9,0,Geography,,1
Category:2009 in Uganda,3,Category:Uganda by year,9,5,History,,0
Category:2023 in Kampala,4,Category:2023 in Uganda,9,0,Other,,1
Category:2023 in Uganda,3,Category:Uganda by year,9,9,History,,0
Category:AMISOM Gender Workshop June 2013,3,Category:Events in Uganda,9,0,Other,,0
Category:AMISOM Retreat in Kampala Uganda January 2015,3,Category:Events in Uganda,9,0,Other,,0
Category:Alexander Murdoch Mackay,4,Category:Christianity in Uganda,9,3,Other,,1
Category:Animals of Uganda,3,Category:Biology in Uganda,9,30,Environment,,0
Category:Anita Among,2,Category:Speaker of the Parliament of Uganda,9,0,Other,,0
Category:Anti-homosexuality laws of Uganda,3,Category:International relations of Uganda,9,0,Other,,0
Category:Bobi Wine,4,Category:Men of Uganda by name,9,0,Other,,1
Category:Borassus aethiopum in Uganda,4,Category:Flora of Uganda,9,0,Other,,1
Category:Brewing in Uganda,2,Category:Activities in Uganda,9,1,Other,,0
Category:Bugema University,4,Category:Universities in Uganda,9,0,Other,,1
Category:Buliisa District,4,"Category:Western Region, Uganda",9,0,Geography,,1
Category:Butaleja District,4,"Category:Eastern Region, Uganda",9,0,Geography,,1
Category:Chess in Uganda,4,Category:Sports in Uganda by sport,9,1,Other,,1
Category:Clans of Ankole,3,Category:Kingdom of Ankole,9,0,People,,0
Category:Crispus Kiyonga,3,Category:Physicians from Uganda,9,0,Other,,0
Category:Cycling people in Uganda,3,Category:People in Uganda,9,0,People,,0
Category:Edrisa Lubega,4,Category:Men of Uganda by name,9,0,Other,,1
Category:Election maps of Uganda,3,Category:Political maps of Uganda,9,0,Geography,,0
Category:Election posters in Uganda,4,Category:Posters of Uganda,9,0,Government,,1
Category:Environment of Uganda,3,Category:Nature of Uganda,9,8,Environment,,0
Category:Female sportspeople from Uganda,4,Category:Women of Uganda by occupation,9,2,Other,,1
Category:Fences in Uganda,3,Category:Architectural elements in Uganda,9,1,Other,,0
Category:Flags of political parties in Uganda,3,Category:Political flags of Uganda,9,0,Government,,0
Category:Geographic Centre of Uganda (Amolatar Monument),3,Category:Ethnic groups in Uganda,9,0,Buildings,,0
Category:Hats of Uganda,3,Category:Clothing of Uganda,9,0,Other,,0
Category:Hilda Twongyeirwe,4,Category:Women of Uganda by name,9,0,Other,,1
Category:Hunting in Uganda,2,Category:Culture of Uganda,9,0,Other,,0
Category:Islands of Uganda,3,Category:Landforms of Uganda,9,4,Geography,,0
Category:Janet Museveni,4,Category:Women of Uganda by name,9,0,Other,,1
Category:Jeje Odongo,4,Category:Government ministers of Uganda,9,0,Other,,1
Category:Kampala Hilton Hotel,4,Category:Hotels in Kampala,9,0,Other,,1
Category:Kamuli District,4,"Category:Eastern Region, Uganda",9,1,Geography,,1
Category:Kibaale District,4,"Category:Western Region, Uganda",9,0,Geography,,1
Category:Kigelia africana in Uganda,4,Category:Bignoniaceae in Uganda,9,0,Other,,1
Category:Kiwumulo Cave,4,Category:Ssese Islands,9,0,Other,,1
Category:Kyabazinga of Busoga,3,Category:Busoga,9,0,Other,,0
Category:Lake Mburo,4,Category:Lakes of Uganda,9,0,Geography,,1
Category:Life expectancy charts for Uganda in Russian,3,Category:Life expectancy charts for Uganda,9,0,Charts and data,,0
Category:Madi people,3,Category:Ethnic groups in Uganda,9,1,People,,0
Category:Maps of borders of Uganda,3,Category:Maps of Uganda,9,0,Geography,,0
Category:Maps of protected areas of Uganda,3,Category:Maps of Uganda,9,1,Geography,,0
Category:Masks of Uguanda,3,Category:Art of Uganda,9,0,Other,,0
Category:National Forestry Authority,3,Category:Forestry in Uganda,9,0,Other,,0
Category:National flag of Uganda,4,Category:Flags of Uganda,9,3,Other,,1
Category:Nilotic scene in ancient Roman mosaics,4,Category:Nilotic peoples,9,6,Other,,1
"Category:Nnenda hill, Kagulu",3,"Category:National Cultural Sites in Eastern Region, Uganda",9,0,Other,,0
Category:Nsamba Matovu,3,Category:Healthcare in Uganda,9,0,Other,,0
Category:Nuer people,4,Category:Nilotic peoples,9,2,People,,1
Category:Onions in Uganda,4,Category:Vegetables of Uganda,9,0,Other,,1
Category:OpenStreetMap maps of Uganda,3,Category:Maps of Uganda,9,0,Geography,,0
Category:Orange flowers in Uganda,4,Category:Flowers of Uganda by color,9,0,Other,,1
Category:Parliament of the Toro Kingdom,3,Category:Kingdom of Tooro,9,0,Government,,0
Category:Peanuts in Uganda,3,Category:Food of Uganda,9,1,Other,,0
Category:Poales in Uganda,3,Category:Plants of Uganda by order,9,1,Other,,0
Category:Politics of Uganda,1,Category:Uganda,9,18,Government,,0
Category:Post offices in Uganda,4,Category:Post of Uganda,9,2,Other,,1
Category:Robinah Nabbanja,3,Category:Ministry of Health (Uganda),9,0,Other,,0
Category:Rolex from Uganda,4,Category:Cuisine of Uganda,9,0,Other,,1
"Category:Rukarango tilting rock, rock shelter and Gong",3,"Category:National Cultural Sites in Western Region, Uganda",9,0,Other,,0
Category:Savanna in Uganda,3,Category:Nature of Uganda,9,1,Other,,0
Category:Sheraton Kampala Hotel,4,Category:Hotels in Kampala,9,0,Other,,1
Category:Sky over Uganda,3,Category:Nature of Uganda,9,8,Other,,0
Category:Slaughtering in Uganda,4,Category:Cuisine of Uganda,9,1,Other,,1
Category:Statues of people in Uganda,4,Category:Statues in Uganda,9,2,People,,1
Category:Textiles of Uganda,2,Category:Culture of Uganda,9,0,Other,,0
Category:The Flame Tree and other Folk-Lore Stories from Uganda (1900),3,Category:Books about Uganda,9,0,Environment,,0
Category:Traditional Wear for Baganda,3,Category:Buganda,9,0,Other,,0
Category:Trains of Uganda,4,Category:Rail vehicles of Uganda,9,1,Other,,1
Category:Unidentified Odonata of Uganda,4,Category:Unidentified insects of Uganda,9,0,Other,,1
Category:Violet flowers in Uganda,4,Category:Flowers of Uganda by color,9,0,Other,,1
Category:Voi railway station (MGR),4,Category:Uganda Railway,9,0,Buildings,,1
Category:Volcanoes in Uganda,3,Category:Geology of Uganda,9,7,Other,,0
Category:Water pumps in Uganda,4,Category:Water in Uganda,9,0,Other,,1
Category:Women's association football in Uganda,4,Category:Women's sports in Uganda,9,3,People,,1
Category:1892 maps of the Mombasa-Lake Viktoria Railway,4,Category:Old maps of Lake Victoria,8,0,Geography,,1
Category:1930 in Uganda,3,Category:Uganda by year,8,0,History,,0
Category:Actresses from Uganda,4,Category:Women of Uganda by occupation,8,8,Other,,1
Category:Aerial photographs of Kampala,3,Category:Views of Kampala,8,0,Other,,0
Category:Amama Mbabazi,4,Category:Men of Uganda by name,8,0,Other,,1
Category:Amuru District,4,"Category:Northern Region, Uganda",8,2,Geography,,1
Category:Animals of Kibale National Park,4,Category:Animals of Uganda,8,3,Environment,,1
Category:Apollo Kaggwa,4,Category:Men of Uganda by name,8,2,Other,,1
Category:BMP-2 IFVs in Ugandan service,4,Category:Armored fighting vehicles of Uganda,8,0,Other,,1
Category:Banana fiber craft of Uganda,2,Category:Culture of Uganda,8,0,Culture,,0
Category:Boat racing in Buganda,4,Category:Sports in Buganda,8,0,Other,,1
Category:Bongo people,3,Category:Ethnic groups in Uganda,8,1,People,,0
Category:Bumutoto Circumcision Site,3,"Category:National Cultural Sites in Eastern Region, Uganda",8,0,Other,,0
Category:Bweranyangi Girls' Secondary School,3,Category:Schools in Uganda,8,0,Buildings,,0
Category:Carrots in Uganda,4,Category:Vegetables of Uganda,8,0,Other,,1
Category:Chris Baryomunsi,3,Category:People of Uganda,8,0,Other,,0
Category:Cityscapes in Uganda,2,Category:Views of Uganda,8,1,Other,,0
Category:Corruption in Uganda,2,Category:Economy of Uganda,8,0,Other,,0
Category:Cultivated plants of Uganda,3,Category:Agriculture in Uganda,8,1,Environment,,0
Category:Cultural Research Centre Museum Jinja,4,Category:Community Museums in Uganda,8,0,Culture,,1
Category:Cyperus papyrus in Uganda,4,Category:Poales in Uganda,8,0,Other,,1
Category:David Muhoozi,4,Category:Men of Uganda by name,8,0,Other,,1
Category:Dendrosenecio adnivalis,4,Category:Flora of Uganda,8,0,Other,,1
Category:Dolwe Island,3,"Category:National Cultural Sites in Eastern Region, Uganda",8,0,Geography,,0
Category:East African Railways,3,Category:Rail transport in Uganda,8,5,Buildings,,0
Category:Echuya Central Forest Reserve,4,Category:Important Bird Areas of Uganda,8,0,Environment,,1
Category:Economy of Kampala,2,Category:Economy of Uganda,8,4,Economy,,0
Category:Eighteen years in Uganda and East Africa (1911),3,Category:Books about Uganda,8,0,Other,,0
Category:Energy in Uganda,2,Category:Uganda by topic,8,9,Other,,0
Category:Farmers of Uganda,3,Category:People of Uganda by occupation,8,0,Other,,0
Category:Festivals in Uganda,3,Category:Events in Uganda,8,0,Culture,,0
Category:Flags of the Congo Free State,3,Category:Historical flags of Uganda,8,0,Other,,0
Category:Fungi of Uganda,3,Category:Biology in Uganda,8,4,Other,,0
Category:Fur clothing of Luo people,4,Category:Luo people,8,0,People,,1
Category:Government of Uganda,2,Category:Uganda by topic,8,15,Government,,0
Category:Green impressions in Uganda,3,Category:Impressions in Uganda by color,8,1,Other,,0
Category:Greenhouses in Uganda,3,Category:Agriculture in Uganda,8,0,Other,,0
Category:Haplochromis latifasciatus,4,Category:Fish of Uganda,8,0,Other,,1
Category:Health in Kampala,2,Category:Health in Uganda,8,2,Health,,0
Category:Human rights activists from Uganda,3,Category:Human rights in Uganda,8,6,Other,,0
Category:Human rights in Uganda,2,Category:Politics of Uganda,8,5,Other,,0
Category:Human rights statistics of Uganda,3,Category:Statistics of Uganda,8,0,Charts and data,,0
Category:Jinja District,4,"Category:Eastern Region, Uganda",8,4,Geography,,1
Category:Joyce Nakatumba Nabende,3,Category:Scientists from Uganda,8,0,Other,,0
Category:Kabale Irish Potato Market,4,Category:Markets in Uganda,8,0,Economy,,1
Category:Kampala International University,4,Category:Universities in Uganda,8,1,Other,,1
Category:Kirundi language,3,Category:Languages of Uganda,8,0,Other,,0
Category:Kumi District,4,"Category:Eastern Region, Uganda",8,2,Geography,,1
Category:Lake Mwamba,4,"Category:Western Region, Uganda",8,0,Geography,,1
Category:Lake Nabugabo,4,Category:Lakes of Uganda,8,0,Geography,,1
Category:Lawyers from Uganda,4,Category:Jurists from Uganda,8,8,Other,,1
Category:Lower Bigo Bog,4,Category:Rwenzori Mountains National Park,8,0,Other,,1
Category:Manafwa District,4,"Category:Eastern Region, Uganda",8,0,Geography,,1
Category:Maps of Uganda Protectorate,3,Category:Maps of the history of Uganda,8,1,Geography,,0
Category:Maria Mutagamba,4,Category:Government ministers of Uganda,8,0,Other,,1
Category:Mbale District,2,Category:Gallery pages of Uganda,8,1,Geography,,0
Category:Medical buildings in Uganda,3,Category:Buildings in Uganda by function,8,3,Buildings,,0
Category:Moon photographs from Uganda,4,Category:Sky over Uganda,8,0,Other,,1
Category:Moses Ndiema Kipsiro,4,Category:Men of Uganda by name,8,0,Other,,1
Category:Nakaseke District,4,"Category:Central Region, Uganda",8,2,Geography,,1
Category:Nathan Mugisha,4,Category:Men of Uganda by name,8,0,Other,,1
Category:Newspapers of Uganda,3,Category:Media of Uganda,8,0,Other,,0
Category:Night in Uganda,3,Category:Nature of Uganda,8,4,Other,,0
Category:Nyoro people,3,Category:Ethnic groups in Uganda,8,1,People,,0
Category:Old maps of Entebbe,3,Category:Old maps of Uganda,8,1,Geography,,0
Category:OpenStreetMap movement in Uganda,3,Category:Non-profit organizations based in Uganda,8,0,Other,,0
Category:People of Uganda in 2022,4,Category:2022 in Uganda,8,2,People,,1
Category:Queen Of Peace Kasozi Parish,3,"Category:National Cultural Sites in Central Region, Uganda",8,0,Other,,0
Category:Recycling in Uganda,4,Category:Environment of Uganda,8,0,Other,,1
Category:Restaurants in Uganda,3,Category:Buildings in Uganda by function,8,0,Other,,0
Category:Robert Kayanja,4,Category:Men of Uganda by name,8,0,Other,,1
Category:Rwamwanja refugee settlement,3,Category:Refugee camps in Uganda,8,0,Geography,,0
Category:Sammy Kitwara,4,Category:Men of Uganda by name,8,0,Other,,1
Category:Sembabule District,4,"Category:Central Region, Uganda",8,1,Geography,,1
Category:Semliki,4,Category:Rivers of Uganda,8,2,Other,,1
Category:Shrines in Uganda,4,Category:Religious buildings in Uganda,8,2,Other,,1
Category:Sorghum in Uganda,3,Category:Agriculture in Uganda,8,0,Other,,0
Category:Soroti Rock,4,Category:Rock formations in Uganda,8,0,Other,,1
Category:Spas in Uganda,2,Category:Health in Uganda,8,0,Other,,0
Category:Stella Chesang,4,Category:Women of Uganda by name,8,0,Other,,1
Category:Sunshine Fionah Komusana,4,Category:Women of Uganda by name,8,0,Other,,1
Category:Sweet potatoes in Uganda,3,Category:Agriculture in Uganda,8,0,Other,,0
Category:Taxi parks in Kampala,4,Category:Taxis in Uganda,8,0,Other,,1
Category:The Baganda (1911),3,Category:Books about Uganda,8,0,Other,,0
Category:Uganda Christian University,4,Category:Universities in Uganda,8,1,Other,,1
Category:Uganda in the 1950s,3,Category:Uganda by decade,8,10,Other,,0
Category:Uganda national association football team,4,Category:National sports teams of Uganda,8,7,Sports,,1
Category:Uganda’s Katikiro in England (1904),4,Category:Monarchs of Uganda,8,0,Other,,1
Category:Unidentified insects of Uganda,3,Category:Unidentified animals in Uganda,8,7,Environment,,0
Category:Vegetable gardens in Uganda,3,Category:Agriculture in Uganda,8,0,Other,,0
Category:Vegetation in Uganda,4,Category:Flora of Uganda,8,0,Other,,1
Category:Views from above in Uganda,2,Category:Views of Uganda,8,0,Other,,0
Category:Water transport in Uganda,3,Category:Transport in Uganda,8,6,Buildings,,0
Category:Wazalendo Savings and Credit Cooperative Society,4,Category:Credit unions in Uganda,8,0,Other,,1
Category:WikiGap 2019 in Kampala,3,Category:2019 Wikimedia movement in Uganda,8,1,Other,,0
Category:Wikimedia Community User Group Uganda Strategy Salon in Uganda 2019,3,Category:2019 Wikimedia movement in Uganda,8,0,Wikimedia community,,0
Category:Yasmin Alibhai-Brown,4,Category:Women of Uganda by name,8,0,Other,,1
Category:21st-century maps of Uganda,4,Category:Uganda in the 21st century,7,2,Geography,,1
Category:5X-UCF (aircraft),4,Category:Aircraft registered in Uganda,7,0,Other,,1
"Category:Aero Beach, Entebbe",4,Category:Nature of Entebbe,7,0,Other,,1
Category:Airfields in Uganda,2,Category:Uganda by topic,7,0,Other,,0
Category:Animal skulls in Uganda,3,Category:Death in Uganda,7,0,Environment,,0
Category:Animals of Lake Mburo National Park,4,Category:Animals of Uganda,7,2,Geography,,1
Category:Animals of Queen Elizabeth National Park,4,Category:Animals of Uganda,7,4,Environment,,1
Category:Apac District,4,"Category:Northern Region, Uganda",7,0,Geography,,1
"Category:Aquaculture Research and Development Centre, Kajjansi",3,Category:Fishing in Uganda,7,0,Other,,0
Category:Athletics in Uganda,4,Category:Sports in Uganda by sport,7,2,Sports,,1
Category:Basiima Bakyagaya house,3,"Category:National Cultural Sites in Central Region, Uganda",7,0,Other,,0
Category:Biogeographical maps of Uganda,3,Category:Nature of Uganda,7,0,Geography,,0
Category:Black birds of Uganda,4,Category:Birds of Uganda by color,7,0,Environment,,1
Category:Bongo art in the Musée du quai Branly,4,Category:Bongo people,7,0,Culture,,1
Category:Budaka District,4,"Category:Eastern Region, Uganda",7,0,Geography,,1
Category:Buddhism in Uganda,3,Category:Religion in Uganda,7,0,Other,,0
Category:Bukomansimbi District,4,"Category:Central Region, Uganda",7,0,Geography,,1
Category:Cemetery of Namirembe St. Paul's Cathedral,4,Category:Namirembe Cathedral,7,0,Other,,1
Category:Centenary Bank,3,Category:Banks in Uganda,7,0,Economy,,0
Category:Cityscapes of Kampala,3,Category:Cityscapes in Uganda,7,0,Other,,0
Category:Coffins in Uganda,2,Category:Culture of Uganda,7,0,Other,,0
Category:Coins of Uganda,3,Category:Money of Uganda,7,0,Other,,0
Category:Crime statistics of Uganda,3,Category:Statistics of Uganda,7,0,Charts and data,,0
Category:Crossandra massaica,4,Category:Flora of Uganda,7,0,Other,,1
Category:Dancing women in Uganda,4,Category:Dancing people in Uganda,7,0,People,,1
Category:Disability in Uganda,2,Category:Health in Uganda,7,2,Other,,0
Category:Disc jockeys from Uganda,4,Category:Musicians from Uganda,7,1,Other,,1
Category:Eddy Kenzo,4,Category:Men of Uganda by name,7,0,Other,,1
Category:Entebbe Butiaba Road,4,Category:Old maps of Entebbe,7,0,Buildings,,1
Category:Ericales in Uganda,3,Category:Plants of Uganda by order,7,0,Other,,0
Category:Esther Chebet,4,Category:Women of Uganda by name,7,0,Other,,1
Category:Euphorbia venefica,4,Category:Malpighiales in Uganda,7,0,Other,,1
Category:Fabales in Uganda,3,Category:Plants of Uganda by order,7,0,Other,,0
Category:Fires in Uganda,3,Category:Disasters and accidents in Uganda,7,3,Other,,0
Category:Flooding in Kampala,4,Category:Climate change in Uganda,7,0,Other,,1
Category:Footprints in Uganda,2,Category:Impressions in Uganda,7,2,Other,,0
Category:Forum for Democratic Change,3,Category:Political parties in Uganda,7,0,Other,,0
Category:Hoima District,4,"Category:Western Region, Uganda",7,4,Geography,,1
Category:Igongo Cultural Centre,2,Category:Culture of Uganda,7,1,Culture,,0
Category:Image from the Wiki GAP 2025 bootcamp in Uganda,3,Category:WikiGap in Uganda,7,0,Other,,0
Category:Images from Wiki Loves Folklore 2020 in Uganda,4,Category:Images from Wiki Loves Folklore in Uganda,7,0,Culture,Wiki Loves Folklore,1
Category:Introduction ceremonies in Uganda,3,Category:Marriage in Uganda,7,2,Other,,0
"Category:Isingiro District, Uganda",4,"Category:Western Region, Uganda",7,1,Geography,,1
Category:Itanda Falls,3,Category:Tourism in Uganda,7,0,Other,,0
Category:Joan Amek,4,Category:Activists from Uganda,7,0,Other,,1
Category:Kabagarame Market,4,Category:Markets in Uganda,7,0,Economy,,1
Category:Kajjansi Airfield,4,Category:Airports in Uganda,7,0,Other,,1
Category:Kampala (Nakawa Road) Cemetery,3,Category:History of Kampala,7,0,Buildings,,0
Category:Kamurasi-Baker Monument,3,"Category:National Cultural Sites in Western Region, Uganda",7,0,Buildings,,0
"Category:Kigungu, Monument and Church",3,"Category:National Cultural Sites in Central Region, Uganda",7,0,Buildings,,0
Category:Kikomando,4,Category:Cuisine of Uganda,7,0,Other,,1
Category:Kingdom of Ankole,2,Category:History of Uganda,7,6,Other,,0
Category:Kisumu Museum,4,Category:Luo people,7,0,Buildings,,1
Category:Kitubulu Central Forest Reserve in Entebbe,4,Category:Nature of Entebbe,7,0,Environment,,1
Category:Lake Kigere,4,Category:Lakes of Uganda,7,0,Geography,,1
Category:Lake islands of Uganda,4,Category:Lakes of Uganda,7,5,Geography,,1
Category:Locator maps of Uganda,3,Category:Maps of Uganda,7,4,Geography,,0
Category:Lugbara people,3,Category:Ethnic groups in Uganda,7,0,People,,0
Category:Lutoboka landing site,3,Category:Unidentified locations in Uganda,7,0,Other,,0
"Category:Luzira Head, British Museum",3,Category:Art of Uganda,7,0,Buildings,,0
Category:Masindi Port,4,Category:Populated places in Uganda,7,0,Other,,1
Category:Meals in Uganda,4,Category:Cuisine of Uganda,7,2,Other,,1
Category:Media of Uganda,2,Category:Culture of Uganda,7,7,Other,,0
Category:Mosques in Uganda photographed in 2011,4,Category:2011 in Uganda,7,0,Culture,,1
Category:Mount Speke,4,"Category:Western Region, Uganda",7,0,Other,,1
Category:Muhana Footprint - Mulanda Tororo,3,"Category:National Cultural Sites in Eastern Region, Uganda",7,0,Other,,0
Category:Muzinga Square,3,"Category:National Cultural Sites in Central Region, Uganda",7,0,Other,,0
Category:Nakasero Market,3,"Category:National Cultural Sites in Central Region, Uganda",7,0,Economy,,0
Category:Nyakasura School Chapel,4,Category:Nyakasura School,7,0,Buildings,,1
Category:Outdoor furniture in Uganda,4,Category:Furniture in Uganda,7,2,Other,,1
Category:Photos of Uganda by ISS Expedition 21 Crew Earth Observations,4,Category:Photos of Uganda from ISS,7,0,Other,,1
Category:Plaques in Uganda,3,Category:Monuments and memorials in Uganda,7,2,Other,,0
Category:Political maps of Uganda,2,Category:Politics of Uganda,7,3,Geography,,0
Category:Population pyramids of Uganda,3,Category:Demographics of Uganda,7,0,Other,,0
Category:Port Bell Pier,3,"Category:National Cultural Sites in Central Region, Uganda",7,0,Other,,0
Category:Primary schools in Uganda,3,Category:Schools in Uganda,7,1,Buildings,,0
Category:Radio station logos of Uganda,3,Category:Radio of Uganda,7,0,Other,,0
Category:Relations of Turkey and Uganda,4,Category:Bilateral relations of Uganda,7,1,Other,,1
Category:Religious buildings in Kampala,4,Category:Religious buildings in Uganda by city,7,9,Buildings,,1
Category:Road signs in Uganda,4,Category:Signs in Uganda,7,6,Buildings,,1
Category:Rukungiri District,4,"Category:Western Region, Uganda",7,1,Geography,,1
Category:Rutshuru River,4,Category:Rivers of Uganda,7,0,Geography,,1
Category:Security officers of Uganda,3,Category:People of Uganda by occupation,7,0,Other,,0
Category:Soldiers of Uganda,4,Category:Military people of Uganda,7,0,Other,,1
Category:Sports logos of Uganda,3,Category:Sports in Uganda,7,0,Sports,,0
Category:Stanbic Bank Uganda,3,Category:Banks in Uganda,7,0,Economy,,0
Category:Swahili Arabic alphabet,4,Category:Swahili language,7,0,Other,,1
Category:Tailors from Uganda,3,Category:People of Uganda by occupation,7,0,Other,,0
Category:Two Kings of Uganda (1889),4,Category:Two Kings of Uganda,7,0,Other,,1
Category:Uganda in the 1960s,3,Category:Uganda by decade,7,9,Other,,0
Category:Unidentified bodies of water in Uganda,3,Category:Unidentified locations in Uganda,7,1,Other,,0
Category:Unidentified spiders in Uganda,3,Category:Unidentified animals in Uganda,7,0,Other,,0
Category:Vanessa Nakate,4,Category:Women of Uganda by name,7,0,Other,,1
Category:Victoria Basin Forest-Savanna Ecoregion,4,Category:Ecoregions of Uganda (One Earth),7,6,Environment,,1
Category:Victoria Sekitoleko,4,Category:Government ministers of Uganda,7,0,Other,,1
Category:Visit Africa,4,Category:Architect Tourism SMC,7,2,Other,,1
Category:Wakyato War Memorial,3,"Category:National Cultural Sites in Central Region, Uganda",7,0,Other,,0
Category:Winnie Byanyima,3,Category:Scientists from Uganda,7,0,Other,,0
Category:1952 in Uganda,3,Category:Uganda by year,6,1,History,,0
Category:1954 in Uganda,3,Category:Uganda by year,6,0,History,,0
Category:2005 maps of Uganda,4,Category:2005 in Uganda,6,0,Geography,,1
Category:2017 Semuliki attack,4,Category:Allied Democratic Forces insurgency,6,0,Other,,1
Category:2018 in Uganda,3,Category:Uganda by year,6,7,History,,0
Category:2023 Wikimedia movement in Uganda,2,Category:Wikimedia movement in Uganda,6,8,Wikimedia community,,0
Category:Agago District,4,"Category:Northern Region, Uganda",6,0,Geography,,1
Category:Agricultural equipment in Uganda,3,Category:Equipment of Uganda,6,2,Other,,0
Category:Albertine Rift Montane Forests Ecoregion,4,Category:Ecoregions of Uganda (One Earth),6,12,Environment,,1
Category:Amuria District,4,"Category:Eastern Region, Uganda",6,1,Geography,,1
Category:Aviation in Uganda,2,Category:Uganda by topic,6,7,Other,,0
Category:Baby slings in Uganda,3,Category:Babies of Uganda,6,0,Other,,0
Category:Bank of Uganda Mbarara Branch,4,Category:Bank of Uganda,6,0,Economy,,1
Category:Barefoot people in Uganda,3,Category:People in Uganda,6,0,People,,0
Category:Bracelets of Uganda,3,Category:Jewellery of Uganda,6,0,Other,,0
Category:Bugonga Church,3,"Category:National Cultural Sites in Central Region, Uganda",6,0,Other,,0
Category:Building construction in Uganda,2,Category:Economy of Uganda,6,0,Buildings,,0
Category:Butikiro House,4,"Category:Central Region, Uganda",6,0,Other,,1
Category:Butuntumula War Memorial,3,"Category:National Cultural Sites in Central Region, Uganda",6,0,Other,,0
Category:Ceremonial drums of Uganda,4,Category:Drums of Uganda,6,0,Culture,,1
Category:Charles Kagimu,4,Category:Men of Uganda by name,6,0,Other,,1
Category:Christopher Ategeka,4,Category:Men of Uganda by name,6,0,Other,,1
Category:Cindy Sanyu,4,Category:Women of Uganda by name,6,0,Other,,1
Category:Coats of arms of Uganda,3,Category:Symbols of Uganda,6,6,Other,,0
Category:Commonwealth War Graves Commission cemeteries in Uganda,4,Category:Cemeteries in Uganda,6,6,Culture,,1
Category:Courthouses in Uganda,4,Category:Government buildings in Uganda,6,0,Other,,1
Category:Diagrams about the COVID-19 pandemic in Uganda,3,Category:COVID-19 pandemic in Uganda,6,0,Charts and data,,0
Category:East African Airways,4,Category:Defunct airlines of Uganda,6,1,Other,,1
Category:Educators from Uganda,2,Category:Education in Uganda,6,4,Other,,0
Category:Electric power in Uganda,3,Category:Energy in Uganda,6,0,Other,,0
Category:Emmanuel Wamala,4,Category:Men of Uganda by name,6,0,Other,,1
Category:Engalabi,4,Category:Drums of Uganda,6,0,Other,,1
Category:Frederick Ngobi Gume,4,Category:Men of Uganda by name,6,0,Other,,1
Category:Generals of Uganda,4,Category:Military people of Uganda,6,13,Other,,1
Category:Ggaba landing site,3,Category:Economy of Kampala,6,0,Other,,0
Category:Grace Ibingira,3,Category:Politicians of Uganda,6,0,Other,,0
Category:Gray fungi in Uganda,4,Category:Gray impressions in Uganda,6,0,Other,,1
Category:Great Lakes Museum,4,Category:Community Museums in Uganda,6,0,Geography,,1
Category:Gwere people,3,Category:Ethnic groups in Uganda,6,0,People,,0
Category:Hakim Owiny,4,Category:Men of Uganda by name,6,0,Other,,1
Category:Henry Oryem Okello,4,Category:Men of Uganda by name,6,0,Other,,1
Category:Hilda Flavia Nakabuye,4,Category:Women of Uganda by name,6,0,Other,,1
Category:Jacob Kiplimo,4,Category:Men of Uganda by name,6,0,Other,,1
Category:Janani Luwum,4,Category:Men of Uganda by name,6,1,Other,,1
Category:Kabubbu Community Library,4,Category:Libraries in Uganda,6,0,Other,,1
Category:Kafamba Rock,3,"Category:National Cultural Sites in Eastern Region, Uganda",6,0,Other,,0
Category:Kakwa people,3,Category:Ethnic groups in Uganda,6,0,People,,0
Category:Kampala in the 21st century,4,Category:Uganda in the 21st century,6,2,Other,,1
Category:Kapchorwa District,4,"Category:Eastern Region, Uganda",6,3,Geography,,1
Category:Kenya & Uganda Railways,3,Category:Rail transport in Uganda,6,6,Buildings,,0
Category:Kigezi College Butobere,3,Category:Higher education in Uganda,6,0,Education,,0
Category:Kigulu Cultural Museum,4,Category:Community Museums in Uganda,6,0,Culture,,1
Category:Kikamulo War Memorial,3,"Category:National Cultural Sites in Central Region, Uganda",6,0,Other,,0
Category:Kilembe Mines,4,Category:Copper mining in Uganda,6,0,Other,,1
Category:Kiryandongo District,4,"Category:Western Region, Uganda",6,3,Geography,,1
Category:Kiwewa Tombs,3,"Category:National Cultural Sites in Central Region, Uganda",6,0,Other,,0
Category:Knight Aciru,4,Category:Women of Uganda by name,6,0,Other,,1
Category:Kololo Hero Monument,3,"Category:National Cultural Sites in Central Region, Uganda",6,0,Buildings,,0
Category:Kyankwanzi District,4,"Category:Central Region, Uganda",6,0,Geography,,1
Category:Kyeizooba Girls Secondary School Bushenyi,3,Category:Schools in Uganda,6,0,Buildings,,0
Category:Lacrosse in Uganda,4,Category:Sports in Uganda by sport,6,0,Other,,1
Category:Lake Kigegwa,4,Category:Lakes of Uganda,6,0,Geography,,1
Category:Lango Community Museum,4,Category:Community Museums in Uganda,6,0,Buildings,,1
Category:M4 carbine in Ugandan service,3,Category:Military equipment of Uganda,6,0,Other,,0
Category:MTN Uganda,3,Category:Telecommunications in Uganda,6,0,Other,,0
Category:Male models from Uganda,4,Category:Men of Uganda by occupation,6,0,Other,,1
Category:Map of Emin Pasha's province by Stanley,4,Category:19th-century maps of Uganda,6,0,Other,,1
Category:Masaka Central Market,4,Category:Markets in Uganda,6,0,Economy,,1
Category:Mathias Kiwanuka,4,Category:Men of Uganda by name,6,0,Other,,1
Category:Micheal Azira,4,Category:Men of Uganda by name,6,0,Other,,1
Category:Models from Uganda,3,Category:People of Uganda by occupation,6,2,Other,,0
Category:Monarchs of Uganda,3,Category:Government of Uganda,6,5,Other,,0
Category:Moroto,4,"Category:Northern Region, Uganda",6,1,Other,,1
Category:Mparo Royal Tombs,4,"Category:Western Region, Uganda",6,0,Other,,1
"Category:National Cultural Sites in Northern Region, Uganda",2,Category:Cultural heritage of Uganda,6,12,Culture,,0
Category:Nyombi Morris,4,Category:Men of Uganda by name,6,0,Other,,1
Category:Outer Space Treaty,4,Category:Treaties with Uganda as a party,6,0,Other,,1
Category:Paddyman,4,Category:Men of Uganda by name,6,0,Other,,1
Category:Pader District,4,"Category:Northern Region, Uganda",6,1,Geography,,1
Category:Pancakes of Uganda,4,Category:Cuisine of Uganda,6,0,Other,,1
Category:Photos of Uganda by Sentinel-2,3,Category:Satellite pictures of Uganda,6,0,Other,,0
Category:Pian Upe Wildlife Reserve,4,Category:Savanna in Uganda,6,0,Environment,,1
Category:Pit latrines in Kampala,4,Category:Sustainable Sanitation Alliance in Kampala,6,0,Other,,1
Category:Postcards of Uganda,2,Category:History of Uganda,6,0,Other,,0
Category:Rapha Primary School,4,Category:Primary schools in Uganda,6,0,Buildings,,1
Category:Relations of China and Uganda,4,Category:Bilateral relations of Uganda,6,0,Other,,1
Category:Relations of Spain and Uganda,4,Category:Bilateral relations of Uganda,6,1,Other,,1
Category:Relations of the Netherlands and Uganda,4,Category:Bilateral relations of Uganda,6,1,Other,,1
Category:Sandra Aceng,4,Category:Women of Uganda by name,6,0,Other,,1
Category:Sheebah Karungi,4,Category:Women of Uganda by name,6,0,Other,,1
Category:Signs in Kampala,4,Category:Signs in Uganda,6,0,Other,,1
Category:Spice Diana,4,Category:Women of Uganda by name,6,0,Other,,1
Category:Sports in Kampala,3,Category:Culture of Kampala,6,2,Sports,,0
Category:Street markets in Uganda,4,Category:Markets in Uganda,6,0,Economy,,1
Category:Susan Okalany,4,Category:Women of Uganda by name,6,0,Other,,1
Category:Swahili inscriptions,4,Category:Swahili language,6,1,Other,,1
Category:Tombs in Uganda,4,Category:Graves in Uganda,6,9,Other,,1
Category:Tororo District,4,"Category:Eastern Region, Uganda",6,2,Geography,,1
Category:Towers in Uganda,4,Category:Structures in Uganda,6,2,Other,,1
Category:Train station signs in Uganda,4,Category:Train stations in Uganda,6,0,Other,,1
Category:Uganda Martyrs University,4,Category:Universities in Uganda,6,0,Other,,1
Category:Uganda People's Congress,3,Category:Political parties in Uganda,6,4,People,,0
Category:Unidentified Coleoptera of Uganda,4,Category:Unidentified insects of Uganda,6,0,Other,,1
Category:Utensils in Uganda,3,Category:Food of Uganda,6,0,Other,,0
Category:Valley University of Science and Technology,4,Category:Universities in Uganda,6,0,Other,,1
Category:Venomous animals in Uganda,3,Category:Toxicology in Uganda,6,0,Environment,,0
Category:Victoria University,4,Category:Universities in Uganda,6,0,Other,,1
Category:Washing laundry in Uganda,4,Category:Laundry in Uganda,6,0,Other,,1
Category:Water carriers from Uganda,3,Category:People of Uganda by occupation,6,0,Other,,0
Category:Weather of Uganda,3,Category:Weather and climate of Uganda,6,2,Other,,0
Category:Wiki Loves Africa 2023 in Uganda,3,Category:2023 Wikimedia movement in Uganda,6,1,History,Wiki Loves Africa,0
Category:Women with earrings in Uganda,4,Category:Women of Uganda,6,0,People,,1
Category:Zohran Mamdani,4,Category:Men of Uganda by name,6,5,Other,,1
Category:1944 in Uganda,3,Category:Uganda by year,5,0,History,,0
Category:1956 in Uganda,3,Category:Uganda by year,5,0,History,,0
Category:2003 in Uganda,3,Category:Uganda by year,5,3,History,,0
Category:2017 floods in Uganda,4,Category:2017 in Uganda,5,0,Other,,1
Category:2019 in Uganda,3,Category:Uganda by year,5,5,History,,0
Category:5X-DAR (aircraft),4,Category:Aircraft registered in Uganda,5,0,Other,,1
Category:5X-JCR (aircraft),4,Category:Aircraft registered in Uganda,5,0,Other,,1
Category:5X-UGC (aircraft),4,Category:Aircraft registered in Uganda,5,0,Other,,1
Category:Activists from Uganda,3,Category:People of Uganda by occupation,5,7,Other,,0
Category:Activities in Uganda,1,Category:Uganda,5,5,Other,,0
Category:Agather Atuhaire,4,Category:Women of Uganda by name,5,0,Other,,1
Category:Audio files of Uganda,2,Category:Uganda by media type,5,1,Other,,0
Category:Bafumbira,3,Category:Ethnic groups in Uganda,5,1,Other,,0
Category:Bank of Uganda,3,Category:Banks in Uganda,5,2,Economy,,0
Category:Banyabutumbi Tree in Kanungu,3,"Category:National Cultural Sites in Western Region, Uganda",5,0,Environment,,0
Category:Barnabas Nawangwe,4,Category:Architects from Uganda,5,0,Other,,1
Category:Benedicto Kiwanuka,4,Category:Men of Uganda by name,5,0,Other,,1
Category:Bigo bya Mugenyi,4,"Category:Central Region, Uganda",5,0,Other,,1
Category:Births in Kampala,4,Category:Births in Uganda by city,5,41,Other,,1
Category:Butcher's shops in Uganda,4,Category:Shops in Uganda,5,0,Other,,1
Category:Buvuma District,4,"Category:Central Region, Uganda",5,1,Geography,,1
Category:CHOGM Monument,3,"Category:National Cultural Sites in Central Region, Uganda",5,1,Buildings,,0
Category:Catherine Kyobutungi,3,Category:Physicians from Uganda,5,0,Other,,0
Category:Cemeteries in Uganda,3,Category:Monuments and memorials in Uganda,5,6,Other,,0
Category:Cemetery of the Polish refugees in Masindi,4,Category:Polish refuge camp at Nyabyeya in 1945,5,0,Other,,1
Category:Charles Lwanga,4,Category:Men of Uganda by name,5,0,Other,,1
Category:Christine Ondoa,3,Category:Physicians from Uganda,5,0,Other,,0
Category:Church of Uganda,4,Category:Christianity in Uganda,5,4,Other,,1
Category:Deaths in Entebbe,4,Category:Deaths in Uganda by city,5,1,Other,,1
Category:Demographic maps of Uganda,3,Category:Maps of Uganda,5,0,Geography,,0
Category:East Sudanian Savanna Ecoregion,4,Category:Ecoregions of Uganda (One Earth),5,9,Other,,1
Category:Ebola in Uganda,3,Category:Diseases and disorders in Uganda,5,1,Other,,0
Category:Effects of weathering in Uganda,4,Category:Weather of Uganda,5,0,Other,,1
Category:Elections in Uganda,3,Category:Political events in Uganda,5,5,Government,,0
Category:Emikalabanda,4,Category:Footwear of Uganda,5,0,Other,,1
"Category:Emmanuel Cathedral, Mvara",3,"Category:National Cultural Sites in Northern Region, Uganda",5,0,Other,,0
Category:Equator Monument (Kikorongo),3,"Category:National Cultural Sites in Western Region, Uganda",5,0,Buildings,,0
Category:Equipment of Uganda,2,Category:Uganda by topic,5,4,Other,,0
Category:Eshabwe,4,Category:Cuisine of Uganda,5,0,Other,,1
Category:Euphorbia gossypina,4,Category:Malpighiales in Uganda,5,0,Other,,1
Category:Female writers from Uganda,4,Category:Women of Uganda by occupation,5,7,People,,1
Category:Fishermen from Uganda,3,Category:People of Uganda by occupation,5,0,Other,,0
Category:Flags of British Kenya,4,Category:Flags of British East Africa Company,5,1,Other,,1
Category:Flags of cities in Uganda,4,Category:Flags of Uganda,5,0,Geography,,1
Category:Flags of the Belgian Congo,3,Category:Historical flags of Uganda,5,1,Other,,0
Category:Gaetano Batanyenda,4,Category:Men of Uganda by name,5,0,Other,,1
Category:Glaciers of Uganda,4,Category:Frozen bodies of water in Uganda,5,0,Other,,1
Category:Gourds in Uganda,4,Category:Cucurbitales in Uganda,5,1,Other,,1
Category:Green Valley Kasanje Primary School,3,Category:Schools in Uganda,5,0,Buildings,,0
Category:Halid Lwaliwa,4,Category:Men of Uganda by name,5,0,Other,,1
Category:HemDee Kiwanuka,4,Category:Men of Uganda by name,5,0,Other,,1
Category:Hima people,3,Category:Ethnic groups in Uganda,5,0,People,,0
Category:House interiors in Uganda,4,Category:Building interiors in Uganda,5,0,Other,,1
Category:Images from Wiki Loves Monuments 2025 in Uganda,4,Category:Wiki Loves Monuments 2025 in Uganda,5,0,Buildings,Wiki Loves Monuments,1
Category:International Committee of the Red Cross in Uganda,3,Category:Humanitarian aid in Uganda,5,0,Other,,0
Category:Irshad Manji,4,Category:Women of Uganda by name,5,0,Other,,1
Category:Ishasha River,4,Category:Rivers of Uganda,5,0,Geography,,1
Category:James Simpson (politician),4,Category:Government ministers of Uganda,5,0,People,,1
Category:Jinja Rocks,3,"Category:National Cultural Sites in Eastern Region, Uganda",5,0,Other,,0
Category:Kakoro Rock Paintings,3,"Category:National Cultural Sites in Eastern Region, Uganda",5,0,Other,,0
Category:Kakungulus tombs,3,"Category:National Cultural Sites in Eastern Region, Uganda",5,0,Other,,0
Category:Katakwi District,4,"Category:Eastern Region, Uganda",5,0,Geography,,1
Category:Kato Fargason,3,Category:Physicians from Uganda,5,0,Other,,0
Category:Katunguru landing site,4,Category:Fishing villages in Uganda,5,0,Other,,1
Category:Kigulu hills,3,"Category:National Cultural Sites in Eastern Region, Uganda",5,0,Other,,0
Category:Kigungu landing site,4,Category:Protected areas of Uganda,5,0,Other,,1
Category:Kiira Motors,2,Category:Organizations of Uganda,5,0,Other,,0
Category:Kinyarwanda Wikipedia,4,Category:Kinyarwanda language,5,1,Other,,1
Category:Kiruhura District,4,"Category:Western Region, Uganda",5,2,Geography,,1
Category:Kitovu Catholic Church,3,"Category:National Cultural Sites in Central Region, Uganda",5,0,Other,,0
Category:Kogere Foundation Museum,4,Category:Community Museums in Uganda,5,0,Buildings,,1
Category:Koki Lakes,4,Category:Lakes of Uganda,5,0,Geography,,1
Category:Kyafola Hot Springs,3,"Category:National Cultural Sites in Western Region, Uganda",5,0,Other,,0
Category:Lake Bujuku,4,Category:Rwenzori Mountains National Park,5,0,Geography,,1
Category:Lamiales in Uganda,3,Category:Plants of Uganda by order,5,1,Other,,0
Category:Lamogi rebellion site,2,Category:History of Uganda,5,0,Other,,0
Category:Launch of Lg Wiki mentorship,4,Category:Images from Luganda Wikipedia mentorship program 2025,5,0,Wikimedia community,,1
Category:Librarians from Uganda,3,Category:People of Uganda by occupation,5,1,Other,,0
Category:Linguistic maps of Uganda,3,Category:Maps of Uganda,5,1,Geography,,0
Category:Lokodi memorial massacre site,3,"Category:National Cultural Sites in Northern Region, Uganda",5,0,Other,,0
Category:Madi Lugbara Community Museum,4,Category:Community Museums in Uganda,5,0,Buildings,,1
Category:Maps of the Ugandan Civil War,3,Category:Maps of the history of Uganda,5,0,Geography,,0
Category:Margaret Sekaggya,4,Category:Women of Uganda by name,5,0,Other,,1
Category:Military exercises of Uganda,3,Category:Military of Uganda,5,1,Government,,0
Category:Minarets of Gaddafi National Mosque,4,Category:Gaddafi National Mosque,5,0,Other,,1
Category:Mmamba,4,Category:Cuisine of Uganda,5,0,Other,,1
Category:Monuments and memorials in Kampala,3,Category:Culture of Kampala,5,7,Buildings,,0
Category:Mud in Uganda,4,Category:Soils in Uganda,5,0,Other,,1
Category:Mugume Dickson,3,Category:Physicians from Uganda,5,0,Other,,0
Category:Muhoozi Kainerugaba,4,Category:Military people of Uganda,5,0,Other,,1
Category:Mull Katende,4,Category:Men of Uganda by name,5,0,Other,,1
Category:Mwanga II of Buganda,4,Category:Men of Uganda by name,5,0,Other,,1
Category:NARA images of Uganda,3,Category:Images of Uganda,5,0,Other,,0
Category:Nakapiripirit District,4,"Category:Northern Region, Uganda",5,1,Geography,,1
Category:Nakaseke War Memorial,3,"Category:National Cultural Sites in Central Region, Uganda",5,0,Other,,0
Category:National coat of arms of Uganda,4,Category:Coats of arms of Uganda,5,0,Other,,1
Category:Nazziwa Marjorie Bukenya,3,Category:Physicians from Uganda,5,0,Other,,0
Category:Northern Acacia-Commiphora Bushlands and Thickets Ecoregion,4,Category:Ecoregions of Uganda (One Earth),5,8,Other,,1
Category:Nyakabanda Transit Center for Congolese Refugees,3,Category:Refugee camps in Uganda,5,0,Other,,0
Category:Old railway building in Kampala,3,"Category:National Cultural Sites in Central Region, Uganda",5,0,Buildings,,0
Category:Paul Masaba,4,Category:Men of Uganda by name,5,0,Other,,1
Category:Pece War Memorial Stadium,3,Category:Monuments and memorials in Uganda,5,0,Sports,,0
Category:People of Uganda at the Pentagon,4,Category:Military relations of Uganda and the United States,5,0,People,,1
Category:People of Uganda in 2023,4,Category:2023 in Uganda,5,3,People,,1
Category:Photos of Uganda by ISS Expedition 34 Crew Earth Observations,4,Category:Photos of Uganda from ISS,5,0,Other,,1
Category:Photos of Uganda by ISS Expedition 40 Crew Earth Observations,4,Category:Photos of Uganda from ISS,5,0,Other,,1
Category:Plant nurseries in Uganda,3,Category:Agriculture in Uganda,5,0,Environment,,0
Category:Police officers of Uganda,3,Category:People of Uganda by occupation,5,1,Government,,0
Category:Polish refuge camp at Nyabyeya in 1945,3,"Category:National Cultural Sites in Western Region, Uganda",5,1,Other,,0
Category:Pounding in Uganda,1,Category:Uganda,5,0,Other,,0
Category:Prayer trees in Uganda,2,Category:Culture of Uganda,5,0,Environment,,0
Category:Princess Elizabeth of Tooro,3,Category:Kingdom of Tooro,5,1,Other,,0
Category:Public health in Uganda,2,Category:Health in Uganda,5,3,Health,,0
Category:Railings in Uganda,3,Category:Architectural elements in Uganda,5,0,Other,,0
Category:Relations of Iran and Uganda,4,Category:Bilateral relations of Uganda,5,1,Other,,1
Category:Relations of Japan and Uganda,4,Category:Bilateral relations of Uganda,5,7,Other,,1
Category:Religious buildings in Mbale,4,Category:Religious buildings in Uganda by city,5,0,Buildings,,1
Category:Roofs in Uganda,3,Category:Architectural elements in Uganda,5,1,Other,,0
Category:SVG locator maps of Uganda,4,Category:Locator maps of Uganda,5,2,Geography,,1
Category:Satellite pictures of Lake Edward,4,Category:Satellite pictures of lakes of Uganda,5,0,Geography,,1
Category:Semuto War Memorial,3,"Category:National Cultural Sites in Central Region, Uganda",5,0,Other,,0
Category:Sewerage in Uganda,3,Category:Hydraulic engineering in Uganda,5,1,Other,,0
Category:Sezibwa River,4,Category:Rivers of Uganda,5,1,Geography,,1
Category:Sheila Atim,4,Category:Women of Uganda by name,5,0,Other,,1
Category:Shoes of Uganda,4,Category:Footwear of Uganda,5,0,Other,,1
Category:Spaghetti dishes in Uganda,4,Category:Cuisine of Uganda,5,0,Other,,1
Category:Speke monument (Uganda),3,"Category:National Cultural Sites in Eastern Region, Uganda",5,0,Buildings,,0
Category:Spire memorial/Mpumudde hill,3,"Category:National Cultural Sites in Eastern Region, Uganda",5,0,Other,,0
Category:Sports trophies in Uganda,3,Category:Sports in Uganda,5,0,Sports,,0
Category:St Gonzaga Gonza shrine,3,"Category:National Cultural Sites in Eastern Region, Uganda",5,0,Other,,0
Category:St. Charles Lwanga High School Kashekuro,3,Category:Schools in Uganda,5,0,Buildings,,0
"Category:Stride monument, Kampala",4,Category:CHOGM Monument,5,0,Buildings,,1
Category:Sunflowers in Uganda,4,Category:Asterales in Uganda,5,0,Other,,1
Category:Synagogues in Uganda,4,Category:Religious buildings in Uganda,5,0,Other,,1
Category:Tennis courts in Uganda,4,Category:Sports venues in Uganda,5,0,Other,,1
Category:Thomas Tayebwa,2,Category:Speaker of the Parliament of Uganda,5,0,Other,,0
Category:Toxicology in Uganda,2,Category:Health in Uganda,5,2,Other,,0
Category:Traditional music of Uganda,3,Category:Folklore of Uganda,5,0,Culture,,0
Category:Tricycles in Uganda,4,Category:Three-wheeled vehicles in Uganda,5,0,Other,,1
Category:Uganda Local Governments Association,3,Category:Government of Uganda,5,0,Other,,0
Category:Uganda Revenue Authority Museum,4,Category:Community Museums in Uganda,5,0,Buildings,,1
Category:Uganda in the 1900s,3,Category:Uganda by decade,5,3,Other,,0
Category:Uganda women's national basketball team,4,Category:National sports teams of Uganda,5,0,People,,1
Category:Vegetable markets in Uganda,4,Category:Vegetables of Uganda,5,1,Economy,,1
Category:Volcanic fields in Uganda,4,Category:Volcanoes in Uganda,5,0,Other,,1
Category:Wako Zibondos Mahomo ancestral palace,3,"Category:National Cultural Sites in Eastern Region, Uganda",5,0,Other,,0
Category:WikiGap 2024 in Uganda,3,Category:2024 Wikimedia movement in Uganda,5,0,History,,0
Category:Winnie Nanyondo,4,Category:Women of Uganda by name,5,0,Other,,1
Category:Wood in Uganda,4,Category:Materials in Uganda,5,1,Other,,1
Category:World Kiswahili Day,4,Category:Swahili language,5,0,Other,,1
Category:Zikusoka Fredrick,3,Category:Physicians from Uganda,5,0,Other,,0
Category:Zingiberales in Uganda,3,Category:Plants of Uganda by order,5,0,Other,,0
Category:.ug,3,Category:Symbols of Uganda,4,0,Other,,0
Category:1917 in Uganda,3,Category:Uganda by year,4,0,History,,0
Category:1946 in Uganda,3,Category:Uganda by year,4,0,History,,0
Category:1964 in Uganda,3,Category:Uganda by year,4,0,History,,0
Category:1995 maps of Uganda,4,Category:1995 in Uganda,4,0,Geography,,1
Category:2006 elections in Uganda,4,Category:2006 in Uganda,4,0,Government,,1
Category:2011 in aviation in Uganda,4,Category:Aviation in Uganda by year,4,1,Other,,1
Category:2018 floods in Uganda,4,Category:2018 in Uganda,4,1,Other,,1
Category:2024 in Uganda,3,Category:Uganda by year,4,7,History,,0
Category:20th-century people of Uganda,4,Category:Uganda in the 20th century,4,2,People,,1
Category:5X-ROY (aircraft),4,Category:Aircraft registered in Uganda,4,0,Other,,1
Category:5X-UAC (aircraft),4,Category:Aircraft registered in Uganda,4,0,Other,,1
Category:5X-UGF (aircraft),4,Category:Aircraft registered in Uganda,4,0,Other,,1
Category:A.M. Mackay - pioneer missionary of the Church Missionary Society to Uganda (1890),3,Category:Books about Uganda,4,0,Other,,0
Category:Aloe lateritia,4,Category:Flora of Uganda,4,1,Other,,1
Category:Aloisea Inyumba,4,Category:Women of Uganda by name,4,0,Other,,1
Category:Ananas in Uganda,3,Category:Agriculture in Uganda,4,0,Other,,0
Category:Athletics competitors from Uganda,4,Category:Sportspeople from Uganda,4,14,Sports,,1
Category:Balaam Barugahara,4,Category:Men of Uganda by name,4,0,Other,,1
Category:Ballet dancers from Uganda,4,Category:Dancers from Uganda,4,0,Other,,1
Category:Barbara Ofwono Buyondo,3,Category:Educationists from Uganda,4,0,Other,,0
Category:Bash Luks,4,Category:Men of Uganda by name,4,0,Other,,1
Category:Beers of Uganda,4,Category:Beverages from Uganda,4,0,Other,,1
Category:Buganda Road Primary School,3,Category:Schools in Uganda,4,0,Buildings,,0
Category:Bugungu Heritage and Information Centre,4,Category:Community Museums in Uganda,4,0,History,,1
Category:Buhimba Heros Monument,3,"Category:National Cultural Sites in Western Region, Uganda",4,0,Buildings,,0
Category:Clock tower Kampala,3,"Category:National Cultural Sites in Central Region, Uganda",4,0,Other,,0
Category:Commerce in Kampala,3,Category:Economy of Kampala,4,1,Other,,0
"Category:Commonwealth War Graves Tororo, Uganda",3,"Category:National Cultural Sites in Eastern Region, Uganda",4,0,Culture,,0
Category:Dams in Uganda,2,Category:Uganda by topic,4,1,Other,,0
Category:Death in Uganda,2,Category:Culture of Uganda,4,3,Other,,0
Category:Demographics of Uganda,2,Category:Society of Uganda,4,5,Other,,0
Category:Denis Onyango,4,Category:Men of Uganda by name,4,0,Other,,1
Category:Diplomats of Uganda,3,Category:People of Uganda by occupation,4,8,Other,,0
Category:Districts of Uganda,4,Category:Subdivisions of Uganda,4,104,Geography,,1
Category:Dokolo District,4,"Category:Northern Region, Uganda",4,0,Geography,,1
Category:East African Revival Museum,4,Category:Community Museums in Uganda,4,0,Buildings,,1
Category:Easter in Uganda,3,Category:Holidays in Uganda,4,0,Other,,0
Category:Ediofe Cathedral,3,"Category:National Cultural Sites in Northern Region, Uganda",4,0,Other,,0
Category:Elio Capradossi,4,Category:Men of Uganda by name,4,0,Other,,1
Category:Entebbe za Mugula,3,"Category:National Cultural Sites in Central Region, Uganda",4,0,Other,,0
Category:Entrepreneurs from Uganda,3,Category:People of Uganda,4,4,Other,,0
Category:Environmental problems in Uganda,4,Category:Environment of Uganda,4,5,Other,,1
Category:Euphorbia magnicapsula,4,Category:Malpighiales in Uganda,4,1,Other,,1
Category:Fauzia Najjemba,4,Category:Women of Uganda by name,4,0,Other,,1
Category:Fishing villages in Uganda,3,Category:Fishing in Uganda,4,3,Geography,,0
Category:Flag maps of Uganda,3,Category:Maps of Uganda,4,2,Geography,,0
Category:Flags of British East Africa Company,3,Category:Historical flags of Uganda,4,3,Other,,0
Category:Forestry in Uganda,2,Category:Uganda by topic,4,2,Other,,0
Category:Fort Lugard,3,"Category:National Cultural Sites in Central Region, Uganda",4,0,Other,,0
Category:Forward Operating Base Kasenyi,3,Category:Military of Uganda,4,0,Other,,0
Category:Frank Mugisha,4,Category:Men of Uganda by name,4,0,Other,,1
Category:Furniture in Uganda,3,Category:Objects in Uganda,4,2,Other,,0
Category:Gates of Gaddafi National Mosque,4,Category:Gaddafi National Mosque,4,0,Other,,1
Category:Geoffrey Oryema,4,Category:Men of Uganda by name,4,0,Other,,1
Category:Gideon Byamugisha,4,Category:Men of Uganda by name,4,0,Other,,1
Category:Ginger in Uganda,4,Category:Vegetables of Uganda,4,0,Other,,1
Category:Gordon Wavamunno,4,Category:Men of Uganda by name,4,0,Other,,1
Category:Guru Guru Caves,4,Category:Caves in Uganda,4,0,Other,,1
Category:Hair fashion in Uganda,2,Category:Culture of Uganda,4,0,Other,,0
Category:Ham Mukasa,4,Category:Men of Uganda by name,4,1,Other,,1
Category:Haya people,3,Category:Ethnic groups in Uganda,4,0,People,,0
Category:Hills in Uganda,3,Category:Landforms of Uganda,4,0,Other,,0
Category:Historical flag maps of Uganda,3,Category:Maps of the history of Uganda,4,0,Geography,,0
"Category:Hope Primary School, Arua",3,Category:Schools in Uganda,4,0,Buildings,,0
Category:Humanitarian aid in Uganda,2,Category:Economy of Uganda,4,1,Other,,0
Category:Husnah Kukundakwe,4,Category:Women of Uganda by name,4,0,Other,,1
Category:Ibrahim Kasule,4,Category:Men of Uganda by name,4,0,Other,,1
Category:Iganga District,4,"Category:Eastern Region, Uganda",4,2,Geography,,1
Category:International relations maps of Uganda,3,Category:International relations of Uganda,4,2,Geography,,0
Category:Irrigation in Uganda,3,Category:Agriculture in Uganda,4,1,Other,,0
Category:Jane Aceng,4,Category:Women of Uganda by name,4,0,Other,,1
Category:Jaramogi Oginga Odinga,4,Category:Luo people,4,1,Other,,1
Category:Jessica Alupo,4,Category:Women of Uganda by name,4,0,Other,,1
Category:Joseph Freddy Onata,3,Category:People of Uganda,4,0,Other,,0
Category:KUR EC3 class,4,Category:Kenya & Uganda Railways,4,0,Other,,1
Category:KUR ED1 class,4,Category:Kenya & Uganda Railways,4,1,Other,,1
Category:Kabale Central Market,4,Category:Markets in Uganda,4,0,Economy,,1
Category:Kapelebyong District,4,"Category:Eastern Region, Uganda",4,1,Geography,,1
Category:Kasokwa Forest,4,Category:Forests in Uganda,4,0,Environment,,1
Category:Katebwa mass grave,3,"Category:National Cultural Sites in Western Region, Uganda",4,0,Culture,,0
Category:Katonga River,4,Category:Rivers of Uganda,4,0,Geography,,1
Category:Kicwamba Mass Grave,3,"Category:National Cultural Sites in Western Region, Uganda",4,0,Culture,,0
Category:Kizza Besigye,4,Category:Men of Uganda by name,4,0,Other,,1
Category:Komuge Rock Art Site,3,"Category:National Cultural Sites in Eastern Region, Uganda",4,0,Culture,,0
Category:Kyabazingas palace at Wanyange,3,"Category:National Cultural Sites in Eastern Region, Uganda",4,0,Other,,0
Category:Kyotera District,4,"Category:Central Region, Uganda",4,0,Geography,,1
Category:LGBTQ people of Uganda,3,Category:LGBTQ in Uganda,4,4,People,,0
Category:Lawrence Sebalu,4,Category:Government ministers of Uganda,4,0,Other,,1
Category:Leonard Chemutai,4,Category:Men of Uganda by name,4,0,Other,,1
Category:License plates of Uganda,2,Category:Uganda by topic,4,0,Other,,0
"Category:Lido Beach, Entebbe",4,Category:Nature of Entebbe,4,0,Other,,1
Category:Lillian Aber,4,Category:Women of Uganda by name,4,0,Other,,1
Category:Linguistic maps of the luganda language,4,Category:Luganda language,4,0,Geography,,1
Category:Logging in Uganda,2,Category:Economy of Uganda,4,0,Other,,0
Category:Lornah Kiplagat,4,Category:Nilotic peoples,4,0,Other,,1
Category:Lot Fire Records logos,4,Category:Logos of Uganda,4,0,Other,,1
Category:Luganda Wikipedia 2024 activities,3,Category:2024 Wikimedia movement in Uganda,4,0,Other,,0
Category:Machines in Uganda,3,Category:Objects in Uganda,4,2,Other,,0
Category:Mahmood Mamdani,4,Category:Men of Uganda by name,4,0,Other,,1
Category:Makerere University Library,4,Category:Libraries in Uganda,4,0,Other,,1
Category:Manafwa River,4,Category:Rivers of Uganda,4,0,Geography,,1
Category:Martin Kayongo-Mutumba,4,Category:Men of Uganda by name,4,0,Other,,1
Category:Mbarara High School,3,Category:Schools in Uganda,4,0,Buildings,,0
Category:Members of the 11th Parliament of Uganda,3,Category:Politicians of Uganda,4,2,Government,,0
Category:Military flags of Uganda,4,Category:Military symbols of Uganda,4,3,Government,,1
Category:Military ranks of Uganda,3,Category:Military of Uganda,4,17,Government,,0
Category:Minesh Mehta,3,Category:Physicians from Uganda,4,0,Other,,0
Category:Miriadua waterfalls,3,"Category:National Cultural Sites in Northern Region, Uganda",4,0,Other,,0
Category:Miss Uganda,3,Category:Awards of Uganda,4,1,Other,,0
Category:Mosques in Uganda photographed in 2010,4,Category:2010 in Uganda,4,0,Culture,,1
Category:Moyo District,4,"Category:Northern Region, Uganda",4,1,Geography,,1
Category:Mpanga Market-Kabarole,3,"Category:National Cultural Sites in Western Region, Uganda",4,0,Economy,,0
Category:Mud fish of Uganda,4,Category:Fish of Uganda,4,0,Other,,1
Category:National anthem of Uganda,3,Category:Music of Uganda,4,0,Other,,0
Category:National parks of Uganda,3,Category:Visitor attractions in Uganda,4,14,Environment,,0
Category:Night sky in Uganda,4,Category:Night in Uganda,4,0,Other,,1
Category:Njeru,4,"Category:Central Region, Uganda",4,0,Other,,1
Category:Nuns from Uganda,3,Category:Religion in Uganda,4,0,Other,,0
Category:Orders of Uganda,3,Category:Awards of Uganda,4,0,Other,,0
Category:Oscar Chelimo,4,Category:Men of Uganda by name,4,0,Other,,1
Category:Parliament of Uganda building,3,Category:Places in Uganda,4,0,Buildings,,0
Category:Passport stamps of Uganda,4,Category:Passports of Uganda,4,0,Other,,1
Category:Patidar Samaj Building,4,Category:Libraries in Uganda,4,0,Buildings,,1
"Category:People of Jinja, Uganda",4,Category:People of Uganda by city,4,1,People,,1
Category:Phill Lewis,4,Category:Men of Uganda by name,4,0,Other,,1
Category:Photographs of the national flag of Uganda,4,Category:Photographs of flags of Uganda,4,2,Other,,1
Category:Plaques of diplomatic missions of Uganda,4,Category:Diplomatic missions of Uganda,4,0,Other,,1
Category:Politicians of Uganda shaking hands,3,Category:Politicians of Uganda,4,0,People,,0
Category:Potatoes in Uganda,4,Category:Vegetables of Uganda,4,1,Other,,1
Category:Poverty in Uganda,2,Category:Economy of Uganda,4,3,Other,,0
Category:Poverty maps of Uganda,3,Category:Poverty in Uganda,4,0,Geography,,0
Category:Pronunciation of Uganda,2,Category:Culture of Uganda,4,0,Other,,0
Category:Rafiki Theatre,3,Category:Art of Uganda,4,0,Other,,0
Category:Relations of Azerbaijan and Uganda,4,Category:Bilateral relations of Uganda,4,0,Other,,1
Category:Relations of Somalia and Uganda,4,Category:Bilateral relations of Uganda,4,4,Other,,1
Category:Rock paintings in Uganda,2,Category:History of Uganda,4,0,Other,,0
Category:Royalty of Buganda,4,Category:Bugandan monarchy,4,1,Other,,1
Category:SVG flags of Uganda - aspect ratio of 3:2,4,Category:SVG flags of Uganda,4,0,Other,,1
Category:SVG labeled maps of administrative divisions of Uganda (location map scheme),3,Category:Political maps of Uganda,4,0,Geography,,0
Category:SVG locator maps of regions in Uganda (location map scheme),4,Category:Maps of regions of Uganda,4,0,Geography,,1
Category:SVG military flags of Uganda,4,Category:SVG flags of Uganda,4,0,Government,,1
Category:SVG national flag of Uganda,4,Category:SVG flags of Uganda,4,1,Other,,1
Category:SVG roundels of Uganda,4,Category:Roundels of Uganda,4,0,Other,,1
Category:Salt lakes of Uganda,4,Category:Salt mining in Uganda,4,1,Geography,,1
Category:Scientists from Uganda,2,Category:Uganda by topic,4,8,Other,,0
Category:Senteza Kajubi,3,Category:People of Uganda,4,0,Other,,0
Category:Signposts in Uganda,4,Category:Signs in Uganda,4,0,Other,,1
Category:Solar energy in Uganda,2,Category:Uganda by topic,4,1,Other,,0
Category:St. Mary's College Kisubi,3,Category:Schools in Uganda,4,0,Education,,0
Category:St. Mary's Vocational School Kyamuhunga,3,Category:Schools in Uganda,4,0,Buildings,,0
Category:Stalactites in Uganda,4,Category:Speleothems in Uganda,4,0,Other,,1
Category:Stephen Kissa,4,Category:Men of Uganda by name,4,0,Other,,1
Category:Strophanthus hispidus,4,Category:Flora of Uganda,4,1,Other,,1
Category:Structures in Uganda,3,Category:Architecture of Uganda,4,5,Buildings,,0
Category:Sunsets of Kampala,4,Category:Nature of Kampala,4,0,Other,,1
Category:Supermarkets in Uganda,4,Category:Shops in Uganda,4,1,Other,,1
Category:Tea gardens in Uganda,4,Category:Gardens in Uganda,4,0,Other,,1
Category:Tea of Uganda,4,Category:Beverages from Uganda,4,2,Other,,1
Category:Telecommunications in Uganda,2,Category:Uganda by topic,4,3,Other,,0
Category:The Uganda Journal 1934,4,Category:The Uganda Journal,4,0,Other,,1
Category:The Uganda Journal 1935,4,Category:The Uganda Journal,4,0,Other,,1
"Category:The Victoria Nyanza; the land, the races and their customs, with specimens of some of the dialects (1899)",3,Category:History of Lake Victoria,4,0,Other,,0
Category:Tomb of Cwii Kabalega,3,"Category:National Cultural Sites in Western Region, Uganda",4,0,Other,,0
Category:Trains at train stations in Uganda,4,Category:Train stations in Uganda,4,0,Other,,1
Category:Tulifanya Gallery,3,"Category:National Cultural Sites in Central Region, Uganda",4,0,Other,,0
Category:Tusome Resource Center,4,Category:Libraries in Uganda,4,0,Other,,1
Category:Uganda Airlines in-flight meals,4,Category:Uganda Airlines,4,0,Other,,1
Category:Ugandan Bush War,2,Category:History of Uganda,4,8,Other,,0
Category:Uganda–Tanzania War,4,Category:1978 in Uganda,4,0,Other,,1
Category:Umeme,3,Category:Energy in Uganda,4,0,Other,,0
Category:University of Kisubi,4,Category:Universities in Uganda,4,0,Other,,1
Category:Videos of animals of Uganda,3,Category:Videos from Uganda,4,0,Environment,,0
Category:Volleyball in Uganda,4,Category:Sports in Uganda by sport,4,0,Other,,1
Category:Water pollution in Uganda,4,Category:Water in Uganda,4,0,Other,,1
Category:Water sports in Uganda,4,Category:Water in Uganda,4,5,Sports,,1
Category:Wiki Loves Monuments 2021 in Uganda,3,Category:2021 Wikimedia movement in Uganda,4,1,Buildings,Wiki Loves Monuments,0
Category:Wiki University Clubs,3,Category:Wikimedia Community User Group Uganda,4,2,Other,,0
Category:Wiki for Refugees 2021 in Uganda,3,Category:2021 Wikimedia movement in Uganda,4,0,Wikimedia community,,0
Category:Wildfires in Uganda,4,Category:Natural hazards in Uganda,4,0,Other,,1
Category:Zoogenic landforms in Uganda,3,Category:Landforms of Uganda,4,1,Other,,0
Category:1910s maps of Uganda,4,Category:Uganda in the 1910s,3,1,Geography,,1
Category:1915 in Uganda,3,Category:Uganda by year,3,0,History,,0
Category:1941 in Uganda,3,Category:Uganda by year,3,0,History,,0
Category:1949 in Uganda,3,Category:Uganda by year,3,0,History,,0
Category:1953 in Uganda,3,Category:Uganda by year,3,1,History,,0
Category:1955 in Uganda,3,Category:Uganda by year,3,0,History,,0
Category:1969 in Uganda,3,Category:Uganda by year,3,1,History,,0
Category:1970s maps of Uganda,4,Category:Uganda in the 1970s,3,1,Geography,,1
Category:2000 in Uganda,3,Category:Uganda by year,3,0,History,,0
Category:2009 in aviation in Uganda,4,Category:Aviation in Uganda by year,3,1,Other,,1
Category:2011 elections in Uganda,4,Category:2011 in Uganda,3,0,Government,,1
Category:2017 in aviation in Uganda,4,Category:Aviation in Uganda by year,3,0,Other,,1
Category:2026 Ugandan general election,4,Category:2026 in Uganda,3,0,Government,,1
Category:20th-century maps of Uganda,3,Category:Old maps of Uganda,3,5,Geography,,0
Category:5X-EQU (aircraft),4,Category:Aircraft registered in Uganda,3,0,Other,,1
Category:5X-FFD (aircraft),4,Category:Aircraft registered in Uganda,3,0,Other,,1
Category:5X-JET (aircraft),4,Category:Aircraft registered in Uganda,3,0,Other,,1
Category:5X-JOS (aircraft),4,Category:Aircraft registered in Uganda,3,0,Other,,1
Category:5X-UEF (aircraft),4,Category:Aircraft registered in Uganda,3,0,Other,,1
Category:5X-UVH (aircraft),4,Category:Aircraft registered in Uganda,3,0,Other,,1
Category:AMISOM preparation cours in Camp Singo,4,Category:Camp Singo,3,0,Other,,1
Category:Abraham Chepkirwok,4,Category:Men of Uganda by name,3,0,Other,,1
Category:Abraham Kiplimo,4,Category:Men of Uganda by name,3,0,Other,,1
Category:Abryanz,4,Category:Men of Uganda by name,3,0,Other,,1
Category:Actors from Uganda,4,Category:Performing artists from Uganda,3,3,Other,,1
Category:Agricultural terraces in Uganda,3,Category:Agriculture in Uganda,3,0,Other,,0
Category:Air Uganda,4,Category:Defunct airlines of Uganda,3,1,Other,,1
"Category:Alebtong district, Uganda",4,"Category:Northern Region, Uganda",3,0,Geography,,1
Category:Allan Okello,4,Category:Men of Uganda by name,3,0,Other,,1
Category:Allied Democratic Forces insurgency,3,Category:Allied Democratic Forces,3,3,Other,,0
Category:Alur collection in the Royal Museum for Central Africa,4,Category:Alur people,3,0,Buildings,,1
Category:Ambulances in Uganda,4,Category:Emergency service vehicles of Uganda,3,0,Other,,1
Category:Angela Atim Lakor,4,Category:Women of Uganda by name,3,0,Other,,1
Category:Animals of Kisoro,4,Category:Animals of Uganda,3,0,Environment,,1
Category:Art in Uganda,3,Category:Art of Uganda,3,4,Culture,,0
Category:Audios from Wiki Loves Folklore 2025 in Uganda,4,Category:Wiki Loves Folklore 2025 in Uganda,3,0,Culture,Wiki Loves Folklore,1
Category:Augustine Kasujja,4,Category:Men of Uganda by name,3,0,Other,,1
Category:Bari art in the Musée du quai Branly,4,Category:Bari people,3,0,Culture,,1
Category:Bean dishes of Uganda,4,Category:Cuisine of Uganda,3,1,Other,,1
Category:Bemanya Twebaze,4,Category:Men of Uganda by name,3,0,Other,,1
Category:Ben Kayiranga,4,Category:Kinyarwanda language,3,0,Other,,1
Category:Bignoniaceae in Uganda,3,Category:Plants of Uganda by taxon,3,1,Other,,0
Category:Bilingual signs in Uganda,4,Category:Signs in Uganda,3,0,Other,,1
Category:Bishop Hannington resting place,3,"Category:National Cultural Sites in Eastern Region, Uganda",3,0,Other,,0
Category:Blue birds of Uganda,4,Category:Birds of Uganda by color,3,0,Environment,,1
Category:Books about the Swahili language,4,Category:Swahili language,3,0,Other,,1
Category:Bottled water in Uganda,4,Category:Water in Uganda,3,0,Other,,1
Category:Breastfeeding in Uganda,3,Category:Children of Uganda,3,0,Other,,0
Category:Buddu Cultural Museum,4,Category:Community Museums in Uganda,3,0,Culture,,1
Category:Bujjagali Ancestral Site,3,"Category:National Cultural Sites in Eastern Region, Uganda",3,0,Other,,0
Category:Bunyoro Community Historical Museum Associates for Peace,4,Category:Community Museums in Uganda,3,0,Buildings,,1
Category:Busts in Uganda,4,Category:Monuments and memorials in Uganda by type,3,0,Other,,1
Category:Buyende District,4,"Category:Eastern Region, Uganda",3,0,Geography,,1
Category:Cabbages in Uganda,4,Category:Vegetables of Uganda,3,0,Other,,1
Category:Café Javas,3,Category:Companies of Uganda,3,0,Other,,0
"Category:Caféiers Uganda cultivés en croissance libre (Station Kawanda, Ouganda) - Euverte - btv1b101210395",4,Category:1953 in Uganda,3,0,Other,,1
Category:Catherine Odora Hoppers,4,Category:Women of Uganda by name,3,0,Other,,1
Category:Chain-link fences in Uganda,4,Category:Fences in Uganda,3,0,Other,,1
Category:Christmas in Uganda,4,Category:Christianity in Uganda,3,1,Other,,1
Category:Claver Gatete,4,Category:Men of Uganda by name,3,0,Other,,1
Category:Coats of arms of Buganda,3,Category:Buganda,3,0,Other,,0
Category:Companies of Uganda,2,Category:Economy of Uganda,3,8,Economy,,0
Category:Conservation in Uganda,3,Category:Nature of Uganda,3,2,Environment,,0
Category:Content Gap Analysis for Wikimedia Uganda 2025,3,Category:Wikimedia Community User Group Uganda,3,0,Wikimedia community,,0
Category:Dan Nokrach Odongo,3,Category:Educators from Uganda,3,0,Other,,0
Category:Deaths in Kampala,4,Category:Deaths in Uganda by city,3,2,Other,,1
Category:Dentistry in Uganda,3,Category:Healthcare in Uganda,3,0,Other,,0
Category:Docus Inzikuru,4,Category:Women of Uganda by name,3,0,Other,,1
Category:Doreen Baingana,4,Category:Women of Uganda by name,3,0,Other,,1
Category:EBO Financial Services,4,Category:Credit unions in Uganda,3,0,Other,,1
Category:East Africa High Commission,3,Category:Uganda Protectorate,3,0,Other,,0
Category:Embuutu,4,Category:Drums of Uganda,3,0,Other,,1
Category:Emigrants from Uganda,3,Category:People of Uganda,3,1,Other,,0
Category:Esteri Tebandeke,4,Category:Women of Uganda by name,3,0,Other,,1
Category:Ethnic groups in Uganda,2,Category:Culture of Uganda,3,37,Other,,0
Category:Euphorbia ampliphylla,4,Category:Malpighiales in Uganda,3,0,Other,,1
Category:Farah Damji,4,Category:Women of Uganda by name,3,0,Other,,1
Category:Film directors from Uganda,3,Category:People of Uganda by occupation,3,1,Other,,0
Category:Flags of Uganda on stamps,4,Category:Uganda on stamps,3,0,Other,,1
Category:Flags of the Protectorate of Uganda,3,Category:Historical flags of Uganda,3,0,Other,,0
Category:Fluvial sediment transport in Uganda,4,Category:Fluvial geomorphology of Uganda,3,1,Buildings,,1
Category:Foreglow in Uganda,4,Category:Sunrises of Uganda,3,0,Other,,1
Category:Forest reserves of Uganda,4,Category:Forests in Uganda,3,1,Environment,,1
Category:Fred Musobo,4,Category:Men of Uganda by name,3,0,Other,,1
Category:GIF flags of Uganda,3,Category:Flags of Uganda by type of image,3,0,Other,,0
Category:Golden Jubilee Monument,3,Category:Monuments and memorials in Uganda,3,0,Buildings,,0
Category:Governors of Bank Uganda,4,Category:Bank of Uganda,3,2,Economy,,1
Category:Grand Imperial Hotel (Kampala),3,"Category:National Cultural Sites in Central Region, Uganda",3,0,Other,,0
Category:Grass in Uganda,4,Category:Flora of Uganda,3,0,Other,,1
Category:Henry Kyemba,4,Category:Men of Uganda by name,3,0,Other,,1
Category:Hindu temples in Uganda,4,Category:Temples in Uganda,3,2,Other,,1
Category:Historic Muvule Tree,3,"Category:National Cultural Sites in Eastern Region, Uganda",3,0,Environment,,0
Category:Historical flags of Uganda,2,Category:History of Uganda,3,6,History,,0
Category:ISBAT University Kampala,4,Category:Universities in Uganda,3,0,Other,,1
Category:Ibanda District,4,"Category:Western Region, Uganda",3,1,Geography,,1
Category:Ik people,3,Category:Ethnic groups in Uganda,3,0,People,,0
Category:Imarai caves,3,"Category:National Cultural Sites in Eastern Region, Uganda",3,0,Other,,0
Category:Inaugurations in Uganda,3,Category:Events in Uganda,3,0,Other,,0
Category:Industry in Uganda,2,Category:Uganda by topic,3,4,Economy,,0
Category:Insolation maps of Uganda,3,Category:Solar energy in Uganda,3,0,Geography,,0
Category:Intercropping in Uganda,3,Category:Agriculture in Uganda,3,0,Other,,0
Category:International borders of Uganda,4,Category:Borders of Uganda,3,5,Other,,1
Category:International relations of Uganda,2,Category:Uganda by topic,3,12,Other,,0
Category:Jacob Oulanyah,4,Category:Men of Uganda by name,3,0,Other,,1
Category:James Shinyabulo Mutende,4,Category:Government ministers of Uganda,3,0,Other,,1
Category:Jenerali Uganda,4,Category:Military ranks of Uganda,3,0,Other,,1
Category:Jesca Ababiku,3,Category:Educators from Uganda,3,0,Other,,0
Category:Jessica Horn,4,Category:Women of Uganda by name,3,0,Other,,1
Category:John Akii-Bua,4,Category:Men of Uganda by name,3,0,Other,,1
Category:John Willis (bishop),4,Category:Men of Uganda by name,3,0,Other,,1
Category:Jonah Patrick Kakande,4,Category:Men of Uganda by name,3,0,Other,,1
Category:Joseph Kony,4,Category:Men of Uganda by name,3,1,Other,,1
Category:Josephine Nambooze,4,Category:Women of Uganda by name,3,0,Other,,1
Category:Joshua Sikhu Okonya,3,Category:Scientists from Uganda,3,0,Other,,0
Category:Judaism in Uganda,3,Category:Religion in Uganda,3,1,Other,,0
Category:Judith Babirye,4,Category:Women of Uganda by name,3,0,Other,,1
Category:Julia Sebutinde,4,Category:Women of Uganda by name,3,0,Other,,1
Category:KUR EA class,4,Category:Kenya & Uganda Railways,3,0,Other,,1
Category:Kabaka's Lake,3,"Category:National Cultural Sites in Central Region, Uganda",3,0,Geography,,0
Category:Kabamba Bog,4,Category:Rwenzori Mountains National Park,3,0,Other,,1
"Category:Kageri Hill, Wabinyoyi",3,"Category:National Cultural Sites in Central Region, Uganda",3,0,Other,,0
Category:Kagulu Hill,4,Category:Hills of Uganda,3,0,Other,,1
Category:Kampala Central Division,3,Category:Geography of Kampala,3,1,Other,,0
Category:Kapir Rock paintings,3,"Category:National Cultural Sites in Eastern Region, Uganda",3,0,Other,,0
Category:Kasubi Masgid Tawahud Mosque,3,"Category:National Cultural Sites in Central Region, Uganda",3,0,Other,,0
Category:Kathleen Grace Noble,4,Category:Women of Uganda by name,3,0,Other,,1
Category:Kato Edrine,4,Category:Men of Uganda by name,3,0,Other,,1
Category:Kibuli Mosque,3,"Category:National Cultural Sites in Central Region, Uganda",3,0,Other,,0
Category:Kikorongo,4,"Category:Western Region, Uganda",3,0,Other,,1
"Category:Kitagata, Uganda",3,Category:Places in Uganda,3,0,Other,,0
Category:Kubwa Five Safaris,3,Category:Companies of Uganda,3,0,Other,,0
Category:Kumi,4,"Category:Eastern Region, Uganda",3,1,Other,,1
Category:Kyegegwa District,4,"Category:Western Region, Uganda",3,0,Geography,,1
Category:LGBTQ in Uganda,2,Category:Society of Uganda,3,2,Other,,0
Category:LGBTQ rights activists from Uganda,4,Category:LGBTQ people of Uganda by occupation,3,7,Other,,1
Category:Lake Kyaninga,4,Category:Lakes of Uganda,3,0,Geography,,1
Category:Lake Nyabihoko,4,Category:Lakes of Uganda,3,0,Geography,,1
Category:Landslides in Uganda,4,Category:Mass movements (geology) in Uganda,3,1,Other,,1
Category:Laundry in Uganda,3,Category:Clothing of Uganda,3,2,Other,,0
Category:Library bookshelves in Uganda,4,Category:Libraries in Uganda,3,0,Other,,1
Category:MOGAS Group,2,Category:Economy of Uganda,3,0,Other,,0
Category:Maars in Uganda,4,Category:Volcanoes in Uganda,3,0,Other,,1
Category:Mackay Memorial Church,3,"Category:National Cultural Sites in Central Region, Uganda",3,0,Other,,0
Category:Mahatma Gandhi monument in Jinja temple,3,Category:Monuments and memorials in Uganda,3,0,Buildings,,0
Category:Maps of national parks of Uganda,4,Category:National parks of Uganda,3,0,Geography,,1
Category:Mayuge District,4,"Category:Eastern Region, Uganda",3,0,Geography,,1
Category:Meat dishes of Uganda,3,Category:Food of Uganda,3,4,Other,,0
Category:Meats of Uganda,4,Category:Food ingredients of Uganda,3,2,Other,,1
Category:Mengo dispensary,3,Category:Health in Kampala,3,0,Other,,0
Category:Metal in Uganda,3,Category:Technology in Uganda,3,0,Other,,0
Category:Military relations of Uganda and the United States,3,Category:Military of Uganda,3,2,Government,,0
Category:Ministers of Health of Uganda,3,Category:Ministry of Health (Uganda),3,4,Health,,0
Category:Miria Obote,4,Category:Women of Uganda by name,3,0,Other,,1
Category:Mombasa railway station,4,Category:Uganda Railway,3,0,Buildings,,1
Category:Monuments and memorials to peace in Uganda,3,Category:Monuments and memorials in Uganda,3,0,Buildings,,0
Category:Moses Bwayo,4,Category:Journalists from Uganda,3,0,Other,,1
Category:Mosques in Uganda photographed in 2014,4,Category:2014 in Uganda,3,0,Culture,,1
Category:Mount Moroto,4,Category:Mountains of Uganda,3,0,Other,,1
Category:Mpanga Central Forest Reserve,4,Category:Forests in Uganda,3,0,Environment,,1
Category:Mucumu Hill,3,"Category:National Cultural Sites in Central Region, Uganda",3,0,Other,,0
"Category:Naguru Communications mast, Kampala",3,"Category:National Cultural Sites in Central Region, Uganda",3,0,Other,,0
Category:Nakati,4,Category:Cuisine of Uganda,3,0,Other,,1
Category:Ngora District,4,"Category:Eastern Region, Uganda",3,0,Geography,,1
Category:Nkumba University,4,Category:Universities in Uganda,3,0,Other,,1
Category:Norbert Mao,4,Category:Government ministers of Uganda,3,0,Other,,1
Category:Nurses from Uganda,4,Category:People of Uganda in health professions,3,1,Other,,1
Category:Nyakisi Adero,4,Category:Women of Uganda by name,3,0,Other,,1
"Category:Nyero, Uganda",3,"Category:National Cultural Sites in Eastern Region, Uganda",3,0,Other,,0
Category:Objects in Uganda,2,Category:Uganda by topic,3,8,Other,,0
Category:Old men of Uganda in 2021,4,Category:Old men of Uganda by year,3,0,People,,1
Category:Omukama Palace,3,"Category:National Cultural Sites in Western Region, Uganda",3,0,Other,,0
"Category:Orders, decorations and medals of Uganda",1,Category:Uganda,3,1,Other,,0
Category:People of Uganda in the 2000s,4,Category:Uganda in the 2000s,3,0,People,,1
Category:Pharmacies in Uganda,4,Category:Medical buildings in Uganda,3,1,Other,,1
Category:Philip Ssozi,3,Category:People of Uganda,3,0,Other,,0
Category:Phillip Kipyeko,4,Category:Men of Uganda by name,3,0,Other,,1
Category:Photos of Uganda by ISS Expedition 14 Crew Earth Observations,4,Category:Photos of Uganda from ISS,3,0,Other,,1
Category:Photos of Uganda by ISS Expedition 23 Crew Earth Observations,4,Category:Photos of Uganda from ISS,3,0,Other,,1
Category:Point bars in Uganda,4,Category:Depositional landforms in Uganda,3,0,Other,,1
Category:Polypodiales in Uganda,3,Category:Plants of Uganda by order,3,0,Other,,0
Category:Ponds in Uganda,4,Category:Lakes of Uganda,3,2,Other,,1
Category:Prisons in Uganda,4,Category:Accommodation buildings in Uganda,3,0,Other,,1
Category:Professors from Uganda,3,Category:People of Uganda by occupation,3,2,Other,,0
Category:Pteridophyta in Uganda,4,Category:Flora of Uganda,3,1,Other,,1
Category:RPG-7 in Ugandan service,3,Category:Military equipment of Uganda,3,1,Other,,0
Category:Rebecca Cheptegei,4,Category:Women of Uganda by name,3,0,Other,,1
Category:Relations of Austria and Uganda,4,Category:Bilateral relations of Uganda,3,1,Other,,1
Category:Relations of Latvia and Uganda,4,Category:Bilateral relations of Uganda,3,0,Other,,1
Category:Relations of Palestine and Uganda,4,Category:Bilateral relations of Uganda,3,1,Other,,1
Category:Relations of Russia and Uganda,4,Category:Bilateral relations of Uganda,3,1,Other,,1
Category:Relations of Switzerland and Uganda,4,Category:Bilateral relations of Uganda,3,1,Other,,1
Category:Relations of the Democratic Republic of the Congo and Uganda,4,Category:Bilateral relations of Uganda,3,2,Other,,1
Category:Retired aircraft in Ugandan markings,4,Category:Aircraft in Ugandan service,3,0,Other,,1
Category:Road accidents in Uganda,3,Category:Disasters and accidents in Uganda,3,1,Buildings,,0
Category:Rock formations in Uganda,3,Category:Landforms of Uganda,3,8,Other,,0
Category:Ronald Musagala,4,Category:Men of Uganda by name,3,0,Other,,1
Category:Rosales in Uganda,3,Category:Plants of Uganda by order,3,0,Other,,0
Category:Rosebell Kagumire,4,Category:Women of Uganda by name,3,0,Other,,1
Category:Rwenzori tea hotel,4,Category:Rwenzori Mountains National Park,3,0,Other,,1
Category:SVG flag maps of Uganda,4,Category:Flag maps of Uganda,3,0,Geography,,1
Category:SVG flags of British East Africa Company,4,Category:Flags of British East Africa Company,3,0,Other,,1
Category:SVG personal flags of Uganda,4,Category:SVG flags of Uganda,3,0,Other,,1
Category:Sam Odaka,3,Category:People of Uganda,3,0,Other,,0
Category:Sarah Kasande,4,Category:Women of Uganda by name,3,0,Other,,1
Category:Security in Uganda,2,Category:Society of Uganda,3,4,Other,,0
Category:Snails of Uganda,4,Category:Animals of Uganda,3,0,Other,,1
Category:Solar panels in Uganda,3,Category:Renewable energy in Uganda,3,0,Other,,0
Category:Solomon Mutai,4,Category:Men of Uganda by name,3,0,Other,,1
Category:Somali Civil War (2009–present),2,Category:Wars involving Uganda,3,2,Other,,0
Category:St Peter's Boys Nsambya,3,"Category:National Cultural Sites in Central Region, Uganda",3,0,Other,,0
Category:St. Luke Community Museum,4,Category:Community Museums in Uganda,3,0,Buildings,,1
Category:St. Mary's Primary School Kyamuhunga,3,Category:Schools in Uganda,3,0,Buildings,,0
"Category:St. Peter's Cathedral (Bugembe, Uganda)",3,"Category:National Cultural Sites in Western Region, Uganda",3,0,Other,,0
Category:Street photography in Uganda,3,Category:Street culture of Uganda,3,0,Other,,0
Category:Susan Aneno,4,Category:Women of Uganda by name,3,0,Other,,1
Category:Technology in Uganda,2,Category:Uganda by topic,3,10,Other,,0
Category:Television of Uganda,2,Category:Uganda by topic,3,1,Other,,0
Category:The Wonderful Story of Uganda (1904),3,Category:Books about Uganda,3,0,Other,,0
Category:The land of the Nile springs (1895),4,Category:Nyoro people,3,0,Other,,1
Category:Topless men in Uganda,4,Category:Men of Uganda,3,0,People,,1
Category:Topographic maps of Uganda,3,Category:Physical geography maps of Uganda,3,2,Geography,,0
Category:Traditional food of Uganda,3,Category:Food of Uganda,3,0,Culture,,0
Category:Traditional healers from Uganda,4,Category:People of Uganda in health professions,3,0,Other,,1
Category:Transport maps of Uganda,3,Category:Transport in Uganda,3,0,Geography,,0
Category:Tree planting in Uganda,4,Category:Environment of Uganda,3,0,Environment,,1
Category:Uganda Book shop,3,"Category:National Cultural Sites in Central Region, Uganda",3,0,Other,,0
Category:Uganda Electricity Distribution Company Limited,3,Category:Companies of Uganda,3,0,Other,,0
Category:Uganda Equator (Kayabwe),3,"Category:National Cultural Sites in Central Region, Uganda",3,0,Other,,0
Category:Uganda in the 1910s,3,Category:Uganda by decade,3,6,Other,,0
Category:Uganda in the 1920s,3,Category:Uganda by decade,3,2,Other,,0
Category:Uganda in the 2020s,3,Category:Uganda by decade,3,12,Other,,0
Category:Uganda in the 20th century,3,Category:Uganda by century,3,17,Other,,0
Category:Uganda national cricket team,4,Category:National sports teams of Uganda,3,1,Sports,,1
Category:Uganda's Legislative Council (LEGCO),3,"Category:National Cultural Sites in Central Region, Uganda",3,0,Other,,0
Category:Universities in Uganda,3,Category:Higher education institutions in Uganda,3,20,Other,,0
"Category:Villa Maria Catholic Church, Masaka",3,"Category:National Cultural Sites in Central Region, Uganda",3,0,Other,,0
Category:Villages in Uganda,4,Category:Populated places in Uganda,3,0,Geography,,1
Category:Violence against women in Uganda,4,Category:Women's rights in Uganda,3,3,People,,1
Category:Visa maps of Uganda,4,Category:International relations maps of Uganda,3,0,Geography,,1
Category:Wamala Tombs,3,"Category:National Cultural Sites in Central Region, Uganda",3,0,Other,,0
Category:Waterholes in Uganda,3,Category:Bodies of water in Uganda,3,0,Other,,0
Category:Wiki Loves Monuments 2025 in Uganda,3,Category:2025 Wikimedia movement in Uganda,3,1,Buildings,Wiki Loves Monuments,0
Category:Women's organizations in Uganda,2,Category:Organizations of Uganda,3,3,People,,0
Category:Yam in Uganda,4,Category:Vegetables of Uganda,3,1,Other,,1
Category:Yvette Mutumba,4,Category:Artists from Uganda,3,0,Other,,1
Category:1931 in Uganda,3,Category:Uganda by year,2,0,History,,0
Category:1938 in Uganda,3,Category:Uganda by year,2,0,History,,0
Category:1940 in Uganda,3,Category:Uganda by year,2,0,History,,0
Category:1951 in Uganda,3,Category:Uganda by year,2,0,History,,0
Category:1957 in Uganda,3,Category:Uganda by year,2,0,History,,0
Category:1958 in Uganda,3,Category:Uganda by year,2,1,History,,0
Category:1959 in Uganda,3,Category:Uganda by year,2,0,History,,0
Category:1960 in Uganda,3,Category:Uganda by year,2,1,History,,0
Category:1960s maps of Uganda,4,Category:Uganda in the 1960s,2,1,Geography,,1
Category:1962 in Uganda,3,Category:Uganda by year,2,2,History,,0
Category:1969 maps of Uganda,4,Category:1969 in Uganda,2,0,Geography,,1
Category:1970 maps of Uganda,4,Category:Maps of Uganda by year,2,0,Geography,,1
Category:1971 in Uganda,3,Category:Uganda by year,2,0,History,,0
Category:1996 elections in Uganda,4,Category:1996 in Uganda,2,0,Government,,1
Category:1997 in Uganda,3,Category:Uganda by year,2,0,History,,0
Category:2001 elections in Uganda,4,Category:2001 in Uganda,2,0,Government,,1
Category:2022 floods in Uganda,4,Category:2022 in Uganda,2,0,Other,,1
Category:5X-EAA (aircraft),4,Category:Aircraft registered in Uganda,2,0,Other,,1
Category:5X-GNF (aircraft),4,Category:Aircraft registered in Uganda,2,0,Other,,1
Category:5X-JON (aircraft),4,Category:Aircraft registered in Uganda,2,0,Other,,1
Category:5X-KOB (aircraft),4,Category:Aircraft registered in Uganda,2,0,Other,,1
Category:5X-LDR (aircraft),4,Category:Aircraft registered in Uganda,2,0,Other,,1
Category:5X-NIL (aircraft),4,Category:Aircraft registered in Uganda,2,0,Other,,1
Category:5X-SEM (aircraft),4,Category:Aircraft registered in Uganda,2,0,Other,,1
Category:5X-UAL (aircraft),4,Category:Aircraft registered in Uganda,2,0,Other,,1
Category:5X-UVY (aircraft),4,Category:Aircraft registered in Uganda,2,0,Other,,1
Category:Abed Bwanika,4,Category:Men of Uganda by name,2,0,Other,,1
Category:Adhola people,3,Category:Ethnic groups in Uganda,2,0,People,,0
Category:Agnes Atim Apea,4,Category:Women of Uganda by name,2,0,Other,,1
Category:Airports in Uganda,3,Category:Aviation in Uganda,2,7,Buildings,,0
Category:Akite Agnes,4,Category:Women of Uganda by name,2,0,Other,,1
Category:Amaggunju dance,3,Category:Dance of Uganda,2,0,Culture,,0
Category:Amama Thornley,3,Category:Physicians from Uganda,2,0,Other,,0
Category:Ambassadors to Uganda,4,Category:Diplomatic missions to Uganda,2,10,Other,,1
Category:Amuru hot springs,3,"Category:National Cultural Sites in Northern Region, Uganda",2,0,Other,,0
Category:Andrew Mwenda,4,Category:Men of Uganda by name,2,0,Other,,1
Category:Animals of Bugoma Forest,4,Category:Animals of Uganda,2,2,Environment,,1
Category:Ann Linde and Vanessa Erogbogbo,4,Category:Vanessa Erogbogbo,2,0,Other,,1
Category:Anne Kansiime,4,Category:Women of Uganda by name,2,0,Other,,1
Category:Apolo Nsibambi,4,Category:Men of Uganda by name,2,0,Other,,1
Category:Arafat Kiza Usama,4,Category:Men of Uganda by name,2,0,Other,,1
Category:Architect Tourism SMC,3,Category:Companies of Uganda,2,2,Economy,,0
Category:Architects from Uganda,3,Category:Architecture of Uganda,2,2,Other,,0
Category:Arthur Kisenyi,4,Category:Men of Uganda by name,2,0,Other,,1
Category:Arthur Simeon,4,Category:Men of Uganda by name,2,0,Other,,1
Category:Arua Public Library,4,Category:Libraries in Uganda,2,0,Other,,1
Category:Aruu falls scenic hills,3,"Category:National Cultural Sites in Northern Region, Uganda",2,0,Other,,0
Category:Asta Busingye Lydersen,4,Category:Journalists from Uganda,2,0,Other,,1
Category:Baby Gloria,4,Category:Women of Uganda by name,2,0,Other,,1
Category:Badru Kiggundu,4,Category:Men of Uganda by name,2,0,Other,,1
Category:Ballet in Uganda,3,Category:Dance of Uganda,2,0,Other,,0
Category:Beekeeping in Uganda,4,Category:Animal husbandry in Uganda,2,1,Other,,1
Category:Belinda Chemutai,4,Category:Women of Uganda by name,2,0,Other,,1
Category:Bell Lager trucks,4,Category:Uganda Breweries,2,0,Other,,1
Category:Bell peppers in Uganda,4,Category:Vegetables of Uganda,2,0,Other,,1
Category:Betty Nambooze,4,Category:Women of Uganda by name,2,0,Other,,1
Category:Bill Clinton in Uganda,4,Category:Presidents of the United States in Uganda,2,0,Other,,1
Category:Blank maps of Uganda,3,Category:Maps of Uganda,2,0,Geography,,0
Category:Blue sunsets of Uganda,4,Category:Sunsets of Uganda by color,2,0,Other,,1
Category:Books about Lake Victoria,3,Category:Books about Uganda,2,3,Geography,,0
Category:Books from Uganda,2,Category:Uganda by topic,2,1,Other,,0
Category:Brassicales in Uganda,3,Category:Plants of Uganda by order,2,0,Other,,0
Category:Breakfast in Uganda,4,Category:Cuisine of Uganda,2,0,Other,,1
Category:Brigedia jenerali Uganda,4,Category:Military ranks of Uganda,2,0,Other,,1
Category:Bugungu Cultural Heritage Information Centre,2,Category:Culture of Uganda,2,0,Culture,,0
Category:Bujuku Hut,3,Category:Mountain huts in Uganda,2,0,Other,,0
Category:Bujuku River,4,Category:Rivers of Uganda,2,0,Geography,,1
Category:Busega Martyrs Memorial,3,"Category:National Cultural Sites in Central Region, Uganda",2,0,Other,,0
Category:Businessmen from Uganda,3,Category:People of Uganda,2,5,Other,,0
Category:Businesswomen from Uganda,3,Category:People of Uganda,2,0,Other,,0
Category:Cakes of Uganda,4,Category:Cuisine of Uganda,2,0,Other,,1
Category:Carica papaya in Uganda,3,Category:Agriculture in Uganda,2,0,Other,,0
Category:Catherine Nakalembe,3,Category:Scientists from Uganda,2,0,Other,,0
Category:Cecilia Ogwal,4,Category:Women of Uganda by name,2,0,Other,,1
Category:Celestino Obua,3,Category:People of Uganda,2,0,Other,,0
"Category:Cemeteries in Western Region, Uganda",4,Category:Cemeteries in Uganda,2,2,Geography,,1
Category:Chemistry education in Uganda,2,Category:Education in Uganda,2,0,Education,,0
Category:Chief executive officers from Uganda,3,Category:People of Uganda by occupation,2,1,Other,,0
Category:Churches in Kampala,4,Category:Churches in Uganda by city,2,15,Culture,,1
Category:Cinema of Uganda,3,Category:Art of Uganda,2,2,Other,,0
Category:Clare Byarugaba,4,Category:Women of Uganda by name,2,0,Other,,1
Category:Cleopatra Kambugu Kentaro,4,Category:Women of Uganda by name,2,0,Other,,1
Category:Clergy from Uganda,3,Category:People of Uganda by occupation,2,2,Other,,0
Category:Climate activists from Uganda,4,Category:Activists from Uganda,2,4,Other,,1
Category:Clouds at sunset in Uganda,4,Category:Cloudscapes of Uganda,2,0,Other,,1
Category:Cobblers in Uganda,3,Category:People of Uganda by occupation,2,0,Other,,0
Category:Coconuts in Uganda,3,Category:Agriculture in Uganda,2,0,Other,,0
Category:Comedians from Uganda,3,Category:People of Uganda by occupation,2,1,Other,,0
Category:Commelinales in Uganda,3,Category:Plants of Uganda by order,2,1,Other,,0
Category:Communication in Uganda,2,Category:Economy of Uganda,2,6,Other,,0
Category:Constitutional Square (Kampala),3,"Category:National Cultural Sites in Central Region, Uganda",2,0,Other,,0
Category:Convention on the Physical Protection of Nuclear Material,4,Category:Treaties with Uganda as a party,2,0,Other,,1
"Category:Corner House, Kampala",3,"Category:National Cultural Sites in Central Region, Uganda",2,0,Other,,0
Category:Crime in Uganda,3,Category:Social problems of Uganda,2,3,Other,,0
Category:Dancing men in Uganda,4,Category:Dancing people in Uganda,2,0,People,,1
Category:Dawn in Uganda,4,Category:Sky over Uganda,2,0,Other,,1
Category:Diplomatic Vehicles of Uganda,3,Category:International relations of Uganda,2,0,Other,,0
Category:Diplomatic missions of Uganda,3,Category:Government of Uganda,2,3,Other,,0
Category:Disabled people from Uganda,3,Category:Disability in Uganda,2,1,People,,0
Category:Dorothy Hyuha,4,Category:Women of Uganda by name,2,0,Other,,1
Category:Drying laundry in Uganda,4,Category:Laundry in Uganda,2,1,Other,,1
Category:Dusk in Uganda,4,Category:Night in Uganda,2,0,Other,,1
Category:Earth sciences in Uganda,2,Category:Uganda by topic,2,3,Other,,0
Category:Ecology in Uganda,2,Category:Uganda by topic,2,1,Other,,0
Category:Educationists from Uganda,2,Category:Education in Uganda,2,1,Other,,0
Category:Eggplants in Uganda,4,Category:Vegetables of Uganda,2,0,Other,,1
Category:Electricity pylons in Uganda,3,Category:Energy in Uganda,2,0,Other,,0
Category:Embassies and high commissions in Uganda,4,Category:Diplomatic missions to Uganda,2,0,Other,,1
Category:Emin Pasha's last outpost on the Nile,3,Category:Monuments and memorials in Uganda,2,1,Other,,0
Category:Equator in Queen Elizabeth National Park,3,Category:Equator in Uganda,2,0,Environment,,0
Category:Esther Afoyochan,4,Category:Women of Uganda by name,2,0,Other,,1
Category:Esther Mbulakubuza Mbayo,3,Category:Politicians of Uganda,2,0,Other,,0
Category:Etheldreda Nakmuli Mpungu,3,Category:Scientists from Uganda,2,0,Other,,0
Category:Fabian Kasi,4,Category:Men of Uganda by name,2,0,Other,,1
Category:Fadilah Shamika,4,Category:Women of Uganda by name,2,0,Other,,1
Category:Fahad Bayo,4,Category:Men of Uganda by name,2,0,Other,,1
Category:Faridah Nakazibwe,4,Category:Women of Uganda by name,2,0,Other,,1
Category:Female academics from Uganda,4,Category:Women of Uganda by occupation,2,0,Other,,1
Category:Female journalists from Uganda,4,Category:Journalists from Uganda,2,2,Other,,1
Category:Feminists from Uganda,4,Category:Feminism in Uganda,2,7,Other,,1
Category:Firefighting in Uganda,4,Category:Public services of Uganda,2,0,Other,,1
Category:Flower fields in Uganda,4,Category:Fields in Uganda,2,1,Other,,1
Category:Food drying in Uganda,4,Category:Food preservation in Uganda,2,0,Culture,,1
Category:Food in Kampala,3,Category:Culture of Kampala,2,0,Culture,,0
Category:Ganda art in the Musée du quai Branly,4,Category:Ganda people,2,0,Culture,,1
Category:Geoffrey Ogwaro,4,Category:Men of Uganda by name,2,0,Other,,1
Category:Geofrey Kusuro,4,Category:Men of Uganda by name,2,0,Other,,1
Category:Gladys Kalema-Zikusoka,4,Category:Women of Uganda by name,2,0,Other,,1
Category:Gombe memorial cemetery,3,"Category:National Cultural Sites in Central Region, Uganda",2,0,Other,,0
Category:Goretti Kyomuhendo,4,Category:Women of Uganda by name,2,0,Other,,1
Category:Government aircraft at Entebbe International Airport,4,Category:Aircraft at Entebbe International Airport,2,0,Buildings,,1
Category:Government buildings in Uganda,3,Category:Government of Uganda,2,1,Buildings,,0
Category:Grace Akello,4,Category:Women of Uganda by name,2,0,Other,,1
Category:Green buildings in Uganda,4,Category:Green impressions in Uganda,2,0,Buildings,,1
Category:Greetings in Uganda,3,Category:Communication in Uganda,2,1,Other,,0
Category:Guitars in Uganda,3,Category:Musical instruments of Uganda,2,0,Other,,0
Category:Harriet Anena,4,Category:Women of Uganda by name,2,0,Other,,1
Category:Health centres in Uganda,2,Category:Health in Uganda,2,0,Health,,0
Category:Hellen Adoa,4,Category:Women of Uganda by name,2,0,Other,,1
Category:Hellen Kahunde,4,Category:Women of Uganda by name,2,0,Other,,1
Category:Henry Luke Orombi,4,Category:Men of Uganda by name,2,0,Other,,1
Category:Henry Musasizi,4,Category:Men of Uganda by name,2,0,Other,,1
Category:Hilda Tadria,3,Category:Scientists from Uganda,2,0,Other,,0
Category:Hillslopes in Uganda,3,Category:Landforms of Uganda,2,2,Other,,0
Category:Horseshoe bends in Uganda,4,Category:Rivers of Uganda or stretches of rivers by type,2,0,Other,,1
Category:Humphrey Nabimanya,4,Category:Men of Uganda by name,2,0,Other,,1
Category:Iddi Batambuze,4,Category:Men of Uganda by name,2,0,Other,,1
Category:Images from Wiki Loves Folklore 2022 in Uganda,4,Category:Images from Wiki Loves Folklore in Uganda,2,0,Culture,Wiki Loves Folklore,1
Category:Images of Uganda by Capella,4,Category:Radar images of Uganda,2,0,Other,,1
Category:Internally displaced people in Uganda,3,Category:Poverty in Uganda,2,0,People,,0
Category:International University of East Africa,4,Category:Universities in Uganda,2,0,Other,,1
Category:Internet in Uganda,3,Category:Telecommunications in Uganda,2,3,Other,,0
Category:Irene Ntale,4,Category:Women of Uganda by name,2,0,Other,,1
Category:Iryn Namubiru,4,Category:Women of Uganda by name,2,0,Other,,1
Category:Ishmail Wainright,4,Category:Men of Uganda by name,2,0,Other,,1
Category:Ivan Koreta,4,Category:Men of Uganda by name,2,0,Other,,1
Category:JPG flags of Uganda,3,Category:Flags of Uganda by type of image,2,0,Other,,0
Category:Jacklet Atuhaire,4,Category:Women of Uganda by name,2,0,Other,,1
Category:Jacqueline Amongin,4,Category:Women of Uganda by name,2,0,Other,,1
Category:Jinja Public Library,4,Category:Libraries in Uganda,2,0,Other,,1
Category:Jinja catholic commonwealth cemetery,3,"Category:National Cultural Sites in Eastern Region, Uganda",2,0,Other,,0
Category:Joanita Kawalya,4,Category:Women of Uganda by name,2,0,Other,,1
Category:Joel Ayeko,4,Category:Men of Uganda by name,2,0,Other,,1
Category:John Baptist Bashobora,4,Category:Men of Uganda by name,2,0,Other,,1
Category:John Blaq,4,Category:Men of Uganda by name,2,0,Other,,1
Category:Joseph Kiwánuka,4,Category:Men of Uganda by name,2,0,Other,,1
Category:Joseph Mugisha,4,Category:Men of Uganda by name,2,0,Other,,1
Category:Joy Doreen Biira,4,Category:Women of Uganda by name,2,0,Other,,1
Category:Joy Kategekwa,4,Category:Women of Uganda,2,0,Other,,1
Category:Joyce Mpanga,4,Category:Women of Uganda by name,2,0,Other,,1
Category:Judith Heard,4,Category:Women of Uganda by name,2,0,Other,,1
Category:Juliana Kanyomozi,4,Category:Women of Uganda by name,2,0,Other,,1
Category:Juliet Chekwel,4,Category:Women of Uganda by name,2,0,Other,,1
Category:Julius Kaggwa,4,Category:People of Uganda by name,2,0,Other,,1
Category:KUR EC1 class,4,Category:Kenya & Uganda Railways,2,0,Other,,1
Category:KUR EC4 class,4,Category:Kenya & Uganda Railways,2,0,Other,,1
Category:Kagombe Central Forest Reserve,4,Category:Protected areas of Uganda,2,0,Environment,,1
Category:Kalungu District,4,"Category:Central Region, Uganda",2,0,Geography,,1
Category:Kanali Uganda,4,Category:Military ranks of Uganda,2,0,Other,,1
Category:Kapteni Uganda,4,Category:Military ranks of Uganda,2,0,Other,,1
Category:Karibu (text),4,Category:Greetings in Uganda,2,0,Other,,1
Category:Kassim Napa Adam,4,Category:Men of Uganda by name,2,0,Other,,1
Category:Kayaking in Uganda,4,Category:Water transport in Uganda,2,0,Other,,1
Category:Kemiyondo Coutinho,4,Category:Women of Uganda by name,2,0,Other,,1
Category:Kenneth Semakula,4,Category:Men of Uganda by name,2,0,Other,,1
Category:Kenneth de Planta Beaton,4,Category:National parks of Uganda,2,0,Other,,1
Category:Kibingo Girls Secondary School,3,Category:Schools in Uganda,2,0,Buildings,,0
Category:Kigumba,4,"Category:Western Region, Uganda",2,0,Other,,1
Category:Kihihi,4,Category:Populated places in Uganda,2,0,Other,,1
Category:Kinyarwanda pronunciation,4,Category:Kinyarwanda language,2,1,Other,,1
Category:Koboko,4,"Category:Northern Region, Uganda",2,1,Other,,1
Category:Kyambura Game Reserve,4,Category:Important Bird Areas of Uganda,2,0,Other,,1
Category:Kyebambe III of Tooro,4,Category:Monarchs of Tooro,2,0,Other,,1
Category:Laboratories in Uganda,2,Category:Uganda by topic,2,0,Other,,0
Category:Lake Mahoma,4,Category:Rwenzori Mountains National Park,2,0,Geography,,1
Category:Lake Munyanyange,4,Category:Lakes of Uganda,2,0,Geography,,1
Category:Lakeside Dairy Limited,3,Category:Companies of Uganda,2,0,Other,,0
Category:Land restoration in Uganda,3,Category:Ecology in Uganda,2,0,Other,,0
Category:Landslide scars in Uganda,4,Category:Outcrops in Uganda,2,0,Other,,1
Category:Languages of Uganda,2,Category:Culture of Uganda,2,7,Other,,0
Category:Larakaraka dance,3,Category:Dance of Uganda,2,0,Culture,,0
Category:Lawrence Lorot,4,Category:Men of Uganda by name,2,0,Other,,1
Category:Lawrence Mangusho,4,Category:Men of Uganda by name,2,0,Other,,1
Category:Leaf vegetables in Uganda,4,Category:Vegetables of Uganda,2,1,Other,,1
Category:Literature of Uganda,2,Category:Culture of Uganda,2,2,Other,,0
Category:Location maps of Uganda,3,Category:Maps of Uganda,2,1,Geography,,0
Category:Logos of universities and colleges in Uganda,3,Category:Higher education institutions in Uganda,2,0,Education,,0
Category:Logos of websites of Uganda,4,Category:Logos of Uganda,2,0,Other,,1
Category:Luganda Wikipedia logo,4,Category:Luganda Wikipedia,2,0,Other,,1
Category:Luteni Uganda,4,Category:Military ranks of Uganda,2,0,Other,,1
Category:Luteni jenerali Uganda,4,Category:Military ranks of Uganda,2,0,Other,,1
Category:Luteni kanali Uganda,4,Category:Military ranks of Uganda,2,0,Other,,1
Category:Luteni usu Uganda,4,Category:Military ranks of Uganda,2,0,Other,,1
Category:Madi collection in the Royal Museum for Central Africa,4,Category:Madi people,2,0,Buildings,,1
Category:Male actors from Uganda,4,Category:Men of Uganda by occupation,2,5,Other,,1
Category:Malewa,3,Category:Food of Uganda,2,0,Other,,0
Category:Malnutrition in Uganda,2,Category:Health in Uganda,2,0,Other,,0
Category:Malpighiales in Uganda,3,Category:Plants of Uganda by order,2,4,Other,,0
Category:Malvales in Uganda,3,Category:Plants of Uganda by order,2,0,Other,,0
"Category:Maps of Kenya, Uganda and Tanganyika on stamps",4,Category:Maps of Uganda on stamps,2,0,Geography,,1
Category:Maps of weather and climate of Uganda,3,Category:Maps of Uganda,2,2,Geography,,0
Category:Marcel Robert Tibaleka,4,Category:Diplomats of Uganda,2,0,Other,,1
Category:Marcel Tibaleka,4,Category:Ambassadors of Uganda,2,0,Other,,1
Category:Marching bands in Uganda,4,Category:Musicians from Uganda,2,0,Other,,1
Category:Margaret Aachilla Aleper,4,Category:Women of Uganda by name,2,0,Other,,1
Category:Margaret Kaziimba,4,Category:Women of Uganda by name,2,0,Other,,1
Category:Mariam Naigaga,4,Category:Women of Uganda by name,2,0,Other,,1
Category:Martyrs of Uganda,4,Category:Saints of Uganda,2,5,Other,,1
Category:Mary Karooro Okurut,3,Category:Women's health in Uganda,2,0,Other,,0
Category:Masiko Winifred Komuhangi,4,Category:Members of the Parliament of Uganda,2,1,Other,,1
Category:Mathias E Mnyampala,4,Category:Swahili language,2,0,Other,,1
Category:Mc Norman,4,Category:Men of Uganda by name,2,0,Other,,1
Category:Medical education in Uganda,2,Category:Education in Uganda,2,1,Education,,0
Category:Medicine in Uganda,2,Category:Uganda by topic,2,1,Health,,0
Category:Meja Uganda,4,Category:Military ranks of Uganda,2,0,Other,,1
Category:Meja jenerali Uganda,4,Category:Military ranks of Uganda,2,0,Other,,1
Category:Meter stamps of Uganda,4,Category:Post of Uganda,2,2,Other,,1
Category:Michael Atingi-Ego,3,Category:People of Uganda,2,0,Other,,0
Category:Milking in Uganda,4,Category:Milk in Uganda,2,0,Other,,1
Category:Ministry of Health (Uganda),2,Category:Health in Uganda,2,2,Health,,0
Category:Mint in Uganda,4,Category:Vegetables of Uganda,2,0,Other,,1
Category:Monarchs of Tooro,3,Category:Kingdom of Tooro,2,3,Other,,0
Category:Money of Uganda,2,Category:Economy of Uganda,2,2,Other,,0
Category:Moroto Airport,4,Category:Airports in Uganda,2,0,Buildings,,1
Category:Moses Okot Jr,4,Category:Men of Uganda by name,2,0,Other,,1
Category:Mosques in Uganda photographed in 2007,4,Category:2007 in Uganda,2,0,Culture,,1
Category:Mosques in Uganda photographed in 2012,4,Category:2012 in Uganda,2,0,Culture,,1
Category:Mosques in Uganda photographed in 2015,4,Category:2015 in Uganda,2,0,Culture,,1
Category:Mosques in Uganda photographed in 2017,4,Category:2017 in Uganda,2,0,Culture,,1
Category:Muhammad Shaban,4,Category:Men of Uganda by name,2,0,Other,,1
Category:Muljibhai Madhvani statue in Jinja,4,Category:Statues in Uganda,2,0,Other,,1
Category:Mulumba Ivan Matthias,3,Category:People of Uganda,2,0,Other,,0
Category:Musicians from Uganda by instrument,4,Category:Musicians from Uganda,2,4,People,,1
Category:Muvumbe Hydroelectric Power Station,3,Category:Hydroelectric power plants in Uganda,2,0,Other,,0
Category:Nakawa Division,4,Category:Subdivisions of Uganda,2,0,Other,,1
Category:Namasagali landing site,3,"Category:National Cultural Sites in Eastern Region, Uganda",2,0,Other,,0
Category:Namayingo District,4,"Category:Eastern Region, Uganda",2,0,Geography,,1
Category:Noerine Kaleeba,4,Category:Women of Uganda by name,2,0,Other,,1
Category:Northern Congolian Forest-Savanna Ecoregion,4,Category:Ecoregions of Uganda (One Earth),2,8,Environment,,1
Category:Ntare School,3,Category:Schools in Uganda,2,0,Buildings,,0
Category:Obalanga Memorial,3,"Category:National Cultural Sites in Eastern Region, Uganda",2,0,Other,,0
Category:Obwini rock paintings,3,"Category:National Cultural Sites in Eastern Region, Uganda",2,0,Other,,0
Category:Olum foot prints site,3,"Category:National Cultural Sites in Northern Region, Uganda",2,0,Other,,0
Category:Omunanansi,4,Category:Beverages from Uganda,2,0,Other,,1
Category:Painters from Uganda,4,Category:Artists from Uganda,2,1,Other,,1
Category:Parallel markers in Uganda,2,Category:Geography of Uganda,2,2,Other,,0
Category:Paul Kawanga Ssemogerere,4,Category:Government ministers of Uganda,2,0,Other,,1
Category:Paul Lomuria,4,Category:Men of Uganda by name,2,0,Other,,1
Category:Peanut farming in Uganda,3,Category:Agriculture in Uganda,2,0,Other,,0
Category:People of Mbale,4,Category:People of Uganda by city,2,2,People,,1
Category:People of Uganda in 2012,4,Category:2012 in Uganda,2,0,People,,1
Category:People with flags of Uganda,4,Category:Photographs of flags of Uganda,2,1,People,,1
Category:Performing arts of Uganda,3,Category:Art of Uganda,2,1,Other,,0
Category:Phillip Kiplimo,4,Category:Men of Uganda by name,2,0,Other,,1
Category:Phiona Nyamutooro,4,Category:Women of Uganda by name,2,0,Other,,1
Category:Photographs of military flags of Uganda,4,Category:Photographs of flags of Uganda,2,0,Government,,1
Category:Physicians from Uganda,2,Category:Uganda by topic,2,12,Other,,0
Category:Police Stations in Uganda,3,Category:Buildings in Uganda by function,2,0,Government,,0
Category:Political flags of Uganda,2,Category:Politics of Uganda,2,1,Government,,0
Category:Politicians of Uganda by name,3,Category:Politicians of Uganda,2,5,People,,0
Category:Portal Peaks,4,Category:Rwenzori Mountains National Park,2,0,Other,,1
Category:Postage stamps of Uganda,4,Category:Post of Uganda,2,5,Other,,1
Category:Postal covers of Uganda,4,Category:Post of Uganda,2,0,Other,,1
Category:Potted plants in Uganda,3,Category:Architectural elements in Uganda,2,0,Environment,,0
Category:Priests from Uganda,4,Category:Clergy from Uganda,2,2,Other,,1
Category:Printing in Uganda,3,Category:Technology in Uganda,2,0,Other,,0
Category:Producers from Uganda,4,Category:Artists from Uganda,2,1,Other,,1
Category:Rank insignia of Uganda,3,Category:Symbols of Uganda,2,1,Other,,0
Category:Red impressions in Uganda,3,Category:Impressions in Uganda by color,2,3,Other,,0
Category:Relations of Chile and Uganda,4,Category:Bilateral relations of Uganda,2,0,Other,,1
Category:Relations of Iraq and Uganda,4,Category:Bilateral relations of Uganda,2,1,Other,,1
Category:Relations of Italy and Uganda,4,Category:Bilateral relations of Uganda,2,1,Other,,1
Category:Relations of Kenya and Uganda,4,Category:Bilateral relations of Uganda,2,4,Other,,1
Category:Relations of Mali and Uganda,4,Category:Bilateral relations of Uganda,2,0,Other,,1
Category:Relations of Rwanda and Uganda,4,Category:Bilateral relations of Uganda,2,1,Other,,1
Category:Relations of Tanzania and Uganda,4,Category:Bilateral relations of Uganda,2,2,Other,,1
Category:Relations of Uganda and the Holy See,4,Category:Bilateral relations of Uganda,2,2,Other,,1
Category:Relations of Uganda and the United Arab Emirates,4,Category:Bilateral relations of Uganda,2,1,Other,,1
Category:Relations of the European Union and Uganda,4,Category:Bilateral relations of Uganda,2,0,Other,,1
Category:Relief location maps of Uganda,4,Category:Location maps of Uganda,2,0,Geography,,1
Category:Reservoirs in Uganda,4,Category:Lakes of Uganda,2,1,Other,,1
Category:Residential buildings in Uganda,4,Category:Accommodation buildings in Uganda,2,2,Buildings,,1
Category:Richard Gafabusa,4,Category:Men of Uganda by name,2,0,Other,,1
Category:Richard Sseruwagi,4,Category:Men of Uganda by name,2,0,Other,,1
Category:River bends in Uganda,4,Category:Rivers of Uganda or stretches of rivers by type,2,3,Geography,,1
Category:Rose Akol,4,Category:Government ministers of Uganda,2,0,Other,,1
Category:Rose Lilly Akello,4,Category:Women of Uganda by name,2,0,Other,,1
Category:Ruhiira Millennium SACCO,4,Category:Credit unions in Uganda,2,0,Other,,1
Category:Rwampara District,4,"Category:Western Region, Uganda",2,0,Geography,,1
Category:SVG maps of Uganda,3,Category:Maps of Uganda,2,4,Geography,,0
Category:Saba Saba,4,Category:Men of Uganda by name,2,0,Other,,1
Category:Salads of Uganda,4,Category:Cuisine of Uganda,2,1,Other,,1
Category:Samuel Sejjaaka,4,Category:Men of Uganda by name,2,0,Other,,1
Category:Sandra Kwikiriza,4,Category:Human rights activists from Uganda,2,0,Other,,1
Category:Santalales in Uganda,3,Category:Plants of Uganda by order,2,0,Other,,0
Category:Sarah Onyango Obama,4,Category:Luo people,2,1,Other,,1
Category:Selfies taken in Uganda,3,Category:People in Uganda,2,0,Other,,0
Category:Shamirah Nabadda,4,Category:Women of Uganda by name,2,0,Other,,1
Category:Shepherds in Uganda,3,Category:People of Uganda by occupation,2,0,Other,,0
Category:Ships in Uganda,4,Category:Watercraft in Uganda,2,0,Other,,1
Category:Slopes in Uganda,4,Category:Mountain morphology of Uganda,2,2,Other,,1
Category:Snack foods of Uganda,4,Category:Cuisine of Uganda,2,0,Other,,1
Category:So people,3,Category:People of Uganda,2,0,People,,0
Category:Souvenir shops in Uganda,4,Category:Shops in Uganda,2,0,Other,,1
Category:Specioza Wandira-Kazibwe,4,Category:Women of Uganda by name,2,0,Other,,1
Category:Speke Memorial Monument,3,"Category:National Cultural Sites in Central Region, Uganda",2,0,Buildings,,0
Category:Spider webs in Uganda,4,Category:Animal-built objects in Uganda,2,0,Other,,1
Category:Sportspeople from Uganda,3,Category:People of Uganda by occupation,2,13,Other,,0
Category:Springs in Uganda,3,Category:Bodies of water in Uganda,2,1,Other,,0
"Category:St Johns Church, Entebbe",3,"Category:National Cultural Sites in Central Region, Uganda",2,0,Other,,0
Category:St. Balikudembe (Owino) Market,3,"Category:National Cultural Sites in Central Region, Uganda",2,0,Economy,,0
Category:Stadiums in Uganda,4,Category:Sports venues in Uganda,2,5,Sports,,1
Category:Stairs in Uganda,3,Category:Architectural elements in Uganda,2,0,Other,,0
Category:Stalagmites in Uganda,4,Category:Speleothems in Uganda,2,0,Other,,1
Category:Stephen Mubiru,4,Category:Men of Uganda by name,2,1,Other,,1
Category:Streetball in Uganda,4,Category:Street sports in Uganda,2,0,Other,,1
Category:Sudhir Ruparelia,3,Category:People of Uganda,2,0,Other,,0
Category:Susan Mboya,4,Category:Luo people,2,0,Other,,1
Category:Sylvia Tamale,4,Category:Women of Uganda by name,2,0,Other,,1
Category:Symbols of Uganda,2,Category:Culture of Uganda,2,12,Other,,0
Category:Tarique Ghaffur,4,Category:Men of Uganda by name,2,0,Other,,1
Category:Television presenters from Uganda,4,Category:Television personalities from Uganda,2,1,Other,,1
Category:Tennis in Uganda,4,Category:Sports in Uganda by sport,2,1,Other,,1
Category:The Uganda Journal 1936,4,Category:The Uganda Journal,2,0,Other,,1
Category:Transport buildings in Kampala,4,Category:Buildings in Kampala by function,2,1,Buildings,,1
Category:Travel in Uganda,1,Category:Uganda,2,0,Other,,0
Category:Travis Mutyaba,4,Category:Men of Uganda by name,2,0,Other,,1
Category:Tree of life in Uganda,4,Category:Statues in Uganda,2,0,Environment,,1
Category:Tuff rock formations in Uganda,4,Category:Stratigraphy of Uganda,2,0,Other,,1
Category:Type 69 RPG in Ugandan service,4,Category:RPG-7 in Ugandan service,2,0,Other,,1
Category:Type specimens from Uganda,3,Category:Museum collections from Uganda,2,0,Other,,0
Category:Uche Ikpeazu,4,Category:Men of Uganda by name,2,0,Other,,1
Category:Uganda Muslim Supreme Council,4,Category:Islam in Uganda,2,0,Other,,1
Category:Uganda Police Museum,4,Category:Community Museums in Uganda,2,0,Buildings,,1
Category:Uganda at the 2025 Islamic Solidarity Games,3,Category:Sports in Uganda,2,0,Other,,0
Category:Uganda in the 1990s,3,Category:Uganda by decade,2,7,Other,,0
Category:Unidentified Diptera of Uganda,4,Category:Unidentified insects of Uganda,2,0,Other,,1
Category:Variations on flags of Uganda,4,Category:Flags of Uganda,2,1,Other,,1
Category:Vegetable vendors in Uganda,4,Category:Street vendors in Uganda,2,0,Other,,1
Category:Volcanic landforms in Uganda,4,Category:Volcanism of Uganda,2,7,Other,,1
Category:Volcanism of Uganda,3,Category:Geology of Uganda,2,10,Other,,0
Category:Waste collection in Uganda,2,Category:Uganda by topic,2,0,Other,,0
Category:Waste collectors in Uganda,3,Category:People of Uganda by occupation,2,0,Other,,0
Category:Wastewater treatment plants in Uganda,3,Category:Infrastructure in Uganda,2,0,Environment,,0
Category:Water waves of Uganda,3,Category:Bodies of water in Uganda,2,1,Other,,0
Category:We Are Youths Organization,2,Category:Organizations of Uganda,2,0,Other,,0
Category:White sunsets of Uganda,4,Category:Sunsets of Uganda by color,2,0,Other,,1
Category:Wiki Loves Earth 2023 in Uganda,3,Category:2023 Wikimedia movement in Uganda,2,1,History,Wiki Loves Earth,0
"Category:Wikimedia Community User Group Uganda, Board of Directors sitting 2025",3,Category:Wikimedia Community User Group Uganda,2,0,Wikimedia community,,0
Category:Winnie Nantongo,4,Category:Women of Uganda by name,2,0,Other,,1
Category:Women's rights in Uganda,3,Category:Human rights in Uganda,2,4,People,,0
Category:Yash Tandon,4,Category:Men of Uganda by name,2,0,Other,,1
Category:Yellow fungi in Uganda,4,Category:Yellow impressions in Uganda,2,0,Other,,1
Category:Zarina Bhimji,4,Category:Artists from Uganda,2,0,Other,,1
Category:Zoos in Uganda,4,Category:Gardens and parks in Uganda,2,1,Other,,1
Category:1909 in Uganda,3,Category:Uganda by year,1,0,History,,0
Category:1912 in Uganda,3,Category:Uganda by year,1,0,History,,0
Category:1914 in Uganda,3,Category:Uganda by year,1,0,History,,0
Category:1916 in Uganda,3,Category:Uganda by year,1,0,History,,0
Category:1920 in Uganda,3,Category:Uganda by year,1,0,History,,0
Category:1923 in Uganda,3,Category:Uganda by year,1,0,History,,0
Category:1942 in Uganda,3,Category:Uganda by year,1,0,History,,0
Category:1950 in Uganda,3,Category:Uganda by year,1,0,History,,0
Category:1958 elections in Uganda,4,Category:1958 in Uganda,1,0,Government,,1
Category:1961 elections in Uganda,4,Category:1961 in Uganda,1,0,Government,,1
Category:1961 in Uganda,3,Category:Uganda by year,1,2,History,,0
Category:1962 Ugandan Independence Tab,3,"Category:National Cultural Sites in Central Region, Uganda",1,0,Other,,0
Category:1962 elections in Uganda,4,Category:1962 in Uganda,1,0,Government,,1
Category:1966 in Uganda,3,Category:Uganda by year,1,0,History,,0
Category:1973 in Uganda,3,Category:Uganda by year,1,0,History,,0
Category:1978 in aviation in Uganda,4,Category:Aviation in Uganda by year,1,0,Other,,1
Category:1979 in Uganda,3,Category:Uganda by year,1,1,History,,0
Category:1980 elections in Uganda,4,Category:1980 in Uganda,1,0,Government,,1
Category:1983 in Uganda,3,Category:Uganda by year,1,1,History,,0
Category:1984 in Uganda,3,Category:Uganda by year,1,1,History,,0
Category:1990 maps of Uganda,4,Category:Maps of Uganda by year,1,0,Geography,,1
Category:1995 in Uganda,3,Category:Uganda by year,1,1,History,,0
Category:2002 in Uganda,3,Category:Uganda by year,1,2,History,,0
Category:2007 elections in Uganda,4,Category:2007 in Uganda,1,0,Government,,1
Category:2009 in Kampala,4,Category:2009 in Uganda,1,0,Other,,1
Category:2013 floods in Uganda,4,Category:2013 in Uganda,1,0,Other,,1
Category:2013 maps of Uganda,4,Category:2013 in Uganda,1,0,Geography,,1
Category:2015 elections in Uganda,4,Category:2015 in Uganda,1,0,Government,,1
Category:2020 in Uganda,3,Category:Uganda by year,1,9,History,,0
Category:2024 in Kampala,4,Category:2024 in Uganda,1,2,Other,,1
Category:2025 Mogadishu military base bombing,3,Category:Somali Civil War (2009–present),1,0,Government,,0
Category:5X-AAP (aircraft),4,Category:Aircraft registered in Uganda,1,0,Other,,1
Category:5X-AAQ (aircraft),4,Category:Aircraft registered in Uganda,1,0,Other,,1
Category:5X-ARJ (aircraft),4,Category:Aircraft registered in Uganda,1,0,Other,,1
Category:5X-BON (aircraft),4,Category:Aircraft registered in Uganda,1,0,Other,,1
Category:5X-CRN (aircraft),4,Category:Aircraft registered in Uganda,1,0,Other,,1
Category:5X-EIV (aircraft),4,Category:Aircraft registered in Uganda,1,0,Other,,1
Category:5X-GLA (aircraft),4,Category:Aircraft registered in Uganda,1,0,Other,,1
Category:5X-HJI (aircraft),4,Category:Aircraft registered in Uganda,1,0,Other,,1
Category:5X-JEF (aircraft),4,Category:Aircraft registered in Uganda,1,0,Other,,1
Category:5X-TEZ (aircraft),4,Category:Aircraft registered in Uganda,1,0,Other,,1
Category:5X-UBC (aircraft),4,Category:Aircraft registered in Uganda,1,0,Other,,1
Category:5X-UGE (aircraft),4,Category:Aircraft registered in Uganda,1,0,Other,,1
Category:5X-UVA (aircraft),4,Category:Aircraft registered in Uganda,1,0,Other,,1
Category:5X-UVJ (aircraft),4,Category:Aircraft registered in Uganda,1,0,Other,,1
Category:5X-UVN (aircraft),4,Category:Aircraft registered in Uganda,1,0,Other,,1
Category:5X-VAA (aircraft),4,Category:Aircraft registered in Uganda,1,0,Other,,1
Category:Aamito Lagum,4,Category:Women of Uganda by name,1,0,Other,,1
Category:Abel Chebet,4,Category:Men of Uganda by name,1,0,Other,,1
Category:Academics from Uganda,3,Category:Educators from Uganda,1,3,Other,,0
Category:Acoli language,3,Category:Languages of Uganda,1,0,Other,,0
Category:African College of Commerce and Technology,3,Category:Higher education institutions in Uganda,1,2,Education,,0
Category:African Rural University,4,Category:Universities in Uganda,1,0,Other,,1
Category:Agnes Taaka,4,Category:Women of Uganda by name,1,0,Other,,1
Category:Airbus A310 at Entebbe International Airport,4,Category:Airbus aircraft at Entebbe International Airport,1,0,Buildings,,1
Category:Airbus A319 at Entebbe International Airport,4,Category:Airbus aircraft at Entebbe International Airport,1,0,Buildings,,1
Category:Aircraft of Uganda in Italy,4,Category:Aircraft of Uganda by country of location,1,1,Other,,1
Category:Aircraft of Uganda in Switzerland,4,Category:Aircraft of Uganda by country of location,1,1,Other,,1
Category:Aircraft of Uganda in the Netherlands,4,Category:Aircraft of Uganda by country of location,1,1,Other,,1
Category:Aircraft of Uganda in the United Kingdom,4,Category:Aircraft of Uganda by country of location,1,3,Other,,1
Category:Aircraft of Uganda in the United States,4,Category:Aircraft of Uganda by country of location,1,0,Other,,1
Category:Aircraft of the United States in Uganda,4,Category:Aircraft in Uganda by country of service,1,0,Other,,1
"Category:Aksum, Iriri fossil site",3,"Category:National Cultural Sites in Northern Region, Uganda",1,0,Other,,0
Category:Albert Ruskin Cook's House,3,"Category:National Cultural Sites in Central Region, Uganda",1,0,Other,,0
Category:Alfred Muhoozi,4,Category:Men of Uganda by name,1,0,Other,,1
Category:Aloe ikiorum,4,Category:Flora of Uganda,1,0,Other,,1
Category:Aloe vera in Uganda,4,Category:Flora of Uganda,1,0,Other,,1
Category:Amba people,3,Category:Ethnic groups in Uganda,1,0,People,,0
Category:Andrew Rotich Kwemoi,4,Category:Men of Uganda by name,1,0,Other,,1
Category:Anna Talia Oze,4,Category:Women of Uganda by name,1,0,Other,,1
Category:Anniversaries in Uganda,3,Category:Events in Uganda,1,0,Other,,0
Category:Audio files in Swahili,4,Category:Swahili language,1,3,Other,,1
Category:Audios from Wiki Loves Folklore 2026 in Uganda,4,Category:Wiki Loves Folklore 2026 in Uganda,1,0,Culture,Wiki Loves Folklore,1
Category:Automatic teller machines in Uganda,3,Category:Banks in Uganda,1,0,Other,,0
Category:Automobile accidents in Uganda,4,Category:Road accidents in Uganda,1,0,Other,,1
Category:Autumn in Uganda,4,Category:Seasons in Uganda,1,1,Other,,1
Category:Avocados in Uganda,4,Category:Fruit of Uganda,1,1,Other,,1
Category:Ayelet Gneezy,4,Category:Births in Uganda,1,0,Other,,1
Category:Babies of Uganda in 2023,4,Category:Babies of Uganda by year,1,0,Other,,1
Category:Back-carrying in Uganda,4,Category:Human-powered transport in Uganda,1,1,Other,,1
Category:Badminton in Uganda,4,Category:Sports in Uganda by sport,1,1,Other,,1
Category:Ballerinas from Uganda,4,Category:Dancers from Uganda,1,0,Other,,1
Category:Banana trees in Uganda,4,Category:Flora of Uganda,1,1,Environment,,1
Category:Banknotes of Uganda,3,Category:Money of Uganda,1,0,Other,,0
Category:Banyarwanda,3,Category:Ethnic groups in Uganda,1,1,Other,,0
Category:Barack Obama Sr.,4,Category:Luo people,1,1,Other,,1
Category:Barbara Kaija,4,Category:Women of Uganda by name,1,0,Other,,1
Category:Bars (geology) in Uganda,4,Category:Outcrops in Uganda,1,1,Other,,1
Category:Basketball players from Uganda,4,Category:Sportspeople from Uganda,1,3,Other,,1
Category:Beauty pageant winners from Uganda,4,Category:Women of Uganda,1,1,Other,,1
Category:Beauty pageants in Uganda,4,Category:Entertainment events in Uganda,1,2,Other,,1
Category:Bell 206B JetRanger II of the Uganda Air Force,4,Category:Aircraft in Ugandan military service,1,0,Other,,1
Category:Benon Biraaro,4,Category:Men of Uganda by name,1,0,Other,,1
Category:Beti Kamya-Turwomwe,4,Category:Women of Uganda by name,1,0,Other,,1
Category:Betty Awori Engola,4,Category:Women of Uganda by name,1,0,Other,,1
Category:Bibles from Uganda,3,Category:Books from Uganda,1,0,Other,,0
Category:Bilingual Bufumbira-English signs,4,Category:Bafumbira,1,0,Other,,1
Category:Births in Arua,4,Category:Births in Uganda by city,1,0,Other,,1
Category:Births in Masaka,4,Category:Births in Uganda by city,1,2,Other,,1
Category:Births in Mbale,4,Category:Births in Uganda by city,1,1,Other,,1
Category:Births in Mbarara,4,Category:Births in Uganda by city,1,1,Other,,1
Category:Births in Uganda,3,Category:People of Uganda,1,8,Other,,0
Category:Bishop James Hannington Memorial,3,Category:Monuments and memorials in Uganda,1,0,Other,,0
Category:Blood donation in Uganda,3,Category:Healthcare in Uganda,1,0,Other,,0
Category:Blue flowers in Uganda,4,Category:Flowers of Uganda by color,1,0,Other,,1
Category:Blue hour in Uganda,4,Category:Sky over Uganda,1,0,Other,,1
Category:Bonaventure Bosco Gubazire,4,Category:Men of Uganda by name,1,0,Other,,1
Category:Boniface Kiprop,4,Category:Men of Uganda by name,1,0,Other,,1
Category:Boom barriers in Uganda,4,Category:Gates in Uganda,1,0,Other,,1
Category:Boxing in Uganda,4,Category:Sports in Uganda by sport,1,3,Sports,,1
Category:Breads of Uganda,4,Category:Cuisine of Uganda,1,1,Other,,1
Category:Brian Mushana Kwesiga,4,Category:Men of Uganda by name,1,0,Other,,1
Category:Broccoli in Uganda,4,Category:Vegetables of Uganda,1,0,Other,,1
Category:Brown sunsets of Uganda,4,Category:Sunsets of Uganda by color,1,0,Other,,1
Category:Budhumbula Royal Tombs and Mausoleum,3,"Category:National Cultural Sites in Eastern Region, Uganda",1,0,Other,,0
Category:Buganda Schools Football Competitions,4,Category:Sports in Buganda,1,0,Sports,,1
Category:Bugoma Forest,4,Category:Forests in Uganda,1,1,Environment,,1
Category:Building interiors in Uganda,3,Category:Architectural elements in Uganda,1,2,Buildings,,0
Category:Bwindi Impenetrable National Park in the 2020s,4,Category:Uganda in the 2020s,1,0,Environment,,1
Category:Bwola dance,3,Category:Dance of Uganda,1,0,Culture,,0
Category:CHOGM 2007,4,Category:2007 in Uganda,1,0,Other,,1
Category:Camilla Barungi,4,Category:Women of Uganda by name,1,0,Other,,1
Category:Canals in Uganda,4,Category:Irrigation in Uganda,1,1,Other,,1
Category:Canary Mugume,4,Category:Journalists from Uganda,1,0,Other,,1
Category:Catering in Uganda,4,Category:Food industry in Uganda,1,0,Other,,1
Category:Caves in Mount Elgon National Park,4,Category:Caves in Uganda,1,1,Environment,,1
Category:Cemetery of Saint Mary's Cathedral Rubaga,4,Category:Saint Mary's Cathedral Rubaga,1,0,Other,,1
Category:Ceremonies in Uganda,3,Category:Events in Uganda,1,0,Other,,0
Category:Charles Lukwago,4,Category:Men of Uganda by name,1,0,Other,,1
Category:Chess players from Uganda,4,Category:Sportspeople from Uganda,1,2,Other,,1
Category:Christopher Senyonjo,4,Category:Men of Uganda by name,1,0,Other,,1
Category:Churches in Gulu,4,Category:Churches in Uganda by city,1,2,Culture,,1
Category:Circumcision in Uganda,3,Category:Religion in Uganda,1,1,Other,,0
Category:Cliffs of Uganda,3,Category:Landforms of Uganda,1,2,Other,,0
Category:Constantine Rupiny,4,Category:Men of Uganda by name,1,0,Other,,1
Category:Consulates of Uganda,4,Category:Diplomatic missions of Uganda,1,0,Other,,1
Category:Containers in Uganda,3,Category:Objects in Uganda,1,3,Other,,0
Category:Contemporary artists from Uganda,4,Category:Artists from Uganda,1,0,People,,1
Category:Credit unions in Uganda,3,Category:Financial services companies of Uganda,1,4,Other,,0
Category:Crepuscular rays in Uganda,4,Category:Sky over Uganda,1,0,Other,,1
Category:Cricket in Uganda,4,Category:Sports in Uganda by sport,1,2,Sports,,1
Category:Cultural buildings in Kampala,3,Category:Cultural buildings in Uganda,1,11,Culture,,0
Category:Cultural heritage of Uganda,1,Category:Uganda,1,4,Culture,,0
Category:Daallo Airlines Flight 159,3,Category:Somali Civil War (2009–present),1,0,Other,,0
Category:Dairy industry in Uganda,4,Category:Food industry in Uganda,1,1,Economy,,1
Category:Dan Sserunkuma,4,Category:Men of Uganda by name,1,0,Other,,1
Category:David Guwatudde,4,Category:Men of Uganda by name,1,0,Other,,1
Category:Davis Niyoyita,4,Category:Men of Uganda by name,1,0,Other,,1
Category:Decorative and applied arts of Uganda,3,Category:Art of Uganda,1,0,Other,,0
Category:Democratic Party (Uganda),3,Category:Political parties in Uganda,1,3,Other,,0
Category:Demonstrations and protests in Uganda,2,Category:Politics of Uganda,1,0,Other,,0
Category:Development aid in Uganda,2,Category:Economy of Uganda,1,0,Other,,0
Category:Diagrams of historic road signs of Uganda,4,Category:Diagrams of road signs of Uganda,1,0,Charts and data,,1
Category:Dilman Dila,4,Category:Men of Uganda by name,1,0,Other,,1
Category:Diplomatic missions to Uganda,3,Category:International relations of Uganda,1,2,Other,,0
Category:Disabled sports in Uganda,3,Category:Sports in Uganda,1,4,Sports,,0
Category:Disabled sportspeople from Uganda,4,Category:Sportspeople from Uganda,1,1,Other,,1
Category:Domestic violence in Uganda,3,Category:Women's health in Uganda,1,0,Other,,0
Category:Dora Mwima,4,Category:Women of Uganda by name,1,0,Other,,1
Category:Doris Akol,4,Category:Women of Uganda by name,1,0,Other,,1
Category:Dosate building,3,"Category:National Cultural Sites in Central Region, Uganda",1,0,Buildings,,0
Category:Drone videos from Uganda,3,Category:Videos from Uganda,1,0,Other,,0
Category:Dry river beds in Uganda,4,Category:Rivers of Uganda,1,0,Geography,,1
Category:East African Railways steam locomotives,4,Category:East African Railways,1,27,Buildings,,1
Category:Ecological sanitation in Uganda,3,Category:Agriculture in Uganda,1,1,Other,,0
Category:Economic Policy Research Center,3,Category:Research institutes in Uganda,1,0,Economy,,0
Category:Ecotourism in Uganda,3,Category:Tourism in Uganda,1,0,Other,,0
Category:Educational buildings in Kampala,4,Category:Buildings in Kampala by function,1,3,Buildings,,1
Category:Edwin Ekiring,4,Category:Men of Uganda by name,1,0,Other,,1
Category:Eid al-Fitr in Uganda,3,Category:Holidays in Uganda,1,0,Other,,0
Category:Electricity in Uganda,3,Category:Energy in Uganda,1,1,Other,,0
Category:Elizabeth Rukidi Nyabongo,4,Category:Princess Elizabeth of Tooro,1,0,Other,,1
Category:Elphas Toroitich Ndiwa,4,Category:Men of Uganda by name,1,0,Other,,1
Category:Embassies of Uganda,4,Category:Diplomatic missions of Uganda,1,5,Other,,1
Category:Emblems of Uganda,3,Category:Symbols of Uganda,1,0,Other,,0
Category:Emily Nakalema,4,Category:Women of Uganda by name,1,0,Other,,1
Category:Emin Pasha bronze plate,4,Category:Emin Pasha's last outpost on the Nile,1,0,Other,,1
Category:Emmanuel Tumusiime Mutebile,3,Category:People of Uganda,1,0,Other,,0
Category:English language in Uganda,2,Category:Education in Uganda,1,0,Other,,0
Category:Entebbe Cinema Hall,3,"Category:National Cultural Sites in Central Region, Uganda",1,0,Other,,0
Category:Environmental Conservation Trust of Uganda,2,Category:Organizations of Uganda,1,0,Environment,,0
Category:Environmentalists from Uganda,3,Category:Environmental protection in Uganda,1,4,Other,,0
Category:Erosion in Uganda,3,Category:Geomorphology of Uganda,1,2,Other,,0
Category:Erosional slopes in Uganda,4,Category:Slope landforms in Uganda,1,3,Other,,1
Category:Escarpments in Uganda,4,Category:Outcrops in Uganda,1,0,Other,,1
Category:Evangeline Barongo,4,Category:Women of Uganda by name,1,0,Other,,1
Category:Evelyn Kaabule,4,Category:Women of Uganda by name,1,0,Other,,1
Category:EveryBookItsReader 2023 in Uganda - Edit-a-thon,3,Category:2023 Wikimedia movement in Uganda,1,0,Wikimedia community,,0
Category:Faris Abdalla,4,Category:Wiki Loves Sport 2025 in Uganda,1,0,Other,,1
Category:Farms in Uganda,3,Category:Agriculture in Uganda,1,0,Other,,0
Category:Father Ngobya Memorial,3,"Category:National Cultural Sites in Central Region, Uganda",1,0,Other,,0
Category:Featured pictures of Uganda,3,Category:Images of Uganda,1,3,Other,,0
Category:Female architects from Uganda,4,Category:Architects from Uganda,1,0,Other,,1
Category:Festo Kivengere,4,Category:Men of Uganda by name,1,0,Other,,1
Category:Fiktube Innovation Hub,2,Category:Organizations of Uganda,1,0,Other,,0
Category:Files using the Kinyarwanda language,4,Category:Kinyarwanda language,1,3,Other,,1
Category:First Ladies of Uganda,4,Category:Presidents of Uganda,1,2,Other,,1
Category:Fish dishes of Uganda,4,Category:Fish of Uganda,1,0,Other,,1
Category:Flags of Belgian Congo on stamps,4,Category:Flags of the Belgian Congo,1,0,Other,,1
Category:Flags of Uganda icons,4,Category:Flags of Uganda,1,0,Other,,1
Category:Florence Kabugho,4,Category:Women of Uganda by name,1,0,Other,,1
Category:Food ingredients of Uganda,3,Category:Food of Uganda,1,3,Culture,,0
Category:Football Associations in Uganda,4,Category:Football in Uganda,1,1,Sports,,1
Category:Footwear of Uganda,3,Category:Clothing of Uganda,1,4,Other,,0
Category:Foton vehicles in Uganda,4,Category:Vehicles in Uganda by brand,1,0,Other,,1
Category:Francis K. Butagira,2,Category:Speaker of the Parliament of Uganda,1,0,Other,,0
Category:Frank Kisekka,4,Category:Men of Uganda by name,1,0,Other,,1
Category:Fried food of Uganda,4,Category:Cuisine of Uganda,1,0,Culture,,1
Category:Fruit salads of Uganda,4,Category:Fruit of Uganda,1,0,Environment,,1
Category:Game reserves in Uganda,4,Category:Protected areas of Uganda,1,1,Other,,1
Category:Gatehouses in Uganda,4,Category:Gates in Uganda,1,0,Other,,1
Category:Genetic studies on Alur,4,Category:Alur people,1,0,Other,,1
Category:Genetic studies on Uganda,3,Category:People of Uganda,1,0,Other,,0
Category:Globes in Uganda,3,Category:Objects in Uganda,1,0,Other,,0
Category:Goat dishes of Uganda,4,Category:Meat dishes of Uganda,1,0,Other,,1
Category:Gomba District,4,"Category:Central Region, Uganda",1,0,Geography,,1
Category:Government of Uganda Analytical Laboratory,3,"Category:National Cultural Sites in Central Region, Uganda",1,0,Government,,0
Category:Grace Mary Mugasa,4,Category:Members of the Parliament of Uganda,1,0,Other,,1
Category:Grace Nakimera,4,Category:Women of Uganda by name,1,0,Other,,1
Category:Graduation ceremonies in Uganda,3,Category:Students in Uganda,1,0,Other,,0
Category:Groups of people in Uganda,3,Category:People of Uganda,1,2,People,,0
Category:Guitarists from Uganda,4,Category:Musicians from Uganda,1,1,Other,,1
Category:Gulfstream III of the government of Uganda,4,Category:Aircraft in Ugandan government service,1,0,Government,,1
Category:Gulu Airport,4,Category:Airports in Uganda,1,2,Buildings,,1
Category:Haron Adoli,4,Category:Men of Uganda by name,1,0,Other,,1
Category:Hasifah Nassuna,4,Category:Women of Uganda by name,1,0,Other,,1
Category:Highest Court of Uganda,3,"Category:National Cultural Sites in Central Region, Uganda",1,0,Other,,0
Category:Hiking in Uganda,3,Category:Tourism in Uganda,1,1,Other,,0
Category:Historical coats of arms of Uganda,2,Category:History of Uganda,1,1,History,,0
Category:House numbers in Uganda,4,Category:Signs in Uganda,1,0,Other,,1
Category:Hygiene in Uganda,2,Category:Health in Uganda,1,1,Other,,0
Category:Illuminated buildings in Uganda,4,Category:Night in Uganda,1,0,Buildings,,1
Category:Images from Wiki Loves Africa in Uganda,4,Category:Image sources of Uganda,1,12,Other,Wiki Loves Africa,1
Category:Images of Uganda by Umbra,4,Category:Radar images of Uganda,1,0,Other,,1
Category:Industry buildings in Uganda,3,Category:Industry in Uganda,1,2,Buildings,,0
Category:Information graphics of Uganda,2,Category:Uganda by media type,1,5,Other,,0
Category:Infrastructure in Uganda,2,Category:Uganda by topic,1,5,Buildings,,0
Category:Jacob Oboth-Oboth,2,Category:Speaker of the Parliament of Uganda,1,0,Other,,0
Category:Jamila Lunkuse,4,Category:Women of Uganda by name,1,0,Other,,1
Category:Janet Achola,4,Category:Women of Uganda by name,1,0,Other,,1
Category:Jennifer Musisi,4,Category:Women of Uganda by name,1,0,Other,,1
Category:Joel Okuyo Atiku,4,Category:Men of Uganda by name,1,0,Other,,1
Category:Joel Olweny,4,Category:Men of Uganda by name,1,0,Other,,1
Category:John Baptist Kaggwa,4,Category:Men of Uganda by name,1,0,Other,,1
Category:John Simpson Owen,4,Category:Men of Uganda by name,1,0,Other,,1
Category:John Walugembe,3,Category:Economists from Uganda,1,0,Other,,0
Category:Joseph Aliganyira,4,Category:Men of Uganda by name,1,0,Other,,1
Category:Joseph Mary Kizito,4,Category:Men of Uganda by name,1,0,Other,,1
Category:Joy Tukahirwa,4,Category:Women of Uganda by name,1,0,Other,,1
Category:Judiciary of Uganda,3,Category:Government of Uganda,1,1,Other,,0
Category:Judith Nangonzi,4,Category:Women of Uganda by name,1,0,Other,,1
Category:Julia Kibubura,3,Category:Politicians of Uganda,1,3,Other,,0
Category:June in Uganda by year,4,Category:Categories of Uganda by year,1,14,Other,,1
Category:Justine Lumumba Kasule,4,Category:Women of Uganda by name,1,0,Other,,1
Category:KUR EC2 class,4,Category:Kenya & Uganda Railways,1,0,Other,,1
Category:Kaabong Artificial Forest,3,"Category:National Cultural Sites in Northern Region, Uganda",1,0,Environment,,0
Category:Kaazi,3,Category:Scouting in Uganda,1,0,Other,,0
Category:Kabakumba Masiko,4,Category:Women of Uganda by name,1,0,Other,,1
Category:Kabusongora hill,3,"Category:National Cultural Sites in Western Region, Uganda",1,0,Other,,0
Category:Kabwohe Secondary School,3,Category:Schools in Uganda,1,0,Buildings,,0
Category:Kagadi District,4,"Category:Western Region, Uganda",1,1,Geography,,1
Category:Kalema's Komera Katereke prison ditch,3,"Category:National Cultural Sites in Central Region, Uganda",1,0,Other,,0
Category:Kamala Club,3,"Category:National Cultural Sites in Central Region, Uganda",1,0,Other,,0
Category:Kampala in the 20th century,4,Category:Uganda in the 20th century,1,1,Other,,1
Category:Karamoja House,4,Category:Karamojong people,1,0,Other,,1
Category:Kasanda District,4,"Category:Central Region, Uganda",1,0,Geography,,1
Category:Kibiro,4,Category:Populated places in Uganda,1,2,Other,,1
Category:Kidepo River,4,Category:Rivers of Uganda,1,0,Geography,,1
Category:Kigongo Bukenya,4,Category:Men of Uganda by name,1,0,Other,,1
Category:Kisingiri's House,3,"Category:National Cultural Sites in Central Region, Uganda",1,0,Other,,0
Category:Kitale Rock Gong,3,"Category:National Cultural Sites in Central Region, Uganda",1,0,Other,,0
Category:Kololo Rock,3,"Category:National Cultural Sites in Northern Region, Uganda",1,0,Other,,0
Category:Koplo Uganda,4,Category:Military ranks of Uganda,1,0,Other,,1
Category:Koplo Usu Uganda,4,Category:Military ranks of Uganda,1,0,Other,,1
Category:Kwete,4,Category:Beverages from Uganda,1,0,Other,,1
Category:Kyambura River,4,Category:Rivers of Uganda,1,0,Geography,,1
Category:Labour in Uganda,2,Category:Economy of Uganda,1,1,Other,,0
Category:Lake Mulehe,4,Category:Lakes of Uganda,1,0,Geography,,1
Category:Lake Nakuwa,4,Category:Lakes of Uganda,1,0,Geography,,1
Category:Lake Saaka,4,"Category:Western Region, Uganda",1,0,Geography,,1
Category:Lake Wamala,3,"Category:National Cultural Sites in Central Region, Uganda",1,0,Geography,,0
Category:Land Rover vehicles in Uganda,4,Category:Vehicles in Uganda by brand,1,0,Other,,1
Category:Lighting in Uganda,2,Category:Uganda by topic,1,0,Other,,0
Category:Linguistic maps of the Kinyarwanda language,4,Category:Kinyarwanda language,1,0,Geography,,1
Category:Logos of law firms in Uganda,3,Category:Logos of organizations of Uganda,1,0,Government,,0
Category:Logos of musicians from Uganda,4,Category:Musicians from Uganda,1,0,People,,1
Category:Looms in Uganda,3,Category:Weaving in Uganda,1,0,Other,,0
Category:Lucy Aber Okumu,4,Category:Women of Uganda by name,1,0,Other,,1
Category:Luganda-language signs,4,Category:Luganda language,1,2,Other,,1
Category:Lunyo Well,3,"Category:National Cultural Sites in Central Region, Uganda",1,0,Other,,0
Category:M40 recoilless rifle in Ugandan service,4,Category:Recoilless rifles of Uganda,1,0,Other,,1
Category:Maafisa Wateule I Uganda,4,Category:Military ranks of Uganda,1,0,Other,,1
Category:Maafisa Wateule II Uganda,4,Category:Military ranks of Uganda,1,0,Other,,1
Category:Magazine logos of Uganda,4,Category:Magazines of Uganda,1,0,Other,,1
Category:Magazines of Uganda,3,Category:Media of Uganda,1,1,Other,,0
Category:Magungo Fort,3,"Category:National Cultural Sites in Western Region, Uganda",1,0,Other,,0
Category:Male film directors from Uganda,4,Category:Men of Uganda by occupation,1,3,Other,,1
Category:Mapeera Bakateyamba House Nalukolongo,3,"Category:National Cultural Sites in Central Region, Uganda",1,0,Other,,0
Category:Maps of Uganda colony on stamps,4,Category:Maps of Uganda on stamps,1,0,Geography,,1
Category:Maracha District,4,"Category:Northern Region, Uganda",1,1,Geography,,1
Category:Martin Kasenge,4,Category:Men of Uganda by name,1,0,Other,,1
Category:Mass media in Uganda,2,Category:Uganda by topic,1,0,Other,,0
Category:Mathematics in Uganda,2,Category:Uganda by topic,1,1,Other,,0
Category:Mbazzi,2,Category:Geography of Uganda,1,0,Other,,0
Category:Meanders in Uganda,4,Category:Rivers of Uganda or stretches of rivers by type,1,1,Other,,1
Category:Medical higher education institutions in Uganda,3,Category:Higher education institutions in Uganda,1,0,Education,,0
Category:Melons in Uganda,4,Category:Fruit of Uganda,1,0,Other,,1
Category:Melvyn Lorenzen,4,Category:Men of Uganda by name,1,0,Other,,1
Category:Members of the 9th Parliament of Uganda,3,Category:Politicians of Uganda,1,0,Government,,0
Category:Members of the Parliament of Uganda,3,Category:Parliament of Uganda,1,13,Government,,0
Category:Mental healthcare in Uganda,3,Category:Healthcare in Uganda,1,0,Other,,0
Category:Meteorites found in Uganda,3,Category:Astronomy in Uganda,1,0,Other,,0
Category:Michael Ezra,4,Category:Men of Uganda by name,1,0,Other,,1
Category:Military equipment of Uganda,2,Category:Uganda by topic,1,7,Government,,0
Category:Milk vehicles in Uganda,3,Category:Vehicles in Uganda,1,0,Other,,0
Category:Milkmen in Uganda,4,Category:Milk in Uganda,1,0,Other,,1
Category:Mineral waters of Uganda,4,Category:Water in Uganda,1,0,Other,,1
Category:Mining in Uganda,2,Category:Uganda by topic,1,2,Economy,,0
Category:Mollusca of Uganda,4,Category:Animals of Uganda,1,1,Other,,1
Category:Monica Arac de Nyeko,4,Category:Women of Uganda by name,1,0,Other,,1
Category:Montages of Uganda,3,Category:Images of Uganda,1,1,Other,,0
Category:Moroto District,4,"Category:Northern Region, Uganda",1,2,Geography,,1
Category:Moses Kurong,4,Category:Men of Uganda by name,1,0,Other,,1
Category:Mosque interiors in Uganda,4,Category:Mosque elements in Uganda,1,2,Other,,1
Category:Mosques in Uganda photographed in 2006,4,Category:2006 in Uganda,1,0,Culture,,1
Category:Mosques in Uganda photographed in 2009,4,Category:2009 in Uganda,1,0,Culture,,1
Category:Mosques in Uganda photographed in 2018,4,Category:2018 in Uganda,1,0,Culture,,1
Category:Mubuku River,4,Category:Rivers of Uganda,1,0,Geography,,1
Category:Musa body metal works,3,"Category:National Cultural Sites in Central Region, Uganda",1,0,Other,,0
Category:Museum collections from Uganda,2,Category:Culture of Uganda,1,1,Buildings,,0
Category:Musical groups from Uganda,4,Category:Musicians from Uganda,1,1,Other,,1
Category:Nabwana I.G.G.,4,Category:Men of Uganda by name,1,0,Other,,1
Category:Nana Kagga,4,Category:Women of Uganda by name,1,0,Other,,1
Category:Nandagire Christine Ndiwalana,4,Category:Women of Uganda by name,1,0,Other,,1
Category:Napak District,4,"Category:Northern Region, Uganda",1,2,Geography,,1
Category:National Cultural Sites in Uganda by region,2,Category:Categories of Uganda,1,4,Culture,,0
Category:Nativity plays in Uganda,2,Category:Culture of Uganda,1,0,Other,,0
Category:Natural scientists from Uganda,2,Category:Uganda by topic,1,1,Other,,0
Category:Nauclea diderrichii,4,Category:Flora of Uganda,1,1,Other,,1
Category:Nommo Gallery,3,"Category:National Cultural Sites in Central Region, Uganda",1,0,Other,,0
Category:Non-governmental organizations in Uganda,3,Category:Organizations of Uganda by type,1,4,Other,,0
Category:Nuriat Nambogo,4,Category:Entrepreneurs from Uganda,1,0,Other,,1
Category:Nyoro language,3,Category:Languages of Uganda,1,0,Other,,0
Category:Office buildings in Uganda,3,Category:Buildings in Uganda by function,1,0,Buildings,,0
Category:Ofisa mteule Uganda,4,Category:Military ranks of Uganda,1,0,Other,,1
Category:Old airport Entebbe,3,"Category:National Cultural Sites in Central Region, Uganda",1,0,Buildings,,0
Category:Oliva Amani,4,Category:Women of Uganda by name,1,0,Other,,1
Category:Onegi Obel,4,Category:Men of Uganda by name,1,0,Other,,1
Category:Orange sky in Uganda,4,Category:Sky over Uganda by colour,1,0,Other,,1
Category:Organizations of Uganda,1,Category:Uganda,1,14,Other,,0
Category:Outcrops in Uganda,3,Category:Geology of Uganda,1,5,Other,,0
Category:Paddy fields in Uganda,3,Category:Agriculture in Uganda,1,0,Other,,0
Category:Panoramic photographs of Uganda,2,Category:Views of Uganda,1,0,Other,,0
Category:Paolino Tomaino,4,Category:Men of Uganda by name,1,3,Other,,1
Category:Parents with offspring in Uganda,4,Category:Families of Uganda,1,1,Other,,1
Category:Park rangers from Uganda,3,Category:People of Uganda by occupation,1,0,Other,,0
Category:Passports of Uganda,3,Category:International relations of Uganda,1,1,Other,,0
Category:Patrick Lawino,4,Category:Men of Uganda by name,1,0,Other,,1
Category:Patrick Ssenjovu,4,Category:Entertainers from Uganda,1,0,Other,,1
Category:Paul Okello,4,Category:Men of Uganda by name,1,0,Other,,1
Category:Pavetta ruwenzoriensis,4,Category:Flora of Uganda,1,0,Other,,1
Category:People in Uganda,2,Category:Uganda by topic,1,6,People,,0
Category:People of Masaka,4,Category:People of Uganda by city,1,1,People,,1
Category:People of Mbarara,4,Category:People of Uganda by city,1,1,People,,1
Category:People of Uganda in 2010,4,Category:2010 in Uganda,1,3,People,,1
Category:People of Uganda in 2018,4,Category:2018 in Uganda,1,0,People,,1
Category:People of Uganda in 2019,4,Category:2019 in Uganda,1,3,People,,1
Category:People of Uganda in 2020,4,Category:2020 in Uganda,1,0,People,,1
Category:People of Uganda in 2026,4,Category:2026 in Uganda,1,0,People,,1
Category:People of Uganda in the 2010s,4,Category:Uganda in the 2010s,1,4,People,,1
Category:Petroglyphs in Uganda,3,Category:Rock art in Uganda,1,0,Other,,0
Category:Phiona Mutesi,4,Category:Women of Uganda by name,1,0,Other,,1
Category:Phoebe Okowa,4,Category:Luo people,1,0,Other,,1
Category:Photos of Uganda by ISS Expedition 24 Crew Earth Observations,4,Category:Photos of Uganda from ISS,1,0,Other,,1
Category:Photos of Uganda by ISS Expedition 32 Crew Earth Observations,4,Category:Photos of Uganda from ISS,1,0,Other,,1
Category:Pink sunsets of Uganda,4,Category:Sunsets of Uganda by color,1,0,Other,,1
Category:Pio Zirimu,4,Category:Men of Uganda by name,1,0,Other,,1
Category:Pius Adome,4,Category:Men of Uganda by name,1,0,Other,,1
Category:Places in Buganda,3,Category:Buganda,1,0,Other,,0
Category:Plaques referencing 1947 in Uganda,4,Category:1947 in Uganda,1,0,History,,1
Category:Plaques referencing 1962 in Uganda,4,Category:1962 in Uganda,1,0,History,,1
Category:Plaques referencing 2017 in Uganda,4,Category:2017 in Uganda,1,0,History,,1
Category:Plaques referencing 2020 in Uganda,4,Category:2020 in Uganda,1,0,History,,1
Category:Plaques referencing 2022 in Uganda,4,Category:2022 in Uganda,1,0,History,,1
Category:Plaques referencing 2023 in Uganda,4,Category:2023 in Uganda,1,0,History,,1
Category:Plaques referencing 2024 in Uganda,4,Category:2024 in Uganda,1,0,History,,1
Category:Plaques referencing 2025 in Uganda,4,Category:2025 in Uganda,1,0,History,,1
Category:Playgrounds in Uganda,4,Category:Entertainment venues in Uganda,1,0,Other,,1
Category:Polish diaspora in Uganda,3,Category:Ethnic groups in Uganda,1,3,Other,,0
Category:Political events in Uganda,2,Category:Politics of Uganda,1,1,Government,,0
Category:Political geography of Uganda,2,Category:Geography of Uganda,1,6,Geography,,0
Category:Pontoons in Uganda,4,Category:Watercraft in Uganda,1,0,Other,,1
Category:Post of Uganda,3,Category:Transport in Uganda,1,6,Other,,0
Category:Postmarks of Uganda,2,Category:Time in Uganda,1,0,Other,,0
Category:Power lines in Uganda,3,Category:Energy in Uganda,1,0,Other,,0
Category:Presidents of Uganda,3,Category:Government of Uganda,1,6,Other,,0
Category:Prime ministers of Uganda,3,Category:Politicians of Uganda,1,6,Other,,0
Category:Public services of Uganda,3,Category:Government of Uganda,1,6,Other,,0
Category:Puddles in Uganda,4,Category:Water in Uganda,1,0,Other,,1
Category:Purple sky in Uganda,4,Category:Sky over Uganda by colour,1,0,Other,,1
Category:Quality images of nature in Uganda,3,Category:Nature of Uganda,1,2,Environment,,0
Category:Rachel Mayanja,4,Category:Women of Uganda by name,1,0,Other,,1
Category:Rainsplash (hillslope process) in Uganda,4,Category:Hillslope processes in Uganda,1,0,Other,,1
Category:Ramsar sites in Uganda,4,Category:Protected areas of Uganda,1,7,Other,,1
Category:Red sunrises of Uganda,4,Category:Sunrises of Uganda by color,1,0,Other,,1
Category:Red sunsets of Uganda,4,Category:Sunsets of Uganda by color,1,0,Other,,1
Category:Refugees of World War II in Uganda,3,Category:Uganda in World War II,1,1,Other,,0
Category:Relations of East Timor and Uganda,4,Category:Bilateral relations of Uganda,1,0,Other,,1
Category:Relations of France and Uganda,4,Category:Bilateral relations of Uganda,1,5,Other,,1
Category:Relations of Indonesia and Uganda,4,Category:Bilateral relations of Uganda,1,0,Other,,1
Category:Relations of Moldova and Uganda,4,Category:Bilateral relations of Uganda,1,0,Other,,1
Category:Relations of Portugal and Uganda,4,Category:Bilateral relations of Uganda,1,1,Other,,1
Category:Relations of Saudi Arabia and Uganda,4,Category:Bilateral relations of Uganda,1,0,Other,,1
Category:Relations of South Korea and Uganda,4,Category:Bilateral relations of Uganda,1,0,Other,,1
Category:Relations of Uganda and the United Nations,3,Category:International relations of Uganda,1,1,Other,,0
Category:Relations of the Gambia and Uganda,4,Category:Bilateral relations of Uganda,1,0,Other,,1
Category:Relations of the Republic of Ireland and Uganda,4,Category:Bilateral relations of Uganda,1,0,Other,,1
Category:Religious buildings in Masaka,4,Category:Religious buildings in Uganda by city,1,3,Buildings,,1
Category:Religious buildings in Uganda,3,Category:Cultural buildings in Uganda,1,6,Buildings,,0
Category:Richard Kabonero,4,Category:Ambassadors of Uganda,1,0,Other,,1
Category:Ridges in Uganda,3,Category:Landforms of Uganda,1,0,Other,,0
Category:Rock art in Uganda,2,Category:History of Uganda,1,9,Culture,,0
Category:Rock pools in Uganda,3,Category:Bodies of water in Uganda,1,0,Other,,0
Category:Roman Catholic Archdiocese of Kampala,4,Category:Religion in Kampala,1,2,Other,,1
Category:Rose Rwakasisi,4,Category:Women of Uganda by name,1,0,Other,,1
Category:Rosemary Nyakikongoro,4,Category:Women of Uganda by name,1,0,Other,,1
Category:Roundels of Uganda on aircraft,4,Category:Roundels of Uganda,1,0,Other,,1
Category:Rubiaceae in Uganda,3,Category:Plants of Uganda by taxon,1,0,Other,,0
Category:Ruparellia Building,3,"Category:National Cultural Sites in Central Region, Uganda",1,0,Buildings,,0
Category:Rwagimba Hot springs,3,"Category:National Cultural Sites in Western Region, Uganda",1,0,Other,,0
Category:SVG historical coats of arms of Uganda,3,Category:Historical coats of arms of Uganda,1,0,History,,0
Category:SVG topographic maps of Uganda,4,Category:SVG maps of Uganda,1,0,Geography,,1
Category:Sajentaji Uganda,4,Category:Military ranks of Uganda,1,0,Other,,1
Category:Sajenti Uganda,4,Category:Military ranks of Uganda,1,0,Other,,1
Category:Salma Lakhani,4,Category:Women of Uganda by name,1,0,Other,,1
Category:Salt mining in Uganda,3,Category:Mining in Uganda,1,2,Economy,,0
Category:Samia people,3,Category:Ethnic groups in Uganda,1,0,People,,0
Category:Sanyu Penelope,4,Category:Women of Uganda by name,1,0,Other,,1
Category:Science in Uganda,1,Category:Uganda,1,8,Other,,0
"Category:Seeta, Uganda",4,Category:Populated places in Uganda,1,0,Other,,1
Category:Sewing shops in Uganda,3,Category:Clothing of Uganda,1,0,Other,,0
Category:Shipping containers in Uganda,3,Category:Commerce in Uganda,1,0,Other,,0
Category:Slave trade in Uganda,2,Category:History of Uganda,1,1,Other,,0
Category:Smoking in Uganda,2,Category:Culture of Uganda,1,0,Other,,0
Category:Solanales in Uganda,3,Category:Plants of Uganda by order,1,0,Other,,0
Category:Speke Hotel Kampala,3,"Category:National Cultural Sites in Central Region, Uganda",1,0,Other,,0
Category:Spices of Uganda,4,Category:Food ingredients of Uganda,1,1,Other,,1
Category:Sports in Uganda by sport,3,Category:Sports in Uganda,1,25,Sports,,0
Category:Sports venues in Uganda,3,Category:Sports in Uganda,1,3,Sports,,0
Category:Squash in Uganda,4,Category:Sports in Uganda by sport,1,0,Other,,1
Category:Stanley Ocitti,4,Category:Men of Uganda by name,1,0,Other,,1
Category:Steamed food of Uganda,3,Category:Food of Uganda,1,0,Culture,,0
Category:Stratovolcanoes in Uganda,4,Category:Volcanoes in Uganda,1,2,Other,,1
Category:Street sports in Uganda,3,Category:Sports in Uganda,1,1,Sports,,0
Category:Strophanthus sarmentosus,4,Category:Flora of Uganda,1,1,Other,,1
Category:Surfing in Uganda,3,Category:Sports in Uganda,1,0,Other,,0
Category:Surgeons from Uganda,3,Category:Physicians from Uganda,1,0,Other,,0
Category:Surveying in Uganda,3,Category:Geodesy in Uganda,1,1,Other,,0
Category:Susan Jolly Abeja,4,Category:Women of Uganda by name,1,0,Other,,1
Category:Susan Nsibirwa,4,Category:Women of Uganda by name,1,0,Other,,1
Category:Suzuki vehicles in Uganda,4,Category:Vehicles in Uganda by brand,1,0,Other,,1
Category:Sweet potato fields in Uganda,3,Category:Agriculture in Uganda,1,0,Other,,0
Category:Taban Sharifah Aate,4,Category:Women of Uganda by name,1,0,Other,,1
Category:Technicians from Uganda,3,Category:People of Uganda by occupation,1,0,Other,,0
Category:Teenagers of Uganda,2,Category:Uganda by topic,1,0,Other,,0
Category:Tools of Uganda,2,Category:Uganda by topic,1,1,Other,,0
Category:Tororo mines,3,"Category:National Cultural Sites in Eastern Region, Uganda",1,0,Other,,0
Category:Traditions of Uganda,2,Category:Culture of Uganda,1,2,Other,,0
Category:Transgender people of Uganda,4,Category:LGBTQ people of Uganda,1,1,People,,1
Category:Turraeanthus africanus,4,Category:Flora of Uganda,1,2,Other,,1
Category:Two Kings of Uganda,3,Category:Books about Uganda,1,1,Other,,0
Category:Uganda Breweries,3,Category:Companies of Uganda,1,1,Other,,0
Category:Uganda Railway steam locomotives,4,Category:Uganda Railway,1,10,Buildings,,1
Category:Uganda at the 2020 Summer Olympics,4,Category:2021 in Uganda,1,1,Sports,,1
Category:Uganda at the 2020 Summer Paralympics,4,Category:2021 in Uganda,1,0,Other,,1
Category:Uganda in art,2,Category:Culture of Uganda,1,3,Culture,,0
Category:Uganda in the 1930s,3,Category:Uganda by decade,1,4,Other,,0
Category:Uganda in the 1940s,3,Category:Uganda by decade,1,7,Other,,0
Category:Uganda in the 1980s,3,Category:Uganda by decade,1,10,Other,,0
Category:Uganda women's national football team,3,Category:Women's organizations in Uganda,1,0,People,,0
Category:Ugandan contingents of the African Union Mission to Somalia,3,Category:Military of Uganda,1,2,Other,,0
Category:Unidentified politicians of Uganda,3,Category:Unidentified people of Uganda,1,0,People,,0
Category:Unidentified sportspeople from Uganda,3,Category:Unidentified people of Uganda,1,0,Other,,0
Category:United States Navy in Uganda,2,Category:History of Uganda,1,1,Other,,0
Category:Urbanisation in Uganda,2,Category:Culture of Uganda,1,0,Other,,0
Category:Vegetable-based food of Uganda,4,Category:Cuisine of Uganda,1,3,Culture,,1
Category:Vehicles of Uganda,2,Category:Uganda by topic,1,3,Other,,0
Category:Veronica Babirye Kadogo,4,Category:Women of Uganda by name,1,0,Other,,1
Category:Videos in Swahili,4,Category:Swahili language,1,3,Other,,1
Category:Videos of 2015 from Uganda,4,Category:Videos from Uganda by year,1,0,Other,,1
Category:Views of Uganda,1,Category:Uganda,1,7,Other,,0
Category:Vigna unguiculata subsp. dekindtiana,4,Category:Flora of Uganda,1,0,Other,,1
Category:Vigna unguiculata subsp. pubescens,4,Category:Flora of Uganda,1,0,Other,,1
Category:Visas of Uganda,3,Category:Documents of Uganda,1,1,Other,,0
Category:Vitales in Uganda,3,Category:Plants of Uganda by order,1,0,Other,,0
Category:Volkswagen vehicles in Uganda,4,Category:Vehicles in Uganda by brand,1,0,Other,,1
Category:Water supply and sanitation in Uganda,3,Category:Public health in Uganda,1,2,Other,,0
Category:Weather phenomena in Uganda,4,Category:Weather of Uganda,1,13,Other,,1
Category:Weighing scales in Uganda,3,Category:Equipment of Uganda,1,0,Other,,0
Category:Wheelchair basketball in Uganda,4,Category:Disabled sports in Uganda,1,0,Other,,1
Category:White impressions in Uganda,3,Category:Impressions in Uganda by color,1,3,Other,,0
Category:Wiki Loves Africa 2020 in Uganda,3,Category:2020 Wikimedia movement in Uganda,1,1,History,Wiki Loves Africa,0
Category:Wiki Loves Africa 2021 in Uganda,3,Category:2021 Wikimedia movement in Uganda,1,1,History,Wiki Loves Africa,0
Category:Wiki Loves Africa 2026 in Uganda,4,Category:2026 in Uganda,1,4,History,Wiki Loves Africa,1
Category:Wiki Loves Earth 2019 in Uganda,3,Category:2019 Wikimedia movement in Uganda,1,1,History,Wiki Loves Earth,0
Category:Wiki Loves Folklore in Uganda,2,Category:Culture of Uganda,1,4,Culture,Wiki Loves Folklore,0
Category:Wiki Loves Monuments 2024 in Uganda,3,Category:2024 Wikimedia movement in Uganda,1,1,Buildings,Wiki Loves Monuments,0
Category:WikiForHumanRights in Uganda,2,Category:Wikimedia movement in Uganda,1,3,Other,,0
Category:WikiGap 2020 in Kampala,3,Category:2020 Wikimedia movement in Uganda,1,0,Other,,0
Category:William Leslie Amanzuru,4,Category:Men of Uganda by name,1,0,Other,,1
Category:Winnie Kiiza,4,Category:Women of Uganda by name,1,0,Other,,1
Category:Winnie Matsiko,4,Category:Women of Uganda by name,1,0,Other,,1
Category:World Heritage Site signs in Uganda,3,Category:World Heritage Sites in Uganda,1,0,History,,0
Category:World War II memorials in Uganda,3,Category:Monuments and memorials in Uganda,1,1,Other,,0
Category:Yasmine Shariff,4,Category:Women of Uganda by name,1,0,Other,,1
Category:Yellow impressions in Uganda,3,Category:Impressions in Uganda by color,1,4,Other,,0
Category:Zambaali Bulasio Mukasa,4,Category:Men of Uganda by name,1,0,Other,,1
Category:1 (number) in Uganda,4,Category:Numbers in Uganda by number,0,1,Other,,1
Category:1 organism in Uganda,4,Category:Organisms of Uganda by quantity,0,1,Other,,1
Category:1900s works in Uganda,4,Category:Uganda in the 1900s,0,1,Other,,1
Category:1947 in Uganda,3,Category:Uganda by year,0,1,History,,0
Category:1952 in aviation in Uganda,4,Category:Aviation in Uganda by year,0,1,Other,,1
Category:1970s works in Uganda,4,Category:Uganda in the 1970s,0,2,Other,,1
Category:1972 in Uganda by month,4,Category:Uganda by month by year,0,1,History,,1
Category:1972 in aviation in Uganda,4,Category:Aviation in Uganda by year,0,1,Other,,1
Category:1972 works in Uganda,4,Category:1972 in Uganda,0,1,Other,,1
Category:1976 in Uganda,3,Category:Uganda by year,0,1,History,,0
Category:1976 in aviation in Uganda,4,Category:Aviation in Uganda by year,0,1,Other,,1
Category:1978 in Uganda,3,Category:Uganda by year,0,2,History,,0
Category:1980 in Uganda,3,Category:Uganda by year,0,2,History,,0
Category:1980s establishments in Uganda,4,Category:Uganda in the 1980s,0,2,Other,,1
Category:1980s works in Uganda,4,Category:Uganda in the 1980s,0,2,Other,,1
Category:1981 in Uganda,3,Category:Uganda by year,0,1,History,,0
Category:1982 in Uganda,3,Category:Uganda by year,0,1,History,,0
Category:1985 in Uganda,3,Category:Uganda by year,0,1,History,,0
Category:1986 in Uganda,3,Category:Uganda by year,0,2,History,,0
Category:1988 in Uganda,3,Category:Uganda by year,0,1,History,,0
Category:1988 works in Uganda,4,Category:1988 in Uganda,0,1,Other,,1
Category:1990s maps of Uganda,4,Category:Uganda in the 1990s,0,2,Geography,,1
Category:1990s works in Uganda,4,Category:Uganda in the 1990s,0,2,Other,,1
Category:1994 in Uganda,3,Category:Uganda by year,0,2,History,,0
Category:1994 in aviation in Uganda,4,Category:Aviation in Uganda by year,0,1,Other,,1
Category:1994 works in Uganda,4,Category:1994 in Uganda,0,1,Other,,1
Category:1996 in Uganda,3,Category:Uganda by year,0,2,History,,0
Category:1996 in aviation in Uganda,4,Category:Aviation in Uganda by year,0,1,Other,,1
Category:2000s maps of Uganda,4,Category:Uganda in the 2000s,0,1,Geography,,1
Category:2000s works in Uganda,4,Category:Uganda in the 2000s,0,10,Other,,1
Category:2001 in Uganda,3,Category:Uganda by year,0,3,History,,0
Category:2001 works in Uganda,4,Category:2001 in Uganda,0,1,Other,,1
Category:2002 in Uganda by month,4,Category:Uganda by month by year,0,2,History,,1
Category:2002 works in Uganda,4,Category:2002 in Uganda,0,1,Other,,1
Category:2003 in Uganda by month,4,Category:Uganda by month by year,0,3,History,,1
Category:2003 in aviation in Uganda,4,Category:Aviation in Uganda by year,0,1,Other,,1
Category:2003 works in Uganda,4,Category:2003 in Uganda,0,1,Other,,1
Category:2004 in Uganda,3,Category:Uganda by year,0,2,History,,0
Category:2004 in Uganda by month,4,Category:Uganda by month by year,0,2,History,,1
Category:2004 works in Uganda,4,Category:2004 in Uganda,0,1,Other,,1
Category:2005 in Uganda by month,4,Category:Uganda by month by year,0,3,History,,1
Category:2005 works in Uganda,4,Category:2005 in Uganda,0,1,Other,,1
Category:2006 in Uganda by month,4,Category:Uganda by month by year,0,6,History,,1
Category:2006 in aviation in Uganda,4,Category:Aviation in Uganda by year,0,1,Other,,1
Category:2006 in religion in Uganda,4,Category:Religion in Uganda by year,0,1,Culture,,1
Category:2006 in transport in Uganda,4,Category:Transport in Uganda by year,0,2,Buildings,,1
Category:2006 works in Uganda,4,Category:2006 in Uganda,0,1,Other,,1
Category:2007 in Uganda by month,4,Category:Uganda by month by year,0,7,History,,1
Category:2007 in religion in Uganda,4,Category:Religion in Uganda by year,0,1,Culture,,1
Category:2007 works in Uganda,4,Category:2007 in Uganda,0,1,Other,,1
Category:2008 in Uganda,3,Category:Uganda by year,0,4,History,,0
Category:2008 in Uganda by month,4,Category:Uganda by month by year,0,9,History,,1
Category:2008 in aviation in Uganda,4,Category:Aviation in Uganda by year,0,1,Other,,1
Category:2008 works in Uganda,4,Category:2008 in Uganda,0,1,Other,,1
Category:2009 in Uganda by month,4,Category:Uganda by month by year,0,11,History,,1
Category:2009 in religion in Uganda,4,Category:Religion in Uganda by year,0,1,Culture,,1
Category:2009 works in Uganda,4,Category:2009 in Uganda,0,1,Other,,1
Category:2010 in Uganda,3,Category:Uganda by year,0,6,History,,0
Category:2010 in Uganda by month,4,Category:Uganda by month by year,0,9,History,,1
Category:2010 in aviation in Uganda,4,Category:Aviation in Uganda by year,0,1,Other,,1
Category:2010 in religion in Uganda,4,Category:Religion in Uganda by year,0,1,Culture,,1
Category:2010 works in Uganda,4,Category:2010 in Uganda,0,1,Other,,1
Category:2010s maps of Uganda,4,Category:Uganda in the 2010s,0,1,Geography,,1
Category:2010s works in Uganda,4,Category:Uganda in the 2010s,0,11,Other,,1
Category:2011 in Uganda by month,4,Category:Uganda by month by year,0,11,History,,1
Category:2011 in religion in Uganda,4,Category:Religion in Uganda by year,0,1,Culture,,1
Category:2011 works in Uganda,4,Category:2011 in Uganda,0,1,Other,,1
Category:2012 events in Uganda,4,Category:2012 in Uganda,0,1,Other,,1
Category:2012 in Uganda by month,4,Category:Uganda by month by year,0,9,History,,1
Category:2012 in aviation in Uganda,4,Category:Aviation in Uganda by year,0,1,Other,,1
Category:2012 in religion in Uganda,4,Category:Religion in Uganda by year,0,1,Culture,,1
Category:2012 works in Uganda,4,Category:2012 in Uganda,0,1,Other,,1
Category:2013 in Uganda by month,4,Category:Uganda by month by year,0,9,History,,1
Category:2013 in aviation in Uganda,4,Category:Aviation in Uganda by year,0,1,Other,,1
Category:2013 works in Uganda,4,Category:2013 in Uganda,0,1,Other,,1
Category:2014 in Uganda by month,4,Category:Uganda by month by year,0,10,History,,1
Category:2014 in aviation in Uganda,4,Category:Aviation in Uganda by year,0,1,Other,,1
Category:2014 in religion in Uganda,4,Category:Religion in Uganda by year,0,2,Culture,,1
Category:2014 works in Uganda,4,Category:2014 in Uganda,0,1,Other,,1
Category:2015 in Uganda by month,4,Category:Uganda by month by year,0,10,History,,1
Category:2015 in religion in Uganda,4,Category:Religion in Uganda by year,0,1,Culture,,1
Category:2015 works in Uganda,4,Category:2015 in Uganda,0,2,Other,,1
Category:2016 elections in Uganda,4,Category:2016 in Uganda,0,1,Government,,1
Category:2016 in Uganda by month,4,Category:Uganda by month by year,0,11,History,,1
Category:2016 works in Uganda,4,Category:2016 in Uganda,0,1,Other,,1
Category:2017 in Uganda by month,4,Category:Uganda by month by year,0,12,History,,1
Category:2017 in religion in Uganda,4,Category:Religion in Uganda by year,0,1,Culture,,1
Category:2017 works in Uganda,4,Category:2017 in Uganda,0,1,Other,,1
Category:2018 Wikimedia movement in Uganda,2,Category:Wikimedia movement in Uganda,0,2,Wikimedia community,,0
Category:2018 events in Uganda,4,Category:2018 in Uganda,0,1,Other,,1
Category:2018 in Uganda by month,4,Category:Uganda by month by year,0,11,History,,1
Category:2018 in religion in Uganda,4,Category:Religion in Uganda by year,0,1,Culture,,1
Category:2018 works in Uganda,4,Category:2018 in Uganda,0,1,Other,,1
Category:2019 Wikimedia movement in Uganda,2,Category:Wikimedia movement in Uganda,0,5,Wikimedia community,,0
Category:2019 in Uganda by month,4,Category:Uganda by month by year,0,11,History,,1
Category:2019 works in Uganda,4,Category:2019 in Uganda,0,1,Other,,1
Category:2020 Wikimedia movement in Uganda,2,Category:Wikimedia movement in Uganda,0,5,Wikimedia community,,0
Category:2020 in Uganda by month,4,Category:Uganda by month by year,0,10,History,,1
Category:2020 works in Uganda,4,Category:2020 in Uganda,0,1,Other,,1
Category:2020s works in Uganda,4,Category:Uganda in the 2020s,0,7,Other,,1
Category:2021 Wikimedia movement in Uganda,2,Category:Wikimedia movement in Uganda,0,4,Wikimedia community,,0
Category:2021 elections in Uganda,4,Category:2021 in Uganda,0,1,Government,,1
Category:2021 in Uganda,3,Category:Uganda by year,0,10,History,,0
Category:2021 in Uganda by month,4,Category:Uganda by month by year,0,10,History,,1
Category:2021 works in Uganda,4,Category:2021 in Uganda,0,1,Other,,1
Category:2022 Wikimedia movement in Uganda,2,Category:Wikimedia movement in Uganda,0,5,Wikimedia community,,0
Category:2022 in Uganda by month,4,Category:Uganda by month by year,0,10,History,,1
Category:2022 works in Uganda,4,Category:2022 in Uganda,0,1,Other,,1
Category:2023 in Uganda by month,4,Category:Uganda by month by year,0,9,History,,1
Category:2023 in aviation in Uganda,4,Category:Aviation in Uganda by year,0,1,Other,,1
Category:2023 works in Uganda,4,Category:2023 in Uganda,0,1,Other,,1
Category:2024 Wikimedia movement in Uganda,2,Category:Wikimedia movement in Uganda,0,10,Wikimedia community,,0
Category:2024 in Uganda by month,4,Category:Uganda by month by year,0,11,History,,1
Category:2024 works in Uganda,4,Category:2024 in Uganda,0,2,Other,,1
Category:2025 Wikimedia movement in Uganda,2,Category:Wikimedia movement in Uganda,0,4,Wikimedia community,,0
Category:2025 in religion in Uganda,4,Category:Religion in Uganda by year,0,1,Culture,,1
Category:2025 works in Uganda,4,Category:2025 in Uganda,0,1,Other,,1
Category:2026 Wikimedia movement in Uganda,2,Category:Wikimedia movement in Uganda,0,1,Wikimedia community,,0
Category:2026 photographs of Uganda,4,Category:2026 in Uganda,0,4,Other,,1
Category:20th-century works in Uganda,4,Category:Uganda in the 20th century,0,6,Other,,1
Category:21st-century old men of Uganda,4,Category:Old men of Uganda by century,0,1,People,,1
Category:21st-century people of Uganda,4,Category:Uganda in the 21st century,0,5,People,,1
Category:21st-century works in Uganda,4,Category:Uganda in the 21st century,0,3,Other,,1
Category:ATR aircraft in Uganda,4,Category:Aircraft in Uganda by manufacturer,0,2,Other,,1
Category:Academia in Uganda,2,Category:Uganda by topic,0,0,Other,,0
Category:Accommodation buildings in Uganda,3,Category:Buildings in Uganda by function,0,4,Buildings,,0
Category:Activism in Uganda,2,Category:Politics of Uganda,0,1,Other,,0
Category:Activists from Uganda by subject,4,Category:Activists from Uganda,0,3,Other,,1
Category:Administration buildings in Uganda,3,Category:Buildings in Uganda by function,0,1,Buildings,,0
Category:Adonia Ayebare,4,Category:Men of Uganda by name,0,1,Other,,1
Category:Agricultural products of Uganda,3,Category:Agriculture in Uganda,0,2,Other,,0
Category:Airbus aircraft at Entebbe International Airport,3,Category:Airbus aircraft in Uganda,0,2,Buildings,,0
Category:Airbus aircraft in Uganda,2,Category:Uganda by topic,0,1,Other,,0
Category:Aircraft at Entebbe International Airport,3,Category:Aircraft at airports in Uganda,0,5,Buildings,,0
Category:Aircraft at Entebbe International Airport by aircraft type,4,Category:Aircraft at Entebbe International Airport,0,12,Buildings,,1
Category:Aircraft at Entebbe International Airport by country of service,4,Category:Aircraft in Uganda by country of service,0,9,Buildings,,1
Category:Aircraft at Entebbe International Airport by operator,4,Category:Aircraft at Entebbe International Airport,0,17,Buildings,,1
Category:Aircraft at airports in Uganda,2,Category:Uganda by topic,0,1,Buildings,,0
Category:Aircraft in Uganda,2,Category:Uganda by topic,0,3,Other,,0
Category:Aircraft in Uganda by country of service,3,Category:Aircraft in Uganda,0,11,Other,,0
Category:Aircraft in Uganda by manufacturer,3,Category:Aircraft in Uganda,0,12,Other,,0
Category:Aircraft in Uganda by type,4,Category:Vehicles in Uganda by type,0,10,Other,,1
Category:Aircraft in Ugandan government service,3,Category:Government of Uganda,0,2,Government,,0
Category:Aircraft in Ugandan military service,3,Category:Military equipment of Uganda,0,3,Government,,0
Category:Aircraft in Ugandan service,3,Category:Aircraft of Uganda,0,4,Other,,0
Category:Aircraft in Ugandan service by manufacturer,4,Category:Aircraft in Ugandan service,0,14,Other,,1
Category:Aircraft in Ugandan service by type of operator,4,Category:Aircraft in Ugandan service,0,3,Other,,1
Category:Aircraft of Eagle Air,4,Category:Eagle Air,0,2,Other,,1
Category:Aircraft of Ethiopia in Uganda,4,Category:Aircraft in Uganda by country of service,0,1,Other,,1
Category:Aircraft of Jordan in Uganda,4,Category:Aircraft in Uganda by country of service,0,1,Other,,1
Category:Aircraft of Kenya in Uganda,4,Category:Aircraft in Uganda by country of service,0,1,Other,,1
Category:Aircraft of Shiv Air,4,Category:Shiv Air,0,2,Other,,1
Category:Aircraft of South Africa in Uganda,4,Category:Aircraft in Uganda by country of service,0,1,Other,,1
Category:Aircraft of Tanzania in Uganda,4,Category:Aircraft in Uganda by country of service,0,1,Other,,1
Category:Aircraft of Uganda,2,Category:Uganda by topic,0,4,Other,,0
Category:Aircraft of Uganda Air Cargo,4,Category:Uganda Air Cargo,0,2,Other,,1
Category:Aircraft of Uganda Airlines,4,Category:Uganda Airlines,0,4,Other,,1
Category:Aircraft of Uganda by country of location,3,Category:Aircraft of Uganda,0,17,Other,,0
Category:Aircraft of Uganda in Belgium,4,Category:Aircraft of Uganda by country of location,0,2,Other,,1
Category:Aircraft of Uganda in Ethiopia,4,Category:Aircraft of Uganda by country of location,0,2,Other,,1
Category:Aircraft of Uganda in France,4,Category:Aircraft of Uganda by country of location,0,3,Other,,1
Category:Aircraft of Uganda in Germany,4,Category:Aircraft of Uganda by country of location,0,3,Other,,1
Category:Aircraft of Uganda in Ghana,4,Category:Aircraft of Uganda by country of location,0,1,Other,,1
Category:Aircraft of Uganda in Kenya,4,Category:Aircraft of Uganda by country of location,0,2,Other,,1
Category:Aircraft of Uganda in Luxembourg,4,Category:Aircraft of Uganda by country of location,0,1,Other,,1
Category:Aircraft of Uganda in Portugal,4,Category:Aircraft of Uganda by country of location,0,1,Other,,1
Category:Aircraft of Uganda in Somalia,4,Category:Aircraft of Uganda by country of location,0,1,Other,,1
Category:Aircraft of Uganda in South Africa,4,Category:Aircraft of Uganda by country of location,0,1,Other,,1
Category:Aircraft of Uganda in Uganda,4,Category:Aircraft in Uganda by country of service,0,1,Other,,1
Category:Aircraft of Uganda in the United Arab Emirates,4,Category:Aircraft of Uganda by country of location,0,1,Other,,1
Category:Aircraft of Ukraine in Uganda,4,Category:Aircraft in Uganda by country of service,0,1,Other,,1
Category:Aircraft of the Democratic Republic of the Congo in Uganda,4,Category:Aircraft in Uganda by country of service,0,1,Other,,1
Category:Aircraft of the Uganda Air Force,4,Category:Air force of Uganda,0,5,Other,,1
Category:Aircraft of the United Kingdom in Uganda,4,Category:Aircraft in Uganda by country of service,0,1,Other,,1
Category:Aircraft registered in Uganda,3,Category:Aircraft of Uganda,0,39,Other,,0
Category:Airliners in Ugandan service,4,Category:Aircraft in Ugandan service,0,12,Other,,1
Category:Airlines of Uganda,2,Category:Uganda by topic,0,5,Other,,0
Category:Airport buildings in Uganda,4,Category:Airports in Uganda,0,1,Buildings,,1
Category:Allied Democratic Forces,2,Category:Politics of Uganda,0,1,Other,,0
Category:Ambassadors of Uganda to Austria,4,Category:Ambassadors of Uganda,0,2,Other,,1
Category:Ambassadors of Uganda to France,4,Category:Ambassadors of Uganda,0,1,Other,,1
Category:Ambassadors of Uganda to Germany,4,Category:Ambassadors of Uganda,0,3,Other,,1
Category:Anacardiaceae in Uganda,4,Category:Sapindales in Uganda,0,1,Other,,1
Category:Animal-built objects in Uganda,3,Category:Objects in Uganda,0,4,Environment,,0
Category:Animals of Kidepo Valley National Park,4,Category:Animals of Uganda,0,2,Environment,,1
Category:Ant hills in Uganda,4,Category:Animal-built objects in Uganda,0,0,Other,,1
Category:Antonov aircraft in Uganda,4,Category:Aircraft in Uganda by manufacturer,0,4,Other,,1
Category:Apocynaceae in Uganda,3,Category:Plants of Uganda by taxon,0,1,Other,,0
Category:April 2025 in Uganda,4,Category:2025 in Uganda,0,1,History,,1
Category:April in Uganda,3,Category:Months in Uganda,0,1,Other,,0
Category:April in Uganda by year,4,Category:Categories of Uganda by year,0,16,Other,,1
Category:Architectural elements in Uganda,2,Category:Uganda by topic,0,10,Other,,0
Category:Architecture of Uganda,2,Category:Uganda by topic,0,5,Buildings,,0
Category:Armored fighting vehicles of Uganda,3,Category:Military equipment of Uganda,0,3,Other,,0
Category:Army flags of Uganda,4,Category:Army of Uganda,0,1,Other,,1
Category:Art from Uganda,3,Category:Art of Uganda,0,2,Culture,,0
Category:Arthropods of Uganda,4,Category:Animals of Uganda,0,2,Other,,1
Category:Association football competitions in Uganda,4,Category:Football in Uganda,0,2,Sports,,1
Category:Association football players from Uganda,4,Category:Football in Uganda,0,4,Sports,,1
Category:Astronomy in Uganda,2,Category:Uganda by topic,0,1,Other,,0
Category:August in Uganda,3,Category:Months in Uganda,0,1,Other,,0
Category:August in Uganda by year,4,Category:Categories of Uganda by year,0,20,Other,,1
Category:Aviation accidents and incidents in Uganda,3,Category:Aviation in Uganda,0,2,Other,,0
Category:Aviation in Uganda by year,3,Category:Aviation in Uganda,0,19,Other,,0
Category:Awards of Uganda,2,Category:Culture of Uganda,0,3,Other,,0
Category:BBC 100 Women from Uganda,4,Category:Women of Uganda,0,3,People,,1
Category:Babies of Uganda by year,3,Category:Babies of Uganda,0,1,Other,,0
Category:Badminton players from Uganda,4,Category:Sportspeople from Uganda,0,3,Other,,1
Category:Bahá'í Faith in Uganda,3,Category:Religion in Uganda,0,1,Other,,0
Category:Betty Manyolo,4,Category:Women of Uganda by name,0,2,Other,,1
Category:Bika bya Baganda Cup,4,Category:Sports in Buganda,0,2,Sports,,1
Category:Bilateral relations of Uganda,3,Category:International relations of Uganda,0,52,Other,,0
Category:Biogeography of Uganda,2,Category:Geography of Uganda,0,1,Other,,0
Category:Biogeology of Uganda,3,Category:Biology in Uganda,0,2,Other,,0
Category:Biogeomorphology of Uganda,3,Category:Biology in Uganda,0,1,Other,,0
Category:Biology in Uganda,2,Category:Uganda by topic,0,6,Other,,0
Category:Birds of Uganda by color,3,Category:Categories of Uganda by color,0,3,Environment,,0
Category:Births in Entebbe,4,Category:Births in Uganda by city,0,1,Other,,1
"Category:Births in Jinja, Uganda",4,Category:Births in Uganda by city,0,2,Other,,1
"Category:Births in Kitgum, Uganda",4,Category:Births in Uganda by city,0,1,Other,,1
Category:Births in Koboko,4,Category:Births in Uganda by city,0,1,Other,,1
"Category:Births in Lira, Uganda",4,Category:Births in Uganda by city,0,2,Other,,1
"Category:Births in Mityana, Uganda",4,Category:Births in Uganda by city,0,2,Other,,1
"Category:Births in Tororo, Uganda",4,Category:Births in Uganda by city,0,2,Other,,1
Category:Births in Uganda by city,3,Category:Categories of Uganda by city,0,12,Other,,0
Category:Births in Uganda by district,4,Category:Births in Uganda,0,1,Geography,,1
Category:Births in Uganda by region,4,Category:Births in Uganda,0,2,Geography,,1
Category:Bishops from Uganda,4,Category:Christianity in Uganda,0,13,Other,,1
Category:Blue impressions in Uganda,3,Category:Impressions in Uganda by color,0,4,Other,,0
Category:Boarding schools in Uganda,4,Category:Schools in Uganda by type,0,2,Buildings,,1
Category:Boeing aircraft in Uganda,4,Category:Aircraft in Uganda by manufacturer,0,3,Other,,1
Category:Bombardier aircraft in Uganda,4,Category:Aircraft in Uganda by manufacturer,0,1,Other,,1
Category:Borders of Uganda,3,Category:Political geography of Uganda,0,1,Other,,0
Category:Boys' schools in Uganda,3,Category:Schools in Uganda,0,1,Buildings,,0
Category:Breweries in Uganda,3,Category:Brewing in Uganda,0,1,Other,,0
Category:Brown impressions in Uganda,3,Category:Impressions in Uganda by color,0,2,Other,,0
Category:Bryophyta in Uganda,4,Category:Flora of Uganda,0,1,Other,,1
Category:Buganda gombolola Cup,4,Category:Sports in Buganda,0,2,Sports,,1
Category:Buildings in Kampala by function,3,Category:Buildings in Uganda by function,0,8,Buildings,,0
Category:Buildings in Mbale,4,Category:Mbale,0,2,Buildings,,1
Category:Buildings in Uganda by function,2,Category:Categories of Uganda,0,16,Buildings,,0
Category:Bulasio Mukasa,4,Category:Journalists from Uganda,0,0,Other,,1
Category:Bwindi Impenetrable National Park by century,3,Category:Uganda by century,0,1,Environment,,0
Category:Bwindi Impenetrable National Park by decade,3,Category:Uganda by decade,0,3,Environment,,0
Category:Bwindi Impenetrable National Park in the 21st century,4,Category:Uganda in the 21st century,0,3,Environment,,1
Category:Cancer in Uganda,3,Category:Diseases and disorders in Uganda,0,0,Other,,0
Category:Cardinals from Uganda,4,Category:Clergy from Uganda,0,2,Other,,1
Category:Categories of Uganda,1,Category:Uganda,0,19,Other,,0
Category:Categories of Uganda by brand,2,Category:Categories of Uganda,0,1,Other,,0
Category:Categories of Uganda by century,3,Category:Categories of Uganda by date,0,7,Other,,0
Category:Categories of Uganda by city,2,Category:Categories of Uganda,0,8,Other,,0
Category:Categories of Uganda by color,2,Category:Categories of Uganda,0,6,Other,,0
Category:Categories of Uganda by date,2,Category:Categories of Uganda,0,9,Other,,0
Category:Categories of Uganda by decade,3,Category:Categories of Uganda by date,0,7,Other,,0
Category:Categories of Uganda by month,3,Category:Categories of Uganda by date,0,4,Other,,0
Category:Categories of Uganda by name,2,Category:Categories of Uganda,0,5,Other,,0
Category:Categories of Uganda by number,2,Category:Categories of Uganda,0,1,Other,,0
Category:Categories of Uganda by quantity,2,Category:Categories of Uganda,0,1,Other,,0
Category:Categories of Uganda by type,2,Category:Categories of Uganda,0,1,Other,,0
Category:Categories of Uganda by user,2,Category:Categories of Uganda,0,1,Other,,0
Category:Categories of Uganda by year,3,Category:Categories of Uganda by date,0,31,Other,,0
Category:Category navigational templates for Uganda,2,Category:Templates related to Uganda,0,4,Other,,0
Category:Category navigational templates for Uganda by decade,3,Category:Category navigational templates for Uganda,0,1,Other,,0
Category:Category navigational templates for Uganda by month,3,Category:Category navigational templates for Uganda,0,0,Other,,0
Category:Category navigational templates for Uganda by year,3,Category:Category navigational templates for Uganda,0,1,Other,,0
Category:Category navigational templates for seasons in Uganda,3,Category:Category navigational templates for Uganda,0,1,Other,,0
Category:Category navigational templates for summer in Uganda,4,Category:Category navigational templates for seasons in Uganda,0,0,Other,,1
Category:Catholicism in Uganda,4,Category:Christianity in Uganda,0,1,Other,,1
"Category:Cemeteries in Central Region, Uganda",4,Category:Cemeteries in Uganda,0,4,Geography,,1
"Category:Cemeteries in Eastern Region, Uganda",4,Category:Cemeteries in Uganda,0,2,Geography,,1
Category:Cemeteries of Polish refugees in Uganda,4,Category:Polish diaspora in Uganda,0,2,Other,,1
Category:Children of Uganda by year,3,Category:Children of Uganda,0,2,People,,0
Category:Children of Uganda in 2023,4,Category:Children of Uganda by year,0,1,People,,1
Category:Christian buildings in Uganda,4,Category:Religious buildings in Uganda,0,2,Buildings,,1
Category:Christian canonical structures in Uganda,4,Category:Christianity in Uganda,0,3,Buildings,,1
Category:Churches in Entebbe,4,Category:Churches in Uganda by city,0,2,Culture,,1
Category:Churches in Uganda by city,3,Category:Categories of Uganda by city,0,3,Culture,,0
Category:Churches in Uganda by date,3,Category:Categories of Uganda by date,0,1,Culture,,0
Category:Churches in Uganda by decade of photographing,4,Category:Churches in Uganda by date,0,1,Culture,,1
Category:Churches in Uganda by year of photographing,4,Category:Religion in Uganda by year,0,2,Culture,,1
Category:Cities in Uganda,4,Category:Populated places in Uganda,0,4,Geography,,1
Category:Civil engineering in Uganda,2,Category:Uganda by topic,0,2,Other,,0
Category:Cloudscapes of Uganda,3,Category:Skyscapes of Uganda,0,1,Other,,0
Category:Collective works of Uganda,3,Category:Works in Uganda,0,2,Other,,0
Category:Commercial fishing in Uganda,2,Category:Economy of Uganda,0,1,Other,,0
Category:Commonwealth Games sportspeople from Uganda,4,Category:Sportspeople from Uganda,0,5,Other,,1
Category:Competitions in Uganda,4,Category:Entertainment events in Uganda,0,1,Other,,1
Category:Composers from Uganda,4,Category:Musicians from Uganda,0,0,Other,,1
Category:Condiments of Uganda,4,Category:Cuisine of Uganda,0,1,Other,,1
Category:Conflicts of Uganda,2,Category:Politics of Uganda,0,1,Other,,0
Category:Containers in Uganda by material,4,Category:Containers in Uganda,0,1,Other,,1
Category:Copper mining in Uganda,3,Category:Mining in Uganda,0,1,Economy,,0
Category:Copyright rules of Uganda,1,Category:Uganda,0,2,Other,,0
Category:Courts of Uganda,4,Category:Judiciary of Uganda,0,7,Other,,1
Category:Cucurbitales in Uganda,3,Category:Plants of Uganda by order,0,1,Other,,0
Category:Cultural buildings in Uganda,2,Category:Culture of Uganda,0,4,Culture,,0
Category:DAS Air Cargo,4,Category:Defunct airlines of Uganda,0,1,Other,,1
Category:Dancers from Uganda,3,Category:Dance of Uganda,0,2,Other,,0
Category:De Havilland aircraft in Uganda,4,Category:Aircraft in Uganda by manufacturer,0,1,Other,,1
Category:Deaths in Uganda by city,3,Category:Categories of Uganda by city,0,2,Other,,0
Category:December 2025 in Uganda,4,Category:2025 in Uganda,0,1,History,,1
Category:December in Uganda,3,Category:Months in Uganda,0,2,Other,,0
Category:December in Uganda by year,4,Category:Categories of Uganda by year,0,14,Other,,1
Category:Defunct airlines of Uganda,3,Category:Airlines of Uganda,0,7,Other,,0
Category:Deposition (geology) in Uganda,3,Category:Geology of Uganda,0,3,Other,,0
Category:Depositional landforms in Uganda,3,Category:Landforms of Uganda,0,2,Other,,0
Category:Deposits (geology) in Uganda,4,Category:Deposition (geology) in Uganda,0,2,Other,,1
Category:Diagrams of additional road signs of Uganda,4,Category:Diagrams of road signs of Uganda,0,1,Charts and data,,1
Category:Diagrams of mandatory road signs of Uganda,4,Category:Diagrams of road signs of Uganda,0,1,Charts and data,,1
Category:Diagrams of priority road signs of Uganda,4,Category:Diagrams of road signs of Uganda,0,1,Charts and data,,1
Category:Diagrams of prohibitory road signs of Uganda,4,Category:Diagrams of road signs of Uganda,0,1,Charts and data,,1
Category:Diagrams of regulatory road signs of Uganda,4,Category:Diagrams of road signs of Uganda,0,4,Charts and data,,1
Category:Diagrams of road signs of Uganda,3,Category:Information graphics of Uganda,0,11,Charts and data,,0
Category:Diagrams of warning road signs of Uganda,4,Category:Diagrams of road signs of Uganda,0,1,Charts and data,,1
Category:Diana Nankunda Mutasingwa,4,Category:Women of Uganda by name,0,0,Other,,1
Category:Dikes (geology) in Uganda,4,Category:Intrusions (geology) in Uganda,0,1,Other,,1
Category:Disabled swimmers from Uganda,4,Category:Disabled sports in Uganda,0,1,Other,,1
Category:Disasters and accidents in Uganda,2,Category:History of Uganda,0,5,Other,,0
Category:Diseases and disorders in Uganda,2,Category:Health in Uganda,0,5,Other,,0
Category:Dishes of Uganda,4,Category:Cuisine of Uganda,0,9,Other,,1
Category:Documents of Uganda,2,Category:Uganda by media type,0,4,Other,,0
Category:Drainage in Uganda,3,Category:Infrastructure in Uganda,0,1,Other,,0
Category:Drinking water in Uganda,4,Category:Water in Uganda,0,1,Other,,1
Category:Drugs in Uganda,2,Category:Health in Uganda,0,1,Other,,0
Category:Eagle Air,3,Category:Airlines of Uganda,0,1,Other,,0
Category:East African Airlines,4,Category:Defunct airlines of Uganda,0,1,Other,,1
Category:East African Railways diesel locomotives,4,Category:East African Railways,0,7,Buildings,,1
Category:Ecclesiastical heraldry of Uganda,4,Category:Symbols of religion in Uganda,0,2,Other,,1
Category:Economic history of Uganda,2,Category:Economy of Uganda,0,1,History,,0
Category:Economists from Uganda,2,Category:Economy of Uganda,0,2,Other,,0
Category:Ecoregions of Uganda,2,Category:Geography of Uganda,0,1,Other,,0
Category:Ecoregions of Uganda (One Earth),3,Category:Ecoregions of Uganda,0,8,Other,,0
Category:Education in Uganda by city,2,Category:Education in Uganda,0,1,Education,,0
Category:Elections in Uganda by year,3,Category:Politics of Uganda by year,0,12,Government,,0
Category:Electrical substations in Uganda,4,Category:Electricity in Uganda,0,1,Other,,1
Category:Embraer aircraft in Uganda,4,Category:Aircraft in Uganda by manufacturer,0,2,Other,,1
Category:Emergency preparations in Uganda,4,Category:Safety in Uganda,0,1,Other,,1
Category:Emergency service vehicles of Uganda,3,Category:Vehicles in Uganda,0,1,Other,,0
Category:Emergency services in Uganda,4,Category:Public services of Uganda,0,2,Other,,1
Category:Enanga (harp),3,Category:Musical instruments of Uganda,0,1,Other,,0
Category:Engineering in Uganda,2,Category:Uganda by topic,0,1,Other,,0
Category:English inscriptions in Uganda,4,Category:Inscriptions in Uganda by language,0,1,Other,,1
Category:Ensigns of Uganda,4,Category:Flags of Uganda,0,2,Other,,1
Category:Entebbe International Airport by year,4,Category:Aviation in Uganda by year,0,17,Buildings,,1
Category:Entertainers from Uganda,3,Category:People of Uganda by occupation,0,3,Other,,0
Category:Entertainment events in Uganda,3,Category:Entertainment in Uganda,0,3,Other,,0
Category:Entertainment venues in Uganda,3,Category:Buildings in Uganda by function,0,2,Other,,0
Category:Environmental protection in Uganda,2,Category:Health in Uganda,0,4,Other,,0
Category:Epidemics in Uganda,3,Category:Diseases and disorders in Uganda,0,1,Health,,0
Category:Erosion landforms in Uganda,4,Category:Erosion in Uganda,0,3,Other,,1
Category:Eruption products in Uganda,4,Category:Volcanism of Uganda,0,1,Other,,1
Category:Eruptive vents in Uganda,4,Category:Volcanism of Uganda,0,1,Other,,1
Category:Espionage in Uganda,2,Category:History of Uganda,0,1,Other,,0
Category:Establishments in Uganda,3,Category:Events in Uganda,0,1,Other,,0
Category:Establishments in Uganda by decade,4,Category:Categories of Uganda by decade,0,1,Other,,1
Category:Evangelicalism in Uganda,4,Category:Christianity in Uganda,0,1,Other,,1
Category:Events at African College of Commerce and Technology,4,Category:African College of Commerce and Technology,0,1,Education,,1
Category:Events in Namibia in the 20th century,4,Category:Uganda in the 20th century,0,3,Other,,1
Category:Events in Namibia in the 21st century,4,Category:Uganda in the 21st century,0,1,Other,,1
Category:Events in Uganda by century,3,Category:Uganda by century,0,2,Other,,0
Category:Events in Uganda by decade,3,Category:Events in Uganda,0,7,Other,,0
Category:Events in Uganda by year,3,Category:Events in Uganda,0,3,Other,,0
Category:Events in Uganda in the 1960s,4,Category:Uganda in the 1960s,0,1,Other,,1
Category:Events in Uganda in the 1970s,4,Category:Uganda in the 1970s,0,1,Other,,1
Category:Events in Uganda in the 1990s,4,Category:Uganda in the 1990s,0,1,Other,,1
Category:Events in Uganda in the 2000s,4,Category:Uganda in the 2000s,0,2,Other,,1
Category:Events in Uganda in the 2010s,4,Category:Uganda in the 2010s,0,2,Other,,1
Category:Events in Uganda in the 2020s,4,Category:Uganda in the 2020s,0,1,Other,,1
Category:Events in Uganda in the 20th century,4,Category:Uganda in the 20th century,0,3,Other,,1
Category:Events in Uganda in the 21st century,4,Category:Uganda in the 21st century,0,3,Other,,1
Category:Extinct volcanoes in Uganda,4,Category:Volcanoes in Uganda,0,1,Other,,1
Category:Facial expressions of people in Uganda,3,Category:People of Uganda,0,1,People,,0
Category:Featured pictures from Wiki Loves Earth in Uganda,4,Category:Featured pictures of Uganda,0,2,Other,Wiki Loves Earth,1
Category:Featured pictures of Uganda by subject,4,Category:Featured pictures of Uganda,0,1,Other,,1
Category:Featured pictures of Uganda by user,4,Category:Featured pictures of Uganda,0,1,Other,,1
Category:February in Uganda,3,Category:Months in Uganda,0,1,Other,,0
Category:February in Uganda by year,4,Category:Categories of Uganda by year,0,19,Other,,1
Category:Federation of Uganda Football Associations,4,Category:Football in Uganda,0,2,Sports,,1
Category:Femicide in Uganda,4,Category:Murder in Uganda,0,1,Other,,1
Category:Feminism in Uganda,3,Category:Activism in Uganda,0,3,Other,,0
Category:Femrite,3,Category:Women's organizations in Uganda,0,2,Other,,0
Category:Financial services companies of Uganda,2,Category:Organizations of Uganda,0,2,Economy,,0
Category:Flags in Uganda,4,Category:Flags of Uganda,0,2,Other,,1
Category:Flags of Uganda by type of image,2,Category:Categories of Uganda,0,5,Other,,0
Category:Flowers of Uganda by color,3,Category:Categories of Uganda by color,0,7,Other,,0
Category:Fluvial deposition in Uganda,4,Category:Deposition (geology) in Uganda,0,4,Other,,1
Category:Fluvial erosion in Uganda,4,Category:Erosion in Uganda,0,3,Other,,1
Category:Fluvial geomorphology of Uganda,3,Category:Geomorphology of Uganda,0,6,Other,,0
Category:Fluvial landforms in Uganda,3,Category:Landforms of Uganda,0,6,Other,,0
Category:Folk culture of Uganda,2,Category:Culture of Uganda,0,0,Culture,,0
Category:Food industry in Uganda,3,Category:Industry in Uganda,0,2,Culture,,0
Category:Food preservation in Uganda,3,Category:Food of Uganda,0,1,Culture,,0
Category:Food shops in Uganda,3,Category:Food of Uganda,0,1,Culture,,0
Category:Foreign charities operating in Uganda,2,Category:Society of Uganda,0,1,Other,,0
Category:Freight transport in Uganda,4,Category:Transport industry of Uganda,0,1,Buildings,,1
Category:Frozen bodies of water in Uganda,3,Category:Bodies of water in Uganda,0,1,Other,,0
Category:Fungi of Uganda by color,4,Category:Fungi of Uganda,0,4,Other,,1
Category:Gadiformes of Uganda,4,Category:Fish of Uganda,0,0,Other,,1
Category:Gallery pages of Uganda,1,Category:Uganda,0,1,Other,,0
Category:Gardens and parks in Uganda,3,Category:Nature of Uganda,0,3,Other,,0
Category:General elections in Uganda,4,Category:Elections in Uganda,0,3,Government,,1
Category:Gentianales in Uganda,3,Category:Plants of Uganda by order,0,2,Other,,0
Category:Geodesy in Uganda,2,Category:Uganda by topic,0,1,Other,,0
Category:Geography of Kampala,2,Category:Geography of Uganda,0,1,Geography,,0
Category:Geomorphology of Uganda,2,Category:Geography of Uganda,0,12,Other,,0
Category:Godfrey Binaisa,4,Category:Presidents of Uganda,0,0,Other,,1
Category:Government of Buganda,3,Category:Buganda,0,3,Government,,0
Category:Grave markers in Uganda,4,Category:Monuments and memorials in Uganda by type,0,1,Culture,,1
Category:Gravestones in Uganda,4,Category:Monuments and memorials in Uganda by type,0,1,Other,,1
Category:Gray impressions in Uganda,3,Category:Impressions in Uganda by color,0,1,Other,,0
Category:Great Lakes Airways,4,Category:Defunct airlines of Uganda,0,1,Geography,,1
Category:Groups in Uganda,2,Category:Society of Uganda,0,2,Other,,0
Category:Groups in Uganda by size,3,Category:Groups in Uganda,0,2,Other,,0
Category:Groups in Uganda by size by subject,4,Category:Groups in Uganda by size,0,1,Other,,1
Category:Groups of 1 in Uganda,4,Category:Groups in Uganda by size,0,1,Other,,1
Category:Groups of animals in Uganda,4,Category:Animals of Uganda,0,2,Environment,,1
Category:Groups of organisms in Uganda,3,Category:Organisms in Uganda,0,1,Other,,0
Category:Hamdan Lutaaya Sserwanga,4,Category:Men of Uganda by name,0,1,Other,,1
Category:Headscarves in Uganda,4,Category:Headgear of Uganda,0,1,Other,,1
Category:Heating in Uganda,3,Category:Energy in Uganda,0,1,Other,,0
Category:Heraldry of Uganda,3,Category:Symbols of Uganda,0,3,Other,,0
Category:Herman Basudde,4,Category:Men of Uganda by name,0,1,Other,,1
Category:High schools and secondary schools in Uganda,4,Category:Schools in Uganda by type,0,2,Buildings,,1
Category:Higher education in Uganda,2,Category:Uganda by topic,0,1,Education,,0
Category:Hiking trails in Uganda,4,Category:Hiking in Uganda,0,1,Other,,1
Category:Hillslope processes in Uganda,3,Category:Geology of Uganda,0,3,Other,,0
Category:Hindu buildings in Uganda,4,Category:Religious buildings in Uganda,0,1,Buildings,,1
Category:Hinduism in Uganda,3,Category:Religion in Uganda,0,1,Other,,0
Category:History of Uganda by subject,2,Category:History of Uganda,0,1,History,,0
Category:History of land transport in Uganda,4,Category:Land transport in Uganda,0,1,Buildings,,1
Category:History of rail transport in Uganda,3,Category:Rail transport in Uganda,0,4,Buildings,,0
Category:History of transport in Uganda,3,Category:Transport in Uganda,0,1,Buildings,,0
Category:Holidays in Uganda,2,Category:Culture of Uganda,0,2,Other,,0
Category:Holy Week in Uganda,4,Category:Christianity in Uganda,0,2,Other,,1
Category:Hospitality buildings in Kampala,4,Category:Buildings in Kampala by function,0,1,Buildings,,1
Category:Hospitality buildings in Uganda,3,Category:Buildings in Uganda by function,0,2,Buildings,,0
Category:Human-powered transport in Uganda,3,Category:Transport in Uganda,0,2,Buildings,,0
Category:Hydraulic engineering in Uganda,2,Category:Uganda by topic,0,3,Other,,0
Category:Hydraulic structures in Uganda,2,Category:Uganda by topic,0,1,Buildings,,0
Category:Hydroelectric power plants in Uganda,2,Category:Uganda by topic,0,2,Environment,,0
Category:Hydroelectricity in Uganda,2,Category:Uganda by topic,0,1,Other,,0
Category:Hydrology of Uganda,2,Category:Science in Uganda,0,4,Other,,0
Category:Hydropower in Uganda,2,Category:Uganda by topic,0,1,Other,,0
Category:Ibrahim Sekagya,4,Category:Men of Uganda by name,0,5,Other,,1
Category:Ice in Uganda,4,Category:Water in Uganda,0,1,Other,,1
Category:Igneous intrusions in Uganda,4,Category:Intrusions (geology) in Uganda,0,1,Other,,1
Category:Igneous petrology of Uganda,4,Category:Petrology of Uganda,0,3,Other,,1
Category:Igneous rocks in Uganda,4,Category:Volcanism of Uganda,0,8,Other,,1
Category:Ilyushin aircraft in Uganda,4,Category:Aircraft in Uganda by manufacturer,0,1,Other,,1
Category:Image sources of Uganda,3,Category:Images of Uganda,0,3,Other,,0
Category:Images from Wiki Loves Earth in Uganda,3,Category:Wiki Loves Earth in Uganda,0,10,Other,Wiki Loves Earth,0
Category:Images from Wiki Loves Folklore in Uganda,3,Category:Wiki Loves Folklore in Uganda,0,6,Culture,Wiki Loves Folklore,0
Category:Images from Wiki Loves Monuments in Uganda,3,Category:Wiki Loves Monuments in Uganda,0,9,Buildings,Wiki Loves Monuments,0
Category:Images of Uganda,2,Category:Uganda by media type,0,9,Other,,0
Category:Images of Uganda by user,3,Category:Categories of Uganda by user,0,2,Other,,0
Category:Immigrants to the United States from Uganda,4,Category:Emigrants from Uganda,0,1,Other,,1
Category:Important Bird Areas of Uganda,3,Category:Environmental protection in Uganda,0,19,Other,,0
Category:Impressions in Uganda,1,Category:Uganda,0,2,Other,,0
Category:Impressions in Uganda by color,2,Category:Impressions in Uganda,0,12,Other,,0
Category:Independence of Uganda,2,Category:History of Uganda,0,1,Other,,0
Category:Inscriptions in Uganda,2,Category:Culture of Uganda,0,1,Other,,0
Category:Inscriptions in Uganda by language,3,Category:Inscriptions in Uganda,0,4,Other,,0
Category:Institutes in Uganda,2,Category:Uganda by topic,0,0,Other,,0
Category:Intangible Cultural Heritage of Humanity of Uganda,2,Category:Culture of Uganda,0,1,Culture,,0
Category:International airports in Uganda,4,Category:Airports in Uganda,0,1,Buildings,,1
Category:Intrusions (geology) in Uganda,3,Category:Geology of Uganda,0,2,Other,,0
Category:Invasive plant species in Uganda,4,Category:Flora of Uganda,0,1,Environment,,1
Category:Islamic University in Uganda,4,Category:Universities in Uganda,0,2,Other,,1
Category:Jack Rollen,4,Category:Men of Uganda by name,0,0,Other,,1
Category:James Odongo,4,Category:Men of Uganda by name,0,0,Other,,1
Category:January 2025 in Uganda,4,Category:2025 in Uganda,0,1,History,,1
Category:January in Uganda,3,Category:Months in Uganda,0,1,Other,,0
Category:January in Uganda by year,4,Category:Categories of Uganda by year,0,20,Other,,1
Category:John Baptist Kakubi,4,Category:Men of Uganda by name,0,0,Other,,1
Category:Journals of Uganda,2,Category:Culture of Uganda,0,0,Other,,0
Category:Judith Bakirya,4,Category:Women of Uganda by name,0,0,Other,,1
Category:July 2025 in Uganda,4,Category:2025 in Uganda,0,1,History,,1
Category:July in Uganda,3,Category:Months in Uganda,0,1,Other,,0
Category:July in Uganda by year,4,Category:Categories of Uganda by year,0,20,Other,,1
Category:June in Uganda,3,Category:Months in Uganda,0,1,Other,,0
Category:Jurists from Uganda,3,Category:People of Uganda by occupation,0,1,Other,,0
Category:Kabakas of Buganda,4,Category:Government of Buganda,0,6,Other,,1
Category:Kampala by century,3,Category:Uganda by century,0,2,Other,,0
Category:Kampala by decade,3,Category:Uganda by decade,0,3,Other,,0
Category:Kampala by year,3,Category:Uganda by year,0,4,Other,,0
Category:Kampala in the 1960s,4,Category:Kampala by decade,0,1,Other,,1
Category:Kibaale River,4,Category:Rivers of Uganda,0,1,Geography,,1
Category:Kinyarwanda-language signs,4,Category:Kinyarwanda language,0,2,Other,,1
Category:LGBTQ people of Uganda by occupation,3,Category:People of Uganda by occupation,0,1,People,,0
Category:Lacustrine geomorphology of Uganda,3,Category:Geomorphology of Uganda,0,2,Other,,0
Category:Lacustrine landforms of Uganda,4,Category:Lacustrine geomorphology of Uganda,0,1,Other,,1
Category:Lambert Bainomugisha,4,Category:Men of Uganda by name,0,0,Other,,1
Category:Land transport in Uganda,3,Category:Transport in Uganda,0,6,Buildings,,0
Category:Land transport in Uganda by year,4,Category:Transport in Uganda by year,0,1,Buildings,,1
Category:Land transport in Uganda in the 21st century,4,Category:Land transport in Uganda,0,1,Buildings,,1
Category:Land vehicles in Uganda,4,Category:Land transport in Uganda,0,2,Other,,1
Category:Landforms of Uganda,2,Category:Geography of Uganda,0,18,Other,,0
Category:Landforms of Uganda by creating process,3,Category:Landforms of Uganda,0,3,Other,,0
Category:Landscape architecture in Uganda,3,Category:Architecture of Uganda,0,1,Buildings,,0
Category:Law enforcement in Uganda,4,Category:Law of Uganda,0,2,Government,,1
Category:Law of Uganda,3,Category:Government of Uganda,0,5,Government,,0
Category:Let aircraft in Uganda,4,Category:Aircraft in Uganda by manufacturer,0,3,Other,,1
Category:License tags of Uganda,2,Category:Copyright rules of Uganda,0,0,Other,,0
Category:Linocuts from Uganda,4,Category:Art from Uganda,0,1,Other,,1
Category:Lockheed aircraft in Uganda,4,Category:Aircraft in Uganda by manufacturer,0,1,Other,,1
Category:Locomotives of Uganda,4,Category:Rail vehicles of Uganda,0,2,Other,,1
Category:Logos of political parties in Uganda,3,Category:Logos of organizations of Uganda,0,0,Government,,0
Category:Lot Fire Records,3,Category:Companies of Uganda,0,1,Other,,0
Category:Magmatic dikes in Uganda,4,Category:Volcanism of Uganda,0,2,Other,,1
Category:Magmatic systems in Uganda,4,Category:Stratigraphy of Uganda,0,3,Other,,1
Category:Makindye,4,Category:Populated places in Uganda,0,1,Other,,1
Category:Male sportspeople from Uganda,4,Category:Men of Uganda by occupation,0,6,Other,,1
Category:Mangifera indica in Uganda,4,Category:Flora of Uganda,0,0,Other,,1
Category:Maps of Uganda by century,3,Category:Maps of Uganda,0,3,Geography,,0
Category:Maps of Uganda by year,3,Category:Maps of Uganda,0,7,Geography,,0
Category:Maps of Uganda on stamps,3,Category:Maps of Uganda,0,2,Geography,,0
Category:March 2001 in Uganda,4,Category:2001 in Uganda,0,1,History,,1
Category:March 2025 in Uganda,4,Category:2025 in Uganda,0,1,History,,1
Category:March in Uganda,3,Category:Months in Uganda,0,1,Other,,0
Category:March in Uganda by year,4,Category:Categories of Uganda by year,0,19,Other,,1
Category:Mass graves in Uganda,2,Category:Society of Uganda,0,10,Culture,,0
Category:Mass movements (geology) in Uganda,3,Category:Geomorphology of Uganda,0,1,Other,,0
Category:Massacres in Uganda,2,Category:History of Uganda,0,1,Other,,0
Category:Materials in Uganda,3,Category:Products of Uganda,0,1,Other,,0
Category:Mausoleums in Uganda,3,Category:Monuments and memorials in Uganda,0,2,Other,,0
Category:May 2025 in Uganda,4,Category:2025 in Uganda,0,1,History,,1
Category:May in Uganda,3,Category:Months in Uganda,0,1,Other,,0
Category:May in Uganda by year,4,Category:Categories of Uganda by year,0,15,Other,,1
Category:McDonnell Douglas aircraft in Uganda,4,Category:Aircraft in Uganda by manufacturer,0,2,Other,,1
Category:Medical buildings in Kampala,3,Category:Health in Kampala,0,2,Buildings,,0
Category:Melee weapons of Uganda,3,Category:Weapons of Uganda,0,1,Other,,0
Category:Members of the 10th Parliament of Uganda,3,Category:Politicians of Uganda,0,0,Government,,0
Category:Men of Uganda by age,3,Category:Demographics of Uganda,0,1,People,,0
Category:Men of Uganda by century,4,Category:Men of Uganda,0,2,People,,1
Category:Men of Uganda by decade,4,Category:Categories of Uganda by decade,0,2,People,,1
Category:Men of Uganda by name,3,Category:Categories of Uganda by name,0,214,People,,0
Category:Men of Uganda by occupation,3,Category:People of Uganda by occupation,0,7,People,,0
Category:Men of Uganda by year,4,Category:Categories of Uganda by year,0,4,People,,1
Category:Middle-aged people of Uganda,2,Category:Uganda by topic,0,1,People,,0
Category:Middle-aged women of Uganda,3,Category:Middle-aged people of Uganda,0,1,People,,0
Category:Middle-aged women of Uganda by year,4,Category:Middle-aged women of Uganda,0,3,People,,1
Category:Mil helicopters of the Uganda Air Force,4,Category:Aircraft in Ugandan military service,0,2,Other,,1
Category:Military attachés from Uganda,4,Category:Military people of Uganda,0,1,Government,,1
Category:Military coats of arms and insignia of Uganda,4,Category:Military symbols of Uganda,0,0,Government,,1
Category:Military coats of arms of Uganda,4,Category:Coats of arms of Uganda,0,0,Government,,1
Category:Military heraldry of Uganda,4,Category:Military symbols of Uganda,0,3,Government,,1
Category:Military rank insignia of Uganda,4,Category:Rank insignia of Uganda,0,4,Government,,1
Category:Military symbols of Uganda,3,Category:Military of Uganda,0,3,Government,,0
Category:Military units and formations of Uganda,3,Category:Military of Uganda,0,2,Government,,0
Category:Mills in Uganda,4,Category:Industry buildings in Uganda,0,1,Other,,1
Category:Minarets in Uganda,3,Category:Architectural elements in Uganda,0,1,Other,,0
Category:Minarets in Uganda by mosque,4,Category:Minarets in Uganda,0,1,Other,,1
Category:Ministers of Foreign Affairs of Uganda,3,Category:International relations of Uganda,0,4,Other,,0
Category:Miss Uganda 2008,4,Category:2008 in Uganda,0,2,Other,,1
Category:Monarchs of Buganda,4,Category:Monarchs of Uganda,0,5,Other,,1
Category:Montages of cities in Uganda,4,Category:Montages of Uganda,0,1,Geography,,1
Category:Months in Uganda,2,Category:History of Uganda,0,15,Other,,0
Category:Monuments and memorials in Uganda by type,3,Category:Monuments and memorials in Uganda,0,3,Buildings,,0
Category:Mopeds in Uganda,4,Category:Vehicles in Uganda by type,0,1,Other,,1
Category:Mosque elements in Uganda,3,Category:Architectural elements in Uganda,0,5,Other,,0
Category:Mosque gates in Uganda,4,Category:Gates in Uganda,0,1,Other,,1
Category:Mosques in Uganda by year of photographing,4,Category:Religion in Uganda by year,0,12,Culture,,1
Category:Mossad activities in Uganda,3,Category:Espionage in Uganda,0,1,Other,,0
Category:Motorcycle taxis in Uganda,4,Category:Taxis in Uganda,0,1,Other,,1
Category:Mountain huts in Uganda,2,Category:Activities in Uganda,0,1,Geography,,0
Category:Mountain morphology of Uganda,3,Category:Geomorphology of Uganda,0,6,Geography,,0
Category:Muljibhai Madhvani,4,Category:Businessmen from Uganda,0,1,Other,,1
Category:Murder in Uganda,3,Category:Death in Uganda,0,1,Other,,0
Category:Muslims from Uganda,3,Category:People of Uganda by religion,0,3,Other,,0
Category:Naabagereka,4,Category:Government of Buganda,0,1,Other,,1
"Category:National Cultural Sites in Eastern Region, Uganda",2,Category:Cultural heritage of Uganda,0,37,Culture,,0
"Category:National Cultural Sites in Western Region, Uganda",2,Category:Cultural heritage of Uganda,0,32,Culture,,0
Category:National sports teams of Uganda,3,Category:Sports in Uganda,0,7,Sports,,0
Category:National symbols of Uganda,3,Category:Symbols of Uganda,0,2,Other,,0
Category:Natural disasters in Uganda,3,Category:Disasters and accidents in Uganda,0,2,Other,,0
Category:Natural hazards in Uganda,3,Category:Nature of Uganda,0,2,Other,,0
Category:Natural sciences in Uganda,2,Category:Uganda by topic,0,4,Other,,0
Category:Non-profit organizations based in Uganda,2,Category:Organizations of Uganda,0,3,Other,,0
Category:November in Uganda,3,Category:Months in Uganda,0,1,Other,,0
Category:November in Uganda by year,4,Category:Categories of Uganda by year,0,16,Other,,1
Category:Numbers in Uganda,3,Category:Mathematics in Uganda,0,2,Other,,0
Category:Numbers in Uganda by number,3,Category:Categories of Uganda by number,0,1,Other,,0
Category:Objects in Uganda by material,3,Category:Objects in Uganda,0,1,Other,,0
Category:Objects in Uganda by material by type,4,Category:Objects in Uganda by material,0,1,Other,,1
Category:Objects in Uganda by type,3,Category:Objects in Uganda,0,1,Other,,0
Category:Objects of Uganda,1,Category:Uganda,0,4,Other,,0
Category:October in Uganda,3,Category:Months in Uganda,0,1,Other,,0
Category:October in Uganda by year,4,Category:Categories of Uganda by year,0,14,Other,,1
Category:Old men of Uganda,2,Category:Uganda by topic,0,3,People,,0
Category:Old men of Uganda by century,3,Category:Old men of Uganda,0,1,People,,0
Category:Old men of Uganda by decade,3,Category:Old men of Uganda,0,1,People,,0
Category:Old men of Uganda by year,3,Category:Old men of Uganda,0,1,People,,0
Category:Old men of Uganda in the 2020s,4,Category:Old men of Uganda by decade,0,1,People,,1
Category:Old people of Uganda,2,Category:Uganda by topic,0,2,People,,0
Category:Oligocene volcanoes in Uganda,4,Category:Volcanoes in Uganda,0,1,Other,,1
Category:Olympic medalists for Uganda by year,4,Category:Categories of Uganda by year,0,2,Sports,,1
Category:Olympic sportspeople from Uganda,4,Category:Sportspeople from Uganda,0,3,Sports,,1
Category:Orange impressions in Uganda,3,Category:Impressions in Uganda by color,0,3,Other,,0
"Category:Orders, decorations, and medals of Uganda",3,Category:Awards of Uganda,0,0,Other,,0
Category:Organisms in Uganda,2,Category:Uganda by topic,0,2,Other,,0
Category:Organisms of Uganda by quantity,3,Category:Categories of Uganda by quantity,0,1,Other,,0
Category:Organizations of Uganda by type,2,Category:Organizations of Uganda,0,2,Other,,0
Category:Outdoor sports in Uganda,4,Category:Sports in Uganda by sport,0,3,Sports,,1
Category:Painters from Uganda by name,3,Category:Categories of Uganda by name,0,1,Other,,0
Category:Paintings from Uganda,4,Category:Art from Uganda,0,1,Other,,1
Category:Parking facilities in Uganda,4,Category:Transport infrastructure in Uganda,0,1,Other,,1
Category:Pearl of Africa Tourism Expo,3,Category:Wiki Loves Earth in Uganda,0,2,Economy,,0
Category:People of Arua,4,Category:People of Uganda by city,0,1,People,,1
Category:People of Entebbe,4,Category:People of Uganda by city,0,2,People,,1
"Category:People of Kitgum, Uganda",4,Category:People of Uganda by city,0,1,People,,1
Category:People of Koboko,4,Category:People of Uganda by city,0,1,People,,1
"Category:People of Lira, Uganda",4,Category:People of Uganda by city,0,1,People,,1
"Category:People of Mityana, Uganda",4,Category:People of Uganda by city,0,1,People,,1
"Category:People of Tororo, Uganda",4,Category:People of Uganda by city,0,1,People,,1
Category:People of Uganda by age,3,Category:Demographics of Uganda,0,2,People,,0
Category:People of Uganda by century,4,Category:Categories of Uganda by century,0,4,People,,1
Category:People of Uganda by city,3,Category:Categories of Uganda by city,0,13,People,,0
Category:People of Uganda by date,3,Category:Categories of Uganda by date,0,3,People,,0
Category:People of Uganda by decade,4,Category:Categories of Uganda by decade,0,5,People,,1
Category:People of Uganda by name,3,Category:Categories of Uganda by name,0,7,People,,0
Category:People of Uganda by occupation,2,Category:Categories of Uganda,0,48,People,,0
Category:People of Uganda by quantity,4,Category:Groups of people in Uganda,0,1,People,,1
Category:People of Uganda by religion,2,Category:Categories of Uganda,0,2,People,,0
Category:People of Uganda by year,3,Category:Uganda by year,0,16,People,,0
Category:People of Uganda by year by name,4,Category:People of Uganda by name,0,2,People,,1
Category:People of Uganda in the 2020s,4,Category:Uganda in the 2020s,0,6,People,,1
Category:People of Ugandan by ethnic or national origin,3,Category:Ethnic groups in Uganda,0,1,People,,0
Category:Performing artists from Uganda,3,Category:Entertainment in Uganda,0,3,People,,0
Category:Permanent Representatives of Uganda to the United Nations in Vienna,4,Category:Ambassadors of Uganda,0,1,Other,,1
Category:Personal flags of Uganda,4,Category:Flags of Uganda,0,1,Other,,1
Category:Petrology of Uganda,3,Category:Geology of Uganda,0,3,Other,,0
Category:Photographs by photographer from Uganda,4,Category:Photographers from Uganda,0,1,Other,,1
Category:Photographs of Uganda,3,Category:Images of Uganda,0,10,Other,,0
Category:Photographs of Uganda by century,4,Category:Categories of Uganda by century,0,2,Other,,1
Category:Photographs of Uganda by date,4,Category:Works in Uganda by date,0,573,Other,,1
Category:Photographs of Uganda by decade,4,Category:Categories of Uganda by decade,0,7,Other,,1
Category:Photographs of Uganda from Mapillary,4,Category:Photographs of Uganda,0,1,Other,,1
Category:Photographs of flags in Uganda,4,Category:Photographs of Uganda,0,3,Other,,1
Category:Photographs of flags of Uganda by country,4,Category:Photographs of flags of Uganda,0,2,Other,,1
Category:Physical geography maps of Uganda,2,Category:Geography of Uganda,0,1,Geography,,0
Category:Pictographs in Uganda,3,Category:Rock art in Uganda,0,0,Other,,0
Category:Pink impressions in Uganda,3,Category:Impressions in Uganda by color,0,2,Other,,0
Category:Plantain dishes of Uganda,4,Category:Cuisine of Uganda,0,1,Other,,1
Category:Plants of Uganda by order,2,Category:Categories of Uganda,0,19,Environment,,0
Category:Plants of Uganda by taxon,2,Category:Categories of Uganda,0,3,Environment,,0
Category:Plaques in Uganda by language,4,Category:Inscriptions in Uganda by language,0,2,Other,,1
Category:Plaques in Uganda by year,3,Category:Uganda by year,0,8,Other,,0
Category:Pole weapons of Uganda,4,Category:Melee weapons of Uganda,0,1,Other,,1
Category:Polish inscriptions in Uganda,4,Category:Polish diaspora in Uganda,0,1,Other,,1
Category:Political ideologies in Uganda,2,Category:Politics of Uganda,0,1,Government,,0
Category:Political organizations of Uganda,2,Category:Politics of Uganda,0,2,Government,,0
Category:Political parties in Uganda,2,Category:Politics of Uganda,0,6,Government,,0
Category:Politics of Uganda by year,2,Category:Politics of Uganda,0,1,Government,,0
Category:Populated places in Uganda,3,Category:Political geography of Uganda,0,14,Other,,0
Category:Posters of Uganda,3,Category:Communication in Uganda,0,1,Other,,0
Category:Presidents of the United States in Uganda,3,Category:People in Uganda,0,1,Other,,0
Category:Professional wrestling in Uganda,3,Category:Entertainment in Uganda,0,1,Other,,0
Category:Public administration in Uganda,3,Category:Political organizations of Uganda,0,1,Other,,0
Category:Public buildings in Uganda,3,Category:Buildings in Uganda by function,0,1,Buildings,,0
Category:Purple impressions in Uganda,3,Category:Impressions in Uganda by color,0,1,Other,,0
Category:Pyroclastic rocks in Uganda,4,Category:Volcanism of Uganda,0,1,Other,,1
Category:Quality images from Wiki Loves Earth in Tanzania,4,Category:Images from Wiki Loves Earth in Uganda,0,1,Other,Wiki Loves Earth,1
Category:Quality images from Wiki Loves Earth in Uganda,4,Category:Quality images of nature in Uganda,0,2,Other,Wiki Loves Earth,1
Category:Quality images of Uganda,3,Category:Images of Uganda,0,2,Other,,0
Category:Quality images of Uganda by subject,4,Category:Quality images of Uganda,0,1,Other,,1
Category:Quality images of Uganda by user,4,Category:Images of Uganda by user,0,1,Other,,1
Category:Radar images of Uganda,3,Category:Satellite pictures of Uganda,0,2,Other,,0
Category:Radio of Uganda,2,Category:Culture of Uganda,0,2,Other,,0
Category:Rail transport in Uganda by century,4,Category:History of rail transport in Uganda,0,1,Buildings,,1
Category:Rail transport in Uganda by decade,3,Category:Rail transport in Uganda,0,1,Buildings,,0
Category:Rail transport in Uganda by year,4,Category:History of rail transport in Uganda,0,1,Buildings,,1
Category:Rail transport in Uganda in the 2000s,4,Category:Rail transport in Uganda by decade,0,1,Buildings,,1
Category:Rail transport in Uganda in the 21st century,4,Category:History of rail transport in Uganda,0,1,Buildings,,1
Category:Rail transport infrastructure in Uganda,3,Category:Rail transport in Uganda,0,1,Buildings,,0
Category:Rail vehicles of Uganda,3,Category:Rail transport in Uganda,0,2,Other,,0
Category:Railway lines in Uganda,4,Category:Rail transport infrastructure in Uganda,0,1,Buildings,,1
Category:Rebellions in Uganda,2,Category:History of Uganda,0,1,Other,,0
Category:Recoilless rifles of Uganda,3,Category:Weapons of Uganda,0,1,Other,,0
Category:Regions of Uganda,2,Category:Geography of Uganda,0,5,Geography,,0
Category:Relations of Belgium and Uganda,4,Category:Bilateral relations of Uganda,0,2,Other,,1
Category:Relations of Ethiopia and Uganda,4,Category:Bilateral relations of Uganda,0,2,Other,,1
Category:Relations of Ghana and Uganda,4,Category:Bilateral relations of Uganda,0,1,Other,,1
Category:Relations of Jordan and Uganda,4,Category:Bilateral relations of Uganda,0,1,Other,,1
Category:Relations of Luxembourg and Uganda,4,Category:Bilateral relations of Uganda,0,1,Other,,1
Category:Relations of Poland and Uganda,4,Category:Bilateral relations of Uganda,0,2,Other,,1
Category:Relations of South Africa and Uganda,4,Category:Bilateral relations of Uganda,0,3,Other,,1
Category:Relations of Sweden and Uganda,4,Category:Bilateral relations of Uganda,0,2,Other,,1
Category:Relations of Uganda and Ukraine,4,Category:Bilateral relations of Uganda,0,2,Other,,1
Category:Religion in Arua,4,Category:Religion in Uganda by city,0,2,Culture,,1
Category:Religion in Gulu,4,Category:Religion in Uganda by city,0,2,Culture,,1
Category:Religion in Kampala,3,Category:Culture of Kampala,0,2,Culture,,0
Category:Religion in Masaka,4,Category:Religion in Uganda by city,0,2,Culture,,1
Category:Religion in Mbale,4,Category:Religion in Uganda by city,0,1,Culture,,1
Category:Religion in Mbarara,4,Category:Religion in Uganda by city,0,1,Culture,,1
Category:Religion in Uganda by city,3,Category:Categories of Uganda by city,0,6,Culture,,0
Category:Religion in Uganda by year,3,Category:Uganda by year by topic,0,13,Culture,,0
Category:Religious buildings in Arua,4,Category:Religious buildings in Uganda by city,0,1,Buildings,,1
Category:Religious buildings in Uganda by city,3,Category:Categories of Uganda by city,0,5,Buildings,,0
Category:Religious personalities from Uganda,3,Category:People of Uganda by occupation,0,1,Other,,0
Category:Renewable energy in Uganda,2,Category:Uganda by topic,0,3,Other,,0
Category:Reptiles of Uganda,4,Category:Animals of Uganda,0,5,Other,,1
Category:Research in Uganda,2,Category:Uganda by topic,0,1,Other,,0
Category:Research institutes in Uganda,2,Category:Uganda by topic,0,3,Other,,0
Category:Researchers from Uganda,3,Category:People of Uganda by occupation,0,1,Other,,0
Category:Rivers of Uganda or stretches of rivers by type,3,Category:Bodies of water in Uganda,0,5,Geography,,0
Category:Road transport infrastructure in Uganda,4,Category:Transport infrastructure in Uganda,0,3,Buildings,,1
Category:Roads and streets named after Uganda,4,Category:Things named after Uganda,0,1,Buildings,,1
Category:Rock shelters in Uganda,4,Category:Rock formations in Uganda,0,1,Other,,1
Category:Roundels of Uganda,3,Category:Military of Uganda,0,2,Other,,0
Category:Rugby sevens in Uganda,4,Category:Sports in Uganda by sport,0,2,Sports,,1
Category:Running in Uganda,4,Category:Sports in Uganda by sport,0,0,Other,,1
Category:SA Alliance Air,4,Category:Defunct airlines of Uganda,0,1,Other,,1
Category:SVG ensigns of Uganda,4,Category:SVG flags of Uganda,0,1,Other,,1
Category:SVG military of Uganda,4,Category:SVG of Uganda,0,2,Government,,1
Category:SVG of Uganda,3,Category:Images of Uganda,0,4,Other,,0
Category:Safety in Uganda,3,Category:Security in Uganda,0,2,Other,,0
Category:Saints of Uganda,3,Category:People of Uganda,0,1,Other,,0
Category:Sapindales in Uganda,3,Category:Plants of Uganda by order,0,1,Other,,0
Category:Scholars from Uganda,2,Category:Uganda by topic,0,1,Other,,0
Category:Schools in Uganda by type,3,Category:Schools in Uganda,0,2,Buildings,,0
Category:Scientific disciplines in Uganda,2,Category:Uganda by topic,0,2,Other,,0
Category:Scientific journals of Uganda,2,Category:Uganda by topic,0,2,Other,,0
Category:Scientific journals of Uganda by year,3,Category:Scientific journals of Uganda,0,3,Other,,0
"Category:Scientific journals of Uganda, 1934",4,Category:Scientific journals of Uganda by year,0,1,Other,,1
"Category:Scientific journals of Uganda, 1935",4,Category:Scientific journals of Uganda by year,0,1,Other,,1
"Category:Scientific journals of Uganda, 1936",4,Category:Scientific journals of Uganda by year,0,1,Other,,1
Category:Scouting in Uganda,2,Category:Education in Uganda,0,1,Other,,0
Category:Screenwriters from Uganda,3,Category:People of Uganda by occupation,0,1,Other,,0
Category:Seafood dishes of Uganda,4,Category:Cuisine of Uganda,0,1,Other,,1
Category:Seafood of Uganda,3,Category:Food of Uganda,0,2,Other,,0
Category:Seasons in Uganda,3,Category:Weather and climate of Uganda,0,4,Other,,0
Category:Sectors of Bwindi Impenetrable National Park,4,Category:Bwindi Impenetrable National Park,0,3,Environment,,1
Category:Sedimentology of Uganda,3,Category:Earth sciences in Uganda,0,2,Other,,0
Category:Sediments in Uganda,4,Category:Sedimentology of Uganda,0,3,Other,,1
Category:September in Uganda,3,Category:Months in Uganda,0,1,Other,,0
Category:September in Uganda by year,4,Category:Categories of Uganda by year,0,17,Other,,1
Category:Shekhar Mehta,4,Category:Men of Uganda by name,0,2,Other,,1
Category:Ships named after Uganda,4,Category:Things named after Uganda,0,3,Other,,1
Category:Ships of Uganda,4,Category:Water transport in Uganda,0,2,Other,,1
Category:Shiv Air,3,Category:Airlines of Uganda,0,1,Other,,0
Category:Shops in Uganda by type,4,Category:Shops in Uganda,0,4,Other,,1
Category:Signs in Uganda by language,4,Category:Inscriptions in Uganda by language,0,2,Other,,1
Category:Sky over Uganda by colour,3,Category:Categories of Uganda by color,0,3,Other,,0
Category:Skyscapes of Uganda,2,Category:Views of Uganda,0,1,Other,,0
Category:Slope landforms in Uganda,3,Category:Landforms of Uganda,0,3,Other,,0
Category:Social problems of Uganda,2,Category:Society of Uganda,0,6,Other,,0
Category:Speleothems in Uganda,3,Category:Geology of Uganda,0,2,Other,,0
Category:Sports clubs in Uganda,4,Category:Football in Uganda,0,1,Sports,,1
Category:Sports events in Uganda,3,Category:Events in Uganda,0,1,Sports,,0
Category:Sports in Buganda,3,Category:Buganda,0,8,Sports,,0
Category:Sports teams of Uganda,3,Category:Sports in Uganda,0,0,Sports,,0
Category:Sportspeople from Uganda by name,3,Category:Categories of Uganda by name,0,5,Other,,0
Category:Sportspeople from Uganda by sport,4,Category:Sportspeople from Uganda,0,9,Sports,,1
Category:Spring in Uganda,4,Category:Seasons in Uganda,0,2,Other,,1
Category:Stamps of Uganda by year,4,Category:Categories of Uganda by year,0,16,Other,,1
Category:Storage furniture in Uganda,4,Category:Furniture in Uganda,0,1,Other,,1
Category:Stratigraphy of Uganda,3,Category:Geology of Uganda,0,6,Other,,0
Category:Stream beds in Uganda,4,Category:Fluvial landforms in Uganda,0,1,Other,,1
Category:Street culture of Uganda,2,Category:Culture of Uganda,0,2,Culture,,0
Category:Structural geology of Uganda,3,Category:Geology of Uganda,0,4,Other,,0
Category:Structures in Uganda by function,4,Category:Structures in Uganda,0,6,Buildings,,1
Category:Subdivisions of Uganda,3,Category:Political geography of Uganda,0,7,Other,,0
Category:Summer in Uganda,4,Category:Seasons in Uganda,0,6,Other,,1
Category:Sunrises of Uganda by color,3,Category:Categories of Uganda by color,0,1,Other,,0
Category:Sunsets of Uganda by color,3,Category:Categories of Uganda by color,0,7,Other,,0
Category:Swahili words and phrases,4,Category:Swahili language,0,1,Other,,1
Category:Symbols of religion in Uganda,3,Category:Religion in Uganda,0,1,Culture,,0
Category:Table tennis in Uganda,4,Category:Sports in Uganda by sport,0,1,Other,,1
Category:Tanks of Uganda,4,Category:Armored fighting vehicles of Uganda,0,1,Other,,1
Category:Television personalities from Uganda,3,Category:Television of Uganda,0,1,Other,,0
Category:Templates related to Uganda,1,Category:Uganda,0,2,Other,,0
Category:Temples in Uganda,3,Category:Buildings in Uganda by function,0,2,Other,,0
Category:The Uganda Journal,3,Category:Scientific journals of Uganda,0,3,Other,,0
Category:Things named after Uganda,3,Category:Symbols of Uganda,0,3,Other,,0
Category:Three-wheeled vehicles in Uganda,3,Category:Vehicles in Uganda,0,1,Other,,0
Category:Tilted strata in Uganda,4,Category:Stratigraphy of Uganda,0,1,Other,,1
Category:Time in Uganda,1,Category:Uganda,0,2,Other,,0
Category:Topography of Uganda,2,Category:Geography of Uganda,0,3,Other,,0
Category:Transgender women of Uganda,4,Category:Women of Uganda,0,1,People,,1
Category:Transport buildings in Uganda,3,Category:Buildings in Uganda by function,0,3,Buildings,,0
Category:Transport in Uganda by century,3,Category:Transport in Uganda,0,1,Buildings,,0
Category:Transport in Uganda by city,3,Category:Transport in Uganda,0,2,Buildings,,0
Category:Transport in Uganda by decade,3,Category:Transport in Uganda,0,2,Buildings,,0
Category:Transport in Uganda by year,3,Category:Transport in Uganda,0,3,Buildings,,0
Category:Transport in Uganda in the 2000s,4,Category:Transport in Uganda by decade,0,2,Buildings,,1
Category:Transport in Uganda in the 21st century,4,Category:Transport in Uganda by century,0,1,Buildings,,1
Category:Transport industry of Uganda,3,Category:Industry in Uganda,0,1,Buildings,,0
Category:Transport infrastructure in Uganda,3,Category:Infrastructure in Uganda,0,6,Buildings,,0
Category:Transport safety in Uganda,4,Category:Safety in Uganda,0,1,Buildings,,1
Category:Treaties with Uganda as a party,3,Category:International relations of Uganda,0,2,Other,,0
Category:Uganda Air Cargo,3,Category:Airlines of Uganda,0,1,Other,,0
Category:Uganda Airlines,3,Category:Airlines of Uganda,0,2,Other,,0
Category:Uganda Airlines (1976-2001),4,Category:Defunct airlines of Uganda,0,1,Other,,1
Category:Uganda Martyrs Church Namugongo,3,"Category:National Cultural Sites in Central Region, Uganda",0,0,Other,,0
Category:Uganda at multi-sport events,4,Category:National sports teams of Uganda,0,5,Sports,,1
Category:Uganda at the Paralympic Games,4,Category:Disabled sports in Uganda,0,1,Other,,1
Category:Uganda by century,2,Category:Categories of Uganda,0,8,Other,,0
Category:Uganda by date,2,Category:History of Uganda,0,1,Other,,0
Category:Uganda by decade,2,Category:Categories of Uganda,0,18,Other,,0
Category:Uganda by media type,1,Category:Uganda,0,5,Other,,0
Category:Uganda by month by year,3,Category:Uganda by year,0,24,Other,,0
Category:Uganda by topic,1,Category:Uganda,0,103,Other,,0
Category:Uganda by year,2,Category:Categories of Uganda,0,88,Other,,0
Category:Uganda by year by month,3,Category:Uganda by year,0,12,Other,,0
Category:Uganda by year by topic,2,Category:Uganda by topic,0,2,Other,,0
Category:Uganda in World War II,2,Category:History of Uganda,0,1,Other,,0
Category:Uganda in the 1970s,3,Category:Uganda by decade,0,9,Other,,0
Category:Uganda in the Russo-Ukrainian War,2,Category:History of Uganda,0,1,Other,,0
Category:Uganda national basketball team,4,Category:National sports teams of Uganda,0,1,Sports,,1
Category:Uganda on stamps,3,Category:Uganda in art,0,2,Other,,0
Category:Ugandan FOP cases,2,Category:Copyright rules of Uganda,0,3,Other,,0
Category:Ugandan FOP cases/deleted,3,Category:Ugandan FOP cases,0,0,Other,,0
Category:Ugandan FOP cases/kept,3,Category:Ugandan FOP cases,0,0,Other,,0
Category:Ugandan FOP cases/pending,3,Category:Ugandan FOP cases,0,0,Other,,0
Category:Ugandan people of Asian descent,4,Category:People of Ugandan by ethnic or national origin,0,2,People,,1
Category:Unidentified people of Uganda,2,Category:Unidentified subjects in Uganda,0,2,People,,0
Category:Valley morphology of Uganda,3,Category:Geomorphology of Uganda,0,5,Other,,0
Category:Vehicles in Uganda by brand,3,Category:Vehicles in Uganda,0,5,Other,,0
Category:Vehicles in Uganda by type,3,Category:Vehicles in Uganda,0,6,Other,,0
Category:Vernacular architecture of Uganda,3,Category:Architecture of Uganda,0,1,Buildings,,0
Category:Vickers aircraft in Uganda,4,Category:Aircraft in Uganda by manufacturer,0,2,Other,,1
Category:Videos from Uganda by year,3,Category:Videos from Uganda,0,2,Other,,0
Category:Videos from Wiki Loves Sport 2026 in Uganda,4,Category:Wiki Loves Sport 2026 in Uganda,0,0,Sports,,1
Category:Videos of 2024 from Uganda,4,Category:Videos from Uganda by year,0,1,Other,,1
Category:Violence in Uganda,3,Category:Social problems of Uganda,0,3,Other,,0
Category:Violet impressions in Uganda,3,Category:Impressions in Uganda by color,0,1,Other,,0
Category:Visitor attractions in Uganda,2,Category:Culture of Uganda,0,8,Other,,0
Category:Volcanic lakes of Uganda,4,Category:Lakes of Uganda,0,1,Geography,,1
Category:WCUGU Annual general meetings,3,Category:Wikimedia Community User Group Uganda,0,2,Other,,0
Category:WIKIGAP Uganda 2023,3,Category:2023 Wikimedia movement in Uganda,0,1,Other,,0
Category:Warning signs in Uganda,4,Category:Signs in Uganda,0,1,Other,,1
Category:Wars involving Uganda,1,Category:Uganda,0,1,Other,,0
Category:Water transport infrastructure in Uganda,4,Category:Transport infrastructure in Uganda,0,1,Buildings,,1
Category:Watercraft in Uganda,3,Category:Vehicles in Uganda,0,2,Other,,0
Category:Weapons of Uganda,2,Category:Uganda by topic,0,2,Other,,0
Category:Weddings in Uganda,3,Category:Marriage in Uganda,0,2,Other,,0
Category:Weightlifting in Uganda,4,Category:Sports in Uganda by sport,0,1,Other,,1
Category:White Nile Falls,4,Category:Waterfalls in Uganda,0,5,Other,,1
Category:Wiki Clubs in Uganda,3,Category:Wikimedia Community User Group Uganda,0,1,Other,,0
Category:Wiki Loves Africa 2014 in Uganda,4,Category:2014 in Uganda,0,1,History,Wiki Loves Africa,1
Category:Wiki Loves Africa 2015 in Uganda,4,Category:2015 in Uganda,0,1,History,Wiki Loves Africa,1
Category:Wiki Loves Africa 2016 in Uganda,4,Category:2016 in Uganda,0,1,History,Wiki Loves Africa,1
Category:Wiki Loves Africa 2017 in Uganda,4,Category:2017 in Uganda,0,3,History,Wiki Loves Africa,1
Category:Wiki Loves Africa 2019 in Uganda,3,Category:2019 Wikimedia movement in Uganda,0,1,History,Wiki Loves Africa,0
Category:Wiki Loves Africa 2022 in Uganda,3,Category:2022 Wikimedia movement in Uganda,0,1,History,Wiki Loves Africa,0
Category:Wiki Loves Africa 2025 in Uganda,3,Category:2025 Wikimedia movement in Uganda,0,3,History,Wiki Loves Africa,0
Category:Wiki Loves Earth 2020 in Uganda,3,Category:2020 Wikimedia movement in Uganda,0,1,History,Wiki Loves Earth,0
Category:Wiki Loves Earth 2021 in Uganda,3,Category:2021 Wikimedia movement in Uganda,0,1,History,Wiki Loves Earth,0
Category:Wiki Loves Earth 2022 in Uganda,3,Category:2022 Wikimedia movement in Uganda,0,1,History,Wiki Loves Earth,0
Category:Wiki Loves Earth 2025 in Uganda,3,Category:2025 Wikimedia movement in Uganda,0,2,History,Wiki Loves Earth,0
Category:Wiki Loves Earth 2026 in Uganda,3,Category:2026 Wikimedia movement in Uganda,0,2,History,Wiki Loves Earth,0
Category:Wiki Loves Earth in Uganda,2,Category:Wikimedia movement in Uganda,0,10,Other,Wiki Loves Earth,0
Category:Wiki Loves Folklore 2024 in Uganda,3,Category:Folklore of Uganda,0,2,Culture,Wiki Loves Folklore,0
Category:Wiki Loves Folklore 2025 in Uganda,3,Category:Folklore of Uganda,0,3,Culture,Wiki Loves Folklore,0
Category:Wiki Loves Folklore 2026 in Uganda,3,Category:Folklore of Uganda,0,3,Culture,Wiki Loves Folklore,0
Category:Wiki Loves Monuments 2017 in Uganda,3,Category:Wiki Loves Monuments in Uganda,0,1,Buildings,Wiki Loves Monuments,0
Category:Wiki Loves Monuments 2018 in Uganda,3,Category:2018 Wikimedia movement in Uganda,0,1,Buildings,Wiki Loves Monuments,0
Category:Wiki Loves Monuments 2020 in Uganda,3,Category:2020 Wikimedia movement in Uganda,0,1,Buildings,Wiki Loves Monuments,0
Category:Wiki Loves Monuments 2022 in Uganda,3,Category:2022 Wikimedia movement in Uganda,0,1,Buildings,Wiki Loves Monuments,0
Category:Wiki Loves Monuments 2023 in Uganda,3,Category:2023 Wikimedia movement in Uganda,0,1,Buildings,Wiki Loves Monuments,0
Category:Wiki Loves Monuments in Uganda,2,Category:Wikimedia movement in Uganda,0,10,Buildings,Wiki Loves Monuments,0
Category:Wiki University Clubs Uganda,4,Category:Wiki Clubs in Uganda,0,1,Other,,1
Category:Wiki for Refugees Events in Uganda,3,Category:Wikimedia Community User Group Uganda,0,5,Wikimedia community,,0
Category:WikiForHumanRights 2023 in Uganda,3,Category:2023 Wikimedia movement in Uganda,0,0,History,,0
Category:WikiForHumanRights 2024 in Uganda,3,Category:2024 Wikimedia movement in Uganda,0,2,History,,0
Category:WikiGap 2026 in Uganda,3,Category:WikiGap in Uganda,0,1,History,,0
Category:Wikidata Birthdays in Uganda,3,Category:Wikimedia Community User Group Uganda,0,1,Other,,0
Category:Wikimedia events in Uganda,2,Category:Wikimedia movement in Uganda,0,5,Wikimedia community,,0
Category:Wikipedia Pages Wanting Photos in Uganda,3,Category:Wikimedia Community User Group Uganda,0,1,Other,,0
Category:Winter in Uganda,4,Category:Seasons in Uganda,0,5,Other,,1
Category:Women of Uganda by age,4,Category:People of Uganda by age,0,2,People,,1
Category:Women of Uganda by century,4,Category:Categories of Uganda by century,0,2,People,,1
Category:Women of Uganda by decade,4,Category:Categories of Uganda by decade,0,2,People,,1
Category:Women of Uganda by name,3,Category:Categories of Uganda by name,0,160,People,,0
Category:Women of Uganda by occupation,3,Category:People of Uganda by occupation,0,11,People,,0
Category:Women of Uganda by year,4,Category:Categories of Uganda by year,0,9,People,,1
Category:Women of Uganda by year by name,4,Category:Women of Uganda by name,0,1,People,,1
Category:Works in Uganda,2,Category:Uganda by topic,0,3,Other,,0
Category:Works in Uganda by century,3,Category:Uganda by century,0,2,Other,,0
Category:Works in Uganda by date,3,Category:Works in Uganda,0,4,Other,,0
Category:Works in Uganda by millennium,4,Category:Works in Uganda by date,0,2,Other,,1
Category:Works in Uganda by year,4,Category:Works in Uganda by date,0,29,Other,,1
Category:Works-by-decade templates for Uganda,4,Category:Category navigational templates for Uganda by decade,0,0,Other,,1
Category:Works-by-year templates for Uganda,4,Category:Category navigational templates for Uganda by year,0,0,Other,,1
Category:World Heritage Sites in Uganda,2,Category:Culture of Uganda,0,4,History,,0
Category:World War I memorials in Uganda,3,Category:Monuments and memorials in Uganda,0,0,Other,,0
Category:World War II monuments in Uganda,3,Category:Monuments and memorials in Uganda,0,1,Buildings,,0
Category:World War II veterans monument in Uganda,3,Category:Monuments and memorials in Uganda,0,1,Buildings,,0
Category:Writers from Uganda by genre,4,Category:Writers from Uganda,0,1,People,,1
Category:Young adults of Uganda,2,Category:Uganda by topic,0,1,Other,,0
Category:Young women of Uganda,2,Category:Uganda by topic,0,1,People,,0
Category:Young women of Uganda by year,3,Category:Young women of Uganda,0,1,People,,0
Category:Young women of Uganda in 2010,4,Category:Young women of Uganda by year,0,1,People,,1
Category:Youth Olympics sportspeople from Uganda,4,Category:Sportspeople from Uganda,0,1,Sports,,1
