qitem,label,latitude,longitude,sitelink_count
Q1002168,Bufuka,-1.2788,29.9349,4
Q1002575,,1.63972222,31.52,1
Q1003143,Bujagali Falls,0.498888888,33.14,9
Q1006,Guinea,10.0,-11.0,301
Q1009,Cameroon,5.133333333,12.65,313
Q1010056,Lake Bunyonyi,-1.283333333,29.916666666,20
Q1015699,Lira,2.248888888,32.9,35
Q1015727,Mbale City,1.0711896,34.1749506,33
Q1028215,Gulu District,2.75,32.0,21
Q1032233,Masaka District,-0.316666666,31.666666666,24
Q1032238,Masindi District,1.68333333,31.73333333,22
Q1032245,Kanungu District,-0.75,29.7,20
Q1036,Uganda,1.28,32.39,312
Q104480466,Metropolitan International University,0.342382,32.541229,4
Q104698321,Terego District,3.2,31.1,5
Q104848604,Mbale–Bulambuli–Siti Medium Voltage Power Line,1.16,34.396666666,1
Q104848631,Mbarara–Nkenda High Voltage Power Line,0.257222222,30.116111111,1
Q104848927,Kasese Municipal Health Centre III,0.207941,30.107571,1
Q104848986,Mirama–Kabale High Voltage Power Line,-1.049722222,30.458055555,1
Q104849238,Mirama–Kikagati–Nsongezi High Voltage Power Line,-1.0425,30.669444444,1
Q104851213,Geographic Centre of Uganda,1.58813,32.71728,1
Q104855939,Kyaliwajjala–Kira–Kasangati–Matugga Road,0.446944444,32.580555555,1
Q104856713,Baratuku refugee settlement,3.13,31.77,1
Q104857551,Mahathi Fuel Transport and Storage Depot,0.123055555,32.569444444,3
Q104859794,Ayilo 2 Refugee Settlement,3.259140253,31.953080036,1
Q104859936,Nexus International University,0.300833333,32.606388888,4
Q104860506,Maaji 2 refugee settlement,3.22,31.65,1
Q104861641,Kikuube,1.332777777,31.2075,1
Q104871978,Uganda Inspectorate of Government Towers,0.319444444,32.590555555,2
Q104872469,Uro Care Hospital,0.353333333,32.535277777,1
Q104875951,Holy Family Hospital Nyapea,2.462222222,30.950555555,1
Q104876451,Pope John's Hospital Aber,2.235,32.387777777,1
Q104876664,Lwala Hospital Kaberamaido,1.859166666,33.278333333,1
Q104878066,Uganda Martyrs' Hospital Ibanda,-0.129722222,30.448611111,1
Q104878305,St. Joseph’s Hospital Maracha,3.238055555,30.921666666,1
Q104880338,Kashenyi–Mitooma Road,-0.613055555,30.083055555,1
Q104903313,Pallisa General Hospital,1.176111111,33.710833333,1
Q105044448,Jezza,0.375,32.268333333,2
Q105605643,Ruharo Mission Hospital,-0.612777777,30.631111111,1
Q105676945,Futsal Association of Uganda,47.381388888,8.574444444,1
Q10589781,Mount Gessi,0.42209,29.91786,1
Q105906039,Kibuli Muslim Tower,0.312222222,32.598333333,1
Q105973250,Bukedi District,1.08,34.175,1
Q106040809,Banyole,0.9252,33.9457,1
Q1060862,Ssese Islands,-0.433333333,32.25,23
Q106178728,Bubulo,0.949684,34.274034,1
Q106179462,Nabumali,0.980502,34.203092,1
Q106540,Rwenzori Mountains,0.385833333,29.871666666,59
Q10661294,Sanga Island,0.191111111,33.325833333,3
Q106778471,Refugee Law Project,0.31653883,32.565070324,4
Q106797105,Entebbe Children's Surgical Hospital,0.083611111,32.457777777,2
Q106867463,Bugiri Sugar Factory,0.55416667,33.79138889,2
Q106936364,Bunyoro Community Historical Museum Associates for Peace,1.5300405,30.9658383,1
Q106936739,Karamoja Regional Museum,2.52126,34.68446,2
Q106936769,Uganda Martyrs Museum,0.3962365,32.6665062,2
Q106936797,Igongo Cultural Centre,-0.521387,30.740659,1
Q106936816,Ham Mukasa Museum,0.36677,32.75643,3
Q106936822,Cultural Research Centre Museum Jinja,0.4339314,33.2048615,2
Q106936881,St. Luke Community Museum,-0.617330555,31.563769444,2
Q106937496,Kigulu Cultural Museum-Iganga,0.59469,33.84185,2
Q106991171,Kabaka's Lake,0.2975,32.561666666,3
Q107210851,Dr. Obote College Boroboro,2.189722222,32.93,1
Q107639593,Busia Water Supply and Sanitation Project,0.243611111,33.988055555,4
Q108289986,East Africa School of Library and Information Science,0.3404186,32.567776142,2
Q108336989,Roke Telkom,0.316388888,32.582222222,1
Q10844841,Adjumani Airport,3.3385,31.769,7
Q10853684,Kampala Airport,0.326111,32.5925,5
Q108607671,Gulu Water Supply and Sanitation Project,2.823333333,32.269166666,4
Q108660876,Moyo Water Supply and Sanitation System,3.625833333,31.731666666,2
Q108661174,Battle of Kabamba,-0.25,31.185,1
Q10874237,ambassador of China to Uganda,0.336792,32.594225,3
Q108899143,Isingiro Water Supply and Sanitation Project,-1.003055555,30.742222222,3
Q108907364,Electricity Regulatory Authority House,0.321666666,32.605,1
Q1091337,Soroti District,1.716666666,33.6,23
Q1091595,Mbarara District,-0.55,30.55,18
Q1097943,Uganda Protectorate,0.05,32.46,23
Q109801897,Pela Commodities,1.773333333,33.6175,2
Q109802110,West Nile campaign,3.4833,31.7,2
Q110223727,East African Medical Vitals,0.333611111,32.709722222,1
Q110588610,St Paul Biharwe High School,-0.5201302,30.723387,1
Q110952961,Hotel Triangle Mbarara,-0.590194444,30.636972222,1
Q111083393,Aga Khan University,0.320651,32.568728,1
Q1111939,Maracha-Terego District,3.23333333,30.93333333,8
Q111208058,,0.43186,33.20271,1
Q1114868,Bulambuli District,1.367,34.15,18
Q1114885,Kibuku District,1.03333333,33.83333333,18
Q1114903,Ngora District,1.5,33.8,18
Q1114915,Namayingo District,0.28333333,33.85,17
Q1114927,Serere District,1.5,33.55,19
Q1114938,Buyende District,1.183,33.167,19
Q1114954,Lwengo District,-0.4,31.41666667,21
Q1114977,Luuka District,0.7,33.3,21
Q111855551,Lake Victoria Serena Golf Resort & Spa,0.207481,32.582968,1
Q111855574,Imperial Botanical Beach Hotel,0.059288,32.47915,1
Q111902048,Mt. Elgon Culture and History Museum,1.066638888,34.1765,1
Q111904369,Buddu Cultural Museum,-0.32078,31.74115,1
Q111904474,Bugungu Heritage and Cultural Information Centre,2.219743,31.562965,1
Q111904516,Madi Community Museum,3.66719,31.78814,2
Q111924939,Uganda Railway Museum,0.447974848,33.202717618,3
Q111944213,Mutundwe–Entebbe High Voltage Power Line,0.257222222,30.116111111,1
Q111946185,The Environmental Conservation Trust of Uganda,0.2454,32.5667,5
Q111947335,Nyamwamba II Hydroelectric Power Station,0.232222222,29.980833333,2
Q111948204,Masaka–Mbarara Water Supply and Sanitation Project,-1.003055555,30.742222222,3
Q111949926,BAR Aviation Uganda,0.044444444,32.443055555,4
Q111967573,Great Lakes Museum,-1.15333,30.12811,1
Q111975540,Royal Mparo Tombs of Bunyoro Kingdom,1.438324948,31.380818691,2
Q111975821,Karambi Tombs of Tooro Kingdom,0.6446,30.2706,1
Q112078133,Uganda Wildlife Conservation Education Center,0.05428,32.4794,3
Q112648868,Rukungiri Water Supply and Sanitation Project,-0.852777777,29.985555555,3
Q113039735,Hoima Specialized Referral Hospital,1.441666666,31.355,1
Q11314449,Sebei,1.31472222,34.54972222,1
Q113499585,Angololo Multipurpose Dam,0.736944444,34.309722222,2
Q113826237,2022 Kasese District landslides,0.183333333,30.083333333,7
Q113840926,She Corporate Football Club,0.32625283,32.615116307,3
Q113993453,Lusalira–Nkonge–Lumegere–Sembabule Road,0.113888888,31.154444444,1
Q114,Kenya,0.1,38.0,336
Q114024566,Nakawuka–Kasanje–Mpigi Road,0.175833333,32.381388888,1
Q114237002,"Statue of Mahtma Ghandi,  Jinja Eastern Uganda",0.421774665,33.197044134,1
Q114243627,Constitutional Square,0.315589652,32.579125826,1
Q114261457,Mugaba Palace,-0.606406306,30.640680327,1
Q114263461,Busega Martyrs Memorial,0.304353256,32.521776477,3
Q114339799,Africa Institute for Energy Governance,0.342,32.5943,2
Q114451721,Karago,0.676944444,30.196666666,1
Q114554350,Fort Lugard,0.316337384,32.567946095,3
Q114740622,Victoria Nile,0.4164,33.1956,2
Q1151062,Kumi District,1.466666666,33.833333333,23
Q1151066,Mukono District,0.0975,32.7599,24
Q115241692,The Uganda Society,0.336181,32.582742,2
Q115802568,Mount Napak,2.078333333,34.303055555,1
Q115812528,1520 AD Biharwe Eclipse Monument,-0.525973,30.739608,2
Q115957901,Kampala stampede,0.273838288,32.565828866,1
Q116153684,source of the Nile,0.416980216,33.195111632,4
Q118121215,Bigodi Wetland Sanctuary,0.407222222,30.406944444,1
Q118188877,,0.393888888,32.480277777,1
Q118210347,Mpunga Ward,0.39596,32.47598,1
Q118211981,Kasangombe,0.3987538,32.4793014,1
Q118212181,Namusera,0.40958,32.46782,1
Q118212934,Battle of Birembo,-0.92,31.16,1
Q118338902,Echuya Forest reserve,-1.221666666,29.62,2
Q118342303,Kagombe Central Forest Reserve,0.8414753,30.6674552,1
Q118342361,Bujawe Central Forest Reserve,1.531738888,31.197280555,1
Q118347517,North Rwenzori Central Forest Reserve,0.81,30.213,1
Q118347595,Guramwa Central Forest Reserve,0.968,31.349,1
Q118382781,Wambabya Central Forest Reserve,1.4458,31.1389,2
Q118383094,Ihimbo Central Forest Reserve,-0.66667,29.83333,1
Q118433974,Rwensambya Central Forest Reserve,0.4549,31.0877,1
Q118436298,Lake Nakuwa Wetland system,1.25,33.516666666,5
Q118462201,Matiri Central Forest Reserve,3.210627777,31.197280555,1
Q118465133,Rwensama Central Forest Reserve,1.6599,31.5268,1
Q118492879,Rwengiri Central Forest Reserve,-0.6658,29.8703,1
Q118496164,Rwengeye Central Forest Reserve,1.1032,31.0069,1
Q118496444,Rushaya Central Forest Reserve,-0.5983,29.8273,1
Q118516379,Nyamakere Central Forest Reserve,2.008333333,32.243888888,1
Q118558287,Nyabyeya Central Forest Reserve,1.684722222,31.521944444,1
Q118583608,Kasyoha-Kitomi Central Forest Reserve,-1.246388888,30.25,1
Q118591622,Kisiizi Falls,-0.9998,29.9433,2
Q118611385,Mafuga Central Forest Reserve,0.45746978,33.011421173,1
Q1186214,2nd parallel north,2.0,0.0,19
Q1186278,3rd parallel north,3.0,0.0,18
Q1186289,1st parallel north,1.0,0.0,21
Q1186295,4th parallel north,4.0,0.0,18
Q1186520,33rd meridian east,0.0,33.0,15
Q1186530,32nd meridian east,0.0,32.0,15
Q1186535,Hoima District,1.416666666,31.083333333,19
Q1186541,Tororo District,0.75,34.083333333,24
Q1186645,31st meridian east,0.0,31.0,15
Q118679974,Ruzaire Central Forest Reserve,0.9857,30.9728,1
Q118713200,Sisiyi Falls,1.2788,34.3204,2
Q118775165,Mubuku Central Forest Reserve,0.29,30.133,1
Q118776002,Kitechura Central Forest reserve,0.699,30.902,1
Q118779722,Kasenyi Central Forest Reserve,0.5579,31.4157,1
Q118833112,Kapimpini Central Forest Reserve,1.0074,32.0679,1
Q118869037,Lake Mahoma,0.344,29.967,1
Q118948368,Kasagala Central Forest Reserve,1.316666666,32.233333333,1
Q118948369,Kashoya-Kitomi Central Forest Reserve,-0.266,30.241,1
Q118948427,Kikumiro Central Forest Reserve,0.727,30.588,1
Q118948440,South Imaramagambo Central Forest Reserve,-0.527777777,29.883333333,1
Q118952138,Kibiro salt gardens,1.676666666,31.256388888,1
Q118972399,Bukaleba Central Forest Reserve,0.415,33.3862,1
Q118976148,Gangu Central Forest Reserve,0.1445,32.2019,1
Q118976280,Kitubulu Central Forest Reserve,0.0775,32.5,1
Q118976300,Kyewaga Central Forest Reserve,0.0833,32.5022,2
Q118976474,Old airport Entebbe,0.050352121,32.433600636,1
Q118976615,Lutoboka Central Forest Reserve,-0.30605,32.29593,1
Q118976862,Arua Central Forest Reserve,3.009,30.924,2
Q118977205,Mt Kei Central Forest Reserve,3.683333333,31.133333333,1
Q119140770,Rwoho Central Forest Reserve,-0.873,30.579,2
Q119141115,Musoma Central Forest Reserve,1.536,31.557,1
Q119142245,Bugungu Wildlife Reserve,1.97601,31.519,1
Q119149376,Aruu Falls,2.8968335,32.6471917,3
Q119174972,Bugamba Central Forest Reserve,-0.7325,30.516111111,1
Q119295750,East Madi Wildlife Reserve,3.05,31.6,1
Q119346623,Nakindiba Central Forest Reserve,0.442,32.394,1
Q119442564,Lake Nkugute,-0.324,30.099,5
Q119442612,Lake Nyabihoko,-0.9075,30.129444444,6
Q119478212,Buhimba Heros Monument,1.344937868,31.31197561,1
Q119478303,Mpanga Market,0.657602754,30.278849545,1
Q119478338,Tooro Palace,0.646870424,30.268342678,1
Q119616154,Mpondwe school massacre,0.028055555,29.735833333,10
Q119752833,Nantawetwa Buganda Monument,0.306472222,32.561666666,1
Q119998933,Lake Mburo- Nakivali Wetland System,-0.7,31.0,4
Q120355540,Arua nightclub shooting,3.035278,30.910833,2
Q120441764,Kiteezi landfill,0.4106,32.5757,1
Q120682650,"Afrexim Bank House, Kampala",0.321666666,32.5875,1
Q1207391,Kayunga District,1.0,32.866666666,25
Q1207825,Tororo,0.692777777,34.180833333,25
Q120931244,"Cathedral of Our Lady Queen of Peace, Lugazi",0.37028,32.92804,2
Q120973040,Art Gallery Uganda,0.3132,32.609,3
Q121435248,Ivory Tower,0.333945073,32.568225682,2
Q121435657,Mapeera Church,0.32457655,32.546039783,2
Q121435659,"Kigungu, Monument and Church",0.027973714,32.436071086,1
Q121435660,"St Johns Church, Entebbe",0.064435398,32.47396086,1
Q121435661,Uganda Martyrs Church Namugongo,0.385620696,32.65142359,1
Q121435662,"Villa Maria Catholic Church, Masaka",-0.228380483,31.745502961,1
Q121435683,Cathedral of the Sacred Heart of Jesus,3.01352,30.897,2
Q121435684,"Emmanuel Cathedral, Mvara",3.01834,30.93639,1
Q121464007,High Court building Nakasero,0.3161169,32.580525896,1
Q121464008,Parliamentary building (Uganda),0.315808699,32.588477275,1
Q121464012,LEGICO Assembly Building,0.05896475,32.477867933,1
Q121464046,Kololo hero monument,0.321433333,32.580791666,1
Q121464047,Equator Monument,0.000107625,32.039561429,1
Q121464049,Speke Monument,0.422159813,33.193980724,1
Q121464134,Aga Khan Mosque,0.316643852,32.579406162,5
Q121464667,Igenge palace,0.4831,33.2323,1
Q121464670,Kyabazingas palace at Wanyange,0.483274868,33.232380766,1
Q121494555,Kisingiri's House,0.30905016,32.560377421,1
Q121494558,Mapeera Bakateyamba House Nalukolongo,0.294118621,32.549925536,1
Q121494560,Corner House,0.318038888,32.570361111,1
Q121494741,Source of the Nile,0.416638452,33.19507482,1
Q121494746,Nyero Rock Paintings,1.471598453,33.846248381,1
Q121501035,Kololo Ceremonial Grounds,0.327418021,32.594944127,1
Q121501036,St. Matia Mulumba,0.319627992,32.58411694,1
Q121501038,Tulifanya Gallery,0.318988058,32.590261069,1
Q121501039,Wamala Tombs,0.391310542,32.525429195,3
Q121501040,Government Analytical Laboratory,0.332109999,32.576763497,1
Q121501041,St Peter's Boys Nsambya,0.301354433,32.587418341,1
Q121501044,"Omuti gwe Ddembe, Entebbe",0.068858871,32.475647941,1
Q121501050,Jinja African Commonwealth war Cemetery,0.431799178,33.202709865,1
Q121501053,Olum Foot Prints Site,1.9085685,32.3743758,1
Q121501187,Kigulu Hills,1.220007252,33.331480933,1
Q121538523,Miriadua waterfalls,3.18395,30.94462,3
Q121538562,Amuru Hot Springs,2.7964703,31.8918615,1
Q121538610,Kiweewa's Tombs,0.332273513,32.533042781,1
Q121541336,Lokodi Memorial Massacre Site,2.9144592,32.2988395,1
Q122143012,St. Balikudembe market,0.310422781,32.573302996,1
Q122143016,Musa Body Metal Works,0.295717189,32.57359498,1
Q122143017,Butikkiro,0.304283284,32.564953015,2
Q122143019,Kampala Club,0.318260425,32.583445575,1
Q122143020,Clock Tower,0.307285115,32.577975728,1
Q122143024,Port Bell Pier,0.288591666,32.653502777,1
Q122143042,Wakyato War Memorial,0.865717,32.2144333,1
Q122143043,Kikamulo War Memorial,0.816486,32.3702996,1
Q122143044,Nakaseke War Memorial,0.719215,32.3965826,1
Q122143046,Semuto War Memorial,0.6189627,32.3277646,1
Q122143094,Tororo Mines,0.672965514,34.185863862,1
Q122143267,Butuntumula War Memorial,0.88283,32.49496,1
Q122143307,Entebbe za Mugula,0.019693503,32.442877424,1
Q122143315,Mukura Memorial,1.579156742,33.859357499,1
Q122143334,Aboke Girls Memorial School,2.393122642,32.654596219,1
Q122143447,Katoosa martyrs shrine,0.63228,30.64764,2
Q122202529,Itambira Island,-1.298,29.94,1
Q122202599,Akampene Island,-1.29433,29.91719,1
Q122202786,Bushara Island,-1.289,29.925,1
Q122699222,Uganda Reinsurance Company,0.333055555,32.600694444,1
Q122782439,Heritage Hot Springs,2.47839,31.53903,1
Q122811671,Barlonyo Memorial Site,2.476111111,32.993055555,2
Q122933018,Amansi and Mapeera monument,0.02765,32.43599,1
Q122936977,Kigungu landing site,0.0267623,32.4372192,1
Q1229734,Adjumani District,3.25,31.783333333,20
Q1229750,Apac District,2.083333333,32.583333333,19
Q1229758,Arua District,2.916666666,31.083333333,19
Q1229793,Buliisa District,2.0,31.416666666,21
Q1229797,Bushenyi District,-0.416666666,30.166666666,19
Q1229798,Bugiri District,0.5637032,33.7617615,22
Q1229800,Busia District,0.43333333,33.96666667,22
Q1229869,Iganga District,0.7,33.466666666,22
Q1229881,Kaabong District,3.516666666,34.116666666,20
Q1229906,Kaberamaido District,1.766666666,33.233333333,20
Q1229910,Kabarole District,0.583333333,30.25,20
Q1229919,Kasese District,0.15,30.05,18
Q1229921,Kapchorwa District,1.333333333,34.566666666,20
Q1229930,Katakwi District,1.916666666,34.033333333,22
Q1230005,Mityana District,0.45,32.05,22
Q1230035,Pader District,2.833333333,33.083333333,21
Q123055167,Virika Cathedral of Our Lady of Snows,0.63656,30.26844,1
Q123055172,Former Cathedral of St. Peter,0.29956,32.58806,1
Q123055174,Immaculate Heart of Mary Cathedral,2.47869,31.08319,1
Q123055176,Immaculate Conception Cathedral,1.70631,33.61194,1
Q123055181,Regina Mundi Cathedral,2.52369,34.65619,1
Q123055183,Our Lady of Perpetual Help Cathedral,-0.62381,30.64256,1
Q123055190,Cathedral of the Uganda Martyrs,0.70669,34.19969,1
Q123055201,Cathedral of the Holy Martyrs of Uganda,2.25244,32.89806,1
Q123055202,Good Shepherd Cathedral,3.01344,34.11744,1
Q123055208,Our Lady Mary of Assumption Cathedral,0.17644,30.07219,1
Q123055209,Our Lady Queen of Peace Cathedral,0.82831,32.50231,1
Q1232016,Kasese,0.23,29.988333333,27
Q123254196,Ateker Community Museum,2.541536,34.6550633,2
Q123459616,Young African Refugees for Integral Development,0.297508168,32.589887936,3
Q123496224,Ayilo 1 Refugee Settlement,3.284792567,31.950337397,1
Q123717333,Hoima Sports Stadium,1.416944444,31.383055555,3
Q124000128,St. Daniel Comboni Hospital Kyamuhunga,-0.457891666,30.130025,1
Q124005374,Uganda Ministry of Education Complex,0.357777777,32.627222222,1
Q124053979,Ituka Solar Power Station,3.060555555,30.941944444,1
Q124398687,Ethur (Tribe),2.7067,33.6595,1
Q124398792,So (Tepeth),2.5333,34.7667,1
Q124412288,Vonoma Tribe,0.7075,30.0636,1
Q124415561,Shana People,1.4815,34.2866,1
Q124416932,Bakenyi tribe,1.5,33.0,1
Q124618783,Kogere Foundation Museum,0.6546,30.2801,1
Q124634104,Ndere Centre,0.3639,32.6053,1
Q124978,Lake Kyoga,1.5,33.0,51
Q125211,Lake Edward,-0.333333333,29.6,75
Q125243364,Nyungu Yamawe Forest Park,0.438888888,32.651111111,1
Q125550408,,-0.293904,31.735017,1
Q125748295,Nsambya Roman Catholic Cemetery,0.299755697,32.588532859,1
Q125762923,Cemetery of Saint Mary's Cathedral Rubaga,0.302919898,32.551917752,1
Q125762991,Cemetery of Namirembe St. Paul's Cathedral,0.314440914,32.559573635,1
Q125770604,Jinja Road Cemetery,0.320031922,32.596585364,1
Q125855404,Cemetery of the Polish refugees in Koja,0.114444638,32.715810853,1
Q125867377,Entebbe European Cemetery,0.054546106,32.46069625,1
Q125888,Lake Albert,1.683333333,30.916666666,88
Q126003287,Kampala (Nakawa Road) Cemetery,0.322331023,32.618010296,1
Q126009451,Kakira–Kisumu Expressway,0.297777777,34.208888888,1
Q126284821,Kitgum–Kidepo Road,3.565833333,33.694444444,2
Q126326927,St. Noa Mawaggali Cathedral,0.39443,32.05246,2
Q126363916,Lake Bujuku,0.376666666,29.893611111,6
Q126477627,River Ayago,2.283888888,32.0225,3
Q126488655,Busitema Forest,0.5375,33.9925,1
Q126490630,Lake Nyabikere,0.497222222,30.328611111,4
Q126595004,Namyoya Forest Reserve,0.4,32.716666666,1
Q126639659,Zirimiti Forest Reserve,0.23649,32.76464,1
Q126680881,Lake Nyaguo,1.324722222,33.722777777,5
Q126721549,Lake Rwizongo,-0.271083333,30.089,3
Q126736976,Lake Kayumbu,-1.3379,29.7875,5
Q126737038,Lake Nyamusingire,0.288055555,30.025277777,4
Q126737096,River Bujuku,0.3582,29.9716,4
Q126810661,Kibale Forest National Park,0.4364,30.3667,2
Q126810954,Lake Saka,0.7,30.233333333,4
Q126894711,Lake Kyema,1.732972222,31.743194444,4
Q126908167,Lake Nshenyi,-0.15,30.1667,3
Q126910355,Lake Kibwera,-0.254333333,29.989111111,4
Q126915619,Lake Kamunzuku,0.26422,30.1541,3
Q1272398,Koki Lakes,-0.66666667,31.08333333,2
Q127244252,BRIMS Heritage Resource Centre,0.398321,32.66532,2
Q1273335,Mount Elgon National Park,1.133333333,34.583333333,20
Q127433169,Lake Bunyampaka,-0.04006,30.13052,1
Q127433315,Lake Kamweru,-0.25922,30.1246,1
Q127502220,Lake Saaka,0.692222222,30.242777777,1
Q127502580,Nyakasura Falls,0.677,30.225,1
Q1277379,30th meridian east,0.0,30.0,22
Q1280038,Busia,0.466944444,34.09,17
Q1281344,Teso people,1.715,33.611111111,20
Q129262092,Kidepo International Airport,3.738333333,33.7425,1
Q129945408,Bethani High School Naalya,0.37,32.64,1
Q130125993,Vienna College Namugongo,0.3851,32.6475,2
Q130223714,Phaneroo Ministries International,0.347478725,32.620961297,1
Q130271194,Nsambya Hospital Cancer Center,0.301666666,32.585,1
Q130279605,Uganda Ministry of Defence Headquarters,0.328055555,32.630833333,1
Q130336242,Kabwoya–Buhuka Road,1.246666666,30.946388888,2
Q130386106,Kinaawa High School Kawempe,0.39097,32.55745,4
Q130388058,Nakayima tree,0.575625374,31.379223813,2
Q130442005,Battle of Kembogo,0.74,32.15,1
Q130724495,Rapha Primary School,0.842,32.4907,1
Q131191681,Masaka Sports Stadium,-0.344722222,31.735555555,1
Q131302949,"White House, Uganda",0.166666666,32.514444444,1
Q131360379,Fort Portal City Public Library,0.655105,30.2745467,1
Q131384615,Makerere University School of Dentistry,0.335833333,32.571111111,1
Q1315903,35th meridian east,0.0,35.0,19
Q131626111,Budongo Conservation Field Station,1.724166666,31.545833333,1
Q1318806,Kamwenge District,0.166666666,30.416666666,17
Q1318815,Kyenjojo District,0.5,30.833333333,19
Q1318822,Amolatar District,1.633333333,32.833333333,19
Q1318833,Oyam District,2.383333333,32.5,20
Q1318843,Kotido District,3.016666666,34.0,18
Q1318857,Koboko District,3.41666667,30.96666667,18
Q1318865,Kiruhura District,-0.216666666,30.833333333,19
Q1318872,Dokolo District,1.95,33.116666666,17
Q1318877,Ibanda District,-0.1,30.466666666,19
Q1318887,Isingiro District,-0.833333333,30.833333333,19
Q132528637,Babwisi,0.7075,30.0636,1
Q132830804,Lower Bigo Bog,0.385,29.925,1
Q132831055,Kabamba Bog,0.345,29.925,1
Q132831203,Bujuku Hut,0.385,29.888,1
Q133816351,Mt. Liru,3.348888888,31.024444444,1
Q133821333,Katigondo National Major Seminary,-0.227222222,31.735277777,1
Q133850303,Bukalasa National Minor Seminary,-0.232222222,31.735277777,1
Q133850475,Ggaba National Major Seminary,0.261944444,32.629166666,1
Q133860709,Saint Mbaaga's Major Seminary Ggaba,0.263611111,32.629722222,1
Q133860853,Uganda Martyr's National Major Seminary Alokolum,2.757222222,32.227222222,1
Q133878763,Kinyamaskia National Major Seminary,0.633055555,30.2775,1
Q134068127,Kibiro hot springs,1.673888888,31.255833333,1
Q134307866,East African Revival Museum,-0.6126162,30.6314126,2
Q134307996,Madi Lugbara Community Museum,3.017759,30.91081,1
Q134308011,Semei Kakungulu Museum,1.097036944,34.19495,2
Q134308055,Uganda Rural Development And Training Program Cultural Assets Centre,0.943331,30.81649,1
Q134311863,Kabalega Petrochemical Industrial Park,1.479166666,31.114166666,1
Q134980437,Rusumo Dam,-2.383809,30.78223,1
Q134980453,Katuna border crossing,-1.424707,30.011663,1
Q135404154,Mbale Secondary School,1.08,34.17,2
Q136004862,Igongo Cultural Centre Museum,-0.521387,30.740659,2
Q1362085,Budaka District,1.033333333,33.95,21
Q1362109,Mpigi District,0.083333333,32.0,21
Q1362129,Bundibugyo District,0.833333333,30.25,19
Q136230406,Kabale Irish potato market,-1.259955555,29.991030555,1
Q136230579,Kabale Central Market,-1.260033333,29.991341666,1
Q136230653,Kings Hotel Kabale Limited,-1.257627777,29.996777777,1
Q1362587,Yumbe District,3.5,31.25,20
Q1364817,Luwero District,0.8,32.6,22
Q1364824,Mayuge District,-0.25,33.583333333,20
Q1365449,Bududa District,1.05,34.4,21
Q136689610,"Committee on Commissions, Statutory Authorities and State Enterprises",0.315,32.582,1
Q136695991,Mato Mews Hotel,0.341419444,30.794077777,1
Q136938494,Zziba,0.087,32.361,1
Q136945075,Butare town,-0.472725,30.106313888,1
Q137360157,Tororo Steel Mill,0.558888888,34.095833333,1
Q1375755,Butaleja District,0.883333333,33.95,20
Q1375762,Amuria District,2.083333333,33.666666666,22
Q1375771,Amuru District,2.666666666,31.833333333,21
Q1375780,Abim District,2.701666666,33.676111111,22
Q1375789,Manafwa District,0.9,34.333333333,19
Q1375812,Bukedea District,1.366666666,34.133333333,20
Q1375819,Namutumba District,0.833333333,33.666666666,19
Q1375825,Nebbi District,2.416666666,31.166666666,20
Q1375835,Sironko District,1.25,34.316666666,19
Q1375843,Pallisa District,1.166666666,33.833333333,20
Q1375850,Moroto District,2.5,34.25,20
Q1375853,Nakapiripirit District,1.916666666,34.666666666,20
Q1375859,Kaliro District,1.016666666,33.5,24
Q1375868,Bukwo District,1.266666666,34.733333333,20
Q1375878,Lyantonde District,-0.166666666,31.166666666,21
Q137595493,Kibingo Girls Secondary School,-0.592952777,30.358163888,1
Q137646182,St. Charles Lwanga High School Kashekuro,-0.618863888,30.194988888,1
Q137651807,Sanga Island,0.075833333,32.655555555,1
Q137707711,Bugala Island,-0.663,32.336,1
Q138087444,Lakotokoto,2.781666666,32.299166666,2
Q138529536,Kampala Baháʼí Temple,0.36438,32.5885,1
Q1390765,1st parallel south,-1.0,0.0,20
Q139236054,Ngogo chimpanzee war,0.433333333,30.383333333,13
Q139254747,Mount Sabinyo Trail,-1.354,29.6192,1
Q139586218,Neocare Specialised Hospital and Fertility Center Mbarara,-0.610905555,30.658144444,1
Q140167986,Kampala School for Physically Handicapped,0.3163,32.5572,1
Q140196982,Uganda School for the Deaf,0.3527,32.6161,1
Q140206754,Mulago School for the Deaf,0.3462,32.5742,1
Q14201706,Ajai Wildlife Reserve,2.86666667,31.28333333,5
Q1422911,Mount Moroto,2.525,34.7725,17
Q1429741,Semuliki National Park,0.8334,30.0434,16
Q14629102,New Jinja Bridge,0.4375,33.1875,5
Q1485280,Paraa,2.3,31.55,3
Q14913592,Butogota,-0.8861,29.6367,1
Q14956750,Mulago Hospital,0.33777778,32.57555556,6
Q14956789,,0.30166667,32.585,3
Q14956797,Nagalama Hospital,0.525,32.7825,1
Q14956798,Mengo Hospital,0.31305556,32.55861111,4
Q14956813,Itojo Hospital,0.7175,32.39861111,1
Q1495779,King's College Budo,0.25824,32.487,5
Q15045704,Meru County,0.05,37.63333333,24
Q15045850,Lwakhakha,0.8,34.37944444,6
Q15045852,Malaba,0.64444444,34.26055556,7
Q15060213,Sukulu,0.6280556,34.1588889,2
Q15076215,Wobulenzi,0.72,32.53,8
Q15076442,Namasuba,0.68944,32.4214,2
Q1509547,Lake George,0.0,30.2,25
Q15192779,Aswa-Lolim Game Reserve,2.71666667,31.58333333,1
Q15202809,Bokora Corridor Wildlife Reserve,2.43333333,34.0,1
Q15205537,Buddu,-0.41667,31.66667,2
Q15228847,Ishasha,-0.74,29.625,2
Q15233264,Kampala International University in Tanzania,-6.88638889,39.15611111,6
Q15233566,Kansanga,0.28861111,32.6075,1
Q15233586,Kapeeka,0.68974,32.2448,3
Q15238486,Kimaka,0.45027778,33.19166667,2
Q15238694,Koboko town,3.41138889,30.98666667,1
Q15240982,Kyotera,-0.63166667,31.54333333,7
Q15243147,Lutembe Bay,0.1541,32.5681,3
Q15243170,Lweeza,0.21,32.585,3
Q15243329,Mabamba Bay,0.08333333,32.33333333,7
Q15244000,Makerere University School of Health Sciences,0.33805556,32.57611111,2
Q15244001,Makerere University School of Medicine,0.33805556,32.57722222,3
Q15252352,Muvumbe Hydroelectric Power Station,-1.31888889,30.08,3
Q15253033,Mengo Senior School,0.320394,32.56164,2
Q15253534,Mirama Hills,-1.055,30.455,1
Q15260138,Mpanga Hydroelectric Power Station,0.0664073,30.3213699,1
Q15260165,Mubuku III Power Station,0.26,30.149,2
Q15260271,Munyonyo,0.2425,32.62,2
Q15260736,Nabumali High School,0.984293312,34.210733821,2
Q15260878,Namasagali,1.0125,32.95,1
Q15260890,Namirembe hill,0.315,32.55944444,2
Q15261089,Nateete,0.29722222,32.52694444,2
Q15261267,Nazigo,0.64194444,32.99,2
Q15261310,Ndejje University,0.61,32.475,4
Q15262267,Ngogwe,0.2425,32.99888889,3
Q15262424,Nkozi,0.01,32.0,2
Q15262880,Nshungyezi Hydroelectric Power Station,-1.0,30.745,2
Q15263089,Nyamwamba I Hydroelectric Power Station,0.23,29.985,1
Q15276092,Sentema,0.3625,32.4375,2
Q1528625,Nakasongola Airport,1.42,32.47,4
Q1528870,Mweya Airport,-0.194167,29.893889,5
Q1529143,Mutukula Airport,-0.925,31.45,4
Q15615969,Lwajjali River,0.41,32.52,5
Q15616252,Namataba,0.375,32.84,2
Q1564286,Mount Luigi di Savoia,0.33333333,29.88333333,4
Q1568935,Migingo Island,-0.882777777,33.938055555,25
Q15845131,Bweranyangi Girls' Secondary School,-0.56,30.2075,3
Q1624192,Hoima,1.433055555,31.352222222,24
Q16257735,Kiira College Butiki,0.49242,33.2001,2
Q164474,Kamuli District,1.0,33.166666666,23
Q1649358,Wakiso Town,0.4,32.4825,13
Q16534209,Buikwe Stadium,0.341915,33.0284,1
Q16565950,,0.401727,32.4614,1
Q1657091,Iganga,0.614722222,33.478888888,18
Q165784,West,5.479444444,10.419444444,45
Q16587187,Pece War Memorial Stadium,2.77018,32.309,1
Q1659738,Imatong Mountains,4.1,32.85,14
Q16674957,,1.2,34.5,1
Q16824941,Buluba Hospital,0.49,33.385,2
Q16841255,Gulu University School of Medicine,2.7825,32.3078,2
Q16868894,Adilang,2.74,33.48,6
Q16868935,Angal Hospital,2.4075,31.1925,3
Q16878593,Mwenge,0.85,33.95,1
Q16892998,Kabamba,0.25,31.185,3
Q16893042,Kalama Armoured Warfare Training School,0.25,31.185,1
Q16893110,Kanyanya,0.383056,32.57,1
Q16893156,Kasawo,0.62598,32.83904,4
Q16893188,Katosi,0.15,32.8,3
Q16893197,Katunguru,-0.15,30.0667,4
Q16893518,Kitovu Hospital,-0.345,31.7575,2
Q16893522,Kitante Hill Secondary School,0.333889,32.585,3
Q16893723,Kuluva Hospital,2.94667,30.9325,1
Q16894374,Lubigi,0.32,32.52,4
Q16894747,Matany Hospital,2.44444,34.395,2
Q16894888,Mbarara University School of Medicine,0.616389,30.6589,3
Q16895532,Mpigi Hospital,0.225,32.3219,1
Q16895584,Muyenga,0.2938,32.6114,1
Q16895609,Mutolere Hospital,-1.2625,29.72,1
Q16895628,Nakasero,0.3244,32.5788,3
Q16895659,Namirembe Cathedral,0.315,32.5597,6
Q16895660,Namayingo,0.345,33.88,6
Q16895753,Nengo Bridge Hydropower Station,-0.815,29.8333,2
Q16895898,Nkokonjeru Hospital,0.2275,32.9275,3
Q16896010,Ntoroko,1.05,30.535,3
Q16896022,Nyenga,0.38,33.15,2
Q16896028,Nyakasura School,0.671667,30.22,4
Q16899506,Rubaga Cathedral,0.3025,32.5522,8
Q16899525,Rwimi Power Station,0.39,30.18,2
Q16900248,Siti I Hydroelectric Power Station,1.25,34.6369,3
Q16901899,Toro-Semliki Wildlife Reserve,0.897222222,30.363333333,4
Q16902646,Victoria University,0.313611,32.5892,2
Q16902740,Villa Maria Hospital,-0.23,31.7433,2
Q16902833,Wakyaato,0.878056,32.205,2
Q16930494,Mifumi,0.75,33.96666667,2
Q16930899,Kisubi Mapeera Secondary School,0.12278,32.53635,2
Q16937152,Ministry of Works and Transport,0.31333333,32.58194444,2
Q16954344,Budongo Forest,1.72416667,31.54583333,7
Q16954386,Bugoma Central Forest reserve,1.25555556,30.96666667,6
Q16954390,Bugoye,0.305,30.1,3
Q16954491,Buloba,0.325,32.45,2
Q16954661,Busitema University School of Medicine,1.08194444,34.17638889,3
Q17009782,East African mountains,-0.1,37.2,7
Q17067633,LivingStone International University,1.08417,34.1792,2
Q17068478,"Ministry of Finance, Planning and Economic Development",0.316388888,32.586111111,2
Q17077129,Makerere University Library,0.3348,32.5653,2
Q17078643,HiveColab,0.3418659,32.5943461,3
Q1709493,July 2010 Kampala attacks,0.313611,32.581111,12
Q17100701,Kenya–Uganda–Rwanda Petroleum Products Pipeline,1.55,31.16,2
Q17108254,Itwara Central Forest Reserve,0.791389,30.4719,1
Q17108392,Savannah Airstrip,-0.71944444,29.7,4
Q17108406,Soroti Flying School,1.725,33.62111111,2
Q17108424,Uganda National Oil Company,0.31333333,32.58194444,4
Q17108436,Uganda Oil Refinery,1.5,31.08,1
Q17108447,Uganda–Kenya Crude Oil Pipeline,1.55,31.16,1
Q1714359,Rukwanzi Island,1.235,30.47222222,8
Q17155793,Alokolum,2.7575,32.22666667,2
Q1734676,Karuma Falls,2.24383333,32.23338889,3
Q1734904,Kasensero,-0.91472222,31.76277778,1
Q1734905,,0.45,30.25,2
Q1737414,,2.4,31.01666667,1
Q17379952,St. Augustine International University,0.284,32.606,4
Q1740785,Kibale National Park,0.43333333,30.38333333,26
Q1740874,Kidepo Valley National Park,3.93,33.80694444,22
Q1743886,Kitoba,1.54117,31.33564,2
Q17509455,Janani Luwum Church House,0.313625,32.5794,1
Q17509613,Acholi Inn,2.7805858,32.297863,1
Q17510024,African Rural University,0.94265,30.8171,7
Q1779750,Geography of Uganda,1.0,32.0,26
Q1779859,Acholiland,2.77714,32.29554,8
Q179198,Mukono,0.353333333,32.755277777,22
Q1802286,Mparo,1.416666666,31.383333333,3
Q1810614,Kiboga,0.92,31.76,11
Q18163367,Bukomero,0.689444,32.0389,4
Q18163371,Bukuzindu Hybrid Solar and Thermal Power Station,-0.306944,32.1525,1
Q1820455,Sembabule,-0.082569,31.461453,10
Q18210376,St. Denis Ssebugwawo Secondary School,0.2589,32.628,2
Q18344234,Kyambogo,0.348333,32.6303,1
Q18349743,Hoima–Kaiso–Tonya Road,1.585,31.0831,1
Q18350719,Lubilia Hydroelectric Power Station,0.0833333,29.7544,2
Q18350879,Luwero Secondary School,0.8375,32.49555556,3
Q18353174,Ngora Hospital,1.45722,33.7761,1
Q18356047,Uganda National Council for Higher Education,0.343889,32.6311,1
Q18356048,Uganda National Roads Authority,0.32777778,32.61277778,2
Q18356056,Uganda Retirement Benefits Regulatory Authority,0.321111,32.5867,1
Q18358599,Osukuru Industrial Complex,0.65,34.1664,1
Q18378283,Munyonyo Commonwealth Resort,0.236389,32.6236,2
Q18378910,Nabisunsa Girls Secondary School,0.344167,32.6333,3
Q18379455,National Drug Authority,0.326667,32.5756,1
Q18386687,Kako Senior Secondary School,-0.3056,31.8073,1
Q18386727,Kaliro Power Station,0.936389,33.4831,1
Q18386821,Kampala Central Division,0.32271,32.58541,3
Q18387320,Katwe craters,-0.08,29.92,3
Q18387358,Kawempe General Hospital,0.361944,32.5614,1
Q18388161,"Kibulala, Ssingo",0.7175,31.9333,2
Q18388193,Kigezi High School,-1.24028,29.9831,1
Q18388418,Kiruddu General Hospital,0.261389,32.6003,1
Q18388719,Teso College Aloet,1.77449,33.6309,2
Q18392353,Speke Resort and Conference Center,0.2375,32.625,1
Q18393051,"Kibulala, Hoima",1.15,31.0,2
Q18394920,Universal Technology and Management University,0.326111,32.5836,3
Q1852202,Nakuru County,-0.5,36.0,22
Q185549,Karamojong people,2.8309,34.1532,17
Q1860,English,51.0,0.0,396
Q18712301,Habib Medical School,0.336667,32.3486,4
Q1893242,Murchison Falls National Park,2.245833333,31.906944444,30
Q1895254,Margherita Peak,0.3867,29.8725,2
Q1907120,Masindi,1.666666666,31.716666666,21
Q1962096,Lake Nabugabo,-0.37,31.9,13
Q19843183,Kisubi Hospital,0.122222,32.5369,2
Q19865994,Baruuli,1.349,32.4467,3
Q19892951,Kiryandongo Refugee Settlement,1.957,32.181,1
Q19894543,Rwamwanja refugee settlement,0.205,30.586,2
Q19895681,Kyebambe Girls' Secondary School,0.6466,30.2758,3
Q19903760,Case Medical Centre,0.324444,32.575,1
Q1994275,Njeru,0.428611111,33.148611111,18
Q1994378,Lake Nkuruba,0.53333333,30.31666667,2
Q20047271,Kampala Hospital,0.3325,32.5847,1
Q20047273,Nakasero Hospital,0.326944,32.5794,2
Q20047276,Paragon Hospital,0.308333,32.6269,1
Q2021369,Olwiyo,2.53666667,31.885,2
Q202353,Alur people,1.012027777,31.30025,16
Q2034078,Achwa,3.73356,31.93949,15
Q2041227,Apac,1.983333333,32.533333333,12
Q204642,Ntungamo District,-0.916666666,30.266666666,18
Q204690,Roman Catholic Diocese of Soroti,1.70635,33.611925,13
Q205428,Semliki River,1.2514,30.4428,36
Q206519,Lira District,2.083333333,33.166666666,22
Q20746229,Acholibur,3.14361111,32.91361111,4
Q20746233,Bujerere,0.6313889,29.95916748,2
Q20746245,École Française Les Grands Lacs,0.3291,32.6035,2
Q20746253,International School of Uganda,0.2336,32.5636,3
Q20746259,Kabwoya,1.24527778,31.08305556,3
Q20746261,Kagamba,-0.81805557,30.15999985,2
Q20746263,Kampala Protea Hotel,0.32861111,32.58777778,1
Q20746265,Katanga Slum,0.336026921,32.574031749,2
Q20746274,Kisoga,0.25277778,32.81722222,2
Q20746276,Kyetume,0.31944444,32.76944444,2
Q20746278,Maddu,0.21611111,31.66722222,1
Q20746282,Makerere Kikoni,0.335,32.57,2
Q20746292,Mulago Women's Referral Hospital,0.3375,32.57611111,2
Q20746294,Musingo,3.77138889,33.19972222,1
Q20746300,Nakawa Market,0.33,32.61166667,1
Q20746311,Palabek Kal,3.435833333,32.582777777,1
Q20746333,Uganda Heart Institute,0.33805556,32.57527778,1
Q20746335,Munyonyo Martyrs Shrine,0.23725,32.617277777,8
Q20746341,Wanseko,2.17777778,31.38055556,2
Q20894753,Mayuge Thermal Power Station,0.50527778,33.41555556,1
Q20949743,Uganda National Entrepreneurship Development Institute,0.32638889,32.6,1
Q20982424,Kabulasoke,0.1575,31.81166667,3
Q20982425,Kaiso,1.53,30.96611111,3
Q20982441,Musita,0.52777778,33.38472222,3
Q21178944,Uganda Electricity Transmission Company Limited,0.32027778,32.58680556,4
Q211970,Entebbe,0.05,32.46,61
Q2141024,Soroti,1.683333333,33.616666666,25
Q2169642,Pader,2.881111111,33.086388888,10
Q2174978,Nebbi,2.478055555,31.088888888,14
Q2183668,Moyo District,3.433333333,31.566666666,21
Q21850199,Mubende–Kakumiro–Kibaale–Kagadi Road,0.77055556,31.08805556,1
Q2193389,Moroto Town,2.53,34.67,14
Q21974272,Bugungu Airstrip,2.20138889,31.55277778,2
Q21974275,Chobe Safari Lodge Airport,2.24027778,32.14166667,3
Q21974285,Ishasha River Camp Airport,-0.61388889,29.66527778,3
Q21994173,Gomba County,0.16667,31.75,1
Q2203142,Kapchorwa,1.4,34.45,12
Q22082369,Bobi,2.554444444,32.357777777,3
Q22082370,Bukeerere,0.4075,32.70194444,3
Q22082371,Buwenda,0.46666667,33.18333333,3
Q22082376,Elegu,3.56638889,32.07055556,5
Q22082379,Kamdini,2.24638889,32.33111111,2
Q22082380,Kazo,-0.052778,30.756944,4
Q22082383,Kimwanyi,0.45333333,32.63472222,2
Q22082384,Kisoga,0.19861111,31.95027778,2
Q22082385,Kyanika,-1.33888889,29.73888889,1
Q22082387,Lumino,0.325,33.99583333,3
Q22082389,Majanji,0.25959,33.98929,4
Q22082390,Masulita,0.51222222,32.36638889,5
Q22082396,Mutufu,1.21666667,34.28333333,1
Q22082397,Muyembe,1.30583333,34.28916667,2
Q22082398,Nakaloke,1.13333333,34.13333333,3
Q22082402,Nyamitanga Division,-0.62639,30.65708,2
Q22082407,Rubindi,-0.36666667,30.61666667,2
Q22082408,Rwekunye,1.71083333,32.02888889,2
Q22082409,Sanga Town,-0.49055556,30.99111111,4
Q22082416,Suam,1.21722222,34.73222222,2
Q22082418,Tonya,1.58361111,31.08305556,2
Q22082419,Villa Maria,-0.22833333,31.74722222,2
Q22082420,Vurra,2.88638889,30.87944444,2
Q22138769,Zika Forest,0.124166666,32.525555555,11
Q221666,Mount Stanley,0.385833333,29.871666666,44
Q2230311,Kirinyaga County,-0.5,37.28333333,22
Q22451053,Ishasha River,-1.115527777,29.897555555,12
Q2252605,Sironko,1.22944444,34.24805556,12
Q22670087,Lwemiyaga County,0.07642,31.17089,3
Q22672637,African College Of Commerce and Technology,-1.2589,29.9781,3
Q2267729,Mityana,0.402222222,32.045833333,15
Q22809593,Ngora High School,1.47237,33.7916,2
Q22812177,Sir Samuel Baker Secondary School,2.81387,32.3243,1
Q22910524,Ojapi Primary School,3.32402,31.0052,1
Q22914739,Lira Municipality,2.25245,32.89746,1
Q22918977,Erute County,2.34997,32.95522,1
Q22935628,"Aga Khan University Hospital, Kampala",0.32583333,32.61361111,2
Q2297538,Pallisa,1.1675,33.71,14
Q22978960,Saint Stephen's College Bajja,-0.1671,31.8599,1
Q22999745,Kabwohe Secondary School,-0.5851,30.3763,1
Q23013740,Maryhill High School,-0.6155,30.6335,2
Q23023727,"Uganda Technical College, Kichwamba",0.71444444,30.19111111,4
Q23045619,Bwengure Child Care Primary School,-0.2474,30.6065,1
Q23058502,Nsaka University,0.46555556,33.20583333,3
Q23067423,Human Academy Secondary School,0.178,32.2516,1
Q23111544,Busunju,0.56555556,32.20361111,2
Q23166031,Iganga Secondary School,0.71773,33.2328,1
Q2318123,Luweero,0.833056,32.499444,12
Q23538,equator,0.0,0.0,164
Q2368307,Supreme Court of Uganda,0.329166666,32.589722222,4
Q23808605,Soroti University School of Health Sciences,1.71583333,33.61305556,3
Q23808691,Ssabagabo,0.24277778,32.56,11
Q23808735,Karuma–Olwiyo–Pakwach–Nebbi–Arua Road,2.45916667,31.47222222,1
Q2391998,Koboko,3.413611111,30.959722222,17
Q23926482,St. Joseph's Hospital Kitgum,3.28972222,32.8725,1
Q23926483,Kitgum Hospital,3.29416667,32.88111111,2
Q23926488,Bombo Military Hospital,0.58638889,32.53611111,1
Q23926505,Mbuya Military Hospital,0.325,32.62138889,1
Q23926507,Mukono Health Centre IV,0.36111111,32.74694444,1
Q23927055,Karuma Falls,2.23416667,32.24638889,3
Q24041317,Masindi General Hospital,1.68527778,31.71333333,2
Q24054194,Kisozi,0.07111111,31.59944444,2
Q24054195,Sango Bay,-0.893888888,31.722777777,4
Q24054196,Lokitanyala,2.36472222,34.92027778,1
Q24054197,Tirinyi,1.00111111,33.7625,2
Q24054198,Kamonkoli,1.08121,34.07546,4
Q24054199,Afoji,3.70361111,31.67666667,2
Q24054201,Akright City,0.1725,32.51833333,2
Q24054202,Kabojja,0.29083333,32.51527778,2
Q24054203,Kisubi,0.12027778,32.53277778,3
Q24054204,Wampeewo,0.42666667,32.59972222,2
Q24054205,Kilembe,0.19805556,30.01361111,3
Q24054206,Atutur Town,1.32361111,33.88833333,3
Q24054209,Kawanda,0.42055556,32.54055556,3
Q24185305,Bwera General Hospital,0.03388889,29.76694444,2
Q24185306,Kilembe Mines Hospital,0.20388889,30.01027778,1
Q24185307,Nyenga Mission Hospital,0.49,32.885,2
Q24185308,Women's Hospital International and Fertility Centre,0.35055556,32.59916667,2
Q24185309,Kadic Hospital,0.34972222,32.60416667,1
Q24185310,Rushere Community Hospital,-0.49,30.385,1
Q24236401,Kampala Outer Beltway,0.46361111,32.55472222,1
Q24236424,Damba Island,0.013611111,32.795277777,4
Q24236432,Uganda Registration Services Bureau,0.317777777,32.5775,1
Q24236537,Kampala Medical Chambers Hospital,0.31722222,32.57666667,1
Q24236543,Myanzi,0.25833333,31.505,1
Q24236548,Kassanda,0.54666667,31.81972222,5
Q24236551,Bukuya,0.67444444,31.83472222,3
Q24236553,Kikorongo,0.0,29.99861111,2
Q24236557,Galilee Community General Jewish Hospital of Uganda,0.33166667,32.53583333,2
Q24236563,Institute of Petroleum Studies Kampala,0.29888889,32.60944444,2
Q2431771,Kamwenge,0.186111,30.453889,12
Q2463008,Bushenyi,-0.538611,30.185,14
Q2470025,Kanungu,-0.9575,29.78972222,11
Q24705004,Bukungu,1.43611111,32.86861111,5
Q24713596,Kibimba,0.52972222,33.86388889,3
Q2473854,Uganda Bureau of Statistics,0.316111,32.584722,4
Q2473859,Uganda Christian University,0.355,32.74027778,10
Q2473869,Uganda Communications Commission,-0.6107,30.6588,4
Q24807572,Katakwi General Hospital,1.9175,33.96222222,2
Q24807579,St. Charles Lwanga Buikwe Hospital,0.33916667,33.03222222,2
Q24883377,Mityana–Sekanyonyi–Busunju Road,0.50111111,32.13916667,1
Q24883426,JLOS House Project,0.341114,32.610832,1
Q24883467,Sekanyonyi,0.52972222,32.08055556,1
Q24883501,Achol-Pii Refugee Settlement,2.65865,33.12469,2
Q24884392,Maracha Town,3.28833333,30.94083333,1
Q24884427,Hoima Sugar Limited,0.92027778,30.41138889,1
Q24885600,Kyenjojo General Hospital,0.61694444,30.6375,1
Q24886145,Lyantonde General Hospital,-0.40666667,31.15416667,1
Q24886293,Mityana–Bukuya–Kiboga Road,0.57222222,31.94777778,1
Q24886423,Kaabong General Hospital,3.51055556,34.13166667,1
Q24886693,Gulu Military Hospital,2.7825,32.28444444,1
Q24886704,Kyangwali Refugee Settlement,1.22,30.82,6
Q2488907,Yumbe,3.465,31.245,11
Q24890463,Entebbe Military Hospital,0.08361111,32.48055556,1
Q24892187,Lwamata,0.83279,31.90561,2
Q24894892,Rhino Camp Refugee Settlement,2.966,31.395,3
Q24894992,Kyaka II Refugee Settlement,0.48,31.05,2
Q24895924,Tilda Uganda,0.535,33.87527778,1
Q24898700,Iganga–Tirinyi–Kamonkoli–Mbale Road,1.00194444,33.76416667,1
Q24898896,Jinja–Iganga–Bugiri–Tororo Road,0.5725,33.57944444,2
Q24907953,Lira University,2.20944444,32.87,5
Q24910898,Soroti Fruit Processing Factory,1.78638889,33.61527778,1
Q24915341,Kamuli Sugar Limited,0.8519444,33.1261111,3
Q24915420,Ocer Campion Jesuit College,2.79991944,32.34896389,1
Q24915597,Kenlon Industries Uganda Limited,0.99305556,32.97694444,1
Q24915808,Masafu General Hospital,0.28055556,34.11944444,1
Q24915970,Bukwo General Hospital,1.29416667,34.75527778,1
Q24957803,Uganda Radio Network,0.34361111,32.58333333,2
Q24958519,University of Kisubi,0.12055556,32.53166667,4
Q24965529,Nakivale Refugee Settlement,-0.8,30.9,4
Q25041100,Uganda Martyrs' Secondary School Namugongo,0.386321,32.649414,2
Q25041118,Ggaba landing site,0.2564,32.6375,1
Q25049038,Tororo Solar Power Station,0.630777,34.1110426,1
Q25049048,Soroti Solar Power Station,1.685,33.658,1
Q25051453,"St. Leo’s College, Kyegobe",0.628622,30.286115,3
Q25051457,Namugoga Solar Power Station,0.17277778,32.56805556,2
Q25051501,Masaka–Bukakata Road,-0.308055555,31.877777777,1
Q25051746,Makenke,-0.57833333,30.68555556,1
Q25051757,Ruti,-0.62895,30.63263,1
Q25051947,Kamukuzi Division,-0.60482,30.63942,2
Q25051948,Kakoba Division,-0.59999,30.67896,2
Q25051963,Mbarara Northern Bypass Road,-0.581388888,30.658333333,1
Q25052004,Mukono–Kyetume–Katosi–Nyenga Road,0.24444444,32.91194444,2
Q25052047,Igorora,-0.8717,30.4167,1
Q25052479,Kilembe Mines,0.20833333,30.00694444,2
Q25052659,Hoima–Butiaba–Wanseko Road,1.79111111,31.38472222,1
Q25052697,Vurra–Arua–Koboko–Oraba Road,3.415,30.96,2
Q25052699,Kayunga–Galiraya Road,0.84694444,32.87888889,1
Q25052747,Fort Portal–Bundibugyo–Lamia Road,0.70694444,30.06305556,1
Q25052801,Moroto–Nakapiripirit Road,2.34666667,34.59083333,2
Q25052818,Rukungiri–Kihihi–Ishasha–Kanungu Road,-0.74888889,29.69805556,1
Q25052822,Ishaka–Kagamba Road,-0.67583333,30.155,1
Q25052858,Ntungamo–Mirama Hills Road,-0.98527778,30.35083333,1
Q25052863,Bumbobi–Bubulo–Lwakhakha Road,0.95083333,34.27138889,1
Q25052870,Kigezi College Butobere,-1.25194444,30.01388889,4
Q25052873,Acholibur–Gulu–Olwiyo Road,2.95083333,32.27138889,2
Q25052879,Rwekunye–Apac–Aduku–Lira–Kitgum–Musingo Road,2.37416667,34.27138889,1
Q25052882,Kabale–Kisoro–Bunagana Road,-1.28277778,29.70138889,1
Q25052972,Nyakahita–Kazo–Kamwenge–Fort Portal Road,-0.37416667,31.27138889,1
Q25052974,Kigumba–Masindi–Hoima–Kabwoya Road,1.67222222,31.70527778,1
Q25052994,Kyenjojo–Kabwoya Road,0.93861111,30.80888889,1
Q25053003,Musita–Mayuge–Lumino–Majanji–Busia Road,0.38111111,33.83583333,1
Q25053017,Mpigi–Kabulasoke–Maddu–Sembabule Road,0.17388889,31.92416667,1
Q25053280,Ziroobwe–Wobulenzi Road,0.69722222,32.60555556,1
Q25053547,Tororo–Mbale–Soroti Road,1.13888889,34.165,1
Q25053550,Mbarara–Ntungamo–Kabale–Katuna Road,-0.90277778,30.25388889,1
Q25053558,Soroti–Dokolo–Lira Road,1.92305556,33.15777778,1
Q2505963,Kotido,3.006111,34.1125,12
Q25064575,Anaka General Hospital,2.59972222,31.9475,1
Q25066519,Nebbi General Hospital,2.4775,31.08555556,1
Q25066633,Atutur General Hospital,1.40944444,33.99083333,1
Q25066678,Kiboga General Hospital,0.91194444,31.77638889,1
Q25067256,Kitagata General Hospital,-0.6725,30.15111111,1
Q25067322,Bududa General Hospital,1.00944444,34.33277778,1
Q25067368,Kapchorwa General Hospital,1.39861111,34.44722222,1
Q25068075,Bundibugyo General Hospital,0.70527778,30.06472222,1
Q25100954,Mpanga Central Forest Reserve,0.2063,32.3016,3
Q25101401,Matany Airstrip,2.44944444,34.39583333,3
Q25104059,Uganda Christian University School of Medicine,0.31305556,32.55805556,3
Q25104823,Ugachick Limited,0.48972222,32.60361111,1
Q25105188,Mount Kilak,3.035833333,31.973333333,1
Q25226775,Ntusi (site),0.05,31.2167,2
Q25226841,Kapchorwa–Suam Road,1.4175,34.62222222,1
Q25226847,Kamdini–Gulu Road,2.57694444,32.35388889,1
Q25226854,Muyembe–Nakapiripirit Road,1.47916667,34.41555556,1
Q25226855,Jinja–Kamuli–Mbulamuti Road,0.654444444,33.166944444,1
Q25226859,Mukono–Kayunga–Njeru Road,0.659166666,32.958333333,1
Q25226868,Soroti–Katakwi–Moroto–Lokitanyala Road,2.02777778,34.12166667,1
Q25226872,Ntungamo–Rukungiri Road,-0.8325,30.04027778,1
Q25226900,Soroti–Amuria–Abim–Kotido Road,2.72722222,33.66416667,1
Q25226913,Masaka–Mbarara Road,-0.43333333,31.09444444,1
Q25226924,Kampala–Mityana Road,0.37722222,32.15555556,1
Q25226926,Kampala–Busunju Expressway,0.45583333,32.33527778,2
Q25226934,Kampala–Hoima Road,0.92472222,31.75722222,1
Q25226959,Tirinyi–Pallisa–Kamonkoli–Kumi Road,1.15111111,33.71861111,1
Q25226960,Milege World Music Festival,0.0620109,32.4792744,3
Q25226970,Kabulasoke Solar Power Station,0.1502406,31.8198479,1
Q25226977,Mayuge Solar Power Station,0.492,33.4304,1
Q25226994,Buranga Geothermal Power Station,0.83305556,30.16694444,1
Q25227007,Achwa 3 Hydroelectric Power Station,3.01861111,32.54833333,1
Q25227008,Koboko–Yumbe–Moyo Road,3.47861111,31.265,1
Q25227050,Kampala–Entebbe Road,0.19666667,32.53972222,2
Q25227061,Kampala–Gayaza Road,0.42722222,32.59916667,1
Q25227067,Entebbe General Hospital,0.06388889,32.47166667,2
Q25227072,Mityana Hospital,0.39666667,32.04222222,2
Q25227075,Kayunga Hospital,0.70333333,32.90388889,1
Q25227078,Kiryandongo General Hospital,1.87944444,32.06194444,2
Q25227081,Abim General Hospital,2.69888889,33.65777778,1
Q25227083,Adjumani General Hospital,3.37416667,31.7925,1
Q25227085,Tororo General Hospital,0.695,34.18777778,1
Q25227096,Kawolo General Hospital,0.36805556,32.94555556,2
Q25227097,Bugiri General Hospital,0.57361111,33.7425,1
Q25227099,Nakasongola Military Hospital,1.39111111,32.49805556,1
Q25227100,Iganga General Hospital,0.61583333,33.48444444,2
Q25227101,Apac General Hospital,1.97833333,32.53361111,1
Q25227106,Busolwe General Hospital,0.84944444,33.92916667,1
Q25227107,Moyo General Hospital,3.64972222,31.72722222,1
Q25227111,Rakai General Hospital,-0.70527778,31.4025,1
Q25227112,Buwenge General Hospital,0.225,33.32194444,1
Q25227119,Kalisizo General Hospital,-0.53555556,31.62277778,1
Q25227121,Kagadi General Hospital,0.94166667,30.80888889,2
Q25227128,Kambuga General Hospital,-0.81388889,29.80083333,1
Q25227130,Myanzi–Kassanda–Bukuya–Kiboga Road,0.61472222,31.83583333,1
Q25227138,Mityana–Mubende Road,0.44722222,31.69027778,1
Q25227140,Mubende–Kyegegwa–Kyenjojo–Fort Portal Road,0.60583333,30.66138889,1
Q25227141,Fort Portal–Kasese–Mpondwe Road,0.0,29.99861111,1
Q25227145,Kikorongo–Ishaka Road,-0.27694444,30.1075,1
Q25227147,Mbarara–Ishaka Road,-0.57944444,30.39194444,1
Q25227163,Masafu,0.4025,34.024166666,1
Q25227169,Makerere University Hospital,0.32777778,32.57083333,1
Q25230596,Kampala–Mpigi Expressway,0.265,32.43027778,1
Q25230597,Kampala Southern Bypass Highway,0.35111111,32.6625,1
Q25230598,Kampala–Bombo Expressway,0.47444444,32.51833333,1
Q25230637,Tororo Wind Power Station,0.64166667,34.17361111,1
Q25230649,Hoima Airport,1.47416667,31.04527778,1
Q25230820,Osukuru Thermal Power Station,0.63222222,34.15833333,1
Q25247812,Munsa (site),0.825,31.3,2
Q25340059,Upper Mulago Regional Referral Hospital,0.34083333,32.57583333,2
Q253593,Mount Baker,0.36666667,29.9,16
Q2538700,Wadelai,2.724166666,31.392222222,5
Q2544864,Katakwi,1.915,33.955,8
Q2547740,Lake Wamala,0.328333333,31.840555555,15
Q2559188,Western Region,-0.65,30.6833,38
Q2559220,Eastern Region,0.41666667,33.2,41
Q2559686,Northern Region,2.783333333,32.3,37
Q25704987,Cineplex Cinema,0.3144096,32.5772376,1
Q2575594,Kiambu County,-1.16666667,36.83333333,22
Q257903,Masindi Airport,1.755,31.736667,8
Q2587755,East African Plateau,-0.027861111,36.560861111,12
Q2597300,Bundibugyo,0.71117,30.06469,13
Q25999189,Airtel Uganda,0.32055556,32.58833333,1
Q261506,Makerere University,0.335,32.5675,35
Q2649391,Rakai,-0.71,31.405,12
Q2658047,Nakapiripirit,1.85,34.71666667,10
Q26879379,Kitalya Maximum Security Prison,0.43583333,32.23305556,2
Q2692015,Kaberamaido,1.765,33.15,9
Q2692613,Katonga River,0.2,30.833333333,18
Q26926897,Masaka–Villa Maria–Bukomansimbi–Sembabule Road,-0.12611111,31.55611111,1
Q2737438,Kazinga Channel,-0.2,29.883333333,18
Q2750140,Kagera River,-2.39,30.780555555,65
Q2753927,Kyambogo University,0.35,32.63,12
Q2789444,Kibaale,0.79,31.065,9
Q27961857,Bagwe,0.4045,34.0196,2
Q27962137,Parombo,2.30194444,31.20305556,2
Q27963295,Tegeres,1.3233,34.45246,2
Q28134986,"Ministry of Gender, Labour and Social Development (Uganda)",0.316666666,32.578611111,3
Q28135267,Ministry of Justice and Constitutional Affairs,0.313055555,32.586111111,1
Q28135348,Ministry of East African Community Affairs,0.320277777,32.589444444,2
Q28162706,Mbalala,0.36972222,32.82305556,1
Q28162708,Mateete,-0.24222222,31.48805556,2
Q28162709,Lwemiyaga,1.315,32.465,1
Q28162710,Ntuusi,0.05,31.20111111,1
Q28162733,Divisions of Kampala,0.31472222,32.57888889,1
Q28162740,Muduuma,0.34666667,32.30777778,1
Q28223289,Ministry of Health,0.3328,32.5778,5
Q28223294,Ministry of Information and Communications Technology,0.313333333,32.581944444,1
Q28223295,External Security Organisation,0.32027778,32.58666667,1
Q28223299,Uganda Energy Credit Capitalisation Company,0.31333333,32.58194444,1
Q28223315,Dairy Development Authority,0.32611111,32.58305556,1
Q28223321,Lugogo,0.32805556,32.60583333,1
Q28223324,URA House,0.33027778,32.61944444,1
Q28223332,Ministry of Internal Affairs,0.318888888,32.596944444,1
Q28223335,"Ministry of Lands, Housing and Urban Development",0.315169,32.588292,1
Q28223337,Ministry of Water and Environment,0.299073,32.648829,4
Q28223341,Ministry of Local Government,0.313611111,32.5825,1
Q28223343,Ministry for Karamoja,0.316111111,32.586388888,2
Q28223344,Ministry of Disaster Preparedness and Refugees,0.316111111,32.586388888,3
Q28223346,"Ministry of Science, Technology and Innovation",0.35375,32.612361111,1
Q28231516,Bukasa Inland Port,0.289722,32.670556,2
Q28231896,Zoka Forest,3.0175,31.65583333,3
Q28232201,Uganda Electricity Distribution Company Limited,0.32638889,32.57722222,3
Q28402300,EFC Uganda Limited,0.31027778,32.57694444,1
Q28402499,Murchison Bay Hospital,0.29944444,32.64166667,1
Q28403699,Institute of Certified Public Accountants of Uganda,0.340833333,32.588888888,1
Q28405020,Pagirinya Refugee Settlement,3.353,31.992,1
Q28439900,Iganga Boys Boarding Primary School,0.3582,33.4867,1
Q28444827,Gombe General Hospital,0.18305556,32.115,1
Q28446262,Mawogola County,-0.13115,31.44493,3
Q28446440,Deposit Protection Fund of Uganda,0.331277777,32.578472222,1
Q28446441,Africa Renewal University,0.3261,32.4406,4
Q28446531,Nakawa–Naguru Estates,0.33222222,32.61027778,1
Q28447845,Christ the King Catholic Church,0.31444444,32.58444444,1
Q28452265,Ministry of Public Service,0.331388888,32.576111111,1
Q28456603,Kyanamukaaka,-0.52693,31.84213,3
Q289419,Rukungiri District,-0.733333333,29.883333333,20
Q2901878,Jinja Airport,0.4525,33.19305556,10
Q2902777,Arua Airport,3.04722222,30.91222222,11
Q2915867,Rift Valley lakes,3.0,36.333333333,12
Q2927681,Bufumbira,-1.3,29.716666666,5
Q29569942,Bidi Bidi Refugee Settlement,3.53,31.35,6
Q2967735,Owen Falls,0.444444444,33.187222222,8
Q3016016,Nebbi Airport,2.51361,31.1325,4
Q30261670,Association for Strengthening Agricultural Research in Eastern and Central Africa,0.048081,32.470897,2
Q30261875,National Agricultural Research Organisation,0.058929,32.478039,1
Q30262070,Nature Kenya,-1.273203,36.814516,2
Q30262098,Uganda Industrial Research Institute,0.336269,32.625272,1
Q30262100,Uganda National Academy of Sciences,0.329215,32.570983,4
Q30266942,Nature Uganda,0.343936,32.610462,1
Q30285521,Uganda National Council for Science and Technology,0.35377,32.612362,1
Q30290550,Joint Clinical Research Centre,0.304144,32.566746,1
Q30602,2013 UCI Road World Championships,43.773288,11.255307,20
Q30624741,Kagitumba river,-1.0572,30.4729,3
Q30627004,Namayumba,0.52805556,32.25055556,5
Q3077985,Fort Portal,0.7,30.25,3
Q3088116,Kamuli,0.9445873,33.1236818,13
Q3088800,Democratic Republic of the Congo–Uganda border,-1.391671296,29.594439814,7
Q3088801,Rwanda–Uganda border,-1.391671296,29.594439814,6
Q3088803,Tanzania–Uganda border,-1.625,30.477777777,7
Q3088804,South Sudan–Uganda border,3.4875,30.852777777,6
Q3089101,Kenya–Uganda border,-0.993060185,33.925,6
Q30913458,Akii Bua Stadium,2.250281,32.9003,2
Q309426,Kasubi Tombs,0.329166666,32.553333333,57
Q31395848,Nangataret Kaakodiam,2.676666666,34.782777777,1
Q31395849,Loolimo,2.618055555,34.830555555,1
Q31395852,Zinat,3.011666666,33.851666666,1
Q31395853,Zaiwa,3.089722222,31.9075,1
Q31395854,Yingbay,3.617222222,31.541666666,1
Q31395855,Wiceri,2.966944444,31.998055555,1
Q31395858,Wadelai,2.7325,31.4783,1
Q31395860,Use,2.552777777,30.905555555,1
Q31395863,Uchi,2.979722222,31.039444444,1
Q31395864,Tukaliri,3.4011,31.0203,1
Q31395865,Tororo,0.684722222,34.183055555,1
Q31395867,Mount Speke,0.401944444,29.892222222,1
Q31395868,Sole,3.982777777,33.969444444,1
Q31395870,Sokot,3.269166666,33.729166666,1
Q31395871,Sokober,3.228611111,31.781111111,1
Q31395872,Sogonso,0.60667,33.88222,1
Q31395873,Sogolimen,2.9599,34.5313,1
Q31395874,Sogolimen,2.405277777,34.712777777,1
Q31395875,Sitambogo,0.493611111,33.927222222,1
Q31395876,Simue,0.288888888,32.922222222,1
Q31395877,Siavona,0.243888888,33.855,1
Q31395878,Senge,0.365277777,32.843611111,1
Q31395880,Sempaya,0.875555555,30.198888888,1
Q31395881,Sekiunga,0.1616,32.536,1
Q31395884,Sango,3.2028,31.8307,1
Q31395886,Rweshama,-1.0275,30.4,1
Q31395887,Rwebirago,-1.0292,30.0225,1
Q31395889,Rwakungwe,1.6287,31.8749,1
Q31395890,Rukenga,0.32042,29.92958,1
Q31395891,Rugongo,-1.1542,30.1842,1
Q31395892,Ruato,0.19117,29.85801,1
Q31395893,Ru,2.801111111,31.094722222,1
Q31395894,Rigbonga,3.1493,31.4839,1
Q31395895,Lere,2.024166666,32.140833333,1
Q31395898,Portal Peaks,0.401111111,29.955,2
Q31395899,Piryar,3.3925,33.668055555,1
Q31395900,Peta,0.772,34.0919,1
Q31395902,Patiri,2.7686,32.1264,1
Q31395903,Polowang,2.562777777,31.593055555,1
Q31395905,Palalango,2.9925,31.876388888,1
Q31395906,Pakhat,2.9763,31.8856,1
Q31395907,Pagengo,2.5236,31.5653,1
Q31395908,Oyii,2.745,30.980555555,1
Q31395909,Oyiena,3.078611111,31.527777777,1
Q31395910,Ova,2.7013,31.2893,1
Q31395911,Atoo,2.832777777,32.479166666,1
Q31395912,Opoi,2.845277777,31.083333333,1
Q31395913,Opit,2.588333333,32.471666666,1
Q31395915,Opio,2.945,32.057222222,1
Q31395916,Operiperi,2.6436,34.6984,1
Q31395917,Okusoma,0.3175,29.873333333,1
Q31395918,Okela,3.4222,32.1881,1
Q31395919,Ojewa,3.215555555,31.050833333,1
Q31395920,Ogul,3.6864,32.8558,1
Q31395923,Ogili,3.387222222,32.452777777,1
Q31395925,Ofude,3.268333333,31.018055555,1
Q31395926,Odwede,3.064722222,31.911111111,1
Q31395927,Odra,3.215555555,31.033333333,1
Q31395928,Obwero,3.2611,33.5507,1
Q31395929,Nyaryegi,2.4126,31.2924,1
Q31395930,Nyamyalilo,0.25125,29.91792,1
Q31395933,Nyakisa Hills,-0.8675,30.2025,1
Q31395934,Nturage,0.768611111,30.2925,1
Q31395936,Ntunda South,0.087777777,32.919722222,1
Q31395937,Nowanila,0.708333333,30.150555555,1
Q31395938,Nkungwe,0.289722222,33.238055555,1
Q31395940,Nkai,0.008611111,32.920833333,1
Q31395941,Njereka,0.6972,33.1464,1
Q31395942,Njara,0.669444444,30.288055555,1
Q31395943,Ngora,2.053611111,34.634722222,1
Q31395944,Ngole,3.145555555,33.945,1
Q31395945,Ngogwe,0.088055555,33.095555555,1
Q31395947,Nero,2.698888888,34.715833333,1
Q31395949,Nebolola,0.314722222,34.018888888,1
Q31395950,Ndoyo,1.8675,32.215277777,1
Q31395951,Nawuyakitalia,3.692,33.7812,1
Q31395952,Nathianakito,3.756,33.749,1
Q31395953,Nariwokitoi,4.0286,33.9892,1
Q31395955,Napedo,3.094722222,33.956666666,1
Q31395957,Nanjala,0.236388888,33.836666666,1
Q31395958,Nangoma,0.419722222,33.868888888,1
Q31395959,Nandelema,0.794722222,34.2675,1
Q31395961,Namyekudo,1.540277777,31.865555555,1
Q31395962,Namur,3.561666666,32.333055555,1
Q31395963,Nampongwe,0.1036,33.7687,1
Q31395964,Namoruputh,2.340277777,34.872777777,1
Q31395965,Naminage,0.161944444,33.179722222,1
Q31395967,Namasuli,0.1725,29.9825,1
Q31395968,Namarinda,0.149722222,32.892222222,1
Q31395970,Namafuma,0.532777777,33.358333333,1
Q31395971,Nakyesanja,0.399166666,33.100277777,1
Q31395973,Nakiilasia,2.0985,34.8635,1
Q31395974,Nakapelo,2.760833333,34.669722222,1
Q31395976,Nabwei,0.889722222,34.205833333,1
Q31395979,Mwelo,0.7077,34.0582,1
Q31395981,Mutungo,0.314722222,32.643055555,1
Q31395983,Musubi,0.341666666,33.672777777,1
Q31395985,Murokatipe,0.703,34.2346,1
Q31395986,Murere,2.4375,34.714166666,1
Q31395987,Murage,2.900277777,34.525833333,1
Q31395988,Mulinda,0.4183,30.1167,1
Q31395990,Mulange,0.50972,33.04528,1
Q31395991,Mulanda,0.696944444,34.008333333,1
Q31395992,Mukobe,0.321944444,33.650833333,1
Q31395993,Mukihara,0.8958,30.4704,1
Q31395994,Mukihani,1.495555555,31.370555555,1
Q31395995,Maruzi II,1.701111111,32.327222222,1
Q31395996,Mugulunga,0.25,29.8367,1
Q31395998,Muganga,0.361111111,33.195277777,1
Q31396000,Msoli,0.453055555,33.320555555,1
Q31396001,Msandama,0.748888888,30.170277777,1
Q31396003,Mpunge,0.117222222,32.715833333,1
Q31396005,Mpomode,0.575277777,33.1475,1
Q31396006,Morunyang,3.823888888,33.623055555,1
Q31396008,Morunyang,3.733611111,33.872777777,1
Q31396009,Morunyang,3.403055555,33.848611111,1
Q31396011,Morukayetom,3.881111111,33.773333333,1
Q31396013,Morukarengany,3.888611111,33.797222222,1
Q31396014,Moruekori,3.029722222,33.790555555,1
Q31396015,Moruboyo,3.975277777,33.909444444,1
Q31396016,Moruarangan,2.632222222,34.650555555,1
Q31396017,Moruanyaupa,3.843611111,33.704444444,1
Q31396018,Moruangibuin,2.048611111,34.607222222,1
Q31396019,Morualokoto,3.286,33.9004,1
Q31396020,Moru,2.603611111,32.443055555,1
Q31396021,Moluangikalomwa,2.7024,34.7286,1
Q31396022,Misindye,0.409,32.6891,1
Q31396023,Milimba,0.3267,30.0417,1
Q31396024,Midigo,3.610833333,31.243888888,1
Q31396025,Meturan,2.0916,34.5571,1
Q31396026,Meriss,3.365,33.786666666,1
Q31396027,Mellaje,3.471666666,31.970555555,1
Q31396028,Mboira,1.949166666,31.8425,1
Q31396029,Mbazi,0.1122,32.6844,1
Q31396030,Mbaraka,3.0703,30.796,1
Q31396031,Mawembe,0.801388888,33.340555555,1
Q31396032,Masiyo,3.258055555,31.036111111,1
Q31396034,Masitale,0.5446,30.2178,1
Q31396035,Mashure,-1.2867,30.1642,1
Q31396036,Maseke,0.6925,31.6725,1
Q31396037,Maru,3.049444444,33.956111111,1
Q31396038,Marongo,0.2225,33.452777777,1
Q31396039,Maluba,0.943888888,34.306666666,1
Q31396040,Makwali,0.968,34.3391,1
Q31396041,Makhakhala,0.783055555,34.262777777,1
Q31396042,Makaroigo,0.8425,30.475555555,1
Q31396043,Mabonwa,0.849722222,30.495833333,1
Q31396044,Lwamulinda,1.518611111,31.303055555,1
Q31396045,Luwemoi,2.5511,34.8673,1
Q31396046,Lunyo,0.326666666,33.893611111,1
Q31396047,Lungalya,1.552222222,31.115,1
Q31396048,Lukohe,1.8877,31.6307,1
Q31396049,Lukalu,0.295555555,33.106666666,1
Q31396051,Lubare Ridge,-0.3683,30.1183,1
Q31396052,Lothogol,2.76,34.537777777,1
Q31396054,Lotalama,3.398888888,31.025277777,1
Q31396055,Losigiria,3.78,33.742777777,1
Q31396057,Kocholo,3.493611111,33.865,1
Q31396058,Loperikidor,3.101944444,33.969166666,1
Q31396059,Longi,2.993888888,31.973333333,1
Q31396060,Lomunyen Kipura,2.728333333,34.774444444,1
Q31396061,Lomoruarei,2.1629,34.5443,1
Q31396062,Lolung,2.69,34.699444444,1
Q31396063,Lolekek,2.734166666,34.748888888,1
Q31396064,Lokupoi,2.7329,34.685,1
Q31396065,Lokorimongen,3.885,33.712777777,1
Q31396066,Lokomoru,4.019722222,33.934166666,1
Q31396067,Lokolimith,2.6175,34.7575,1
Q31396068,Lokimait,3.842777777,33.750833333,1
Q31396069,Lokilan,2.821666666,34.56,1
Q31396070,Lokichar,3.870833333,33.716666666,1
Q31396071,Lokayet,3.780833333,33.725277777,1
Q31396072,Lokathiro,2.124444444,34.628888888,1
Q31396073,Lokatero,2.6882,34.6618,1
Q31396075,Lokapel,2.6676,34.564,1
Q31396076,Lokapel,2.157222222,34.661944444,1
Q31396077,Logwel,3.131944444,33.966388888,1
Q31396078,Lodwar,3.355,33.673611111,1
Q31396079,Lochowai,2.181111111,34.510555555,1
Q31396080,Lero,2.926388888,34.5875,1
Q31396081,Laura Ridge,2.7724,31.0153,1
Q31396082,Latworo,3.339444444,32.2525,1
Q31396083,Lating,2.4662,30.9865,1
Q31396085,Lamola,2.902777777,32.095,1
Q31396086,Laita,3.235,33.443888888,1
Q31396087,Ladwong,3.096111111,32.311944444,1
Q31396088,Lacic,3.532777777,32.727777777,1
Q31396089,Labworomor,3.1044,32.3946,1
Q31396090,Laboro,2.901111111,31.650555555,1
Q31396091,Labala,2.985,32.008888888,1
Q31396092,Kyasa,0.215833333,32.690277777,1
Q31396093,Kyanzeire,-1.125,30.1367,1
Q31396094,Kyabwageya,0.583333333,30.083333333,1
Q31396095,Kwais,2.624166666,34.6525,1
Q31396096,Kurao,3.880833333,33.974166666,1
Q31396098,Kajulula,2.9252,31.6497,1
Q31396100,Kuchine,2.564166666,31.249722222,1
Q31396101,Kopor,3.0748,33.8195,1
Q31396102,Kopem,3.896666666,33.913611111,1
Q31396103,Kololo,0.334166666,32.591666666,2
Q31396104,Kokwass,3.1925,33.947777777,1
Q31396105,Kadomio,4.074166666,33.858333333,1
Q31396108,Kacholo,3.442222222,33.89,1
Q31396109,Kiwera,0.5652,30.0743,1
Q31396110,Kiunga,0.456111111,33.125,1
Q31396111,Kitonya,1.644166666,31.778611111,1
Q31396112,Kisunji,0.66,33.296666666,1
Q31396113,Kirikiri,3.394444444,31.030833333,1
Q31396114,Kiriba,1.673888888,31.835833333,1
Q31396116,Kioga,0.398055555,33.600833333,1
Q31396117,Kinoni,0.383611111,33.044722222,1
Q31396118,Kimaka,0.453611111,33.2,1
Q31396119,Kilongo,0.56361,33.72056,1
Q31396121,Kikwerik,3.614166666,31.558611111,1
Q31396122,Kijur,3.001944444,32.302777777,1
Q31396123,Kigulya,1.675833333,31.752777777,1
Q31396124,Kigulu,0.64194,33.48139,1
Q31396125,Kigulu,0.3831,33.5592,1
Q31396126,Kigarama,-0.5419,30.4192,1
Q31396129,Kidimbuli,0.57806,33.34528,1
Q31396130,Kichok,3.176666666,33.521111111,1
Q31396131,Kiando,0.430555555,33.424722222,1
Q31396132,Kianamo,0.316666666,29.966666666,1
Q31396133,Kei,3.5925,31.100833333,1
Q31396134,Kazir,3.339722222,33.703333333,1
Q31396135,Kazidi,3.296944444,33.695833333,1
Q31396136,Kawembe,0.54083,33.25444,1
Q31396138,Katunguru,0.2975,30.0158,1
Q31396139,Katigusa,0.620277777,30.379722222,1
Q31396140,Kateli,2.805,34.7411,1
Q31396141,Katabwa,0.540833333,30.071944444,1
Q31396142,Katabarua,0.4192,30.0367,1
Q31396143,Kasongoire,1.948611111,32.218055555,1
Q31396144,Karinga,0.885833333,30.196666666,1
Q31396145,Kariabor,3.285833333,33.530277777,1
Q31396146,Karangora,0.633611111,30.122222222,1
Q31396147,Kapochom,3.449166666,33.643055555,1
Q31396148,Kapendongor,2.061666666,34.720277777,1
Q31396149,Kamigo,0.6342,33.2675,1
Q31396150,Kalonge,0.19806,29.9545,1
Q31396151,Amobwasi,3.725555555,33.672777777,1
Q31396152,Kaliro,0.9306,33.4886,1
Q31396153,Kalingalem,3.313888888,33.976944444,1
Q31396155,Kaligee,2.794444444,34.5575,1
Q31396157,Kalengili,0.4842,30.015,1
Q31396158,Kalamuwi,2.843333333,34.544722222,1
Q31396159,Kakuka,0.436666666,29.952777777,1
Q31396160,Kakaka,0.5024,30.0418,1
Q31396161,Kaduku,1.7541,31.9336,1
Q31396162,Kadomera,3.512777777,32.234722222,1
Q31396163,Kadanyeko,2.4774,31.5644,1
Q31396164,Kachut,3.403055555,33.871944444,1
Q31396165,Kachonga,0.992222222,34.120277777,1
Q31396166,Kacheri,3.1625,33.934166666,1
Q31396167,Kabusyak,3.4245,33.9406,1
Q31396168,Kaburengwa,0.3861,32.4903,1
Q31396169,Kabungo Ridge,-0.9467,30.2458,1
Q31396170,Kababito,1.634444444,31.450555555,1
Q31396171,Jakawai,3.62,31.285,1
Q31396172,Iwemba,0.59528,33.81,1
Q31396174,Itor,3.338055555,31.010277777,1
Q31396175,Isi,3.552222222,31.726388888,1
Q31396177,Isagara,1.595,31.603888888,1
Q31396178,Iremera,-1.215,30.1842,1
Q31396179,Iragaza,-1.1508,30.0967,1
Q31396181,Inyi,2.8225,31.0975,1
Q31396182,Imagit,2.564,34.7264,1
Q31396183,Ihunga,1.776388888,31.388611111,1
Q31396184,Gulibi,0.453611111,33.344166666,1
Q31396185,Gorotoa,3.141666666,33.700277777,1
Q31396186,Goromi,2.706944444,31.025,1
Q31396187,Gombe,0.221666666,33.593055555,1
Q31396188,Goma,3.0925,32.6745,1
Q31396189,Goli,2.6891,31.0955,1
Q31396191,Geremech,3.610833333,33.708888888,1
Q31396192,Gakaididai,2.198611111,34.642777777,1
Q31396193,Fumbya,1.623333333,31.662777777,1
Q31396195,Ewuyo,2.917222222,30.990833333,1
Q31396196,Ethe,3.783055555,33.844722222,1
Q31396197,Eru,2.850277777,30.951666666,1
Q31396198,Togoro,3.496388888,32.316944444,1
Q31396199,Dyangbi,3.443888888,32.172222222,1
Q31396200,Dwalina,0.817777777,30.193333333,1
Q31396202,Cholom,3.500277777,33.889444444,1
Q31396203,Chei,3.726666666,31.193888888,1
Q31396204,Bwabiye,0.2369,33.0153,1
Q31396205,Buyemba,0.636111111,34.1325,1
Q31396206,Buwongo,0.491944444,33.578055555,1
Q31396208,Buwaya,0.512222222,33.505277777,1
Q31396209,Butologo Hills,0.85,31.466666666,1
Q31396210,Butiki,0.495833333,33.201666666,1
Q31396211,Busimo,0.466944444,33.586666666,1
Q31396212,Busiga,0.254722222,32.613888888,1
Q31396213,Buraza,1.655277777,31.345,1
Q31396214,Burama Hill,-1.1683,30.2425,1
Q31396215,Bulukatoni,3.015555555,31.235277777,1
Q31396216,Bulongwe,0.354444444,33.4125,1
Q31396218,Bulinda,0.054722222,33.274722222,1
Q31396219,Bulija,0.42083,33.71694,1
Q31396220,Bulamba,0.362222222,33.866944444,1
Q31396221,Bukuba,0.506111111,30.134444444,1
Q31396222,Bukorwe Ridge,-0.7375,29.6642,1
Q31396223,Bukaleba,0.4216,33.3765,1
Q31396224,Bwikama,1.578055555,31.276944444,1
Q31396225,Buhirigi,1.580277777,31.228333333,1
Q31396226,Bubaga,0.234444444,33.341666666,1
Q31396227,Boroli,3.293333333,31.862777777,1
Q31396228,Bongi,3.195,31.519722222,1
Q31396229,Bondo,2.796666666,30.945555555,1
Q31396230,Biliba Ridge,2.8528,31.2113,1
Q31396231,Biemba,0.419166666,33.460555555,1
Q31396232,Benga,3.503333333,32.856666666,1
Q31396234,Behanga,0.964444444,30.304722222,1
Q31396235,Batoda,0.283333333,29.866666666,1
Q31396236,Barituku,3.209722222,31.045277777,1
Q31396237,Baratuku,3.136944444,31.705,1
Q31396238,Balaki,0.8225,34.313611111,1
Q31396239,Bakhara,2.73671,31.5601,1
Q31396240,Bagete,0.1579,33.2825,1
Q31396241,Awa,3.256111111,31.253611111,1
Q31396242,Atumutaok,2.230555555,34.65,1
Q31396243,Daisik,3.5243,33.9001,1
Q31396244,Arua,3.010833333,30.915277777,1
Q31396245,Aropa,3.023611111,31.055,1
Q31396246,Aringba,3.383611111,31.033611111,1
Q31396247,Arawa,3.237,31.86,1
Q31396248,Arakath,3.036111111,33.964444444,1
Q31396249,Apuket,3.738333333,33.614444444,1
Q31396251,Anari,3.2594,31.6151,1
Q31396253,Amoji Hills,3.475555555,32.2525,1
Q31396254,Ambana,2.8255,31.6261,1
Q31396255,Amalei,2.836111111,31.089722222,1
Q31396256,Aloyepa,3.484444444,33.907222222,1
Q31396257,Alikwa,3.231944444,30.981666666,1
Q31396258,Alighar,3.7058,32.5367,1
Q31396259,Akomelioret,2.4347,34.8551,1
Q31396260,Akolob,3.475277777,33.630833333,1
Q31396261,Akipiye,3.749166666,33.623888888,1
Q31396262,Akara,3.3516,33.2114,1
Q31396263,Akara,3.195555555,32.329166666,1
Q31396264,Agem,3.468333333,32.411111111,1
Q31396265,Adivoro,3.2778,31.8912,1
Q31396266,Adodi,3.6811,32.4625,1
Q31396267,Adjiko,2.9788,31.5486,1
Q31396268,Adider,3.213333333,33.925833333,1
Q31396269,Abutze,3.739166666,31.868611111,1
Q31396271,Abayo,3.413055555,32.725833333,1
Q31396272,Abakamel,2.598055555,30.985833333,1
Q31396273,Abaka,3.185,32.343888888,1
Q31396274,Bugaia,0.031944444,33.267777777,1
Q31396275,Kizito,0.2421,33.596,1
Q31396276,Wakabuzi,0.257222222,33.030277777,1
Q31396277,Mpogo,0.3266,33.1254,1
Q31396278,Bugusa,0.261666666,33.312222222,1
Q31396279,Nakat,0.255833333,33.539166666,1
Q31396280,Busiba,0.38982,33.6777,1
Q31396282,Bugwangoma,0.5,33.68806,1
Q31396283,Nabitendi,0.7681,33.4636,1
Q31396284,Kamalinga Hills,2.098611111,34.348055555,1
Q31396285,Alexandra,0.384166666,29.871944444,1
Q31396286,Victorio Emanuele,0.398333333,29.8925,1
Q31396287,Bottego,0.429166666,29.915277777,1
Q31396288,Kihuma,0.4058,29.9579,1
Q31396289,Kinyangoma,0.366666666,29.926388888,1
Q31396291,Moore,0.368888888,29.905277777,1
Q31396293,Wollaston,0.366666666,29.906388888,1
Q31396294,Edward,0.361111111,29.893055555,1
Q31396295,Weismann,0.329722222,29.8875,1
Q31396296,Sella,0.334166666,29.891666666,1
Q31396297,Okuhandika,0.311111111,29.873055555,1
Q31396298,Okubara,0.293888888,29.865833333,1
Q31396299,Cagni,0.361111111,29.919166666,1
Q31396300,Kaitanjojo,1.570555555,31.522222222,1
Q31396301,Naitondo,1.579722222,31.543055555,1
Q31396302,Wanyana,1.583888888,31.549166666,1
Q31396303,Kamugonya,1.582222222,31.524722222,1
Q31396304,Kanyatiro,1.601111111,31.511388888,1
Q31396306,Lumenya,1.62451,31.51815,1
Q31396307,Bugirwa,1.606111111,31.5625,1
Q31396308,Kasato,1.611111111,31.559444444,1
Q31396309,Nyabinyomo,1.637777777,31.548333333,1
Q31396311,Kisarabuire,1.661388888,31.553611111,1
Q31396312,Kasenene,1.739444444,31.578055555,1
Q31396313,Kapeka,1.681111111,31.595833333,1
Q31396314,Mirembe,1.656111111,31.5725,1
Q31396315,Karungo,1.609444444,31.634722222,1
Q31396316,Rukukukura,1.581666666,31.599444444,1
Q31396317,Muro,1.547777777,31.615,1
Q31396318,Kyanyamutamba,1.540555555,31.630833333,1
Q31396319,Maiha,1.530277777,31.624444444,1
Q31396320,Sogyo,1.5875,31.611666666,1
Q31396321,Bugarama,1.648333333,31.661666666,1
Q31396322,Nyambindo,1.645,31.677222222,1
Q31396324,Ruijere,1.646111111,31.685277777,1
Q31396325,Kalyayobyo,1.647777777,31.693611111,1
Q31396326,Rwemiyaga,1.627777777,31.673888888,1
Q31396327,Kasekuro,1.608055555,31.675,1
Q31396328,Nyakatakuli,1.590277777,31.648055555,1
Q31396329,Kaburaisoke,1.579722222,31.643333333,1
Q31396331,Kinyamurara,1.553333333,31.682222222,1
Q31396332,Kabo,1.60034,31.68074,1
Q31396333,Nyakarunya,1.651388888,31.7175,1
Q31396334,Nyabetereka,1.647777777,31.730555555,1
Q31396335,Kyembwe,1.6425,31.715277777,1
Q31396337,Kyarubanga,1.651111111,31.748611111,1
Q31396338,Kyembogo,1.633333333,31.739722222,1
Q31396339,Rugusha,1.618333333,31.706388888,1
Q31396340,Inenwa,1.608055555,31.695277777,1
Q31396341,Kaleramaire,1.6325,31.761111111,1
Q31396342,Kicope,1.563611111,31.760555555,1
Q31396344,Kasongoire,1.640555555,31.809166666,1
Q31396346,Karangwe,1.537777777,31.9625,1
Q31396347,Kibanja,1.52,31.959166666,1
Q31396348,Audri,3.362222222,31.037777777,1
Q31396350,Kikamwa,1.964444444,31.678055555,1
Q31396351,Odima,3.2292,31.079,1
Q31396352,Walyasi,1.9529,31.7046,1
Q31396353,Kichumbanyobo,1.8989,31.6972,1
Q31396354,Ngava,2.206666666,31.270277777,1
Q31396355,Undier,2.233055555,31.243333333,1
Q31396357,Waisere,1.993611111,31.815277777,1
Q31396359,Fabidi,1.908611111,31.734444444,1
Q31396360,Oi Alego,2.465833333,31.024444444,1
Q31396361,Nyamandeija,1.591388888,31.261111111,1
Q31396362,Kawango,1.506111111,31.369722222,1
Q31396363,Kayanja,1.515555555,31.373333333,1
Q31396364,Musuja,1.5225,31.356666666,1
Q31396365,Nkondo,1.524166666,31.378888888,1
Q31396366,Kamomole,1.539166666,31.364444444,1
Q31396367,Rwemigo,1.551388888,31.378055555,1
Q31396368,Rwensoga,1.546944444,31.394722222,1
Q31396369,Isogya,1.5375,31.391666666,1
Q31396370,Kiraira,1.551388888,31.403611111,1
Q31396371,Nyamantura,1.516666666,31.419166666,1
Q31396372,Kasungwa,1.526666666,31.422222222,1
Q31396373,Kawaikere,1.559722222,31.436111111,1
Q31396374,Kirwe,1.553611111,31.452777777,1
Q31396375,Nyabiryo,1.5525,31.46,1
Q31396376,Nyabampasana,1.551111111,31.463055555,1
Q31396377,Bulemwa,1.563055555,31.4725,1
Q31396378,Kiryamukokoto,1.548888888,31.440833333,1
Q31396379,Kibuurwa,1.560277777,31.412222222,1
Q31396380,Kaboijana,1.5675,31.421111111,1
Q31396381,Kabarungi,1.5729,31.3262,1
Q31396382,Itambiro,1.5859,31.3922,1
Q31396383,Nyakabale,1.597222222,31.414722222,1
Q31396384,Rukumba,1.6325,31.451111111,1
Q31396385,Mwoba,1.641666666,31.453333333,1
Q31396386,Nyabubale,1.664166666,31.465,1
Q31396387,Kyamurago,1.6625,31.281111111,1
Q31396388,Kampambuki,1.670555555,31.268888888,1
Q31396389,Kababwa,1.674722222,31.281944444,1
Q31396391,Kabalekangasa,1.692222222,31.312777777,1
Q31396392,Kibwiye,1.688055555,31.380555555,1
Q31396393,Kyanswaswa,1.667777777,31.436388888,1
Q31396394,Rwangabi,1.665,31.449444444,1
Q31396396,Busingiro South,1.7225,31.459722222,1
Q31396398,Nyakyeyuwa,1.716666666,31.439166666,1
Q31396399,Miteseka,1.708055555,31.44,1
Q31396400,Agu,2.5501,31.0134,1
Q31396401,Little Kasenene,1.743888888,31.49,1
Q31396402,Nyairamya,1.743333333,31.411111111,1
Q31396403,Nyaumvua,2.658888888,31.034444444,1
Q31396404,Okuva,2.792777777,31.023611111,1
Q31396405,Ozedzo,2.829166666,31.010277777,1
Q31396406,Ovisoni,2.826388888,31.018333333,1
Q31396407,Cholova,2.811388888,31.012777777,1
Q31396408,Anyanva,2.760833333,31.014444444,1
Q31396409,Kaniyo,1.835,31.651388888,1
Q31396410,Legu,3.4567,31.5459,1
Q31396411,Ori,3.460833333,31.855,1
Q31396412,Baratuku,3.475833333,31.892222222,1
Q31396413,Ikwere,3.435555555,31.8925,1
Q31396414,Ozi,3.430555555,31.8925,1
Q31396415,Dizi,3.415,31.892222222,1
Q31396416,Orunzia,3.402777777,31.834166666,1
Q31396417,Panter,3.050555555,31.5175,1
Q31396418,Lengere,3.119722222,31.92,1
Q31396419,Waringo,2.0841,31.7231,1
Q31396420,Myora,2.2125,31.607222222,1
Q31396421,Lacino,3.4078,32.4365,1
Q31396422,Mbeija,1.803611111,32.158611111,1
Q31396423,Sobiryo,1.925277777,32.223333333,1
Q31396424,Iranda,1.941666666,32.22,1
Q31396425,Kampala,1.696666666,32.207777777,1
Q31396427,Kiderama,1.718888888,32.243611111,1
Q31396428,Edum,1.736388888,32.236944444,1
Q31396430,Teolum,1.704444444,32.266944444,1
Q31396431,Ogoni,1.746388888,32.329722222,1
Q31396432,Otyamakol,1.731666666,32.338888888,1
Q31396433,Maruzi I,1.715555555,32.353888888,1
Q31396434,Opok,1.714166666,32.308333333,1
Q31396435,Guruguru,2.909444444,32.053333333,1
Q31396436,Paromo,2.954444444,32.392222222,1
Q31396437,Onina,2.705833333,32.435555555,1
Q31396438,Aparanga,2.549166666,31.900833333,1
Q31396439,Odora,2.580555555,31.758333333,1
Q31396441,Lepgnec,2.765277777,31.815555555,1
Q31396443,Ladwong,2.6485,31.5922,1
Q31396444,Lolim,2.560277777,31.704166666,1
Q31396445,Opokopung,2.5655,31.6193,1
Q31396446,Lolim,2.591666666,31.6075,1
Q31396448,Lepgnec II,2.788333333,31.806666666,1
Q31396450,Pandera,2.3776,31.6807,1
Q31396452,Bungu,2.486666666,32.240555555,1
Q31396453,Koc,2.616388888,32.156666666,1
Q31396454,Kasongoire,1.576666666,31.538888888,1
Q31396455,Nyamagita,1.638333333,31.535277777,1
Q31396457,Kimina,1.904166666,31.848888888,1
Q31396459,Kitwanga,1.977,31.9996,1
Q31396460,Kakindo,1.501944444,31.414444444,1
Q31396461,Paraa,2.22,31.564166666,1
Q31396462,Atera,1.684444444,32.266944444,1
Q31396463,Nyalighaya,3.718055555,32.536944444,1
Q31396464,Liri,3.549722222,32.588333333,1
Q31396465,Orom,3.4769,32.6092,1
Q31396466,Gul,3.341111111,32.535277777,1
Q31396467,Laguti,3.0785,32.8049,1
Q31396468,Ladyer,3.075833333,33.066666666,1
Q31396469,Amoko,3.068055555,33.074166666,1
Q31396470,Loto,3.0325,33.075833333,1
Q31396471,Ibong,3.011388888,33.081666666,1
Q31396472,Labwordwong,3.041944444,33.458888888,1
Q31396473,Kopaki,3.060833333,33.211666666,1
Q31396475,Kokwam,3.143611111,33.936944444,1
Q31396479,Kijuth,3.109444444,33.957777777,1
Q31396480,Nangolemuria,3.075833333,33.980277777,1
Q31396483,Ngothapili,3.069722222,33.9825,1
Q31396485,Obyen,3.325,33.0525,1
Q31396487,Gwiri,3.252777777,33.180555555,1
Q31396488,Nyama,3.2898,33.2462,1
Q31396489,Lagotemelong,3.313611111,33.196944444,1
Q31396490,Luluko,3.478055555,33.522777777,1
Q31396491,Tultul,3.476111111,33.526666666,1
Q31396492,Lodapal,3.486666666,33.693055555,1
Q31396493,Lonyil,3.483888888,33.705277777,1
Q31396494,Lokitete,3.411944444,33.526111111,1
Q31396495,Lomithinik,3.411666666,33.736666666,1
Q31396496,Lungiriyani,3.349444444,33.539444444,1
Q31396498,Longiya,3.326666666,33.543611111,1
Q31396499,Morunyang,3.328055555,33.550833333,1
Q31396500,Obwore,3.306388888,33.518888888,1
Q31396502,Mototi,3.309166666,33.544444444,1
Q31396503,Nabonya,3.389444444,33.903333333,1
Q31396504,Napakaagaran,3.378333333,33.893888888,1
Q31396505,Kamuria,3.601944444,33.494444444,1
Q31396506,Napori Hills,3.7025,33.556388888,1
Q31396507,Natukey,3.737777777,33.6375,1
Q31396508,Namamogweny,3.716944444,33.651666666,1
Q31396509,Kalabi,3.727777777,33.736111111,1
Q31396510,Kareki,3.698888888,33.733333333,1
Q31396511,Kakine,3.694166666,33.745833333,1
Q31396512,Lalakwang,3.678333333,33.688888888,1
Q31396513,Katurum,3.662777777,33.721944444,1
Q31396514,Adili,3.616944444,33.541944444,1
Q31396515,Palubec,3.508333333,33.591944444,1
Q31396516,Naturkankalemkwes,3.731388888,33.795,1
Q31396518,Moruethe,3.706666666,33.923333333,1
Q31396519,Loburiolowak,3.548611111,33.911388888,1
Q31396520,Naruchom,3.538888888,33.905,1
Q31396521,Agoro,3.801944444,33.011111111,1
Q31396523,Nawiyaro,3.911944444,33.978611111,1
Q31396524,Kopem,3.790555555,33.755277777,1
Q31396525,Taan Hills,3.838333333,33.821111111,1
Q31396526,Natheperoi,3.770833333,33.913888888,1
Q31396527,Mengo Hill,0.30167,32.56611,1
Q31396528,Kalingorok,2.92503,34.59491,1
Q31396531,Loritit,2.8923,34.6077,1
Q31396532,Kotukol,2.86144,34.63234,1
Q31396533,Kapalimakale,2.85719,34.66463,1
Q31396534,Moru-Alim,2.84891,34.67498,1
Q31396535,Lokerlaut,2.84426,34.69145,1
Q31396536,Kapedorr,2.80422,34.72154,1
Q31396538,Kakorlo,2.8015,34.7619,1
Q31396539,Kamodio,2.7641,34.77546,1
Q31396540,Lokithilel,2.69777,34.52697,1
Q31396541,Namunyet,2.71424,34.77074,1
Q31396542,Lokolomis,2.65397,34.76317,1
Q31396543,Moru-Torong,2.64985,34.78531,1
Q31396545,Lotakelo,2.64556,34.72509,1
Q31396547,Komakatai,2.59015,34.81618,1
Q31396548,Morueris,2.5594,34.7826,1
Q31396549,Lotogoi,2.5833,34.765,1
Q31396550,Kapwata,2.57438,34.68874,1
Q31396551,Koruaka,2.55406,34.66794,1
Q31396552,Oriongeita,2.55418,34.68732,1
Q31396553,Agiritoi,2.5341,34.69622,1
Q31396554,Kasimeri,2.51329,34.67188,1
Q31396555,Irrion,2.5184,34.6958,1
Q31396556,Sogolomon,2.50261,34.74172,1
Q31396559,Komekwiya,2.5418,34.8962,1
Q31396560,Reretiang,2.51337,34.91326,1
Q31396561,Kaijamital,2.49723,34.93234,1
Q31396562,Mitulwanyi,2.0939,34.5944,1
Q31396563,Komokatal,2.45704,34.75721,1
Q31396564,Narokuma,2.4863,34.7807,1
Q31396565,Asilang,2.4854,34.8562,1
Q31396566,Lopimkoyo,2.4708,34.8964,1
Q31396567,Nawokonya,2.46045,34.94519,1
Q31396569,Nakimalas,2.446,34.90119,1
Q31396570,Lomuriaperit,2.4267,34.86308,1
Q31396571,Motire,2.4173,34.79588,1
Q31396572,Kemakata,2.40132,34.75991,1
Q31396573,Apatasiro,2.3108,34.8849,1
Q31396574,Kakogh,2.3386,34.886,1
Q31396575,Kaleuro,2.33594,34.81883,1
Q31396576,Kacalakin,2.32092,34.83034,1
Q31396578,Kapeyelel,2.2999,34.82492,1
Q31396579,Kalorakal,2.28801,34.86483,1
Q31396580,Akuco,2.26332,34.83857,1
Q31396581,Okat,2.24892,34.83621,1
Q31396582,Lopokoro,2.2618,34.7806,1
Q31396583,Murut,2.1269,34.89,1
Q31396584,Bunalwenyi,0.4821,33.59334,1
Q31396585,Naigoma,0.49433,33.7413,1
Q31396587,Luwalambago,0.46733,33.62803,1
Q31396588,Iyingo,0.39709,33.73521,1
Q31396589,Kinawambuzi,0.37938,33.67046,1
Q31396590,Lwandera,0.38188,33.66159,1
Q31396591,Kirinya,0.34412,33.74991,1
Q31396593,Kinamaswa,0.34958,33.70427,1
Q31396594,Nakalyango,0.25445,33.5629,1
Q31396595,Namayebe,0.2571,33.5308,1
Q31396596,Nabukunjwi,0.49043,33.90839,1
Q31396598,Vumangabo,0.44486,33.75592,1
Q31396601,Mizizingo,0.22546,33.61824,1
Q31396602,Dagusi,0.13467,33.58173,1
Q31396604,Bugali,0.2372,33.8092,1
Q31396605,Mabuka,0.17288,33.81329,1
Q31396606,Bukereye,0.16809,33.81735,1
Q31396607,Busisama,0.16678,33.828,1
Q31396608,Bukone,0.15955,33.81573,1
Q31396609,Buduma,0.15589,33.81508,1
Q31396610,Ivumangabo,0.43967,33.74253,1
Q31396612,Bulolombe,0.04242,33.27241,1
Q31396613,Kasoga,0.04255,33.25655,1
Q31396614,Mukuna,0.06108,33.2821,1
Q31396615,Nankakwa,0.04524,33.25624,1
Q31396616,Kanwanoyoni,0.23396,33.26909,1
Q31396617,Nakanyago,0.2401,33.2785,1
Q31396618,Muiri,0.23074,33.29312,1
Q31396620,Kanywango,0.21892,33.28175,1
Q31396621,Wanbera,0.21258,33.28073,1
Q31396622,Mpulwe,0.21269,33.30372,1
Q31396623,Lwayenge,0.2381,33.3693,1
Q31396624,Namunyoro,0.18375,33.28464,1
Q31396625,Italeyatome,0.1744,33.2753,1
Q31396628,Luvunyo,0.15851,33.31829,1
Q31396629,Lwolwe,0.1324,33.293,1
Q31396630,Bukalabati,0.12903,33.31869,1
Q31396632,Namakeba,0.10967,33.31527,1
Q31396633,Olamusa,0.0953,33.32224,1
Q31396634,Busizi,0.09194,33.33656,1
Q31396635,Kifudwe,0.15684,33.33485,1
Q31396636,Tojja,0.21336,33.03731,1
Q31396637,Bwanika,0.19464,33.04083,1
Q31396639,Mpuga S,0.21026,33.18385,1
Q31396640,Nampala,0.16608,33.15669,1
Q31396641,Sindiro,0.16216,33.13512,1
Q31396642,Nalubale,0.11027,33.1425,1
Q31396643,Musozi,0.10448,33.08109,1
Q31396645,Nakituba,0.16875,33.00959,1
Q31396646,Katwala,0.14664,33.01518,1
Q31396647,Nyonja,0.09708,33.03503,1
Q31396648,Marija,0.07137,33.08512,1
Q31396649,Waitwe,0.06004,33.10033,1
Q31396650,Nambogwe,0.3542,33.3213,1
Q31396651,Lingira,0.3191,33.34353,1
Q31396652,Musoto,0.30565,33.30068,1
Q31396653,Lwamuyaba,0.30219,33.2806,1
Q31396655,Busimamengo,0.25361,33.25887,1
Q31396656,Bubere,0.2496,33.28451,1
Q31396657,Nawaitale,0.25154,33.29659,1
Q31396658,Namuenbe,0.4904,33.08648,1
Q31396659,Namwezi,0.45323,33.15011,1
Q31396660,Lugalambo,0.41741,33.08089,1
Q31396661,Namanyoni,0.41686,33.12331,1
Q31396662,Bulumagi,0.42542,33.12565,1
Q31396663,Nakibizzi,0.42483,33.15368,1
Q31396664,Walukuba,0.41587,33.18,1
Q31396665,Kjrinya,0.4171,33.229,1
Q31396666,Namaziba,0.3843,33.18971,1
Q31396667,Kitigoma,0.40275,33.11334,1
Q31396668,Najembe,0.39023,33.01075,1
Q31396670,Mawangala,0.36296,33.16119,1
Q31396671,Nangulwe,0.35189,33.20316,1
Q31396672,Butabira,0.34614,33.19238,1
Q31396673,Kiwanyi,0.32069,33.18003,1
Q31396674,Mpulusi,0.31684,33.14267,1
Q31396675,Kasubi,0.30983,33.01667,1
Q31396676,Namukono,0.27134,33.04777,1
Q31396677,Wantayi,0.2715,33.0695,1
Q31396678,Ggoli,0.29009,33.12389,1
Q31396679,Walugali,0.27183,33.14191,1
Q31396681,Lwaserima,0.2501,33.2476,1
Q31396682,Busagazi,0.26126,33.09803,1
Q31396683,Lwanzuuma,0.24961,33.03771,1
Q31396684,Busimbo,0.45264,32.55891,1
Q31396685,Kyanja,0.3891,32.59775,1
Q31396686,Kabulengwa,0.37466,32.50657,1
Q31396687,Nansana,0.35415,32.53416,1
Q31396689,Kulambiro,0.37057,32.60786,1
Q31396690,Ntebetebe,0.35553,32.65656,1
Q31396691,Kyeyitabya,0.2915,32.6237,1
Q31396692,Lubya,0.3305,32.5451,1
Q31396693,Nakabugo,0.3366,32.5071,1
Q31396694,Kaboja,0.29235,32.51515,1
Q31396695,Bandwe,0.26606,32.51637,1
Q31396696,Kiwala,0.4664,32.9047,1
Q31396697,Kirenzi,0.4077,32.954,1
Q31396699,Wagala,0.41544,32.90919,1
Q31396700,Nakaseta,0.4054,32.877,1
Q31396701,Bulgya,0.38637,32.87508,1
Q31396702,Namalima,0.3551,32.8009,1
Q31396703,Kavule,0.3067,32.82072,1
Q31396705,Naminya,0.31965,32.86081,1
Q31396707,Namawi,0.27462,32.84514,1
Q31396708,Nansenya,0.3193,32.8934,1
Q31396709,Namaliga,0.32121,32.93828,1
Q31396710,Nabalanga,0.3108,32.9435,1
Q31396711,Kikoma,0.2723,32.9927,1
Q31396712,Mulajje,0.25172,32.91422,1
Q31396713,Nakalwe,0.25907,32.87389,1
Q31396715,Nantula,0.2558,32.84137,1
Q31396716,Wasozi,0.20341,32.51104,1
Q31396718,Masajja,0.2282,32.5592,1
Q31396719,Semanune,0.21589,32.57553,1
Q31396721,Kanabba,0.23021,32.58513,1
Q31396723,Kiterede,0.24377,32.59118,1
Q31396724,Kisinsi,0.22328,32.65116,1
Q31396725,Bbanga,0.23556,32.66032,1
Q31396726,Kyantama,0.21579,32.72622,1
Q31396727,Namuyimba,0.2427,32.7469,1
Q31396729,Bwebajja,0.17639,32.54057,1
Q31396732,Namwez,0.19962,32.81074,1
Q31396733,Namuliya,0.21113,32.84575,1
Q31396734,Nagunga,0.20608,32.83276,1
Q31396736,Mawokwe,0.24301,32.89886,1
Q31396737,Mayirikiti,0.23752,32.9398,1
Q31396740,Nyemerwa,0.20295,32.95851,1
Q31396741,Nakanja,0.22819,32.99886,1
Q31396743,Nalusonga,0.16139,32.96964,1
Q31396744,Magunda,0.1348,32.95094,1
Q31396746,Luyobyo,0.16458,32.79268,1
Q31396747,Naluwamba,0.16188,32.79645,1
Q31396749,Kisigula,0.10439,32.90676,1
Q31396751,Namugolola,0.10216,32.98022,1
Q31396752,Buyanya,0.0194,32.9354,1
Q31396753,Kyazi,0.09314,32.69619,1
Q31396754,Kitamiro,0.20155,33.27108,1
Q31396755,Namaiba,0.30434,32.77327,1
Q31396756,Nyambiga,0.82634,30.19899,1
Q31396757,Kyakafuhi,0.80155,30.19024,1
Q31396758,Kyakituni,0.79212,30.19742,1
Q31396760,Kyaruhinda,0.79503,30.19293,1
Q31396762,Kasita,0.79588,30.16414,1
Q31396764,Nyamajuna,0.78603,30.20554,1
Q31396765,Nyakonera,0.76993,30.1972,1
Q31396766,Sindikwa,0.9228,30.3454,1
Q31396767,Luesenene,0.8637,30.4578,1
Q31396768,Kabahonga,0.852,30.411,1
Q31396770,Karuboijo,0.78216,30.39571,1
Q31396771,Muhangi,0.77208,30.37468,1
Q31396772,Kasekere,0.75594,30.38538,1
Q31396773,Kagura,0.78072,30.46599,1
Q31396775,Bwenderwa,0.75843,30.29608,1
Q31396776,Busaiga,0.7487,30.2674,1
Q31396777,Butolya,0.74635,30.14229,1
Q31396778,Kichyo,0.73293,30.14846,1
Q31396780,Karuga,0.74165,30.17288,1
Q31396781,Katinga,0.73363,30.16657,1
Q31396782,Chichwa,0.71997,30.17337,1
Q31396783,Karewaro,0.71789,30.1623,1
Q31396785,Kasuli,0.711,30.16016,1
Q31396786,Burongo,0.71022,30.20649,1
Q31396787,Kigere,0.69012,30.24831,1
Q31396788,Kyeganywa,0.68343,30.24105,1
Q31396789,Kalyango,0.67446,30.22929,1
Q31396790,Mahyorro,0.70249,30.15917,1
Q31396791,Kyabogo,0.67853,30.15017,1
Q31396793,Hamugoma,0.66912,30.13239,1
Q31396794,Kizimba,0.64596,30.09167,1
Q31396795,Mperre,0.6064,30.23211,1
Q31396796,Biseke,0.60393,30.11473,1
Q31396797,Butini,0.57546,30.11845,1
Q31396798,Kimiri,0.57263,30.10342,1
Q31396799,Kitabona,0.5542,30.11222,1
Q31396800,Bujabara,0.55519,30.14428,1
Q31396801,Kibora,0.53449,30.19354,1
Q31396802,Kanyambanika,0.52321,30.09008,1
Q31396803,Nyakitandire,0.50426,30.14188,1
Q31396804,Mundama,0.7428,30.2981,1
Q31396805,Kanukanimi,0.69708,30.29074,1
Q31396806,Inini,0.69554,30.27866,1
Q31396807,Bukoni,0.70992,30.31423,1
Q31396808,Kijenga,0.73953,30.34337,1
Q31396809,Mwocha,0.74563,30.35109,1
Q31396810,Bwabya,0.71811,30.33887,1
Q31396811,Nyamihera,0.71128,30.33288,1
Q31396812,Kirota,0.74102,30.44573,1
Q31396813,Ntezi,0.7148,30.40894,1
Q31396814,Kinyansi,0.72102,30.43322,1
Q31396817,Buhumba,0.72322,30.47058,1
Q31396818,Jumnayanza,0.73813,30.46626,1
Q31396819,Kyabalobya,0.69913,30.48513,1
Q31396821,Tibumara,0.69069,30.44835,1
Q31396822,Kyakachali,0.68668,30.40303,1
Q31396823,Kabulisoke,0.7054,30.3903,1
Q31396824,Mjavo,0.69571,30.38943,1
Q31396825,Kyakanyange,0.67803,30.40358,1
Q31396827,Kichuna,0.68154,30.32397,1
Q31396828,Kansenene,0.70156,30.31552,1
Q31396829,Kyakabaka,0.678,30.31487,1
Q31396830,Buzinda,0.68769,30.29642,1
Q31396831,Muhoti,0.691,30.2611,1
Q31396832,Makulima,0.66449,30.30461,1
Q31396833,Dwakasama,0.66662,30.42718,1
Q31396834,Nyabuhuka,0.67385,30.43186,1
Q31396835,Kyakiroro,0.6704,30.4323,1
Q31396836,Kisamutongole,0.66086,30.46877,1
Q31396837,Mahangwe,0.6591,30.4955,1
Q31396838,Dyabugabo,0.6614,30.48195,1
Q31396839,Nyakasi,0.64177,30.47638,1
Q31396840,Kasozi,0.64341,30.44522,1
Q31396841,Nyanono,0.6194,30.48989,1
Q31396842,Kajuma,0.60657,30.46995,1
Q31396843,Lwensenene,0.60014,30.48172,1
Q31396844,Rukomero,0.59545,30.48108,1
Q31396846,Lwakayubo,0.6155,30.3727,1
Q31396847,Chakatimba,0.6465,30.35951,1
Q31396848,Gilberta,0.64557,30.34831,1
Q31396849,Kyamizima,0.62501,30.33065,1
Q31396850,Kyakazini,0.63501,30.33607,1
Q31396851,Kanyamukerere,0.63394,30.31248,1
Q31396852,Mwihani,0.63223,30.29129,1
Q31396853,Bwikaraga,0.61956,30.30004,1
Q31396854,Kisomora,0.5881,30.2509,1
Q31396855,Mugura,0.5962,30.2782,1
Q31396856,Isule,0.58039,30.26508,1
Q31396857,Irinda,0.58071,30.27246,1
Q31396858,Kimahonda,0.55951,30.29717,1
Q31396859,Malanjara,0.54478,30.29161,1
Q31396860,Katebe,0.53287,30.25737,1
Q31396861,Kamigani,0.52687,30.27977,1
Q31396862,Nyamirima,0.51525,30.31515,1
Q31396863,Durama,0.53499,30.33134,1
Q31396864,Kasojo,0.5772,30.3389,1
Q31396865,Kyamudibya,0.57707,30.36472,1
Q31396867,Butanzi,0.56659,30.37036,1
Q31396868,Nyamisika,0.55017,30.3785,1
Q31396869,Nyakatojo,0.5489,30.35725,1
Q31396871,Kaisenika,0.51341,30.35041,1
Q31396873,Nsenze,0.5796,30.4185,1
Q31396874,Kyakato,0.56668,30.38632,1
Q31396875,Kyaninamirima,0.5182,30.4229,1
Q31396876,Kibozo,0.52306,30.45825,1
Q31396878,Nsazi,0.51583,30.46452,1
Q31396879,Rwamugamba,0.56933,30.49948,1
Q31396880,Kakabagyo,0.5006,30.4451,1
Q31396881,Rwetera,0.50931,30.34187,1
Q31396882,Nasiringe,0.53421,33.93889,1
Q31396884,Budunyi,0.60353,33.89572,1
Q31396885,Nyamalago,0.71325,33.99462,1
Q31396886,Buyindi,0.53864,33.95183,1
Q31396887,Funja,0.53246,33.95472,1
Q31396888,Naininala,0.51111,33.86752,1
Q31396889,Udiko,0.50141,33.91962,1
Q31396890,Morkisuwa,0.739,34.0814,1
Q31396891,Kotucho,0.53941,34.11763,1
Q31396892,Bubili,0.5122,34.00586,1
Q31396894,Burwikha,0.97145,34.26736,1
Q31396895,Gomora,0.97284,34.2928,1
Q31396896,Bunkhone,0.99167,34.31351,1
Q31396897,Sibina,0.97003,34.32478,1
Q31396898,Lidira,0.98032,34.4178,1
Q31396899,Nekoshe,0.99382,34.43062,1
Q31396900,Bukoma,0.90653,34.29045,1
Q31396901,Lwandubi,0.88581,34.32878,1
Q31396902,Bukoyi,0.8974,34.31816,1
Q31396904,Khamururi,0.88484,34.31434,1
Q31396906,Sihira,0.83881,34.3238,1
Q31396907,Lusaba,0.8102,34.29314,1
Q31396909,Kwelwemuna,0.80739,34.25956,1
Q31396910,Bumusomi,0.7714,34.3119,1
Q31396914,Busibo,0.90671,34.22392,1
Q31396915,Butingo,0.88331,34.19977,1
Q31396916,Nekombe,0.88555,34.19745,1
Q31396917,Bukaya,0.89736,34.19737,1
Q31396918,Bumanye,0.88517,34.18384,1
Q31396919,Khanje,0.87777,34.19199,1
Q31396920,Wokukiri,0.86371,34.18017,1
Q31396921,Kimaluli,0.8571,34.2307,1
Q31396922,Bumatanda,0.80829,34.23462,1
Q31396923,Butunga,0.9015,33.9676,1
Q31396924,Buwuni,0.52476,33.85403,1
Q31454877,The Caldera,1.1717,34.5425,1
Q31525843,Lokwangamoru,2.475,34.9305,1
Q31525860,Zulia,4.128333333,33.983888888,1
Q31525876,Wati,3.227777777,31.029444444,1
Q31525893,Watamagufu,0.27542,29.90458,1
Q31525910,Wanale,1.03,34.2525,1
Q31525926,Waisembe,1.544166666,31.391388888,1
Q31525942,Wagagai,1.116666666,34.533333333,1
Q31525957,Uguruku,2.854166666,31.091111111,1
Q31525974,Odyaa,3.7818,33.0586,1
Q31525990,Turkana,3.356111111,33.243333333,1
Q31526004,Tukat,1.3717,34.58,1
Q31526019,Toror,2.8375,34.1992,1
Q31526036,Tiya,2.6858,33.5683,1
Q31526053,Thokotukei,3.3442,34.4008,1
Q31526072,Susok,1.83,34.7967,1
Q31526105,Sogwass,3.65,34.366666666,1
Q31526123,Singiro,-0.2608,30.5025,1
Q31526140,Shisha,-0.9417,29.9342,1
Q31526156,Segururu,0.9736,34.3772,1
Q31526173,Segeru,0.46611,33.62806,1
Q31526191,Rwemiaga,-0.9317,30.56,1
Q31526207,Rwangirire,1.0975,30.6608,1
Q31526224,Rwamunyonyi,-1.0875,29.8367,1
Q31526242,Rwampungu,-0.983333333,30.65,1
Q31526259,Rwamahano,-1.2542,29.8133,1
Q31526276,Rwakatwaro,-1.233333333,29.8,1
Q31526292,Rutebe,-0.4558,30.3742,1
Q31526310,Rusho,-1.083333333,29.7,1
Q31526327,Rugarama,-0.8625,30.6217,1
Q31526344,Rubeya,-0.7067,30.6625,1
Q31526360,Ruachibi,-1.1217,30.0067,1
Q31526377,Rom III,3.4,33.616666666,1
Q31526395,Rom,3.3919,33.6126,1
Q31526411,Riwa,1.3583,34.7808,1
Q31526430,Rabongo,2.127777777,31.948333333,1
Q31526447,Puta,3.7533,34.0992,1
Q31526464,Pupu,2.58884,34.62248,1
Q31526475,Pogonga,3.763,32.7962,1
Q31526483,Parabongo,3.0725,33.342777777,1
Q31526493,Pakuen,3.435555555,33.614444444,1
Q31526508,Otzi,3.6205,31.8522,1
Q31526526,Otukei,2.5108,33.5925,1
Q31526544,Oniangoli,3.8,31.833333333,1
Q31526559,Old Rom,3.376111111,33.594444444,1
Q31526575,Ikolong,3.610833333,33.180277777,1
Q31526593,Okagu,3.68966,32.95701,1
Q31526609,Ogogokudu,2.9032,31.4184,1
Q31526627,Ogili,3.185,33.281944444,1
Q31526670,Nyeri,3.792777777,31.824444444,1
Q31526689,Nyarulambe,-1.233333333,29.783333333,1
Q31526705,Nyankubebe,1.15,30.683333333,1
Q31526722,Nyanfuko,1.3892,30.9508,1
Q31526740,Nyamitsindo,-0.6742,30.7967,1
Q31526757,Nyamichuchu,-1.066666666,29.833333333,1
Q31526773,Nyambatabata,-1.1,29.766666666,1
Q31526789,Nyamatovu,0.795277777,30.179166666,1
Q31526807,Nyakwai,2.5133,33.9183,1
Q31526823,Nyakiriro,-1.2558,30.1358,1
Q31526840,Nyaigulu,-1.0683,29.785,1
Q31526859,Nyabwishenyi,-1.083333333,29.633333333,1
Q31526887,Nyabwigyegyeza,-1.1792,29.765,1
Q31526899,Nyabikenke,-1.1208,29.6475,1
Q31526916,Ntsinda,-0.1067,30.3167,1
Q31526932,Ntoma,-0.82,30.2858,1
Q31526949,Ntendule,-1.0183,29.7183,1
Q31526968,Nshungyezi,-0.95,30.733333333,1
Q31526985,Mont Ngabua,-0.9017,29.585,1
Q31527002,Njembe,-0.266666666,30.45,1
Q31527020,Niarhuti,-0.9067,30.9658,1
Q31527036,Ngirisi,-1.1,29.683333333,1
Q31527048,Ngezi,-1.2,29.85,1
Q31527081,Ngara,-0.95,29.766666666,1
Q31527098,Natera Hills,3.788055555,33.873055555,2
Q31527114,Naringepak,3.7612,33.5554,1
Q31527129,Napono,2.9317,33.57,1
Q31527146,Napak,2.0775,34.2817,1
Q31527165,Nangara,-0.9292,29.8833,1
Q31527181,Namomoi,3.4308,34.3617,1
Q31527198,Nakarach,3.683333333,34.35,1
Q31527215,Nakadapalait,3.4658,34.3475,1
Q31527231,Naguru,0.345833333,32.605277777,1
Q31527249,Nabakete,1.4708,31.0542,1
Q31527265,Mwinoni,-1.1417,29.6808,1
Q31527281,Mwihibagiro,-1.02,29.9908,1
Q31527297,Muzoa,1.266666666,34.583333333,1
Q31527314,Muyebe,-1.32,30.0417,1
Q31527331,Musharazezi,-0.8992,30.6608,1
Q31527348,Musanje,-1.066666666,29.85,1
Q31527366,Munyoni,-0.25958,30.23542,1
Q31527385,Mukungu,-1.15,29.7,1
Q31527402,Muhoko,-1.033333333,29.85,1
Q31527419,Muhito,-0.7108,30.1417,1
Q31527437,Mugei,3.5208,34.2675,1
Q31527454,Muendo,-1.266666666,30.116666666,1
Q31527470,Mubiyi,1.124166666,34.571111111,1
Q31527487,Mubale,-1.0133,29.6067,1
Q31527504,Mpungu,-1.05,29.916666666,1
Q31527520,Mpumuru,0.5106,30.3064,1
Q31527539,Mpanga,1.255,31.105,1
Q31527555,Motoro,3.191388888,34.410555555,1
Q31527588,Moroto,2.526111111,34.774444444,1
Q31527604,Mura,3.151666666,33.2225,1
Q31527620,Mogandu,-1.4367,29.9342,1
Q31527636,Mingaro,3.766944444,32.918055555,1
Q31527652,Marangara,-0.2317,30.3675,1
Q31527667,Manda,-0.715,30.3133,1
Q31527684,Mafuga,-1.016666666,29.866666666,1
Q31527701,Madi Opei,3.686388888,33.099166666,1
Q31527719,Lwala,3.7083,34.0125,1
Q31527736,Lulengyeri,-1.1675,30.0142,1
Q31527753,Luku,2.8879,31.0839,1
Q31527769,Luhizha,-1.0317,29.7767,1
Q31527786,Lubare,-0.3658,30.1475,1
Q31527803,Loychuka,3.9608,34.0375,1
Q31527821,Lowapet,3.916666666,34.066666666,1
Q31527837,Lowakuj,3.573333333,33.928055555,1
Q31527856,Lotim,3.716666666,34.1,1
Q31527875,Losil,3.84,34.1492,1
Q31527895,Lorigem,3.416666666,33.567222222,1
Q31527911,Lorero,3.2,34.433333333,1
Q31527930,Lorem,3.816388888,32.98,1
Q31527947,Loputhimoru,2.2041,34.6357,1
Q31527966,Lopeichubei,3.8699,33.8175,1
Q31527982,Lomil,3.9392,34.0592,1
Q31527999,Lolim,3.65,33.204166666,1
Q31528015,Lokoromilia,3.610277777,33.633888888,1
Q31528030,Lokinene,3.6517,34.2842,1
Q31528048,Lokapel,3.4675,33.764166666,1
Q31528063,Lodaja,3.8034,32.9416,1
Q31528083,Lobeluna,3.688611111,33.978055555,1
Q31528099,Lobaale,3.1233,34.4642,1
Q31528116,Liru,3.349166666,31.022777777,1
Q31528133,Kilak,3.035833333,31.973333333,1
Q31528150,Lamej,3.763611111,33.825277777,1
Q31528168,Langia Mountains,3.05,33.666666666,2
Q31528185,Lamwo,3.65,32.8925,1
Q31528201,Lalak,3.616388888,32.767222222,1
Q31528217,Lakalale,2.6475,33.8667,1
Q31528234,Lagorlukuju,3.818611111,32.943055555,1
Q31528250,Labwor Hills,2.75,33.666666666,2
Q31528267,Kyangabo,-1.2133,30.0442,1
Q31528283,Koten,3.083333333,34.433333333,1
Q31528299,Kapoth,3.713055555,33.554166666,1
Q31528316,Kopiyo,2.5525,33.9025,1
Q31528335,Kokoro,3.758888888,33.968055555,1
Q31528351,Kodiakori,2.1117,34.3408,1
Q31528368,Kochomin,2.044722222,34.311666666,1
Q31528382,Kochemaluk,2.1842,34.3533,1
Q31528398,Kizhuro,-0.7708,30.235,1
Q31528414,Kiyebe,-1.05,29.833333333,1
Q31528430,Kitwa,-0.9842,29.7817,1
Q31528444,Kiteny,3.5424,33.4053,1
Q31528463,Kishasha II,-0.5117,30.69,1
Q31528478,Kisasa,-1.385,30.0158,1
Q31528493,Kisana,-0.6933,30.4,1
Q31528510,Kihate,-1.1883,29.72,1
Q31528526,Kiduru,0.766111111,30.363888888,1
Q31528542,Kichok,3.457777777,33.747777777,1
Q31528560,Kibuzige,-1.165,29.8792,1
Q31528578,Kibengo,0.6358,30.7817,1
Q31528593,Kiara,-0.7208,30.2083,1
Q31528610,Kem,2.6742,33.7833,1
Q31528626,Kazikizi,-1.133333333,29.983333333,1
Q31528642,Kawalakol,3.802222222,33.905555555,1
Q31528658,Kautaku,2.4894,34.5361,1
Q31528673,Katwekembwa,-0.966666666,29.9,1
Q31528688,Katorosa,3.583333333,34.383333333,1
Q31528703,Katoma,-1.0858,29.8658,1
Q31528720,Katenga,-1.365,29.9383,1
Q31528737,Katendere,-1.0808,29.9167,1
Q31528753,Katanzi,-0.9358,30.6792,1
Q31528769,Kataba,2.6683,33.6867,1
Q31528787,Kasuro,-0.7408,30.3583,1
Q31528803,Kasunju,-0.32292,30.08208,1
Q31528820,Kasoni,-1.166666666,29.716666666,1
Q31528833,Kasiru,-1.0283,29.6517,1
Q31528847,Kashekye,-1.116666666,29.95,1
Q31528864,Kashasha,-0.7725,30.41,1
Q31528880,Kasatora,-1.0692,29.6558,1
Q31528897,Kangathep,3.5458,34.3358,1
Q31528915,Kanakapamor,3.2617,34.3967,1
Q31528931,Kanadap,3.6375,34.37,1
Q31528948,Kanachiom,3.6408,34.44,1
Q31528966,Kamusiri,1.3225,30.8517,1
Q31528982,Kamena,-1.1467,29.7325,1
Q31528998,Kamalinyang,3.394166666,33.7625,1
Q31529014,Kalimon,3.7,33.85,1
Q31529029,Kaleveru,0.22542,29.95625,1
Q31529044,Kaleri,3.5897,33.6006,1
Q31529061,Kalakoliputh,3.85,34.2058,1
Q31529077,Kakal,2.8008,33.7375,1
Q31529092,Kaiirere,-0.4333,30.3042,1
Q31529110,Kagarama,-0.7917,30.7492,1
Q31529131,Kadam,1.7178,34.7119,1
Q31529148,Kabutim,1.43,34.58,1
Q31529165,Kabuga,-1.016666666,29.966666666,1
Q31529177,Kabuga,-0.966666666,29.75,1
Q31529193,Jatat,3.7625,34.2208,1
Q31529210,Jacksons Summit,1.102777777,34.525833333,1
Q31529226,Isozi,-0.8417,30.81,1
Q31529242,Isioro,3.701388888,33.568055555,1
Q31529258,Irembezi,-0.5017,30.23,1
Q31529275,Irashagye,-0.735,30.2858,1
Q31529293,Ilo,3.665,31.8925,1
Q31529308,Ihunga,-1.1217,29.7808,1
Q31529325,Ihunga,-1.083333333,29.966666666,1
Q31529342,Ihunga,-0.9942,30.0442,1
Q31529358,Igurua,-0.955,30.3667,1
Q31529380,Igisi,1.9875,31.735,1
Q31529393,Ibok,3.2175,34.3983,1
Q31529411,Ibanda,-0.116666666,30.483333333,1
Q31529428,Hambuga,-0.335,30.4567,1
Q31529444,Goula,3.7975,32.853888888,1
Q31529462,Gortheg,1.3108,34.6883,1
Q31529479,Fuluma,0.920833333,34.262777777,1
Q31529496,Fondu,3.2175,31.840277777,1
Q31529512,Erusi,2.3317,31.091,1
Q31529528,Erusi East,2.3365,31.1221,1
Q31529543,Duwach,-0.8417,30.6492,1
Q31529559,Dingbulungbulu,3.4502,31.5736,1
Q31529578,Chirongu,-0.8892,30.5508,1
Q31529594,Chimondo,-0.7967,30.3392,1
Q31529611,Chikunda,-0.8017,30.5558,1
Q31529628,Chamsokera,-1.083333333,30.05,1
Q31529633,Bwangyiro,-1.016666666,29.766666666,1
Q31529641,Bwahwa,-0.2192,30.5033,1
Q31529655,Butobole,-1.1967,29.8983,1
Q31529672,Butimba,-0.7133,30.4967,1
Q31529688,Burimbi,-0.9842,29.8342,1
Q31529704,Bumondo,-0.9458,30.3292,1
Q31529720,Bukusu,0.871111111,34.270833333,1
Q31529735,Buhungurua,-0.8383,30.7467,1
Q31529748,Bugiri,-1.166666666,29.9,1
Q31529761,Bugamba,-0.7442,30.4667,1
Q31529778,Bubale,-1.0967,29.7158,1
Q31529793,Bivungu,-0.965,30.5808,1
Q31529809,Bituntu,-0.8458,30.4942,1
Q31529826,Birala,-1.2,29.733333333,1
Q31529842,Biniga,-1.066666666,29.616666666,1
Q31529860,Bikari,-1.3508,30.0775,1
Q31529878,Bihangire,-1.0358,29.885,1
Q31529895,Bichuba,-0.9333,30.7283,1
Q31529912,Bakers View,1.2417,30.7725,1
Q31529928,Ayass,1.8092,34.8158,1
Q31529946,Arebe,3.112777777,31.928611111,1
Q31529962,Angoremoru,2.085833333,34.739722222,1
Q31529979,Angolebwal,2.5683,33.8333,1
Q31529997,Amuyu,3.4745,32.1513,1
Q31530013,Akur,2.683333333,33.683333333,1
Q31530029,Akor,2.6792,33.63,1
Q31530045,Akisim Mountain,2.12,34.2117,1
Q31530061,Akatozo,-0.8667,31.1475,1
Q31530077,Akarundi,-0.85,30.183333333,1
Q31530094,Okaka,3.1442,33.0605,1
Q31530110,Abiba,2.536388888,31.073055555,1
Q31530126,Abchekwess,1.366666666,34.533333333,1
Q31530143,Kikalangufu,0.4775,33.604166666,1
Q31530161,Ruwenzori Mountains,0.33111,29.92222,1
Q31530178,Mount Elgon,1.23583,34.59194,1
Q31530194,Holic,3.781666666,32.919444444,1
Q31530210,Mahahu,1.579444444,31.651666666,1
Q31530225,Nyakakaikuru,1.638333333,31.727777777,1
Q31530242,Kajuguju,1.5487,31.942,1
Q31530274,Kyechume,1.499722222,31.371944444,1
Q31530291,Ayugi,3.1439,31.7763,1
Q31530308,Kilak I,3.0425,31.975277777,1
Q31530325,Kilak II,3.031,31.9763,1
Q31530342,Meri,3.518333333,32.305277777,1
Q31530357,Imatong Foothills,3.76046,32.93015,1
Q31530373,Lochomo,3.4375,33.645555555,1
Q31530389,Aki,3.398611111,33.607777777,1
Q31530404,Lomina,3.398055555,33.692777777,1
Q31530424,Lomithink,3.408611111,33.751666666,1
Q31530437,Naposimoru,3.728333333,33.529166666,1
Q31530453,Akidoyi,3.718,33.5881,1
Q31530469,Lukole,3.703888888,33.600555555,1
Q31530485,Kathelem,3.671111111,33.504444444,1
Q31530501,Loruk,3.700833333,33.550833333,1
Q31530517,Lochibil,3.693611111,33.563888888,1
Q31530533,Kalukuloyi,3.703888888,33.610555555,1
Q31530548,Kakurem,3.690833333,33.608333333,1
Q31530564,Nangeya Mountains,3.622222222,33.631666666,2
Q31530581,Karenga,3.570833333,33.689166666,1
Q31530598,Nawolapak,3.550277777,33.690555555,1
Q31530616,Lokukyamani,3.539444444,33.673055555,1
Q31530634,Morukoyani,3.538333333,33.679722222,1
Q31530651,Kachera,3.531388888,33.684722222,1
Q31530669,Karapochomo,3.522777777,33.677222222,1
Q31530685,Lolem,3.520833333,33.714722222,1
Q31530700,Echku,3.519722222,33.718055555,1
Q31530717,Lokopel,3.515555555,33.721111111,1
Q31530733,Lomekede,3.697777777,33.966944444,1
Q31530748,Kapedo,3.69,33.964444444,1
Q31530766,Lowola,3.690277777,33.975833333,1
Q31530782,Korumoru,3.996388888,33.896944444,1
Q31530797,Lopulia,3.9475,34.000833333,1
Q31530804,Long,3.79,33.8525,1
Q31530811,Lodwa,3.365,33.650277777,1
Q31530823,Nagilu,2.90555,34.5889,1
Q31530840,Nabarututu,2.51338,34.81224,1
Q31530856,Nalungumoru,2.5083,34.8819,1
Q31530874,Lokanyangat,2.46327,34.70282,1
Q31530890,Bumwangu,0.35034,33.79268,1
Q31530906,Siabwiru,0.25982,33.86702,1
Q31530924,Busungu,0.22029,33.81054,1
Q31530940,Nduguyu,0.1545,33.30174,1
Q31530957,Namuingu,0.12437,33.32019,1
Q31530973,Nawankofu,0.20234,33.16397,1
Q31530990,Ggangu,0.37972,33.01915,1
Q31531006,Bugulu,0.278,33.2481,1
Q31531022,Ntakafunvu,0.26477,32.79501,1
Q31531039,Ziranumbu,0.2153,32.59368,1
Q31531056,Nfuvu,0.2105,32.766,1
Q31531072,Mpumu,0.23645,32.81454,1
Q31531088,Luzibu,0.1558,32.9124,1
Q31531104,Sugu,0.16786,32.9436,1
Q31531120,Nyimu,0.08634,32.89954,1
Q31531136,Kahumbu,0.80907,30.18309,1
Q31531148,Nyakakindu,0.7679,30.3304,1
Q31531164,Buhamya,0.6943,30.1494,1
Q31531182,Buhundu,0.6917,30.0911,1
Q31531199,Busunga,0.64071,29.9642,1
Q31531215,Nyakarongo,0.64992,30.15714,1
Q31531231,Lusenene,0.57255,30.21934,1
Q31531247,Kyampumpuru,0.7137,30.45331,1
Q31531263,Nturu,0.67601,30.35137,1
Q31531279,Tsawu,0.89811,34.30799,1
Q31531295,Bukimiyu,0.87613,34.31109,1
Q31531311,Nasyu,0.91464,34.24958,1
Q31531327,Nalungu,0.91068,34.2403,1
Q31531346,Nabikulu,0.91068,34.24748,1
Q31804220,Nyaruwari,-1.0608,30.0458,1
Q31804221,Calyabong,2.605,33.7025,1
Q31804223,Liriyu,3.363888888,31.055277777,1
Q31804224,Kibale,1.5025,31.361666666,1
Q31804225,Kahoto,1.509166666,31.363611111,1
Q31804226,Korkopyo,3.341111111,33.569722222,1
Q31804227,Lilingorwaru,3.329722222,33.542777777,1
Q31865736,Aba Forest,0.1265,32.94592,1
Q31865744,Abako,2.12547,33.26781,1
Q31865766,Abarilela,1.94363,33.82043,1
Q31865837,Abia,2.43694,33.09737,1
Q31865856,Abim,2.7393,33.61682,1
Q31865863,Abim Town Council,2.63841,33.66121,1
Q31865893,Abok,2.55181,32.56108,1
Q31865900,Aboke,2.37889,32.70167,1
Q31865908,Abongomola,2.02058,32.82086,1
Q31866057,Abuku,3.44007,31.04885,1
Q31866109,Acowa,2.10296,33.84522,1
Q31866280,Adeknino,1.75837,33.02721,1
Q31866364,Adjumani Town Council,3.37657,31.78616,1
Q31866380,Adok,2.01438,32.92764,1
Q31866425,Adropi,3.32383,31.74639,1
Q31866433,Aduku,2.01011,32.68314,1
Q31866438,Aduku Town Council,1.99696,32.72901,1
Q31866445,Adumi,3.03954,30.8252,1
Q31866453,Adyel Division,2.26604,32.8927,1
Q31866664,Agago Town Council,2.83638,33.33771,1
Q31866676,Agali,2.13304,33.05604,1
Q31866710,Agikdak,1.67889,32.94721,1
Q31866839,Agule,1.29318,33.71768,1
Q31866858,Agwata,1.97612,33.01724,1
Q31866865,Agweng,2.51379,32.93879,1
Q31866874,Agwingiri,1.56448,32.81004,1
Q31867148,Ajia,2.93638,31.05942,1
Q31867184,Akalo,2.14307,32.85267,1
Q31867235,Akisim,1.26853,33.75106,1
Q31867274,Akokoro,1.7398,32.39499,1
Q31867284,Akoromit,2.07284,33.7753,1
Q31867295,Akwon,1.74626,32.87438,1
Q31869789,Alango,2.4401,33.22951,1
Q31869916,Alebtong Town Council,2.26243,33.23537,1
Q31869941,Aleka,2.53848,32.75414,1
Q31869970,Alerek,2.87405,33.72783,1
Q31870051,Aliba,3.20473,31.51812,1
Q31870076,Alito,2.42917,32.80818,1
Q31870203,Aloi,2.30106,33.20833,1
Q31870540,Alwa,1.84288,33.19359,1
Q31870548,Alwi,2.48173,31.34957,1
Q31870798,Amolatar Town Council,1.63679,32.83441,1
Q31870824,Amudat,1.86446,34.92173,1
Q31870831,Amudat Town Council,1.94486,34.94874,1
Q31870843,Amugo,2.12571,33.34108,1
Q31870851,Amukol,1.32555,34.35847,1
Q31870859,Amuria Town Council,2.04183,33.63147,1
Q31870866,Amuru Town Council,2.81926,31.87014,1
Q31870877,Amutimut,2.29438,34.76532,1
Q31870888,Amwoma,1.97013,33.1174,1
Q31871190,Angolmoiya,2.4164,34.88312,1
Q31871609,Anyara,1.99153,33.3318,1
Q31871672,Apac Town Council,1.97497,32.53722,1
Q31871677,Apala,2.37437,33.03082,1
Q31871682,Apapai,1.90958,33.39647,1
Q31871693,Apeduru,2.05562,33.70076,1
Q31871696,Aperkira,1.72995,33.24275,1
Q31871727,Apo,3.48138,31.27538,1
Q31871743,Apopong,1.23036,33.66728,1
Q31871808,Aputi,1.74628,32.93174,1
Q31871961,Arapai,1.85147,33.62346,1
Q31872062,Arinyapi,3.50987,32.00439,1
Q31872082,Ariwa,3.27672,31.38323,1
Q31872154,Aroi,3.10692,30.88427,1
Q31872206,Arua Hill Division,3.01242,30.91963,1
Q31872217,Arum,2.67743,33.12916,1
Q31872222,Arwotcek,1.75979,32.81865,1
Q31872464,Asamuk,1.95282,33.69275,1
Q31872814,Asuret,1.62952,33.58956,1
Q31872914,Atego,2.43577,31.14592,1
Q31872970,Atiira,1.60281,33.49527,1
Q31873053,Atutur,1.42563,33.97418,1
Q31873063,Atyak,2.61268,30.95173,1
Q31873323,Awei,2.16965,33.20198,1
Q31873337,Awelo,1.70451,32.76684,1
Q31873346,Awere,2.72758,32.83722,1
Q31873392,Ayivuni,3.08919,30.83275,1
Q31874128,Bagezza,0.52249,31.3855,1
Q31875265,Baitambogwe,0.53533,33.39078,1
Q31876051,Bala,2.19034,32.73629,1
Q31876071,Balawoli,1.12205,33.04767,1
Q31876265,Bamunanika,0.71126,32.61835,1
Q31876650,Banda,0.27889,31.86928,1
Q31876658,Banda,0.20296,33.89786,1
Q31878019,Bar-Dege,2.78495,32.27157,1
Q31878655,Batta,2.05731,33.16333,1
Q31878683,Batwala,-0.000277777,32.750555555,2
Q31879050,Bbaale,1.11421,32.87189,1
Q31879450,Beleafe,3.07106,31.08933,1
Q31879696,Benet,1.26749,34.52881,1
Q31880343,Bigasa Sub-county,-0.03892,31.64461,1
Q31880352,Biguli,0.35103,30.79222,2
Q31880359,Bihanga,-0.25057,30.34806,1
Q31880368,Biharwe,-0.52885,30.73824,1
Q31880405,Biiso,1.79426,31.49471,1
Q31880615,Binyiny Town Council,1.4159,34.53322,1
Q31880678,Birembo,0.92348,31.17698,1
Q31880732,Bisheshe,-0.03192,30.50135,1
Q31880746,Bitereko,-0.5358,29.99712,1
Q31880752,Bitooma,-0.42563,30.17564,1
Q31880761,Bitsya,-0.29782,30.47134,1
Q31882200,Bokora Wildlife Reserve,2.43333,34.0,1
Q31882311,Bombo Town Council,0.58,32.53976,1
Q31884002,Bubaare,-0.55434,30.52358,1
Q31884009,Bubango,0.72309,31.01176,1
Q31884017,Bubeke,-0.263055555,32.630833333,1
Q31884033,Bubiita,0.99851,34.37997,1
Q31884040,Bubukwanga,0.79066,30.02853,1
Q31884047,Bubumba Swamp,0.20985,32.7085,1
Q31884120,Budadiri Town Council,1.17299,34.32644,1
Q31884126,Budaka,1.02005,33.94611,1
Q31884132,Budaka Town Council,1.00625,33.98844,1
Q31884140,Budde,0.15027,32.17582,1
Q31884153,Budhaya,0.37316,33.78338,1
Q31884159,Budondo,0.53384,33.16312,1
Q31884164,Budongo,1.94713,31.60161,1
Q31884174,Bududa,1.02308,34.31891,1
Q31884182,Bududa Town Council,1.00878,34.3413,1
Q31884189,Budumba,0.79528,33.82936,1
Q31884201,Budwale,1.06013,34.2589,1
Q31884419,Bufumbo,1.10164,34.25819,1
Q31884428,Bufumira,-0.27652,32.38854,1
Q31884437,Bugaaki,0.69732,30.46975,1
Q31884446,Bugaba Bay,0.03203,33.25018,1
Q31884453,Bugabo Bay,0.15094,33.16121,1
Q31884461,Bugaju Bay,0.16168,33.15318,1
Q31884469,Bugamba,-0.76444,30.50048,1
Q31884476,Bugambe,1.43807,31.20116,1
Q31884486,Bugangari,-0.71039,29.85366,1
Q31884493,Bugaya,1.0811,33.25164,1
Q31884501,Bugembe Town Council,0.47088,33.23876,1
Q31884511,Bugiri Town Council,0.56263,33.75493,1
Q31884519,Bugitimwa,1.12776,34.45714,1
Q31884528,Bugobero,0.85301,34.25095,1
Q31884539,Bugongi,-0.62186,30.31262,1
Q31884550,Bugongi Town Council,-0.65089,30.2614,1
Q31884585,Bugulumbya,0.79759,33.19991,1
Q31884595,Bugunjo Point,0.07233,33.27396,1
Q31884611,Buhara,-1.35891,30.05153,1
Q31884621,Buheesi,0.5602,30.21275,1
Q31884630,Buhehe,0.34496,34.0469,2
Q31884645,Buhimba,1.29979,31.31917,1
Q31884662,Buhuhira,0.39074,30.11765,1
Q31884688,Buiga Point,0.10695,33.14307,1
Q31884695,Buikwe,0.29253,32.99373,1
Q31884703,Buikwe Town Council,0.33512,33.03939,1
Q31884716,Bujjumba,-0.4745,32.17685,1
Q31884724,Bujumbura Division,1.4748,31.3443,1
Q31884731,Bukabooli,0.31335,33.65249,1
Q31884740,Bukafu Bay,0.11869,33.00431,1
Q31884748,Bukaka Point,0.18616,33.77853,1
Q31884769,Bukalasi,1.04373,34.46119,1
Q31884777,Bukalazi Point,0.31011,33.26893,1
Q31884785,Bukalera Bay,0.16776,33.17044,1
Q31884799,Bukalume Bay,0.17135,33.1612,1
Q31884806,Bukasakya,1.05894,34.13984,1
Q31884816,Bukatube,0.37843,33.38797,1
Q31884827,Bukayanja Point,0.10031,33.12495,1
Q31884833,Bukedea,1.31802,34.06766,1
Q31884841,Bukedea Town Council,1.36166,34.03716,1
Q31884852,Bukhabusi,0.94676,34.33064,1
Q31884889,Bukhaweka,0.92285,34.32045,1
Q31884907,Bukhulo,1.21415,34.21116,1
Q31884912,Bukiabi,0.82805,34.4025,1
Q31884920,Bukibokolo,0.98761,34.28677,1
Q31884930,Bukigai,1.01411,34.35928,1
Q31884937,Bukiise,1.2464,34.28987,1
Q31884946,Bukimbiri,-1.1768,29.74615,1
Q31884958,Bukinda,-1.18578,30.12057,1
Q31884965,Bukiro,-0.43443,30.50213,1
Q31884971,Bukiyi,1.18239,34.21798,1
Q31884982,Bukokho,0.87276,34.4241,1
Q31884990,Bukoko Point,0.17319,33.15521,1
Q31885002,Bukomansimbi Town Council,-0.16243,31.62289,1
Q31885020,Bukomero Town Council,0.6873,32.02658,1
Q31885029,Bukonde,1.1005,34.23504,1
Q31885043,Bukonzo,0.69657,30.11422,1
Q31885052,Bukooma,0.87881,33.34214,1
Q31885073,Bukulula,-0.14011,31.82131,1
Q31885080,Bukusu,0.88624,34.30378,1
Q31885099,Bukuya,0.66209,31.84152,1
Q31885109,Bukwo,1.2772,34.75418,1
Q31885119,Bukwo Town Council,1.29257,34.74683,1
Q31885128,Bukyabo,1.1984,34.35811,1
Q31885135,Bukyambi,1.1476,34.33667,1
Q31885145,Bukyiende,0.96021,34.22968,1
Q31885154,Bulaago,1.21508,34.43545,1
Q31885184,Bulamagi,0.59306,33.44394,1
Q31885193,Bulamba Bay,0.20091,33.47184,1
Q31885202,Bulambuli Town Council,1.31486,34.29175,1
Q31885218,Bulangira,1.11271,33.89948,1
Q31885226,Bulanku Island,0.17717,33.15463,2
Q31885305,Bulegeni,1.29709,34.31811,1
Q31885312,Bulembia Division,0.26593,29.97337,1
Q31885322,Bulera,0.50257,32.02186,1
Q31885328,Bulesa,0.48266,33.84289,1
Q31885346,Bulidha,0.38576,33.72276,1
Q31885357,Buligonde Bay,0.09335,33.0881,1
Q31885366,Buliisa Town Council,2.09782,31.35386,1
Q31885389,Bulimba Swamp,0.88363,33.56666,1
Q31885455,Bulo,0.11155,32.01413,1
Q31885472,Bulonge Bay,0.087,33.32198,1
Q31885481,Bulongo,0.7783,33.37025,1
Q31885491,Bulongwe Bay,0.05904,33.28886,1
Q31885500,Bulopa,0.83274,33.2566,1
Q31885613,Bulubaga Point,0.15756,33.18689,1
Q31885623,Bulucheke,1.0667,34.38217,1
Q31885633,Buluganya,1.22031,34.38554,1
Q31885644,Bululu,1.70213,33.3205,1
Q31885656,Bulumbi,0.50668,33.99281,2
Q31885716,Bumalimba,1.21442,34.32766,1
Q31885729,Bumasheti,1.00805,34.30091,1
Q31885737,Bumasifwa,1.17499,34.37989,1
Q31885745,Bumasikye,0.88529,34.18805,1
Q31885752,Bumasobo,1.16867,34.453,1
Q31885761,Bumayoka,1.05872,34.4392,1
Q31885774,Bumbo,0.87785,34.38797,1
Q31885783,Bumbobi,1.00154,34.18193,1
Q31885812,Bumugibole,1.23471,34.44014,1
Q31885836,Bumwoni,0.83152,34.3759,1
Q31885846,Bunabwana,0.79599,34.28401,1
Q31885857,Bunambutye,1.49977,34.3388,2
Q31885866,Bundibugyo Town Council,0.70611,30.06793,1
Q31885895,Bungatira,2.86286,32.26456,1
Q31885905,Bungokho,1.02889,34.15506,1
Q31885915,Bungokho-Mutoto,1.05418,34.20892,1
Q31885941,Bunyafwa,1.12109,34.28118,1
Q31885957,Bupoto,0.90824,34.40849,1
Q31885999,Buremba,0.13323,30.68189,1
Q31886005,Burere,-0.37677,30.26052,1
Q31886089,Burora,1.10309,30.88003,1
Q31886139,Busabi,0.74537,33.87641,1
Q31886152,Busakira,0.39105,33.52225,1
Q31886160,Busamuzi,0.2859,33.29572,1
Q31886189,Busanza,-1.19214,29.61791,1
Q31886208,Busedde,0.59328,33.32575,1
Q31886216,Busembatya Town Council,0.77734,33.62304,1
Q31886230,Busero Point,0.08806,33.08685,1
Q31886239,Buseta,1.07395,33.76,1
Q31886261,Bushika,1.0651,34.33601,1
Q31886271,Bushiribo,1.03063,34.34092,1
Q31886278,Bushiyi,1.0817,34.42541,1
Q31886332,Busiime,0.26475,33.94233,2
Q31886342,Busiisi Division,1.415,31.31123,1
Q31886351,Busimbi,0.38802,32.12489,1
Q31886360,Busiriba,0.45446,30.45303,1
Q31886400,Busolwe Town Council,0.84298,33.92253,1
Q31886409,Busoro,0.65614,30.34984,1
Q31886418,Bussi,-0.03783,32.31957,1
Q31886426,Busukuma,0.53011,32.60468,1
Q31886435,Busukuya,0.84102,34.21542,1
Q31886446,Busulani,1.1459,34.35835,1
Q31886470,Butagaya,0.60995,33.10194,1
Q31886479,Butalangu Town Council,0.84204,32.25071,1
Q31886487,Butaleja,0.88288,33.97052,1
Q31886497,Butanda,-1.41191,29.9048,1
Q31886503,Butandiga,1.23486,34.32991,1
Q31886510,Butansi,0.91137,33.04944,1
Q31886521,Butayunja,0.31722,32.07691,1
Q31886529,Buteba,0.54235,34.10029,2
Q31886540,Butebo,1.21787,33.91317,3
Q31886557,Buteza,1.12315,34.31852,1
Q31886613,Butogota Town Council,-0.88557,29.63732,1
Q31886637,Butta,0.92829,34.25876,1
Q31886679,Butunduuzi,0.44838,30.8283,1
Q31886691,Butungama,1.13385,30.35582,1
Q31886699,Butuntumula,0.97277,32.45911,1
Q31886719,Buvuma,-0.4578,33.21889,1
Q31886724,Buvuma Town Council,0.19123,33.23494,1
Q31886733,Buwaali,1.01158,34.38566,1
Q31886741,Buwaaya,0.5068,33.50267,1
Q31886750,Buwabwala,0.92843,34.35957,1
Q31886758,Buwagogo,0.96793,34.31809,1
Q31886766,Buwalasi,1.1468,34.24103,1
Q31886774,Buwama,-0.0203,32.14154,1
Q31886784,Buwasa,1.15257,34.2749,1
Q31886799,Buwenge,0.63006,33.17765,1
Q31886807,Buwenge Town Council,0.64593,33.17417,1
Q31886817,Buwumba Point,0.39049,33.34625,1
Q31886824,Buwunga,-0.42398,31.8502,1
Q31886831,Buwunga Bay,0.15567,33.16551,1
Q31886840,Buyaga,0.47721,33.94754,1
Q31886853,Buyanga,0.66569,33.63291,2
Q31886862,Buyanja,-0.86592,29.952,1
Q31886872,Buyende,1.25319,33.16628,1
Q31886879,Buyende Town Council,1.15994,33.16184,1
Q31886890,Buyengo,0.63273,33.24367,1
Q31886902,Buyinja,0.33069,33.84069,1
Q31887025,Bwanswa,0.79363,31.37671,1
Q31887033,Bwebereza Forest,0.1928,32.75394,1
Q31887036,Bweema,-0.41961,32.98675,1
Q31887059,Bwera,0.04201,29.78055,2
Q31887065,Bweramule,0.9378,30.19499,1
Q31887074,Bweyale Town Council,1.94078,32.13958,1
Q31887080,Bwijanga,1.49592,31.62641,1
Q31887088,Bwikara,0.94964,30.68165,1
Q31887098,Bwikhonge,1.42995,34.29417,1
Q31887117,Bwizi,0.40978,30.72232,1
Q31887123,Bwongyera,-0.82013,30.08525,1
Q31887139,Byakabanda,-0.75001,31.38225,1
Q31891199,Central Division,0.34322,32.74786,1
Q31891207,Central Division,0.60874,33.47975,1
Q31891215,Central Division,2.23265,32.9085,1
Q31891223,Central Division,-0.55235,30.17028,1
Q31891232,Central Division,-1.25001,29.99813,1
Q31891241,Central Division,0.14834,30.0632,1
Q31891252,Central Division,1.68294,31.71669,1
Q31891261,Central Division,-0.8849,30.25248,1
Q31902242,Chahi,-1.31421,29.72984,1
Q31902917,Chawente,1.79696,32.6351,1
Q31903074,Chelekule,1.29725,33.67149,1
Q31903303,Chepkwasta,1.23489,34.63934,1
Q31903314,Cheptarech,1.30852,34.34735,1
Q31903361,Chesower,1.24899,34.56937,1
Q31907352,Ciforo,3.38511,31.68781,1
Q31909571,Dabani,0.44699,34.05798,2
Q31909660,Dambiro Point,0.00772,32.93824,1
Q31910049,Ddwaniro,-0.64667,31.36338,1
Q31911354,Division A,0.05128,32.47446,1
Q31911357,Division B,-0.05044,32.4439,1
Q31911424,Dokolo,1.97784,33.20033,1
Q31911428,Dokolo Town Council,1.91506,33.16752,1
Q31912089,Drajani,3.34853,31.10684,1
Q31912110,Dranya,3.36447,30.96222,1
Q31912714,Dwaniro,0.81974,32.0833,1
Q31912793,Dzaipi,3.38866,31.95508,1
Q31913027,Eastern Division,0.46701,34.09437,1
Q31913031,Eastern Division,1.70874,33.62263,1
Q31913036,Eastern Division,0.6816,34.19276,1
Q31913039,Eastern Division,0.64709,30.29751,1
Q31913042,Eastern Division,-0.88278,30.2819,1
Q31913044,Eastern Division,-0.77805,29.94566,1
Q31913766,Engari,-0.02199,30.6441,1
Q31914147,Erussi,2.33133,31.10215,1
Q31914956,Etam,1.66082,32.6894,1
Q31916567,Gaba Point,0.08732,33.10276,1
Q31916579,Gadumire,1.14302,33.51292,1
Q31916630,Galo Island,0.07031,32.92556,2
Q31916858,Gayaza,0.927280555,31.501619444,1
Q31917216,Gimara,3.30879,31.51074,1
Q31917386,Gogonyo,1.27063,33.53874,1
Q31917489,Goma Division,0.38394,32.70295,1
Q31917494,Gombe,0.51003,32.49405,1
Q31917496,Gombe Town Council,0.17375,32.11639,1
Q31917503,Gomogo,1.30651,34.36006,1
Q31917532,Gondo Point,0.13554,32.79974,1
Q31918044,Griffin Falls,0.44677,32.95343,1
Q31918966,Gweri,1.72061,33.7238,1
Q31919107,Hakibaale,0.73882,30.38165,1
Q31919172,Hamurwa Town Council,-1.14695,29.89547,1
Q31919508,Harugale,0.63979,30.08171,1
Q31919889,Hima Town Council,0.27749,30.17536,1
Q31922751,Ibaare,-0.62421,30.14747,1
Q31922753,Ibanda Town Council,-0.12711,30.48368,1
Q31922786,Iceme,2.43589,32.61294,1
Q31922824,Igombe,0.56546,33.56918,1
Q31922826,Igorora Town Council,-0.22931,30.5467,1
Q31922833,Ihandiro,0.101,29.80087,1
Q31922836,Ihendangoma Point,0.03948,33.30103,1
Q31922838,Ihunga,-0.82199,30.1888,1
Q31922850,Iki-Iki,1.10113,34.00331,1
Q31922857,Ikumba,-1.10995,29.81832,1
Q31922859,Ikumbya,0.9917,33.35037,1
Q31922930,Immanyiro,0.48235,33.44186,1
Q31923007,Industrial Division,1.07337,34.16609,1
Q31923086,Inomo,2.09677,32.68541,1
Q31923179,Irabi Point,0.04764,33.24143,1
Q31923188,Iriiri,2.06126,34.29372,1
Q31923211,Irongo,0.73126,33.25828,1
Q31923233,Isango,-0.0019,29.74446,1
Q31923240,Ishaka Division,-0.55243,30.13737,1
Q31923245,Ishongororo Town Council,0.05766,30.49424,1
Q31923269,Isingiro Town Council,-0.77334,30.83262,1
Q31925578,Itirikwa,3.09931,31.73059,1
Q31925580,Itojo,-0.78298,30.30586,1
Q31925584,Itula,3.46742,31.58597,1
Q31925590,Ivukula,0.99044,33.6337,1
Q31928341,Jangokoro,2.41978,30.88326,1
Q31928628,Kaabong East,3.57772,34.16041,1
Q31928629,Kaabong Town Council,3.51606,34.13285,1
Q31928630,Kaabong West,3.52681,34.11202,1
Q31928643,Kaazi Point,0.20929,32.62288,1
Q31928647,Kabamba,1.00047,31.01293,1
Q31928650,Kabambiro,0.15401,30.52231,1
Q31928654,Kabei,1.29955,34.66157,1
Q31928663,Kaberamaido,1.77101,33.17988,1
Q31928664,Kaberamaido Town Council,1.76309,33.15483,1
Q31928665,Kaberebere Town Council,-0.69841,30.6907,1
Q31928671,Kabilemog,2.33036,34.64326,1
Q31928674,Kabingo,-0.79226,30.74416,1
Q31928675,Kabira,-0.74043,31.69043,1
Q31928676,Kabira,-0.69266,30.03901,1
Q31928681,Kabonera,-0.40627,31.65333,1
Q31928682,Kabonero,0.48221,30.08042,1
Q31928688,Kabulasoke,0.1554,31.8052,1
Q31928689,Kabulataka Island,0.12511,32.64058,2
Q31928695,Kabuyanda,-0.90259,30.62057,2
Q31928697,Kabuyanda Town Council,-0.95793,30.60901,1
Q31928703,Kabwangasi,1.14472,34.10115,1
Q31928731,Kabwohe-Itendero Tc,-0.58095,30.40364,1
Q31928744,Kacheera,-0.60388,31.16117,1
Q31928749,Kacheri,3.18646,33.79131,1
Q31928766,Kachomo,1.12589,33.94757,1
Q31928769,Kachonga,0.97027,34.02214,1
Q31928771,Kachumbala,1.22152,34.12265,1
Q31928777,Kadama,1.00137,33.8618,1
Q31928788,Kaderuna,1.07483,33.93792,1
Q31928792,Kadonyo,2.46142,34.71491,1
Q31928888,Kafunda Bay,0.47036,33.35696,1
Q31928900,Kagadi,0.87649,30.85047,1
Q31928902,Kagadi Town Council,0.93926,30.81666,1
Q31928905,Kagamba,-0.62331,31.3071,1
Q31928914,Kagongi,-0.26728,30.56711,1
Q31928916,Kagulu,1.25884,33.33271,1
Q31928931,Kaharo,-1.25192,30.08833,1
Q31928948,Kahoora Division,1.42319,31.34699,1
Q31928951,Kahunge,0.31344,30.47598,1
Q31928979,Kaimira,0.63013,30.47236,2
Q31929019,Kajobwiki,2.49286,34.81273,1
Q31929022,Kakabara,0.55441,30.94509,1
Q31929054,Kakiika,-0.56963,30.67422,1
Q31929056,Kakindo,1.07668,31.17372,1
Q31929060,Kakindu,0.30615,32.15685,1
Q31929062,Kakindu Swamp,0.15531,32.56595,1
Q31929067,Kakira Town Council,0.52437,33.28214,1
Q31929071,Kakiri Town Council,0.43366,32.38807,1
Q31929083,Kakomongole,1.89553,34.66714,1
Q31929090,Kakooge,1.13976,32.46349,1
Q31929093,Kakooge Town Council,1.04871,32.47933,1
Q31929096,Kakoro,1.17881,34.0383,1
Q31929098,Kakoromeri,2.90406,34.60473,1
Q31929113,Kakule,1.06738,33.99434,1
Q31929126,Kakumiro Town Council,0.77622,31.31695,1
Q31929133,Kakure,1.85672,33.38548,1
Q31929137,Kakuuto,-0.90808,31.47048,1
Q31929157,Kalabi Dam,3.729166666,33.71,1
Q31929168,Kalagala,0.60635,32.63975,1
Q31929177,Kalaki,1.8095,33.35767,1
Q31929188,Kalamba,0.26407,32.23584,1
Q31929192,Kalambi Forest,0.06546,33.27439,1
Q31929201,Kalangala Town Council,-0.31027,32.3058,1
Q31929203,Kalangalo,0.57283,31.97032,1
Q31929208,Kalapata,3.64513,34.1924,1
Q31929248,Kaleri Basin,3.645555555,33.554444444,1
Q31929251,Kaliiro,-0.28252,31.18197,1
Q31929268,Kaliro Town Council,0.90208,33.51168,1
Q31929273,Kalisizo,-0.55816,31.60256,1
Q31929276,Kalisizo Town Council,-0.53457,31.62202,1
Q31929372,Kalongo Town Council,3.04249,33.36924,1
Q31929379,Kalotakori,2.47617,34.6986,1
Q31929406,Kalungi,1.3408,32.66096,1
Q31929409,Kalungu,-0.19208,31.74939,1
Q31929411,Kalungu Town Council,-0.16279,31.75606,1
Q31929418,Kalwana,0.58133,31.64625,1
Q31929429,Kalyambuzi Swamp,0.02584,32.80026,1
Q31929432,Kamairo,2.75284,34.57318,1
Q31929479,Kambuga,-0.79825,29.78998,1
Q31929483,Kambuga Town Council,-0.80458,29.80656,1
Q31929505,Kamdini,2.27283,32.31036,1
Q31929522,Kameke,1.28202,33.79425,1
Q31929524,Kamengo,0.10407,32.21792,1
Q31929530,Kameruka,1.15032,33.98299,1
Q31929533,Kamet,1.35043,34.70753,1
Q31929547,Kamikata,2.49492,34.79663,1
Q31929552,Kamion,3.91518,34.05146,1
Q31929555,Kamira,1.00945,32.67656,1
Q31929599,Kamuda,1.71975,33.49294,1
Q31929600,Kamuganguzi,-1.36546,29.98772,1
Q31929603,Kamuge,1.19058,33.82902,1
Q31929611,Kamuli Town Council,0.94039,33.12493,1
Q31929612,Kamulongo Point,0.26458,33.33985,1
Q31929622,Kamwenge,0.22143,30.38911,1
Q31929625,Kamwezi,-1.20951,30.21335,1
Q31929662,Kananarok Waterhole,3.990555555,33.760833333,1
Q31929664,Kanara,0.12339,30.31871,1
Q31929667,Kanara,1.0647,30.48208,1
Q31929670,Kanara Town Council,1.03811,30.53208,1
Q31929705,Kangai,1.82615,33.08432,1
Q31929714,Kanginima,1.19919,33.98712,1
Q31929720,Kango,2.60782,30.82667,1
Q31929739,Kangulumira,0.56998,33.02863,1
Q31929748,Kanjego Bay,0.28308,33.49915,1
Q31929772,Kanoni,-0.09534,30.60491,1
Q31929773,Kanoni Town Council,0.17033,31.90842,1
Q31929817,Kanungu Town Council,-0.91105,29.77964,1
Q31929819,Kanyabwanga,-0.60596,29.93374,1
Q31929827,Kanyantorogo,-0.82545,29.68197,1
Q31929841,Kanyum,1.36315,33.93237,1
Q31929868,Kapchesombe,1.37385,34.4695,1
Q31929869,Kapchorwa Town Council,1.39761,34.45184,1
Q31929871,Kapedo,3.61587,33.90634,1
Q31929876,Kapeke,0.97656,31.89371,1
Q31929877,Kapelebyong,2.22755,33.77421,2
Q31929887,Kapir,1.60232,33.77268,1
Q31929908,Kaproron,1.43786,34.63634,1
Q31929910,Kapsinda,1.36902,34.359,1
Q31929913,Kaptanya,1.43338,34.45023,1
Q31929918,Kaptererwo,1.26167,34.80246,1
Q31929919,Kapteret,1.38829,34.42934,1
Q31929921,Kaptoyoy,1.44087,34.48995,1
Q31929922,Kaptum,1.44744,34.57692,1
Q31929925,Kapujan,1.71128,33.88683,1
Q31929942,Karachomin,2.57705,34.80526,1
Q31929945,Karago Town Council,0.68031,30.19458,1
Q31929949,Karambi,0.63853,30.24021,1
Q31929952,Karambi,0.06068,29.73859,1
Q31929956,Karangura,0.63264,30.14917,1
Q31930056,Karisagiriatum,2.46251,34.83676,1
Q31930114,Karugabirira,0.61944,30.44804,1
Q31930118,Karugutu Town Council,0.78954,30.2317,1
Q31930120,Karujubu Division,1.71181,31.67728,1
Q31930122,Karuma Dam,2.24306,32.245,1
Q31930123,Karungu,-0.36686,30.47323,1
Q31930125,Karusandara,0.20315,30.21385,1
Q31930130,Kasaali,-0.62023,31.5374,1
Q31930132,Kasaana,-0.70622,30.20097,1
Q31930138,Kasagama,-0.1076,31.16191,1
Q31930149,Kasambya,0.29292,31.16075,1
Q31930153,Kasambya,0.889,31.26261,1
Q31930158,Kasangombe,0.7309,32.44372,1
Q31930161,Kasanje,0.12502,32.38243,1
Q31930169,Kasasa,-0.74439,31.52807,1
Q31930173,Kasasira,1.08856,33.68914,1
Q31930190,Kasenda,0.42555,30.32703,1
Q31930196,Kaserem,1.32017,34.33539,1
Q31930204,Kashambya,-1.0721,29.98496,1
Q31930206,Kashangura,-0.07741,30.44622,1
Q31930208,Kashare,-0.3548,30.61907,1
Q31930215,Kashenshero,-0.64704,29.98442,1
Q31930217,Kashenshero Town Council,-0.62583,29.9883,1
Q31930231,Kashongi,-0.25778,30.70095,1
Q31930235,Kashumba,-0.89508,30.93366,1
Q31930252,Kasitu,0.8341,30.12943,1
Q31930255,Kasoga Point,0.03551,33.24721,1
Q31930289,Kasule,0.56658,31.2025,1
Q31930292,Kasulo Bay,0.25328,33.34514,1
Q31930294,Kasulo Forest,0.15132,32.76176,1
Q31930308,Katabala Forest,0.17776,33.00243,1
Q31930311,Katabi,0.02672,32.54791,3
Q31930314,Katakoma,0.68013,30.29426,1
Q31930316,Katakwi,1.89336,33.94371,1
Q31930317,Katakwi Town Council,1.9142,33.95962,1
Q31930322,Katale Point,0.38611,33.33898,1
Q31930324,Katanda,-0.23734,30.18632,1
Q31930347,Kateebwa,0.55196,30.12108,1
Q31930350,Kateete,-0.78783,29.75837,1
Q31930363,Katerera,-0.19124,30.18594,1
Q31930367,Katerera Town Council,-0.19877,30.16201,1
Q31930373,Kathile,3.64848,34.03549,1
Q31930381,Katikamu,0.73626,32.53916,1
Q31930392,Katira,1.11787,34.03752,1
Q31930424,Katooke,0.72643,30.68112,1
Q31930436,Katrini,3.13006,30.97906,1
Q31930462,Katuna Town Council,-1.43657,29.98675,1
Q31930466,Katunguru,-0.22523,29.89413,1
Q31930474,Katwe Kabatoro T.Council,-0.13765,29.88301,1
Q31930512,Kawagga Swamp,0.22867,32.61366,1
Q31930513,Kawalakol,3.90748,33.86885,1
Q31930534,Kawolo,0.33319,32.92471,1
Q31930537,Kawotomera Bay,0.01255,33.26068,1
Q31930539,Kawowo,1.34984,34.32714,1
Q31930545,Kayebe Point,0.17881,33.2231,1
Q31930552,Kayira Point,0.09353,33.02858,1
Q31930554,Kayobe Swamp,0.2938,32.70558,1
Q31930558,Kayonza,0.94454,32.86272,1
Q31930559,Kayonza,-0.92447,29.64198,1
Q31930562,Kayonza,-1.10867,30.13813,1
Q31930573,Kayunga Town Council,0.70875,32.89645,1
Q31930576,Kazi Point,0.05246,33.30253,1
Q31930580,Kazimizi Point,0.18258,33.21833,1
Q31930589,Kazo,-0.03763,30.83281,1
Q31930591,Kazo Town Council,-0.05818,30.76149,1
Q31930637,Kei,3.61776,31.14387,1
Q31930640,Keihangara,-0.19236,30.59248,1
Q31930815,Kerwa,3.71598,31.26701,1
Q31930940,Khabutoola,0.9065,34.27615,1
Q31931234,Kibaale,0.87117,33.58735,1
Q31931236,Kibaale Town Council,0.77951,31.08223,1
Q31931239,Kibale,1.2143,33.77677,1
Q31931240,Kibalinga,0.51392,31.28556,1
Q31931243,Kibanda,-0.89126,31.3402,1
Q31931245,Kibatsi,-0.76704,30.15729,1
Q31931248,Kibibi,0.22137,32.16038,1
Q31931254,Kibiga,0.83935,31.75452,1
Q31931257,Kibinge,-0.25945,31.63036,1
Q31931258,Kibingo Town Council,-0.55265,30.41585,1
Q31931260,Kiboga Town Council,0.91592,31.77113,1
Q31931262,Kibona Point,0.02428,32.80014,1
Q31931267,Kibuku,1.06599,33.81879,1
Q31931269,Kibuku Town Council,1.04603,33.80212,1
Q31931272,Kibuku Town Council,0.94971,30.25853,1
Q31931275,Kibumba Point,0.06748,33.26388,1
Q31931278,Kicheche,-0.06975,30.34524,1
Q31931280,Kichwamba,-0.29726,29.95592,1
Q31931282,Kicuzi,-0.168,30.32886,1
Q31931285,Kicwamba,0.72416,30.25124,1
Q31931293,Kidera,1.38261,32.93761,1
Q31931295,Kidibuli Bay,0.36038,33.44713,1
Q31931299,Kidongole,1.25328,33.9889,1
Q31931301,Kidubira Swamp,0.04405,33.29626,1
Q31931306,Kifamba,-0.78765,31.44226,1
Q31931309,Kifo Bay,0.06651,33.28601,1
Q31931313,Kigandalo,0.41078,33.60893,1
Q31931315,Kigando,0.32377,31.30761,1
Q31931317,Kigarama,-0.50721,30.41661,1
Q31931320,Kigorobya,1.71194,31.22289,1
Q31931322,Kigorobya Town Council,1.62155,31.31071,1
Q31931325,Kigulya Division,1.68261,31.77118,1
Q31931330,Kigumba Town Council,1.80701,32.00507,1
Q31931333,Kiguri,0.59518,33.92859,1
Q31931335,Kigwera,2.18501,31.37895,1
Q31931339,Kihiihi,-0.56925,29.69516,1
Q31931340,Kihiihi Town Council,-0.76529,29.68844,1
Q31931343,Kihungya,1.715,31.42342,1
Q31931346,Kihuura,0.57867,30.79176,1
Q31931348,Kijomoro,3.15959,30.91417,1
Q31931351,Kijongo,-0.00769,30.41476,1
Q31931352,Kijura Town Council,0.85427,30.42381,1
Q31931355,Kikagate,-0.98715,30.68294,1
Q31931359,Kikamulo,0.83947,32.40997,1
Q31931361,Kikandwa,0.62908,32.121,1
Q31931363,Kiko Bay,0.0165,33.25483,1
Q31931365,Kiko Town Council,0.58372,30.32761,1
Q31931371,Kikyusa,0.8664,32.68299,1
Q31931378,Kilembe,0.22845,29.971,1
Q31931393,Kimanya/Kyabakuza Div.,-0.3361,31.72,1
Q31931403,Kimengo,1.49689,31.85165,1
Q31931406,Kimenyedde,0.52807,32.84134,1
Q31931412,Kinaaba,-0.99201,29.80011,1
Q31931415,Kinangoma,0.62882,30.4956,1
Q31932265,Kinoni,1.36993,31.98772,1
Q31932268,Kinoni,-0.08789,31.0199,1
Q31932271,Kinuuka,-0.23776,31.11322,1
Q31932273,Kinyankaro,0.67822,30.44327,1
Q31932278,Kinyogoga,1.17079,32.23599,1
Q31932284,Kira Town Council,0.38745,32.65414,1
Q31932286,Kirewa,0.77844,33.94523,1
Q31932290,Kirika,0.99628,33.82837,1
Q31932291,Kiriki,1.43152,34.71187,1
Q31932293,Kirima,-0.87492,29.7315,1
Q31932294,Kiringente,0.26624,32.38669,1
Q31932302,Kiruhura Town Council,-0.19485,30.88437,1
Q31932303,Kirumba,-0.48044,31.60447,1
Q31932306,Kirumya,0.73733,30.08702,1
Q31932308,Kirundo,-1.11621,29.67633,2
Q31932310,Kiryandongo,2.0824,31.98884,1
Q31932311,Kiryandongo Refugee Set.,1.92577,32.18677,1
Q31932313,Kiryandongo Town Council,1.8777,32.0558,1
Q31932315,Kiryanga,1.08158,31.07111,1
Q31932317,Kisankombe Forest,0.18152,32.80473,1
Q31932319,Kisekka,-0.41504,31.54237,1
Q31932321,Kisiita,1.08661,31.37695,1
Q31932323,Kisinga,0.07202,29.87048,1
Q31932325,Kisiro Island,0.9412,33.78303,2
Q31932327,Kisisita Forest,0.18485,33.02221,1
Q31932328,Kisojo,0.51486,30.70748,1
Q31932330,Kisoko Bay,0.15659,33.18477,1
Q31932332,Kisoloberu Point,0.16121,33.22931,1
Q31932334,Kisoro Town Council,-1.27903,29.69486,1
Q31932336,Kisozi,0.73678,33.0821,1
Q31932337,Kisuba,0.74085,29.992,1
Q31932340,Kitambwa Forest,0.18984,32.77507,1
Q31932342,Kitawoi,1.34106,34.55147,1
Q31932344,Kitayunjwa,0.88716,33.16427,1
Q31932346,Kitendere Point,0.02341,33.27323,1
Q31932348,Kitenga,0.45469,31.50766,1
Q31932353,Kitenga,-0.61736,30.09144,1
Q31932357,Kito,0.76647,32.27094,1
Q31932365,Kitswamba,0.30917,30.22403,1
Q31932370,Kitumba,-1.29292,29.97046,1
Q31932371,Kitumbi,0.70067,31.70108,1
Q31932374,Kituntu Sub-County,0.03194,31.96977,1
Q31932377,Kituura,-0.19889,30.64769,1
Q31932381,Kitwe Town Council,-0.99126,30.46986,1
Q31932382,Kityerera,0.32827,33.51607,1
Q31932384,Kivule Point,0.38772,33.32108,1
Q31932387,Kiwembo Forest,0.22295,32.8953,1
Q31932388,Kiwoko Town Council,0.84814,32.35451,1
Q31932390,Kiwubwe Bay,0.15215,33.18101,1
Q31932392,Kiyuni,0.64866,31.33123,1
Q31932394,Kiziba,-0.85675,31.26611,1
Q31932396,Kiziba Point,0.04069,33.29781,1
Q31932401,Kizinga Point,0.05149,33.30427,1
Q31932403,Kizinkuba and Kyere Forests,0.19833,32.84402,1
Q31932404,Kiziranfumbi,1.3195,31.17883,1
Q31932407,Kkingo,-0.33971,31.64683,1
Q31933724,Koboko Town Council,3.41435,30.96205,1
Q31933738,Kobwin,1.37179,33.68206,1
Q31933745,Koch Goma,2.4556,32.12549,1
Q31933751,Kodanapal Waterhole,3.128888888,33.796388888,1
Q31934034,Kojja Peninsula,0.10797,32.68559,1
Q31934070,Kokilokit,2.59022,34.78819,1
Q31934082,Kokonyuko,2.29108,34.69389,2
Q31934144,Kole Town Council,2.27279,32.69779,1
Q31934150,Kolele Waterhole,3.774166666,33.98,1
Q31934163,Kolir,1.34403,34.19877,1
Q31934747,Kopotiar,2.58297,34.80909,1
Q31934901,Koro,2.71674,32.36597,1
Q31934917,Koromwa,2.33563,34.63132,1
Q31934951,Kortek,1.28901,34.70163,1
Q31935072,Kotido,2.97317,34.01375,1
Q31935078,Kotido Town Council,3.00085,34.11403,1
Q31935090,Kotomol,2.64113,33.34253,1
Q31936114,Kuju,2.05287,33.58458,1
Q31936198,Kuluba,3.58541,30.96115,1
Q31936207,Kululu,3.3977,31.34526,1
Q31936301,Kumbu Bay,0.09245,33.10469,1
Q31936332,Kumi Town Council,1.48602,33.93533,1
Q31936488,Kuru,3.45172,31.19447,1
Q3193685,Kasenyi,-0.02805556,30.14,4
Q31937136,Kwanyiny,1.39752,34.65951,1
Q31937140,Kwapa,0.74392,34.25684,1
Q31937279,Kwera,1.851,32.9925,1
Q31937283,Kwosir,1.36367,34.59154,1
Q31937287,Kyabakara,-0.16299,30.2327,1
Q31937289,Kyabarungira,0.40989,30.15732,1
Q31937290,Kyabigambire,1.46305,31.48469,1
Q31937292,Kyabirwa Falls,0.49001,33.15011,1
Q31937294,Kyakabadiima,1.04622,30.84779,1
Q31937305,Kyampisi,0.48961,32.73078,1
Q31937307,Kyamuhunga,-0.4305,30.06195,1
Q31937309,Kyamuliibwa,-0.08015,31.76335,1
Q31937313,Kyamuswa,-0.69093,32.57558,1
Q31937320,Kyanaisoke,0.93866,30.9055,1
Q31937322,Kyanamira,-1.26064,30.03925,1
Q31937324,Kyanga Island,0.04422,32.98761,2
Q31937330,Kyangwali,1.24472,30.75743,1
Q31937332,Kyangyenyi,-0.50558,30.34263,1
Q31937338,Kyankuba Point,0.17004,33.16727,1
Q31937343,Kyarumba,0.19192,29.92825,1
Q31937348,Kyaterekera,0.96966,30.59863,1
Q31937355,Kyazanga,-0.42592,31.32958,1
Q31937363,Kyazanga Town Council,-0.39167,31.33033,1
Q31937369,Kyebando,0.90366,31.11254,1
Q31937373,Kyebe,-0.91344,31.77621,1
Q31937380,Kyegegwa,0.43446,31.08604,1
Q31937385,Kyegegwa Town Council,0.51868,31.06223,1
Q31937390,Kyegonza,0.22105,31.85714,1
Q31937394,Kyeizoba,-0.57503,30.263,1
Q31937399,Kyenjojo Town Council,0.6183,30.67469,1
Q31937406,Kyenzige,0.98837,30.8657,1
Q31937413,Kyere,1.49758,33.63056,1
Q31937418,Kyereta,0.29372,33.06599,1
Q31937431,Kyondo,0.18381,29.88056,1
Q31937435,Kyotera Town Council,-0.62878,31.54202,1
Q31938973,L. Katwe,-0.06921,29.99484,1
Q31939256,Labori,1.41332,33.2237,1
Q31941557,Lakwana,2.60554,32.41011,1
Q31941563,Lala Point,0.09972,33.11712,1
Q31941899,Lamiyo,2.78831,33.08218,1
Q31942269,Lapono,2.91851,33.50257,1
Q31942280,Laroo,2.78603,32.30874,1
Q31942301,Laso Falls,0.89411,34.39646,1
Q31942310,Latapwa Dam,3.640277777,33.506111111,1
Q31942354,Layibi,2.75438,32.28483,1
Q31942585,Lefori,3.61785,31.57734,1
Q3194269,Katunga,-0.471,30.191,3
Q3194272,Katwe-Kikorongo,-0.08,29.92,3
Q31943017,Lira,2.26411,32.84891,1
Q31943020,Lira Palwo,2.83399,33.19246,1
Q31943229,Lobalangit,3.46264,33.74276,1
Q31943246,Loborukitaat,2.3108,34.66589,1
Q31943248,Lobule,3.38151,31.02821,1
Q31943265,Lochoriawoyan,2.3539,34.54281,1
Q31943268,Lochorkaesilen,2.29399,34.73588,1
Q31943272,Lodiko,3.55274,34.32454,1
Q31943275,Lodonga,3.41275,31.14951,1
Q31943298,Logiri,2.72807,30.89212,1
Q31943302,Lokaale,2.29028,34.64437,1
Q31943309,Lokimait Waterhole,3.803055555,33.78,1
Q31943312,Lokiriset Waterhole,3.823333333,33.929722222,1
Q31943315,Lokopo,2.46252,34.06654,1
Q31943325,Lolachat,1.91748,34.42958,1
Q31943329,Lolelia,3.41579,33.92557,1
Q31943451,Lomuno,2.45553,34.81248,1
Q31943527,Longori Dam,3.056666666,33.670833333,1
Q31943544,Lonukaf,2.35761,34.58386,1
Q31943580,Lopei,2.64903,34.33245,1
Q31943581,Lopitapar Waterhole,3.833611111,33.8525,1
Q31943584,Lorengecora,2.26213,34.25996,2
Q31943587,Lorengedwat,2.26093,34.63212,1
Q31943596,Loroo,2.13271,34.89943,1
Q31943860,Lotenepus,2.41937,34.50724,1
Q31943910,Lotome,2.25897,34.48336,1
Q31943925,Lotukei,2.59435,33.59405,1
Q31944176,Lowoya,2.29414,34.72103,1
Q31944342,Lubanga Forest,0.19046,33.02782,1
Q31944373,Lubembe Point,0.06801,33.25294,1
Q31944395,Lubiriye,0.31554,33.07071,1
Q31944485,Ludara,3.58752,31.05224,1
Q31944542,Lufudu Bay,0.22772,33.80506,1
Q31944586,Lugazi Town Council,0.38256,32.93981,1
Q31944727,Lukaya Town Council,-0.13466,31.89523,1
Q31944743,Lukhonge,0.88981,34.20956,1
Q31944821,Lukumbi Swamp,0.20637,32.68661,1
Q31944864,Lulanda Island,0.08069,32.96442,2
Q31945088,Lunkulu Island,0.17644,32.88597,2
Q31945095,Lunyo,0.33348,33.91945,2
Q31945100,Lunzuma Point,0.15786,33.15462,1
Q31945207,Lusaka Point,0.00998,32.9423,1
Q31945252,Lusha,1.25801,34.36143,1
Q31945370,Lutembe Beach,0.16547,32.57856,1
Q31945418,Luuka Town Council,0.7626,33.33024,1
Q31945453,Luwero Town Council,0.84122,32.49583,1
Q31945471,Luwoko Bay,0.15781,33.1596,1
Q31945498,Lwabagenge Island,0.04208,32.98427,2
Q31945502,Lwabenge,0.00728,31.76746,1
Q31945509,Lwabyata,1.5376,32.37149,1
Q31945532,Lwakhakha Town Council,0.79278,34.36834,1
Q31945545,Lwamaggwa,-0.55086,31.25588,1
Q31945558,Lwampanga,1.4618,32.51515,1
Q31945569,Lwanda,-0.6634,31.45459,1
Q31945592,Lwankoni,-0.56356,31.65728,1
Q31945602,Lwaso,1.0813,34.22267,1
Q31945608,Lwebitakuli,-0.25151,31.38984,1
Q31945614,Lwemiyaga,0.11366,31.0976,1
Q31945636,Lwengo,-0.40591,31.40142,1
Q31945640,Lwengo Town Council,-0.39422,31.46457,1
Q31945663,Lyama,0.96526,33.9347,1
Q31945677,Lyantonde,-0.40253,31.13275,1
Q31945683,Lyantonde Town Council,-0.40731,31.15392,1
Q31946065,Maanyi,0.28531,31.96206,1
Q31946078,Mabaale,1.03438,30.92977,1
Q31946192,Mabo Point,0.11099,33.1045,1
Q31946703,Madudu,0.66728,31.48324,1
Q31946862,Mafubira,0.49392,33.21615,1
Q31946924,Magada,0.91114,33.71196,1
Q31946940,Magale,0.86264,34.35012,1
Q31946964,Magambo,-0.26422,30.13883,1
Q31947069,Magola,0.61938,34.06295,1
Q31947092,Magonya Bay,0.10186,33.12026,1
Q31947097,Magoro,1.70908,34.13261,1
Q31947198,Mahango,0.14362,29.99952,1
Q31947383,Mahyoro,-0.03181,30.27343,1
Q31947453,Majebo Point,0.17203,33.17708,1
Q31947707,Makiraga Bay,0.18339,33.2184,1
Q31947764,Makokota,0.74026,31.84569,1
Q31947830,Makopa Point,0.01846,32.92174,1
Q31947916,Makulubita,0.61559,32.41453,1
Q31948066,Malaba Town Council,0.63984,34.26191,1
Q31948131,Malangala,0.34645,32.21364,1
Q31948200,Malera,1.473,34.13347,1
Q31948266,Malirwe Point,0.02321,32.9374,1
Q31948345,Malongo,-0.38304,31.25159,1
Q31948349,Malongo,-0.3136,33.58165,1
Q31948668,Manafwa Town Council,0.94752,34.28344,1
Q31949484,Manyogaseka,0.32842,31.72473,1
Q31949911,Maracha Town Council,3.26941,30.95434,1
Q31950761,Masaba,0.37825,33.96657,2
Q31950766,Masaba,1.12378,34.41016,1
Q31950976,Masese/Walukuba Division,0.42786,33.25217,1
Q31951039,Masheruka,-0.45586,30.43206,1
Q31951145,Masiira,1.24417,34.45451,1
Q31951177,Masindi Port,1.69252,32.00377,1
Q31951184,Masinyi,0.38977,34.06774,2
Q31951253,Masovwi Island,0.10629,32.85934,2
Q31951337,Masulita Town Council,0.52752,32.35886,1
Q31951571,Matale,0.75436,31.14941,1
Q31951637,Matany,2.33671,34.38582,1
Q31951768,Mateete Town Council,-0.23463,31.47619,1
Q31951825,Matheniko Game Reserve,2.84001,34.60796,1
Q31951829,Matheniko Wildlife Reserve,2.9167,34.5,1
Q31952514,Mawanga Point,0.29339,33.29536,1
Q31952637,Mayanga,-0.74027,30.0426,1
Q31952774,Mayuge Town Council,0.44951,33.47562,1
Q31952879,Maziba,-1.30959,30.13169,1
Q31952903,Mazinga,-0.77192,32.21217,1
Q31953020,Mbaare,-0.92759,31.01103,1
Q31953069,Mbale Forest,0.12069,32.76264,1
Q31953407,Mbulamuti,0.83927,33.07442,1
Q31953869,Mella,0.68524,34.264,1
Q31953916,Mende,0.45309,32.43946,1
Q31953956,Mengo Bay,0.13728,33.03261,1
Q31954002,Merikit,0.8468,34.11495,1
Q31954069,Meru Islets,0.15767,33.23219,2
Q31954076,Meru Point,0.20056,33.80387,1
Q31954415,Metu,3.69738,31.83009,1
Q31955225,Midia,3.45004,30.96747,1
Q31955229,Midigo,3.61683,31.32046,1
Q31955365,Migeera Town Council,1.40327,32.25466,1
Q31955381,Miirya,1.66641,31.83869,1
Q31955388,Mijwala,-0.11828,31.42964,1
Q31955653,Mirambi,0.64958,30.0183,1
Q31955671,Miranga Forest,0.50909,30.27575,1
Q31955701,Mirongo Bay,0.06896,33.26926,1
Q31955895,Mitooma Town Council,-0.61252,30.05057,1
Q31955924,Mityana Town Council,0.3981,32.0449,1
Q31956777,Molo,0.84666,34.15306,1
Q31958023,Moruita,1.84398,34.76772,1
Q31958032,Morulem,2.54976,33.73052,1
Q31958041,Morungatuny,2.15395,33.50365,1
Q31959092,Moyo,3.63371,31.6906,1
Q31959097,Moyo Town Council,3.6556,31.72838,1
Q31959219,Mpara,0.38778,30.99744,1
Q31959223,Mparo Division,1.41338,31.39686,1
Q31959234,Mpasaana,1.03263,31.42894,1
Q31959250,Mpatta,0.21648,32.68545,1
Q31959297,Mpenja,0.21942,32.0581,1
Q31959338,Mpigi Town Council,0.20321,32.31426,1
Q31959430,Mpondwe-Lhubiriha Tc,0.02251,29.7508,1
Q31959530,Mpumudde,-0.19366,31.26266,1
Q31959534,Mpumudde/Kimaka Division,0.45103,33.19983,1
Q31959550,Mpunda Point,0.03437,33.28255,1
Q31959560,Mpunge,0.10554,32.70435,1
Q31959576,Mpungwe,0.46029,33.5367,1
Q31959581,Mpuni Island,0.31735,33.36039,2
Q31959731,Mt. Elgon National Park,1.1185,34.5265,1
Q31960226,Mubanda Point,0.07165,33.27961,1
Q31960241,Mubende Town Council,0.5678,31.38268,1
Q31960262,Muchambwa,0.65802,30.4472,1
Q31960460,Mugarama,0.89207,31.02207,1
Q31960470,Mugoye,-0.27749,32.13262,1
Q31960482,Muhanga Town Council,-1.18341,30.08276,1
Q31960491,Muhokya,0.08603,30.12918,1
Q31960496,Muhoro,0.87217,30.78335,1
Q31960500,Muhoro Town Council,0.91106,30.75129,1
Q31960670,Mukongoro,1.31944,33.85626,1
Q31960736,Mukungwe,-0.29896,31.80238,1
Q31960745,Mukura,1.57994,33.84643,1
Q31960783,Mulagi,0.91477,31.7088,1
Q31960800,Mulanda,0.68089,34.02309,1
Q31960885,Mulimusa Point,0.18017,33.22057,1
Q31961096,Munarya,1.31257,34.43638,1
Q31963320,Muramba,-1.33077,29.62749,1
Q31963415,Murora,-1.33055,29.78768,1
Q31963576,Musenyu Bay,0.04043,33.29294,1
Q31963587,Museyni Bay,0.0503,33.29294,1
Q31963672,Musima Bay,0.03839,33.2457,1
Q31963820,Mutara,-0.70538,30.10068,1
Q31963914,Muterere,0.45307,33.762,1
Q31964007,Mutoto,0.94454,34.41518,1
Q31964075,Mutunda,2.05907,32.26231,1
Q31964196,Mutyomu Island,0.04365,32.77568,2
Q31964225,Muwanga,0.6932,31.94649,1
Q31964253,Muyembe,1.3585,34.29307,1
Q31964730,Mwizi,-0.78507,30.58981,1
Q31964739,Mwola Forest,0.11864,32.77917,1
Q31964762,Myanzi,0.42639,31.90186,1
Q31965989,Nabaale,0.56505,32.76125,1
Q31966010,Nababirye Point,0.17041,33.19133,1
Q31966028,Nabbanga Swamp,0.20452,32.72878,1
Q31966034,Nabigasa,-0.55654,31.49875,1
Q31966040,Nabigherya Swamp,0.75303,33.64191,1
Q31966047,Nabilatuk,2.0926,34.58291,2
Q31966051,Nabingoola,0.44595,31.18833,1
Q31966055,Nabiswera,1.46692,32.26888,1
Q31966058,Nabitende,0.79609,33.44901,1
Q31966063,Naboa,1.03473,34.02386,1
Q31966086,Nabuyoga,0.7014,33.94564,1
Q31966095,Nabweya,1.04169,34.36014,1
Q31966161,Nagawoloma Swamp,0.58666,33.72084,1
Q31966170,Nagembiruwa Island,0.05331,33.04935,2
Q31966187,Nagojje,0.44306,32.89761,3
Q31966190,Nagongera,0.75519,34.05894,1
Q31966195,Nagongera Town Council,0.76338,34.01483,1
Q31966226,Nairambi,-0.36236,33.43172,1
Q31966230,Naireme Bay,0.16556,33.2264,1
Q31966380,Najja,0.27319,33.11784,1
Q31966384,Najjembe,0.40323,33.03168,1
Q31966413,Nakabanda Point,0.00037,32.92924,1
Q31966426,Nakaiyut,2.55009,34.82252,1
Q31966441,Nakakomo Point,0.08951,33.08748,1
Q31966454,Nakalama,0.6614,33.53136,1
Q31966472,Nakalanga Point,0.3299,33.35817,1
Q31966477,Nakalemo Point,0.25898,33.20099,1
Q31966489,Nakaloke Town Council,1.14132,34.16418,1
Q31966516,Nakamindu Point,0.28377,33.29563,1
Q31966545,Nakapiripirit T.Council,1.8463,34.71988,1
Q31966549,Nakaseke,0.72473,32.36102,1
Q31966552,Nakaseke Town Council,0.72384,32.39958,1
Q31966557,Nakasenyi Bay,0.18751,33.24951,1
Q31966564,Nakasongola Town Council,1.31548,32.46837,1
Q31966588,Nakatsi,1.06791,34.3658,1
Q31966602,Nakayaga Bay,0.28903,33.38131,1
Q31966612,Nakibega Swamp,0.24632,32.67832,1
Q31966619,Nakigo,0.58206,33.51621,1
Q31966624,Nakilaro,2.44782,34.72519,1
Q31966632,Nakisunga,0.291,32.82404,1
Q31966636,Nakito Forest,0.21523,32.75184,1
Q31966642,Nakitokota Forest,0.13935,32.79943,1
Q31966645,Nakitoma,1.52462,32.10499,1
Q31966653,Nakiyuka Point,0.18482,33.21647,1
Q31966675,Nakyesajo Bay,0.2216,33.36162,1
Q31966735,Nalondo,0.89631,34.24509,1
Q31966764,Nalubale Point,0.10767,33.15352,1
Q31966860,Nalumuli Bay,0.08595,32.95627,1
Q31966877,Nalusala,1.18617,34.26462,1
Q31966895,Nalutengera Swamp,0.18343,32.69476,1
Q31966903,Naluwaya Point,0.14963,33.18051,1
Q31966918,Nalwanza,0.9825,34.44306,1
Q31966922,Nalweyo,1.09905,31.28252,1
Q31966942,Nama,0.40573,32.79829,1
Q31966976,Namabya,0.89939,34.33296,1
Q31966991,Namadewa Bay,0.0666,33.25855,1
Q31967002,Namagombe Swamp,0.16912,32.75438,1
Q31967055,Namalemba,0.75289,33.59579,1
Q31967071,Namalu,1.69936,34.58753,1
Q31967081,Namalumba Point,0.04598,33.24192,1
Q31967136,Namansa Point,0.09463,33.04714,1
Q31967141,Namanyo Point,0.09474,33.02792,1
Q31967145,Namanyonyi,1.12506,34.20488,1
Q31967164,Namasagali,1.01007,32.9897,1
Q31967167,Namasale,1.57461,32.57405,1
Q31967171,Namasale Tc,1.49709,32.61908,1
Q31967181,Namasimbi Island,0.24857,33.2066,2
Q31967196,Namatiwa Forest,0.18526,32.91866,1
Q31967203,Namatukulu Point,0.01568,33.26806,1
Q31967213,Namayingo Town Council,0.40423,33.88319,1
Q31967217,Namayumba Town Council,0.53171,32.25019,1
Q31967229,Nambale,0.8014,33.51681,1
Q31967232,Nambalire Point,0.27325,33.2059,1
Q31967250,Nambieso,1.88221,32.83685,1
Q31967262,Namboko,0.7768,34.30452,1
Q31967324,Namisuni,1.29526,34.36031,1
Q31967336,Namokora,3.36672,33.3084,1
Q31967356,Nampwotwe Swamp,0.01531,32.78356,1
Q31967374,Namugombe,0.35382,33.49345,1
Q31967375,Namugongo,0.9234,33.47607,1
Q31967377,Namugonya Bay,0.27094,33.4933,1
Q31967421,Namungalwe,0.70999,33.50397,1
Q31967425,Namungo,0.42902,32.18741,1
Q31967541,Namutumba,0.80453,33.71734,1
Q31967544,Namutumba Town Council,0.83426,33.68814,1
Q31967571,Namwendwa,0.93271,33.2504,1
Q31967586,Namwiwa,1.06266,33.57089,1
Q31967658,Nangabo,0.45278,32.59181,1
Q31967762,Nangusu Bay,0.2757,33.3543,1
Q31967785,Nankakwa Bay,0.05742,33.24587,1
Q31967792,Nankoma,0.46734,33.67712,1
Q31967825,Nansana Town Council,0.36584,32.53535,1
Q31967832,Nansanga,0.97936,33.89144,1
Q31967897,Napak Tc,2.21359,34.26992,1
Q31967902,Napak-Agkala Pass,2.90013,34.63254,1
Q31967913,Napore,3.70249,33.68951,1
Q31968263,Natongale,2.53172,34.80884,1
Q31968286,Naturongole,2.33401,34.82884,1
Q31968388,Nawagunga Swamp,0.86114,33.77062,1
Q31968394,Nawaikoke,1.13685,33.42011,1
Q31968405,Nawampiti,0.69616,33.29447,1
Q31968410,Nawandala,0.84604,33.4111,1
Q31968425,Nawanyago,0.73594,33.14334,1
Q31968431,Nawanyingi,0.67087,33.4514,1
Q31968441,Naweyo,1.0112,34.08244,1
Q31968477,Nayere Vallley,0.05944,33.25164,1
Q31968513,Nazimasa,0.95312,34.06728,1
Q31968646,Ndagwe,-0.52356,31.42354,1
Q31968652,Ndaiga,1.08986,30.58846,1
Q31968657,Ndaija,-0.74825,30.4026,1
Q31968775,Ndhew,2.385,31.11622,1
Q31968872,Ndobwe Point,0.01146,33.25839,1
Q31968955,Ndowetwe Point,0.16861,33.24112,1
Q31968966,Nduguto,0.58879,30.03835,1
Q31969108,Nebbi Town Council,2.47348,31.08886,1
Q31969551,Nfunye Point,0.16996,33.17386,1
Q31969606,Ngamba,0.74046,30.13728,1
Q31969625,Ngando,0.06427,31.886,1
Q31969749,Ngenge,1.52689,34.5493,1
Q31969753,Ngetta,2.31163,32.9396,1
Q31969831,Ngogwe,0.21573,33.01416,1
Q31970015,Ngoleriet,2.48851,34.49572,1
Q31970032,Ngoma,1.14203,31.95152,1
Q31970036,Ngoma,-1.10343,30.25978,1
Q31970054,Ngoma Town Council,1.18594,32.02012,1
Q31970414,Ngwedo,2.1943,31.48873,1
Q31970949,Njeru Town Council,0.42004,33.16888,1
Q31970976,Njuguta,0.6164,30.32592,1
Q31971027,Nkana Point,0.16666,33.22326,1
Q31971146,Nkokonjeru Town Council,0.24721,32.91614,1
Q31971179,Nkondo,1.30753,33.05,1
Q31971241,Nkooko,0.92218,31.40582,1
Q31971359,Nkungu Sc,0.13911,30.78815,1
Q31971390,Nkuzi Island,0.04623,32.50987,2
Q31971533,Nombe,0.75729,30.22197,1
Q31972136,North West Sigulu Point,0.13742,33.8024,1
Q31972171,Northern Division,0.61943,33.47395,1
Q31972178,Northern Division,1.09149,34.17825,1
Q31972197,Northern Division,1.73636,33.62247,1
Q31972204,Northern Division,2.53214,34.66109,1
Q31972212,Northern Division,-1.23988,29.98135,1
Q31972639,Nsangi,0.26757,32.47117,1
Q31972651,Nsasi,-0.16999,30.5122,1
Q31972691,Nsiika Town Council,-0.36425,30.43248,1
Q31972715,Nsinze,0.81529,33.63011,1
Q31973034,Ntanda Point,0.16293,33.22906,1
Q31973060,Ntara,0.02366,30.35656,1
Q31973165,Ntokwe Island,0.03526,32.77329,2
Q31973235,Ntotoro,0.78164,30.10936,1
Q31973317,Ntunda,0.57518,32.92815,1
Q31973330,Ntusi,0.05235,31.21826,1
Q31973347,Ntwetwe Town Council,0.94633,31.58654,1
Q31973725,Nwoya Town Council,2.60724,31.95166,1
Q31973760,Nyabbani,0.09984,30.42864,1
Q31973768,Nyabihoko,-0.88327,30.15583,1
Q31973774,Nyabubare,-0.53744,30.08193,1
Q31973781,Nyabuharwa,0.57216,30.51115,1
Q31973794,Nyabwishenya,-1.09552,29.60954,1
Q31973822,Nyadri,3.22658,30.94343,1
Q31973873,Nyahuka Town Council,0.68079,29.99191,1
Q31973896,Nyakabirizi Division,-0.52389,30.21686,1
Q31973944,Nyakashashara,-0.46556,31.05927,1
Q31973973,Nyakatonzi,-0.0687,29.8332,1
Q31973977,Nyakayojo,-0.67288,30.59418,1
Q31973984,Nyakinama,-1.26483,29.67017,1
Q31973990,Nyakinoni,-0.74033,29.7356,1
Q31973995,Nyakishana,-0.38071,30.36552,1
Q31974001,Nyakishenyi,-0.96314,29.90893,1
Q31974008,Nyakitunda,-0.87686,30.70081,1
Q31974041,Nyakyera,-0.87496,30.39786,1
Q31974184,Nyamarebe,0.08345,30.57342,1
Q31974209,Nyamarunda,0.86472,30.93048,1
Q31974214,Nyamarwa,0.70337,31.21476,1
Q31974403,Nyamirama,-0.6906,29.77366,1
Q31974471,Nyamuyanja,-0.79044,30.67814,1
Q31974485,Nyamwamba Division,0.1999,30.11513,1
Q31974494,Nyamweru,-1.17471,29.98424,1
Q31974523,Nyanama Point,0.03141,32.81683,1
Q31974555,Nyanga,-0.74968,29.64914,1
Q31974590,Nyangahya Division,1.63756,31.70982,1
Q31974693,Nyankwanzi,0.83377,30.73049,1
Q31974706,Nyantungo,0.56236,30.60666,1
Q31974753,Nyapea,2.48071,30.94716,2
Q31974796,Nyarubuye,-1.25413,29.62334,1
Q31974839,Nyarushanje,-0.97343,30.00861,1
Q31974847,Nyarusiza,-1.34415,29.6746,1
Q31974952,Nyenga,0.36094,33.19247,1
Q31974980,Nyero,1.43545,33.85079,1
Q31975029,Nyimbwa,0.6088,32.5179,1
Q31975036,Nyimu Forest,0.07886,32.90397,1
Q31975046,Nyoba Bay,0.0711,32.91153,1
Q31975057,Nyondo,0.98905,34.22459,1
Q31975114,Nyundo,-1.19502,29.70602,1
Q31979558,Obalanga,2.24049,33.58154,1
Q31979624,Ochero,1.59765,33.02694,1
Q31979665,Odupi,3.22884,31.25822,1
Q31979698,Ofua,3.28694,31.79574,1
Q31979738,Ogom,2.93378,33.11811,1
Q31979749,Ogor,2.53039,33.39052,1
Q31979755,Ogur,2.42289,32.95341,1
Q31979761,Ogwete,2.41797,33.57943,1
Q31979821,Okungur,2.32493,33.73651,1
Q31979827,Okwalongwen,2.02974,33.24528,1
Q31979834,Okwang,2.54057,33.12448,1
Q31979840,Okwerodot,2.37137,32.85611,1
Q31979845,Okwongdul,1.89644,33.05847,1
Q31979945,Oleba,3.30587,30.91909,1
Q31979957,Oli River Division,3.02816,30.91051,1
Q31980159,Olilim,2.47517,33.48637,1
Q31980165,Olio,1.54166,33.50897,1
Q31980231,Olok,1.18355,33.62642,1
Q31980308,Oluffe,3.23272,30.88619,1
Q31980313,Oluko,3.01226,31.01217,1
Q31980318,Oluvu,3.17559,30.84374,1
Q31980383,Omiya Anyima,3.26183,33.20696,1
Q31980391,Omodoi,1.7861,33.98835,1
Q31980398,Omoro,2.26114,33.40866,1
Q31980445,Omot,2.69087,33.22998,1
Q31980450,Omugo,3.24604,31.11101,1
Q31980551,Ongino,1.57684,34.06258,1
Q31980565,Ongongoja,2.16214,33.99042,1
Q31980775,Opwateta,1.25177,33.84114,1
Q31981041,Orom,3.50019,33.49525,1
Q31981066,Orum,2.39567,33.30298,1
Q31981516,Otuboi,1.89665,33.28572,1
Q31981523,Otuke Town Council,2.37198,33.34288,1
Q31981528,Otwal,2.54682,32.67055,1
Q31982074,Oyam Town Council,2.386,32.52378,1
Q31982197,Paacwa,1.08329,30.97936,1
Q31982293,Pacara,3.46421,31.79613,1
Q31982380,Pader,2.79581,32.94193,1
Q31982384,Padibe Town Council,3.49183,32.82418,1
Q31982415,Paidha Town Council,2.41587,30.98737,1
Q31982421,Paimol,3.11294,33.4689,1
Q31982445,Pakanyi,1.8784,31.76704,1
Q31982454,Pakelle,3.19805,31.88697,1
Q31982579,Pallisa,1.20509,33.72588,1
Q31982585,Pallisa Town Council,1.16934,33.71415,1
Q31982893,Panyangara,2.81141,34.08541,1
Q31982968,Parabongo,3.01025,33.34131,1
Q31985029,Patiko,3.01327,32.27474,1
Q31985038,Patongo,2.72077,33.30388,1
Q31985044,Patongo Town Council,2.75764,33.30821,1
Q31985146,Pawor,2.82023,31.32435,1
Q31985246,Pece,2.75876,32.31739,1
Q31986670,Petete,1.17174,33.90157,1
Q31986778,Petta,0.79008,34.09294,1
Q31996002,Pingire,1.43227,33.37742,1
Q31999415,Potipot Waterhole,3.763611111,33.925277777,1
Q31999902,Pumet Waterhole,3.560277777,33.981666666,1
Q32002807,Puranga,2.6334,32.99658,1
Q32002836,Puti-Puti,1.13587,33.77576,1
Q32005973,Rakai Town Council,-0.70858,31.40651,1
Q32007098,Rengen,3.11074,34.0548,1
Q32007967,Rigbo,3.08528,31.41606,1
Q32008118,Riwo,1.34223,34.77074,1
Q3200888,Kyatwa,0.45,30.25,3
Q32010457,Rubaare,-0.9961,30.17491,1
Q32010458,Rubaare Town Council,-1.012,30.19115,1
Q32010463,Rubaya,-1.38908,29.94008,1
Q32010471,Rubindi,-0.33838,30.54411,1
Q32010477,Rubirizi Town Council,-0.27535,30.10709,1
Q32010483,Rubona Town Council,0.54967,30.1804,1
Q32010486,Rubongi,0.70062,34.13631,1
Q32010493,Ruborogota,-1.01402,30.55289,1
Q32010554,Rugaaga,-0.81479,31.0351,2
Q32010562,Rugarama,-0.98138,30.08879,1
Q32010566,Rugashari,1.08636,30.80775,1
Q32010579,Ruhehe,-0.68658,29.98926,1
Q32010583,Ruhija,-1.04124,29.78816,1
Q32010588,Ruhinda,-0.67487,29.92224,1
Q32010595,Ruhumuro,-0.44527,30.24863,1
Q32010654,Rukoki,0.21816,30.05553,1
Q32010661,Rukoni East,-0.87817,30.54991,1
Q32010664,Rukoni West,-0.93011,30.46526,1
Q32010900,Rushango Town Council,0.13311,30.57903,1
Q32010905,Rushasha,-0.73373,31.0036,1
Q32011036,Ruteete,0.54523,30.36056,1
Q32011041,Ruteete,1.0127,30.80256,1
Q32011047,Rutenga,-0.99617,29.84895,1
Q32011078,Rutoto,-0.35503,30.05414,1
Q32011182,Ruyonza,0.27288,30.98343,1
Q32011214,Rwanyamahembe,-0.45089,30.56795,1
Q32011221,Rwashamaire Town Council,-0.83996,30.13708,1
Q32011230,Rwebisengo,0.98002,30.34515,1
Q32011236,Rwebisengo Town Council,1.04742,30.26862,1
Q32011240,Rweikiniro,-1.00349,30.3072,1
Q32011245,Rwembaita,0.59005,30.35598,1
Q32011249,Rwengwe,-0.35775,30.40552,1
Q32011255,Rwentuha,0.33654,30.8662,1
Q32011260,Rwimi,0.34484,30.30282,1
Q32011265,Rwimi Town Council,0.37587,30.22776,1
Q32011277,Ryeru,-0.29103,30.14096,1
Q32015745,Sanga Town Council,-0.55049,30.90995,1
Q32016674,Seeta-Namuganga,0.73825,32.79988,1
Q32016791,Sekitoke Point,0.05616,33.24598,1
Q32016923,Sembabule Town Council,-0.08644,31.45571,1
Q32016947,Semuto,0.61258,32.29039,1
Q32016953,Semuto Town Council,0.63208,32.31982,1
Q32016958,Semwondo Bay,0.00235,32.7725,1
Q32017004,Senendet,1.26158,34.75761,1
Q32017135,Serere Town Council,1.53212,33.45776,1
Q32017753,Sezibwa Falls,0.35572,32.86297,2
Q32019215,Sibanga,0.90393,34.2309,1
Q32019254,Sibimba Swamp,0.47276,33.9248,1
Q32019369,Sidok,3.36984,34.09527,1
Q32019377,Sidome Bay,0.23422,33.79254,1
Q32019865,Sigulu Islands,-0.40586,33.80169,1
Q32020104,Sikude,0.51278,34.06793,2
Q32020734,Sindila,0.50429,29.98789,1
Q32020828,Sipi,1.28576,34.43973,1
Q32020865,Sira Island,0.15137,33.15117,2
Q32020877,Sironko Town Council,1.2397,34.24653,1
Q32020902,Sisiyi,1.26938,34.33296,1
Q32020914,Sisuni,0.85111,34.29978,1
Q32022812,Sop-Sop,0.84271,34.06743,1
Q32022866,Soroti,1.70196,33.63823,1
Q32023147,Southern Division,2.52366,34.6548,1
Q32023153,Southern Division,-1.27545,29.99187,1
Q32023158,Southern Division,0.63506,30.26957,1
Q32023161,Southern Division,-0.81964,29.91886,1
Q32023421,Sowe Swamp,0.12312,32.68169,1
Q32024027,Ssabagabo-Makindye,0.22654,32.58086,1
Q32024033,Ssekanyonyi,0.52667,32.1427,1
Q32024038,Ssi-Bukunja,0.12986,32.95945,1
Q32024045,Ssisa,0.18055,32.50434,1
Q32024921,Suam,1.1966,34.66392,1
Q32025138,Sule Point,0.13492,33.12694,1
Q32025180,Sumbwe Point,0.01988,33.25327,1
Q32026500,Taan Valley,3.817222222,33.804722222,1
Q32027424,Taparh,2.45503,34.7886,1
Q32027485,Tara,3.30447,31.0288,1
Q32027707,Te Swamp,0.19047,32.67395,1
Q32033975,Tingorok,2.45032,34.76507,1
Q32034033,Tirinyi,1.00671,33.75194,1
Q32035077,Toro Semuliki Game Reserve,0.87818,30.36389,1
Q32035086,Toroma,1.6917,33.98214,1
Q32036230,Tubur,1.95579,33.51068,1
Q32036362,Tulel,1.35549,34.68191,1
Q32037192,Ugana South Point,0.14031,33.81122,1
Q32037193,Ugana West Point,0.14569,33.80645,1
Q32037359,Ukusitoni,3.09418,31.56645,1
Q32037366,Uleppi,2.78921,31.07597,1
Q32037762,Unyama,2.83459,32.36941,1
Q32037883,Uriama,3.13071,31.21736,1
Q32037968,Usuk,2.01893,34.00856,1
Q32040459,Vurra,2.90255,30.90202,1
Q32040864,Wabikaka Point,0.01276,33.26429,1
Q32040868,Wabinyonyi,1.2871,32.50052,1
Q32040900,Wabwoko-Kitimbwa,0.82919,32.90846,1
Q32040954,Waibuga,0.63549,33.37977,1
Q32040957,Waikere Bay,0.36334,33.46735,1
Q32040960,Wairasa,0.45774,33.32622,1
Q32040964,Wairobo Bay,0.19149,33.23049,1
Q32040988,Wakirimba Bay,0.2884,33.36382,1
Q32040992,Wakisi,0.48497,33.06268,1
Q32040995,Wakiso,0.34733,32.47183,1
Q32040999,Wakiso Town Council,0.40642,32.48648,1
Q32041011,Wakyato,0.94786,32.22841,1
Q32041066,Walumbe Bay,0.38576,33.35967,1
Q32041087,Wambete Bay,0.36042,33.48017,1
Q32041091,Wampala Bay,0.24746,33.43281,1
Q32041096,Wamunyama Bay,0.25451,33.20491,1
Q32041100,Wanale Division,1.06585,34.19261,1
Q32041118,Wangege Forest,0.18485,33.00272,1
Q32041149,Wankoko Swamp,0.15111,32.73048,1
Q32041151,Wankole,0.73563,33.19769,1
Q32041255,Warr,2.58318,30.89181,1
Q32041633,Wattuba,1.00663,31.73603,1
Q32041734,Wemba,0.61555,33.81745,1
Q32041760,Wera,1.82898,33.79521,1
Q32041952,Western Division,0.47219,34.0845,1
Q32041954,Western Division,1.71002,33.60364,1
Q32041958,Western Division,0.68767,34.16993,1
Q32041966,Western Division,0.67464,30.27067,1
Q32041968,Western Division,-0.85216,30.26396,1
Q32041973,Western Division,-0.76271,29.91907,1
Q32041998,Weswa,0.97647,34.3387,1
Q32042340,Willa,2.12779,33.64633,1
Q32043191,Wobulenzi Town Council,0.72065,32.5145,1
Q32043213,Wol,3.0879,33.24038,1
Q32058629,Yumbe Town Council,3.47076,31.25061,1
Q32058744,Zesui,1.11083,34.36024,1
Q32058747,Zeu,2.49199,30.8079,1
Q32058773,Zigunga Twins,0.08554,33.05889,2
Q32058812,Zirobwe,0.72081,32.70687,1
Q32058814,Ziru Point,0.19107,33.24295,1
Q32058828,Zombo Town Council,2.51532,30.91014,1
Q32141486,Abalang,1.712777777,32.994444444,2
Q32141502,Abaler,1.616666666,32.833333333,2
Q32144128,Abo,3.284722222,31.025,2
Q32144679,Abongo,2.380555555,31.414444444,2
Q32145949,Abuta,2.475277777,32.360555555,2
Q32147055,Acha,2.933333333,31.266388888,1
Q32147070,Acha,2.941111111,31.336388888,1
Q32147157,Achana,2.328611111,31.171944444,2
Q32147504,Acheke,2.633333333,32.883333333,2
Q32147976,Achire,2.133333333,33.033333333,2
Q32148175,Acholale,1.85,34.05,2
Q32148273,Achua,1.58333,33.75,2
Q32148328,Achwera,2.413888888,31.082222222,1
Q32148343,Achwera,2.568055555,31.183888888,1
Q32148381,Aci,3.266666666,32.016666666,2
Q32149445,Adalu,2.668055555,30.8875,2
Q32150455,Aderema,0.771944444,34.211111111,2
Q32150754,Adibu,2.426944444,32.006388888,2
Q32150769,Adida,2.425555555,30.833888888,2
Q32150783,Adidi,3.411944444,32.017777777,2
Q32150830,Adiidiin,1.9,33.86667,2
Q32150965,Adip,2.016666666,33.033333333,2
Q32151322,Adoi,3.0375,31.426388888,2
Q32151453,Adondi,2.480555555,31.3925,2
Q32164191,Agago,2.884444444,32.644166666,2
Q32168659,Agoi,2.8875,31.024444444,2
Q32168673,Agoiva,2.8225,31.0625,2
Q32168725,Agonda,2.371666666,31.216944444,2
Q32169972,Agunda,2.479166666,31.050833333,2
Q32170219,Agwara,2.541111111,31.378333333,2
Q32170247,Agwenyi,2.066666666,33.083333333,2
Q32172548,Aiivu,3.196111111,31.04,2
Q32192586,Ajai,2.410833333,31.549444444,2
Q32192729,Ajei,2.994444444,31.029444444,2
Q32192815,Aji,2.66,31.0975,2
Q32192829,Aji,3.326111111,31.102777777,2
Q32193462,Akaba,2.509722222,31.144444444,2
Q32194103,Akaliyo,3.003333333,31.027222222,2
Q32194378,Akango,2.481111111,31.171666666,2
Q32194907,Akaseke,0.2,30.983333333,2
Q32195107,Akayanja,-0.183333333,30.75,2
Q32195132,Akayo,2.675555555,30.995833333,2
Q32197596,Akedo,2.597777777,31.058611111,2
Q32197620,Akello,2.672222222,31.418888888,2
Q32197632,Akelobonyo,1.783333333,32.866666666,2
Q32197752,Akeyo,2.4875,31.172777777,2
Q32199392,Akokoro,1.696388888,32.414722222,2
Q32199407,Akokoroi,1.9,33.9,2
Q32199452,Akoli,1.9,33.51667,2
Q32199890,Akoyo,1.75583,33.45889,2
Q32199905,Akoyo,2.666666666,32.8,2
Q32199997,Akpava,3.073333333,30.8975,2
Q32201651,Akuru,2.398333333,31.290555555,2
Q32201802,Akwamunyen,2.9,33.633333333,2
Q32201819,Akwangakera,1.75,33.55,2
Q32203490,Ala,2.891388888,31.200555555,2
Q32204181,Alakaituk,1.8,33.76667,2
Q32204508,Alala,2.293333333,31.203055555,2
Q32204533,Alalaka,1.66667,33.48333,2
Q32204545,Alalam,1.45,34.716666666,1
Q32204652,Alamachar,2.5,34.25,2
Q32205005,Alango,1.88333,32.93333,2
Q32208424,Aligoi,2.033333333,33.366666666,2
Q32209005,Alito,2.35,33.616666666,2
Q32211438,Alobo,1.85,33.43333,2
Q32211488,Aloda,2.4525,30.935833333,1
Q32211500,Aloda,2.469444444,30.766666666,1
Q32214496,Alu,3.15,30.866666666,2
Q32219703,Alwenyi,1.93333,33.01667,2
Q32219720,Alwong,2.583333333,33.583333333,2
Q32221020,Amanyang,1.283333333,34.783333333,2
Q32221188,Amarwasi,2.2,33.833333333,2
Q32221851,Ambe,2.563888888,30.878055555,2
Q32223113,Amiene,2.2725,32.375,2
Q32223198,Aminit,2.033333333,34.15,2
Q32223218,Aminkwac,1.95,33.03333,2
Q32223229,Aminopi,1.927222222,32.393055555,2
Q32223637,Amna,3.468611111,31.893888888,2
Q32224160,Amon,2.416666666,32.516666666,2
Q32224195,Amone,2.333333333,33.583333333,2
Q32224206,Among River,2.125833333,34.498333333,2
Q32226673,Anaka,2.686388888,31.481388888,1
Q32229072,Angoji,2.294166666,31.165555555,2
Q32229086,Angola,2.450277777,31.418333333,2
Q32229097,Angoleto,1.816666666,33.85,2
Q32229116,Angoltok,2.016666666,33.333333333,2
Q32229167,Angoro,2.221666666,33.450555555,2
Q32229424,Angweji,3.583333333,32.0,2
Q32229870,Aniza,2.590555555,30.898611111,2
Q32231477,Anyada,2.7,32.8,2
Q32231516,Anyau,3.128055555,31.480277777,2
Q32232168,Apa,2.816388888,31.631666666,2
Q32232318,Apapai,1.35,34.083333333,2
Q32232323,Apapai,1.933333333,34.033333333,2
Q32232349,Aparro,2.583333333,34.416666666,2
Q32232355,Aparuki,2.326388888,34.651944444,2
Q32232426,Apedur,2.216666666,34.466666666,2
Q32232432,Apeduru,1.75,34.05,1
Q32232631,Apiyo,2.25,33.45,2
Q32232804,Apopony,2.583333333,34.45,2
Q32233072,Apule,2.673333333,34.352777777,2
Q32233101,Apyer,1.61667,32.83333,2
Q32233678,Araga,3.733333333,31.083333333,2
Q32233690,Aragaiti,1.333333333,34.183333333,2
Q32233749,Araira,2.465833333,31.468888888,2
Q32236573,Aringa,3.361111111,32.968333333,2
Q32236605,Arionomunyen,2.159722222,34.786944444,2
Q32236711,Ariu,2.322222222,34.661111111,2
Q32237783,Arocha,1.914444444,32.346111111,2
Q32237874,Aror,1.6,33.95,2
Q32237883,Arorwa,2.254722222,32.147777777,2
Q32250308,Ugandan Ambassador to China,39.942048,116.458263,3
Q32286809,Asiya,3.326666666,31.609166666,2
Q32288539,Asuru,3.225,30.898333333,2
Q32288560,Aswa,2.368333333,31.196388888,2
Q32288568,Aswa,2.592222222,31.444444444,1
Q32288578,Aswa,0.915833333,30.650277777,2
Q32289118,Atababaa,2.6,33.166666666,2
Q32289358,Atar,2.378055555,31.228333333,2
Q32289375,Atari River,1.55,34.4,2
Q32289620,Atemerai,3.005833333,33.926944444,2
Q32289639,Ateng,3.55,32.4,1
Q32289862,Ati,2.626111111,31.338611111,2
Q32290074,Atipa,2.0,33.066666666,2
Q32290098,Atirikwa,3.318611111,31.603055555,2
Q32290106,Atirir,2.416666666,34.25,2
Q32290980,Atu,3.326111111,31.1025,2
Q32292696,Aulem,1.9,33.51667,2
Q32292900,Aungare,1.7,34.166666666,2
Q32294973,Avudra,2.772222222,31.163333333,2
Q32295201,Awac,2.4575,31.1325,2
Q32295209,Awac,3.466666666,31.133333333,2
Q32295335,Awangkwar,2.638055555,30.914444444,2
Q32295620,Awero,2.309722222,33.383888888,2
Q32295653,Awia,3.0675,30.838055555,2
Q32296527,Ayago,2.368055555,31.916111111,2
Q32296534,Ayago,2.35,33.55,2
Q32297208,Ayebi,2.316666666,32.733333333,2
Q32297593,Ayi,3.18,30.966111111,2
Q32297638,Ayika,2.633333333,33.15,2
Q32297658,Ayila,2.339166666,31.435555555,1
Q32297668,Ayila,2.404722222,31.354722222,1
Q32297692,Ayingwa,2.501944444,31.313888888,2
Q32298003,Ayomuchwiny,1.73333,32.98333,2
Q32298287,Ayuda,2.420555555,30.9725,2
Q32298294,Ayugi,3.316388888,31.631388888,2
Q32298305,Ayugi,3.573888888,31.998055555,2
Q32298315,Ayugi,2.618055555,30.996944444,2
Q32298852,Azakuwa,3.201388888,31.048888888,2
Q32298881,Azamba,2.624444444,31.235,2
Q32298890,Azambwa,2.53891,31.38235,2
Q32299209,Azi,3.151666666,30.901666666,2
Q32302062,Babwe,1.083333333,32.133333333,2
Q32309369,Bahunyaho,1.523888888,31.561666666,2
Q32357133,Aii-Vu,3.19175,31.04731,1
Q32357202,Akeriau,2.05369,33.3944,1
Q32360974,Anyiribu,2.58384,31.12234,1
Q32361548,Arivu,2.84017,30.96932,1
Q32374861,Bubutu,0.80909,34.33137,1
Q32374867,Bubyangu,1.08286,34.29733,1
Q32375242,Buhugu,1.19567,34.32259,1
Q32375379,Bukhofu,0.86494,34.28067,1
Q32375493,Bukuuku,0.66092,30.18241,1
Q32376481,Busaru,0.69024,30.03659,1
Q32376609,Busiu,0.91528,34.1515,1
Q32376701,Butenga,-0.19515,31.65648,1
Q32376730,Butiru,0.81399,34.26054,1
Q32377029,Bwesumbu,0.4374,30.07796,1
Q32404315,Dadamu,3.03841,30.98493,1
Q32411999,Engaju,-0.28668,30.27212,1
Q32432992,Balala,3.133333333,31.433333333,2
Q32445159,Kadungulu,1.50587,33.1473,1
Q32445501,Kagumu,1.11584,33.84351,1
Q32445662,Kakanju,-0.47833,30.18603,1
Q32448568,Karugutu,0.8229,30.22007,1
Q32448611,Barara,1.608611111,31.413055555,2
Q32453258,Kirugu,-0.17,30.12007,1
Q32453416,Kitholhu,0.12838,29.77722,1
Q32457009,Kobulubulu,1.66731,33.13278,1
Q32466892,Lalogi,2.69619,32.52163,1
Q32469582,Baya,2.333333333,33.283333333,2
Q32472748,Lugusulu,0.05385,31.41267,1
Q32474633,Maddu,0.22819,31.54014,1
Q32477569,Beletur,2.022222222,34.546666666,2
Q32479347,Masafu,0.42555,33.99301,2
Q32490301,Mugusu,0.61323,30.208,1
Q32490481,Mukuju,0.77502,34.1833,1
Q32491795,Munkunyu,0.03358,29.838,1
Q32491822,Muntu,1.56552,32.92187,1
Q32492031,Bigaga,0.35,30.75,2
Q32492089,Bigera,0.1,30.466666666,2
Q32492259,Bigugo,-0.15,31.333333333,2
Q32492426,Bijaba,-0.416666666,31.3,2
Q32492430,Bijagira,0.183333333,30.633333333,2
Q32493925,Nabweru,0.40593,32.53588,1
Q32493933,Nabwigulu,0.97638,33.13125,1
Q32494280,Nakapelimoru,3.0146,34.26384,1
Q32494324,Bimbye,0.4,31.866666666,2
Q32494499,Nalutuntu,0.42907,31.81461,1
Q32495554,Binawara,2.629444444,31.652222222,2
Q32495603,Nawanjofu,0.91933,33.84561,1
Q32495744,Bineneza,1.612777777,31.458055555,2
Q32496352,Binyonyibyomba,1.671666666,31.735555555,2
Q32496682,Biraizi,1.77,31.6975,2
Q32497211,Birira,-0.85,29.85,2
Q32497612,Bisanga,0.659444444,30.228888888,2
Q32497616,Bisange,-0.3,31.533333333,2
Q32497688,Bisenyi,1.066666666,32.083333333,2
Q32498337,Bisura,-1.2,29.933333333,2
Q32498368,Bisyoro,0.15,30.883333333,2
Q32498935,Biwalwe,0.9,31.516666666,2
Q32499003,Biyanja,0.15,31.466666666,2
Q32499906,Nyakiyumbu,-0.08428,29.76731,1
Q32504873,Odravu,3.34817,31.2594,1
Q32505465,Osukuru,0.64191,34.1704,1
Q32530441,Rwamucucu,-1.14268,30.04578,1
Q32538523,Shuuku,-0.68548,30.32523,1
Q32540882,Bubale,-0.333333333,30.666666666,2
Q32541237,Bubwe,1.846944444,31.380277777,2
Q32542283,Budewe,0.985,33.471666666,2
Q32543043,Budzibwera,0.9,31.05,2
Q32545297,Buhindagi,-0.083333333,30.216666666,2
Q32545640,Buitambogo,1.344166666,31.663333333,2
Q32545778,Bujo,3.392777777,31.275833333,2
Q32545798,Bujuku,0.366666666,29.966666666,2
Q32545907,Bukabale,0.279444444,33.591111111,2
Q32546021,Bukangara,-0.016666666,29.816666666,2
Q32546887,Bukora,-0.833333333,31.683333333,2
Q32547841,Bulalibi,1.216111111,31.897222222,2
Q32548818,Bulingo,-0.383333333,30.2,2
Q32550159,Bulyemya,1.660833333,31.538888888,2
Q32552371,Bunyani,1.571666666,31.715,2
Q32555713,Tsekululu,0.95896,34.36684,1
Q32557298,Bururuma,-0.916666666,29.616666666,2
Q32561792,Buzhaga,-0.716666666,30.383333333,2
Q32562273,Bwahwa,-0.2,30.533333333,2
Q32562299,Bwakasa,0.366666666,30.916666666,2
Q32562338,Bwala,0.533333333,31.616666666,2
Q32562360,Bwalilo,0.866666666,31.633333333,2
Q32562385,Bwanalaki,0.1,31.55,2
Q32562647,Bwenkwanzi,0.316666666,30.9,1
Q32562656,Bwenkwanzi,0.366666666,30.933333333,1
Q32563017,Byante,-0.666666666,31.783333333,2
Q32603481,Yivu,3.2535,30.98895,1
Q32622195,Chabiwa,-0.983333333,31.333333333,2
Q32624289,Chalanga,0.133333333,30.216666666,2
Q32627976,Chambura,-0.116666666,30.066666666,1
Q32627984,Chambura,-0.242222222,30.1475,1
Q32628392,Chamwasha,-0.933333333,30.5,2
Q32630250,Chapeth,3.280555555,33.495,2
Q32634719,Chebonet,1.366666666,34.35,2
Q32637149,Cheptui,1.416666666,34.333333333,2
Q32640241,Chesebere,1.433333333,34.35,2
Q32640692,Chezho,-1.066666666,30.616666666,2
Q32642033,Chibingo,-0.933333333,30.4,2
Q32643154,Chijonjo,-0.733333333,31.183333333,2
Q32644115,Chimuli,-0.916666666,31.116666666,2
Q32645977,Chiruruma,-0.6675,29.768888888,2
Q32647880,Chobi,2.246388888,32.132777777,2
Q32648058,Chogo,-1.25,30.183333333,2
Q32648209,Choja,0.583333333,31.033333333,2
Q32648709,Chonyo,-0.233333333,30.316666666,2
Q32649068,Choro,2.935833333,31.424166666,2
Q32649258,Chosan,1.966666666,34.8,2
Q32650220,Chuchu,2.85,33.95,2
Q32652106,Chut,3.326666666,33.904166666,2
Q32652638,Chyogo,-0.85,29.9,2
Q32713764,Dabara,3.465,31.017222222,2
Q32714388,Dacha,3.363333333,31.289444444,2
Q32714902,Daga,2.740833333,31.956111111,2
Q32720447,Dangali,3.0,31.466666666,2
Q32721233,Danze,0.55,32.3,2
Q32723868,Dava,2.816666666,32.666666666,2
Q32723969,Davide,2.886944444,30.986944444,2
Q32725883,Del,2.456666666,31.348888888,2
Q32726048,Deli,2.335277777,31.210277777,2
Q32732413,Didima,1.533333333,34.1,2
Q32734765,Diowa,3.080555555,31.179444444,2
Q32734912,Diragana,1.15,34.4,2
Q32737986,Doche,3.574722222,31.355555555,2
Q32741210,Dopeth,2.666666666,34.033333333,2
Q32743532,Draju,3.044444444,30.822777777,2
Q32746283,Dukonge,1.401944444,31.741944444,2
Q32746871,Dumbu,0.759166666,33.805833333,2
Q32747302,Dunga,0.651944444,30.200555555,2
Q32747409,Dungulilia,0.116666666,29.95,2
Q32747617,Duol,2.0,34.333333333,2
Q32747791,Dura,0.146388888,30.265555555,2
Q32747924,Dure,3.2,32.766666666,1
Q32748274,Dusozwa,-1.05,30.35,2
Q32749141,Dwamanyanja,0.2,30.633333333,2
Q32749148,Dwengo,0.1775,30.575,2
Q32749151,Dwimbi,0.016666666,29.866666666,2
Q32750188,Echinyabu,-0.916666666,31.116666666,2
Q32750319,Ega,3.015833333,30.878333333,2
Q32750480,Ekiringura,4.1,34.1,2
Q32750483,Ekitsagaza,-0.016666666,31.066666666,2
Q32750774,Emerikit,0.845555555,34.058055555,2
Q32750814,Emuleva,3.006388888,30.907222222,2
Q32750885,Enguri,1.818888888,33.02,2
Q32750996,Eradji,3.338888888,31.925555555,1
Q32750997,Eradji,3.511388888,31.927777777,1
Q32751143,Erudzi,3.183333333,32.1,2
Q32751206,Eseka,0.343888888,33.941944444,2
Q32751549,Evisivitakura,-1.1,30.333333333,2
Q32751680,Fada,2.555555555,30.874166666,2
Q32752822,Fululu,0.6,32.066666666,2
Q32753378,Gaira,0.633333333,32.65,2
Q32753617,Galijula,0.533333333,31.116666666,2
Q32753790,Gambuze,-0.383333333,31.716666666,2
Q33,Finland,65.0,27.0,403
Q3315580,Minority Rights Group International,51.517534939,-0.073396905,12
Q3321599,Bukomansimbi District,0.167,31.65,22
Q3321608,Buvuma District,0.233,33.267,23
Q3321614,Kalungu District,-0.1,31.81666667,23
Q3321622,Butambala District,0.2,32.1,22
Q3321631,Buikwe District,0.35,33.033,24
Q3321637,Gomba District,0.183333,31.9167,21
Q3321899,Mount Kadam,1.763055555,34.709166666,9
Q3321998,Kween District,1.41666667,34.51666667,20
Q3335223,Nairobi City County,-1.28333,36.8167,22
Q3335467,Namilyango,0.339,32.718,3
Q33368,Luganda,0.5,32.3,64
Q33573,Kinyarwanda,-2.0,30.0,91
Q33583,Kirundi,-3.0,30.0,86
Q3372738,Commune of Buganda,-2.98777778,29.205,13
Q3392,Nile,15.640138888,32.5055,245
Q33933,Entebbe raid,0.045,32.443333333,58
Q3459039,Ibanda,-0.12,30.5,14
Q34640178,Abagedo,2.718055555,32.368055555,2
Q34640366,Aber,2.8525,32.208055555,2
Q34640374,Abera,3.06,32.095277777,2
Q34640380,Abera,3.061666666,32.516666666,2
Q34640433,Abere,3.356388888,32.290833333,2
Q34640482,Abeyo,3.343888888,32.0425,2
Q34640568,Abilgiri,3.299166666,32.931666666,2
Q34640633,Aboke,3.131388888,32.121111111,2
Q34640641,Abole,2.706944444,32.348888888,2
Q34640648,Abolo,2.782777777,32.463055555,2
Q34640654,Aboloo,3.195555555,33.115277777,2
Q34640660,Abongocwara,3.074444444,32.069166666,2
Q34640667,Abongonyara,2.946388888,32.426111111,2
Q34640675,Abor,3.218611111,32.099444444,2
Q34640681,Abora,3.054166666,32.683055555,2
Q34640767,Abucunye,2.978333333,32.381388888,2
Q34640773,Abudunu,3.670555555,32.601666666,2
Q34640780,Abuk,3.553333333,33.028333333,2
Q34640785,Abuka,3.550555555,32.956388888,2
Q34640791,Abukec,3.2475,32.416666666,2
Q34640797,Abukuyi,0.81263,34.11795,2
Q34640804,Abutopawaya,2.901388888,32.181111111,2
Q34640812,Abuyo,3.086944444,32.979166666,2
Q34640819,Abwobe,3.528611111,32.697777777,2
Q34640826,Abwoc,2.696111111,32.260555555,2
Q34640833,Abwor,3.289722222,33.060833333,2
Q34640840,Abwori,3.420555555,32.268055555,2
Q34640855,Abwori,3.164722222,32.813888888,2
Q34640864,Acaa,3.547222222,33.23,2
Q34640900,Acakala,3.014722222,32.111111111,2
Q34640908,Acayo,2.876388888,32.496388888,2
Q34640955,Acenu,2.41,32.4225,2
Q34640961,Acet,3.149166666,32.565833333,2
Q34640969,Achebe,3.083888888,33.215555555,1
Q34640975,Achebe,3.133055555,33.135833333,1
Q34640987,Achilet,0.71925,34.11745,2
Q34641003,Achoki,0.75084,34.08079,2
Q34641009,Achunat,0.67008,34.21507,2
Q34641016,Acii,3.108611111,32.079166666,2
Q34641023,Acika,3.74,33.103611111,2
Q34641029,Acikra,3.688055555,33.072777777,2
Q34641076,Acoo,3.118611111,32.306388888,2
Q34641139,Acuranga,3.455555555,32.9075,2
Q34641184,Adagdano,2.691666666,32.050277777,2
Q34641762,Adedi,2.751111111,32.045833333,2
Q34641790,Adeyo,0.71552,34.01352,2
Q34641800,Adia,2.568055555,31.063888888,2
Q34641808,Adingamadi,3.803888888,32.979722222,2
Q34641999,Adokonam,2.758611111,32.198055555,2
Q34642032,Adundo,0.71925,34.11745,2
Q34642041,Aduru,2.385277777,32.411944444,2
Q34642060,Adwel,3.078888888,33.435555555,2
Q34642065,Adwor,3.699166666,32.684722222,2
Q34642073,Adyang,3.486944444,32.5825,2
Q34642232,Agago,2.959722222,32.308888888,2
Q34642247,Agan,3.441666666,32.900555555,2
Q34642278,Agechel,2.27306,34.58823,2
Q34642307,Agira,2.2625,32.180555555,2
Q34642382,Agu,3.045,32.1525,2
Q34642444,Agugura,3.253333333,32.374722222,2
Q34642454,Agula,3.218611111,32.169166666,2
Q34642461,Agulupwam,3.294166666,32.781944444,2
Q34642473,Agwar Yugi,2.913611111,32.18,2
Q34642478,Agwaryugi,2.967222222,32.186666666,2
Q34642484,Agwedola,2.586111111,32.404444444,2
Q34642493,Agweng,3.301944444,32.773611111,1
Q34642504,Agwo,2.812222222,32.3125,2
Q34642509,Agwok,2.8275,32.393888888,2
Q34642749,Ajan,3.156388888,32.637777777,2
Q34642774,Ajetjet,3.298333333,32.21,2
Q34642785,Ajobi,3.031388888,33.139166666,2
Q34642791,Ajok,2.965,32.030555555,2
Q34642798,Ajok,2.359166666,32.328333333,2
Q34642801,Ajola,2.895277777,32.235833333,2
Q34642807,Ajony,2.792777777,32.483888888,2
Q34642813,Ajuri,2.553333333,32.450277777,2
Q34642844,Akado,3.218333333,32.099166666,2
Q34642855,Akago,2.626944444,31.851111111,2
Q34642869,Akanginimat,0.84133,34.1422,2
Q34642876,Akaniningata,0.76794,34.25815,2
Q34642940,Akeno,3.3375,32.641111111,2
Q34642971,Akidikidi,2.579444444,32.461944444,2
Q34643015,Akipoi,3.775833333,33.691944444,2
Q34643020,Akipye,3.743055555,33.628333333,2
Q34643028,Akisi,3.739444444,33.565,2
Q34643039,Akore,3.014444444,32.1025,2
Q34643045,Akore,3.056944444,32.293888888,2
Q34643088,Akudam,3.700277777,33.530555555,2
Q34643094,Akuki,2.404444444,32.396666666,2
Q34643100,Akuna,3.280555555,32.847777777,2
Q34643108,Akura,2.287222222,32.370277777,2
Q34643115,Akuru,3.186666666,32.7025,2
Q34643131,Akurukit,0.81326,34.20161,2
Q34643144,Akwacaodong,3.36849,32.38289,2
Q34643151,Akwara,3.292222222,33.056388888,2
Q34643157,Akwatipi,2.26204,34.5643,2
Q34643170,Akweyo,3.529722222,32.6925,2
Q34643178,Akwi,3.256111111,32.220277777,2
Q34643185,Akworo,3.099444444,32.948333333,1
Q34643191,Akworo,3.246666666,32.893888888,1
Q34643450,Alango,3.263888888,32.891944444,2
Q34644022,Alee,3.149166666,32.649166666,2
Q34644033,Aleny,2.255277777,32.3625,2
Q34644473,Alibi,3.24,32.008055555,2
Q34644521,Alilit,3.679444444,33.442222222,2
Q34645807,Aloto,3.207222222,33.026666666,2
Q34645812,Aloto,3.104722222,33.038611111,2
Q34646211,Alwala,3.043888888,32.226388888,2
Q34646220,Alyek,2.815,32.232777777,2
Q34646251,Amabakoko,0.85786,30.13462,2
Q34646269,Amalac,2.773055555,32.408333333,2
Q34646353,Amapogi,0.80708,30.02357,2
Q34646734,Aming,2.870833333,32.490555555,2
Q34646740,Aminogwai,2.434166666,32.458611111,2
Q34646744,Aminomir,2.3825,32.408611111,2
Q34646865,Amolo,3.028611111,32.446666666,2
Q34646888,Amongini,0.6686,34.03525,2
Q34646907,Amora,2.874444444,32.059166666,2
Q34646916,Amori,3.275833333,32.159722222,2
Q34646919,Amorpi,3.350277777,32.946111111,2
Q34647016,Amuka,2.917222222,32.043055555,2
Q34647022,Amumula,1.671388888,32.285,2
Q34647026,Amunereng,3.669166666,33.635833333,2
Q34647124,Anaka,2.606666666,31.566111111,1
Q34647144,Ananga,3.124166666,33.501944444,2
Q34647823,Anditi,3.480833333,32.0425,2
Q34648098,Aneya,2.269166666,32.254166666,2
Q34648265,Angwemadel,3.143333333,32.291944444,2
Q34648283,Anini,3.370833333,32.391944444,2
Q34648963,Anyalanga,3.395,32.273055555,2
Q34648973,Anyikura,3.379444444,31.816666666,2
Q34648978,Anyima,3.087222222,32.123888888,2
Q34648985,Anyuka,2.785833333,32.48,2
Q34648997,Aoka,3.022222222,32.439166666,2
Q34649054,Apadut,0.77182,34.2112,2
Q34649060,Apaka,3.084722222,32.079722222,2
Q34649066,Apala,2.303055555,32.243888888,2
Q34649159,Apiiyie,3.010833333,32.423888888,2
Q34649164,Apio,2.326111111,32.426111111,2
Q34649170,Apire,3.125555555,32.703611111,2
Q34649191,Apobo,3.106388888,32.829722222,1
Q34649197,Apobo,3.134722222,32.831944444,1
Q34649201,Apoka,3.679444444,33.311388888,2
Q34649238,Apotokitoo,2.845555555,32.155555555,2
Q34649407,Apwatak,3.304722222,33.414166666,2
Q34649414,Apworocero,2.359166666,32.235555555,2
Q34649509,Araa,3.309722222,32.05,2
Q34649514,Araa,3.498888888,33.051111111,2
Q34649879,Aree,2.760833333,32.028611111,2
Q34649983,Ariamakoi,2.34958,34.60698,2
Q34649989,Ariamapoda,2.42884,34.64972,2
Q34650017,Arika,3.214444444,33.190277777,1
Q34650025,Arika,3.52366,33.37513,1
Q34650030,Ariket,2.30143,34.65154,2
Q34650037,Aringalyok,3.475277777,33.495833333,2
Q34650734,Aro,3.561111111,31.565833333,2
Q34650740,Aromo,2.746388888,32.456388888,2
Q34650749,Arot,3.371944444,32.443611111,2
Q34657080,Agweng,3.3975,33.181666666,2
Q34664738,Degeya Swamp,0.15,32.3,1
Q34668390,Awac,3.002777777,32.459444444,2
Q34668399,Awac,3.269166666,32.496388888,1
Q34668406,Awac,3.555833333,32.666111111,1
Q34668414,Awackwee,3.345277777,32.763055555,2
Q34668424,Awar,3.130555555,32.264166666,2
Q34668443,Awer,2.874722222,32.203611111,1
Q34668451,Awer,3.255,32.072777777,1
Q34668467,Awer,3.441111111,33.066388888,2
Q34668474,Awic,3.253333333,32.375,2
Q34668482,Awic,3.2125,32.478333333,1
Q34668491,Awic,3.339444444,32.296111111,1
Q34668497,Awic,3.160555555,32.560833333,2
Q34668505,Awicpalaro,3.277222222,32.388333333,2
Q34668513,Awicpaminto,3.321666666,32.32,2
Q34668524,Awicpukee,3.308888888,32.388888888,2
Q34668533,Awicpuyen,3.3125,32.352777777,2
Q34668542,Awinyo,3.684444444,32.618333333,2
Q34668552,Awongo,2.398611111,32.309166666,2
Q34668558,Aworanga,2.732222222,32.280555555,2
Q34668567,Awuch,3.275555555,32.869722222,2
Q34668588,Ayago,3.403055555,32.155833333,2
Q34668595,Ayago,3.436944444,32.845,1
Q34668602,Ayago,3.611666666,32.708611111,1
Q34668609,Ayago,3.415277777,32.915,1
Q34668615,Ayakilete,3.133611111,32.346111111,2
Q34668621,Ayangyang,2.876666666,32.146666666,2
Q34668708,Ayirengel,3.4725,33.696111111,2
Q34668713,Ayiri,3.257777777,31.671388888,2
Q34668736,Ayomo,3.055,32.226111111,2
Q34668743,Ayonaiepeduru,2.26141,34.52004,2
Q34668749,Ayongtoke,3.195,33.422222222,2
Q34668798,Ayugi,2.838888888,32.449166666,1
Q34668807,Ayugi,3.069722222,32.275833333,1
Q34668815,Ayul,3.301944444,32.875555555,2
Q34668822,Aywee,3.318333333,33.373611111,2
Q34668830,Aywelu,3.001666666,32.209444444,1
Q34668837,Aywelu,3.341111111,32.1875,1
Q34668844,Aywelu,3.157222222,32.861111111,2
Q34671138,Balakule,3.123333333,32.796388888,2
Q34672480,Balunginjuru,0.38038,33.115,2
Q34672508,Balyia,3.039722222,32.323333333,2
Q34673472,Bao,2.981111111,32.169722222,2
Q34673673,Baram,3.442222222,33.714722222,1
Q34673681,Baram,3.439722222,33.721944444,1
Q34674149,Iborogya Falls,1.603055555,31.191944444,1
Q34676953,Baubi,2.978333333,32.189444444,2
Q34686215,Beletet,3.540833333,33.733611111,2
Q34689732,Bevedankoroa,3.984166666,33.818055555,2
Q34689899,Beyowil,3.37,32.382222222,2
Q34696506,Bihanga,1.5625,31.427777777,2
Q34721070,Lake Alakaituk,1.78333,33.78333,1
Q34721080,Lake Asasaka,1.88333,33.86667,2
Q34721246,Lake Obokat,1.81667,33.85,2
Q34721251,Lake Okolitorom,1.55,34.2,1
Q34721963,Bugaka,0.03247,33.25069,2
Q34722096,Bukamuli,0.28877,33.56837,2
Q34722115,Bukase,0.61986,33.58829,2
Q34722122,Bukat,3.539722222,32.632222222,2
Q34722131,Bukhubalo,0.51256,33.94044,2
Q34722144,Bukubworo,3.339444444,32.139166666,2
Q34722975,Buloha,0.28196,33.89026,2
Q34722982,Buloji,3.222222222,33.109722222,2
Q34723089,Buluya,0.56543,33.64646,2
Q34723108,Bulyera,0.37992,32.58776,2
Q34723351,Bunakate,0.57598,33.57538,2
Q34723575,Bungaladyel,3.30043,32.86788,2
Q34723612,Bungatira,2.861666666,32.25,2
Q34724208,Burcoro,2.884722222,32.319444444,2
Q34724906,Burlobo,3.156666666,32.2425,2
Q34726228,Burukung,3.560555555,32.3775,2
Q34726266,Burwe,1.729722222,31.303055555,2
Q34726742,Busoyi,0.358,33.93894,2
Q34727243,Butsukha,0.93961,34.37709,2
Q34730980,Camdyere,3.191388888,32.213888888,2
Q34735735,Mabamba Swamp,0.08333,32.33333,1
Q34744773,Muguswa Plain,-0.766666666,31.55,1
Q34745213,Munyere Swamp,-0.816666666,30.416666666,1
Q34749874,Busowa Falls,0.583333333,33.074444444,1
Q34755149,Acha Swamp,2.930833333,31.343055555,1
Q34755465,Ala Swamp,2.874166666,31.269722222,1
Q34757120,Ayila,2.363055555,32.295277777,1
Q34758351,Balala Swamp,3.135,31.419722222,1
Q34762932,Chai,2.96,32.271666666,2
Q34765748,Chari,2.516388888,31.579166666,2
Q34776523,Chokgoro,2.42304,34.54753,2
Q34776550,Chokuluk,0.65561,34.07898,2
Q34787991,Busembatia,0.777222222,33.623611111,1
Q34788136,Byakabanda,-0.7425,31.406388888,1
Q34788567,Yubwe Island,0.241666666,33.404722222,2
Q34788867,Zigunga Island,0.082222222,33.276666666,2
Q34788871,Zigwe Island,0.366666666,31.966666666,2
Q34788888,Zinga Island,0.018888888,32.237222222,2
Q34788903,Ziro Island,0.103611111,33.499166666,2
Q34788910,Ziru Island,-0.086944444,33.213611111,1
Q34788917,Ziru Island,0.048611111,32.9825,1
Q34788922,Ziru Island,-0.33,32.44,2
Q34807010,Banga Point,-0.416666666,32.366666666,1
Q34807018,Banga Point,-0.533333333,32.166666666,1
Q34808058,Bega Point,-0.133333333,32.733333333,1
Q34818884,Wakalende,0.45321,33.49085,2
Q34818896,Wakalinya,0.31945,33.06138,2
Q34819157,Wakawaka,0.58693,33.52103,2
Q34819171,Wakawoga,1.35,31.63333,2
Q34819331,Waki,1.795277777,31.32,2
Q34819368,Wakibombo,1.016666666,32.466666666,2
Q34819395,Wakigyu,0.27715,32.94856,2
Q34819561,Wakukuta,1.2,33.25,2
Q34819880,Bugazi Point,-0.05,32.733333333,1
Q34819939,Bugonga Point,0.05,32.46667,1
Q34820041,Bukatebe Point,-0.016666666,32.8,1
Q34820581,Waliga,0.54639,33.08556,2
Q34820943,Bulemezi Point,0.169444444,33.896944444,1
Q34822082,Businoko Point,0.19,33.928611111,1
Q34822269,Butale Point,-0.3,32.616666666,1
Q34822491,Buwuka Point,0.1325,32.860277777,1
Q34822566,Bwagwe Point,0.223611111,33.6275,1
Q34822619,Bwembe Point,0.1675,33.519722222,1
Q34827198,Walufumbe,0.40351,32.59433,2
Q34827210,Walugogo,1.555833333,31.533055555,2
Q34827222,Walugogo,0.67694,33.42611,2
Q34827234,Waluke,0.46885,32.86814,2
Q34827246,Walukoge,1.266666666,32.316666666,2
Q34827259,Walumbe,0.3876,33.88999,2
Q34827283,Walutente,0.51127,33.54489,2
Q34827359,Walwibo,0.61667,33.41667,2
Q34827512,Wamalagwe,0.65,33.416666666,2
Q34827595,Wambabya,1.586388888,31.095833333,2
Q34827607,Wambabyo,1.333333333,31.15,2
Q34827619,Wambadi,0.8776,34.02,2
Q34827642,Wambaya,1.963333333,31.881388888,2
Q34827667,Wambewo,0.92157,34.45409,2
Q34827739,Wamfuru,0.87376,30.49146,2
Q34827797,Wamifu,0.30177,33.53531,2
Q34827809,Wamikira,0.828055555,30.334444444,2
Q34828296,Wanandsawa,1.782222222,32.1675,2
Q34828392,Wandago,0.24491,33.46198,2
Q34828416,Wandaka,1.066666666,32.783333333,2
Q34828846,Wangalaza,0.66792,33.62567,2
Q34828863,Wangali,3.301111111,33.284444444,2
Q34829057,Wangatede,3.235833333,33.464444444,2
Q34829113,Wangcumu,3.631666666,33.061111111,2
Q34829129,Wangduku,3.029444444,32.998055555,2
Q34829141,Wangebok,3.092777777,33.456111111,2
Q34829154,Wangege,0.18364,33.02364,2
Q34829168,Wangelaca,3.301944444,32.653611111,2
Q34829236,Wangkwogo,3.310833333,33.303055555,2
Q34829249,Wanglango,3.493888888,33.033055555,2
Q34829309,Wangnyang,2.432777777,31.468055555,2
Q34829346,Wangober,3.059444444,32.944166666,2
Q34829358,Wangodeyogwok,3.273888888,33.224444444,2
Q34829369,Wangodugu,3.235555555,33.464722222,2
Q34829381,Wangodwong,3.559722222,32.948333333,2
Q34829407,Wangolam,3.529722222,32.967777777,2
Q34829420,Wangolam,3.134166666,32.895,2
Q34829431,Wangoluku,3.130555555,32.896388888,2
Q34829454,Wangopok,3.146944444,32.914722222,2
Q34829559,Wangyaa,3.146111111,32.914722222,2
Q34829741,Wanjede,1.959444444,31.703333333,2
Q34829809,Wanka,0.781944444,30.256944444,2
Q34829824,Wankabudida,0.36671,32.90522,2
Q34829898,Wankanani,1.960833333,31.703611111,2
Q34829953,Wankawanka,0.85585,33.65655,2
Q34830229,Wansenyi,0.14047,32.92162,2
Q34830281,Wantabu,0.5,30.366666666,2
Q34830494,Wanyelenja,0.66681,34.03464,2
Q34831205,Waragwomi,0.483333333,30.916666666,2
Q34833838,Wariki,2.760555555,30.936944444,2
Q34834744,Warogali,3.316111111,32.906111111,2
Q34835893,Warugo,-0.383333333,30.15,2
Q34835939,Warumbi,0.64441,33.6479,2
Q34836286,Wasa,1.033333333,30.5,2
Q34836613,Wasekye,0.65916,33.71596,2
Q34839101,Watambe,0.57659,33.57853,2
Q34839118,Watanyeri,3.593611111,32.951111111,2
Q34843317,Watimba,0.14214,33.02369,2
Q34843333,Watkilere,3.302222222,32.306388888,2
Q34843669,Watlabwor,3.164444444,32.435833333,2
Q34843686,Watlac,3.019722222,32.773888888,2
Q34845678,Watuba,0.766666666,30.633333333,2
Q34847741,Thompson Glacier,0.330277777,29.89,1
Q34848767,Oliva Falls,2.933888888,30.915555555,1
Q34849719,Supeni,3.509444444,33.744166666,2
Q34850160,Diimu Point,-0.624444444,31.779166666,1
Q34852022,Weiga,1.983333333,31.4,2
Q34852033,Weiga,1.984444444,31.768055555,2
Q34852563,Surumu,3.412222222,31.878055555,2
Q34855863,Welumba,0.46014,33.26156,2
Q34856018,Wemukene Kakyukuura,1.4975,31.525833333,2
Q34856503,Wenyira,0.96812,34.18568,2
Q34856851,Wereba,0.9421,34.44367,2
Q34857237,Wesikire,1.0,31.55,2
Q34857250,Wesikire,1.083333333,31.116666666,2
Q34857262,Wesikire,0.633333333,31.216666666,1
Q34868612,Fishermans Point,0.411666666,33.214166666,1
Q34881144,Syokoya,0.92272,34.32956,2
Q34886668,Nyundo,-0.9517,29.8158,1
Q34892601,Galanga Point,-0.216666666,32.583333333,1
Q34898465,Taan,3.939166666,33.756388888,2
Q34900562,Tabu,0.73389,33.11833,2
Q34900702,Tabuk,1.55,34.433333333,2
Q34901997,Wijobi,3.590555555,32.583333333,2
Q34902132,Goru Point,-0.083333333,32.083333333,1
Q34908155,Takajunge,1.499722222,32.353888888,2
Q3491230,Lango sub-region,2.3,33.0,5
Q34919119,Wilyec,3.296111111,33.481666666,2
Q34919129,Wilyec,3.76,33.305,2
Q34921284,Winiwini,3.669166666,33.741666666,2
Q34922624,Winyorac,3.577777777,33.353611111,2
Q34922973,Wirii,3.304722222,33.414166666,2
Q34925643,Wolekekata,0.40092,32.84237,2
Q34926,Acholi,2.7,33.66,30
Q34927316,Tangi,2.447222222,31.493333333,2
Q34927576,Tangiri,2.48333,31.78333,2
Q34930258,Tantala,1.905555555,31.766111111,2
Q34933270,Wolukyera,0.95841,34.2071,2
Q34933751,Wong,3.093611111,32.275,2
Q34936784,Wopi,0.88529,34.1575,2
Q34937354,Woro,3.125555555,32.266944444,2
Q34937876,Woyi,3.510277777,31.18,2
Q34943253,Pearson Channel,2.254444444,31.348055555,2
Q34952498,Kabagala Point,-0.366666666,32.316666666,1
Q34952797,Yame,3.006666666,32.388333333,2
Q34953623,Kakunyu Point,-0.083333333,32.833333333,1
Q34956387,Kampende Point,-0.3,32.3,1
Q34957923,Tebakoli,0.791944444,34.166111111,2
Q34958935,Kasamba Point,-0.466666666,32.166666666,1
Q34958977,Tedua,1.433333333,34.733333333,1
Q34958984,Kasawo Point,-0.283333333,32.166666666,1
Q34959374,Katosi Point,-0.083333333,32.616666666,1
Q34959509,Buranga Hot Springs,0.833333333,30.163055555,1
Q34959761,Yawambi,-0.783333333,29.816666666,2
Q34959863,Katungulu Point,-0.4,32.533333333,1
Q34960382,Kazigo Point,-0.016666666,32.65,1
Q34960451,Yazi,2.673055555,30.895833333,2
Q34961398,Kibanga Point,-0.216666666,32.066666666,1
Q34961514,Kifudwe Point,0.156388888,33.341944444,1
Q34962741,Kirudu Point,0.106666666,32.739166666,1
Q34962762,Kisasa Point,-0.5,32.2,1
Q34962792,Kisigala Point,-0.083333333,32.683333333,1
Q34962805,Tem,3.073888888,33.13,2
Q34962942,Tembelela,0.85742,34.28859,2
Q34963021,Kisu Point,0.011388888,32.764444444,1
Q34963022,Tembwe,1.564444444,32.377777777,2
Q34963297,Kiulwe Point,0.099722222,32.588055555,1
Q34968418,Yelula,3.134166666,31.401666666,2
Q34969378,Yengeji,3.455277777,31.1275,2
Q34971100,Yeriya,0.483333333,30.233333333,2
Q3499673,Adjumani,3.384444,31.781944,18
Q351514,Adamawa,7.321388888,13.583888888,53
Q35254959,Alere,2.539166666,32.453888888,2
Q35255234,Aramita,2.520555555,32.449722222,2
Q35258018,Pongdwongo,3.312777777,32.907222222,2
Q35258474,Pono,3.151944444,32.593333333,2
Q35260705,Popera,0.60576,34.06158,2
Q3526470,Kabale District,-1.25,30.0,21
Q35264920,Porokoc,3.591666666,33.472777777,2
Q35268159,Posoch,3.535555555,33.748888888,2
Q3526895,Kaliro,0.895,33.505,8
Q35283859,Soba,1.551944444,31.765,2
Q35284423,Rubindi,-0.283333333,30.616666666,2
Q35284478,Rubirizi,-0.816666666,29.833333333,2
Q35286120,Sogohi,0.95,30.55,2
Q35289149,Rufuha,-1.05,30.383333333,2
Q35289269,Rugaga,-0.733333333,30.733333333,2
Q3528929,Mubende,0.5575,31.395,14
Q35289400,Rugando,-1.016666666,29.883333333,2
Q35289541,Rugasha,-0.566666666,30.45,2
Q35289789,Rugeza,0.2,30.75,2
Q35289811,Rugezi,-1.016666666,29.733333333,2
Q35290198,Solo,0.583333333,33.983333333,2
Q35290408,Rugyeye,-0.7,30.866666666,2
Q35290581,Ruhewa,-0.533333333,29.933333333,1
Q35290594,Ruhezamyenda,-1.133333333,29.7,2
Q35290652,Ruhimbu,-1.05,30.616666666,2
Q35290851,Ruhoroberwa,-0.75,30.233333333,2
Q35290945,Ruhuma,-1.183333333,29.816666666,2
Q35291077,Ruiga,0.433333333,30.283333333,2
Q35291089,Ruiga,0.466666666,30.133333333,2
Q35291160,Ruimi,0.333333333,30.283333333,2
Q35291886,Solot,3.510277777,33.745,2
Q35292250,Kamuka,1.63333,33.41667,2
Q35292456,Kamulikwezi,0.066666666,30.066666666,2
Q35292998,Kamusere,1.183333333,31.2,2
Q35293012,Kamusinzi,0.916666666,30.0,2
Q35293164,Kamuwaira,1.35,31.65,2
Q35293257,Somaku,0.18093,33.3089,2
Q35293393,Kamwana,1.216666666,33.0,2
Q35293683,Kamwenge,0.2,30.366666666,2
Q35294579,Somoli,1.996388888,31.827222222,2
Q35295652,Kanaga,0.933333333,30.95,2
Q35295667,Kanaga,1.43333,31.75,2
Q35295694,Kanagamyongo,1.570277777,31.2975,2
Q3529595,Nakaseke,0.73,32.415,8
Q35296365,Kanalugenda,0.866666666,31.2,2
Q35296624,Kanamuget,3.221666666,33.815,2
Q35296751,Kananansi,0.5957,30.23773,2
Q35296847,Kanangalo River,1.0,31.51667,2
Q35296977,Kananyait,1.716666666,34.566666666,2
Q35297000,Sonso,1.883611111,31.395,2
Q35297014,Sonso,1.728611111,31.527222222,2
Q35297030,Kanapedi,3.206944444,33.640555555,2
Q35297044,Kanapo,1.716666666,34.566666666,2
Q35298028,Sopsop,0.82782,34.0797,2
Q35299121,Kandekye,-0.616666666,30.283333333,2
Q35299438,Kandibahera,-1.166666666,29.783333333,2
Q35300727,Kanena,0.6,31.25,2
Q35301178,Kanga,1.945,31.970277777,2
Q35302020,Kangkaya,2.230833333,32.291111111,2
Q35302181,Kangombe,0.766666666,30.916666666,2
Q35302878,Puan,3.589166666,33.548333333,2
Q35303696,Pudapud,3.412222222,33.986666666,2
Q35304310,Kankoko,-0.833333333,29.65,2
Q35304841,Kankwale,0.5,31.616666666,2
Q35305092,Pugali,3.427222222,32.758888888,2
Q35305423,Pugwaro,3.222222222,32.186111111,2
Q35305436,Pugwet,3.261388888,33.2775,2
Q35305550,Kanobogo,0.73549,29.99854,2
Q3530559,Nakasongola,1.315,32.465,12
Q35305604,Kanoga,1.55,32.6,2
Q35305629,Kanogola,0.45208,32.94948,2
Q35305756,Kanonga,1.233333333,31.316666666,2
Q35305935,Pujigo,3.366388888,32.426666666,2
Q35306198,Pukal,3.089444444,32.081666666,2
Q35306583,Kansensero,1.691111111,31.275,2
Q35306639,Kanshegu,-0.85,29.866666666,2
Q35306886,Kansira,1.57899,32.34518,2
Q35307513,Kantantimba,0.616666666,31.116666666,2
Q35307543,Rwizi river,-0.616388888,30.476388888,7
Q35307557,Ruizi,-0.666666666,30.866666666,2
Q35307913,Pul,2.583333333,33.583333333,2
Q35307926,Pul,3.411388888,32.765277777,2
Q35308226,Rukoki,0.083333333,30.2,2
Q35308391,Rukoni,-0.933333333,30.5,2
Q35308461,Rukorohwa,-0.6,30.533333333,2
Q35308488,Kanulira,0.8,31.783333333,2
Q35309017,Kanyabaha,-1.05,29.983333333,2
Q35309028,Kanyabalogo,1.2,31.25,2
Q35309092,Kanyabura,3.096111111,33.386388888,2
Q35309131,Kanyagareng,1.952222222,34.889166666,2
Q35309222,Pululu,3.548611111,33.642222222,2
Q35309323,Kanyampara,-0.033333333,29.866666666,2
Q35309361,Kanyamutam,1.266666666,33.916666666,2
Q35309434,Rumatol,0.74446,34.06742,2
Q35309550,Kanyankirengi,0.55414,30.24963,2
Q35309615,Kanyansese,0.72498,30.09363,2
Q35309658,Kanyara,-0.6,30.15,2
Q35309671,Kanyaranyara,1.830277777,31.374722222,2
Q35309801,Kanyawanjura,1.183333333,31.35,2
Q35310092,Kanyera,0.30102,33.14246,2
Q35310460,Kanyogoga,0.33333,32.45,2
Q35310800,Kanyuwataba,1.623611111,31.5825,2
Q35310815,Kanywa,-0.2,31.9,2
Q35312559,Pungere,0.81263,34.11795,2
Q35312707,Pungul,3.313888888,33.397222222,2
Q35313197,Kapedo,3.63618,33.9429,2
Q35313224,Kapekenyang,3.920833333,33.859722222,2
Q35313310,Punuaju,3.010833333,32.100833333,2
Q35313324,Punubongo,2.855833333,32.0375,2
Q35313384,Kapelepelot,3.617222222,33.920555555,2
Q35313869,Rusabbasabbie,-0.95,31.083333333,2
Q35313897,Kapeta,3.280555555,33.495,2
Q35313911,Kapeta,3.702777777,33.901944444,2
Q35313928,Rusangwe,0.126666666,30.447777777,2
Q35314022,Kapia,1.316666666,34.183333333,2
Q35314175,Kapilaika,0.82368,34.17314,2
Q35315217,Kapolino,0.97956,33.84422,2
Q35315458,Purle,2.279166666,32.371111111,2
Q35315958,Rushango,-0.066666666,30.683333333,2
Q35315997,Rushaya,-0.665833333,29.768055555,2
Q35316081,Puru,3.17,30.875833333,2
Q35316146,Kaptokwoi,1.483333333,34.4,2
Q35316376,Rushoma,-1.05,29.966666666,2
Q35316895,Kapwanya,3.069722222,33.406666666,2
Q35318992,Putongo,3.164444444,32.435833333,2
Q35319593,Rutanda,-0.133333333,30.033333333,2
Q35319625,Rutara,0.366666666,30.0,2
Q35320412,Rutoba,0.660555555,29.973055555,2
Q35320483,Pworogali,3.085,32.928611111,2
Q35320504,Rutondo,-0.15,30.266666666,2
Q35320757,Rutungu,0.083333333,30.766666666,2
Q35321160,Karagaruka,0.76663,30.21675,2
Q35321408,Ruwuila,0.216666666,31.1,2
Q35321804,Ruzhozho,-0.35,30.233333333,2
Q35322169,Rwabanjeri,-0.666666666,30.166666666,2
Q35322184,Rwabarera,-1.233333333,30.1,2
Q35322198,Rwabaseveni,0.83929,30.20398,2
Q35322242,Rwabatwa,0.67,29.990833333,2
Q35322258,Rwabigu,1.638333333,31.335555555,2
Q35322347,Rwabitimba,1.518333333,31.444722222,2
Q35322892,Rwakiriba,-0.783333333,29.816666666,2
Q35323002,Rwamarongo,1.521944444,31.117222222,2
Q35323030,Rwamasha,-0.216666666,30.933333333,2
Q35323215,Rwampanga,1.806666666,31.989166666,2
Q35323552,Karamaga,0.65617,30.28271,2
Q35323563,Rwamutwaikya,0.35,30.566666666,2
Q35323756,Rwangogole,1.791944444,31.940833333,2
Q35323948,Rwanyabukoba,-0.916666666,30.016666666,2
Q35324363,Karan,2.904444444,30.979166666,2
Q35324557,Rwebikere,0.70271,30.3398,2
Q35324570,Rwebikoba,0.033333333,30.766666666,2
Q35324586,Rwebikoko,1.56,31.53,2
Q35324600,Rwekunye,1.655833333,32.066666666,2
Q35324614,Rwemamba,-0.166666666,30.683333333,2
Q35324638,Rwembogo,-0.883333333,29.783333333,2
Q35324652,Rwemidodi,1.623333333,31.470277777,2
Q35324667,Rwempuno,-0.366666666,29.816666666,2
Q35324695,Rwengo,0.2,30.7,2
Q35324742,Rwenjuvo,-0.233333333,30.766666666,2
Q35324754,Rwentobo,-0.883333333,30.266666666,2
Q35324783,Rwentuha,0.083333333,30.383333333,2
Q35324797,Rwentuha,1.816944444,31.801111111,2
Q35324942,Rwigo,0.725,30.0125,2
Q35325165,Rwoho,-0.733333333,30.766666666,2
Q35325260,Rwonyo,-0.916666666,29.916666666,2
Q35325273,Rwotobila,2.998055555,32.220833333,2
Q35326512,Sowa,1.36667,31.56667,1
Q35329738,Kare,1.533333333,34.65,2
Q35330107,Karemem,1.366666666,34.1,2
Q35335091,Karomokacoo,3.069444444,33.401944444,2
Q35336035,Lobalangati,3.453333333,33.693055555,2
Q35336647,Loboti,3.3325,30.945555555,2
Q35336832,Lobuloyin,2.23968,34.86953,2
Q35337052,Lochaboi,3.918333333,33.805277777,2
Q35337232,Lochoman,2.333333333,34.016666666,2
Q35337247,Lochorakwangen,2.13917,34.79716,2
Q35337260,Lochoria,2.383333333,34.116666666,2
Q35337274,Lochorkinei,3.77,33.698888888,2
Q35337612,Karundi,-0.683333333,29.75,2
Q35337670,Karung,3.5425,33.713611111,2
Q35339059,Lodias,2.00628,34.87044,2
Q35339129,Lodokedanglobey,3.347777777,33.674166666,2
Q35339143,Lodoketemit,2.325833333,34.642777777,2
Q35339996,Kasala,0.398333333,32.842222222,2
Q35340661,Kasanda,-1.0,30.433333333,2
Q35340838,Kasangalabi,0.47475,32.53109,2
Q35341246,Logara,3.216666666,34.3,2
Q35341317,Logelat,3.296944444,33.7275,2
Q35341331,Loget,3.387777777,33.803055555,2
Q35341515,Kasate,0.48624,33.06282,2
Q35341713,Kasawsula,0.233333333,32.366666666,2
Q35341769,Kasayumba,0.266666666,30.966666666,2
Q35341783,Kasazi,0.583333333,31.683333333,2
Q35341861,Logoronga,3.505,31.087222222,2
Q35342177,Kasemba,3.425,32.084722222,2
Q35342206,Kasembeta,0.72465,30.43377,2
Q35342276,Kasemulamba,-0.033333333,32.0,2
Q35342772,Kasensero,-0.066666666,31.55,2
Q35342784,Kasenso,0.28333,32.41667,2
Q35343438,Loitabela,2.01215,34.87049,2
Q35343443,Kashara,-0.565277777,30.928333333,2
Q35343452,Loitanit,3.728888888,33.707777777,2
Q35343471,Kasharara,-0.783333333,30.05,2
Q35343485,Kashasha,-1.35,29.883333333,2
Q35343499,Kashasha,-1.028611111,29.603611111,2
Q35343550,Lokapitai,3.463055555,33.689722222,2
Q35343593,Lokasirim,2.2853,34.67536,2
Q35343621,Lokatete,3.398333333,33.488055555,2
Q35343651,Lokawo,3.936944444,33.785555555,2
Q35343766,Lokemerikapel,2.6075,34.596666666,2
Q35343808,Loker,2.5,33.05,2
Q35343992,Lokibuo,2.883333333,34.083333333,2
Q35344005,Lokilik,3.616388888,33.092777777,2
Q35344019,Lokimali,3.8725,33.686944444,2
Q35344034,Lokipawa,3.4475,33.455555555,2
Q35346243,Kasinga,-0.6,29.733333333,2
Q35346321,Kasinina,0.23887,32.76459,2
Q35346334,Kasininya,0.4516,32.9121,2
Q35346427,Lokokorai,3.324722222,33.484444444,1
Q35346440,Lokokorai,3.379722222,33.428888888,1
Q35346466,Lokokwayi,3.517222222,33.518333333,2
Q35346505,Lokom,3.66,33.509166666,1
Q35346518,Lokome,2.745,32.465833333,2
Q35346531,Lokomo,1.566666666,34.633333333,2
Q35346573,Lokorimoru,2.566666666,34.016666666,2
Q35346679,Lokoyot,3.832222222,33.680277777,1
Q35346692,Lokoyot,3.921111111,33.859722222,1
Q35346769,Lokukwoi,3.654722222,33.827222222,2
Q35346783,Lokulas,3.4925,33.798611111,1
Q35346798,Lokulasi,3.518055555,33.793611111,2
Q35346825,Lokupoi,3.366666666,34.1,1
Q35346859,Kasoa,1.5,31.76667,2
Q35346880,Lokutu,3.498888888,32.845833333,2
Q35346909,Lokwakel,2.983333333,34.083333333,2
Q35346917,Kasokanyanja,1.016666666,32.35,2
Q35346985,Kasokolindo,0.733333333,32.083333333,2
Q35347026,Kasokwa,1.653888888,31.646111111,2
Q35347092,Lolelia,3.311944444,33.878611111,2
Q35347136,Kasolwe,0.55938,33.64792,2
Q35347153,Loliakat,2.216666666,34.166666666,2
Q35347178,Loliboch,3.872222222,33.978333333,2
Q35347207,Kasomberwa,1.594444444,31.443333333,2
Q35347228,Lolili,3.370833333,33.677222222,2
Q35347229,Kasomberwa,1.621111111,31.471111111,2
Q35347239,Lolire,3.276111111,33.590833333,2
Q35347672,Kasota,0.45907,33.0664,2
Q35347696,Kasowa,1.64915,31.53283,2
Q35347862,Lomaler,3.380833333,33.964166666,1
Q35347875,Lomaler,3.665833333,33.770277777,1
Q35347956,Lomapus,2.11517,34.79662,2
Q35348337,Lomegetum,3.510555555,33.744722222,2
Q35349465,Kasyo,0.93846,34.27918,2
Q35349554,Lomugetum,3.399444444,33.800555555,2
Q35349582,Lomunyenikiporat,2.33152,34.70753,2
Q35349783,Katabagole,0.516666666,31.616666666,2
Q35349811,Katabalanga,0.25,31.3,2
Q35349825,Katabanyente,1.5475,32.0975,2
Q35349854,Katabasegu,0.6,30.966666666,2
Q35349867,Katabatimba,0.8,31.683333333,2
Q35349921,Katabok,2.45,33.733333333,2
Q35350514,Katalikwa,1.556388888,32.2975,2
Q35350558,Katamandwa,0.19729,32.82477,2
Q35350637,Katambwa,0.916666666,32.783333333,2
Q35350886,Katangwa,1.433333333,32.066666666,2
Q35350929,Katansule,0.966666666,32.533333333,2
Q35351035,Katanywa,0.23207,32.86706,2
Q35351386,Katatye,2.833611111,31.756388888,2
Q35351749,Kategule,-0.2,30.3,2
Q35352232,Katengo,-0.65,31.566666666,2
Q35352326,Katerema,0.66149,34.09269,2
Q35352338,Katerera,-0.133333333,30.2,2
Q35352509,Katete,0.9,31.633333333,2
Q35352522,Katete,1.2,32.366666666,2
Q35352833,Katetempe,0.67324,33.76758,2
Q35353408,Kathekucha,3.110277777,33.848888888,2
Q35353502,Kathil,3.560277777,33.795833333,2
Q35353528,Kathileo,2.966666666,34.1,2
Q35353750,Kathuguru,3.316666666,34.35,2
Q35355508,Katojo,-1.016666666,29.883333333,2
Q35355699,Katolo,2.339166666,31.418333333,2
Q35355725,Katoma,1.707222222,31.700277777,2
Q35355822,Katona,2.406666666,31.990277777,2
Q35356015,Katondwa,0.7133,30.26233,2
Q35356041,Katonga,-0.05,32.016666666,2
Q35356056,Katonga,0.33333,32.41667,2
Q35356069,Katonga,0.0675,30.265555555,2
Q35356243,Katonya,0.13653,32.90204,2
Q35356255,Katoogo,0.44957,32.85055,2
Q35356565,Katosi,-0.466666666,29.816666666,2
Q35357967,Katuba,-0.966666666,30.216666666,2
Q35358307,Katugo,0.383333333,31.816666666,2
Q35358320,Katugo,1.0,32.0,2
Q35358917,Katungulu,-0.716666666,31.55,2
Q35359041,Katurum,3.675,33.726111111,2
Q35359136,Katutu,3.585,33.554166666,2
Q3536053,Agago District,2.833,33.333,19
Q3536082,Alebtong District,2.25722,33.23265,17
Q3536116,Amudat District,1.95,34.95,18
Q35364027,Longelia,3.275833333,33.5975,2
Q35364074,Longem,3.175,33.997777777,2
Q35364199,Longiro,2.75,34.0,2
Q35364479,Longor,3.303611111,33.311388888,2
Q35364507,Longoroc,3.489722222,33.691111111,2
Q35364521,Longoromit,3.483333333,34.133333333,2
Q35364567,Kawairindi,1.706111111,31.289444444,2
Q35364779,Kawali,1.581111111,31.301111111,2
Q35365175,Kawango,1.5725,32.161666666,2
Q35365201,Kawango,1.675555555,31.483333333,2
Q35365202,Lonipo,3.994444444,33.874166666,2
Q35365351,Kawaswiswa,0.83934,30.4055,2
Q35366132,Kawolo Station,0.36559,32.93898,2
Q35366186,Kawoti,3.408333333,33.7375,2
Q35366332,Kawumbuli,-0.4,30.183333333,2
Q35367030,Kayagi,0.633333333,31.1,2
Q35367172,Lopedot,2.143888888,34.790277777,2
Q35367229,Loperipir,3.936944444,33.785555555,2
Q35367248,Kayambura,0.59201,30.24742,2
Q35367369,Lopogot,2.666666666,34.033333333,2
Q35367383,Loporokocho,1.533333333,34.7,2
Q35367412,Lopoza,3.35,34.283333333,2
Q35367444,Kayanja,-0.366666666,30.383333333,2
Q35367458,Kayanja,1.534166666,31.638888888,1
Q35367472,Kayanja,1.648611111,31.5975,1
Q35367522,Kayanja,1.668333333,31.656944444,1
Q35367569,Kayansi,0.0,29.766666666,2
Q35367589,Lopua,3.35,34.283333333,2
Q35367628,Lopur,3.253333333,33.212777777,1
Q35367642,Lopur,3.305555555,33.02,1
Q35367696,Loputh,2.983333333,34.1,2
Q35368017,Loraya,3.395277777,33.486944444,2
Q35368125,Kayera,1.633055555,32.083888888,2
Q35368289,Lorengikipi,2.4,33.9,2
Q35368421,Kayiraya,0.15,31.416666666,2
Q35368435,Kayirira,0.1882,32.80451,2
Q35368650,Loroboi,3.675,33.465833333,2
Q35369127,Lorupel,3.827777777,33.678611111,2
Q35369185,Kayoboya,0.12317,32.99669,2
Q35369348,Kayora,1.527777777,31.563333333,2
Q35369985,Kaywen,3.079722222,33.445,2
Q35370205,Timan,3.75,34.4,2
Q35374522,Losigiria,3.775833333,33.691944444,2
Q35376404,Kazibiride,0.22094,32.89421,2
Q3537661,Buhweju District,0.35,30.3,16
Q35377254,Kazimeri,2.510555555,34.612222222,2
Q35377267,Kazimsa,0.58961,33.53852,2
Q35377307,Kazinga,1.15,32.05,2
Q35377554,Kaziradindu,1.383333333,31.283333333,2
Q35378119,Kazirandindi,1.35,31.51667,1
Q35378186,Kazirankuku,1.695833333,31.304444444,2
Q35378412,Kazizi,0.6,30.833333333,1
Q35378429,Kazizi,0.5675,30.476388888,1
Q35385047,Kecharaba,2.257222222,32.212222222,2
Q35385299,Loyee,3.738888888,33.565,2
Q35385435,Loyoboo,2.836666666,32.404722222,2
Q35385449,Loyolo,3.634444444,33.720833333,2
Q35385462,Loyoro,3.15,34.2,2
Q35385475,Loyoroit,2.866666666,33.633333333,2
Q35386006,Kedi,3.451666666,31.0825,2
Q35387398,Lubaale,0.26347,32.90865,2
Q35387505,Lubalangat,3.506111111,33.685833333,2
Q35387607,Lubamba,1.166666666,31.4,2
Q35387945,Lubekolu,3.104444444,32.214166666,2
Q35388027,Lubenge,1.116666666,32.366666666,2
Q35388242,Lubigi,0.309166666,32.510555555,2
Q35388345,Lubingo,-0.333333333,30.566666666,2
Q35388358,Lubire,3.81,33.013888888,2
Q35390616,Kedyangu,1.7,33.2,2
Q35390699,Kee,3.256388888,32.801944444,2
Q3539116,Kiryandongo District,2.0,32.3,19
Q3539151,Kole District,2.29701,32.74402,19
Q35392474,Lugada,0.396388888,33.922777777,2
Q3539256,Kyegegwa District,0.48333333,31.05,17
Q35392592,Luganzi,0.15851,33.02342,2
Q35392661,Lugazi,1.083333333,32.416666666,2
Q35392674,Lugenda,-0.716666666,31.4,2
Q3539277,Lamwo District,3.53333333,32.8,18
Q35392889,Lugogo,1.45861,31.985,1
Q35392903,Lugolima,0.95,31.55,2
Q35393547,Lugudde,0.33572,33.00534,2
Q35393627,Lugung,3.123888888,33.168055555,2
Q35393708,Luguuga,0.20931,32.73091,2
Q35393722,Lugwang,2.808333333,32.063888888,1
Q35393736,Lugwang,2.916666666,32.059444444,1
Q35394056,Luhonde,1.496388888,31.195555555,2
Q3539414,Mitooma District,-0.6,30.0,17
Q35394532,Luitambwa,0.745,33.556666666,2
Q35394622,Kelim,1.516388888,34.285555555,2
Q35394747,Kelku,3.522222222,32.514722222,2
Q3539495,Napak District,2.2,34.3,18
Q3539547,Ntoroko District,1.1,30.4,17
Q35395544,Luker,3.602777777,33.056388888,2
Q3539572,Nwoya District,2.63333333,32.0,19
Q35395801,Lukide,3.816388888,33.010277777,2
Q35395925,Lukinga,0.116666666,30.4,2
Q3539602,Otuke District,2.5,33.5,17
Q35396130,Lukoba,0.94202,34.28362,2
Q35396144,Lukoje,0.92484,34.47378,2
Q35396252,Lukome,2.956111111,32.276111111,2
Q35396442,Lukotakoryi,2.453611111,34.662222222,2
Q3539648,Rubirizi District,-0.26666667,30.1,17
Q3539711,Sheema District,-0.53333333,30.4,18
Q3539730,Zombo District,2.5,30.9,19
Q35399139,Kena,3.557777777,31.439444444,2
Q35399305,Lukudut,1.683333333,34.383333333,2
Q35399685,Lukusi,1.016666666,34.366666666,2
Q35399702,Kendra,3.563055555,31.419444444,2
Q35399867,Lukwangi,3.444444444,33.699444444,2
Q35400008,Lukwitamaira,0.86572,33.53855,2
Q35400832,Lumaluk,3.33,33.346666666,2
Q35400922,Lumansi,0.831666666,32.432777777,2
Q35401549,Lumbuka,0.583333333,33.966666666,2
Q35401602,Lumbuye,1.083333333,33.45,2
Q35401804,Lumeno,2.562777777,34.507777777,2
Q35402461,Lumungole,3.679444444,33.401111111,2
Q35403212,Kerekilet,3.394444444,33.450277777,2
Q35404422,Lungiebi,2.770277777,31.356388888,2
Q35405056,Lunkingiride,0.38311,32.63342,2
Q35405434,Kesiat,0.76389,34.21694,2
Q35405980,Lunyunai,3.374722222,33.360833333,2
Q35407503,Luput,3.109166666,32.766388888,2
Q35407648,Lura,3.33,33.143611111,2
Q35407823,Luriceng,3.831944444,33.012777777,2
Q35407900,Luronyo,3.100833333,32.334722222,2
Q35408166,Lusamatu,-0.15,31.683333333,2
Q35408577,Lusensa,1.36667,31.58333,2
Q35408590,Lusere,0.35404,33.04434,2
Q35409430,Khabere,0.42446,33.91909,2
Q35409651,Lutabasigire,0.34006,33.11178,2
Q35409739,Lutamandwa,0.26263,32.93069,2
Q35409791,Lutatworo,3.141944444,33.418055555,2
Q35409830,Lutek,3.518055555,33.461944444,2
Q35409869,Lutembe,-0.9,30.366666666,2
Q35410472,Lutongo,2.836388888,32.413888888,2
Q35410543,Lutoto,-0.333333333,30.166666666,2
Q35410979,Lutukumini,3.561111111,33.502777777,2
Q35411371,Luvunya,0.476944444,33.8825,2
Q35411915,Luyam,2.433611111,32.434166666,2
Q35412040,Luyoro,3.73186,33.39651,2
Q35412077,Luzade,1.05,30.95,2
Q35412462,Luzibwe,0.42448,32.8508,2
Q35412899,Lwabidu,1.25,32.016666666,2
Q35412993,Lwakungi,1.653611111,32.088333333,2
Q35413006,Lwala,3.120833333,32.658055555,2
Q35413057,Lwalagada,1.813888888,32.265555555,2
Q35413070,Lwalakwar,2.826388888,32.26,1
Q35413170,Lwamagembe,0.5,31.616666666,2
Q35413222,Lwamboga,0.83576,33.82744,2
Q35413248,Lwambula,0.616666666,32.05,2
Q35413411,Lwamirindi,0.833333333,32.75,2
Q35413586,Lwampanga,1.79815,31.96066,2
Q35413821,Lwanjoka,1.617222222,31.436111111,2
Q35413859,Lwankuba,1.507222222,32.438888888,2
Q35413897,Lwanpanga,1.785833333,32.015277777,2
Q35414013,Khamitsaru,0.85,34.241111111,2
Q35414162,Lwatema,0.166666666,29.9,2
Q35414210,Lwekomba,0.983333333,33.0,2
Q35414330,Lwematofu,0.79412,34.01782,2
Q35414356,Lwembwa,0.183333333,30.316666666,2
Q35414382,Lwemirondo,0.1,30.883333333,2
Q35414408,Lwendegeya,1.083333333,31.466666666,2
Q35414460,Lwenimira,0.2,30.833333333,2
Q35414473,Lwenkunge,0.166666666,31.016666666,2
Q35414486,Lwenyana,1.676944444,31.489444444,2
Q35414499,Lwenyizi,1.885555555,31.989722222,2
Q35414511,Lwere,1.333333333,33.75,2
Q35414642,Lwitambwa,0.82152,33.55687,2
Q35414653,Lwitanamaiso,0.88444,33.39111,2
Q35414673,Lwoga,1.520277777,31.4825,2
Q35414933,Lyakarage,0.8912,30.45576,2
Q35415061,Lyamboko,0.84389,34.30559,2
Q35415082,Waibala,1.588888888,31.369166666,2
Q35415507,Wakipompyo,1.521111111,31.325555555,2
Q35415587,Lyato,1.5825,31.125,2
Q35416171,Lyendali,0.79027,34.31703,2
Q35416184,Lyenlakop,3.237777777,33.092777777,2
Q35416214,Khaoya,0.79627,34.30946,2
Q35419730,Kharkara,0.92717,34.3385,2
Q35421960,Khato,0.99782,34.35559,2
Q35427106,Khisongwe,0.9899,34.26134,2
Q35430016,Mabengere,1.166666666,31.4,1
Q35431315,Mabuguwe,0.3643,33.02793,2
Q35431327,Mabugwe,0.516666666,32.966666666,2
Q35435018,Machundu,1.36667,31.53333,1
Q35437673,Madakori,0.65516,34.24129,2
Q35439746,Madiwo,2.826111111,32.259444444,2
Q35444301,Magaga,0.75,32.2,2
Q35447578,Magombe,0.383333333,30.383333333,2
Q35448388,Maguka,0.52,30.1775,2
Q35448456,Magunu,0.6572,30.27419,2
Q35451279,Mahirro,0.63874,30.17151,2
Q35451734,Mahoma,0.466666666,30.266666666,2
Q35451745,Muhhamad,0.282777777,30.267222222,2
Q35454440,Maingo,0.44318,33.91351,2
Q35457743,Sume,1.016666666,34.366666666,2
Q35459705,Makhoba,0.98477,34.23385,2
Q35459821,Makhuba,0.93964,34.21427,2
Q35460375,Sundet,1.5,34.633333333,2
Q35460816,Makoka,0.55,30.566666666,2
Q35464933,Malaba,1.193333333,33.504722222,3
Q35466274,Malakwanga river,1.83333,32.66667,2
Q35482304,Kiazi,2.348611111,34.614444444,2
Q35482365,Kibaa,2.37,31.831111111,2
Q35482530,Kibale,-0.816666666,31.483333333,2
Q35482619,Kibanga,0.916666666,31.433333333,2
Q35483084,Kibembe,0.46897,32.69192,2
Q35483240,Kibimba,0.087777777,31.538055555,2
Q35483254,Kibimba,0.695277777,33.840555555,2
Q35483694,Kibologota,0.816666666,31.2,2
Q35483890,Kibuga,-1.416666666,29.983333333,2
Q35483944,Malembo,-0.15,31.333333333,2
Q35483947,Kibukuta,-0.033333333,32.05,2
Q35483976,Kibule,3.124166666,32.444166666,2
Q35484163,Malengany,2.333333333,33.35,2
Q35485646,Kichumbonyobo,1.914444444,31.756111111,2
Q35485658,Kichumbwa,0.788611111,30.278611111,2
Q35486592,Kidikidi,3.479444444,31.794166666,2
Q35486762,Malir,2.434166666,31.035,2
Q35486801,Maliri,0.87038,34.11145,2
Q35487304,Kifu,0.438888888,32.719444444,2
Q35487368,Kigabi,-0.433333333,31.583333333,2
Q35487448,Kigaga,-0.15,31.1,2
Q35487459,Kigaga,-1.05,30.283333333,2
Q35487608,Kigera,-0.716666666,31.683333333,2
Q35487633,Kigeyo,-1.133333333,29.816666666,2
Q35487870,Kigona,-0.7,31.733333333,2
Q35487940,Kigoye,0.516666666,31.933333333,2
Q35488012,Kiguka,2.415833333,32.039444444,2
Q35488089,Kigwe,0.733333333,32.483333333,2
Q35488130,Kigwisa,0.39578,33.41302,2
Q35488144,Kigyankonda,0.31912,32.51305,2
Q35488157,Kiha,1.45,31.6,2
Q35488344,Kihungi,-1.033333333,29.6,2
Q35488358,Kii,3.468055555,31.148611111,2
Q35488370,Kiiga,-0.883333333,29.7,2
Q35488466,Kiira,0.327222222,32.911944444,2
Q35488478,Kiita,1.016666666,32.75,2
Q35488624,Kijoro,1.613888888,31.367777777,2
Q35488690,Kikaira,-0.233333333,30.583333333,2
Q35488821,Kikenyi,0.45455,33.2432,2
Q35489013,Kikii,3.013055555,32.843888888,2
Q35489128,Kiko,0.85583,33.01444,2
Q35489263,Kikoyo,-0.016666666,30.383333333,2
Q35489885,Kila,3.583333333,31.366666666,2
Q35490133,Kilao,3.491111111,32.364166666,2
Q35490739,Malukandwa,0.75876,33.55388,2
Q35493079,Kilube,3.065833333,33.305555555,2
Q35494255,Kimbubwe,1.628888888,31.53,2
Q35494575,Kimiransembe,0.5915,30.21414,2
Q35494602,Kimiya,3.150277777,33.133333333,2
Q35495094,Kimuntu,0.913055555,34.050277777,2
Q35495305,Kinaga,2.630833333,31.792222222,2
Q35495685,Kinawataka,0.328333333,32.652222222,2
Q35500700,Kinoga,0.8,31.75,2
Q35528999,Kinyegula,-0.116666666,31.1,2
Q35529047,Kinyoo,3.105833333,32.829722222,2
Q35529059,Kinywa,0.3761,33.12651,2
Q35529241,Kipangori,0.86037,34.13081,2
Q35529305,Kipinyo,3.285833333,33.099722222,2
Q35529362,Kipoko,3.143333333,33.250555555,2
Q35529539,Kirala,-0.816666666,29.733333333,2
Q35529963,Kiri,0.833333333,30.883333333,2
Q35529997,Kiriba,-1.016666666,29.8,2
Q35530005,Kiribanywa,1.266666666,31.416666666,2
Q35530063,Kiriki,1.533333333,34.7,2
Q35530067,Kiriki,1.416666666,34.75,2
Q35530197,Kirimia,0.869444444,30.073611111,2
Q35530238,Kiringansozi,0.69689,33.52179,2
Q35530239,Kirinjui,1.35,31.8,2
Q35530711,Kirombe,2.748333333,32.300277777,2
Q35530877,Kiruruma,-0.416666666,30.45,2
Q35530880,Kiruruma,-1.133333333,29.916666666,2
Q35530920,Kiryantama,-0.333333333,30.033333333,2
Q35531083,Kisasolima,0.3388,32.86725,2
Q35531195,Kisemiyondwa,0.65,30.95,2
Q35531203,Kisenyi,-0.583333333,30.4,2
Q35531297,Kishanga,-0.116666666,30.666666666,2
Q35531452,Kisingu,1.1,31.9,2
Q35531456,Kisini,-0.05,31.283333333,2
Q35531478,Kisisita,0.15321,33.05077,2
Q35531659,Kiso,1.624166666,31.596388888,2
Q35531663,Kiso,1.333333333,31.5,2
Q35531667,Kisojo,0.216666666,31.166666666,2
Q35531674,Kisole,0.54931,34.09157,2
Q35531682,Kisoma,-0.6,31.533333333,1
Q35531686,Kisoma,-0.7,31.55,1
Q3565261,Namulonge Airport,0.51333333,32.63138889,5
Q3565504,Kigezi District,-1.22222222,29.88888889,5
Q35692646,Buvuma Channel,0.1825,33.121111111,1
Q35692649,Dagusi Passage,0.161944444,33.563888888,1
Q35692652,Damba Channel,0.066111111,32.755833333,1
Q35694727,Kome Channel,-0.166666666,32.583333333,1
Q35694741,Lutoboka Channel,-0.25,32.25,1
Q35694761,Nabisukiro,-0.25,32.05,1
Q35694864,Rosebery Channel,0.116944444,33.0475,1
Q35694892,Salisbury Channel,-0.133333333,32.166666666,1
Q35694973,Ugana Passage,0.141666666,33.803611111,1
Q35696137,Kigorobya,1.616111111,31.308888888,1
Q35696522,Kireka,0.3475,32.649166666,1
Q35720849,Amiene,2.436388888,32.268611111,1
Q35720856,Aminonger,2.391666666,32.28,1
Q35722385,Aroca,1.998611111,32.470277777,1
Q35724694,Margherita,0.41861,29.89111,1
Q35732333,Lake Kachera,-0.595,31.115,6
Q35732365,Lake Karengye,-0.905833333,30.129722222,2
Q35732372,Lake Kasago,1.56667,33.75,2
Q35732419,Lake Kazuma,-0.683333333,31.016666666,2
Q35732471,Lake Kijanebalola,-0.694166666,31.296944444,7
Q35732572,Lake Komunua,1.283333333,33.65,2
Q35733372,Lake Mburo,-0.658888888,30.931388888,9
Q35733633,Lake Mulehe,-1.218055555,29.721388888,8
Q35733689,Lake Nakivali,-0.79374,30.87364,5
Q35733696,Lake Nakuwa,1.166666666,33.466666666,3
Q35733737,Lake Naragaga,1.367777777,33.448055555,2
Q35733760,Lake Nawampasa,1.266666666,33.35,2
Q35734004,Lake Opare,1.56667,33.66667,2
Q35734064,Lake Pachoto,1.35,33.483333333,2
Q35735508,Muhororo,0.938055555,30.759444444,1
Q3603745,Aboke,2.33333333,32.68333333,5
Q3726249,National Botanical Gardens (Uganda),0.0620109,32.4792744,4
Q3802457,Bushenyi-ishaka Municipality,-0.544,30.138,5
Q38249416,Sonde,0.395,32.68666667,2
Q38249479,Kakumiro,0.78111111,31.32305556,3
Q38249480,Kakumiro District,0.78333333,31.33333333,9
Q38249484,Kagadi District,0.93333333,30.81666667,9
Q38249516,Butalangu,0.82277778,32.24277778,2
Q38249534,Kaweweta,1.24583333,32.17944444,1
Q38249546,Kyotera District,-0.63333333,31.55,10
Q38249567,Pakwach District,2.46666667,31.5,10
Q38249597,Omoro District,2.58333333,32.36666667,9
Q38249599,Palenga,2.57638889,32.35444444,2
Q38249602,Rubanda District,-1.18333333,29.85,9
Q38249615,Rukiga District,-1.18333333,30.1,8
Q38249616,"Mparo, Rukiga",-1.16472,30.03778,3
Q38249626,"Muhanga, Rukiga",1.17111111,30.12416667,2
Q38249629,Bunyangabu District,0.48333333,30.2,9
Q38249631,Kibiito,0.4775,30.1925,5
Q38249727,"Kasenyi, Buliisa",2.2025,31.48305556,1
Q38250495,"Pope John Paul II College, Gulu",2.81391383,32.282099,3
Q38251393,Luweero–Butalangu Road,0.85527778,32.34083333,1
Q38251542,Vule Airways,0.310277777,32.6,3
Q38251659,Siti II Hydroelectric Power Station,1.27638889,34.65777778,2
Q38251687,Nkusi Hydroelectric Power Station,1.11944444,30.66805556,2
Q38251726,Nakawa Vocational Training Institute,0.33222222,32.61777778,1
Q3825255,St. Mary's Hospital Lacor,2.7675,32.2531,6
Q382968,Daily Monitor,0.314722222,32.600277777,8
Q38789592,Our Lady Queen of Poland Catholic Church,1.67722,31.54139,2
Q3885838,Bundibugyo Airport,0.71,30.065,7
Q3886345,Moyo Airport,3.64889,31.7644,7
Q3887953,Moroto Airport,2.5,34.6,9
Q3894,Kampala,0.313611111,32.581111111,183
Q389651,Bunyaruguru,0.25,30.116666666,4
Q39046064,"Banga, Entebbe",0.081388888,32.459166666,2
Q39060927,Achwa 2 Hydroelectric Power Station,3.1481438,32.5175382,3
Q4022677,Kampala Mosque,0.3,32.633333333,18
Q4024590,Ziwa Rhino Sanctuary,1.443,32.081,4
Q4057928,Adhola people,0.6782,34.1866,6
Q4118193,Mandela National Stadium,0.34720833,32.65888889,24
Q41992753,Bunya County,-0.0902,33.55176,1
Q42011436,Chua County,3.33333,33.33333,1
Q4246850,Kumam people,1.7643,33.1506,6
Q4261446,West Nile sub-region,3.0,31.2,5
Q429685,Central Region,0.316666666,32.583333333,37
Q4305496,Mpondwe,0.032959,29.7602463,7
Q43082782,Uganda Manufacturers' Association,0.32694444,32.60944444,1
Q432438,Nakaseke District,1.0,32.166666666,19
Q4357793,Mayuge,0.33111111,33.53,8
Q4363229,Bugiri,0.563333,33.751944,12
Q44377523,Butebo District,1.2,33.91666667,8
Q44380663,Namisindwa District,0.81666667,34.38333333,8
Q451589,Pakwach,2.45,31.5,19
Q462063,Roman Catholic Diocese of Kasese,0.1764,30.0722,12
Q4630313,2015 UCI Road World Championships,37.5408,-77.4367,23
Q4663606,Abayita Ababiri,0.09333333,32.5,4
Q4667801,Abim,2.735,33.66805556,10
Q4685863,Aduku,2.01,32.72,5
Q4689708,African Bible College,0.2404,32.5646,4
Q4690976,Agago,2.83333333,33.33333333,5
Q4711890,Albertine Rift montane forests,-2.75,29.14,15
Q4714068,Alebtong,2.25,33.315,9
Q4729602,All Saints University,2.235556,32.8975,7
Q4734205,Aloi,2.25277778,33.17777778,2
Q473748,Buganda,0.331944,32.4181,42
Q4747501,Amolatar,1.638382984,32.847369975,10
Q47483751,Battle of Semuliki,0.739,29.792806,4
Q4748920,Amudat,1.95,34.95,8
Q4749005,Amuria,2.03,33.64305556,10
Q4749014,Amuru,2.819182553,31.863563422,7
Q4750961,Anaka,2.6,31.95,8
Q4766090,Ankole Western University,-0.57361111,30.38,4
Q4766092,Ankole sub-region,-0.5,30.5,1
Q4784206,Arapai,1.78,33.625,3
Q4788736,Kidepo River,3.901166666,34.011666666,13
Q4790342,Kabi River,1.6475,32.094444,1
Q4790358,Lugogo River,1.45861,31.985,8
Q4790362,Mayanja River,1.3575,31.82,8
Q4790369,Nkusi River,0.795555555,31.218888888,7
Q4790372,Nyagak River,2.64781,31.11112,9
Q4790384,Ora River,2.691666666,31.449722222,8
Q4790390,Pager River,3.16155601,32.51076889,8
Q4790395,Kafu,1.15,31.081944444,10
Q4790398,River Muzizi,0.577222,31.195,7
Q4790403,Sezibwa River,1.4,32.735,11
Q4801989,Arua Regional Referral Hospital,3.01944,30.9125,2
Q4814791,White Nile,0.415222222,33.195583333,89
Q4815754,Atiak massacre,3.25,32.12,4
Q4830765,Aya Group,0.3775,32.55472222,1
Q4830815,Ayago Power Station,2.36305556,31.92,3
Q48342882,Kampala Flyover Road Project,0.307222222,32.578888888,1
Q4853553,Bamunanika,0.6875,32.60861111,3
Q4854283,Banda,0.355,32.63138889,2
Q4859965,Absa Bank Uganda Limited,0.320694,32.586667,2
Q4861194,Barlonyo,2.416669444,32.942780555,3
Q4864845,Budaka town,1.01666667,33.945,10
Q4867401,"Basilica of the Blessed Virgin Mary, Lodonga",3.418709,31.115762,5
Q4867416,Basilica of the Uganda Martyrs,0.38527778,32.65138889,11
Q4871713,Battle of Mengo Hill,0.30166667,32.56611111,2
Q48741701,University of the Sacred Heart Gulu,2.77083333,32.1,4
Q4875392,Bbaale,1.1,32.8875,3
Q4875393,Bbaale County,1.09952,32.85252,2
Q48773720,Battle of Lukaya,-0.150833,31.874444,4
Q48775466,Rubanda,-1.18638889,29.84333333,3
Q48782424,Muvumba river,-1.1318,30.3438,10
Q48785145,Kyambura Hydroelectric Power Station,-0.14888889,30.08861111,2
Q48790211,Kawanda–Birembo High Voltage Power Line,-0.59046,30.4302,2
Q48790718,Ibanda University,-0.12333333,30.49833333,2
Q487912,Ripon Falls,0.433913888,33.193522222,16
Q48791981,Karuma–Kawanda High Voltage Power Line,0.864722,32.49,1
Q48792663,Bujagali–Tororo–Lessos High Voltage Power Line,0.694444,34.207778,1
Q48792949,Uganda Aviation School,0.31166667,32.58194444,2
Q487953,Lake Kwania,1.716666666,32.7,16
Q48800968,Uganda National Pipeline Company,0.31333333,32.58194444,1
Q48800989,Uganda Refinery Holding Company,0.31333333,32.58194444,2
Q48803129,Stafford University Uganda,0.300235,32.596595,3
Q48804890,Nyamagasani I Hydroelectric Power Station,0.1326128,29.9397074,2
Q48806349,Uganda Hotel and Tourism Training Institute,0.43694444,33.19972222,2
Q48806598,Ndugutu Hydroelectric Power Station,0.61555556,29.97944444,2
Q48806690,Sindila Hydroelectric Power Station,0.63,29.97805556,2
Q48806813,Nyamagasani II Hydroelectric Power Station,0.1049232,29.9413527,2
Q48807274,Nkenda–Fort Portal–Hoima High Voltage Power Line,0.735,30.228055555,1
Q48807394,Oriang Hydroelectric Power Station,2.266666666,32.083333333,2
Q48808065,Multitech Business School,0.32444444,32.565,2
Q48811599,Tororo–Opuyo–Lira High Voltage Power Line,1.6775,33.676944444,1
Q48811981,Nkenda–Mpondwe–Beni High Voltage Power Line,0.053333333,29.723888888,1
Q48812005,Nkenda,0.25,30.1,1
Q48813338,Masaka–Mutukula–Mwanza High Voltage Power Line,-0.9975,31.414444444,1
Q48814112,Valley University of Science and Technology,-0.54833333,30.20111111,2
Q48814179,Lira–Gulu–Nebbi–Arua High Voltage Power Line,2.737222222,32.305,1
Q48814783,Great Lakes Regional University,-0.88472222,29.75611111,3
Q48815606,Kabale University School of Medicine,-1.25083333,29.98916667,3
Q48815991,Maya,0.26638889,32.43583333,1
Q48816818,Uganda Business Facilitation Centre,0.330278,32.601667,2
Q48818194,Mbalwa,0.37027778,32.65638889,1
Q48856654,Bukalasa Agricultural Training Institute,0.71361111,32.51,5
Q488982,Nalubaale Hydroelectric Power Station,0.443611111,33.185,13
Q4903036,Bibia,3.48,32.07,3
Q49101454,Bukomansimbi District,-0.12855,31.62527,1
Q49129845,Buranga Pass,0.836944444,30.208333333,1
Q49129954,Bwamba Pass,0.67,30.134722222,1
Q49133662,Freshfield Pass,0.346111111,29.893333333,1
Q49139902,Komakatae Pass,3.716666666,34.4,1
Q4914566,Binyiny,1.415,34.515,6
Q49181113,Buvumbo Swamp,0.033333333,32.183333333,1
Q49197140,Izizi,2.005833333,31.548055555,1
Q49198165,Kabalongo,1.615833333,31.466111111,1
Q49198222,Kakono Swamp,-0.883333333,30.066666666,1
Q49198652,Kanyamusanga Swamp,0.05,32.43333,1
Q49199165,Kasanga Swamp,0.11667,32.36667,1
Q49199169,Kasasa Swamp,-0.583333333,31.233333333,1
Q49199182,Kasoa,1.50266,31.7402,1
Q49199447,Kibona Swamp,-0.216666666,30.05,1
Q49199452,Kichumbi Swamp,-1.35,30.016666666,1
Q49199461,Kihai,1.508888888,31.486388888,1
Q49199707,Kisimbi Swamp,-0.516666666,30.95,1
Q49199775,Kiwolwe Swamp,0.03333,32.15,1
Q49199778,Kiyanja,1.687222222,31.812777777,1
Q49203455,Kyamunaku,1.513888888,31.463055555,1
Q49208542,Lugongo Plain,-0.8,31.583333333,1
Q49208544,Lugunga Swamp,0.0,32.133333333,1
Q49208869,Lutindo Swamp,0.15,32.28333,1
Q49208876,Lwamunda Swamp,-0.416666666,31.883333333,1
Q49209548,Makokobe Swamp,0.13333,32.31667,1
Q49211743,Nambigirwa Swamp,0.11667,32.48333,1
Q49211750,Namiro Swamp,0.06667,32.45,1
Q49211762,Nanda,2.106944444,32.188055555,1
Q49211789,Nassara Plain,-0.783333333,31.683333333,1
Q49213908,Ntoma,1.513333333,31.64,1
Q49213954,Nyabikonko,1.570277777,31.316111111,1
Q49214118,Obei Swamp,2.8775,31.335555555,1
Q49214129,Ocen,2.411666666,32.259722222,1
Q49221650,Sangwe,1.551666666,31.301111111,1
Q49222291,Semunya Swamp,0.11667,32.43333,1
Q49222663,Siba,1.629722222,31.571666666,1
Q492275,Port Bell,0.29,32.654166666,14
Q49238351,Waiga,2.010277777,31.526111111,1
Q49238359,Waka Swamp,3.377777777,31.524444444,1
Q49238637,Zirimiti Swamp,0.266666666,32.716666666,1
Q49239996,Bulombeganiza,1.688055555,31.850833333,1
Q49240107,Itongo,1.594444444,31.746666666,1
Q49240113,Jwamba,1.573055555,31.879444444,1
Q49240115,Kabega,1.565277777,31.606666666,1
Q49240122,Kayebe,1.611944444,31.978611111,1
Q49240128,Kiizi,1.620555555,31.8075,1
Q49240133,Kitumo,1.531944444,31.781388888,1
Q49240144,Kulcheke,2.228055555,32.376111111,1
Q49240148,Kyankara,1.838611111,31.826111111,1
Q49240158,Lukoma,1.809722222,31.951666666,1
Q49240161,Lwakungi,1.721944444,31.930277777,1
Q49240163,Maizia,1.686666666,31.994166666,1
Q49240188,Nagamigo,1.673611111,31.822222222,1
Q49240216,Nyakabingo,1.641944444,31.826944444,1
Q49240219,Nyakafunjo,1.852222222,31.980555555,1
Q49240221,Nyama,1.795,31.954444444,1
Q49240223,Nyamerwu,1.7925,31.921944444,1
Q49240225,Nyarwera,1.623055555,31.828611111,1
Q49240236,Oloolo,2.280555555,32.420277777,1
Q49240239,Oporowie,2.375555555,32.471666666,1
Q49240242,Orakol,2.45,32.294722222,1
Q49240331,Yeka,1.803055555,31.789166666,1
Q49277713,Kibale,0.8,31.06667,1
Q49277727,Kitgum,3.27833,32.88667,1
Q49277777,Kumi,1.46083,33.93611,1
Q49277844,Luwero,0.84917,32.47306,1
Q49277880,Mayuge,0.45972,33.48028,1
Q49278028,Pader,3.05,33.21667,1
Q49295404,Jinja,0.43902,33.20317,1
Q49296077,Kabuguza Islets,-0.166666666,33.183333333,2
Q49296092,Kansove Islets,-0.55,32.183333333,2
Q49296281,Mabanda Islets,-0.5,32.283333333,2
Q49296303,Maundu Island,0.418611111,33.272222222,2
Q49296328,Mitusi Islets,-0.616666666,32.3,2
Q49296356,Musambwa Islands,-0.783333333,31.766666666,2
Q49296604,Semuganja Islands,-0.316666666,32.366666666,2
Q49297977,Agago County,2.83333,33.33333,1
Q49297980,Amuria County,2.08333,33.66667,1
Q49297983,Aringa County,3.58333,31.25,1
Q49297986,Arua Municipality,3.02038,30.91527,1
Q49297988,Aruu County,2.93101,32.86979,1
Q49297989,Aswa County,3.0,32.5,1
Q49297991,Ayivu County,3.05,30.91667,1
Q49297992,Bamunanika County,0.84299,32.67349,1
Q49297995,Bokora County,2.33333,34.25,1
Q49297997,Bubulo West County,0.89361,34.33419,1
Q49297998,Budadiri County,1.17312,34.32952,1
Q49297999,Budaka County,1.05987,33.98872,1
Q49298000,Budiope County,1.26157,33.14166,1
Q49298001,Bufumbira County,-1.3,29.72,1
Q49298002,Bugabula County,1.08333,33.13333,1
Q49298003,Bugahya County,1.55358,31.24906,1
Q49298005,Bugangaizi County,0.9847,31.29843,1
Q49298006,Bughendera County,0.6747,30.07293,1
Q49298008,Bugweri County,0.66667,33.58333,1
Q49298009,Buhaguzi County,1.30819,30.95011,1
Q49298011,Buhweju County,-0.3,30.3,1
Q49298012,Buikwe County,0.3259,33.03625,1
Q49298013,Bujenje County,1.83333,31.5,1
Q49298014,Bujjumba County,-0.37591,32.16151,1
Q49298015,Bujumbura County,-0.59126,29.84601,1
Q49298016,Bukanga County,-0.86825,31.02003,1
Q49298017,Bukedea County,1.36457,34.12862,1
Q49298018,Bukonjo County,0.01997,29.8512,1
Q49298019,Bukooli County,-0.16151,33.79899,1
Q49298020,Bukoto County West,-0.40512,31.76182,1
Q49298022,Bulambuli County,1.36787,34.28477,1
Q49298023,Bulamogi County,1.0,33.5,1
Q49298024,Buliisa County,1.97654,31.50686,1
Q49298025,Bungokho County,1.02611,34.19919,1
Q49298027,Bunyangabu County,0.37525,30.23643,1
Q49298028,Bunyaruguru County,-0.25492,30.00759,1
Q49298030,Bunyole County,0.91667,34.0,1
Q49298031,Burahya County,0.68025,30.34663,1
Q49298034,Buruli County,1.33333,32.33333,1
Q49298035,Buruuli County,1.67114,31.81738,1
Q49298037,Busiki County,0.86871,33.68166,1
Q49298038,Busiro County,0.22124,32.46905,1
Q49298040,Busongora County,0.11457,30.03588,1
Q49298041,Busujju County,0.30345,32.04008,1
Q49298042,Butambala County,0.2,32.13333,1
Q49298043,Butebo County,1.19347,33.93816,1
Q49298044,Butembe County,0.54104,33.28294,1
Q49298046,Buvuma County,0.08333,33.25,1
Q49298047,Buwekula County,0.5,31.41667,1
Q49298049,Buyaga County,0.91667,31.0,1
Q49298050,Buyanja County,0.80155,31.06917,1
Q49298051,Buzaaya County,0.77204,33.12683,1
Q49298052,Bwamba County,0.67238,30.05134,1
Q49298059,Chekwii County,1.77698,34.58078,1
Q49298119,Dodoth County,3.58333,34.0,1
Q49298120,Dokolo County,1.9455,33.067,1
Q49298123,East Moyo County,3.22561,31.76944,1
Q49298126,Entebbe Municipality,0.05638,32.45197,1
Q49298129,Fort Portal Municipality,0.65681,30.27979,1
Q49298135,Gulu Municipality,2.78202,32.29571,1
Q49298138,Hoima Municipality,1.42994,31.3496,1
Q49298140,Ibanda County,-0.07995,30.47561,1
Q49298141,Iganga Municipality,0.614,33.4769,1
Q49298142,Igara County,-0.45917,30.15797,1
Q49298143,Isingiro County,-0.83333,30.91667,1
Q49298144,Jie County,3.0,34.0,1
Q49298146,Jonam County,2.46667,31.41667,1
Q49298148,Kabale Municipality,-1.26274,29.98812,1
Q49298150,Kaberamaido County,1.8,33.25,1
Q49298152,Kabula County,-0.25,31.2,1
Q49298153,Kagoma County,0.60267,33.1644,1
Q49298154,Kajara County,-0.82703,30.13687,1
Q49298155,Kakuuto County,-0.8442,31.44547,1
Q49298156,Kalaki County,1.82554,33.32252,1
Q49298158,Kalungu County,-0.149,31.78001,1
Q49298159,Kampala Capital City,0.31576,32.5972,1
Q49298160,Kapelebyong County,2.214,33.74343,1
Q49298161,Kasambya County,0.38577,31.26384,1
Q49298162,Kasese Municipality,0.21794,30.04902,1
Q49298163,Kashari County,-0.46667,30.58333,1
Q49298164,Kasilo County,1.4872,33.25651,1
Q49298166,Kassanda County,0.53821,31.75475,1
Q49298167,Katikamu County,0.81274,32.47908,1
Q49298168,Kazo County,0.04156,30.79247,1
Q49298169,Kibale County,0.32871,30.54102,2
Q49298170,Kibanda County,2.01481,32.03573,1
Q49298171,Kiboga County,1.01142,31.76467,1
Q49298172,Kibuku County,1.05381,33.80131,1
Q49298173,Kigulu County,0.75,33.5,1
Q49298174,Kilak County,3.0,32.0,1
Q49298180,Kinkiizi County,-0.78828,29.73283,1
Q49298181,Kioga County,1.66667,32.75,1
Q49298183,Kitagwenda County,-0.00433,30.35687,1
Q49298185,Koboko County,3.5,31.0,1
Q49298186,Kole County,2.29329,32.76762,1
Q49298188,Kongasis County,1.3174,34.73571,1
Q49298189,Kooki County,-0.66696,31.28902,1
Q49298190,Kumi County,1.48002,33.9682,1
Q49298191,Kwania County,1.91667,32.75,1
Q49298192,Kween County,1.38707,34.57341,1
Q49298193,Kyadondo County,0.45246,32.57871,1
Q49298195,Kyaka County,0.5,31.0,1
Q49298197,Kyamuswa County,-0.62865,32.43274,1
Q49298198,Kyotera County,-0.65528,31.63627,1
Q49298199,Labwor County,2.66667,33.75,1
Q49298201,Lamwo County,3.5,32.66667,1
Q49298205,Luuka County,0.75,33.33333,1
Q49298210,Manjiya County,1.04398,34.40112,1
Q49298212,Maracha County,3.25,30.91667,1
Q49298213,Maruzi County,1.83333,32.41667,1
Q49298214,Masaka Municipality,-0.32574,31.73381,1
Q49298216,Masindi Municipality,1.68024,31.71314,1
Q49298218,Matheniko County,2.58333,34.5,1
Q49298220,Mawokota County,0.05055,32.10574,1
Q49298221,Mbale Municipality,1.08014,34.17613,1
Q49298222,Mbarara Municipality,-0.60865,30.65732,1
Q49298223,Mityana County,0.50549,32.06865,1
Q49298224,Moroto County,2.33333,33.3,1
Q49298225,Moroto Municipality,2.53299,34.65763,1
Q49298226,Mukono County,0.16483,32.7343,1
Q49298227,Mukono Municipality,0.37495,32.71286,1
Q49298229,Mwenge County,0.66667,30.66667,1
Q49298230,Nakaseke County,1.04872,32.16925,1
Q49298231,Nakifuma County,0.59128,32.84462,1
Q49298235,Ndorwa County,-1.25,30.0,1
Q49298236,Ngora County,1.48351,33.7403,1
Q49298241,Ntoroko County,1.01088,30.36329,1
Q49298242,Ntungamo Municipality,-0.87978,30.27168,1
Q49298244,Nwoya County,2.52747,31.84167,1
Q49298246,Nyabushozi County,-0.29447,30.89502,2
Q49298247,Obongi County,3.39299,31.55607,2
Q49298249,Okoro County,2.5,31.0,1
Q49298250,Omoro County,2.75,32.5,1
Q49298252,Otuke County,2.4781,33.36292,1
Q49298253,Oyam County,2.41667,32.58333,1
Q49298254,Padyere County,2.370555555,31.108055555,1
Q49298255,Pallisa County,1.16667,33.75,1
Q49298258,Pian County,2.0,34.5,1
Q49298259,Pokot County,1.80275,34.87667,1
Q49298263,Rubabo County,-0.92414,29.97084,1
Q49298264,Rubanda County,-1.16667,29.91667,1
Q49298265,Ruhaama County,-0.89085,30.39474,1
Q49298266,Ruhinda County,-0.60819,30.02006,1
Q49298267,Rukiga County,-1.08333,30.03333,1
Q49298269,Rukungiri Municipality,-0.78667,29.93202,1
Q49298270,Rushenyi County,-1.03523,30.17957,1
Q49298271,Rwampara County,-0.83333,30.41667,1
Q49298274,Samia-Bugwe County,0.41177,34.00541,1
Q49298278,Serere County,1.5,33.41667,1
Q49298280,Sheema County,-0.5949,30.31135,1
Q49298285,Soroti County,1.77563,33.59524,1
Q49298286,Soroti Municipality,1.72946,33.61568,1
Q49298288,Terego County,3.16667,31.16667,1
Q49298290,Tingey County,1.38487,34.40388,1
Q49298291,Toroma County,1.70585,34.03658,1
Q49298292,Tororo County,0.73583,34.24582,1
Q49298293,Tororo Municipality,0.6878,34.18237,1
Q49298298,Usuk County,1.98658,34.03864,1
Q49298300,Vurra County,2.86667,31.0,1
Q49298303,West Budama (Kisolo) County,0.72147,34.02306,1
Q49298304,West Moyo County,3.64175,31.77041,1
Q49318790,Lake Katwe,-0.133333333,29.866666666,5
Q49318792,Lake Kyaninga,0.700833333,30.2975,4
Q49325411,Agata-Akimenga,1.5,33.333333333,1
Q49325472,Atigo-Angutewere,1.85,33.2,1
Q49325474,Atiya,3.656666666,31.776944444,1
Q49325482,Ayugi Forest,3.037777777,31.821944444,1
Q49325516,Barituku,3.222222222,31.035,1
Q49325581,BetWadelai&Mahagi,2.51506,31.49849,1
Q49325606,Binze,0.18333,32.01667,1
Q49327989,Bugondo Hill,1.6,33.283333333,1
Q49327990,Buhungiro,0.483333333,30.933333333,1
Q49327992,Bukaibale,0.280555555,33.258333333,1
Q49327997,Bulopa-Nsese,0.216666666,33.283333333,1
Q49327998,Bunjazi,-0.3403,32.5284,1
Q49328008,Butamira,0.61667,33.23333,1
Q49328011,Buuka Forest,0.15,32.833333333,1
Q49328013,Byante Forest,-0.666666666,31.783333333,1
Q49328083,Chahi Forest,-0.6,30.75,1
Q49328097,Chelima Forest,-1.083333333,29.916666666,1
Q49328141,Chwi,1.6375,31.428055555,1
Q49328394,Echuya Central Forest Reserve,-1.3,29.833333333,4
Q49328429,Era,3.616666666,31.633333333,1
Q49329928,Got Gweno Forest Reserve,2.923333333,32.035555555,1
Q49330149,Ibambalo,0.6,30.866666666,1
Q49330153,Igwe,0.477777777,33.850833333,1
Q49330154,Ihimbo Forest,-0.666666666,29.833333333,1
Q49330160,Impenetrable Forest,-1.0,29.666666666,1
Q49330175,Itwara Forest,0.8125,30.558333333,1
Q49330177,Izeru,0.641111111,33.304166666,1
Q49330218,Jubiya Forest,-0.25,31.966666666,1
Q49330220,Junjubaire,1.765,31.348888888,1
Q49330230,Kachung,2.016666666,32.95,2
Q49330231,Kadam Forest Reserve,1.8,34.75,1
Q49330232,Kaduku,1.748888888,31.928333333,1
Q49330240,Kahurukobwire,1.3,31.4,1
Q49330242,Kaiso Forest,-0.966666666,31.533333333,1
Q49330244,Kajonde Forest,0.35,32.05,1
Q49330246,Kajunjo,0.95,31.1,1
Q49330248,Kalinzu Central Forest Reserve,-0.283333333,30.116666666,2
Q49330255,Kalua,3.369722222,31.138611111,1
Q49330257,Kamalinga Forest,2.083333333,34.266666666,1
Q49330264,Kanangalo,0.8,31.5,1
Q49330266,Kandanda,1.45,31.483333333,1
Q49330285,Kasa Forest,0.3,32.03333,1
Q49330287,Kasato-Nankalangi Forest,1.116666666,31.083333333,1
Q49330288,Kasenda,0.416666666,30.3,1
Q49330289,Kashoya-Kitomi,-0.25,30.25,1
Q49330297,Kaweri,0.583333333,31.4,1
Q49330317,Keyo Forest Reserve,2.814444444,32.166111111,1
Q49330328,Kibale Forest,0.561944444,30.648888888,1
Q49330330,Kibega,0.783333333,30.616666666,1
Q49330331,Kifu Forest,0.421111111,32.738333333,1
Q49330335,Kigona Forest,-0.733333333,31.733333333,1
Q49330342,Kinyange,-0.216666666,31.866666666,1
Q49330345,Kirala Forest,-0.616666666,31.783333333,1
Q49330353,Kitechura,0.7,30.9,1
Q49330354,Kitubulu Forest,0.083333333,32.483333333,1
Q49330396,Kuzito Forest,0.085833333,32.928333333,1
Q49330399,Kyabatwa,2.0175,31.711111111,1
Q49330400,Kyambogo,0.216666666,32.133333333,1
Q49330401,Kyekokoto Forest,0.28333,32.1,1
Q49330404,Kyerwa Forest,-0.3,32.116666666,1
Q49330440,Labwor Hills Forest,2.613611111,33.714722222,1
Q49330595,Lira Plantations,2.25,32.916666666,1
Q49330596,Liru,3.353888888,31.0275,1
Q49330630,Loro,2.283333333,32.516666666,1
Q49330637,Lotim and Pota,3.733333333,34.1,1
Q49330645,Lubanyi,0.63333,33.08333,1
Q49330660,Luvunya,0.431111111,33.856388888,1
Q49330661,Luzade,1.0,30.966666666,1
Q49330662,Lwamunda,0.31667,32.36667,1
Q49330671,Madi Opei,3.733333333,33.1,1
Q49330672,Mafuga Forest,-1.05,29.866666666,1
Q49330681,Malabigambo Forest,-0.951944444,31.640277777,1
Q49330763,Matete,3.16965,31.668,1
Q49330766,Matiri,0.55,30.833333333,1
Q49330781,Mbale Plantation,1.066666666,34.183333333,1
Q49330812,Mgahinga Forest,-1.383333333,29.633333333,1
Q49330960,Mount Elgon Central Forest Reserve,0.954166666,34.449166666,1
Q49330961,Mount Elgon Forest Reserve,1.25,34.5,1
Q49330964,Mount Kei,3.7,31.166666666,1
Q49330986,Mpologoma North,0.884444444,33.766111111,1
Q49330988,Mpologoma South,0.75,33.781111111,1
Q49331000,Mujuzi Forest,-0.583333333,31.783333333,1
Q49331003,Mukihani,1.533333333,31.383333333,1
Q49331005,Mulabe,0.298055555,33.370555555,1
Q49331012,Musamya Forest,0.28333,32.0,1
Q49331015,Musoli Forest,0.05,32.416666666,1
Q49331017,Muwawu Forest,-0.5,31.816666666,1
Q49331237,Nakalongo,0.833333333,31.133333333,1
Q49331239,Nakigesi Forest,0.833333333,30.866666666,1
Q49331240,Nakiza Forest,0.129722222,32.976388888,1
Q49331245,Namalala Forest,-0.883333333,31.666666666,1
Q49331247,Namavundu,0.55,33.1,1
Q49331253,Namukupa Forest,0.6,32.966666666,1
Q49331257,Napono Forest,2.9,33.583333333,1
Q49331264,Natonko Forest,0.228611111,32.859722222,1
Q49331267,Nawandigi,0.16667,32.15,1
Q49331293,Nile Bank,0.63333,33.05,1
Q49331298,Nkera,0.65,30.716666666,1
Q49331299,Nkongwe Forest,0.135833333,32.908888888,1
Q49331315,North Ruwenzori,0.807777777,30.2125,1
Q49331338,Ntali,0.866666666,30.75,1
Q49331339,Nyabigungu,0.9,30.683333333,1
Q49331364,Ogom,2.983333333,32.616666666,1
Q49331375,Olubu,3.461944444,31.008611111,1
Q49331383,Opaka Forest Reserve,2.675,32.315833333,1
Q49331386,Opit Forest Reserve,2.611388888,32.501666666,1
Q49331407,Otrevu,3.194722222,31.118333333,1
Q49331410,Otukei,2.516666666,33.55,1
Q49331414,Otzi,3.633333333,31.766666666,1
Q49331415,Mount Otzi Central Forest Reserve,3.685,31.903333333,2
Q49331524,Pigire,1.45,33.416666666,1
Q49332188,Rwenzori Forest Reserve,0.416666666,30.0,1
Q49332233,Sala,1.0,33.8,1
Q49332332,Semliki,0.816666666,30.066666666,1
Q49332340,Sezibwa Forest,0.433333333,32.85,1
Q49332395,Sitambogo,0.516666666,33.9,1
Q49332573,Telwa,2.233333333,32.833333333,1
Q49332581,Tero Forest,-0.833333333,31.666666666,1
Q49332636,Timu Forest,3.621111111,34.307777777,2
Q49332665,Towa Forest,0.333333333,32.233333333,1
Q49332688,Tumbi,0.43333,32.28333,1
Q49332745,Wabinyomo,0.21667,32.1,1
Q49332808,Walulumbu,0.461944444,33.308611111,1
Q49332809,Wamango,0.333333333,32.266666666,1
Q49332811,Wambabya,1.433333333,31.133333333,1
Q49355794,Kajansi,0.215555555,32.534444444,1
Q49358462,Ntungamo,-0.883333333,29.65,1
Q49358505,Nyachera,-0.9,30.416666666,1
Q49359770,Pader Palwo,2.800555555,33.135,1
Q49374233,Buda Bay,-0.516666666,32.166666666,1
Q49374248,Buhuka South Bay,1.2,30.716666666,1
Q49374340,Bumangi Bay,-0.3,32.2,1
Q49374343,Bunjako Bay,-0.066666666,32.1,1
Q49374386,Busi Bay,0.03333,32.38333,1
Q49374412,Buwuka Bay,0.155,32.874722222,1
Q49374414,Buyaga Bay,-0.616666666,31.8,1
Q49374423,Bwembe Bay,0.181111111,33.510555555,1
Q49377054,Entebbe Bay,0.06667,32.48333,1
Q49377211,Feilding Bay,0.464166666,33.280555555,1
Q49378065,Gobero Bay,0.157777777,32.701666666,1
Q49378359,Grant Bay,0.23,33.087777777,1
Q49378977,Hannington Bay,0.303611111,33.436388888,1
Q49380213,Idokwe Bay,0.311111111,33.733888888,1
Q49380220,Igalalo Bay,0.213333333,33.453333333,1
Q49381094,Kamugalula,-0.233333333,32.033333333,1
Q49381136,Kanyomozi Bay,0.350555555,33.345555555,1
Q49381586,Kibanga Bay,0.106388888,33.325277777,1
Q49381724,Kinyu,-0.266666666,32.083333333,1
Q49381763,Kisubi Bay,0.098611111,32.56,1
Q49381998,Kopine Bay,1.68333,33.23333,1
Q49383948,Lugambo Bay,0.209722222,33.789166666,1
Q49384032,Macdonald Bay,0.282777777,33.665555555,1
Q49384305,Manga Bay,0.265,33.203888888,1
Q49385880,Murchison Bay,0.116666666,32.616666666,1
Q49386086,Namirembe,-0.45,32.45,1
Q49386134,Napoleon Gulf,0.409166666,33.252777777,1
Q49386472,Nkandaga Bay,-0.433333333,32.466666666,1
Q49386822,Nsonga Bay,0.0,32.33333,1
Q49386859,Nyimu Bay,0.108333333,32.888611111,1
Q49387989,Pilkington Bay,0.291388888,33.328888888,1
Q49388859,Pringle Bay,0.186111111,33.809166666,1
Q49391062,Sango Bay,-0.85,31.7,1
Q49391613,Senyi Bay,0.148333333,33.051666666,1
Q49392094,Sinze Bay,0.129166666,33.304166666,1
Q49393639,Tende Bay,0.054444444,32.5425,1
Q49393853,Thruston Bay,0.416666666,33.333333333,1
Q49393986,Tome Bay,0.213611111,33.236666666,1
Q49393988,Tomi Bay,-0.4,32.2,1
Q49394618,Vumba Bay,0.118333333,33.282777777,1
Q49394694,Walya Bay,0.06917,32.42639,1
Q49394831,Wazimenya Bay,0.204444444,32.6625,1
Q49394885,Wera Bay,0.132777777,32.887777777,1
Q49395199,Williams Bay,-0.35,32.2,1
Q49395591,Zinga Bay,0.0,32.21667,1
Q4940747,Bombo,0.57777778,32.545,10
Q4941427,Bondo,2.78333333,30.96666667,2
Q49460634,Aber,2.22918,32.34903,1
Q49460645,Acaba,2.34532,32.46534,1
Q49460651,Acholi-Bur Sub-County,3.12276,32.88089,1
Q49460656,Adekokwok,2.23961,32.95589,1
Q49460662,Adwari,2.54344,33.27116,1
Q49460670,Agoro,3.76577,33.00105,1
Q49460700,Akura,2.32354,33.13768,1
Q49460701,Akwang Sub-County,3.31613,32.80841,1
Q49460704,Akworo,2.30018,31.24958,1
Q49460717,Alero,2.64023,31.47939,1
Q49460733,Amach,2.12056,33.00774,1
Q49460741,Amuru,2.87532,31.45482,1
Q49460742,Anaka,2.51986,31.95305,1
Q49460757,Angagura Sub-County,3.01322,32.61465,1
Q49460796,Apac,2.01613,32.48372,1
Q49460843,Aromo,2.57474,32.8553,1
Q49460893,Atanga Sub-County,2.93066,32.73645,1
Q49460897,Atiak,3.28757,32.14977,1
Q49460949,Awach,2.97323,32.4234,1
Q49460954,Ayer Sub-County,2.2764,32.7424,1
Q49461062,Barr,2.23172,33.0455,1
Q49461199,Birere Sub-County,-0.74113,30.68645,1
Q49461231,Bobi,2.49233,32.40305,1
Q49461416,Bubandi,0.6642,29.9761,1
Q49461418,Bubare,-1.21859,29.91855,1
Q49461423,Bufundi Sub-County,-1.32235,29.88217,1
Q49461424,Bufunju,0.66667,30.85,1
Q49461427,Buginyanya,1.2755,34.35279,1
Q49461430,Buhanika Sub-County,1.3659,31.4417,1
Q49461432,Buhunga Sub-County,-0.7552,29.986,1
Q49461433,Bukanga Sub-County,0.7157,33.3678,1
Q49461435,Bukhalu,1.30813,34.26482,1
Q49461438,Buliisa,2.00944,31.41604,1
Q49461439,Buluguyu,0.59121,33.89743,1
Q49461441,Bumanya,1.00562,33.48207,1
Q49461442,Bumbaire Sub-County,-0.59927,30.18439,1
Q49461450,Burunga,0.11642,30.95938,1
Q49461451,Busaba Sub-County,0.8636,33.8494,1
Q49461452,Buseruka,1.5473,31.13094,1
Q49461454,Busoba Sub-County,0.9766,34.1669,1
Q49461464,Butaleja Town Council,0.91987,33.94719,1
Q49461465,Butemba,1.07645,31.57389,1
Q49461466,Butemba Town Council,1.17656,31.61601,1
Q49461467,Butiiti,0.65113,30.5564,1
Q49461468,Butoloogo Sub-County,0.7947,31.5329,1
Q49461470,Butunduuzi Town Council,0.52908,30.84598,1
Q49461471,Buwunga,0.55205,33.67842,1
Q49461473,Buyobo Sub-County,1.1622,34.29698,1
Q49461478,Bwambara Sub-County,-0.51595,29.825,1
Q49461629,Cegere,2.04323,32.41611,1
Q49461633,Central Division,0.42159,33.21394,1
Q49461780,Chema,1.34237,34.42069,1
Q49462248,Dufile subcounty,3.58567,31.8876,1
Q49462267,Endinzi Sub-County,-0.85453,31.15997,1
Q49462464,Galiraya Sub-County,1.3103,32.8184,1
Q49462706,Hamurwa Sub-County,-1.1162,29.9156,1
Q49462714,Hapuyo Sub-County,0.61254,31.06981,1
Q49462717,Harugali,0.70861,30.04,1
Q49462782,Himutu,0.9181,34.07025,1
Q49462881,Ibuje,2.00927,32.39908,1
Q49462882,Ibulanku Sub-county,0.60552,33.59641,1
Q49462904,Ishongororo Sub-County,0.01227,30.52471,1
Q49462916,Iyolwa,0.61812,33.95789,1
Q49463044,Kaato Sub-County,0.99077,34.34741,1
Q49463045,Kabeywa,1.30794,34.38735,1
Q49463047,Kabweri,1.04455,33.89925,1
Q49463048,Kagango Sub-County,-0.63725,30.40277,1
Q49463050,Kakitekile,2.55862,34.70856,1
Q49463053,Kalongo Sub-County,1.18864,32.7215,1
Q49463054,Kamwenge Town Council Sub-County,0.19056,30.45373,1
Q49463056,Kanaba,-1.28118,29.77119,1
Q49463059,Kanyaryeru Sub-County,-0.54557,30.83769,1
Q49463060,Kapyanga,0.55712,33.78445,1
Q49463062,Karita,1.57494,34.82758,1
Q49463063,Kasilo Town Council,1.56505,33.37065,1
Q49463065,Kasodo,1.14073,33.64677,1
Q49463067,Kassanda,0.54287,31.79619,1
Q49463069,Kateta Sub-County,1.407,33.513,1
Q49463071,Katoke Town Council,0.75381,30.72552,1
Q49463072,Katwe/Butego Division,-0.33213,31.74038,1
Q49463074,Kawempe,0.36773,32.57438,1
Q49463075,Kebisoni Sub-County,-0.837,30.023,1
Q49463080,Kenshunga,-0.17712,30.78666,1
Q49463098,Kibiito Town Council,0.47162,30.1981,1
Q49463100,Kigaraale,0.44002,30.59303,1
Q49463101,Kikatsi Sub-County,-0.36248,30.83666,1
Q49463104,Kikyenkye,-0.17584,30.55779,1
Q49463105,Kisoko,0.74018,34.10791,1
Q49463107,Kisomoro,0.50397,30.19269,1
Q49463109,Kitanda,-0.08213,31.5754,1
Q49463111,Kitgum Matidi Sub-County,3.28659,33.01251,1
Q49463112,Kitgum Town Council,3.29813,32.8906,1
Q49463114,Kkome Islands Sub-County,-0.09157,32.74957,1
Q49463118,Koch,3.57921,31.46896,1
Q49463121,Kucwiny,2.46562,31.24752,1
Q49463122,Kumi County,1.58229,33.90724,1
Q49463129,Kyabugimbi Sub-County,-0.473,30.269,1
Q49463131,Kyalulangira Sub-County,-0.78676,31.2627,1
Q49463134,Kyankwanzi,1.19479,31.78521,1
Q49463136,Kyarusozi,0.83547,30.56481,1
Q49463137,Kyarusozi Town Council,0.72184,30.58129,1
Q49463139,Kyesiiga,-0.67643,31.85449,1
Q49463344,Labongo-Amida Sub-County,3.24464,32.8906,1
Q49463346,Labongo-Layamo Sub-County,3.36768,32.91929,1
Q49463360,Lagoro Sub-County,3.19705,33.0752,1
Q49463363,Laguti Sub-County,3.06488,32.77341,1
Q49463376,Lamogi,2.86384,32.12814,1
Q49463382,Lamwo Parish,3.5791,32.71248,1
Q49463454,Lapul Sub-County,2.92191,32.89694,1
Q49463478,Latanya Sub-County,3.0926,33.02095,1
Q49463816,Lokung,3.65759,32.70307,1
Q49463875,Loregae,1.71921,34.39844,1
Q49463879,Loro,2.20975,32.4887,1
Q49463932,Lukole,2.85068,33.2843,1
Q49463957,Luwero Sub-County,0.81245,32.48129,1
Q49463990,Madi-Opei Sub-County,3.63724,33.17768,1
Q49464011,Makuutu Sub-county,0.49618,33.59815,1
Q49464020,Maliba,0.35839,30.03481,1
Q49464035,Manibe,3.07176,30.95093,1
Q49464066,Masha Sub-County,-0.66873,30.76987,1
Q49464189,Minakulu,2.4388,32.38186,1
Q49464370,Mpeefu,1.05131,30.69581,1
Q49464371,Mpungu Sub-County,-0.9977,29.7,1
Q49464372,Muchwini Sub-County,3.43316,33.09076,1
Q49464374,Muduma Sub-County,0.3407,32.30083,1
Q49464377,Mugiti,1.09852,34.10491,1
Q49464382,Muko Sub-County,-1.20154,29.83123,1
Q49464397,Myene,2.38199,32.30408,1
Q49464408,Nabukalu,0.67355,33.7333,1
Q49464410,Nadunget,2.4643,34.63921,1
Q49464414,Nakawa,0.33957,32.62627,1
Q49464415,Namayumba Sub-County,0.4852,32.2543,1
Q49464452,Nebbi,2.44125,31.07076,1
Q49464461,Ngai,2.45934,32.47478,1
Q49464462,Ngarama Sub-County,-0.89973,30.8313,1
Q49464463,Ngariam,1.88939,34.13284,1
Q49464464,Ngora subcounty,1.5,33.75,1
Q49464465,Ngora Town Council,1.45989,33.78689,1
Q49464474,Nkoma,0.27243,30.64717,1
Q49464506,Nsambya,1.24341,31.49825,1
Q49464507,Ntungamo Sub-County,-0.8863,30.22888,1
Q49464508,Ntwetwe,0.91307,31.61295,1
Q49464513,Nyakabande,-1.25518,29.72838,1
Q49464514,Nyakagyeme Sub-County,-0.7969,29.87385,1
Q49464516,Nyakwae,2.57039,33.9004,1
Q49464517,Nyaravur,2.43217,31.22675,1
Q49464518,Nyendo/Senyange Division,-0.33369,31.75758,1
Q49464526,Odek,2.67831,32.66785,1
Q49464527,Offaka,2.60222,31.07402,1
Q49464529,Ogalai,2.05339,33.5032,1
Q49464532,Ogili Sub-County,3.49063,32.37967,1
Q49464534,Ogoko,2.90251,31.21616,1
Q49464536,Ojwina,2.25,32.889,1
Q49464548,Omiya Pachua,3.25,33.36667,1
Q49464551,Ongako Sub-County,2.6955,32.2239,1
Q49464566,Orungo,2.01496,33.43956,1
Q49464588,Pabbo,3.07915,32.07905,1
Q49464591,Pader Town Council Sub-County,2.8772,33.0906,1
Q49464592,Padibe East Sub-County,3.50342,32.85255,1
Q49464594,Padibe West,3.44755,32.77472,1
Q49464597,Paicho Sub-County,2.86837,32.48176,1
Q49464598,Paidha,2.45833,31.01106,1
Q49464605,Pajule Sub-County,2.98999,33.0297,1
Q49464606,Pajulu,3.00366,30.87365,1
Q49464607,Pakwach Town,2.46724,31.4832,1
Q49464608,Palabek Gem,3.37,32.63997,1
Q49464609,Palabek-Kal Sub-County,3.55724,32.55252,1
Q49464611,Palaro,3.13332,32.36006,1
Q49464616,Paloga Sub-County,3.57458,32.94037,1
Q49464633,Panyango,2.5345,31.42605,1
Q49464635,Panyimur,2.32224,31.33349,3
Q49464654,Pawach Parish,2.38883,31.4209,1
Q49465108,Rhino Camp,2.97295,31.28571,1
Q49465181,Rubaya,-0.45557,30.6753,1
Q49465185,Rugando,-0.66176,30.48838,1
Q49465186,Rugyeyo Sub-County,-0.8876,29.8349,1
Q49465187,Ruhaama Sub-County,-1.0,30.389,1
Q49465188,Rukiri Sub-County,-0.23,30.4296,2
Q49465189,Rumogi Sub-County,3.5,31.4124,1
Q49465191,Rupa,2.7325,34.61311,1
Q49465194,Rwemikoma Sub-County,0.026,30.868,1
Q49466007,Sanga,-0.60779,30.90806,1
Q49466370,Tapac,2.42382,34.84245,1
Q49466684,Wadelai,2.6406,31.35469,1
Q49466691,Wanale Sub-county,1.05394,34.24026,1
Q49509094,Kabalega Falls National Park,2.16,31.759166666,1
Q495475,Murchison Falls,2.278333333,31.685555555,35
Q49598908,Narongole Plain,2.1,34.566666666,1
Q49627751,Isimba Hydropower Project,0.825,33.03,1
Q49631410,Agirigiryoi Island,1.516666666,34.216666666,2
Q49631506,Akika Island,-0.05,30.166666666,2
Q49631708,Amusiata Island,1.516666666,34.2,2
Q49631835,Anyi Island,3.507777777,31.7225,2
Q49632196,Baga Island,-0.083333333,33.366666666,2
Q49632203,Bagwe Island,0.366666666,31.916666666,2
Q49632316,Banda Island,-0.256,32.399,2
Q49634004,Bu Island,0.001111111,32.938611111,2
Q49634012,Bubeke Island,-0.325,32.591666666,2
Q49634053,Bufumira Island,-0.35,32.39,2
Q49634060,Bugaba Island,-0.378611111,32.346944444,2
Q49634062,Bugana Island,1.183333333,33.816666666,2
Q49634074,Bulga Island,0.001111111,32.179444444,2
Q49634075,Buiga Island,0.091666666,32.330833333,2
Q49634076,Bukasa Island,-0.433333333,32.5,2
Q49634105,Bukone Island,-0.233333333,32.333333333,2
Q49634111,Bukwaya Island,0.165277777,33.158333333,2
Q49634112,Bulago Island,-0.064166666,32.583611111,2
Q49634115,Bulinguge Island,0.223888888,32.630555555,2
Q49634144,Bunjako Island,0.002777777,32.134444444,2
Q49634146,Bunjazi Island,-0.35,32.53,2
Q49634151,Bunyama Island,-0.392222222,32.306666666,2
Q49634235,Bussi Island,0.049166666,32.326666666,2
Q49634240,Busungwe Island,-0.95,31.783333333,2
Q49634268,Buturume Island,-0.57,32.23,2
Q49634272,Buvu Island,-0.182,32.275,2
Q49634279,Buyange Island,-0.358,32.571,2
Q49634280,Buyovu Island,-0.36,32.46,2
Q49634283,Buziranjovu Island,0.281111111,32.728055555,2
Q49634285,Buziri Island,0.144722222,33.168333333,2
Q49634345,Bwema Island,0.098888888,33.098055555,2
Q49634347,Bwigi Island,-0.483333333,32.333333333,2
Q49636176,Dagusi Island,0.135555555,33.575,2
Q49636648,Dinzira Island,-0.466666666,32.383333333,2
Q49637143,Duweru Island,-0.333333333,33.066666666,2
Q49637146,Dwanga Mukulu Island,-0.083333333,32.816666666,2
Q49637147,Dwanga Muto Island,-0.05,32.816666666,2
Q49637149,Dwasendwe Island,-0.05,32.816666666,2
Q49637151,Dyabalume Island,0.097222222,32.861944444,2
Q49638622,Funve Island,-0.478611111,32.285833333,2
Q49641911,Ikunyu Island,0.356944444,33.355833333,2
Q49642545,Iramba Island,-0.116666666,33.216666666,2
Q49642546,Irangara Island,0.05,30.133333333,2
Q49642574,Isamba Island,-0.133333333,33.216666666,2
Q49644155,Izinga Island,0.079444444,33.268611111,2
Q49644157,Izinga Island,-0.166666666,29.866666666,2
Q49644276,Jana Island,-0.227,32.574,2
Q49644901,Kabaganja Island,0.323333333,33.457777777,2
Q49644905,Kabale Island,-0.266666666,32.433333333,2
Q49644909,Kabazimu Island,-0.166666666,29.866666666,2
Q49644987,Kagulumu Island,0.9,32.15,2
Q49645008,Kaina Island,-0.15,33.9,2
Q49645020,Kaivali Island,0.401388888,33.276388888,2
Q49645068,Kalambide Island,-0.466666666,32.316666666,2
Q49645252,Kamuge Island,1.533333333,34.216666666,2
Q49645254,Kamukulu Island,-0.49,32.495,2
Q49645255,Kamutenga Island,-0.042,32.231,2
Q49645319,Kankuranga Island,0.0,30.15,2
Q49645489,Kaserwa Island,-0.593,32.277,2
Q49645537,Katanga Island,-0.592,32.206,2
Q49645606,Kaweri Island,1.635,33.241944444,2
Q49645628,Kayanja Island,-0.218888888,32.344444444,2
Q49645636,Kaza Island,0.109444444,33.601111111,2
Q49645782,Kerenge Island,0.063611111,33.005833333,2
Q49645851,Kibibi Island,0.0975,33.037777777,2
Q49645853,Kibibi North Island,-0.228,32.302,2
Q49645854,Kibibi South Island,-0.383333333,32.2,2
Q49645970,Kimi Island,-0.083333333,32.65,2
Q49646029,Kinoni Island,-0.683333333,31.3,2
Q49646041,Kiraza Island,0.35,31.933333333,2
Q49646048,Kiregi Island,0.101666666,33.474444444,2
Q49646072,Kirugu Island,-0.645,32.308,2
Q49646087,Kisima Island,-0.033333333,32.633333333,2
Q49646106,Kisozi Island,-0.683333333,31.266666666,2
Q49646123,Kitako Island,-0.15,29.9,2
Q49646140,Kitobo Island,-0.257,32.439,2
Q49646155,Kiwa Island,0.047777777,33.042777777,2
Q49648508,Komogwe Island,-0.2,33.9,2
Q49649367,Kuiye Island,-0.632,32.356,2
Q49650268,Lambu Island,-0.316666666,32.033333333,2
Q49651020,Lebu Island,-0.25,33.083333333,2
Q49651778,Limaiba Island,-0.323,32.48,2
Q49651953,Linga Island,-0.588,32.195,2
Q49651961,Lingira Island,0.318333333,33.346111111,3
Q49653998,Lolui Island,-0.096944444,33.693055555,2
Q49655197,Lufu Island,0.206111111,33.416388888,2
Q49655210,Lujabwa Island,-0.692,32.183,2
Q49655215,Lukalu Island,0.045277777,33.007222222,2
Q49655220,Luke Island,-0.181,32.304,2
Q49655226,Lukiusa Island,-0.711,32.317,2
Q49655234,Lula Island,-0.666,32.321,2
Q49655240,Lulamba Island,-0.197,32.323,2
Q49655313,Lumva Island,-0.233333333,32.216666666,2
Q49655352,Lunfuwa Island,-0.116666666,32.7,2
Q49655377,Luntwa Island,-0.283333333,32.066666666,2
Q49655407,Luserera Island,-0.45,32.466666666,2
Q49655424,Luvangu Island,0.176111111,33.699444444,2
Q49655429,Luvia Island,0.046111111,33.474722222,2
Q49655434,Luwungulu Island,-0.416666666,32.166666666,2
Q49655435,Lwabalega Island,-0.5,32.2,2
Q49655439,Lwabana Island,-0.316666666,32.05,2
Q49655446,Lwaji Island,0.01,32.92,2
Q49655449,Lwantete Island,-0.25,32.466666666,2
Q49655456,Lyabana Island,-0.2,33.166666666,2
Q49656177,Makalugi Island,0.072222222,33.472777777,2
Q49656266,Makusu Island,0.151388888,32.634166666,1
Q49656982,Marija Island,0.07,33.0875,2
Q49657365,Masiwa Island,-0.033333333,33.616666666,2
Q49657646,Maungwe Island,-0.016666666,32.866666666,2
Q49657667,Mavi Island,0.171944444,33.3275,2
Q49657674,Mawe Island,-0.55,32.25,2
Q49657708,Mayinja Island,0.141666666,32.605555555,2
Q49657836,Mbirubuziba Island,0.033055555,32.588333333,2
Q49657837,Mbive Island,-0.6,32.25,2
Q49657865,Mbulamwalo Island,-0.1,33.233333333,2
Q49659072,Mkovu Island,-0.533333333,32.283333333,2
Q49660406,Mpande Island,-0.066666666,33.15,2
Q49660413,Mpata Island,0.1225,33.139722222,2
Q49660417,Mpuga Island,0.211388888,33.186666666,2
Q49660422,Mpugwe Island,-0.39,32.42,2
Q49660630,Mukalanga Island,-0.483333333,32.233333333,2
Q49660739,Munene Island,-0.15,33.75,2
Q49660877,Musene Island,0.118333333,33.500277777,2
Q49661012,Mwama Island,-0.05,33.15,2
Q49661021,Mwana Island,-0.734,32.268,2
Q49661029,Mweza Island,-0.366666666,32.066666666,2
Q49661468,Nainaivi Island,0.050277777,33.6075,2
Q49661618,Namalusu Island,0.270833333,32.656944444,2
Q49661619,Namama Island,-0.266666666,32.066666666,2
Q49661624,Namaranda Island,1.316666666,33.45,2
Q49661635,Namasajeri Island,1.316666666,33.366666666,2
Q49661638,Nambewa Island,0.098055555,33.889166666,2
Q49661642,Nambuga Island,0.145277777,33.531944444,2
Q49661655,Namite Island,0.083333333,33.491666666,2
Q49661660,Namubega Island,-0.316666666,32.133333333,2
Q49661664,Namuremuka Island,1.495277777,33.077222222,2
Q49662622,Nfo Island,0.001666666,32.434166666,2
Q49662630,Ngabo Island,-0.533333333,32.283333333,2
Q49662670,Ngamba Island,-0.1,32.65,2
Q49663346,Nkata Island,-0.05,33.183333333,2
Q49663349,Nkese Island,-0.324,32.722,2
Q49663359,Nkose Island,-0.727,32.302,2
Q49663360,Nkusa Island,-0.45,32.35,2
Q49663361,Nkusa Island,0.026666666,32.763611111,2
Q49663363,Nkusa Island,0.016666666,32.35,2
Q49664412,Nsadzi Island,-0.083333333,32.6,2
Q49664416,Nsenyi Island,0.174444444,32.582777777,2
Q49664420,Nsimba Island,-0.033333333,33.183333333,2
Q49664426,Nsinga Island,-0.05,33.25,2
Q49664430,Nsirwe Island,-0.25,32.5,2
Q49664433,Nsonga Island,-0.016666666,32.35,2
Q49664438,Ntimba Island,1.4,32.75,2
Q49664967,Nvuza Island,0.140555555,33.342777777,2
Q49665022,Nyenda Island,0.196666666,33.171388888,2
Q49665049,Nziribanje Island,0.071666666,32.643333333,2
Q49665631,Okiji Island,1.628333333,33.157777777,2
Q49674061,Ramafuta Island,0.354444444,33.260555555,2
Q49676722,Sagitu Island,-0.001944444,33.667777777,2
Q49677086,Sali Island,-0.083,32.192,2
Q49677327,Samoka Island,0.433888888,33.256111111,2
Q49741881,Amar,3.358333333,31.927777777,1
Q49743486,Lopederu,2.35721,34.59329,1
Q4982294,Bubembe Island,-0.45,32.34,5
Q4984009,Budadiri,1.17,34.335,3
Q4984755,Buddo hill,0.25611111,32.48611111,2
Q4985181,Bududa,1.01,34.33166667,5
Q4986092,Bugabula,1.083333333,33.133333333,1
Q4986096,Bugaia Island,0.033333333,33.25,4
Q4986119,Bugala Power Station,-0.31,32.215,1
Q4986126,Bugamba,-0.733333,30.5167,3
Q4986155,Bugema University,0.56957898,32.641820361,7
Q4986157,Bugembe,0.4675,33.24166667,8
Q4986200,Bugisu sub-region,1.2,34.4,3
Q4986229,Bugoloobi,0.31,32.625,1
Q4986232,Bugoye Power Station,0.3053638,30.0978997,2
Q4986333,Buhweju,-0.35,30.3,3
Q4986374,Buikwe,0.34416667,33.03,10
Q4986717,Bujagali Hydroelectric Power Station,0.4975,33.14,7
Q4986802,Bukakata,-0.29514,31.95719,4
Q4986830,Bukedea,1.3475,34.04444444,10
Q4986998,Bukomansimbi,-0.165,31.65,8
Q4987003,Bukoto,0.35305556,32.6,2
Q4987159,Bukwa,1.3,34.75,6
Q4987203,Bulambuli,1.37,34.15,3
Q4987220,Bulange,0.30972222,32.55833333,5
Q4996412,Buliisa,2.175,31.4,8
Q4996443,Bulindo,0.425,32.64583333,3
Q4996445,Bulingugwe Island,0.22361111,32.63,1
Q4997413,Bunagana,-1.3,29.6,2
Q4997417,Bunamwaya Stadium,0.39611111,32.46944444,6
Q4997973,Bunyaruguru,-0.5,30.0,1
Q4997984,Bunyoro sub-region,0.55,30.75,1
Q500107,Fort Portal,0.656388888,30.279722222,32
Q500111,Arua,3.03,30.91,30
Q500115,Uganda Railway,-1.2983,36.8704,19
Q5001325,Busega,0.31,32.52,3
Q5001329,Busembatya,0.775,33.625,7
Q5001332,Kabalega Hydroelectric Power Station,1.5580668,31.1047384,3
Q500162,Kitgum District,3.5,33.0,22
Q5001975,Busitema,0.55188,34.02234,5
Q5001978,Busitema University,0.545,34.025,8
Q5002003,Busobya,0.808055555,33.209444444,2
Q5002004,Busoga College,0.498611,33.2633,1
Q5002005,Busoga sub-region,0.55,30.75,1
Q5002008,Busolwe,0.84916667,33.92694444,8
Q5002334,Butabika,0.32,32.6575,1
Q5002335,Butabika Hospital,0.315,32.656111,3
Q5002346,Butaleja,0.925,33.945,7
Q5002521,Butiaba,1.81,31.32611111,7
Q5003218,Buvuma Island,0.216667,33.2667,8
Q5003228,Buwenge,0.65,33.17111111,8
Q5003357,Buyende,1.18,33.15,6
Q5003660,Bwaise,0.35,32.56111111,2
Q5003662,Bwamiramira,0.7825,31.0375,4
Q5003681,Bweyogerere,0.36694444,32.66694444,4
Q5003685,Bwindi Community Hospital,-0.968611111,29.616944444,1
Q5003686,Bwindi Impenetrable Forest,-1.052,29.62,10
Q5003690,Bwizibwera,-0.592,30.629,3
Q500397,Bwindi Impenetrable National Park,-1.05,29.71666667,47
Q5013933,CRO FC,1.0775212,34.1789779,1
Q5014715,CURE Children's Hospital of Uganda,1.074722,34.171944,2
Q501709,Jinja,0.4353036,33.2055568,55
Q502341,North,9.320555555,13.395555555,44
Q5055032,Cavendish University Uganda,0.301112,32.593334,4
Q5059068,Centenary Bank Uganda,0.31444444,32.57805556,3
Q51079104,National Environment Management Authority of Uganda,0.314138888,32.59,1
Q511779,Mount Sabyinyo,-1.4,29.6,28
Q514030,Mbarara University of Science and Technology,-0.616832,30.656801,13
Q5158982,Islamic University in Uganda,1.09305556,34.17694444,14
Q51683036,Wabigalo–Nakasongola–Sasira Road,1.315,32.440555555,1
Q5204903,DFCU House,0.326668,32.582223,1
Q523823,Lendu,2.4882,30.8499,9
Q525954,Kisoro,-1.35,29.7,21
Q5270937,Diamond Trust Bank (Uganda) Limited,0.31305556,32.58361111,1
Q5288769,Dokolo,1.635,32.825,8
Q530084,Queen Elizabeth National Park,-0.137222222,30.041111111,33
Q5312410,Dufile,3.563888888,31.923611111,3
Q5338321,Ediofe Hills FC,3.0303,30.9073,1
Q534203,Kyankwanzi District,1.2,31.8,21
Q5357806,Electricity Regulatory Authority,0.322222,32.5869,3
Q5368395,Kyenjojo,0.61,30.644167,10
Q5380121,Entebbe-Kampala Highway,0.178,32.495,1
Q538636,Ankole,-0.613333,30.658333,26
Q5430506,Fairland University,0.44,33.3275,2
Q544320,Kitgum,3.288888888,32.877777777,15
Q5471796,Baker's Fort,3.015834,32.317625,3
Q5471866,Fort Portal Hospital,0.655,30.281944,1
Q5471875,Fort Portal Airport,0.7075,30.248888888,7
Q5505,Lake Victoria,-1.0,33.0,161
Q55074874,Restoration Gateway Hospital,2.22361111,32.2875,1
Q55075072,Mbarara Regional Cancer Centre,-0.6175,30.65472,1
Q55075074,Arua Regional Cancer Centre,3.018345,30.913889,1
Q55075075,Simba Cement Uganda Limited,0.73472222,34.18388889,3
Q5518596,Galilaya,1.37,32.815,3
Q5528731,Gayaza,0.449167,32.6117,3
Q5528732,Gayaza-Ziroobwe Road,0.58833333,32.65277778,1
Q5528733,Gayaza High School,0.457476093,32.610717595,4
Q55392271,City House Jinja,0.4225,33.20861111,1
Q55394577,Moroto Ateker Cement Company Limited,2.53222222,34.63666667,1
Q55528297,Acholi,3.8,32.55,1
Q55528389,Acwa Lolim Game Reserve,2.8075,31.480833333,1
Q55530611,Ajai Game Reserve,2.836111111,31.278055555,1
Q5555124,Ggaba,0.2625,32.62944444,4
Q55576870,Bugungu Hippopotamus and Elephant Sanctuary,1.949444444,31.5475,1
Q55577756,Bwizibwera,1.645555555,31.375833333,2
Q5558471,Victoria Basin forest-savanna mosaic,0.704284,32.090594,7
Q55603136,Achwa 1 Hydroelectric Power Station,3.1293355,32.5144224,3
Q55605431,Bihanga,0.07777778,30.60972222,2
Q55606095,Bugoloobi Wastewater Treatment Plant,0.318333333,32.6075,3
Q55613708,High Court of Uganda,0.315833,32.579444,2
Q55614362,Imvepi Refugee Settlement,3.2452,31.2841,1
Q55614506,Insurance Towers,0.31805556,32.57861111,1
Q55614546,International Specialized Hospital of Uganda,0.23,32.56833333,1
Q55614712,Itega,-0.61283333,30.25991667,2
Q55615747,Katosi Water Works,0.117222222,32.776944444,6
Q55615969,Kiba Hydroelectric Power Station,2.370555555,31.832777777,2
Q55615979,Kijabijo,0.51222222,32.36638889,1
Q55616054,Busoga United Football Club,0.4479,33.2026,3
Q55622580,Mbiriizi,-0.4,31.41666667,2
Q55624741,National Environment Management Authority of Uganda,0.31416667,32.59,2
Q55625253,Nile University of Uganda,3.06972222,30.9375,4
Q55627163,Nyumanzi Refugee Settlement,3.4686,31.9423,1
Q55627921,Oruchinga Refugee Settlement,-0.9273,30.7521,2
Q55628478,Palorinya Refugee Settlement,3.4774,31.6121,1
Q55634969,Terrewode Women’s Community Hospital,1.75916667,33.58694444,2
Q55636454,Uganda National Records Centre and Archives,0.33222222,32.57833333,2
Q55642404,Top Finance Bank Uganda Limited,0.32277778,32.59555556,1
Q557172,University of East Africa,-6.780556,39.203333,14
Q5580688,Goli,2.38666667,31.03,2
Q5581118,Gombe,0.2,32.1,6
Q5581120,Gombe,0.4975,32.47388889,3
Q55887086,Kampala–Gulu Highway,2.234444444,32.246111111,1
Q55887869,Thobani Centre,0.31277778,32.58583333,1
Q55888356,Uganda National Medical Stores,0.06361111,32.47027778,1
Q5594671,Grand Imperial Hotel,0.315,32.581111,2
Q5617904,Gulu-Nimule Road,3.3,32.11666667,1
Q5617907,Gulu Hospital,2.7785,32.298,2
Q5617911,Gulu United FC,2.7724,32.2881,2
Q5617915,Gulu Airport,2.8,32.275,13
Q5617918,Gulu University,2.79,32.31694444,10
Q56276041,Lwensinga,-0.39194444,31.45972222,1
Q56276212,Bishop Ceaser Asili Memorial Hospital,0.82555556,32.50111111,1
Q56276494,Buhimba–Nalweyo–Kakindu–Bulamagi Road,1.123333333,31.251666666,1
Q56276625,Bulamagi–Igayaza–Kakumiro Road,1.955277777,31.151388888,1
Q56276791,Tanzania–Uganda Natural Gas Pipeline,-1.003888888,31.43,1
Q56276995,"Bugongi, Kabale, Uganda",-1.24555556,29.98805556,2
Q56277090,"Bugongi, Sheema, Uganda",-0.63555556,30.25277778,2
Q56278464,Busitema Solar Power Station,0.547222222,34.023611111,1
Q56437663,Aruya,3.10907,32.25321,1
Q56437664,Aruya,3.12463,32.31774,1
Q56437665,Aruya,3.22355,33.03706,2
Q56437666,Aruya,3.14618,32.24225,1
Q56437931,Atai,3.70844,33.31407,2
Q56437937,Atanga,3.51093,32.52677,2
Q56437938,Atanga,3.01771,32.76732,2
Q56437939,Atangala,0.67465,33.9917,2
Q56437945,Atar,3.01666,33.14423,2
Q56437954,Atega,2.63188,32.31361,2
Q56437956,Atego,2.45169,32.4139,2
Q56437959,Atem,3.20071,33.11811,2
Q56437961,Ateng,3.54526,32.5974,1
Q56437962,Ateng Gwete,3.31065,32.77241,2
Q56437975,Atiba,3.59128,32.75214,2
Q56437977,Atii,3.05493,32.0911,2
Q56437981,Atika,3.06889,32.7969,2
Q56437983,Atiko,3.66854,32.68883,2
Q56437987,Atiri,0.7919,34.16623,2
Q56438016,Atotembele,2.85185,32.06692,2
Q56438039,Aturukuru,0.6807,34.12145,2
Q56438045,Atyamakilyok,3.47588,33.46071,2
Q56438056,Auc,3.24378,32.07719,2
Q56438058,Auchi,3.20684,32.09094,2
Q56438122,Auma,3.68028,33.4439,2
Q56438230,Auzore,3.40543,31.68787,2
Q56447440,Baria,2.70671,31.05064,2
Q56447445,Barinyanga,0.8988,33.94325,2
Q56447470,Barlela,2.36858,32.46536,2
Q56447717,Baryia,3.25296,32.20032,2
Q56451089,Bengam,3.47162,33.68697,2
Q56451119,Benji,0.41139,33.19178,2
Q56458559,Bizibinanaro,0.65366,30.29347,2
Q56460660,Bolo,3.12721,32.52309,2
Q56460902,Bongocine,3.34072,32.16507,2
Q56461584,Botwalibo,0.79539,30.02362,2
Q56475496,Burokango,2.3778,32.23345,2
Q56487891,Buwaga,0.12349,32.98129,2
Q56487905,Buzibwera,1.58991,31.44333,2
Q56487906,Buzibye,0.33376,33.00369,2
Q56487959,Bwiha,0.69602,30.42722,2
Q56488651,Cakdyel,3.45988,32.42136,2
Q56507791,Ceke,2.61067,31.90053,2
Q56507808,Celu,3.83501,33.00349,2
Q56508250,Chadiri,2.68821,31.04115,2
Q56508780,Chanva,2.71362,31.18376,2
Q56509023,Chepeso,0.83479,34.05326,2
Q56511711,Chobekipala,3.29778,32.37336,2
Q56511999,Chudi,2.72097,32.27155,2
Q56512033,Chumba,3.22318,32.21359,2
Q56512467,Cinkul,3.59112,32.75166,2
Q56515827,Coorom,2.629419444,32.029419444,3
Q56516203,Corbila,2.81691,32.07694,2
Q56527091,Cwaokol,3.14155,33.42229,2
Q56527094,Cwerecwere,3.29421,32.09257,2
Q56527639,Dad,0.54805,34.03961,2
Q56527659,Daga,2.80663,32.09622,2
Q56527755,Dakkwon,3.34168,32.62474,2
Q56534272,Dila,3.49021,33.69434,2
Q56534550,Dilo,3.56488,33.14071,2
Q56537888,Dolodondo,0.91614,33.94587,2
Q56544217,Dufile Animal Sanctuary,3.58085,31.97495,1
Q56544742,Dure,3.20576,32.91852,1
Q56544941,Dwalopuk,3.08254,33.38725,2
Q56545043,Dyelobutokene,3.53496,32.84231,2
Q56570246,Echele,3.42778,31.65669,2
Q56570319,Eciya,3.28429,31.84363,2
Q56590829,Elephant Nature Park,2.2866,31.5603,1
Q56590967,Elinyi,3.29521,31.76456,2
Q56605107,National Theatre,0.31579,32.58913,1
Q56605115,Nommo Gallery,0.32012,32.58005,1
Q5764840,Hima,0.28916667,30.17805556,7
Q580538,Kisoro District,-1.25,29.7,22
Q581379,Gulu City,2.766666666,32.305555555,48
Q581822,Mbale District,0.95,34.333333333,19
Q58452566,Kabelangole River,2.91046,34.66863,2
Q58452599,Kakore River,2.59056,34.87951,2
Q58452637,Kakwe River,2.59506,34.91238,2
Q58455746,Kalokodo River,2.67972,34.83086,2
Q58455798,Kaloponongole,3.776944444,34.420555555,2
Q58456130,Kanaro River,3.55,34.5,2
Q58482739,Kokolopit River,2.63419,34.82146,2
Q58483740,Loitan River,3.198055555,34.570833333,2
Q5858254,,0.45,29.916666666,4
Q586065,Entebbe International Airport,0.044722222,32.443055555,40
Q5877791,Hoima Hospital,1.42778,31.3544,1
Q5885659,Holy Innocents Children's Hospital,-0.623611,30.64,2
Q588927,Maracha District,3.166666666,31.1,13
Q588930,Kabale,-1.249828379,29.990021457,23
Q5904886,Hororo people,0.2667,31.6167,2
Q5911457,Hotel Equatoria,0.318333,32.573611,2
Q591283,Lake Mburo National Park,-0.6,30.95,23
Q59155490,Mahoma Hydroelectric Power Station,0.47861111,30.27305556,2
Q59290367,British High Commission Kampala,0.3366,32.5841,1
Q595684,Mountains of the Moon University,0.65861111,30.285,6
Q6006841,Imperial Resort Beach Hotel,0.046667,32.471111,2
Q6006852,Imperial Royale Hotel,0.318889,32.585556,2
Q60193442,Opuyo–Moroto High Voltage Power Line,1.6775,33.676944,1
Q604966,Kibaale District,0.983333333,31.083333333,19
Q6050884,International Health Sciences University,0.305,32.61,4
Q6050951,International Hospital Kampala,0.305,32.61,3
Q60524415,Battle of Masaka,-0.341111111,31.736111111,2
Q60524458,Battle of Tororo,-0.692778,34.181111,1
Q6054150,International University of East Africa,0.284,32.606,5
Q60741610,Yumbe General Hospital,3.465555555,31.243055555,2
Q60744887,Kigorobya,1.61805556,31.30888889,1
Q60745286,Biso,1.76111111,31.41833333,1
Q60745666,Lugonjo,0.06583333,32.45194444,3
Q60747298,New Karuma Bridge,2.243056,32.239444,3
Q60750176,Kadama,1.01666667,33.88027778,2
Q60753724,CoRSU Rehabilitation Hospital,0.13277778,32.53555556,2
Q60753937,Kagulu Hill,1.220833333,33.330555555,1
Q60755801,Kayabwe,-0.00055556,32.03944444,2
Q60755886,Buwama,0.06333333,32.10638889,2
Q60760544,Zana,0.26444444,32.55722222,2
Q60766910,Nabilatuk District,2.033333333,34.533333333,7
Q60767482,Pader Airfield,2.852222222,33.08,2
Q60769695,Kassanda District,0.533333333,31.75,9
Q60769698,Kapelebyong District,2.2,33.766666666,8
Q60769699,Kwania District,1.916666666,32.75,8
Q60769700,Kikuube District,1.216666666,31.133333333,10
Q60793003,Itanda Falls,0.5997,33.0576,4
Q6079935,Ishaka Adventist Hospital,-0.544445,30.137778,1
Q6081090,Isimba Power Station,0.771666666,33.042222222,5
Q6081116,Isingiro,-0.86805556,30.8175,7
Q60846288,Our Lady of Victory Abbey,-0.760721,31.556927,1
Q61014536,Nkonge Solar Power Station,0.620556,31.828611,1
Q6116471,Northern Acacia-Commiphora bushlands and thickets,-2.30623,38.441722,7
Q6116472,Southern Acacia-Commiphora bushlands and thickets,-3.25,34.333333333,8
Q61438585,Kigo,0.20694444,32.59388889,1
Q61438898,Nabbingo,0.29,32.47805556,1
Q61439268,Mbale Regional Cancer Centre,1.076388888,34.176666666,1
Q61439271,Gulu Regional Cancer Centre,2.777777777,32.298333333,1
Q61439289,Bunyamwera,0.59584,29.99841,5
Q61739910,Utsene Island,3.526666666,31.7775,2
Q618252,National Library of Uganda,0.3228,32.5747,8
Q6192180,Jie,2.8309,34.1532,4
Q61932776,Private Sector Foundation Uganda,0.32925,32.577085,1
Q61934134,Uganda Association of Women Lawyers,0.328152,32.623241,1
Q61934137,Uganda Media Women’s Association,0.368207,32.595934,3
Q62018668,South Musambwa Island,-0.783333333,31.783333333,2
Q62023488,Sanga Island,-0.066666666,32.8,1
Q62023919,Segamba Island,-0.016666666,32.916666666,2
Q62023922,Sege Island,0.068888888,33.101666666,2
Q62023933,Semuganja Omunene,-0.329,32.367,2
Q62023936,Semuganja Omutono,-0.312,32.359,2
Q62023941,Sentwe Island,0.044166666,32.973611111,2
Q62023944,Serinya Island,-0.25,32.36,2
Q62023952,Sindiro Island,0.159444444,33.136388888,2
Q62023956,Sowe Island,0.159444444,32.648888888,2
Q62023958,Tavu Island,-0.033333333,32.7,2
Q62023961,Wabitembe Island,0.033333333,31.816666666,2
Q62023965,Wabuziba Island,0.048611111,33.099722222,2
Q62023966,Waitwe Island,0.058611111,33.100833333,2
Q6202524,Jinja College,0.44525,33.2134,3
Q6202525,Jinja Hospital,0.431111,33.205,2
Q62030006,Sigulu Island,0.101666666,33.807222222,2
Q62030009,Simu Island,0.139722222,33.603611111,2
Q62030011,Siro Island,-0.133333333,33.866666666,2
Q62030015,Tisai Island,1.6,34.15,2
Q62030018,Visa Island,0.175555555,33.766111111,2
Q62030020,Vumba Island,0.020555555,33.641666666,2
Q62030022,Waiasi Island,-0.166666666,33.933333333,2
Q62030152,Sikanki Island,-0.066666666,30.216666666,2
Q62481250,Buganda Road Primary School,0.3227,32.5754,1
Q62589623,Gung,3.082777777,32.337222222,2
Q62589643,Laban,3.03037,32.47484,2
Q62589649,Lagada,3.10774,32.44381,2
Q62589711,Pajulu,3.13486,32.34847,2
Q62615965,Larido,3.12685,32.35375,2
Q6272214,Oyam,2.214068954,32.370323261,7
Q6272234,Namutumba,0.835,33.685,8
Q6272909,Kaabong,3.52,34.12,9
Q6272973,Manafwa,1.02194444,34.375,8
Q6273034,Kumi Town,1.49,33.935,9
Q63346719,Hoima–Kinyara–Kafu High Voltage Power Line,1.420555555,31.372777777,1
Q6343803,Kabalagala,0.29805556,32.60055556,2
Q6343813,Kabale Airport,-1.22333333,29.96,5
Q6343815,Kabale Hospital,0.655,30.281944,2
Q6343817,Kabale University,-1.27222222,29.98833333,6
Q6343826,Kabalega Falls Airport,2.32639,31.4978,5
Q6344551,Kabwoya Wildlife Reserve,1.405781612,30.969255784,3
Q6344553,Kabwohe,-0.58138889,30.38,6
Q6346322,Kagadi,0.94,30.8125,7
Q6346357,Kagando Hospital,0.064167,29.8975,1
Q6349017,Kajjansi,0.215,32.55,8
Q6349020,Kajjansi Airport,0.2,32.55,5
Q6349469,Kakira,0.5,33.28,7
Q6349472,Kakira Airport,0.49888889,33.2825,5
Q6349473,Kakira Power Station,0.50888889,33.29,1
Q6349478,Kakiri,0.42186,32.35796,9
Q6349747,Kakuuto,-0.84,31.46,3
Q6350090,Kalagala,0.61305556,32.61555556,3
Q6350112,"Kalagi, Mukono, Uganda",0.505,32.75,3
Q6350114,"Kalagi, Mubende, Uganda",0.51666667,31.65,3
Q6350660,Kalapata sub-county,3.66035278,34.190875,1
Q6351915,Kaleerwe,0.36,32.57,1
Q6353141,Kalisizo,-0.535,31.6225,8
Q6354247,Kalongo Hospital,3.041111,33.371111,1
Q6354249,Kalongo,3.04,33.37111111,8
Q6354572,Kalule,0.64,32.53,2
Q6354619,Kalungu,-0.16805556,31.76,6
Q63565296,,3.071666666,33.122777777,2
Q6359092,Kampala-Jinja Highway,0.36666667,32.88333333,2
Q6359095,Kampala Associated Advocates,0.327222222,32.576944444,1
Q6359099,Kampala Capital City Authority,0.315,32.585832,2
Q6359102,Kampala Hill,0.31527778,32.56861111,1
Q6359104,Kampala Hilton Hotel,0.323611,32.6,1
Q6359106,Kampala Industrial and Business Park,0.358056,32.6917,2
Q6359109,Kampala Intercontinental Hotel,0.316944,32.591111,1
Q6359111,Kampala International School,0.35185,32.59232,4
Q6359113,Kampala International University,0.295,32.60416667,6
Q6359115,Kampala International University School of Health Sciences,-0.54138889,30.14055556,3
Q6359120,Kampala Northern Bypass Highway,0.36555556,32.605,1
Q6359121,Kampala Serena Hotel,0.319167,32.586667,2
Q6359123,Sheraton Kampala Hotel,0.31719,32.58308,4
Q6359126,Speke Hotel,0.315278,32.583056,3
Q6359128,Kampala Tower,0.335,32.5825,2
Q6359130,Kampala University,0.26055556,32.63388889,8
Q6359840,Kamuli Hospital,0.9475,33.121111,1
Q6359842,Kamuli Mission Hospital,0.931944,33.129444,1
Q6359912,Kamwookya,0.34111111,32.58694444,1
Q6365673,Kanungu Power Station,-0.93055556,29.73111111,1
Q6366536,Kapedo sub-county,3.68888889,33.945,1
Q636655,Mgahinga Gorilla National Park,-1.36666667,29.63333333,25
Q6370158,Karenga,3.53388889,33.72111111,3
Q6370159,Karenga Community Wildlife Management Area,3.49611111,33.72333333,1
Q6370160,Karenga sub-county,3.56666667,33.68333333,1
Q6373628,Karuma Power Station,2.2453486,32.26677,5
Q6373629,Karuma,2.23416667,32.24638889,3
Q6374005,Kasangati,0.44,32.6,7
Q6374012,Kasanje,-0.265,31.765,2
Q6374115,Kasenyi  Airport,-0.0292,30.1411,4
Q6374123,Kasese Airport,0.190833333,30.102777777,9
Q6374864,Kasubi hill,0.32805556,32.55416667,2
Q6375047,Katalemwa,0.4075,32.585,3
Q6376620,Kathile sub-county,3.64577778,34.07858611,1
Q6377615,Katine,1.84112,33.50701,2
Q6377791,Katonga Wildlife Reserve,0.24067,30.78094,6
Q6378433,Katuna,-1.43,30.0175,4
Q6378469,Katwe,0.3,32.57666667,3
Q6379411,Kawaala,0.34,32.55,1
Q63794617,Nangola,0.97749,34.28035,2
Q6379968,Kawempe,0.37916667,32.5575,1
Q6379969,Kawempe Division,0.38333333,32.55,2
Q63831113,ISBAT University,0.334444,32.601389,4
Q63982685,Okere,2.116666666,33.916666666,2
Q6404024,Kibingo,-0.57,30.415,6
Q6404035,Kibiro,1.674166666,31.2525,6
Q6404078,Kibuku,1.0375,33.84,5
Q6404079,Kibuli Hospital,0.309722,32.595,3
Q6404080,Kibuli,0.31,32.595,1
Q6404081,Kibuli Secondary School,0.310556,32.5975,4
Q6404090,Kibuye,0.29361111,32.57305556,1
Q6404741,Kidepo Airport,3.71916667,33.75416667,5
Q6405935,Kigezi Wildlife Reserve,-0.46,29.9,3
Q6405936,Kigezi sub-region,-1.2,30.0,1
Q6405968,Kigoowa,0.3625,32.615,1
Q6405971,Kigulu,0.425,32.655,2
Q6405975,Kigumba,1.84069,31.96673,6
Q6405976,Kigumba Petroleum Institute,1.8425,32.01889,2
Q6406018,Kihihi,-0.75,29.7,8
Q6406092,Kiira Hydroelectric Power Station,0.45,33.18555556,5
Q6406181,Kijura,0.81,30.415,2
Q6406198,Kikaaya,0.3625,32.59,1
Q6406200,Kikagati,-1.045,30.66861111,2
Q6406203,Kikagati Power Station,-1.03,30.68,1
Q6414458,Kinyara Power Station,1.63555556,31.60555556,1
Q6414460,Kinyara Sugar Works Limited,1.63555556,31.60555556,1
Q6415051,Kireka,0.346667,32.5,3
Q6415316,Kirinnya,0.32,32.675,2
Q64153252,Nangilima,0.824722222,34.180833333,2
Q64153314,Nambewo,0.841388888,34.388055555,2
Q64153341,Perenye,0.990277777,34.329722222,2
Q6416275,Kiruhura,-0.21,30.83,8
Q6416374,Kisaasi,0.386111,32.585,1
Q6416719,Kisiizi Hospital,-0.995833,29.962222,3
Q6416720,Kisiizi Power Station,-0.99555556,29.9625,1
Q6416739,Kisizi,-0.99583333,29.96222222,2
Q6416850,Kisoro Airport,-1.28,29.7192,5
Q6417691,Kitagata,-0.6725,30.155,4
Q6417694,Kitagata Hot Springs,-0.67305556,30.15805556,4
Q6417816,Kitamilo,0.23666667,33.27,4
Q6418185,Kitgum Airport,3.27861,32.89,6
Q6418216,Kitikifumba,0.41916667,32.635,1
Q6418278,Kitojo Hospital,0.525,30.276667,1
Q6418640,Kitukutwe,0.45,32.67,1
Q6418842,Kiwaatule,0.36555556,32.625,1
Q6418933,Kiwoko,0.84416667,32.36305556,1
Q6418934,Kiwoko Hospital,0.844167,32.363056,1
Q6427154,Kole,2.4,32.8,3
Q6427484,Kololo,0.3331,32.593,3
Q6427485,Kololo Senior Secondary School,0.33805556,32.59805556,4
Q6430555,Kooki,-0.716666666,31.4,1
Q6430657,Koome Island,-0.061388888,32.734166666,8
Q6434053,Kotido Airport,2.94916667,34.1475,8
Q6442775,Kulambiro,0.375,32.61,1
Q6443863,Kumi University,1.4725,33.8625,3
Q6450648,Kyadondo Rugby Club,0.325,32.60694444,3
Q6450699,Kyaliwajjala,0.38,32.64666667,2
Q6450702,Kyambura Game Reserve,-0.137,30.084,3
Q6450730,Kyankwanzi,1.2,31.8,3
Q6450860,Kyazanga,-0.395,31.35194444,6
Q6450894,Kyebando,0.35611111,32.58,1
Q6450897,Kyegegwa,1.415,34.515,6
Q6450907,Kyengera,0.29194444,32.5,6
Q6474983,Lake Bisina,1.60777778,33.96194444,14
Q64755718,Katete,-0.616666666,30.683333333,1
Q6477049,Lake Mutanda,-1.235,29.67,16
Q6477213,Lake Opeta,1.7,34.23333333,11
Q6478264,Lake Victoria Serena Resort,0.198611,32.598611,1
Q6482752,Lamwo,3.53,32.8,3
Q6486380,Lango College,2.26706,32.8904,3
Q6503014,Law Development Centre,0.32416667,32.56916667,2
Q65040874,Karugutu,0.789444444,30.226944444,1
Q65043493,Uganda Specialized Nursing University,0.339722222,32.580555555,1
Q65044888,Uganda Joint Medical Store,0.296111111,32.595277777,1
Q65046746,Fins Medical University,0.665,30.265,2
Q65052298,NSSF Mbarara Complex,-0.61,30.659722222,1
Q65056549,Mutolere,-1.248888888,29.713611111,1
Q65056919,Busengo,-1.161944,29.584167,1
Q65063774,National Planning Authority of Uganda,0.32,32.588611111,1
Q65065734,BRAC Uganda Bank Limited,0.298055555,32.595833333,1
Q65066025,Pangea Aviation Academy,0.198888888,32.550277777,2
Q65066092,Battle of Karuma Falls,-2.234167,32.246389,1
Q65066326,Kampala Hilton Garden Inn,0.3375,32.58388889,1
Q65067109,Aerolink Uganda,0.04444444,32.44277778,2
Q65067317,Semliki Airstrip,0.895833,30.3525,1
Q65067795,MAF Uganda,0.195833333,32.5525,3
Q65068993,Battle of Bondo,-2.783333,30.966667,1
Q65069640,Battle of Mutukula,-0.9975,31.415,2
Q65072528,Wairaka,0.474722222,33.264444444,1
Q65073925,Butebi,0.345555555,32.001111111,2
Q65074492,Uganda Sugar Manufacturers' Association,0.316944444,32.604444444,1
Q65074904,Garuga,0.056944444,32.563611111,1
Q65074984,Mbarara–Kisangani Road,0.041666666,29.715277777,1
Q65077472,Battle of Lira,2.27,32.845,1
Q65082127,Kabale–Lake Bunyonyi Road,-1.252777777,29.964444444,1
Q65082212,Katuna–Muko Road,-1.341388888,29.871388888,2
Q65083753,Battle of Jinja,-0.423333,33.203889,1
Q65085968,St. Aloysius College Nyapea,2.458611111,30.948055555,2
Q65086967,,0.044444444,32.4425,11
Q65087052,Masindi–Biso Road,1.658611111,31.604722222,1
Q65087690,"National Defence College, Uganda",0.445277777,33.211111111,2
Q65090500,Kampala Hilton Hotel,0.32888889,32.58111111,2
Q65121050,Kabuga Hill,0.216667,30.483333,1
Q65121447,Lodonga,3.416388888,31.116388888,1
Q652825,Mbarara Airport,-0.555,30.6,9
Q65325730,Kahama,0.6625,30.264722222,1
Q65326471,Lake Chahafi,-1.35,29.783055555,5
Q65326690,Lake Nyamunuka,-0.090277777,29.986944444,2
Q65557266,Nyamugamba,0.683333333,30.766666666,2
Q6557577,Lira Airport,2.247777777,32.909722222,9
Q6557580,Lira Hospital,2.251667,32.901667,1
Q65699339,Tororo Cemetery,0.68071,34.17647,1
Q6588606,Tororo Airport,0.683333,34.166667,9
Q65953701,Kafu,-0.083333333,30.15,2
Q65966207,Kitokolo,0.313333333,33.051666666,2
Q66018411,Kafu,-0.133333333,31.916666666,2
Q66088120,Hema,0.983333,30.666667,2
Q66103618,,-0.583333333,31.783333333,2
Q662173,Mabira Forest,0.398333,33.0164,10
Q66480054,Namatala,0.954166666,33.758055555,2
Q6668886,Lolelia sub-county,3.53006667,34.046275,1
Q6672465,Sipi Falls,1.337777777,34.379444444,10
Q6685692,Kanoni,0.1675,31.91,9
Q6687528,Lwengo,-0.4075,31.42,5
Q6687695,Lyantonde,-0.40694444,31.1575,7
Q6692420,Luuka Town,0.7,33.3,4
Q6693037,Ngora,1.45555556,33.77805556,6
Q6693290,Serere,1.5846,33.31693,6
Q6694624,Loyoro,3.345623,34.280219,1
Q6694626,Loyoro sub-county,3.32269444,34.17236111,2
Q6695057,Lubaga,0.30305556,32.55305556,3
Q6695059,Rubaga Division,0.3,32.55,2
Q6695601,Lubowa,0.2275,32.555,2
Q6696571,Napak,2.25,34.25,4
Q6696771,Nwoya,2.635,32.0,3
Q6696899,Otuke,2.5,33.5,3
Q6697604,Zombo,2.515,30.9017,5
Q6699373,Kiryandongo,1.877935046,32.062388777,5
Q6699738,Lugazi,0.383333,32.924167,16
Q6699741,Lugazi Power Station,0.38,32.945,2
Q6699743,Lugazi University,0.37,32.91305556,2
Q6699831,Lugogo Cricket Oval,0.32585278,32.60457222,9
Q6699878,Mitooma,-0.60785,30.03082,5
Q6700100,Rubirizi,-0.265,30.1,4
Q6700211,Rukungiri,-0.79,29.925,12
Q6701734,Lukaya,-0.15,31.875,8
Q6704348,Lungujja,0.31,32.54,1
Q6706611,Luzira,0.3,32.6561,4
Q6706613,Luzira Maximum Security Prison,0.29972222,32.64055556,4
Q6724290,Mackay Memorial College,0.30694444,32.53444444,2
Q6727658,Madi-Okollo County,2.84201,31.22633,4
Q6739281,Makerere,0.335,32.57,3
Q6739284,Makerere College School,0.328,32.567,4
Q6739286,Makerere University Business School,0.32722222,32.61666667,3
Q6739287,Makerere University School of Biomedical Sciences,0.32722222,32.61666667,2
Q6739289,Makerere University College of Health Sciences,0.32722222,32.61666667,2
Q6739292,Makerere University School of Public Health,0.33777778,32.57722222,3
Q6739550,Makindye,0.27916667,32.58638889,3
Q6739552,Makindye Division,0.28333333,32.58333333,3
Q67510645,The Arrow Boys Monument,2.20265,33.59207,2
Q67510915,Speke Monument (Uganda),0.422028388,33.194114834,1
Q67512734,Uganda Bookshop,0.314151358,32.585374733,1
Q67513871,CHOGM Monument,0.31672,32.58803,1
Q67516315,Entebbe Cinema Hall,0.067216062,32.474234472,1
Q6753788,Mapeera House,0.3146,32.578,2
Q6754736,Maramagambo Forest,-0.55,29.88333333,4
Q67756415,Father Aloysius Ngobya Memorial,-0.330331955,31.761268115,1
Q67758661,Independence Monument,0.31571258,32.581609824,3
Q6782422,Masaka Hospital,-0.329444,31.734444,1
Q6782423,Masaka Secondary School,-0.3497,31.7384,4
Q6783286,Masindi Hotel,1.690556,31.711944,1
Q6783287,Masindi Port,1.7,32.07222222,5
Q6786914,Matheniko Wildlife Reserve,2.91666667,34.5,1
Q67912258,Shree Sanatan Dhama Mandal temple,0.310747222,32.578641666,1
Q67917076,Twekobe Palace,0.302325,32.565941666,3
Q6791956,Matugga,0.46027778,32.52888889,5
Q6791958,Matugga-Kapeeka Road,0.6,32.36666667,1
Q6799592,Mbale Hospital,1.076944,34.176111,2
Q6799627,Mbarara-Kikagati Road,-0.86666667,30.76666667,1
Q6799628,Mbarara Hospital,-0.616389,30.65889,3
Q6799639,Mbarara High School,-0.6155,30.6335,5
Q6799827,Mbuya,0.3275,32.63,2
Q6817018,Mengo,0.346667,32.6056,4
Q6862814,Minakulu County,2.43333333,32.38333333,1
Q6866888,Ministry of Energy and Mineral Development,0.313333333,32.581944444,2
Q6867037,Ministry of Foreign Affairs of the Republic of Uganda,0.315277777,32.585,4
Q6867106,Ministry of Health Building,0.4723,32.6667,1
Q6872384,Miracle Centre Cathedral,0.3027503,32.5607246,3
Q68780095,Kibuli Mosque,0.310999608,32.596158137,5
Q68789223,Muzinga Square,0.0586904,32.4723759,1
Q68794636,Our Lady of Sorrows Cathedral – Kitovu,-0.33131,31.76056,3
Q691037,Busoga,0.4675,33.24138889,16
Q6913297,Moroto Hospital,2.5325,34.6614,2
Q6922300,Mount Morungole,3.816666666,34.033333333,8
Q6923419,St. Mary's College Namagunga,0.3725,32.88361111,2
Q6924519,Mount Wati,3.21472222,31.03138889,2
Q6924814,Mount Zulia,4.125,33.986944,7
Q6926595,Movement House,0.318333,32.589445,1
Q6928210,Mpanga,0.08111111,30.38111111,1
Q6928242,Mpererwe,0.385,32.5775,1
Q6930885,Mubende Hospital,0.5675,31.393055555,1
Q6930901,Mubuku,0.26138889,30.12416667,2
Q6930904,Mubuku I Power Station,0.3277892,30.0692886,2
Q6933715,Mulago,0.35,32.58333333,1
Q6936076,Muni University,2.9925,30.92639,3
Q6943778,Muteesa II Stadium,0.31361111,32.58111111,7
Q6943779,Muteesa I Royal University,-0.3225,31.7425,5
Q6944218,Mutukula,-0.999722222,31.416666666,6
Q6944234,Mutundwe,0.28194444,32.535,1
Q6944462,Muzizi Power Station,0.965,30.545,2
Q6944731,Mweya,-0.21305556,29.895,2
Q6956521,Naakulabye,0.325,32.56,2
Q6956533,Naalya,0.37,32.64,1
Q6958373,Nagalama,0.515,32.77,1
Q6958908,Nagongera,0.77,34.02611111,5
Q6959082,Naguru,0.34666667,32.60555556,1
Q6959083,Naguru General Hospital,0.329722,32.606111,1
Q6960008,Najjanankumbi,0.275,32.57,1
Q6960009,Najjera,0.38,32.625,1
Q6960313,Nakaseke Hospital,0.7175,32.39861,1
Q6960316,Nakasero Market,0.312014759,32.579984508,4
Q6960364,Nakawa,0.33694444,32.61805556,1
Q6960368,Nakawa Division,0.33333333,32.61666667,1
Q6960635,Nakifuma,0.545,32.79,3
Q6960652,Nakivubo Stadium,0.311629,32.573541,12
Q6961291,Namanve,0.31916667,32.6875,2
Q6961293,Namanve Thermal Power Station,0.3825,32.67861111,1
Q6961319,Namasagali College,1.0118,32.949,2
Q6961863,Namilyango College,0.33861111,32.71722222,3
Q6961898,Namirembe Hill Side High School,0.41638889,32.59166667,1
Q6962116,Namugongo Martyrs Shrine,0.38527778,32.65138889,3
Q6962120,Namulonge,0.525,32.615,2
Q6962122,Namungoona,0.3325,32.53305556,1
Q6962138,Namuwongo,0.31111111,32.60972222,1
Q6966465,Narus river,3.96667,33.5833,5
Q6971097,National Book Trust of Uganda,0.3261669,32.5716823,1
Q6983720,Ndeeba,0.29,32.565,2
Q6983724,Ndejje,0.61,32.475,1
Q7021931,Ngamba Island Chimpanzee Sanctuary,-0.104,32.653,7
Q7022506,Ngoma,1.18,32.01805556,2
Q7042596,Nkokonjeru,0.23944444,32.92305556,6
Q7042637,Nkozi Hospital,0.0025,32.0164,2
Q7042657,Nkumba University,0.095,32.507,4
Q7067544,Nsambya,0.29916667,32.58805556,1
Q7067545,Nsambya Home Care,0.301666666,32.585,1
Q7067548,Nsangi,0.285,32.455,1
Q7067550,Nsasa,0.4125,32.655,1
Q7067602,Ntare School,-0.6026,30.6535,7
Q7067611,Ntenjeru,0.745,32.89,2
Q7067614,Ntenjeru County,0.66666667,32.95,2
Q7067630,Ntinda,0.3475,32.63,3
Q7070788,Nyagak III Power Station,2.45,30.98,3
Q7070789,Nyagak II Power Station,2.5,30.99,2
Q7070790,Nyagak Power Station,2.4281935,30.97329,1
Q7071070,Nyero Rockpaintings,1.283,33.504,7
Q7071349,Nzizi Power Station,1.5,30.93,1
Q7082486,Okollo,2.65416667,31.14555556,3
Q7089915,Ombaci,3.064722222,30.938055555,2
Q7099208,Oraba,3.535,30.89,1
Q7110089,Otze Forest Wildlife Sanctuary,3.6852,31.9027,3
Q7121526,Pabbo,3.0,32.145,1
Q7124680,Paidha,2.416944,30.985556,8
Q7126074,Pakuba,2.3,31.55,3
Q7126083,Pakuba Airport,2.202222222,31.554444444,9
Q7135482,Paranga,2.57555556,32.35694444,1
Q7145186,Patongo,2.76,33.31,3
Q7164761,Pension Towers,0.321667,32.576667,1
Q7186495,Mother Temple of Africa,0.364388888,32.588388888,5
Q7190050,Pian Upe Wildlife Reserve,1.85,34.28333333,3
Q7262176,Paranga,2.6,32.95,2
Q7284651,Rainbow International School,0.28349,32.60053,1
Q731039,Mbarara City,-0.613333333,30.658333333,44
Q732838,Mount Elgon,1.1185,34.5265,44
Q7375770,Rubaga Hospital,0.303889,32.553056,2
Q7380808,Rushere,-0.21,30.94,2
Q7383765,Rwimi,0.3775,30.21694444,6
Q7418059,Sango Bay Estates Limited,1.63555556,31.60555556,1
Q742655,Kalangala,-0.308888888,32.225,15
Q7445952,Seeta,0.325,32.7125,4
Q7449842,Semuto,0.62194444,32.32805556,3
Q749665,Nyeri County,-0.416666666,36.95,23
Q7497003,Shimoni Demonstration School,0.423333,32.6325,2
Q7509455,Sidok sub-county,3.41109444,34.14496111,1
Q751607,Virunga Mountains,-1.429166666,29.548333333,45
Q755806,Atiak,3.265,32.125,6
Q7563658,Soroti Hospital,1.71611,33.6131,1
Q7563659,Soroti Rock,1.717323552,33.62092104,2
Q7563660,Soroti Airport,1.722312,33.618683,8
Q7563661,Soroti University,1.775,33.58,4
Q7588327,St. Henry's College Kitovu,-0.335,31.7631,1
Q7589068,"St. Joseph's Cathedral, Gulu",2.76,32.26,6
Q7589504,St. Lawrence University,0.301667,32.5619,2
Q7590247,St. Mary's College Kisubi,0.1225,32.534,3
Q7591350,St. Peter's College Tororo,0.705,34.2,2
Q7826175,Tooro sub-region,0.666666666,30.266666666,1
Q7826694,Tororo Girls School,0.666,34.19,2
Q7826695,Tororo Power Station,0.636916666,34.116944444,2
Q7826696,Tororo Inland Port,0.65,34.25,2
Q7826698,Tororo Rock,0.685,34.183611111,5
Q7838,Swahili,-6.0,33.0,209
Q7842710,Trinity College Nabbingo,0.459722,32.6111,3
Q7877578,Uganda Air Cargo Corporation,0.045,32.443055555,5
Q7877579,Uganda Airlines Flight 775,41.8044,12.2508,7
Q7877584,Uganda Cancer Institute,0.34,32.5775,2
Q7877594,Uganda Export Promotion Board,0.32625,32.57708333,1
Q7877595,Uganda Finance Trust Limited,0.319444,32.5736,1
Q7877602,Uganda Junior Staff College,0.45,33.205,3
Q7877608,Uganda Management Institute,0.326389,32.6,8
Q7877609,Uganda Martyrs University,0.005,32.015,6
Q7877611,Uganda Martyrs University School of Medicine,0.301389,32.5856,3
Q7877612,Uganda Military Academy,0.25,31.185,2
Q7877613,Uganda Museum,0.3358574,32.5825786,11
Q7877620,Uganda Pentecostal University,0.66,30.2661,4
Q7877631,Uganda Senior Command and Staff College,0.458056,33.19,3
Q7877634,Uganda Virus Research Institute,0.075833,32.457222,4
Q7877635,Uganda Wildlife Authority,0.33616,32.5835,5
Q7877677,Ugandan Sign Language,1.0,32.5,8
Q7877723,cinema of Uganda,0.347037,32.566931,11
Q7895784,University of Military Science and Technology,0.37,32.9131,3
Q7934814,Virika Hospital,0.649444,30.2725,2
Q7954017,WOUGNET,0.3029,32.6178,5
Q7961144,Waki Power Station,1.63444,31.1711,2
Q7967174,Wandegeya,0.331111,32.5736,3
Q7974756,Watoto Church,0.3189855,32.5749527,4
Q804430,Kiga people,-0.748888888,29.700277777,14
Q8072778,Ziroobwe,0.683056,32.7011,2
Q81591,Great Rift Valley,-0.1,36.1,87
Q823946,Northwest,5.961388888,10.151666666,48
Q838875,Mount Speke,0.398055555,29.892222222,17
Q838928,Rwenzori Mountains National Park,0.4,29.95,46
Q845168,East,4.575,13.681388888,46
Q85749493,Bulo,0.114722222,32.001388888,2
Q85749511,Bunagana–Rutshuru Road,-1.270555555,29.386666666,1
Q85763958,Goli–Bunia Road,2.218611111,30.763333333,1
Q85773274,Kabujogera,-0.095277777,30.396944444,2
Q85774640,Kitagwenda District,-0.028611111,30.336111111,5
Q85774756,Koch-Goma,2.604444444,32.173611111,2
Q85783368,Makerere University Teaching Hospital,0.384444444,32.578888888,1
Q85784465,Mayanja Memorial Hospital,-0.615833333,30.661388888,1
Q85789162,Nile International Hospital,0.4399,33.2185,2
Q85789956,Ntara,0.004722222,30.366111111,1
Q85798241,Rwampara district,-0.6,30.6,6
Q85802896,St. Joseph's College Layibi,2.740277777,32.298055555,2
Q85805400,Team University,0.305833333,32.561944444,1
Q85810055,Tondeka Metro Bus Service,0.312222222,32.576944444,1
Q85811750,Uganda Road Fund,0.326388888,32.583611111,1
Q85814179,Wakiso Giants FC,0.3987,32.4793,3
Q85814319,Wanyange Girls School,0.483055555,33.244166666,2
Q859697,Bigo Bya Mugenyi,0.15,31.25,3
Q86073367,Lobule Refugee Settlement,3.5015,30.9753,2
Q866915,Roman Catholic Diocese of Arua,3.01356,30.897,15
Q867219,Kalangala District,-0.583333333,32.433333333,28
Q86752717,Mulawa,0.411666666,32.643888888,1
Q86756725,Buhugu,1.2,34.3167,1
Q868908,Roman Catholic Diocese of Fort Portal,0.636575,30.2684,13
Q869463,Roman Catholic Diocese of Hoima,1.437625,31.33365,14
Q870070,Roman Catholic Diocese of Jinja,0.451,33.212375,13
Q870153,Roman Catholic Diocese of Kabale,-1.282275,29.990525,13
Q870377,Roman Catholic Diocese of Kasana–Luweero,0.4007,32.0476,12
Q870628,Roman Catholic Diocese of Kiyinda–Mityana,0.4007,32.0476,12
Q870715,Roman Catholic Diocese of Kotido,3.013425,34.11745,13
Q871466,Roman Catholic Diocese of Lugazi,0.37,32.9278,13
Q872604,Roman Catholic Diocese of Moroto,2.52365,34.656225,13
Q876206,1998 United States embassy bombings,-1.28917,36.82667,33
Q87982,African Great Lakes,-8.0,35.0,92
Q88263719,2020 COVID-19 pandemic in Uganda,1.28,32.39,16
Q889897,Bunyoro,1.484166666,31.1325,22
Q891962,Mubende District,0.5,31.666666666,24
Q892064,Kiboga District,1.0,31.75,24
Q90017023,,-0.249193,31.832174,1
Q9091624,Busoga University,0.595,33.46194444,5
Q913960,Roman Catholic Archdiocese of Gulu,2.76667,32.2833,14
Q913972,Order of Friars Minor,41.898046132,12.445600596,32
Q926417,Kampala District,0.316666666,32.566666666,17
Q932175,Mount Gahinga,-1.3873,29.6435,18
Q932289,Congo Basin,0.0,22.0,46
Q933338,Mpigi,0.23,32.33,11
Q938145,Ntungamo,-0.881944,30.265278,15
Q941273,Bugala Island,-0.320277777,32.243888888,15
Q956659,Masaka,-0.333611111,31.733888888,25
Q96371787,"All Saints' Cathedral, Kampala",0.313611111,32.581111111,2
Q96385458,Kasusu,0.623888888,30.256944444,2
Q96385546,Kayunga–Busaana–Nabuganyi Road,0.776944444,32.989722222,1
Q96394501,Mvara Secondary School,3.023333333,30.927222222,1
Q96395935,Nkumba,0.093333333,32.506111111,1
Q96402072,River Manafwa,0.94918,34.281,5
Q96404816,"Saints Andrew and Philip Cathedral, Mukono",0.36,32.75,1
Q96406340,St. Joseph’s College Ombaci,3.062222222,30.936388888,1
Q96406374,"St Andrew's Cathedral, Namukozi",0.379166666,32.035833333,1
Q96406388,"St Mark's Cathedral, Luweero",0.839,32.4963,2
Q96406394,"St Paul's Cathedral, Kako",-0.305277777,31.807222222,3
Q96415694,Xsabo Lira Solarline,2.355277777,32.926944444,1
Q965956,Nansana,0.37,32.525,20
Q966819,Kira Town,0.39722222,32.63888889,25
Q97159677,Kakyeka Stadium,-0.6105,30.647,3
Q97160187,Obongi District,3.383333333,31.533333333,6
Q97177552,Atiak–Laropi Road,3.391111111,31.951388888,1
Q97257819,Kasulu,0.175277777,32.92,1
Q97393690,Ssemagulu Royal Museum,0.288888888,32.535,1
Q974,Democratic Republic of the Congo,-2.88,23.656111111,333
Q97487774,Karenga District,3.5690813,33.6930855,6
Q976848,Wakiso District,0.166666666,32.5,25
Q976859,Nakasongola District,1.358333333,32.416666666,20
Q976873,Rakai District,-0.75,31.416666666,21
Q976883,Ssembabule District,0.0,31.4,19
Q98078432,St. Mary's Stadium-Kitende,0.1986,32.5318,6
Q983748,Jinja District,0.583333333,33.2,24
Q992016,Moyo Town,3.633333333,31.75,9
Q99430251,Agojo Refugee Settlement,3.410698,31.7391585,1
Q99472359,Elema Refugee settlement,3.479166666,31.908888888,1
Q99521297,Olua I Refugee Settlement,3.3029,31.89562,1
Q995221,Kayunga,0.7025,32.888888888,18
Q99543535,Olua II Refugee settlement,3.28646,31.88539,1
