qitem,label,sitelink_count,local_title,local_bytes,ref_bytes,views,completeness,is_stub
Q28034971,,85,Zohran Mamdani,28253,143035.0,3507616,19.8,False
Q974,Democratic Republic of the Congo,333,Democratic Republic of Congo,357,235039.0,1990179,0.2,True
Q1860,English,396,Lungereza,584,207251.0,1544780,0.3,True
Q48231,Idi Amin,113,Idi Amin,80892,133694.0,911113,60.5,False
Q33,Finland,403,Finilandi,1369,263453.0,893868,0.5,True
Q1036,Uganda,312,Uganda,71032,213748.0,704340,33.2,False
Q114,Kenya,336,Kenya,199032,219624.0,607586,90.6,False
Q723502,Mahmood Mamdani,24,Mahmood Mamdani,46885,51390.0,590765,91.2,False
Q1009,Cameroon,313,Cameroon,344,134769.0,583366,0.3,True
Q1006,Guinea,301,Guinea,243,121990.0,365958,0.2,True
Q57274,Yoweri Museveni,90,Yoweri Museveni,78639,146750.0,286354,53.6,False
Q104419,Joseph Kony,55,Joseph Kony,46711,55260.0,262646,84.5,False
Q2736096,Rukidi IV of Toro,20,Rukidi IV owa Tooro,17811,13030.0,221639,136.7,False
Q3894,Kampala,183,Kampala,2829,79115.0,207562,3.6,False
Q106406402,Whitney Peak,22,Whitney Peak,6266,15393.0,200032,40.7,False
Q5505,Lake Victoria,161,Nnalubaale,3181,81218.0,153014,3.9,False
Q6933076,Muhoozi Kainerugaba,16,Muhoozi Kainerugaba,9576,47346.0,142194,20.2,False
Q210069,Milton Obote,66,Milton Obote,23993,33235.0,112305,72.2,False
Q202465,Uganda–Tanzania War,37,Olutalo lwa Uganda ne Tanzania,6053,137879.0,86632,4.4,False
Q1075380,Uganda People's Defence Force,19,Eggye lya Uganda People's Defense Force,2887,111475.0,86367,2.6,False
Q17308306,Pepe Julian Onziema,17,Pepe Julian Onziema,10080,12173.0,70021,82.8,False
Q117456750,Mariam Nabatanzi,6,Mariam Nabatanzi,7922,9831.0,69043,80.6,False
Q26455795,Jacob Kiplimo,26,Jacob Kiplimo,14384,30179.0,64696,47.7,False
Q20179441,Sarah Kyolaba,9,Sarah Kyolaba,3325,6984.0,64178,47.6,False
Q473748,Buganda,42,Buganda,2126,95138.0,63491,2.2,False
Q7086867,Olimi III of Tooro,6,Omukama w'e Tooro,4266,6169.0,61452,69.2,False
Q18389553,Mayur Madhvani,5,Mayur Madhvani,6679,5778.0,55388,115.6,False
Q497412,Paulo Muwanga,23,Paulo Muwanga,6465,8509.0,54735,76.0,False
Q4935806,Bobi Wine,26,Bobi Wine,54970,69729.0,52353,78.8,False
Q6024156,Indians in Uganda,7,Abayindi mu Uganda,10704,12426.0,51954,86.1,False
Q6153522,Janet Kataaha Museveni,17,Janet Museveni,8611,13301.0,50946,64.7,False
Q1949128,Moses Ali,11,Moses Ali,14722,20480.0,48356,71.9,False
Q128784663,Simon Kaggwa Njala,6,Simon Kaggwa Njala,16998,15103.0,45845,112.5,False
Q242845,Uganda men's national football team,56,Uganda Cranes ettiimu y'eggwanga,14250,54499.0,44712,26.1,False
Q105199030,2026 Ugandan general election,12,Okulonda kwa bonna mu Uganda okwa 2026,758,44799.0,43443,1.7,True
Q135934925,David Owori,6,David Owori,8805,9592.0,42665,91.8,False
Q18204367,President of Uganda,24,President of Uganda,12807,8634.0,40251,148.3,False
Q33573,Kinyarwanda,91,Olunyarwanda,315,24522.0,39558,1.3,True
Q60467181,Among Anita Annet,12,Anita Among,17266,35101.0,38854,49.2,False
Q382674,National Resistance Movement,17,National Resistance Movement,12477,19448.0,35986,64.2,False
Q1429374,Florence Kasumba,32,Florence Kasumba,187,11107.0,32594,1.7,True
Q33368,Luganda,64,Luganda,1524,94090.0,30158,1.6,True
Q3482121,Shimit Amin,13,Shimit Amin,4111,4956.0,29498,82.9,False
Q376073,Tito Okello,31,Tito Okello,5090,7600.0,29064,67.0,False
Q8049825,Yasmin Alibhai-Brown,13,Yasmin Alibhai-Brown,22768,23963.0,29021,95.0,False
Q49493702,Zari Hassan,6,Zari Hassan,7888,8415.0,28379,93.7,False
Q82871,Martin Ssempa,9,Martin Ssempa,10941,35800.0,28224,30.6,False
Q211970,Entebbe,61,Entebbe,273,23682.0,27362,1.2,True
Q6187078,Alupo Jessica Rose Epel,15,Jessica Alupo,5775,8717.0,26909,66.2,False
Q62481397,Nabbanja Robinah,32,Robinah Nabbanja,7838,10484.0,26855,74.8,False
Q3653895,1971 Ugandan coup d'état,12,1971 Ugandan coup d'etat,4370,14435.0,26104,30.3,False
Q356026,Muteesa II of Buganda,33,Ssekabaka Mutesa II,21776,28502.0,25687,76.4,False
Q984093,Vincent Otti,10,Vincent Otti,9539,13660.0,24664,69.8,False
Q105903578,Helen Nakimuli,8,Helen Nakimuli,3818,10105.0,24501,37.8,False
Q560121,Karoli Lwanga,23,Karoli Lwanga,11369,13059.0,24358,87.1,False
Q1331145,Elizabeth Nyabongo,18,Princess Elizabeth of Tooro,8759,17118.0,23868,51.2,False
Q403656,Baganda people,33,Baganda,170,41486.0,23449,0.4,True
Q630274,Muwenda Mutebi II of Buganda,17,"Muwenda Mutebi II, Kabaka wa Buganda",8277,13248.0,23434,62.5,False
Q1185973,demographics of Uganda,14,Category:Abantu ba Uganda,132,30299.0,23339,0.4,True
Q495475,Murchison Falls,35,Murchison Falls,3384,4512.0,21480,75.0,False
Q261506,Makerere University,35,"Makerere University, Uganda",1851,45446.0,21464,4.1,True
Q3086949,Fred Rwigyema,11,Fred Rwigyema,8166,10314.0,21201,79.2,False
Q97627856,National Unity Platform,7,National Unity Platform,12546,17378.0,21109,72.2,False
Q1094107,Uganda Martyrs,17,Abajulizi ba Uganda,39658,39525.0,21072,100.3,False
Q110622354,Rogers Mato,14,Rogers Mato,9175,10822.0,20065,84.8,False
Q3539870,district of Uganda,25,Disitulikiti mu Yuganda,10821,16491.0,19799,65.6,False
Q2052850,Parliament of Uganda,22,Paalamenti ya Uganda,13008,18782.0,19647,69.3,False
Q127327345,Kabaka,16,Kabaka wa Buganda,6726,12434.0,19545,54.1,False
Q7633814,Sudhir Ruparelia,6,Sudhir Ruparelia,31932,28553.0,19109,111.8,False
Q56222379,Allan Okello,12,Allan Okello,20997,19481.0,18973,107.8,False
Q3658171,Phiona Mutesi,23,Phiona Mutesi,7210,18646.0,18888,38.7,False
Q710806,Kizza Besigye Kifeefe,14,Kizza Besigye,18515,26146.0,18040,70.8,False
Q21518474,Danny Keogh,9,Danny Keogh,5407,6096.0,17971,88.7,False
Q707775,Mwanga II of Buganda,16,Ssekabaka Mwanga II owa Buganda,19356,20541.0,17421,94.2,False
Q11990282,Mustafa Adrisi,11,Mustafa Adrisi,3220,18192.0,17326,17.7,False
Q123483135,Barugahara Balaam,5,Balaam Barugahara,13651,14228.0,17244,95.9,False
Q113004679,David Onama,5,David Onama,14198,16974.0,16423,83.6,False
Q433057,Godfrey Binaisa,28,Godfrey Binaisa,171,10583.0,15956,1.6,True
Q501709,Jinja,55,Jinja,297,35824.0,15815,0.8,True
Q5069763,Jose Chameleone,8,Jose Chameleone,12450,17576.0,15647,70.8,False
Q500397,Bwindi Impenetrable National Park,47,Ekkuumiro ly'ebisolo erya Bwindi,41513,24264.0,15451,171.1,False
Q3185163,Joseph Kibweteere,5,Joseph Kibweteere,6778,9590.0,15310,70.7,False
Q812677,Bazilio Olara-Okello,22,Bazilio Olara-Okello,2503,4357.0,14910,57.4,False
Q500107,Fort Portal,32,Fort Portal,200,15476.0,14891,1.3,True
Q2187095,Uganda People's Congress,14,Uganda People's Congress,14144,18969.0,14590,74.6,False
Q24250414,Esteri Tebandeke,12,Esteri Tebandeke,12252,12287.0,14070,99.7,False
Q553089,David Kato,24,David Kato,23325,30817.0,13913,75.7,False
Q16148206,Cabinet of Uganda,5,Cabinet of Uganda,16403,14134.0,13709,116.1,False
Q336564,John Sentamu,21,John Sentamu,34249,50891.0,13673,67.3,False
Q102320873,Hamis Kiggundu,13,Hamis Kiggundu,30543,44056.0,13015,69.3,False
Q4118193,Mandela National Stadium,24,Ekisaawe ky'eggwanga ekya Mandela,11378,13696.0,12785,83.1,False
Q137561637,James Bogere,8,James Bogere,2743,4628.0,12738,59.3,False
Q623206,Presidential Commission of Uganda,6,Presidential Commission of Uganda,6400,7166.0,12551,89.3,False
Q659324,SC Villa,20,Kilaabu ya SC Villa,31454,23673.0,12530,132.9,False
Q1536346,Victory at Entebbe,10,Victory at Entebbe,6383,9857.0,12201,64.8,False
Q923489,Credonia Mwerinde,7,Credonia Mwerinde,5338,10534.0,12093,50.7,False
Q180261,list of cities and towns in Uganda,29,Olukalala lw'ebibuga n'obubuga mu Uganda,9110,9741.0,12025,93.5,False
Q242051,Irshad Manji,39,Irshad Manji,29575,48384.0,11854,61.1,False
Q58304913,Shafiq Zia,6,Shafiq Zia,10946,10476.0,11614,104.5,False
Q125888,Lake Albert,88,Ennyanja Mwitanzige,1986,17182.0,11227,11.6,True
Q65087995,Ish Wainright,12,Ishmail Wainright,17301,24583.0,11063,70.4,False
Q1512041,history of Uganda,28,Ebyafaayo bya Uganda,24811,29849.0,11030,83.1,False
Q50316336,Elvis Bwomono,7,Elvis Bwomono,4115,9486.0,11013,43.4,False
Q16202368,Uche Ikpeazu,12,Uche Ikpeazu,49479,56128.0,10732,88.2,False
Q16728749,Eddy Kenzo,11,Eddy Kenzo,21909,42955.0,10605,51.0,False
Q1711917,Julia Sebutinde,19,Julia Sebutinde,7279,25753.0,10564,28.3,False
Q431624,Miria Obote,13,Miria Obote,2051,13831.0,10484,14.8,False
Q1026465,Kadaga Rebecca Alitwala,27,Rebecca Kadaga,14837,20151.0,10265,73.6,False
Q24872105,Sheebah Karungi,9,Sheebah Karungi,19334,22365.0,10186,86.4,False
Q309426,Kasubi Tombs,57,Kasubi Tombs,19372,16877.0,10138,114.8,False
Q6873258,Miria Matembe,11,Miria Matembe,8346,10557.0,10120,79.1,False
Q7877575,Commonwealth realm of Uganda,11,Uganda (1962–1963),1745,5891.0,9492,29.6,True
Q305721,Abayudaya,16,Abayudaaya,26301,24509.0,9367,107.3,False
Q20684444,Aamito Lagum,9,Aamito Lagum,10795,11959.0,9343,90.3,False
Q2462330,Prime Minister of Uganda,18,Ssaabaminisita wa Uganda,9765,15281.0,9175,63.9,False
Q111530547,Nyamutoro Phiona,7,Phiona Nyamutoro,3148,10279.0,9099,30.6,False
Q740847,Denis Onyango,19,Denis Onyango,7925,20243.0,9029,39.1,False
Q5434722,Farah Damji,7,Farah Damji,24540,29391.0,8697,83.5,False
Q15999159,Muljibhai Madhvani,5,Muljibhai Madhvani,8103,9820.0,8611,82.5,False
Q6787393,Kasaija Matia,6,Matia Kasaija,6971,9957.0,8257,70.0,False
Q1395043,Janani Luwum,16,Janani Luwum,8018,12362.0,8127,64.9,False
Q1154617,politics of Uganda,14,Category:Ebyobufuzi mu Uganda,165,20504.0,8102,0.8,True
Q581379,Gulu City,48,Gulu,179,21328.0,8097,0.8,True
Q21759,Winnie Byanyima,28,Winnie Byanyima,8059,16974.0,7997,47.5,False
Q113560811,Basil Tuma,6,Basil Tuma,8095,10903.0,7987,74.2,False
Q15060544,Pione Sisto,39,"Pione Sisto, musambi wa mupiira",26839,27813.0,7948,96.5,False
Q2597300,Bundibugyo,13,Bundibugyo,176,11317.0,7745,1.6,True
Q889311,Muteesa I of Buganda,12,Muteesa I of Buganda,8861,15326.0,7580,57.8,False
Q30061488,boda boda,15,Boda-boda,2690,13040.0,7522,20.6,False
Q24572616,Aceng Jane Ruth Ocero,14,Jane Aceng,10414,26581.0,7280,39.2,False
Q4280983,Mao Norbert,8,Norbert Mao,11174,12554.0,7257,89.0,False
Q530084,Queen Elizabeth National Park,33,Queen Elizabeth National Park,6783,14872.0,7208,45.6,False
Q1893242,Murchison Falls National Park,30,Ekkuumiro ly'ebisoro erya Murchison Falls,9447,8394.0,7111,112.5,False
Q6378429,Katumba Wamala Edward,6,Katumba Wamala,9464,18438.0,6972,51.3,False
Q2928157,Vipers SC,14,Kiraabu ya Vipers SC,21613,14789.0,6893,146.1,False
Q539807,Juliana Kanyomozi,16,Juliana Kanyomozi,15833,23608.0,6686,67.1,False
Q708027,Daudi Cwa II of Buganda,9,Ssekabaka Daudi Cwa II,7409,10853.0,6629,68.3,False
Q486016,Benedicto Kiwanuka,18,Benedicto Kiwanuka,5690,8705.0,6510,65.4,False
Q125211,Lake Edward,75,Ennyanja Edward,18292,16922.0,6509,108.1,False
Q28457520,Rolex,6,Rolex,16683,4265.0,6461,391.2,False
Q3637341,Bebe Cool,10,Bebe Cool,11911,21071.0,6434,56.5,False
Q115110885,Rebecca Cheptegei,32,Rebecca Cheptegei,24245,21083.0,6419,115.0,False
Q50413578,Lydia Mugambe,8,Lydia Mugambe,4591,14155.0,6372,32.4,False
Q1362129,Bundibugyo District,19,Bundibugyo (disitulikit),847,6393.0,6355,13.2,True
Q976848,Wakiso District,25,Wakiso (disitulikit),9332,9132.0,6349,102.2,False
Q2738248,Uganda National Liberation Front,11,Uganda National Liberation Front,5228,9883.0,6083,52.9,False
Q96270510,John Blaq,6,John Blaq,9168,14822.0,6081,61.9,False
Q500111,Arua,30,Arua,275,19652.0,6030,1.4,True
Q4157645,Democratic Party,10,Ekibiina kya Democratic Party(Uganda),13901,15208.0,6029,91.4,False
Q1015727,Mbale City,33,Mbale,8465,15341.0,5997,55.2,False
Q5473101,Forum for Democratic Change,11,Forum for Democratic Change (FDC),13754,17743.0,5929,77.5,False
Q455244,Alice Auma Lakwena,16,Alice Auma,9659,8955.0,5848,107.9,False
Q1027090,Betty Okino,17,Betty Okino,5809,7864.0,5777,73.9,False
Q47359700,Spice Diana,7,Spice Diana,3980,8872.0,5769,44.9,False
Q58240,Sam Kutesa,15,Sam Kutesa,14366,20054.0,5678,71.6,False
Q5724541,Henry Kyemba,11,Henry Kyemba,5195,19038.0,5632,27.3,False
Q110193,"Oh Uganda, Land of Beauty",47,"Oh Uganda, Ensi ya Bulungi",9841,12446.0,5505,79.1,False
Q4591759,Andrew Mwenda,9,Andrew Mwenda,16468,17288.0,5294,95.3,False
Q721339,Ayub Kalule,10,Ayub Kalule,14090,15840.0,5237,89.0,False
Q3463928,Saint Kizito,12,Saint Kizito,2608,3728.0,5188,70.0,False
Q2311898,KCCA FC,19,Kampala Capital City Authority FC,58761,43765.0,5176,134.3,False
Q6359113,Kampala International University,6,Kampala International University,11899,10683.0,5152,111.4,False
Q18719341,Cindy Sanyu,9,Cindy Sanyu,10042,12988.0,5097,77.3,False
Q1793381,"Shriti Vadera, Baroness Vadera",11,"Shriti Vadera, Baroness Vadera",16948,16947.0,5044,100.0,False
Q24577229,Madina Nalwanga,14,Madina Nalwanga,4157,6965.0,5036,59.7,False
Q956659,Masaka,25,Masaka,512,21454.0,5024,2.4,True
Q913737,Geoffrey Oryema,22,Geoffrey Oryema,1169,9857.0,5018,11.9,True
Q83614709,Vanessa Nakate,41,Vanessa Nakate,10317,29420.0,5016,35.1,False
Q131705982,Allan Oyirwoth,6,Allan Oyirwoth,3145,8717.0,5011,36.1,False
Q3052823,Emmanuel Okwi,17,Emmanuel Okwi,13525,21458.0,5000,63.0,False
Q976859,Nakasongola District,20,Nakasongola (disitulikit),470,4840.0,4888,9.7,True
Q1010056,Lake Bunyonyi,20,Ennyanja Bunyonyi,9970,11335.0,4881,88.0,False
Q1207825,Tororo,25,Tororo,229,19591.0,4853,1.2,True
Q18637131,Anne Kansiime,9,Anne Kansiime,11056,14864.0,4848,74.4,False
Q22935831,Alan Kasujja,5,Alan Kasujja,3580,4649.0,4829,77.0,False
Q1740843,Ruhakana Rugunda,25,Ruhakana Ruganda,7847,11323.0,4823,69.3,False
Q29479762,Toby Sibbick,9,Toby Sibbick,13078,14357.0,4812,91.1,False
Q57873,Amama Mbabazi,22,Amama Mbabazi,13356,14752.0,4740,90.5,False
Q7877609,Uganda Martyrs University,6,Uganda Martyrs University,10060,13651.0,4735,73.7,False
Q375485,Federation of Uganda Football Associations,23,Federation of Uganda Football Associations,16743,21807.0,4732,76.8,False
Q487300,Bank of Uganda,20,Bank of Uganda,8944,8057.0,4721,111.0,False
Q15056380,Melvyn Lorenzen,17,"Melvyn Lorenzen, Musambi wa mupiira",13139,14570.0,4603,90.2,False
Q5341172,education in Uganda,8,Ebyenjigiriza mu Uganda,5441,62476.0,4488,8.7,False
Q6119076,Jacob Oulanyah,6,Jacob Oulanyah,6085,13829.0,4463,44.0,False
Q6960652,Nakivubo Stadium,12,Ekisaawe kya Nakivubo,3164,23893.0,4447,13.2,False
Q25040426,MTN Uganda,5,MTN Uganda,25156,25666.0,4379,98.0,False
Q4022677,Kampala Mosque,18,Omuzikiti gw'eggwanga mu Uganda,7354,6219.0,4366,118.3,False
Q1232016,Kasese,27,Kasese,209,15044.0,4363,1.4,True
Q26251805,Bevis Mugabi,15,Bevis Mugabi,4949,17905.0,4295,27.6,False
Q54233287,Agnes Nandutu,7,Agnes Nandutu,15564,15694.0,4262,99.2,False
Q5968234,Philly Lutaaya,8,Philly Bongole Lutaaya,5214,7167.0,4244,72.8,False
Q6318370,Lumumba Justine Kasule,9,Justine Lumumba Kasule,5912,6804.0,4214,86.9,False
Q24565855,Monica Azuba Ntege,10,Monica Azuba Ntege,3597,8857.0,4142,40.6,False
Q1113362,p’Bitek Okot,16,P'Bitek Okot,10951,11873.0,4120,92.2,False
Q804474,Konjo people,16,Bakonjo,54074,64776.0,4068,83.5,False
Q372259,John Akii-Bua,32,John Akii-Bua,3768,11414.0,4034,33.0,False
Q5345394,Edward Ssekandi,10,Ow'ekitiibwa Edward Kiwanuka Ssekandi,6636,7600.0,4031,87.3,False
Q3868597,music of Uganda,6,Okuyimba mu Uganda,36789,34803.0,3947,105.7,False
Q493271,East African Breweries,9,East African Breweries,26313,23721.0,3946,110.9,False
Q1074974,Kassim Ouma,8,Kassim Ouma,17550,18853.0,3942,93.1,False
Q1624192,Hoima,24,Hoima,402,19441.0,3914,2.1,True
Q16223205,Khalid Aucho,14,Khalid Aucho,13176,23524.0,3898,56.0,False
Q27107066,Elio Capradossi,16,Elio Capradossi,7218,15985.0,3866,45.2,False
Q1164175,2011 Ugandan general election,8,Akalulu ka Uganda aka 2011,8920,9518.0,3819,93.7,False
Q6176542,Odongo Jeje Abubakhar,8,Jeje Odongo,5780,8212.0,3690,70.4,False
Q19957755,Farouk Miya,20,Farouk Miya,10471,14289.0,3609,73.3,False
Q105503232,Aziz Kayondo,9,Aziz Kayondo,4401,7118.0,3582,61.8,False
Q6898106,Queen of Uganda,7,Queen of Uganda,6554,6903.0,3554,94.9,False
Q2649391,Rakai,12,Rakai,216,9796.0,3528,2.2,True
Q29390046,Stella Nyanzi,13,Stella Nyanzi,19155,32260.0,3482,59.4,False
Q16935180,Rema Namakula,9,Rema Namakula,6280,9798.0,3478,64.1,False
Q838928,Rwenzori Mountains National Park,46,Ekkuumiro ly'ebisolo erya Rwenzori Mountains National Park,8222,8526.0,3453,96.4,False
Q1636788,Kintu,7,Kintu,10339,9950.0,3422,103.9,False
Q4742276,Kyambadde Amelia Anne,14,Amelia Kyambadde,7460,8457.0,3402,88.2,False
Q3784984,Henry Oryem Okello,5,Henry Oryem Okello,5609,8892.0,3359,63.1,False
Q18349252,Herman Basudde,5,Herman Basudde,13518,9708.0,3355,139.2,False
Q3556899,Vice President of Uganda,10,Vice President of Uganda,3381,3173.0,3340,106.6,False
Q2821818,Abraham Chepkirwok,8,Abraham Chepkirwok,5142,6857.0,3311,75.0,False
Q19609598,Evelyn Anite,8,Evelyn Anite,10952,20452.0,3276,53.5,False
Q24577238,Robert Katende,5,Robert Katende,10982,10890.0,3249,100.8,False
Q179198,Mukono,22,Mukono Town,6564,7512.0,3238,87.4,False
Q105965226,Shartsi Musherure Kuteesa,5,Shatsi Musherure Kutesa,5044,11928.0,3235,42.3,False
Q26838082,Peruth Chemutai,36,Peruth Chemutai,7654,14138.0,3233,54.1,False
Q636655,Mgahinga Gorilla National Park,25,Ekkuumira ly'amazike erya Mgahinga,6807,6417.0,3231,106.1,False
Q889688,Kabarega of Bunyoro,6,Kabarega w'e Bunyoro,4099,5692.0,3230,72.0,False
Q344941,Samson Kisekka,10,Samson Kisekka,2282,8859.0,3214,25.8,False
Q544606,Specioza Kazibwe,21,Specioza Kazibwe,6172,10907.0,3194,56.6,False
Q18764172,Judith Babirye,7,Judith Babirye,2799,9225.0,3186,30.3,False
Q591283,Lake Mburo National Park,23,Ekkuumiro ly'ebisolo erya Lake Mburo,3970,9792.0,3141,40.5,False
Q706635,James Hannington,12,James Hannington,18689,15577.0,3122,120.0,False
Q1407972,2001 Ugandan presidential election,9,2001 okulonda kwa pulezidenti wa Uganda,4700,5018.0,3089,93.7,False
Q588930,Kabale,23,Kabale,353,14367.0,3071,2.5,True
Q938145,Ntungamo,15,Ntungamo,5983,11246.0,3066,53.2,False
Q24572733,Namuganza Persis Princess,7,Persis Namuganza,9585,16202.0,3055,59.2,False
Q514030,Mbarara University of Science and Technology,13,Ssetendekero y’e Mbarara,7898,11253.0,3050,70.2,False
Q1740874,Kidepo Valley National Park,22,Ekkuumiro ly'ebisolo erya Kidepo Valley,6545,21848.0,3036,30.0,False
Q867219,Kalangala District,28,Kalangala (disitulikit),1031,11192.0,3007,9.2,True
Q1895698,Police FC,9,Police FC (Uganda) .,5271,9799.0,3006,53.8,False
Q2753927,Kyambogo University,12,Yunivasite y'e Kyambogo,8791,11355.0,3003,77.4,False
Q4867416,Basilica of the Uganda Martyrs,11,"Basilica of the Uganda Martyrs, Namugongo",11,7460.0,2985,0.1,True
Q338125,Semei Kakungulu,6,Semei Kakungulu,8836,11884.0,2916,74.4,False
Q1353883,Majid Musisi,11,Majid Musisi,16541,19094.0,2914,86.6,False
Q136693453,Abraham Luzzi,7,Abraham Luzzi,17491,24679.0,2910,70.9,False
Q123986370,Susan Nsibirwa,6,Susan Nsibirwa,4072,8663.0,2905,47.0,False
Q2851484,Annet Negesa,7,Annet Negesa,6547,9733.0,2897,67.3,False
Q393388,Aggrey Awori,7,Aggrey Awori,16541,17499.0,2894,94.5,False
Q486865,,11,Uganda Airlines (1976-2001),16447,26098.0,2887,63.0,False
Q118358888,Agather Atuhaire,10,Agather Atuhaire,4074,4710.0,2830,86.5,False
Q525954,Kisoro,21,Kisoro,218,10190.0,2825,2.1,True
Q2141024,Soroti,25,Soroti,190,20056.0,2815,0.9,True
Q37994847,Nancy Kacungira,5,Nancy Kacungira,10184,11703.0,2807,87.0,False
Q714662,Martin Mutumba,19,Martin Kayongo-Mutumba,13797,18108.0,2799,76.2,False
Q98733574,Musenero Monica Masanza,6,Monica Musenero,4474,8474.0,2796,52.8,False
Q7383142,Ruth Nankabirwa,6,Ruth Nankabirwa,5416,7833.0,2769,69.1,False
Q7877696,1996 Ugandan presidential election,6,1996 Okulonda kwa pulezidenti wa Uganda,9655,7769.0,2751,124.3,False
Q24572619,Betty Amongi,12,Betty Amongi,7753,9416.0,2739,82.3,False
Q966819,Kira Town,25,"Kira, Yuganda",281,23142.0,2738,1.2,True
Q1173623,Bahati David,8,David Bahati,15041,15640.0,2695,96.2,False
Q960312,Express F.C.,12,Express FC,38564,37939.0,2692,101.6,False
Q42563115,Lydia Jazmine,5,Lydia Jazmine,3071,5889.0,2682,52.1,False
Q1059582,Charles Mumbere,7,Charles Mumbere,9373,9500.0,2667,98.7,False
Q2473859,Uganda Christian University,10,Uganda Christian University,16601,18356.0,2654,90.4,False
Q1028215,Gulu District,21,Gulu (disitulikit),4321,6212.0,2636,69.6,False
Q19668159,Flavia Tumusiime,10,Flavia Tumusiime,7310,10771.0,2636,67.9,False
Q28223289,Ministry of Health,5,Minisitule Evunaanyizibwa ku By'obulamu mu Uganda,6021,7545.0,2628,79.8,False
Q7877608,Uganda Management Institute,8,Uganda Management Institute,7139,6909.0,2624,103.3,False
Q16876017,Jennifer Nasubuga Makumbi,11,Jennifer Nansubuga Makumbi,22778,30149.0,2583,75.6,False
Q1495779,King's College Budo,5,"King's College, Budo",10143,15752.0,2578,64.4,False
Q5158982,Islamic University in Uganda,14,Islamic University in Uganda,6137,10581.0,2570,58.0,False
Q22007122,Bakireke Nambooze Betty,11,Betty Nambooze,5915,14232.0,2568,41.6,False
Q111530519,Priscilla Zawedde (Azawi),5,Azawi,13549,14425.0,2559,93.9,False
Q7661016,Sylvia Tamale,20,Sylvia Tamale,20453,28567.0,2558,71.6,False
Q976873,Rakai District,21,Rakai (disitulikit),674,8972.0,2556,7.5,True
Q3105642,Gilbert Bukenya,9,Gilbert Bukenya,15762,10423.0,2538,151.2,False
Q3316583,Miss Uganda,9,Miss Uganda,988,12022.0,2536,8.2,True
Q1362587,Yumbe District,20,Yumbe (disitulikit),489,9780.0,2534,5.0,True
Q3445761,Erinayo Wilson Oryema,5,Erinayo Wilson Oryema,8777,8298.0,2518,105.8,False
Q7270525,Sylvia of Buganda,6,Sylvia Nagginda,7218,12579.0,2493,57.4,False
Q1151066,Mukono District,24,Mukono (disitulikit),878,9953.0,2453,8.8,True
Q1509547,Lake George,25,Ennyanja George mu Uganda.,2724,7862.0,2444,34.6,False
Q21032193,Wanyoto Lydia Mutende,10,Lydia Wanyoto Mutende,6290,9088.0,2428,69.2,False
Q131290889,Calvin Kabuye,5,Calvin Kabuya,3017,6424.0,2417,47.0,False
Q4731734,Allen Kagina,8,Allen Kagina,6200,7682.0,2396,80.7,False
Q52615829,Nabakooba Judith Nalule,7,Judith Nabakooba,3125,7926.0,2367,39.4,False
Q1175948,David Obua,13,David Obua,14898,15649.0,2332,95.2,False
Q4795033,Gladys Kalema-Zikusoka,23,Gladys Kalema-Zikusoka,10611,15703.0,2316,67.6,False
Q5001978,Busitema University,8,Busitema University,719,15046.0,2275,4.8,True
Q131620096,Kenneth Semakula,5,Kenneth Semakula,3958,6403.0,2271,61.8,False
Q104839796,Tito Okello,10,Tito Okello (muzannyi wa mupiira),3477,7823.0,2244,44.4,False
Q6702541,Nakadama Rukia Isanga,9,Lukia Isanga Nakadama,4259,6745.0,2244,63.1,False
Q619536,Apollo Kaggwa,9,Apollo Kaggwa,9476,11407.0,2223,83.1,False
Q14956750,Mulago Hospital,6,Mulago National Specialised Hospital,7841,12943.0,2216,60.6,False
Q520214,New Vision,7,New Vision (olupapula lw'amawulire),6708,11670.0,2185,57.5,False
Q1207391,Kayunga District,25,Kayunga (disitulikit),1188,6385.0,2177,18.6,True
Q16732201,Mukasa Mbidde,5,Mukasa Mbidde,20903,20892.0,2156,100.1,False
Q4793893,Maggie Kigozi,12,Maggie Kigozi,7761,10683.0,2154,72.6,False
Q4757568,Andrew Kaggwa,10,Andrew Kaggwa,1677,3130.0,2150,53.6,True
Q115681462,Bobosi Byaruhanga,5,Bobosi Byaruhanga,5547,7681.0,2149,72.2,False
Q1681274,James Wapakhabulo,5,James Wapakhabulo,4580,8300.0,2144,55.2,False
Q519453,Frank Mugisha,20,Frank Mugisha,10969,10976.0,2122,99.9,False
Q1229919,Kasese District,18,Kasese (disitulikit),392,7942.0,2114,4.9,True
Q696437,Ibrahim Sekagya,17,Ibrahim Sekagya,10692,14943.0,2105,71.6,False
Q62090361,Herbert Bockhorn,7,Herbert Bockhorn,8906,11471.0,2083,77.6,False
Q110611318,Travis Mutyaba,11,Travis Mutyaba,9851,13881.0,2068,71.0,False
Q42820085,Adeke Anna Ebaju,9,Anna Ebaju Adeke,10429,13181.0,2066,79.1,False
Q320005,Apolo Nsibambi,28,Apolo Nsibambi,8910,11266.0,2065,79.1,False
Q486859,Paul Kawanga Ssemogerere,11,Paul Ssemogerere (munnabyabufuzi),7462,11893.0,2065,62.7,False
Q1229734,Adjumani District,20,Adjumani (disitulikit),331,7195.0,2064,4.6,True
Q1229869,Iganga District,22,Iganga (disitulikit),785,4205.0,2063,18.7,True
Q27690245,Diana Atwine,5,Diana Atwine,5297,5774.0,2059,91.7,False
Q2203142,Kapchorwa,12,Kapchorwa,512,9818.0,2058,5.2,True
Q534203,Kyankwanzi District,21,Kyankwanzi (disitulikit),679,15062.0,2050,4.5,True
Q1186541,Tororo District,24,Tororo (disitulikit),305,6858.0,2049,4.4,True
Q3810254,Joseph Mukasa,8,Joseph Mukasa Balikuddembe,6168,6838.0,2032,90.2,False
Q7933251,Violet Kajubiri,7,Violet Kajubiri,2348,3395.0,2019,69.2,False
Q205428,Semliki River,36,River Semliki,69,10788.0,2015,0.6,True
Q4696656,Aidah Nantaba,5,Idah Nantaba,8632,11501.0,1992,75.1,False
Q1318806,Kamwenge District,17,Kamwenge (disitulikit),945,12234.0,1987,7.7,True
Q581297,Eagle Air,14,Eagle Air,7923,7522.0,1972,105.3,False
Q6178659,Jennifer Musisi,6,Jennifer Musisi,17247,17556.0,1971,98.2,False
Q2041227,Apac,12,Apac,4500,10117.0,1969,44.5,False
Q3321631,Buikwe District,24,Buikwe (disitulikit),517,7074.0,1931,7.3,True
Q123520678,Jimmy Spire Sssentogo,6,Jimmy Spire Ssentongo,13373,18055.0,1917,74.1,False
Q1032245,Kanungu District,20,Kanungu (disitulikit),920,8958.0,1909,10.3,True
Q3526470,Kabale District,21,Kabale (disitulikit),1358,5792.0,1895,23.4,True
Q109974085,Babirye Milly Babalanda,6,Milly Babalanda,5726,7229.0,1893,79.2,False
Q6699738,Lugazi,16,Lugazi,3904,10522.0,1884,37.1,False
Q1364817,Luwero District,22,Luweero (disitulikit),877,6943.0,1878,12.6,True
Q110978835,Fauzia Najjemba,6,Fauzia Najjemba,5353,7084.0,1863,75.6,False
Q1229910,Kabarole District,20,Kabarole (disitulikit),289,8397.0,1855,3.4,True
Q662173,Mabira Forest,10,Mabira Forest,5554,12268.0,1855,45.3,False
Q3459039,Ibanda,14,Ibanda,265,7105.0,1846,3.7,True
Q123046119,Kitara FC,7,Kitara FC,5621,10717.0,1829,52.4,False
Q16899506,Rubaga Cathedral,8,Lutikko ya Rubaga,3494,5391.0,1809,64.8,False
Q6075178,Iryn Namubiru,6,Iryn Namubiru,12731,17248.0,1806,73.8,False
Q3815047,Kiara Kabukuru,7,Kiara Kabukuru,5422,6288.0,1790,86.2,False
Q16895659,Namirembe Cathedral,6,Lutikko ya Namirembe,7661,9162.0,1787,83.6,False
Q1229921,Kapchorwa District,20,Kapchorwa (disitulikit),586,8390.0,1779,7.0,True
Q1280038,Busia,17,"Busia, Yuganda",172,12101.0,1779,1.4,True
Q432438,Nakaseke District,19,Nakaseke (disitulikit),842,6358.0,1773,13.2,True
Q7067602,Ntare School,7,Ntare School,6335,7940.0,1773,79.8,False
Q130313949,Denis Omedi,7,Denis Omedi,9349,11118.0,1765,84.1,False
Q28474629,Timothy Awany,13,Timothy Awany,1788,5032.0,1761,35.5,True
Q1229758,Arua District,19,Arua (disitulikit),188,10620.0,1760,1.8,True
Q124423647,Simon Peter Engurait,9,Simon Peter Engurait,3571,7791.0,1759,45.8,False
Q1318857,Koboko District,18,Koboko (disitulikit),515,8470.0,1752,6.1,True
Q289419,Rukungiri District,20,Rukungiri (disitulikit),920,8253.0,1724,11.1,True
Q16194602,Razia Iqbal,7,Razia Iqbal,9399,5874.0,1719,160.0,False
Q3109755,Godfrey Walusimbi,13,Godfrey Walusimbi,5801,10599.0,1714,54.7,False
Q16954344,Budongo Forest,7,Ekibira ky'e Budongo,9688,13206.0,1711,73.4,False
Q7071070,Nyero Rockpaintings,7,Nyero rock paintings,9954,9564.0,1706,104.1,False
Q4859206,Barbara Oundo Nekesa,8,Barbara Nekesa Oundo,5880,9429.0,1705,62.4,False
Q1657091,Iganga,18,Iganga,152,15374.0,1696,1.0,True
Q3873733,Uganda men's national basketball team,10,Uganda men's national basketball team,15489,18323.0,1677,84.5,False
Q1354926,Eriya Kategaya,8,Eriya Kategaya,6750,8732.0,1667,77.3,False
Q13125467,Aloisea Inyumba,12,Aloisea Inyumba,7043,7192.0,1665,97.9,False
Q6416282,Kirunda Kivejinja,6,Kirunda Kivejinja,7030,7243.0,1658,97.1,False
Q595684,Mountains of the Moon University,6,Mountains of the Moon University,124,10313.0,1657,1.2,True
Q407874,,18,Air Uganda,16201,19621.0,1652,82.6,False
Q484802,Otema Allimadi,9,Otema Allimadi,2413,4545.0,1650,53.1,False
Q1032233,Masaka District,24,Masaka (disitulikit),809,6517.0,1648,12.4,True
Q557172,University of East Africa,14,Yunivasite y'ebuvanjuba bwa Afirika,2065,6030.0,1648,34.2,False
Q204642,Ntungamo District,18,Ntungamo (disitulikit),318,6500.0,1646,4.9,True
Q5617918,Gulu University,10,Ssettendekero wa Gulu,8098,12993.0,1643,62.3,False
Q4940747,Bombo,10,"Bombo, Yuganda",373,13434.0,1640,2.8,True
Q1364824,Mayuge District,20,Mayuge (disitulikit),990,8453.0,1632,11.7,True
Q2896128,Benjamin Kiplagat,16,Benjamin Kiplagat,6681,9846.0,1632,67.9,False
Q5981209,Ian Clarke,6,Ian Clarke,8766,9929.0,1630,88.3,False
Q5373353,Emmanuel Tumusiime-Mutebile,8,Emmanuel Tumusiime-Mutebile,6616,9725.0,1618,68.0,False
Q1362109,Mpigi District,21,Mpigi (disitulikit),728,5501.0,1613,13.2,True
Q105965184,Gorreth Namugga,5,Gorreth Namugga,1029,4662.0,1610,22.1,True
Q15979884,Maroons FC,7,Maroons FC,10919,10642.0,1607,102.6,False
Q4673765,Achilleus Kewanuka,9,Achilleus Kiwanuka,5221,5819.0,1606,89.7,False
Q1318887,Isingiro District,19,Isingiro (disitulikit),1167,5121.0,1604,22.8,True
Q3536053,Agago District,19,Agago (disitulikit),3346,4795.0,1591,69.8,False
Q5534730,Geoffrey Kizito,11,Geoffrey Kizito,2418,5006.0,1584,48.3,False
Q3539256,Kyegegwa District,17,Kyegegwa (disitulikit),178,5526.0,1573,3.2,True
Q19668599,Beti Kamya-Turwomwe,9,Beti Kamya,4183,14987.0,1569,27.9,False
Q891962,Mubende District,24,Mubende (disitulikit),656,5463.0,1566,12.0,True
Q3530559,Nakasongola,12,Nakasongola,5055,10168.0,1565,49.7,False
Q1681437,Kintu Musoke,12,Kintu Musoke,2711,6476.0,1563,41.9,False
Q58041073,Anyakun Esther Davinia,6,Davinia Esther Anyakun,4440,7034.0,1555,63.1,False
Q328785,George Cosmas Adyebo,11,George Cosmas Adyebo,5045,4472.0,1553,112.8,False
Q3321637,Gomba District,21,Gomba (disitulikit),189,4510.0,1543,4.2,True
Q31209259,Barnabas Nawangwe,7,Barnabas Nawangwe,12889,13500.0,1534,95.5,False
Q2183668,Moyo District,21,Moyo (disitulikit),382,6468.0,1531,5.9,True
Q4711148,Albert Ruskin Cook,9,Albert Ruskin Cook,5304,6411.0,1531,82.7,False
Q3539730,Zombo District,19,Zombo (disitulikit),728,11145.0,1529,6.5,True
Q1441372,Francis Ayume,5,Francis Ayume,6208,5961.0,1529,104.1,False
Q19667316,Rachael Magoola,6,Rachael Magoola,5514,6923.0,1528,79.6,False
Q4986155,Bugema University,7,Bugema University,11022,11549.0,1526,95.4,False
Q1375825,Nebbi District,20,Nebbi (disitulikit),829,7344.0,1520,11.3,True
Q3499673,Adjumani,18,Adjumani,158,10998.0,1518,1.4,True
Q3539648,Rubirizi District,17,Rubirizi (disitulikit),1058,7200.0,1516,14.7,True
Q3539116,Kiryandongo District,19,Kiryandongo (disitulikit),325,6374.0,1511,5.1,True
Q2605033,Betty Oyella Bigombe,8,Betty Oyella Bigombe,8662,12270.0,1510,70.6,False
Q43817461,Edith Nakalema,5,Edith Nakalema,10011,11213.0,1507,89.3,False
Q933338,Mpigi,11,Mpigi,8932,11361.0,1490,78.6,False
Q42664267,Winnie Kiiza,6,Winnie Kiiza,3165,7605.0,1483,41.6,False
Q24886704,Kyangwali Refugee Settlement,6,Ensenga yababundabunda Kyangwali,4983,9800.0,1461,50.8,False
Q976883,Ssembabule District,19,Sembabule (disitulikit),289,6674.0,1460,4.3,True
Q96362788,Dorothy Kisaka,8,Dorothy Kisaka,11007,6700.0,1460,164.3,False
Q5761037,Onek Hilary Obaloker,10,Hilary Onek,15192,20706.0,1451,73.4,False
Q1186535,Hoima District,19,Hoima (disitulikit),857,8334.0,1446,10.3,True
Q45354341,Kemiyondo Coutinho,6,Kemiyondo Coutinho,4505,5847.0,1429,77.0,False
Q556009,Moses Ndiema Kipsiro,20,Moses Ndiema Kipsiro,11288,18689.0,1424,60.4,False
Q23304245,James Isabirye Mugoya,5,James Isabirye Mugoya,5966,4574.0,1422,130.4,False
Q19667631,Tumwesigye Elioda,5,Elioda Tumwesigye,9183,20566.0,1419,44.7,False
Q580538,Kisoro District,22,Kisoro (disitulikit),481,5491.0,1418,8.8,True
Q263372,Dorcus Inzikuru,22,Dorcus Inzikuru,8799,10017.0,1398,87.8,False
Q16213674,Mariam Ndagire,11,Mariam Ndagire,10228,12002.0,1393,85.2,False
Q23808691,Ssabagabo,11,Ssabagabo,261,9551.0,1384,2.7,True
Q26702189,Nana Kagga,19,Nana Kagga,13891,16612.0,1381,83.6,False
Q26705067,Halimah Nakaayi,26,Halimah Nakaayi,12984,19689.0,1376,65.9,False
Q123061462,NEC FC,7,National Enterprise Corporation FC,6925,8339.0,1372,83.0,False
Q7021931,Ngamba Island Chimpanzee Sanctuary,7,Ekkuumiro ly'amazike ku kazinga ka Ngamba,6005,4829.0,1368,124.4,False
Q19667624,Maurice Kirya,7,Maurice Kirya,12963,9348.0,1357,138.7,False
Q69485762,Mustafa Kizza,6,"Mustafa Kizza, Musambi wa Mupiira",13512,14752.0,1356,91.6,False
Q1114915,Namayingo District,17,Namayingo (disitulikit),5477,9597.0,1350,57.1,False
Q604966,Kibaale District,19,Kibaale (disitulikit),1130,10729.0,1347,10.5,True
Q1375812,Bukedea District,20,Bukedea (disitulikit),3585,4412.0,1345,81.3,False
Q28474561,Muhammad Shaban,14,Muhammad Shaban,1145,9138.0,1337,12.5,True
Q500162,Kitgum District,22,Kitgum (disitulikit),9985,8071.0,1336,123.7,False
Q105951053,Sarah Mateke Nyirabashitsi,7,Sarah Mateke Nyirabashitsi,2877,6096.0,1312,47.2,False
Q983748,Jinja District,24,Jinja (disitulikit),841,3790.0,1311,22.2,True
Q42806525,Ingrid Turinawe,5,Ingrid Turinawe,3017,8612.0,1308,35.0,False
Q6343817,Kabale University,6,Kabale University,17265,10677.0,1306,161.7,False
Q1318822,Amolatar District,19,Amolatar District,8755,9053.0,1290,96.7,False
Q941273,Bugala Island,15,Ekizinga Bugala,6797,6452.0,1279,105.3,False
Q19766057,Joan Kagezi,5,Joan Kagezi,9916,14742.0,1279,67.3,False
Q20746335,Munyonyo Martyrs Shrine,8,Munyonyo Martyrs Shrine,7602,7566.0,1276,100.5,False
Q6961899,Namirembe Bitamazire,9,Namirembe Bitamazire,3680,8116.0,1273,45.3,False
Q3539277,Lamwo District,18,Lamwo (disitulikit),419,4972.0,1269,8.4,True
Q1229793,Buliisa District,21,Buliisa (disitulikit),572,9704.0,1266,5.9,True
Q1318865,Kiruhura District,19,Kiruhura (disitulikit),6786,7388.0,1264,91.9,False
Q581822,Mbale District,19,Mbale (disitulikit),454,10341.0,1264,4.4,True
Q5002521,Butiaba,7,Butyaba,283,6874.0,1261,4.1,True
Q1606997,Henry Luke Orombi,5,Henry Luke Orombi,6520,11387.0,1259,57.3,False
Q6349469,Kakira,7,Kakira,150,7926.0,1252,1.9,True
Q451589,Pakwach,19,Pakwach,299,12466.0,1243,2.4,True
Q44480089,Jay Mulucha,6,Jay Mulucha,2812,2737.0,1233,102.7,False
Q330695,Abraham Waligo,7,Abraham Waligo,1997,3686.0,1227,54.2,True
Q2692613,Katonga River,18,Katonga,2608,3006.0,1226,86.8,False
Q3539572,Nwoya District,19,Nwoya (disitulikit),242,5429.0,1220,4.5,True
Q5003218,Buvuma Island,8,Buvuma Island,6313,6751.0,1217,93.5,False
Q3539547,Ntoroko District,17,Ntoroko (disitulikit),394,5311.0,1216,7.4,True
Q18719438,Grace Nakimera,8,Grace Nakimera,2498,6255.0,1214,39.9,False
Q335479,George Wilberforce Kakoma,7,George Wilberforce Kakoma,5112,5593.0,1210,91.4,False
Q14734444,Solomy Balungi Bossa,11,Solome Bossa,11656,11405.0,1206,102.2,False
Q1375755,Butaleja District,20,Butaleja (disitulikit),656,7588.0,1194,8.6,True
Q16148118,Grace Akallo,10,Grace Akallo,16993,21432.0,1188,79.3,False
Q3321622,Butambala District,22,Butambala (disitulikit),1021,5196.0,1186,19.6,True
Q1375771,Amuru District,21,Amuru (disitulikit),407,5386.0,1184,7.6,True
Q4739981,Amanya Mushega,5,Amanya Mushega,4911,5802.0,1184,84.6,False
Q60769700,Kikuube District,10,Disitulikiti y'e Kikuube,1183,8968.0,1183,13.2,True
Q43387704,Leilah Babirye,7,Leilah Babirye,18914,16352.0,1178,115.7,False
Q3802457,Bushenyi-ishaka Municipality,5,Ishaka,156,10336.0,1178,1.5,True
Q768282,Augustine Kasujja,16,Augustine Kasujja,5803,11749.0,1177,49.4,False
Q18719488,Irene Ntale,8,Irene Ntale,5563,7674.0,1176,72.5,False
Q19664772,Levixone,5,Levixone,6780,7815.0,1176,86.8,False
Q3539414,Mitooma District,17,Mitooma (disitulikit),672,6180.0,1174,10.9,True
Q6761316,Maria Kiwanuka,12,Maria Kiwanuka,5369,11804.0,1168,45.5,False
Q164474,Kamuli District,23,Kamuli (disitulikit),715,9806.0,1164,7.3,True
Q1375843,Pallisa District,20,Pallisa (disitulikit),398,6322.0,1163,6.3,True
Q4917719,Bishop Stuart University,6,Bishop Stuart University,18478,16569.0,1162,111.5,False
Q3321998,Kween District,20,Kween (disitulikit),395,4834.0,1161,8.2,True
Q116759316,Ibrahim Kasule,5,Ibrahim Kasule,8277,10363.0,1161,79.9,False
Q1375850,Moroto District,20,Moroto (disitulikit),531,7292.0,1160,7.3,True
Q6374005,Kasangati,7,Kasangati,255,11602.0,1157,2.2,True
Q995221,Kayunga,18,Kayunga,385,8327.0,1146,4.6,True
Q1649358,Wakiso Town,13,Wakiso Town,222,10294.0,1139,2.2,True
Q87725048,Oscar Chelimo,12,Oscar Chelimo,6920,9980.0,1134,69.3,False
Q1032238,Masindi District,22,Masindi (disitulikit),493,9659.0,1120,5.1,True
Q5216261,Dani Wadada Nabudere,7,Dani Wadada Nabudere,25811,24778.0,1120,104.2,False
Q5481588,Francis K. Butagira,7,Francis K. Butagira,5584,6790.0,1120,82.2,False
Q206519,Lira District,22,Lira (disitulikit),511,7136.0,1118,7.2,True
Q1114977,Luuka District,21,Luuka (disitulikit),486,6080.0,1116,8.0,True
Q508335,Taban lo Liyong,11,Taban lo Liyong,2241,9502.0,1114,23.6,False
Q849083,Roman Catholic Archdiocese of Kampala,16,Essaza Ekkulu erya Kampala (Eklezia Katolika),12326,12009.0,1112,102.6,False
Q1229750,Apac District,19,Apac (disitulikit),188,6034.0,1111,3.1,True
Q1810614,Kiboga,11,Kiboga,367,10721.0,1110,3.4,True
Q1114868,Bulambuli District,18,Bulambuli (disitulikit),191,7124.0,1109,2.7,True
Q7901699,Usama Mukwaya,9,Usama Mukwaya,342,46319.0,1107,0.7,True
Q3321614,Kalungu District,23,Kalungu (disitulikit),268,3972.0,1106,6.7,True
Q555028,Cyprian Kizito Lwanga,15,Cyprian Kizito Lwanga,5491,12418.0,1106,44.2,False
Q742655,Kalangala,15,Kalangala,2610,7484.0,1105,34.9,False
Q16300996,Henry Kisekka,8,Henry Kisekka,28804,31221.0,1104,92.3,False
Q88676023,Leah Namugerwa,21,Leah Namugerwa,9047,7095.0,1102,127.5,False
Q6699831,Lugogo Cricket Oval,9,Ekisaawe kya Lugogo Stadium,2015,3631.0,1100,55.5,False
Q1318833,Oyam District,20,Oyam District,3645,4802.0,1094,75.9,False
Q18392310,Geraldine Ssali Busuulwa,5,Geraldine Ssali Busuulwa,4969,7687.0,1087,64.6,False
Q4716143,Alengot Oromait,8,Alengot Oromait,4701,6914.0,1085,68.0,False
Q3539151,Kole District,19,Kole District,4605,5511.0,1076,83.6,False
Q13188765,Peter Miles,5,Peter Miles (omuyimbi),3840,5194.0,1074,73.9,False
Q113673749,Sadat Anaku,6,Sadat Anaku,7710,13240.0,1072,58.2,False
Q1994275,Njeru,18,Njeru,5992,6957.0,1070,86.1,False
Q672826,Uganda Revenue Authority SC,15,Uganda Revenue Authority SC,17439,11105.0,1070,157.0,False
Q16855989,Barbara Kimenye,9,Barbara Kimenye,8311,12625.0,1070,65.8,False
Q105759549,Akello Beatrice Akori,6,Beatrice Akello Akori,2433,5498.0,1070,44.3,False
Q1229797,Bushenyi District,19,Bushenyi (disitulikit),1304,6980.0,1067,18.7,True
Q17580348,Mary Okwakol,10,Mary Okwakol,4064,7636.0,1064,53.2,False
Q1229930,Katakwi District,22,Katakwi (disitulikit),433,6502.0,1059,6.7,True
Q43290694,Anita Beryl,6,Anita Beryl,6945,9482.0,1056,73.2,False
Q1375835,Sironko District,19,Sironko (disitulikit),244,8247.0,1055,3.0,True
Q3321608,Buvuma District,23,Buvuma (disitulikit),808,6239.0,1054,13.0,True
Q1362085,Budaka District,21,Budaka (disitulikit),2214,5273.0,1054,42.0,False
Q1375868,Bukwo District,20,Bukwa (disitulikit),333,6676.0,1053,5.0,True
Q5257537,Denis Ssebuggwawo Wasswa,6,Denis Ssebuggwawo Wasswa,3988,5130.0,1053,77.7,False
Q56651140,Fahad Bayo,8,Fahad Bayo,3502,8984.0,1050,39.0,False
Q1114938,Buyende District,19,Buyende (disitulikit),694,5717.0,1049,12.1,True
Q3321599,Bukomansimbi District,22,Bukomansimbi (disitulikit),426,4298.0,1047,9.9,True
Q1091595,Mbarara District,18,Mbarara (disitulikit),730,9574.0,1046,7.6,True
Q4305496,Mpondwe,7,Mpondwe,10900,11735.0,1043,92.9,False
Q1091337,Soroti District,23,Soroti (disitulikit),470,5629.0,1040,8.3,True
Q3813980,Katonda,8,Katonda,6923,3446.0,1040,200.9,False
Q16236793,Ismail Watenga,6,Ismail Watenga,1549,9494.0,1037,16.3,True
Q4804355,Ash Amin,6,Ash Amin,8478,8732.0,1034,97.1,False
Q460865,Kasha Nabagesera,20,Kasha Nabagesera,15823,16545.0,1033,95.6,False
Q1318877,Ibanda District,19,Ibanda (disitulikit),659,5516.0,1033,11.9,True
Q22278491,Laura Kahunde,8,Laura Kahunde,3444,4753.0,1028,72.5,False
Q6297101,Joy Doreen Biira,7,Joy Doreen Biira,688,16690.0,1026,4.1,True
Q1229906,Kaberamaido District,20,Kaberamaido (disitulikit),269,5865.0,1019,4.6,True
Q1229798,Bugiri District,22,Bugiri (disitulikit),810,7598.0,1018,10.7,True
Q1151062,Kumi District,23,Kumi (disitulikit),302,4403.0,1016,6.9,True
Q4777813,Anup Singh Choudry,8,Anup Singh Choudry,4190,6373.0,1016,65.7,False
Q7659743,Syda Bbumba,9,Syda Bbumba,8753,10404.0,1005,84.1,False
Q1569686,Nasser Sebaggala,5,Nasser Sebaggala,2750,6005.0,1003,45.8,False
Q1229881,Kaabong District,20,Kaabong (disitulikit),310,7278.0,1000,4.3,True
Q6450907,Kyengera,6,Kyengera,530,5103.0,996,10.4,True
Q6186189,Richard Sseruwagi,9,Richard Sseruwagi,3832,5084.0,995,75.4,False
Q892064,Kiboga District,24,Kiboga (disitulikit),239,4834.0,991,4.9,True
Q3381092,Phillip Omondi,13,Phillip Omondi,2068,3312.0,991,62.4,False
Q1338340,Emmanuel Kiwanuka Nsubuga,14,Emmanuel Nsubuga,2327,6040.0,989,38.5,False
Q3366253,Conservative Party,6,Ekibiina kya Conservative Party (Uganda),8992,11103.0,987,81.0,False
Q6779980,Mary Karooro Okurut,10,Mary Karooro Okurut,6817,12039.0,982,56.6,False
Q106577120,Steven Sserwadda,8,Steven Sserwadda Musambi wa Mupiira,11116,11984.0,979,92.8,False
Q18687836,Jessica Horn,11,Jessica Ejjembe,7461,14183.0,978,52.6,False
Q7877665,Uganda national women's cricket team,7,Ttiimu ya Uganda ey'abakazi abazannya cricket,12223,23164.0,976,52.8,False
Q1230005,Mityana District,22,Mityana (disitulikit),534,3417.0,974,15.6,True
Q29440061,Anita Fabiola,6,Anita Fabiola,11436,12577.0,969,90.9,False
Q6700211,Rukungiri,12,Rukungiri,510,8835.0,964,5.8,True
Q1375780,Abim District,22,Abim (disitulikit),635,7137.0,963,8.9,True
Q506513,Andrew Mwesigwa,15,Andrew Mwesigwa,8257,11812.0,961,69.9,False
Q4790403,Sezibwa River,11,Omugga Sezibwa,6328,6145.0,960,103.0,False
Q982587,Simba F.C. (Uganda),14,Kilaabu ya Simba FC,16874,7411.0,957,227.7,False
Q5541235,George Kanyeihamba,6,George Kanyeihamba,15620,15202.0,956,102.7,False
Q1375819,Namutumba District,19,Namutumba (disitulikit),569,7676.0,952,7.4,True
Q105890715,Esther Afoyochan,8,Eseza Afoyochan,1306,5017.0,950,26.0,True
Q18686131,Fille Mutoni,5,Fille Mutoni,3061,7211.0,950,42.4,False
Q100801324,Julie Mutesasira,6,Julie Mutesasira,4878,8354.0,947,58.4,False
Q338138,John Ssebaana Kizito,8,John Ssebaana Kizito,5716,8141.0,944,70.2,False
Q18638153,Nicholas Wadada,12,Nicholas Wadada,12444,6849.0,942,181.7,False
Q1114927,Serere District,19,Serere (disitulikit),445,5395.0,939,8.2,True
Q6349478,Kakiri,9,Kakiri,336,11915.0,939,2.8,True
Q2463008,Bushenyi,14,Bushenyi,376,11280.0,935,3.3,True
Q926417,Kampala District,17,Kampala (disitulikit),221,44.0,934,502.3,True
Q6349017,Kajjansi,8,Kajjansi,658,5104.0,933,12.9,True
Q16235860,Dan Sserunkuma,10,Dan Sserunkuma,13693,15963.0,932,85.8,False
Q15243329,Mabamba Bay,7,Mabamba Bay,1969,5633.0,930,35.0,True
Q62564573,Eleanor Nabwiso,6,Eleanor Nabwiso,3428,7568.0,929,45.3,False
Q3537661,Buhweju District,16,Buhweju (disitulikit),252,7610.0,926,3.3,True
Q3539495,Napak District,18,Napak (disitulikit),403,4783.0,922,8.4,True
Q6828319,Micheal Azira,17,Micheal Azira,11263,15090.0,918,74.6,False
Q19666615,Lilian Mbabazi,7,Lillian Mbabazi,5614,8727.0,916,64.3,False
Q105883547,Victoria Rusoke Businge,5,Victoria Rusoke Businge,6014,6615.0,916,90.9,False
Q1230035,Pader District,21,Pader District,5811,6009.0,915,96.7,False
Q1318843,Kotido District,18,Kotido (disitulikit),443,7745.0,913,5.7,True
Q3539711,Sheema District,18,Sheema (disitulikit),686,4493.0,911,15.3,True
Q6915910,Moses Oloya,13,Moses Oloya,9331,6235.0,909,149.7,False
Q24572738,Mary Goretti Kitutu,8,Mary Goretti Kitutu,5833,9681.0,902,60.3,False
Q1375789,Manafwa District,19,Manafwa (disitulikit),686,6147.0,899,11.2,True
Q6213802,Joel Okuyo Atiku,7,Joel Okuyo Atiku,14385,12978.0,899,110.8,False
Q2470025,Kanungu,11,Kanungu,377,11714.0,892,3.2,True
Q246855,Benjamin Joses Odoki,5,Benjamin Josses Odoki,6886,9891.0,891,69.6,False
Q79394836,Theresa Musoke,6,Theresa Musoke,6889,6664.0,886,103.4,False
Q1318815,Kyenjojo District,19,Kyenjojo (disitulikit),643,6031.0,884,10.7,True
Q49549938,Juliane Okot Bitek,7,Juliane Okot Bitek,13469,17728.0,880,76.0,False
Q90916518,Sekindi Aisha,6,Aisha Sekindi,11006,12579.0,880,87.5,False
Q3069348,Geofrey Massa,13,Geofrey Massa,5143,8573.0,879,60.0,False
Q38249567,Pakwach District,10,Disitulikiti y’e Pakwach,3512,5850.0,879,60.0,False
Q4986830,Bukedea,10,Bukedea,167,6239.0,876,2.7,True
Q4877118,Atim Beatrice Anywar,9,Beatrice Atim Anywar,7622,12612.0,875,60.4,False
Q1229800,Busia District,22,Disitulikiti ya Busia,4638,7498.0,871,61.9,False
Q1375762,Amuria District,22,Amuria (disitulikit),244,4435.0,869,5.5,True
Q7042596,Nkokonjeru,6,Nkokonjeru,8187,10367.0,866,79.0,False
Q104119284,Mercy Kainobwisho,5,Mercy Kainobwisho,4727,5547.0,866,85.2,False
Q6343791,Kabakumba Masiko,8,Kabakumba Masiko,10275,12542.0,864,81.9,False
Q7519223,Simon Lokodo,7,Simon Lokodo,11995,12446.0,863,96.4,False
Q4700406,Akbar Baig,5,Akbar Baig,578,1410.0,853,41.0,True
Q3536116,Amudat District,18,Amudat (disitulikit),243,5582.0,849,4.4,True
Q96678402,Joyce Bagala,6,Joyce Bagala,5835,7294.0,845,80.0,False
Q56063014,Angela Kalule,6,Angela Kalule,3550,3451.0,844,102.9,False
Q60615160,Fadilah Mohamed Rafi,10,Fadilah Shamika Mohamed Rafi,6912,14313.0,842,48.3,False
Q19276819,Cecilia Ogwal,9,Cecilia Ogwal,5055,6857.0,825,73.7,False
Q110865903,Nyombi Morris,10,Nyombi Morris,11825,11276.0,814,104.9,False
Q50379529,Rhoda Kalema,8,Rhoda Kalema,3845,7980.0,813,48.2,False
Q8049703,Yash Tandon,6,Yash Tandon,13505,14507.0,811,93.1,False
Q24572655,Joyce Moriku,8,Joyce Moriku,4746,6627.0,805,71.6,False
Q1375853,Nakapiripirit District,20,Nakapiripirit (disitulikit),486,5502.0,804,8.8,True
Q16751154,Phillip Wafula Ogutu,5,Phillip Wafula Ogutu,16080,11932.0,804,134.8,False
Q43197930,Sophia Namutebi,6,Sophia Namutebi,7437,6095.0,803,122.0,False
Q1114903,Ngora District,18,Ngora (disitulikit),278,5837.0,801,4.8,True
Q18407456,Tanda pits,7,Ebinnya bya Tanda,2474,3257.0,801,76.0,False
Q48856654,Bukalasa Agricultural Training Institute,5,Bukalasa Agricultural Training Institute,4080,5258.0,801,77.6,False
Q4363229,Bugiri,12,Bugiri,366,10641.0,800,3.4,True
Q16849160,Jamal Salim,14,Jamal Salim,3019,5318.0,799,56.8,False
Q3536082,Alebtong District,17,Alebtong District,4513,5435.0,798,83.0,False
Q3825255,St. Mary's Hospital Lacor,6,St. Mary's Hospital Lacor,7549,7038.0,797,107.3,False
Q3088116,Kamuli,13,Kamuli,488,10201.0,791,4.8,True
Q927377,Joseph Kizito,12,Joseph Kizito (omuzannyi w'omupiira),6148,9341.0,787,65.8,False
Q18688038,Joanita Kawalya,5,Joanita Kawalya,4485,6819.0,786,65.8,False
Q1114885,Kibuku District,18,Kibuku (disitulikit),228,6577.0,785,3.5,True
Q2488907,Yumbe,11,Yumbe,388,9687.0,785,4.0,True
Q37851737,Housen Mushema,5,Housen Mushema,12324,12746.0,782,96.7,False
Q19668732,Sylvia Owori,7,Sylvia Owori,3571,7899.0,781,45.2,False
Q49253,Irene Muloni,12,Irene Muloni,4958,8606.0,780,57.6,False
Q119442564,Lake Nkugute,5,Ennyanja Nkugute,4452,5140.0,779,86.6,False
Q1375878,Lyantonde District,21,Lyantonde (disitulikit),911,5198.0,773,17.5,True
Q106912339,Nicholas Opiyo,7,Nicholas Opiyo,4401,8479.0,765,51.9,False
Q6346322,Kagadi,7,Kagadi,154,9164.0,765,1.7,True
Q18352352,Doris Akol,7,Doris Akol,5401,12018.0,764,44.9,False
Q24668795,Peace Mutuuzo,6,Peace Mutuuzo,8378,8623.0,764,97.2,False
Q106691310,Juliet Nalukenge,5,Juliet Nalukenge,1014,11956.0,762,8.5,True
Q1375859,Kaliro District,24,Kaliro (disitulikit),292,5740.0,760,5.1,True
Q4750961,Anaka,8,Anaka,125,7091.0,755,1.8,True
Q111577318,Rumina Velshi,5,Rumina Velshi,2710,4707.0,755,57.6,False
Q2547740,Lake Wamala,15,Ennyanja Wamala,4847,7252.0,752,66.8,False
Q71979350,Cleopatra Kambugu Kentaro,16,Cleopatra Kambugu Kentaro,6455,12481.0,745,51.7,False
Q7367874,Rose Namayanja,9,Rose Namayanja,9534,13592.0,745,70.1,False
Q4986157,Bugembe,8,Bugembe,467,4261.0,742,11.0,True
Q50728314,Robinson Opong,6,Robinson Opong,2020,5866.0,741,34.4,False
Q58099869,Bettinah Tianah,8,Bettinah Tianah,3634,4966.0,740,73.2,False
Q1114954,Lwengo District,21,Lwengo (disitulikit),1915,3780.0,738,50.7,True
Q5679880,Hassan Wasswa,12,Hassan Wasswa,4503,8112.0,735,55.5,False
Q88644581,Emily Nakalema,7,Emily Nakalema,3380,5319.0,735,63.5,False
Q6405975,Kigumba,6,Kigumba,235,8441.0,732,2.8,True
Q99361654,Catherine Nakalembe,10,Catherine Nakalembe,7906,16847.0,730,46.9,False
Q55761109,Moses Opondo,9,Moses Opondo,6916,8248.0,730,83.9,False
Q55583703,Joyce Mpanga,11,Joyce Mpanga,3822,7863.0,729,48.6,False
Q1706475,Joseph Anthony Zziwa,11,Joseph Anthony Zziwa,3942,5655.0,726,69.7,False
Q24572753,Rosemary Seninde,7,Rosemary Seninde,6920,8404.0,725,82.3,False
Q5064251,Cerinah Nebanda,7,Cerinah Nebanda,2208,6746.0,717,32.7,False
Q105906548,Naluyima Betty Ethel,5,Betty Ethel Naluyima,1353,2734.0,716,49.5,True
Q105904398,Chemutai Phyllis,6,Phyllis Chemutai,1078,4739.0,715,22.7,True
Q124255713,Bakisimba,5,Bakisimba,7487,8044.0,713,93.1,False
Q4741909,Ambrosio Kibuuka,5,Ambrosio Kibuuka,5317,6120.0,713,86.9,False
Q1365449,Bududa District,21,Bududa (disitulikit),647,7639.0,705,8.5,True
Q1373193,Eugene Sepuya,12,Eugene Sseppuya,9232,11603.0,700,79.6,False
Q5586186,Goretti Kyomuhendo,12,Goretti Kyomuhendo,570,19006.0,698,3.0,True
Q16837082,BUL FC,8,BUL Jinja FC,6790,6944.0,696,97.8,False
Q111180875,Mugasa Grace Mary,5,Grace Mary Mugasa,14189,16560.0,693,85.7,False
Q29569937,Victor Mukasa,5,Victor Mukasa,3487,6435.0,692,54.2,False
Q4747514,Amon Bazira,6,Amon Bazira,5696,6031.0,691,94.4,False
Q3185425,Joseph Ochaya,12,Joseph Ochaya,2716,9195.0,690,29.5,False
Q30627004,Namayumba,5,Namayumba,5114,10982.0,690,46.6,False
Q56043365,Aol Betty Ocan,6,Betty Aol Ochan,5015,6637.0,687,75.6,False
Q109422654,Gloria Nansubuga,5,Gloria Nansubuga,3218,5256.0,686,61.2,False
Q43375707,Akello Lucy,9,Lucy Akello,9813,11031.0,682,89.0,False
Q2538700,Wadelai,5,Wadelai,129,18122.0,677,0.7,True
Q105839655,Rwakoojo Robina Gureme,7,Robina Gureme Rwakoojo,7857,11149.0,674,70.5,False
Q7070387,Nusura Tiperu,7,Nusura Tiperu,4347,6109.0,674,71.2,False
Q24572671,Ntabazi Harriet,6,Harriet Ntabazi,4854,6396.0,674,75.9,False
Q6272909,Kaabong,9,Kaabong,227,7253.0,673,3.1,True
Q11010612,Gideon Byamugisha,6,Gideon Byamugisha,9674,9622.0,673,100.5,False
Q6474983,Lake Bisina,14,Ennyanja Bisina,4021,11988.0,665,33.5,False
Q4357793,Mayuge,8,Mayuge,4284,11069.0,665,38.7,False
Q57825198,Adoa Hellen Abeku,7,Hellen Adoa,3106,5992.0,660,51.8,False
Q58042684,Veronica Babirye Kadogo,7,Veronica Babirye Kadogo,5834,6333.0,660,92.1,False
Q2297538,Pallisa,14,Pallisa,454,9888.0,651,4.6,True
Q3993279,Tony Mawejje,12,Tony Mawejje,5409,19766.0,650,27.4,False
Q2473903,Uganda Red Cross Society,5,Ekibiina kya Uganda Red Cross Society,2247,10404.0,650,21.6,False
Q4286483,Dora Mwima,9,Dora Mwima,5426,7901.0,649,68.7,False
Q125053476,Gloria Muzito,6,Gloria Muzito,5126,8387.0,648,61.1,False
Q22082376,Elegu,5,Elegu,148,9501.0,648,1.6,True
Q124333764,Ekitaguriro,6,Ekitaguriro,3531,4814.0,646,73.3,False
Q3526895,Kaliro,8,Kaliro,204,9207.0,641,2.2,True
Q16837001,SOLTILO Bright Stars FC,5,Bright Stars FC,11717,11090.0,640,105.7,False
Q1666577,Lambert Bainomugisha,11,Lambert Bainomugisha,3407,7072.0,639,48.2,False
Q58883876,Akite Agnes,7,Akite Agnes,23169,17609.0,637,131.6,False
Q6353141,Kalisizo,8,Kalisizo,152,9109.0,636,1.7,True
Q57828565,Ababiku Jesca,12,Jesca Ababiku,5804,9276.0,635,62.6,False
Q4667801,Abim,10,Abim (kibuga),4675,6411.0,634,72.9,False
Q55984275,Malaika,7,Malaika (omuzannyi wa firimu) .,7148,105.0,631,6807.6,False
Q6344553,Kabwohe,6,Kabwohe,157,11813.0,631,1.3,True
Q1323390,Charles Livingstone Mbabazi,9,Charles Livingstone Mbabazi,4458,7414.0,629,60.1,False
Q51078086,Taddeo Lwanga,7,Taddeo Lwanga,10066,11119.0,629,90.5,False
Q24572620,Florence Nakiwala Kiyingi,7,Florence Nakiwala Kiyingi,6491,7314.0,627,88.7,False
Q23541071,Michael Wawuyo Jr.,8,Micheal Wawuyo Jr.,4185,5428.0,626,77.1,False
Q4986374,Buikwe,10,Buikwe,180,10162.0,622,1.8,True
Q4937331,Doreen Baingana,12,Doreen Baingana,13764,19142.0,619,71.9,False
Q22282555,Abdu Lumala,9,Lumala Abdu,6097,10144.0,618,60.1,False
Q16236524,Yunus Sentamu,10,Yunus Sentamu,3948,13155.0,616,30.0,False
Q15993247,Stephen Mallinga,5,Stephen Malinga,4807,5900.0,616,81.5,False
Q3539602,Otuke District,17,Otuke (disitulikit),697,5030.0,612,13.9,True
Q89386752,Mathew Nabwiso,6,Mathew Nabwiso,3982,6549.0,608,60.8,False
Q4936361,Monica Arac de Nyeko,14,Monica Arac de Nyeko,11358,11750.0,607,96.7,False
Q108187429,Tarsis Orogot,8,Tarsis Orogot,1407,3881.0,603,36.3,True
Q1318872,Dokolo District,17,Dokolo District,4231,5010.0,602,84.5,False
Q5257448,Denis Obua,9,Denis Obua (omukubi w'omupiira),10391,10602.0,601,98.0,False
Q2416628,Thelma Awori,10,Thelma Awori,7806,11259.0,595,69.3,False
Q6406018,Kihihi,8,Kihiihi,170,9508.0,595,1.8,True
Q4748920,Amudat,8,Amudat,128,10460.0,591,1.2,True
Q994754,John Baptist Odama,12,John Baptist Odama,6101,9066.0,589,67.3,False
Q7877589,Uganda Cricket Association,9,Uganda Cricket Association,3936,4699.0,586,83.8,False
Q2174978,Nebbi,14,Nebbi,6259,9605.0,584,65.2,False
Q1086787,Christopher Kakooza,8,Christopher Kakooza,4316,5435.0,583,79.4,False
Q6095988,Ivan Bukenya,7,Ivan Bukenya,10335,20365.0,582,50.7,False
Q16846976,Natasha Sinayobye,10,Natasha Sinayobye,4475,6183.0,579,72.4,False
Q47805453,Catherine Kyobutungi,8,Catherine Kyobutungi,10943,15342.0,577,71.3,False
Q4996412,Buliisa,8,Buliisa,227,7634.0,577,3.0,True
Q105951153,Taban Aate Sharifah,7,Taban Sharifah Aate,4180,5341.0,577,78.3,False
Q27688647,Nabilah Naggayi Sempala,6,Nabilah Naggayi Sempala,5532,7810.0,577,70.8,False
Q62323991,Edith Mary Bataringaya,6,Edith Mary Bataringaya,10273,15439.0,574,66.5,False
Q28377766,Murushid Juuko,14,Murushid Juuko,2678,10419.0,573,25.7,False
Q124214913,Bwola,7,Bwola,4468,4256.0,572,105.0,False
Q4985181,Bududa,5,Bududa,235,9225.0,571,2.5,True
Q126939025,Male Mabirizi,5,Male Mabirizi,10269,10547.0,565,97.4,False
Q34949766,Esther Chebet,10,Esther Chebet,2463,3980.0,563,61.9,False
Q24236548,Kassanda,5,Kassanda,132,4359.0,560,3.0,True
Q15076215,Wobulenzi,8,Wobulenzi,157,8952.0,559,1.8,True
Q105942809,Obigah Rose,6,Rose Obinga,1109,1788.0,559,62.0,True
Q19609590,Harriet Anena,13,Harriet Anena,15844,20417.0,558,77.6,False
Q6760048,Margaret Zziwa,8,Margaret Zziwa,5694,9017.0,558,63.1,False
Q147957,Zarina Bhimji,12,Zarina Bhimji,10504,10617.0,555,98.9,False
Q105950862,Christine Nakimwero Kaaya,5,Christine Nakimwero Kaaya,13732,9622.0,555,142.7,False
Q108544296,Entebbe Cricket Oval,6,Entebbe Cricket Oval,2371,3054.0,553,77.6,False
Q3529595,Nakaseke,8,Nakaseke,3909,10571.0,552,37.0,False
Q109920237,Shakila Rahim Lamar,5,Shakila Rahim Lamar,4807,5757.0,551,83.5,False
Q16200545,Jennifer Namuyangu,7,Jenipher Namuyangu,5120,8391.0,548,61.0,False
Q755806,Atiak,6,Atiak,137,8433.0,546,1.6,True
Q4987159,Bukwa,6,Bukwo,137,4080.0,545,3.4,True
Q72408609,Hilda Flavia Nakabuye,15,Hilda Flavia Nakabuye,4492,7315.0,543,61.4,False
Q106300446,Raphael P’Mony Wokorach,10,Raphael p'Mony Wokorach,5356,11317.0,543,47.3,False
Q18001471,Joy Kwesiga,7,Essanyu Kwesiga,4781,12170.0,543,39.3,False
Q5002346,Butaleja,7,Butaleja,170,10086.0,541,1.7,True
Q7147679,Patrick Ssenjovu,9,Patrick Ssenjovu,4394,3699.0,539,118.8,False
Q58030252,Julianne Mweheire,7,Julianne Mweheire,2326,4970.0,539,46.8,False
Q2544864,Katakwi,8,Katakwi,461,6575.0,537,7.0,True
Q105956330,Auma Linda Agnes,6,Linda Agnes Auma,3667,8035.0,534,45.6,False
Q30323704,Nelson Senkatuka,5,Nelson Senkatuka,11044,14115.0,534,78.2,False
Q4790362,Mayanja River,8,Mayanja River,86,3978.0,530,2.2,True
Q168528,Uganda Olympic Committee,15,Uganda Olympic Committee,2323,6368.0,527,36.5,False
Q105942528,Akello Rose Lilly,5,Rose Lilly Akello,4802,5551.0,527,86.5,False
Q1962096,Lake Nabugabo,13,Ennyanja Nabugabo,9605,11006.0,526,87.3,False
Q492869,Davis Kamoga,20,Davis Kamoga,818,3412.0,524,24.0,True
Q42346183,Doreen Mirembe,10,Doreen Mirembe,5375,8829.0,524,60.9,False
Q16116838,John Ssebuwufu,5,John Ssebuwufu,6833,7756.0,524,88.1,False
Q3439570,Walter D'Souza,13,Walter D'Souza,3868,6760.0,523,57.2,False
Q6150822,Janat Mukwaya,8,Janat Mukwaya,6437,8643.0,522,74.5,False
Q6354249,Kalongo,8,Kalongo,151,6506.0,522,2.3,True
Q21520259,Kizito Keziron,5,Kizito Keziron,9116,9976.0,521,91.4,False
Q6081116,Isingiro,7,Isingiro,158,10391.0,519,1.5,True
Q4729602,All Saints University,7,All Saints University,5567,6327.0,518,88.0,False
Q134177753,Nicholas Omonuk,15,Nicholas Omonuk,8849,23409.0,517,37.8,False
Q18386326,Pamela Mbabazi,5,Pamela Mbabazi,5588,6920.0,516,80.8,False
Q43299945,Patricia Akello,7,Patricia Akello,3409,5268.0,515,64.7,False
Q20985719,Rose Rwakasisi,6,Rose Rwakasisi,3702,5840.0,515,63.4,False
Q64691310,Patrick Kaddu,12,Patrick Kaddu,8759,11809.0,514,74.2,False
Q60566718,Lilly Ajarova,8,Lilly Ajarova,3171,10653.0,514,29.8,False
Q106368301,Florence Namayanja,5,Florence Namayanja,4898,7238.0,509,67.7,False
Q60059435,Lorna Magara,6,Lorna Magara,6971,7975.0,508,87.4,False
Q40229556,Leni Shida,10,Leni Shida,6455,10354.0,507,62.3,False
Q16730067,Isaac Muleme,9,Isaac Muleme,1606,7675.0,504,20.9,True
Q6761446,Maria Mutagamba,12,Maria Mutagamba,9718,10008.0,503,97.1,False
Q5288769,Dokolo,8,Dokolo,164,10086.0,503,1.6,True
Q20684295,Julius Kaganzi Kaggwa,7,Julius Kaggwa,7697,8620.0,501,89.3,False
Q106690864,Sandra Nabweteme,6,Sandra Nabweteme,6412,8619.0,498,74.4,False
Q6943778,Muteesa II Stadium,7,Ekisaawe kya Mutesa II,1106,1471.0,496,75.2,True
Q16509091,Acquirino Francis Kibira,6,Francis Aquirinus Kibira,10548,4715.0,496,223.7,False
Q48220130,Monica Mugenyi,6,Monica Mugenyi,2998,6107.0,494,49.1,False
Q119442612,Lake Nyabihoko,6,Ennyanja Nyabihoko,4114,4069.0,491,101.1,False
Q17379677,Winnie Nanyondo,12,Winnie Nanyondo,4965,11296.0,490,44.0,False
Q19893869,Akina Mama wa Afrika,5,Akina Maama wa Afrika,7323,7459.0,488,98.2,False
Q28036183,Rehema Nanfuka,14,"Rehema Nanfuka, omusajja omulala",31648,21115.0,487,149.9,False
Q2789444,Kibaale,9,Kibaale,154,7479.0,482,2.1,True
Q61473228,Santa Anzo,12,Santa Anzo,3605,9195.0,478,39.2,False
Q26611955,Stella Chesang,11,Stella Chesang,4905,12862.0,477,38.1,False
Q5590968,Grace Akello,20,Grace Akello,4307,8393.0,475,51.3,False
Q9138168,Abel Dhaira,10,Abel Dhaira,4878,6227.0,475,78.3,False
Q42679907,Barbara Kaija,9,Barbara Kaija,4615,5479.0,475,84.2,False
Q5238267,David Otti,10,David Otti,4126,6263.0,472,65.9,False
Q42529036,Barbara Mulwana,9,Barbara Mulwana,4470,5633.0,471,79.4,False
Q98502288,Emma Naluyima,6,Emma Naluyima,5337,6496.0,471,82.2,False
Q1820455,Sembabule,10,Sembabule,331,5721.0,469,5.8,True
Q111905642,Derrick Kakooza,9,Derrick Kakooza,5422,7385.0,469,73.4,False
Q64743813,George William Kyeyune,7,George William Kyeyune,7651,5527.0,469,138.4,False
Q111180208,Alice Alaso,5,Alice Alaso,2914,3880.0,468,75.1,False
Q7648225,Susan Nalugwa Kiguli,7,Susan Nalugwa Kiguli,10058,11049.0,466,91.0,False
Q50379531,Sarah Nyendwoha Ntiro,7,Sarah Nyendwoha Ntiro,4810,9652.0,463,49.8,False
Q1503049,Geoffrey Sserunkuma,11,Geoffrey Sserunkuma,13652,17385.0,459,78.5,False
Q35732471,Lake Kijanebalola,7,Lake Kijanebalola,63,7038.0,459,0.9,True
Q117085800,Gertrude Njuba,5,Gertrude Njuba,4616,4504.0,457,102.5,False
Q39183854,Lillian Tibatemwa-Ekirikubinza,9,Lillian Tibatemwa-Ekirikubinza,9574,14056.0,453,68.1,False
Q125750508,Namutaawe Joan,8,Joan Namutaawe,1370,4387.0,453,31.2,True
Q4864845,Budaka town,10,Budaka,164,9994.0,450,1.6,True
Q6685692,Kanoni,9,Kanoni,150,6967.0,448,2.2,True
Q25093046,Engalabi,5,Engalabi,7810,7429.0,447,105.1,False
Q4749005,Amuria,10,Amuria,421,11786.0,444,3.6,True
Q35498279,Mercyline Chelangat,8,Mercyline Chelangat,1016,3597.0,444,28.2,True
Q35733372,Lake Mburo,9,Lake Mburo,243,5127.0,442,4.7,True
Q5003228,Buwenge,8,Buwenge,163,9577.0,441,1.7,True
Q124620814,Dek Ngor,5,Dek Ngor,10938,4990.0,441,219.2,False
Q20898439,Sam Odaka,7,Sam Odaka,5788,5813.0,439,99.6,False
Q450406,China Keitetsi,11,China Keitetsi,5427,7326.0,438,74.1,False
Q18720263,Sam Ssimbwa,5,Sam Ssimbwa,2974,5863.0,437,50.7,False
Q22007123,Josephine Nambooze,13,Josephine Nambooze omusajja omulala,2505,5115.0,436,49.0,False
Q2252605,Sironko,12,Sironko,332,6842.0,436,4.9,True
Q28478241,Ivy Claire Amoko,6,Ivy Claire Amoko,8351,5398.0,434,154.7,False
Q5001329,Busembatya,7,Busembatya,301,7444.0,433,4.0,True
Q24572730,Ruth Achieng,6,Ruth Achieng,1570,2425.0,433,64.7,True
Q111333319,Aisha Kabanda,5,Aisha Kabanda,3488,4153.0,429,84.0,False
Q5272188,Diaz Kambere,6,Diaz Kambere,506,7831.0,427,6.5,True
Q15240982,Kyotera,7,Kyotera,502,9240.0,426,5.4,True
Q111732768,Acaye Kerunen,5,Acaye Kerunen,8850,12161.0,424,72.8,False
Q16235521,Luwagga Kizito,12,Luwagga Kizito,7263,10629.0,422,68.3,False
Q109105744,Barbara Allimadi,6,Barbara Allimadi,12464,9326.0,422,133.6,False
Q1743419,Okello Oculi,8,Okello Oculi,4396,6287.0,416,69.9,False
Q110798566,Moses Nsereko,5,Moses Nsereko,6177,7595.0,416,81.3,False
Q6477213,Lake Opeta,11,Ennyanja Opeta,3794,4814.0,415,78.8,False
Q124241594,Larakaraka,7,Larakaraka,4366,3943.0,414,110.7,False
Q4893307,Bernard Kabanda Sslongo,7,Bernard Kabanda Ssaalongo,1240,1983.0,412,62.5,True
Q123605082,Owiny Hakim,6,Owiny Hakim,7160,6444.0,412,111.1,False
Q2158297,Robert Muhiirwa,11,Robert Muhiirwa,4331,3624.0,410,119.5,False
Q67501169,Lamwaka Catherine,6,Catherine Lamwaka,4717,6475.0,410,72.8,False
Q105945785,Stella Isodo Apolot,7,Stella Isodo Apolot,941,2987.0,409,31.5,True
Q7151183,Paul Hasule,6,Paul Hasule,6354,3033.0,409,209.5,False
Q7927031,Victoria Sekitoleko,6,Victoria Sekitoleko,7528,8850.0,408,85.1,False
Q125218089,Joy Cheptoyek,6,Joy Cheptoyek,8297,9947.0,407,83.4,False
Q42764305,Agnes Konde,6,Agnes Konde,6393,6555.0,406,97.5,False
Q4690976,Agago,5,Agago,125,8605.0,406,1.5,True
Q2431771,Kamwenge,12,Kamwenge,477,8350.0,405,5.7,True
Q106421070,Hellen Auma Wandera,6,Hellen Auma Wandera,2688,4588.0,404,58.6,False
Q81306294,Ruth Sebatindira,6,Ruth Sebatindira,6681,7750.0,403,86.2,False
Q124670567,Melissa Akullu,6,Mellissa Akullu,1304,3458.0,402,37.7,True
Q5003357,Buyende,6,Buyende,167,8748.0,402,1.9,True
Q1264499,Tenywa Bonseu,6,Tenywa Bonseu,3087,4851.0,401,63.6,False
Q1378322,Phil Wachsmann,13,Philipp Wachsmann,5661,7414.0,399,76.4,False
Q21505670,Rose Akol,10,Rose Akol,2813,5604.0,399,50.2,False
Q19667552,Annet Nakawunde Mulindwa,8,Annet Nakawunde Mulindwa,3651,4990.0,399,73.2,False
Q56249950,Stephen Kissa,7,Stephen Kissa,1905,4842.0,398,39.3,True
Q6377791,Katonga Wildlife Reserve,6,Ekkuumiro ly'ebisolo erya Katonga,2675,4642.0,398,57.6,False
Q47455860,Charles Kagimu,9,Charles Kagimu,1295,6927.0,397,18.7,True
Q28038580,Sarah Kisawuzi,7,Sarah Kisawuzi,2624,5144.0,397,51.0,False
Q5002008,Busolwe,8,Busolwe,169,11471.0,396,1.5,True
Q16846150,Nile Breweries FC,7,Nile Breweries FC,1322,1452.0,393,91.0,True
Q20684950,Florence Nebanda,5,Florence Nebanda,5619,7252.0,393,77.5,False
Q30070354,Mariam Naigaga,5,Mariam Naigaga,7702,8706.0,393,88.5,False
Q26211942,Catherine Odora Hoppers,6,Catherine Odora Hoppers,7403,7996.0,392,92.6,False
Q107643387,Kirabo Namutebi,5,Kirabo Namutebi,4249,7061.0,392,60.2,False
Q47269451,Irene Mulyagonja,5,Irene Mulyagonja,4752,7156.0,392,66.4,False
Q1713184,Ibrahim Juma,8,Ibrahim Juma (omuzannyi w'omupiira),10392,12685.0,391,81.9,False
Q16187230,Hope Mwesigye,7,Hope Mwesigye,4733,6588.0,391,71.8,False
Q42872836,Florence Muranga,6,Florence Muranga,4517,8374.0,391,53.9,False
Q42794695,Angela Atim Lakor,5,Angela Atim Lakor,3881,5701.0,390,68.1,False
Q41768539,Agnes Atim Apea,14,Agnes Atim Apea,4665,5490.0,389,85.0,False
Q55584067,Sylvia Rwabogo,8,Sylvia Rwabogo,5364,7416.0,389,72.3,False
Q6354619,Kalungu,6,"Kalungu, Yuganda",131,3062.0,389,4.3,True
Q50768046,Joel Ayeko,7,Joel Ayeko,778,3541.0,387,22.0,True
Q53583119,Lillian Mary Nabulime,6,Lilian Mary Nabulime,3685,5927.0,387,62.2,False
Q4937658,Mildred Barya,9,Mildred Barya,12802,13677.0,386,93.6,False
Q50378461,Derrick Nsibambi,7,Derrick Nsibambi,9562,11769.0,386,81.2,False
Q7124680,Paidha,8,Paidha,150,10049.0,385,1.5,True
Q3530331,Tofiri Kibuuka,5,Tofiri Kibuuka,4233,10806.0,385,39.2,False
Q43143394,Zahara Nampewo,8,Zahara Nampewo,6306,7229.0,384,87.2,False
Q5111140,Christine Ondoa,8,Christine Ondoa,7347,9394.0,382,78.2,False
Q10470429,Henry Kalungi,5,Henry Kalungi,4789,7247.0,381,66.1,False
Q24288578,Josephine Wapakabulo,6,Josephine Wapakabulo,3053,7661.0,380,39.9,False
Q5764840,Hima,7,"Hima, Yuganda",162,10023.0,379,1.6,True
Q6272214,Oyam,7,"Oyam, Yuganda",146,7008.0,378,2.1,True
Q16194600,Dorothy Samali Hyuha,8,Dorothy Hyuha,3784,5242.0,376,72.2,False
Q17580316,Charity Basaza Mulenga,8,Charity Basaza Mulenga,3832,5953.0,375,64.4,False
Q15045850,Lwakhakha,6,"Lwakhakha, Uganda",699,5299.0,374,13.2,True
Q28973016,Betty Lalam,10,Betty Lalam,5386,6651.0,373,81.0,False
Q6271902,Jonah Lwanga,7,Jonah Lwanga,5431,8462.0,373,64.2,False
Q7635937,Sula Matovu,6,Sula Matovu,10680,13100.0,373,81.5,False
Q913165,Brian Umony,9,Brian Umony,6306,14475.0,371,43.6,False
Q4747501,Amolatar,10,Amolatar,5171,9485.0,370,54.5,False
Q5111001,Christine Dranzoa,8,Christine Dranzoa,5206,6867.0,367,75.8,False
Q659491,Brycinus nurse,14,Nangnang fish,2403,4989.0,366,48.2,False
Q1665794,Sanctus L. Wanok,7,Sanctus Lino Wanok,1794,5641.0,366,31.8,True
Q5567335,Glaydah Namukasa,6,Glaydah Namukasa,14797,13068.0,366,113.2,False
Q18176372,Ronald Mukiibi,11,Ronald Mukiibi,3686,5626.0,364,65.5,False
Q28852625,Rose Mbowa,13,Rose Mbowa,6667,7330.0,362,91.0,False
Q111418786,Grace Kaudha,6,Grace Kaudha,2299,4818.0,362,47.7,False
Q4714068,Alebtong,9,Alebtong,5788,9893.0,361,58.5,False
Q86084609,Victoria Nyanjura,6,Victoria Nyanjura,4522,6389.0,361,70.8,False
Q6693290,Serere,6,Serere,269,7473.0,358,3.6,True
Q22005842,Vincent Kirabo,5,Vincent Kirabo,2993,5967.0,358,50.2,False
Q17510024,African Rural University,7,African Rural University,3897,5122.0,356,76.1,False
Q20029899,John Munduga,6,John Munduga,756,1759.0,355,43.0,True
Q1338365,Emmanuel Obbo,14,Emmanuel Obbo,7444,5499.0,354,135.4,False
Q16730835,Joyce Kakuramatsi Kikafunda,6,Joyce Kakuramatsi Kikafunda,4513,3282.0,353,137.5,False
Q3603745,Aboke,5,Aboke,123,10475.0,353,1.2,True
Q40800312,Ziria Tibalwa Waako,5,Ziria Tibalwa Waako,4745,5589.0,352,84.9,False
Q24572633,Esther Mbulakubuza Mbayo,7,Esther Mbulakubuza Mbayo,5878,9717.0,351,60.5,False
Q22280394,Erisa Ssekisambu,5,Erisa Ssekisambu,10964,11534.0,351,95.1,False
Q59654484,Hope Ekudu,6,Hope Ekudu,3826,5780.0,350,66.2,False
Q76790372,Milka Irene,6,Milka Irene,4780,4845.0,350,98.7,False
Q61875364,Stella Nansikombi Makubuya,8,Stella Nansikombi Makubuya,2971,5060.0,346,58.7,False
Q6416275,Kiruhura,8,Kiruhura,3286,8313.0,346,39.5,False
Q64446013,Sarah Chelangat,6,Sarah Chelangat,912,4764.0,346,19.1,True
Q105965987,Abeja Susan Jolly,8,Susan Jolly Abeja,2056,3207.0,343,64.1,False
Q870070,Roman Catholic Diocese of Jinja,13,Obulabirizi bwa Roman Catholic e Jinja,1480,7276.0,341,20.3,True
Q22451053,Ishasha River,12,Omugga Ishasha,3318,3720.0,340,89.2,False
Q15462700,Elvania Namukwaya Zirimu,6,Elvania Namukwaya Zirimu,8582,7223.0,340,118.8,False
Q24852059,Clare Byarugaba,10,Clare Byarugaba,2115,3996.0,339,52.9,False
Q104629341,Paul Etyang,7,Paul Etiang,1864,2417.0,339,77.1,True
Q62112360,Rachael Kungu,7,Rachael Kungu,9249,9489.0,339,97.5,False
Q50146409,Florence Alice Lubega,11,Florence Alice Lubega,4745,4578.0,338,103.6,False
Q25051158,Edith Sempala,8,Edith Sempala,4882,6751.0,338,72.3,False
Q18749082,Harriet Mayanja-Kizza,6,Harriet Mayanja-Kizza,9704,25526.0,336,38.0,False
Q361423,Daniel David Ntanda Nsereko,7,Daniel David Ntanda Nsereko,4180,12268.0,335,34.1,False
Q19609616,Gabriel Ajedra Aridru,5,Gabriel Ajedra Aridru,8152,6071.0,335,134.3,False
Q50378444,Moses Waiswa,10,Moses Waiswa,844,5015.0,333,16.8,True
Q23304315,Nuwa Wamala Nnyanzi,6,Nuwa Wamala Nnyanzi,4361,5693.0,333,76.6,False
Q7301855,Rebecca Otengo Amuge,7,Rebecca Amuge Otengo,8009,7898.0,330,101.4,False
Q4986998,Bukomansimbi,8,Bukomansimbi,282,6030.0,329,4.7,True
Q4749014,Amuru,7,Amuru,125,10396.0,328,1.2,True
Q7358695,Roger Mukasa,6,Roger Mukasa,6213,7918.0,328,78.5,False
Q105956270,Acora Nancy Odonga,6,Nancy Acora,2173,4634.0,325,46.9,False
Q42754393,Cissy Kityo,5,Cissy Kityo,5182,6725.0,324,77.1,False
Q5581118,Gombe,6,"Gombe, Butambala",169,8042.0,321,2.1,True
Q1910323,Matthias Ssekamaanya,7,Matthias Ssekamaanya,1922,6211.0,318,30.9,True
Q24954405,Edrisa Lubega,9,Edrisa Lubega,7242,9228.0,317,78.5,False
Q67080123,Everlyn Chemutai,7,Everlyn Chemutai,3705,4963.0,316,74.7,False
Q105965895,Santa Okot,5,Santa Okot,3212,6387.0,313,50.3,False
Q4762752,Angelina Wapakhabulo,11,Angelina Wapakhabulo,2583,4573.0,312,56.5,False
Q18021013,Iddi Batambuze,5,Iddi Batambuze,3273,4431.0,310,73.9,False
Q15628715,Victoria University SC,6,Kilaabu ya SC Victoria University,2505,2960.0,308,84.6,False
Q16895660,Namayingo,6,Namayingo,6114,11480.0,307,53.3,False
Q124485431,Agwara,6,Amazina ga Agwara,4228,3984.0,305,106.1,False
Q16236803,Savio Kabugo,7,Savio Kabugo,7654,11883.0,303,64.4,False
Q62716814,Lydia Oile,7,"Lydia Oile, omuyimbi",3495,4653.0,303,75.1,False
Q105962114,Prossy Akampurira,8,Prossy Akampurira,2436,4461.0,302,54.6,False
Q16731505,Lillian Tindyebwa,5,Lillian Tindyebwa,9406,10467.0,301,89.9,False
Q4726017,Alice Muloki,6,Alice Muloki,3221,4195.0,300,76.8,False
Q24572708,Joy Kabatsi,11,Joy Kabatsi,3702,7379.0,298,50.2,False
Q6200572,Jimmy Kirunda,9,Jimmy Kirunda,1299,3541.0,297,36.7,True
Q20908923,Arthur Ssegwanyi,6,Arthur Ssegwanyi,1888,4425.0,297,42.7,True
Q23772016,Robert Kakeeto,6,Robert Kakeeto,1900,5881.0,297,32.3,True
Q2692015,Kaberamaido,9,Kaberamaido,407,7785.0,295,5.2,True
Q111439072,Ninsiima Ronah Rita,6,Ninsiima Ronah Rita,3771,4661.0,295,80.9,False
Q105760576,Agnes Taaka,6,Agnes Taaka,6775,6409.0,294,105.7,False
Q42902882,Hilda Tadria,6,Hilda Tadria,6195,3755.0,294,165.0,False
Q42122025,Doreen Amule,5,Doreen Amule,3917,5093.0,293,76.9,False
Q329269,Eridadi Mukwanga,15,Eridadi Mukwanga,1322,2024.0,292,65.3,True
Q6419236,Kizito Maria Kasule,6,Kizito Maria Kasule,11539,5524.0,292,208.9,False
Q96656682,Sheila Kawamara-Mishambi,6,Sheila Kawamara-Mishambi,6750,10162.0,292,66.4,False
Q58003789,Awor Betty Engola,6,Betty Awori Engola,3631,4326.0,291,83.9,False
Q17014619,Hilda J Twongyeirwe,8,Hilda Twongyeirwe,11039,13107.0,290,84.2,False
Q75958768,Med Kaggwa,6,Meddie Kaggwa,5125,5609.0,290,91.4,False
Q1724550,Paul Lokiru Kalanda,8,Paul Lokiru Kalanda,5744,6255.0,289,91.8,False
Q21390537,Ellinor Catherine Cunningham-van Someren,5,Ellinor Catherine Cunningham van Someren,6822,10620.0,289,64.2,False
Q16730030,Denis Iguma,12,Denis Iguma,4927,6448.0,288,76.4,False
Q4353103,Stephen Bengo,7,Stephen Bengo,171,2978.0,288,5.7,True
Q111530895,Kanushu Laura,5,Laura Kanushu,4946,8605.0,288,57.5,False
Q105944681,Mary Begumisa,8,Mary Begumisa,3929,5211.0,287,75.4,False
Q102073069,Rosebell Kagumire,10,Rosebell Kagumire,6394,7471.0,286,85.6,False
Q3866501,Vincent Kayizi,6,Vincent Kayizzi,2153,4314.0,286,49.9,False
Q17708809,Isaac Isinde,10,Isaac Isinde,4474,6780.0,285,66.0,False
Q16597238,Ronald Musagala,9,Ronald Musagala,4158,6693.0,283,62.1,False
Q116923278,Husina Kobugabe,5,Husina Kobugabe,12758,12510.0,281,102.0,False
Q42899070,Jolly Kaguhangire,5,Jolly Kaguhangire,3816,7206.0,281,53.0,False
Q106312357,Monicah Amoding,6,Monicah Amoding,8348,6906.0,280,120.9,False
Q16937429,Robert Ssentongo,6,Robert Ssentongo (omuzannyi w'omupiira),2476,6822.0,280,36.3,False
Q105966758,Zawedde Victorious,5,Victorious Zawedde,1090,4507.0,280,24.2,True
Q32538609,Rwakimari Beatrice,6,Beatrice Rwakimari,2751,4275.0,279,64.4,False
Q106401908,Apolot Christine,7,Christine Apolot,5715,4062.0,278,140.7,False
Q21130799,Yasmin Shariff,7,Yasmin Shariff,6691,5210.0,278,128.4,False
Q4877205,Beatrice Wabudeya,7,Beatrice Wabudeya,5557,9000.0,276,61.7,False
Q55615747,Katosi Water Works,6,Emirimu gy'amazzi e Katosi,463,14853.0,276,3.1,True
Q108861170,Charles Lukwago,6,Charles Lukwago,2068,3141.0,275,65.8,False
Q24572652,Kwiyucwiny Grace Freedom,6,Grace Kwiyucwiny,6553,5887.0,273,111.3,False
Q3897757,Patrick Ochan,6,Patrick Ochan (omuzannyi w'omupiira),5356,6680.0,273,80.2,False
Q35733633,Lake Mulehe,8,Lake Mulehe,4194,5684.0,272,73.8,False
Q10284512,Francis Nyangweso,7,Frank Nyangweso,6125,6685.0,271,91.6,False
Q16229798,Brian Majwega,7,Brian Majwega,529,3390.0,270,15.6,True
Q19665925,Leila Kayondo,6,Leila Kayondo,1253,4492.0,270,27.9,True
Q16146388,Allan Kyambadde,8,Allan Kyambadde,3807,6139.0,269,62.0,False
Q5645336,Hamis Kiiza,6,Hamis Kiiza,3383,4383.0,269,77.2,False
Q58003275,Evarlyne Buregyeya Asiimwe,6,Asiimwe Evarlyne Buregyeya,4704,5230.0,269,89.9,False
Q105944500,Florence Nambozo Wamala,6,Florence Nambozo Wamala,2347,4315.0,268,54.4,False
Q111551708,Tezira Jamwa,8,Tezira Jamwa,3271,5459.0,267,59.9,False
Q61052063,Nisha Kalema,11,Nisha Kalema,7349,10329.0,266,71.1,False
Q21606718,Pumla Kisosonkole,10,Pumla Kisosonkole,2521,4702.0,266,53.6,False
Q373266,Adrian Kivumbi Ddungu,8,Adrian Kivumbi Ddungu,3016,4507.0,266,66.9,False
Q20982443,Robert Odongkara,16,Robert Odongkara,2656,5055.0,265,52.5,False
Q16727413,Jackee Budesta Batanda,7,Jackee Budesta Batanda,16795,19230.0,264,87.3,False
Q105666074,Rosemary Nyakikongoro,8,Rosemary Nyakikongoro,3261,5506.0,263,59.2,False
Q44231567,Lillian Nakate,7,Lillian Nakate,5808,7324.0,262,79.3,False
Q105746321,Halid Lwaliwa,8,Halid Lwaliwa,3210,4363.0,260,73.6,False
Q4685863,Aduku,5,Aduku,146,4077.0,260,3.6,True
Q50346875,Sarah Waiswa,11,Sarah Waiswa,7393,8694.0,259,85.0,False
Q83611984,Margaret Sekaggya,9,Margaret Sekaggya,2305,4507.0,258,51.1,False
Q58414928,Allan Kateregga,6,Allan Kateregga,2125,5304.0,258,40.1,False
Q26243802,John Mikloth Magoola Luwuliza-Kirunda,5,John Mikloth Magoola Luwuliza-Kirunda,9896,12008.0,258,82.4,False
Q1681432,Jamila Lunkuse,8,Jamila Lunkuse,3256,5425.0,256,60.0,False
Q105906038,Avako Melsa Naima Gule,7,Naima Melsa Gule Avako,1437,2294.0,256,62.6,True
Q42866156,Etheldreda Nakimuli-Mpungu,14,Etheldreda Nakimuli-Mpungu,9753,21284.0,254,45.8,False
Q1771533,Bertrand Besigye,5,Bertrand Besigye,1104,1834.0,254,60.2,True
Q1065469,Charles Martin Wamika,9,Charles Martin Wamika,2803,7375.0,253,38.0,False
Q5110904,Christine Amongin Aporu,7,Christine Amongin Aporu,4316,5555.0,253,77.7,False
Q116547881,Beatrice Kiraso,5,Beatrice Kiraso,4657,6642.0,253,70.1,False
Q16745180,Beatrice Lamwaka,9,Beatrice Lamwaka,10879,13318.0,252,81.7,False
Q7368409,Rosemary Najjemba,6,Mariam Najjemba,6743,8346.0,252,80.8,False
Q105631664,Florence Kabugho,5,Florence Kabugho,3938,6431.0,249,61.2,False
Q6187188,Jessica Eriyo,7,Jessica Eriyo,5538,8673.0,248,63.9,False
Q4693003,Agnes Akiror,7,Agnes Akiror,5833,6225.0,247,93.7,False
Q16239027,Michael Kasaija,5,Micheal Kasaija,2469,4333.0,247,57.0,False
Q17003268,Barbara Birungi,9,Barbara Birungi,1849,4126.0,246,44.8,True
Q43235048,Florence Nsubuga,7,Florence Nsubuga,4169,7330.0,246,56.9,False
Q6264419,John Willis,6,John Wills,5074,4047.0,246,125.4,False
Q7933219,Violet Barungi,6,Violet Barungi,7647,10391.0,244,73.6,False
Q7383765,Rwimi,6,Rwimi,155,6239.0,243,2.5,True
Q111436289,Ruth Molly Lematia,5,Ruth Molly Lematia,3650,5493.0,243,66.4,False
Q16198140,Lukyamuzi Bashir,5,Lukyamuzi Bashir,1520,7295.0,243,20.8,True
Q47130307,James Makumbi,5,James Makumbi,2513,3445.0,242,72.9,False
Q5442939,Femrite,8,Femrite,10359,12802.0,241,80.9,False
Q111384398,Sugra Visram,6,Sugra Visram,4950,7334.0,241,67.5,False
Q111536223,Aisa Black Agaba,6,Aisa Black Agaba,3411,4169.0,241,81.8,False
Q715843,Kitahimbwa of Bunyoro,6,Kitahimbwa we Bunyoro,775,1305.0,241,59.4,True
Q37923032,Oyenbot,11,Oyenbot,8735,8589.0,239,101.7,False
Q111418134,Jane Frances Kuka,9,Jane Frances Kuka,5935,9004.0,239,65.9,False
Q107822187,Keiran Zziwa,5,Keiron Zziwa,2893,5189.0,239,55.8,False
Q16233036,Monica Jacobs Birwinyo,12,Monica Birwinyo,2017,6432.0,238,31.4,False
Q18683810,Judith Adong,5,Judith Adong,4901,6262.0,237,78.3,False
Q18045197,Barbara Ntambirweki,7,Barbara Ntambirweki,2776,5435.0,236,51.1,False
Q11299485,Kuldip Singh Bhogal,7,Kuldip Singh Bhogal,497,1656.0,235,30.0,True
Q280436,Victors FC,7,Kilaabu ya Victors FC,6323,6924.0,235,91.3,False
Q33103054,Nimisha Jayant Madhvani,5,Nimisha Madhvani,6606,30.0,235,22020.0,False
Q27063997,Assumpta Nnaggenda-Musana,10,Assumpta Nnaggenda-Musana,5560,9750.0,234,57.0,False
Q107711228,Prisca Chesang,7,Prisca Chesang,7308,7321.0,233,99.8,False
Q49846890,Jane Kiggundu,5,Jane Kiggundu,4775,7281.0,233,65.6,False
Q99681749,Aisha Kyomuhangi,8,Aisha Kyomuhangi,5346,7107.0,232,75.2,False
Q118398884,Godiva Akullo,8,Godiva Akullo,2162,3711.0,230,58.3,False
Q57825456,Nakayenze Connie Galiwango,6,Connie Galiwango Nakayenze,2840,6315.0,230,45.0,False
Q107688911,Kavuma Ssemujju,5,David Ssemujju,3276,3916.0,230,83.7,False
Q111353679,Victoria Kakoko Sebagereka,5,Victoria Kakoko Sebagereka,2208,7155.0,230,30.9,False
Q16146167,Janet Achola,8,Janet Achola,1032,1868.0,229,55.2,True
Q43267627,Joy Atim,8,Joy Atim,5814,5942.0,229,97.8,False
Q19207088,Lawrence Ogwang,6,Lawrence Ogwang,2173,3717.0,229,58.5,False
Q30458487,Proscovia Margaret Njuki,6,Proscovia Margaret Njuki,2998,4201.0,229,71.4,False
Q51337190,Varsha Nair,10,Varsha Nair,4827,5932.0,228,81.4,False
Q19508645,Caroline Kamya,8,Caroline Kamya,2047,7494.0,228,27.3,False
Q111946185,The Environmental Conservation Trust of Uganda,5,Environmental Conservation Trust of Uganda,4486,8088.0,228,55.5,False
Q84595639,Irene Sewankambo,6,Irene Sewankambo,6197,7766.0,227,79.8,False
Q9358766,Timothy Toroitich,12,Timothy Toroitich,1149,3035.0,226,37.9,True
Q24572755,Benna Namugwanya,6,Benna Namugwanya,6105,6953.0,226,87.8,False
Q1949171,Moses Kibet,7,Musa Kibet,2788,3864.0,224,72.2,False
Q6022529,Shadrach Odhiambo,6,Shadrach Odhiambo,1095,2037.0,224,53.8,True
Q137988692,Arinaitwe Jeniva,5,Jeniva Arinaitwe,3188,3298.0,224,96.7,False
Q113626201,Val Kalende,6,Val Kalende,6078,8679.0,223,70.0,False
Q20677143,Jemimah Sanyu,5,Jemimah Sanyu,8540,13811.0,223,61.8,False
Q18027848,Shafik Batambuze,9,Shafik Batambuze,1576,4074.0,222,38.7,True
Q7088025,Olivia Aya Nakitanda,6,Olivia Aya Nakitanda,2591,4655.0,222,55.7,False
Q106835848,Oliva Amani,7,Oliva Amani,8313,11312.0,220,73.5,False
Q105962720,JulietBashiishaAgasha,6,Juliet Bashiisha Agasha,3347,4843.0,219,69.1,False
Q16221363,Gilbert Kaburu,6,Gilbert Kaburu,2120,6552.0,216,32.4,False
Q109372005,Isma Mugulusi,8,Isma Mugulusi,3259,3891.0,215,83.8,False
Q36174745,Dorcus Ajok,8,Dorcus Ajok,3735,6647.0,215,56.2,False
Q9256514,Evelyn Adiru,9,Evelyn Adiru,2214,5033.0,214,44.0,False
Q111661101,Evelyn Acham,18,Evelyn Acham,2026,6724.0,213,30.1,False
Q5338069,Edigold Monday,8,Edigold Monday,3828,8049.0,213,47.6,False
Q21455836,Said Adrus,7,Said Adrus,10415,6771.0,212,153.8,False
Q104632155,Alexis Bbakka,5,Alexis Bbakka,2395,3669.0,212,65.3,False
Q24851770,Sarah Kanyike,7,Saala Khenyo,2719,6311.0,211,43.1,False
Q16736668,Alex Kakuba,10,Alex Kakuba,2893,5486.0,210,52.7,False
Q2224462,Sarah Nambawa,8,Sarah Nambawa,2232,4386.0,210,50.9,False
Q105627879,Nandagire Christine Ndiwalana,5,Nandagire Christine Ndiwalana,2372,4831.0,209,49.1,False
Q20962343,Juliet Chekwel,11,Juliet Chekwel,2116,6621.0,208,32.0,False
Q58042010,Margaret Baba Diri,9,Margaret Baba Diri,2845,5219.0,207,54.5,False
Q98078432,St. Mary's Stadium-Kitende,6,St. Mary's Stadium-Kitende,5040,8098.0,207,62.2,False
Q127688024,Belinda Chemutai,7,"Belinda Chemutai, omuwandiisi w’ebitabo",3885,4694.0,206,82.8,False
Q24852450,Sarah Kiguli,5,Sarah Kiguli,4434,5568.0,206,79.6,False
Q6317331,Justin Arop,7,"Justin Arop, omuwandiisi w’ebitabo",2833,3840.0,203,73.8,False
Q62481961,Jane Nabulindo Kwoba,7,Jane Nabulindo Kwoba,4075,6501.0,202,62.7,False
Q3569212,Wilson Busienei,6,Wilson Busienei,3142,4702.0,202,66.8,False
Q111333689,Diana Angwech,6,Diana Angwech,3495,4477.0,201,78.1,False
Q17402417,Patrick Etolu,5,Patrick Etolu,3831,7149.0,200,53.6,False
Q61820210,Jacqueline Musiitwa,6,Jacqueline Musiitwa,5907,5837.0,199,101.2,False
Q24705004,Bukungu,5,Bukungu,167,5308.0,199,3.1,True
Q111649859,Kayaga Baroda Watongola,7,Kayaga Baroda Watongola,5660,6135.0,198,92.3,False
Q100309454,Atuhaire Ambala,6,Atuhaire Ambala,3608,7170.0,198,50.3,False
Q16730087,Ivan Ntege,6,Ivan Ntege,2299,4290.0,198,53.6,False
Q24251159,Judy Obitre–Gama,5,Judy Obitre–Gama,2805,4570.0,198,61.4,False
Q42759362,Angelline Osegge,5,Angelline Osegge,4965,7930.0,198,62.6,False
Q105966150,Judith Peace Achan,8,Judith Peace Achan,1348,3823.0,197,35.3,True
Q83613987,Rita Aciro,9,Rita Aciro,3873,4860.0,196,79.7,False
Q871466,Roman Catholic Diocese of Lugazi,13,Essaza lyobukatuliki ely'eLugazi,2134,3856.0,194,55.3,False
Q57829968,Faith Alupo,9,Okukkiriza Alupo,5617,7449.0,194,75.4,False
Q121811294,Tom Dradriga,7,Tom Dradriga,5360,7067.0,194,75.8,False
Q16727764,Loyce Biira Bwambale,7,Loyce Biira Bwambale,2066,3066.0,194,67.4,False
Q20807037,Brandon Sebirumbi,6,Brandon Sebirumbi,6155,6650.0,193,92.6,False
Q46999139,Rose Kirumira,5,Rose Kirumira,9600,10896.0,193,88.1,False
Q26260174,Joshua Tibatemwa,7,Joshua Tibatemwa,4752,7478.0,191,63.5,False
Q105964879,Annet Nyakecho,6,Annet Nyakecho,7703,7283.0,189,105.8,False
Q115633121,Loice Chekwemoi,6,"Loice Chekwemoi, omuwandiisi w’ebitabo",4179,6103.0,189,68.5,False
Q6541516,Muhamed Kizito,6,Muhamed Kizito,845,1482.0,189,57.0,True
Q110977893,Sumaya Komuntale,5,Sumaya Komuntale,1330,2812.0,189,47.3,True
Q55433698,Janet Mbabazi,7,Janet Mbabazi,1504,4740.0,188,31.7,True
Q101085725,Abbas Kaijuka,5,Abbas Kaijuka,6075,7523.0,188,80.8,False
Q105759689,Dorcus Acen,8,Dorcus Acen,4449,5950.0,187,74.8,False
Q105962523,Rita Atukwasa,6,Rita Atukwasa,2849,4528.0,186,62.9,False
Q56875897,Ruth Doreen Mutebe,6,Ruth Doreen Mutebe,5142,6147.0,184,83.7,False
Q37122067,Emma Boona,8,Emma Boona,5573,7909.0,183,70.5,False
Q19667760,Evangeline Barongo,7,Evangeline Barongo,5061,9590.0,183,52.8,False
Q105955382,Rose Emma Cherukut,6,Rose Emma Cherukit,1424,4891.0,183,29.1,True
Q111081529,Christine Abia Bako,5,Bako Christine Abia,6120,6260.0,183,97.8,False
Q4831217,Ayeta Anne Wangusa,8,Ayeta Anne Wangusa,6048,7819.0,182,77.4,False
Q6213808,Joel Olwenyi,7,Joel Olwenyi,726,7329.0,182,9.9,True
Q42868219,Grace Tubwita,6,Grace Tubwita,3140,4958.0,182,63.3,False
Q28478781,Goretti Angolikin,6,Goretti Angolikin,3627,5064.0,181,71.6,False
Q7459446,Sezi Mbaguta,7,Sezi Mbaguta,3967,6021.0,180,65.9,False
Q16849141,Saidi Kyeyune,6,Saidi Kyeyune,2804,4691.0,180,59.8,False
Q203173,Mike Sserumaga,12,Mike Sserumaga,1582,3359.0,179,47.1,True
Q105966519,Agnes Acibu,7,Agnes Acibu,2719,3220.0,179,84.4,False
Q19666505,Mariam Nalubega,6,Mariam Nalubega,3180,4899.0,179,64.9,False
Q111317423,Rose Mwebaza,6,Rose Mwebaza,4535,8700.0,176,52.1,False
Q108117638,Goretti Masadde,5,Goretti Masadde,6746,5389.0,176,125.2,False
Q100449863,Grace Ndeezi,5,Grace Ndeezi,1082,7449.0,175,14.5,True
Q17308883,Tete Chelangat,7,Tete Chelangat,1997,2583.0,174,77.3,True
Q16733676,Francis Olaki,6,Francis Olaki,1355,4032.0,174,33.6,True
Q115631930,Titus Ssematimba,5,Titus Ssematimba,5247,5885.0,174,89.2,False
Q10514379,Manfred Kizito,7,Manfred Kizito,2508,2917.0,173,86.0,False
Q29019684,Philippa Namutebi Kabali-Kagwa,6,Philippa Namutebi Kabali-Kagwa,5739,7198.0,173,79.7,False
Q106263496,Christine Ayo Achen,5,Christine Ayo Achen,5552,5260.0,173,105.6,False
Q111179575,Eudia Kwizera,5,Kwizera Eudia,3961,5748.0,171,68.9,False
Q111162702,Victoria Namusisi,7,Victoria Nalongo Namusisi,4682,6411.0,168,73.0,False
Q124670638,Priscilla Abey,5,Priscilla Abey,1767,2667.0,168,66.3,True
Q126736976,Lake Kayumbu,5,Lake Kayumbu,1258,6715.0,168,18.7,True
Q11850584,Albert Edward Baharagate,11,Albert Edward Baharagate Akiiki,2122,7014.0,167,30.3,False
Q1452850,Frederick Drandua,9,Frederick Drandua,5183,5527.0,167,93.8,False
Q111014610,Barbara Kasekende,6,Barbara Kasekende,3505,5690.0,167,61.6,False
Q11833693,Rajinder Singh Sandhu,6,Rajinder Singh Sandhu,595,1711.0,167,34.8,True
Q17466332,Phillip Kiplimo,6,Phillip Kiplimo,1281,2489.0,167,51.5,True
Q4914566,Binyiny,6,Binyiny,139,3452.0,167,4.0,True
Q19609645,Lillian Aujo,7,Lillian Aujo,4088,7056.0,166,57.9,False
Q1677421,Jacob Araptany,11,Yakobo Araptany,1643,3264.0,165,50.3,True
Q18205099,Angella Emurwon,7,Angella Emurwon,2093,7694.0,165,27.2,False
Q2005711,Assani Bajope,7,Assani Bajope,2334,3009.0,165,77.6,False
Q62177117,Bernard Agele,6,Bernard Agele,4507,7181.0,165,62.8,False
Q348817,Alex Malinga,8,Alex Malinga,2651,2459.0,164,107.8,False
Q111512355,Prudence Ukkonika,6,Prudence Ukkonika,4063,6513.0,164,62.4,False
Q118436298,Lake Nakuwa Wetland system,5,Lake Nakuwa Wetland System,3290,6217.0,164,52.9,False
Q24851772,Judith Tukahirwa,5,Judith Tukahirwa,4014,6418.0,164,62.5,False
Q5045178,Caroline Okao Amali,7,Caroline Amali Okao,2888,5220.0,163,55.3,False
Q57828013,Lilly Adong,8,Lilly Adong,4030,3298.0,162,122.2,False
Q1700258,John Goville,7,John Goville,1565,2268.0,162,69.0,True
Q4670515,Abubaker Tabula,6,Abubaker Tabula,4789,5596.0,162,85.6,False
Q4997417,Bunamwaya Stadium,6,Bunamwaya Stadium,473,1314.0,161,36.0,True
Q5576477,Godfrey Kisitu,6,Godfrey Kisitu,686,1506.0,161,45.6,True
Q10514977,Simon Sserunkuma,5,Simon Sserunkuma,2495,4362.0,161,57.2,False
Q106095223,Agnes Namyalo,5,Agnes Namyalo,4480,5438.0,161,82.4,False
Q55433704,Rita Musamali,6,Rita Musamali,2654,4937.0,160,53.8,False
Q6404024,Kibingo,6,"Kibingo, Yuganda",129,6970.0,160,1.9,True
Q97155765,Catherine Apalat,9,Catherine Apalat,3828,4585.0,159,83.5,False
Q5591011,Grace Birungi,8,Grace Birungi,922,2200.0,159,41.9,True
Q111017137,Julia Clare Oyet,5,"Julia Clare Oyet, omuwandiisi w’ebitabo",4395,4526.0,159,97.1,False
Q11727987,John Siryakibbe,5,John Siryakibbe,3017,3276.0,159,92.1,False
Q4804789,Ashe Mukasa,7,Ashe Mukasa,3282,2547.0,158,128.9,False
Q111893822,William Amanzuru,6,William Leslie Amanzuru,4597,6603.0,158,69.6,False
Q3109754,Godfrey Kateregga,6,Godfrey Kateregga,1993,2736.0,157,72.8,True
Q17580312,Maud Kamatenesi Mugisha,8,Maud Kamatenesi Mugisha,4762,6020.0,156,79.1,False
Q105904450,Atuto Jacinta,6,Jacinta Atuto,2436,4020.0,156,60.6,False
Q61996991,Josephine Lalam,7,Josephine Joyce Lalam,1454,3869.0,155,37.6,True
Q4889051,Benjamin Musoke,5,Benjamin Musoke,3509,4480.0,155,78.3,False
Q1187467,Denis Kiwanuka Lote,9,Denis Kiwanuka Lote,733,6708.0,154,10.9,True
Q4790384,Ora River,8,Omugga Ora,765,1234.0,154,62.0,True
Q105956578,Driwaru Jennifer,5,Jennifer Driwaru,2445,4088.0,153,59.8,False
Q11784646,Mohamed Muruli,6,Mohamed Muruli,1459,2348.0,151,62.1,True
Q955373,Mike Okot,8,Mike Okot,2044,2642.0,150,77.4,False
Q105903344,Jennifer Ayoo,6,Jennifer Ayoo,2573,4079.0,150,63.1,False
Q9149387,Amarjit Singh Sandhu,6,Amarjit Singh Sandhu,600,1682.0,150,35.7,True
Q16234791,Martin Mpuga,5,Martin Mpuga,1823,3284.0,150,55.5,True
Q28474496,Jimmy Kidega,5,Jimmy Kidega,1087,3835.0,150,28.3,True
Q113960932,Caroline Adoch,8,Caroline Adoch,4119,4923.0,149,83.7,False
Q42701026,Josephine Okot,7,Josephine Okot,3470,6850.0,149,50.7,False
Q26268006,Nyakisi Adero,11,Nyakisi Adero,1182,2457.0,147,48.1,True
Q57825270,Molly Lanyero,7,Molly Lanyero,4384,5692.0,147,77.0,False
Q16868894,Adilang,6,Adilang,127,3582.0,147,3.5,True
Q7378868,Rukiya Chekamondo,7,Rukiya Chekamondo,4653,5610.0,146,82.9,False
Q7279324,Rachel Mayanja,6,Rachel Mayanja,4098,5094.0,146,80.4,False
Q9324189,Ruth Kyalisima,10,Ruth Kyalisima,836,2868.0,145,29.1,True
Q1503094,Geofrey Kusuro,10,Geofrey Kusuro,1291,3477.0,144,37.1,True
Q16223706,Jolly Katongole,6,Jolly Katongole,1608,2760.0,144,58.3,True
Q50376436,Bernard Muwanga,6,Bernard Muwanga,831,2767.0,144,30.0,True
Q20649220,George Stanley Nsamba,5,George Stanley Nsamba,11448,14810.0,144,77.3,False
Q22277677,Daisy Ejang,5,Daisy Ejang,1009,1446.0,144,69.8,True
Q101115022,Leila Nakabira,7,Leila Nakabira,5256,6669.0,143,78.8,False
Q22083689,Edith Nakiyingi,7,Edith Nakiyingi,5062,8706.0,143,58.1,False
Q124736459,Milly Nassolo,6,Milly Nassolo,4866,6662.0,143,73.0,False
Q63228590,Beatrice Byenkya,6,Omuyimbi Beatrice Byenkya,3058,4390.0,143,69.7,False
Q1463059,Ronald Serugo,5,Ronald Serugo,1325,1702.0,143,77.8,True
Q16574255,Malkit Singh Sondh,5,Malkit Singh Sondh,381,1583.0,143,24.1,True
Q1493731,Ganzi Mugula,6,Ganzi Mugula,838,1925.0,142,43.5,True
Q47816057,Maureen Nankya,6,Maureen Nankya,4301,4238.0,142,101.5,False
Q105760812,Resty Nanteza,5,Resty Nanteza,3943,3512.0,142,112.3,False
Q47014860,Betty Manyolo,8,Betty Manyolo,7714,8782.0,141,87.8,False
Q15630989,Shamim Bangi,7,Shamim Bangi,5366,8193.0,141,65.5,False
Q17305642,Deborah Asiimwe GKashugi,5,Asiimwe Deborah GKashugi,6470,7859.0,141,82.3,False
Q21285582,Joseph Kenneth Ssebaggala,5,Joseph Kenneth Ssebaggala,1519,3285.0,141,46.2,True
Q71184204,Judith Bakirya,12,Judith Bakirya,4659,5268.0,140,88.4,False
Q17335310,Abraham Munabi,6,Abraham Munabi,842,2060.0,140,40.9,True
Q65984578,Catheline Ndamira Atwakiire,9,Ndamira Catherine Atwikiire,1526,7560.0,138,20.2,True
Q6318331,Justine Bayigga,8,Justine Bayigga,1168,3244.0,137,36.0,True
Q111434407,Iriama Rose,5,Iriama Rose,4238,6744.0,137,62.8,False
Q124339531,Naleyo,5,Naleyo,2637,3303.0,137,79.8,False
Q111507048,Sarah Kiyingi Kyama,5,Sarah Kiyingi Musoke,4419,3476.0,134,127.1,False
Q16196528,Evelyn Kaabule,5,Evelyn Kaabule,4857,6390.0,134,76.0,False
Q43054185,Christine Nyangoma,5,Christine Nyangoma,3654,4241.0,134,86.2,False
Q19666776,Nakisanze Segawa,7,Nakisanze Segawa,5948,6723.0,133,88.5,False
Q1190129,Deogratias Muganwa Byabazaire,6,Deogratias Muganwa Byabazaire,2528,5795.0,133,43.6,False
Q55433689,Concy Aweko,6,Concy Aweko,3634,4876.0,133,74.5,False
Q6395592,Keturah Kamugasa,6,Keturah Kamugasa,638,2004.0,133,31.8,True
Q11813529,Patrick Lihanda,5,Patrick Lihanda,506,1575.0,133,32.1,True
Q16526852,Ajaip Singh Matharu,5,Ajaip Singh Matharu,856,1640.0,133,52.2,True
Q4790372,Nyagak River,9,River Nyagak,238,912.0,131,26.1,True
Q16222038,Laurence Sematimba,5,Laurence Sematimba,352,1914.0,131,18.4,True
Q1329153,Erasmus Desiderius Wandera,9,Erasmus Desiderius Wandera,2428,5269.0,130,46.1,False
Q48264226,Sarah Walusimbi,5,Sarah Walusimbi,2751,5693.0,130,48.3,False
Q11716780,James Odwori,5,James Odwori,498,2113.0,129,23.6,True
Q11716054,Jagdish Singh Kapoor,6,Jagdish Singh Kapoor,864,1680.0,128,51.4,True
Q105962932,Atyang Stella,5,Stella Atyang,815,2777.0,128,29.3,True
Q61440306,Frances Akello,6,Frances Akello,1601,2780.0,126,57.6,True
Q16560812,Jackson Kiprop,5,Jackson Kiprop,720,2071.0,126,34.8,True
Q19667662,Nyana Kakoma,6,Nyana Kakoma,5235,6587.0,125,79.5,False
Q42857831,Catherine Amusugut,5,Catherine Amusugut,3860,5808.0,125,66.5,False
Q9374829,William Galiwango,7,William Galiwango,510,1924.0,124,26.5,True
Q55433679,Kevin Awino,6,Kevin Awino,1185,4665.0,124,25.4,True
Q610256,Francis Ogola,6,Francis Ogola,1578,2266.0,124,69.6,True
Q105966644,Sarah Kayaki Netalisile,5,Sarah Kayaki Netalisile,1737,2868.0,124,60.6,True
Q36531298,Jean Baptiste Okello,5,Jean Baptiste Okello,725,2365.0,123,30.7,True
Q14944333,Patrick Edema,6,"Patrick Edema, omuwandiisi w’ebitabo",1146,3574.0,122,32.1,True
Q4726655,Alimansi Kadogo,6,Alimansi Kadogo,891,2542.0,122,35.1,True
Q5927695,Moses Kyeswa,6,Moses Kyeswa,1019,1632.0,122,62.4,True
Q111307347,Barumba Beatrice Rusaniya,5,Barumba Beatrice Rusaniya,2685,4090.0,122,65.6,False
Q51939713,Marie Solome Nassiwa,7,Marie Solome Nassiwa,2855,5538.0,121,51.6,False
Q43264869,Florence Mawejje,6,Florence Mawejje,4869,5591.0,121,87.1,False
Q1066117,Charles Ssekyaaya,5,Charles Ssekyaaya,282,5105.0,121,5.5,True
Q56948405,Agnes Nalwanga,6,Agnes Nalwanga,2408,4946.0,120,48.7,False
Q115944619,Andrew Kwemoi,5,Andrew Rotich Kwemoi,2022,4264.0,120,47.4,False
Q96802587,Alice Boase,6,Alice Boase,2911,3172.0,119,91.8,False
Q24885904,Geoffrey Ogwaro,6,Geoffrey Ogwaro,4218,5250.0,118,80.3,False
Q11813624,Paul Adiga,6,Paul Adriga,241,3675.0,117,6.6,True
Q43356759,Specioza Kimera Ndagire,6,Specioza Kimera Ndagire,1853,2677.0,117,69.2,True
Q105760249,Suzan Achola Engola,5,Susan Achola Engola,1518,2403.0,117,63.2,True
Q55433711,Stephanie Nampiina,6,Stephanie Nampiina,1248,3427.0,116,36.4,True
Q62099975,Loy Katali,6,Loy Katali,4452,3751.0,116,118.7,False
Q106312282,Lydia Chekwel,6,Lydia Chekwel,4410,5548.0,115,79.5,False
Q125965768,Jesca Ruth Ataa,6,Jesca Ruth Ataa,8014,5822.0,115,137.7,False
Q16821638,1977 Uganda National League,5,1977 Liigi y'eggwanga lya Uganda,140,5155.0,115,2.7,True
Q23772403,William Kamanyi,6,William Kamanyi,4466,5236.0,114,85.3,False
Q17306325,Damalie Nagitta-Musoke,8,Damalie Nagitta-Musoke,3954,6945.0,113,56.9,False
Q15631294,Margaret Nankabirwa,7,Margaret Nankabirwa,3545,6038.0,113,58.7,False
Q124675453,Evelyne Nakiyingi,5,Evelyne Nakiyingi,2023,2349.0,113,86.1,False
Q110982406,Lilian Mutuuzo,5,Lillian Mutuuzo,1748,3706.0,111,47.2,True
Q9142939,Ajit Singh Bhogal,6,Ajit Singh Bhogal,455,1616.0,110,28.2,True
Q111434932,Iriama Margaret,5,Iriama Margaret,3286,4414.0,110,74.4,False
Q111449795,Mpiima Dorothy Christine,6,Mpiima Dorothy Christine,3737,4351.0,109,85.9,False
Q24251127,Joel Otim,7,Joel Otim,1128,1396.0,106,80.8,True
Q100869668,Miriam Muwanga,5,Miriam Muwanga,3201,5872.0,106,54.5,False
Q37764671,Grace Buzu,7,Grace Buzu,625,3778.0,105,16.5,True
Q11771649,Matthias Ouma,6,Matthias Ouma,833,1753.0,104,47.5,True
Q27978724,Aisha Nakiyemba,6,Aisha Nakiyemba,4278,5835.0,104,73.3,False
Q6152819,Jane Suuto,9,Jane Suuto,414,1813.0,102,22.8,True
Q105759825,Betty Luoke Chelain,7,Betty Louke Chelain,1492,2761.0,102,54.0,True
Q9368601,Vicky Byarugaba,6,Vicky Byarugaba,1036,1779.0,102,58.2,True
Q1707759,Joseph Oyanga,9,Joseph Oyanga,4402,4767.0,101,92.3,False
Q105942517,Jacinta Athieno Ayo,5,Jacinta Athieno Ayo,1068,2178.0,101,49.0,True
Q26263136,Moses Kurong,9,Moses Kurong,628,1881.0,100,33.4,True
Q55433713,Immaculate Nakisuuyi,6,Nakisuuyi Omulongoofu,1599,3821.0,100,41.8,True
Q58041847,Dorothy Azairwe Nshaija Kabaraitsya,6,Dorothy Azairwe Nshaija Kabaraitsya,4043,3114.0,100,129.8,False
Q7176726,Peter Rwamuhanda,6,Peter Rwamuhanda,1166,2166.0,100,53.8,True
Q126680881,Lake Nyaguo,5,Ennyanja Nyaguo,2006,2957.0,100,67.8,False
Q133896110,Florence Nkalubo,6,Florence Nkalubo,5332,6602.0,99,80.8,False
Q105106300,Janet Wesonga,6,Janet Wesonga,3368,3550.0,98,94.9,False
Q9208469,Dodovic Owiny,6,Dodovic Owiny,641,1477.0,98,43.4,True
Q124670599,Maria Najjuma,5,Maria Najjuma,3591,3971.0,98,90.4,False
Q17108471,Yenga,5,"Yenga, Yuganda",135,4777.0,97,2.8,True
Q18683782,Concy Aciro,6,Concy Aciro,2870,4816.0,95,59.6,False
Q111439705,Nakabira Gertrude,6,Gertrude Nakabira,3521,4805.0,93,73.3,False
Q4357104,Rose Musani,7,Rose Musani,646,1423.0,91,45.4,True
Q30945457,Irene Muyanga,6,Irene Muyanga,1258,1703.0,89,73.9,True
Q32144773,Farida Kyakutewa,6,Farida Kyakutema,1191,2469.0,88,48.2,True
Q5553347,Gertrude Kayaga Mulindwa,7,Gertrude Kayaga Mulindwa,6526,6465.0,87,100.9,False
Q15838612,Daisy Nakalyango,6,Daisy Nakalyango,2470,5135.0,87,48.1,False
Q23883497,Frank Kisekka,5,Frank Kisekka,500,1363.0,87,36.7,True
Q11727963,John Opio,5,John Opio,481,1314.0,86,36.6,True
Q24572836,Adrian Tibaleka,5,Adrian Tibaleka,1960,2025.0,86,96.8,True
Q11815896,Peter Okumu,5,Peter Okumu,488,1306.0,85,37.4,True
Q9267028,Geofrey Nyeko,6,Geofrey Nyeko,615,1413.0,83,43.5,True
Q9374856,William Lobo,6,William Lobo,391,1517.0,83,25.8,True
Q71240652,Purity Wako,9,Purity Wako,2734,2682.0,82,101.9,False
Q16579325,Moses Musonge,5,Moses Musonge,501,1572.0,80,31.9,True
Q27853424,Pius Olowo,5,Pius Olowo,498,1701.0,71,29.3,True
Q11815895,Peter Odhiambo,5,"Peter Odhiambo (omukubi w’ebikonde, yazaalibwa 1950)",521,1368.0,63,38.1,True
Q1111939,Maracha-Terego District,8,Maracha-Terego (disitulikit),217,30.0,28,723.3,True
Q8566347,Luganda Wikipedia,10,Wikipedia mu Luganda,185,0.0,0,,True
Q27678776,Hellen Lukoma,8,Hellen Lukoma,2979,0.0,0,,False
Q1627543,Yoweri Hunter Wacha-Olwol,6,Yoweri Hunter Wacha-Olwol,99,0.0,0,,True
Q124339595,Amaggunju,5,Amaggunju,6042,0.0,0,,False
Q124340049,Akogo,5,Akogo,3123,0.0,0,,False
Q124340110,Edonga,5,Edonga,3193,0.0,0,,False
Q51844074,Hellen Kahunde,5,Hellen Kahunde,3947,5901.0,0,66.9,False
Q4987220,Bulange,5,Bulange,4749,6087.0,0,78.0,False
Q5001975,Busitema,5,Busitema,170,3240.0,0,5.2,True
Q5052905,Catherine Samali Kavuma,5,Catherine Samali Kavuma,1305,2344.0,0,55.7,True
Q5111091,Christine Kitumba,5,Christine Kitumba,2025,4841.0,0,41.8,False
Q5186066,Kiyonga Cwcb,5,Crispus Kiyonga,6732,11262.0,0,59.8,False
Q5214068,Dan Mubiru,5,Dan Mubiru,707,1477.0,0,47.9,True
Q5217806,Daniel Kipkorir Chepyegon,5,Daniel Kipkorir Chepyegon,2565,2904.0,0,88.3,False
Q5204904,DFCU Group,5,Kkampuni ya DFCU,4641,7177.0,0,64.7,False
Q5327657,East African Legislative Assembly,5,East African Legislative Assembly,31134,28532.0,0,109.1,False
Q5345277,Edward Semwanga,5,Edward Semwanga,561,1244.0,0,45.1,True
Q5366225,Elly Tumwine,5,Elly Tumwine,1354,10952.0,0,12.4,True
Q5385927,Erias Lukwago,5,Erias Lukwago,7454,17510.0,0,42.6,False
Q50967048,Musa Mudde,5,Musa Mudde,1725,7211.0,0,23.9,True
Q5495981,Fred Muteweta,5,Fred Mutuweta,1868,3623.0,0,51.6,True
Q5505867,Front for National Salvation,5,Front for National Salvation,7030,11650.0,0,60.3,False
Q55433688,Gertrude Candiru,5,Gertrude Candiru,779,3544.0,0,22.0,True
Q5576549,Godfrey Ssali,5,Godfrey Ssali,717,1698.0,0,42.2,True
Q55310161,Jessica Naiga,5,Jessica Naiga,2299,3523.0,0,65.3,False
Q55433683,Joyce Apio,5,Joyce Apiyo,1446,3405.0,0,42.5,True
Q54233867,Victoria Mwaka,5,Victoria Mwaka,5791,4565.0,0,126.9,False
Q52433205,Emily Nanziri,5,Emily Nanziri,3155,4208.0,0,75.0,False
Q5427654,Fabian Kizito,5,Fabian Kizito,1337,4373.0,0,30.6,True
Q53707363,Jacqueline Amongin,5,Jacqueline Amongin,3610,3642.0,0,99.1,False
Q54224710,Ssebugwawo Joyce Juliet,5,Joyce Nabbosa Ssebugwawo,1957,3671.0,0,53.3,True
Q55433795,Racheal Ntono,5,Racheal Ntono,1567,3088.0,0,50.7,True
Q5636781,Habib Kavuma,5,Habib Kavuma,1899,4043.0,0,47.0,True
Q5649199,Hannington Kalyesubula,5,Hannington Kalyesubula,1861,3203.0,0,58.1,True
Q5726558,Henry Osinde,5,Henry Osinde,4662,8350.0,0,55.8,False
Q56065160,Quiin Abenakyo,5,Quiin Abenakyo,4140,7817.0,0,53.0,False
Q56161726,Stellah Nantumbwe,5,Stellah Nantumbwe,9337,10364.0,0,90.1,False
Q57883753,Annettee Nakimuli,5,Annettee Nakimuli,10629,22908.0,0,46.4,False
Q57825400,Nabayiga Idah,5,Idah Nabayiga,4721,7429.0,0,63.5,False
Q57830246,Alyek Judith,5,Judith Alyek,4012,9321.0,0,43.0,False
Q57829781,Margaret Aachilla Aleper,5,Margaret Aachilla Aleper,2788,4680.0,0,59.6,False
Q58041343,Rama Jacqueline Aol,5,Rama Jacqueline Aol,4735,6003.0,0,78.9,False
Q56949745,Sylvia Nayebale,5,Sylvia Nayebale,5072,7146.0,0,71.0,False
Q57825425,Tophace Kaahwa,5,Tophace Kaawa,4853,5681.0,0,85.4,False
Q58198507,Faridah Nakazibwe,5,Faridah Nakazibwe,2811,7180.0,0,39.2,False
Q5984384,Ibra Sekajja,5,Ibra Sekajja,14679,19071.0,0,77.0,False
Q6054150,International University of East Africa,5,International University of East Africa,10830,11121.0,0,97.4,False
Q56289673,Esta Nambayo,5,Nambayo eno,4270,6295.0,0,67.8,False
Q59379942,Nesta Rugumayo,5,Nesta Rugumayo,5045,3805.0,0,132.6,False
Q6022573,Okot Odhiambo,5,Okot Odhiambo,7037,9378.0,0,75.0,False
Q58756497,Sanyu Robinah Mweruka,5,Sanyu Robinah Mweruka,2330,6785.0,0,34.3,False
Q58494894,Theopista Sekitto Ntale,5,Theopista Sekitto Ntale,4227,5780.0,0,73.1,False
Q6213635,Joel Kitamirike,5,Joel Kitamirike,8330,10471.0,0,79.6,False
Q6250124,John Nagenda,5,John Nagenda,12922,12248.0,0,105.5,False
Q62519673,Mariam Luyombo,5,Mariam Luyombo,2219,7222.0,0,30.7,False
Q62099508,Susan Amero,5,Susan Amero,2950,5508.0,0,53.6,False
Q62100890,Grace Kesande Bataringaya,5,Grace Kesande Bataringaya,2221,3251.0,0,68.3,False
Q6284482,Joseph Kabagambe,5,Joseph Kabagambe,1475,1909.0,0,77.3,True
Q6309980,Julius Mutekanga,5,Julius Mutekanga,2620,3034.0,0,86.4,False
Q6310750,Juma Oris,5,Juma A. Oris,12575,15557.0,0,80.8,False
Q6313317,Junior Kwebiha,5,Junior Kwebiha,3405,4707.0,0,72.3,False
Q62129175,Lowila Cd Oketayot,5,Lowila CD Oketayot,4613,5545.0,0,83.2,False
Q62129269,Mirembe Lydia Daphine,5,Lydia Daphine Mirembe,3001,5078.0,0,59.1,False
Q62129230,Margaret Mbeiza Kisira,5,Margaret Mbeiza Kisira,4657,6090.0,0,76.5,False
Q62118399,Peninnah Kasule,5,Penina Kasule,3206,5138.0,0,62.4,False
Q62574878,Stella Atal,5,Stella Atal,3404,5106.0,0,66.7,False
Q6404078,Kibuku,5,Kibuku,205,7816.0,0,2.6,True
Q64495988,Ameede Agnes,5,Agnes Ameede,6181,8045.0,0,76.8,False
Q6390297,Kenneth Kamyuka,5,Kenneth Kamyuka,1154,3236.0,0,35.7,True
Q6471047,Laeticia Kikonyogo,5,Laeticia Kikonyogo,5700,7983.0,0,71.4,False
Q64011514,Monica Chibita,5,Monica Chibita,26311,17368.0,0,151.5,False
Q65326471,Lake Chahafi,5,Ennyanja Chahafi,786,1206.0,0,65.2,True
Q66606322,Gudula Naiga Basaza,5,Gudula Naiga Basaza,5719,7045.0,0,81.2,False
Q6699373,Kiryandongo,5,Kiryandongo,167,7210.0,0,2.3,True
Q6697604,Zombo,5,"Zombo, Yuganda",144,10348.0,0,1.4,True
Q6776240,Martin Muwanga,5,Martin Muwanga,1355,1876.0,0,72.2,True
Q6776753,Martin Toroitich,5,Martin Toroitich,1710,2018.0,0,84.7,True
Q6790901,Matthew Lukwiya,5,Matayo Lukwiya,18736,17979.0,0,104.2,False
Q6787626,Matiya Mulumba,5,Matiya Mulumba,2621,3773.0,0,69.5,False
Q6799639,Mbarara High School,5,Mbarara High School,6052,5535.0,0,109.3,False
Q67500811,Margaret Lamwaka,5,Margaret Lamwaka,3247,6260.0,0,51.9,False
Q6848155,Mike Mutyaba,5,Mike Mutyaba,3401,5763.0,0,59.0,False
Q6943779,Muteesa I Royal University,5,Muteesa I Royal University,9242,10177.0,0,90.8,False
Q7047359,Noerine Kaleeba,5,Noerine Kaleeba,6719,6122.0,0,109.8,False
Q7158201,Pearl of Africa Music Awards,5,Engule z'ennyimba za Pearl of Africa,883,2150.0,0,41.1,True
Q7185818,Phillip Ssozi,5,Phillip Ssozi,2077,3448.0,0,60.2,False
Q69990468,Asinisi Fina Opio,5,Asinisi Fina Opio,1619,3178.0,0,50.9,True
Q7114537,Owen Kasule,5,Kasule Owen,2788,4730.0,0,58.9,False
Q7087377,Oliver Acii,5,Oliver Acii,889,1458.0,0,61.0,True
Q7090794,Omukama of Toro,5,Omukama owa Tooro,3472,6695.0,0,51.9,False
Q68980508,Rachael Zena Chebet,5,Rachael Zena Chebet,3372,3719.0,0,90.7,False
Q69145880,Abu Salim Mayanja,5,Salim Abu Mayanja,1654,2212.0,0,74.8,True
Q7404586,Salim Saleh,5,Salim Saleh,12387,63680.0,0,19.5,False
Q7877635,Uganda Wildlife Authority,5,Ekitongole ekivunaanyizibwa ku bisolo by'omu nsiko mu Uganda,5784,8744.0,0,66.1,False
Q7412872,Samuel Walusimbi,5,Samuel Walusimbi,1103,4257.0,0,25.9,True
Q7422653,Sarah Opendi Achieng,5,Sarah Achieng Opendi,9057,11837.0,0,76.5,False
Q7422470,Sarah Kataike,5,Sarah Kataike,5136,8493.0,0,60.5,False
Q7517619,Simeon Masaba,5,Simyoni Masaba,1246,2331.0,0,53.5,True
Q7558636,Solomon Iguru I,5,Solomon Iguru I,395,4632.0,0,8.5,True
Q7635964,Sulaiman Kyebakoze Madada,5,Sulaiman Madada,3316,5351.0,0,62.0,False
Q7877581,Uganda Broadcasting Corporation,5,Uganda Broadcasting Corporation,3980,12284.0,0,32.4,False
Q83610077,Eunice Musiime,5,Eunice Musiime,2421,4205.0,0,57.6,False
Q7877684,1980 Ugandan general election,5,Okulonda kwa bonna okwa Uganda 1980,4149,4175.0,0,99.4,False
Q83614948,Primah Kwagala,5,Primah Kwagala,4388,7835.0,0,56.0,False
Q7807045,Timothy Batabaire,5,Timothy Batabaire,1702,4094.0,0,41.6,True
Q7823093,Tony Odur,5,Tony Odur,4647,6182.0,0,75.2,False
Q7877578,Uganda Air Cargo Corporation,5,Uganda Air Cargo Corporation,7814,9601.0,0,81.4,False
Q7954017,WOUGNET,5,WOUGNET,13913,19901.0,0,69.9,False
Q7971076,Walumbe,5,Walumbe,4658,6897.0,0,67.5,False
Q77968927,Ghetto Kids,5,Ghetto Kids,7295,8092.0,0,90.2,False
Q80776096,Judith Heard,5,Judith Heard,13572,13235.0,0,102.5,False
Q9336982,Silver Ayoo,5,Silver Ayoo,3320,4393.0,0,75.6,False
Q9366903,Upkar Singh Kapoor,5,Upkar Singh Kapoor,436,1726.0,0,25.3,True
Q86372390,Anne Juuko,5,Anne Juuko (Munnabyanfuna),5288,7606.0,0,69.5,False
Q87474492,Hellen Baleke,5,Hellen Baleke,3467,6033.0,0,57.5,False
Q9368966,Vitus Ashaba,5,Vitus Ashaba,528,1537.0,0,34.4,True
Q9374797,William Bagonza,5,William Bagonza,818,1661.0,0,49.2,True
Q90932356,Anifa Bangirana,5,Bangirana Kawooya Anifa,2506,4860.0,0,51.6,False
Q90926112,Christine Nakwang Tubo,5,Christine Tubo Nakwang,8551,7513.0,0,113.8,False
Q89370497,Rose Kabagyeni,5,Rose Kabagyenyi,5568,5254.0,0,106.0,False
Q97826143,Anne Kabagambe,5,Anne Kabagambe,6848,7991.0,0,85.7,False
Q97996412,Bright Anukani,5,Bright Anukani,909,2845.0,0,32.0,True
Q97119881,Felix Chemonges,5,Felix Chemonges,3061,5306.0,0,57.7,False
Q96194971,Malende Shamim,5,Shamim Malende,10434,7021.0,0,148.6,False
Q97109424,Dominica Dipio,5,Dominica Dipio,10489,12395.0,0,84.6,False
Q98716518,Elizabeth Mwesigwa,5,Elizabeth Mwesigwa,10738,13829.0,0,77.6,False
Q98637883,Husnah Kukundakwe,5,Husnah Kukundakwe,5081,8452.0,0,60.1,False
Q97958856,Nadine Byarugaba,5,Nadine Byarugaba,5402,6144.0,0,87.9,False
Q97011424,Sheila Gashumba,5,Sheilah Gashumba,3011,13614.0,0,22.1,False
Q105825829,Katusiime Annet Mugisha,4,Annet Katusiime Mugisha,6158,6120.0,0,100.6,False
Q105903749,Namukuta Brenda,4,Brenda Namukuta,7194,7616.0,0,94.5,False
Q1002168,Bufuka,4,Bufuka,180,1195.0,0,15.1,True
Q105825933,Namujju Cissy Dionizia,4,Cissy Dionizia Namujju,4272,3978.0,0,107.4,False
Q105839631,Mugisa Margaret Muhanga,4,Margaret Annet Muhanga Mugisa,4084,12066.0,0,33.8,False
Q105904215,Kinshaba Patience Nkunda,4,Patience Nkunda Kinshaba,4539,6976.0,0,65.1,False
Q10384328,Robert Ssejjemba,4,Robert Ssejjemba,2532,4846.0,0,52.2,False
Q105839516,Susan Mugabi Nakaziba,4,Susan Mugabi Nakaziba,795,1686.0,0,47.2,True
Q100702093,Abby Mukiibi Nkaaga,4,Abby Mukiibi Nkaaga,6876,8261.0,0,83.2,False
Q105951100,Nyakato Dorothy,4,Dorothy Nyakato,1844,3313.0,0,55.7,True
Q105955461,Flavia Rwabuhoro Kabahenda,4,Flavia Rwabuhoro Kabahenda,3606,4280.0,0,84.3,False
Q105951002,Natumanya Flora,4,Flora Natumanya,1428,6594.0,0,21.7,True
Q105944722,Jenifer Abaho Muheesi,4,Jenifer Abaho Muheesi,1313,5058.0,0,26.0,True
Q105951016,Jovanice Twinobusingye,4,Jovanice Twinobusingye,6308,7467.0,0,84.5,False
Q105760963,Veronica Namaganda Nanyondo,4,Veronica Namaganda Nanyondo,4137,6403.0,0,64.6,False
Q105966392,Anne Mary Kobugabe Tumwine,4,Anne Mary Kobugabe Tumwine,5079,3690.0,0,137.6,False
Q105956412,Nabukenya Brenda,4,Brenda Nabukenya,6134,6849.0,0,89.6,False
Q106029262,Hanifa Nabukeera,4,Hanifa Nabukeera,1907,2980.0,0,64.0,True
Q100728299,Ivan Wani,4,Ivan Wani,1537,3740.0,0,41.1,True
Q105962464,Juliet Kyinyamatama Suubi,4,Juliet Kyinyamatama Suubi,4742,4289.0,0,110.6,False
Q105965509,Kevin Ojinga Kaala,4,Kevin Ojinga Kaala,1863,4417.0,0,42.2,True
Q105962661,Margret Rwebyambu,4,Margaret Rwebyambu,2425,7775.0,0,31.2,False
Q104480466,Metropolitan International University,4,Metropolitan International University,7085,6123.0,0,115.7,False
Q105958189,Molly Musiime Asiimwe,4,Molly Musiime Asiimwe,1230,5720.0,0,21.5,True
Q105963047,Nambooze Teddy,4,Teddy Nambooze,4282,4900.0,0,87.4,False
Q105966087,Zomura Manezo,4,Zomura Manezo,676,1699.0,0,39.8,True
Q106265557,Akello Judith Franca,4,Akello Judith Franca,5726,6694.0,0,85.5,False
Q105548511,Andrew Buteera,4,Andrew Buteera,922,2201.0,0,41.9,True
Q105966555,Faith Nakut,4,Faith Nakut,3873,5667.0,0,68.3,False
Q106330906,Gavin Kizito,4,Gavin Kizito,3096,9181.0,0,33.7,False
Q105496739,Ibrahim Orit,4,Ibrahim Orit,3995,7082.0,0,56.4,False
Q106368084,Jalia Bintu,4,Jalia Bintu,10289,7145.0,0,144.0,False
Q105966258,Josyline Kamateneti,4,Josyline Kamateneti,2859,3908.0,0,73.2,False
Q106139107,Aber Lillian,4,Lilian Aber,3651,10503.0,0,34.8,False
Q105322566,Nancy Kalembe,4,Nancy Kalembe,3650,9433.0,0,38.7,False
Q104859936,Nexus International University,4,Nexus International University,7943,8830.0,0,90.0,False
Q106647739,Sophie Kyagulanyi,4,Sophie Kyagulanyi,1061,3520.0,0,30.1,True
Q108328674,Arthur Kaluma,4,Arthur Kaluma,5849,14108.0,0,41.5,False
Q106818828,Jonathan Komagum,4,Jonathan Komagum,1367,3480.0,0,39.3,True
Q111023763,Annet Nakimbugwe,4,Annet Nakimbugwe,4224,5491.0,0,76.9,False
Q108861206,Enock Walusimbi,4,Enock Walusimbi,5853,7254.0,0,80.7,False
Q107289268,Freda Mubanda,4,Freda Mubanda Kasse,4255,6765.0,0,62.9,False
Q107484961,Grace Nambatya Kyeyune,4,Grace Nambatya Kyeyune,5679,6916.0,0,82.1,False
Q108933256,Hasifah Nassuna,4,Hasifah Nassuna,7816,9201.0,0,84.9,False
Q107234894,Hood Kaweesa,4,Hood Kaweesa,366,3366.0,0,10.9,True
Q107555227,Julius Ssekitoleko,4,Julius Ssekitoleko,2236,4788.0,0,46.7,False
Q106936743,Kabale Regional Museum,4,Kabale Regional Museum,5989,6376.0,0,93.9,False
Q111094566,Godfrey Pereza Ahabwe,4,Perez Ahabwe,5687,5920.0,0,96.1,False
Q109024300,Rehmah Kasule,4,Rehmah Kasule,13699,13722.0,0,99.8,False
Q110898055,Baby Gloria,4,Baby Gloria,6789,8294.0,0,81.9,False
Q110781877,Chosen Becky,4,Chosen Becky,5911,7980.0,0,74.1,False
Q110974049,Daisy Nakaziro,4,Daisy Nakaziro,1014,2488.0,0,40.8,True
Q110967333,Ruth Aturo,4,Ruth Aturo,1385,2844.0,0,48.7,True
Q110978844,Shamirah Nalugya,4,Shamirah Nalugya,2132,3558.0,0,59.9,False
Q110128741,Uganda women's national field hockey team,4,Uganda women's national field hockey team,1120,4478.0,0,25.0,True
Q111444396,Auma Juliana Modest,4,Auma Juliana Omwetoowaze,2046,3861.0,0,53.0,False
Q111458401,Christine Ntegamahe Mwebesa,4,Christine Ntegamahe Mwebesa,2133,3382.0,0,63.1,False
Q111363094,Esther Opoti Dhugira,4,Esther Opoti Dhugira,5358,6142.0,0,87.2,False
Q110836871,Gorretti Byomire,4,Gorretti Byomire,6309,4738.0,0,133.2,False
Q111362760,Juliet Rainer Kafiire,4,Juliet Rainer Kafiire,3453,4448.0,0,77.6,False
Q116275543,King Saha,4,King Saha,8150,8085.0,0,100.8,False
Q111439077,Manjeri Kyebakutika,4,Manjeri Kyebakutika,4266,7272.0,0,58.7,False
Q111443805,Mpabwa Sarah Patience,4,Mpabwa Sarah Patience,2350,2755.0,0,85.3,False
Q111438956,Nakato Kyabangi Katusime,4,Nakato Kyabangi Katusiime,2913,3598.0,0,81.0,False
Q111531031,Alleluya Rosette Ikote,4,Alleluya Rosette Ikote,2122,3886.0,0,54.6,False
Q111524966,Charity Bainababo,4,Charity Bainababo,5445,9809.0,0,55.5,False
Q111530886,Deborah Kasente,4,Deborah Kasente,5884,5451.0,0,107.9,False
Q111487131,Jeninah Ntabgoba,4,Jeninah Ntabgoba,2540,4286.0,0,59.3,False
Q111536421,Jennifer Alanyo,4,Jennifer Alanyo,6518,6053.0,0,107.7,False
Q111781189,Kiiza Eron,4,Kiiza Eron,6346,9371.0,0,67.7,False
Q111534333,Agnes Nabirye,4,Omukyala Aginesi Nabirye,3607,4335.0,0,83.2,False
Q111524946,Victor Nekesa,4,Victor Nekesa,4670,7662.0,0,61.0,False
Q111730167,William Frederick Blick,4,"William Frederick Blick, omuwandiisi w’ebitabo",8656,3960.0,0,218.6,False
Q113561622,CIYOTA,4,CIYOTA,5369,4980.0,0,107.8,False
Q111319472,Diana Nankunda Mutasingwa,4,Diana Nankunda Mutasingwa,6011,6217.0,0,96.7,False
Q112743299,Fred Charles Oweyegha-Afunaduula,4,Fred Charles Oweyegha- Afunaduula,31466,21919.0,0,143.6,False
Q111293515,Misi Kabanda,4,Misi Kabanda,4711,8760.0,0,53.8,False
Q114558586,Piuss Coxwell Achanga,4,Pius Coxwell Achanga,5553,6045.0,0,91.9,False
Q114141172,Shamirah Nabadda,4,Shamirah Nabadda,6528,9001.0,0,72.5,False
Q111949926,BAR Aviation Uganda,4,BAR Aviation Uganda,10922,10514.0,0,103.9,False
Q11693886,Deogratias Musoke,4,Deogratias Musoke,495,1585.0,0,31.2,True
Q116607996,Esther Nakajjigo,4,Esther Nakajjigo,3952,5852.0,0,67.5,False
Q11714101,Isaac Chirwa,4,Isaac Chirwa,449,1396.0,0,32.2,True
Q11728446,Joseph Kagimu,4,Joseph Kagimu,536,1426.0,0,37.6,True
Q112042728,Kayinga Muddu Yisito,4,Kayinga Muddu Yisito,2768,4370.0,0,63.3,False
Q111972727,Martha Kazungu,4,Martha Kazungu,14452,9639.0,0,149.9,False
Q11822983,Polycarp Pereira,4,Polycarp Pereira,464,1554.0,0,29.9,True
Q116603638,Angwech Colline,4,Angwech Colline,8120,6685.0,0,121.5,False
Q121090670,Grace Oburu,4,Grace Oburu,818,2780.0,0,29.4,True
Q119549249,Jane Asinde,4,Jane Asinde,553,15812.0,0,3.5,True
Q117477457,Joy Lehai Kanyarutokye,4,Joy Lehai Kanyarutokye,2860,3565.0,0,80.2,False
Q118969711,Naira Ali,4,Naira Ali,3716,10027.0,0,37.1,False
Q124616026,Brenda Ekone,4,Brenda Ekone,2099,3151.0,0,66.6,False
Q124519924,Firinda,4,Firinda,9955,7897.0,0,126.1,False
Q124675397,Lydia Babirye,4,Lydia Babirye,2937,3242.0,0,90.6,False
Q124675355,Ritah Imanishimwe,4,Ritah Imanishimwe,2494,2458.0,0,101.5,False
Q125301153,Dan Kibet,4,Dan Kibet,338,6807.0,0,5.0,True
Q124248341,Ugandan folklore,4,Ennono za Uganda,4848,6479.0,0,74.8,False
Q123982026,Knight Aciru,4,Knight Aciru,4819,6643.0,0,72.5,False
Q123171413,Luwombo,4,Luwombo,20993,12180.0,0,172.4,False
Q125102935,Ritah Asiimwe,4,Ritah Asiimwe,4208,7444.0,0,56.5,False
Q124358238,Bobby Lash B2C,4,Bobby Lash B2C,7325,7491.0,0,97.8,False
Q125717606,Clare Mugumya,4,Clare Mugumya,2439,3456.0,0,70.6,False
Q124338556,Ekizino,4,Ekizino,3755,0.0,0,,False
Q125341759,Florence Hashaka Kabahweza,4,Hashaka Kabahweza Florence,2259,3365.0,0,67.1,False
Q1307960,Ken Lukyamuzi,4,Ken Lukyamuzi,4603,7144.0,0,64.4,False
Q13123814,Mad Ice,4,Omuzira Omusiru,10126,11006.0,0,92.0,False
Q124338507,Otole dance,4,Otole dance,5443,5895.0,0,92.3,False
Q124340063,Tamena Ibuga,4,Tamena Ibuga,3012,3152.0,0,95.6,False
Q124317106,Thomas Kwoyelo,4,Thomas Kwoyelo,4642,4887.0,0,95.0,False
Q130351991,Agnes Nabukenya,4,Agnes Nabukenya,6594,6464.0,0,102.0,False
Q126894711,Lake Kyema,4,Ennyanja Kyama,2102,2381.0,0,88.3,False
Q126737038,Lake Nyamusingire,4,Ennyanja Nyamusingire,1324,6384.0,0,20.7,True
Q129652260,Jane Asiimwe Muhindo,4,Jane Asiimwe Muhindo,5939,6806.0,0,87.3,False
Q126415859,Juma Miyagi,4,Juma Miyagi,3838,6115.0,0,62.8,False
Q126910355,Lake Kibwera,4,Lake Kibwera,268,2733.0,0,9.8,True
Q126415860,Robinson Obuya,4,Robinson Obuya,2503,5131.0,0,48.8,False
Q131579070,Brian Mushana Kwesiga,4,Brian Mushana Kwesiga,6721,20015.0,0,33.6,False
Q130386106,Kinaawa High School Kawempe,4,Kinaawa High School Kawempe,13081,10311.0,0,126.9,False
Q130724580,Kwagalana Group,4,Kwagalana Group,4225,6418.0,0,65.8,False
Q130612903,Zaina Nandede,4,Nandede Zaina,4345,8173.0,0,53.2,False
Q133828122,Cotilda Nakate Kikomeko,4,Cotilda Nakate Kikomeko,2959,5610.0,0,52.7,False
Q131291101,Danielita Favour Nambatya,4,Danielita Favor Nambatya,7003,6830.0,0,102.5,False
Q1340475,tube fiddle,4,Endingidi,2715,4553.0,0,59.6,False
Q131379434,Sandra Kwikiriza,4,Sandra Kwikiriza,8002,8627.0,0,92.8,False
Q133571287,Shaka Ssali,4,Shaka Ssali,968,8474.0,0,11.4,True
Q133097762,Ekyalakanu,4,Ekyalakanu,2724,2798.0,0,97.4,False
Q133810038,Esther Okello Lutwa,4,Esther Okello Lutwa,3688,3342.0,0,110.4,False
Q133822955,Phoebe Awere Otaala,4,Phoebe Awere Otaala,2733,4850.0,0,56.4,False
Q133525510,Solome Nakaweesi Kimbugwe,4,Solome Nakaweesi Kimbugwe,11818,13597.0,0,86.9,False
Q134965037,Sylvia Kabene,4,Omuyimbi Sylvia Kabene,10106,10329.0,0,97.8,False
Q137991462,Lanyero Christine Awany,4,Christine Lanyero Awany,2680,3402.0,0,78.8,False
Q138005525,Esther Majambere Musoke,4,Esther Majambere Musoke,2694,3083.0,0,87.4,False
Q138000596,Pedun Josephine,4,Josephine Pedun,1887,2649.0,0,71.2,True
Q137860199,2026 Ugandan protests,4,Obwegugungo bwa Uganda obwa 2026,24115,24368.0,0,99.0,False
Q1657361,Ignatius K. Musaazi,4,Ignatius K. Musaazi,14876,9628.0,0,154.5,False
Q139325834,Governor of Uganda,4,List of governors of Uganda,2951,4841.0,0,61.0,False
Q16193057,Alex Coutinho,4,Alex Coutinho,6523,4136.0,0,157.7,False
Q16146257,Ali Kimera,4,Ali Kimera,1824,3957.0,0,46.1,True
Q14956798,Mengo Hospital,4,Eddwaliro lya Mengo Hospital,4477,6469.0,0,69.2,False
Q16186361,Mbabazi Jacqueline,4,Jacqueline Mbabazi,5224,8753.0,0,59.7,False
Q16152010,Samuel Turyagyenda,4,Samuel Turyagyenda,4153,5233.0,0,79.4,False
Q16734808,Queen Best Kemigisa,4,Best Kemigisa,6440,6854.0,0,94.0,False
Q16733149,Beverley Nambozo,4,Beverley Nambozo,16505,16257.0,0,101.5,False
Q16218630,Edgar Luberenga,4,Edgar Luberenga,2477,6821.0,0,36.3,False
Q16225059,Faruk Ochimi,4,Faruk Ochimi,1456,4724.0,0,30.8,True
Q16730446,Ssemwanga Joseph,4,Joseph Semwanga,3416,6035.0,0,56.6,False
Q16231733,Katende Joram,4,Katende Joram,1872,3258.0,0,57.5,True
Q16224957,Abram Mutyagaba,4,Lepono Ndhlovu,5282,6509.0,0,81.1,False
Q15261310,Ndejje University,4,Ndejje University,15776,14392.0,0,109.6,False
Q16820585,list of football clubs in Uganda,4,Olukalala lwa kiraabu z'omupiira mu Uganda,5488,4621.0,0,118.8,False
Q16732954,Peter Mugyenyi,4,Peter Mugyenyi,7865,10171.0,0,77.3,False
Q16735185,Richard Kasagga,4,Richard Kasagga,4309,13087.0,0,32.9,False
Q16222051,Supra Singhal,4,Supra Singhal,1938,5794.0,0,33.4,True
Q16203636,Abraham Byandaala,4,Abraham Byandaala,5224,5475.0,0,95.4,False
Q16202910,Christopher Evans,4,Chris Evans Kaweesi,3029,4583.0,0,66.1,False
Q16196173,David Muhoozi,4,David Muhoozi,6645,8386.0,0,79.2,False
Q16194632,Emmanuel Katongole,4,Emmanuel Katongole,6486,9226.0,0,70.3,False
Q15989716,Francis Kitaka,4,Francis Kitaka,6595,7715.0,0,85.5,False
Q16003896,George Oywello,4,"George Oywello, omuwandiisi w’ebitabo",2230,3062.0,0,72.8,False
Q16106496,Gordon Wavamunno,4,Gordon Wavamunno,16237,11672.0,0,139.1,False
Q16203647,Musasizi Henry Ariganyira,4,Henry Musasizi,8905,9259.0,0,96.2,False
Q16145569,Muhwezi Jim Katugugu,4,Jim Muhwezi,7445,18994.0,0,39.2,False
Q16107082,Jitendra Patel,4,Jitendra Patel,670,1781.0,0,37.6,True
Q16730485,Julius Ntambi,4,Julius Ntambi,2330,3537.0,0,65.9,False
Q16729773,Nince Henry,4,Nince Henry,4530,5415.0,0,83.7,False
Q16836837,Bitumastic FC,4,Bitumastic FC,1192,1897.0,0,62.8,True
Q16893156,Kasawo,4,Kasawo,128,9406.0,0,1.4,True
Q16893197,Katunguru,4,"Katunguru, Yuganda",280,10593.0,0,2.6,True
Q16896028,Nyakasura School,4,Nyakasura School,4085,4367.0,0,93.5,False
Q17379952,St. Augustine International University,4,King Ceasor Yunivasite,16209,7539.0,0,215.0,False
Q16844775,Mbarara United FC,4,Mbarara United FC,7613,8009.0,0,95.1,False
Q17020396,Oliver Wonekha,4,Oliver Wonekha,4125,6390.0,0,64.6,False
Q16848971,Ronnie Kisekka,4,Omuyimbi Ronnie Kiseka,2200,3986.0,0,55.2,False
Q17421715,Pio Zirimu,4,Pio Zirimu,4703,5477.0,0,85.9,False
Q17099641,The Uganda Girl Guides Association,4,The Uganda Girl Guides Association,7942,2094.0,0,379.3,False
Q16850332,Tooro United FC,4,Tooro United FC,2261,3317.0,0,68.2,False
Q18163367,Bukomero,4,Bukomero,142,9847.0,0,1.4,True
Q18344813,Celestino Obua,4,Celestino Obua,22517,22408.0,0,100.5,False
Q18356337,Frederick Kayanja,4,Frederick Kayanja,5368,7929.0,0,67.7,False
Q18204313,list of Ugandan writers,4,List of Ugandan writers,8048,6950.0,0,115.8,False
Q19519530,Danniel Ruyange,4,Danniel Ruyange,468,3973.0,0,11.8,True
Q19662714,Desire Luzinda,4,Desire Luzinda,13140,3191.0,0,411.8,False
Q19667656,Fabian Kasi,4,Fabian Kasi,6345,7033.0,0,90.2,False
Q19666589,Herman Ssewanyana,4,Herman Ssewanyana,2044,4446.0,0,46.0,False
Q19668441,Ibrahim Ssemujju Nganda,4,Ibrahim Ssemujju Nganda,10496,10546.0,0,99.5,False
Q19666896,Ife Piankhi,4,Ife Piankhi,8591,10656.0,0,80.6,False
Q19666755,Juma Kisaame,4,Juma Kisaame,7838,5853.0,0,133.9,False
Q19662610,Margaret Mungherera,4,Margaret Mungherera,6118,10391.0,0,58.9,False
Q19668508,St. Nelly-Sade,4,Omutukuvu Nelly-Sade,6326,6786.0,0,93.2,False
Q19667652,Wilson Bugembe,4,Wilson Bugembe,5422,7824.0,0,69.3,False
Q18637534,Leah Kalanguka,4,Leah Kalanguka,4428,6124.0,0,72.3,False
Q18763734,Mac Elvis,4,Mac Elvis,3258,3738.0,0,87.2,False
Q19276649,Mondo Kagonyera,4,Mondo Kagonyera,4274,7729.0,0,55.3,False
Q18637737,Paddy Man,4,Omusajja w’emmwanyi,4212,4323.0,0,97.4,False
Q18704882,Silas Babaluku Balabyekkubo,4,Silas Babaluku Balabyekkubo,5359,6062.0,0,88.4,False
Q19829171,Angelina Acheng Atyam,4,Angelina Atyam,8856,8847.0,0,100.1,False
Q18685795,Drito Martin Andi,4,Martin Drito,5876,4594.0,0,127.9,False
Q19893521,Mike Mukula,4,Mike Mukula,5384,6294.0,0,85.5,False
Q20746229,Acholibur,4,Acholibur,2003,6603.0,0,30.3,False
Q20685030,Francis Omaswa,4,Francis Omaswa,2910,20092.0,0,14.5,False
Q21066327,Hamza Muwonge,4,Hamza Muwonge,554,2908.0,0,19.1,True
Q20195317,John Abdallah Wambere,4,John Abdallah Wambere,14281,14525.0,0,98.3,False
Q21178944,Uganda Electricity Transmission Company Limited,4,Kampuni evunaanyizibwa Ku By'okusaasaanya Amasanyalaze mu Uganda,7380,8352.0,0,88.4,False
Q20653572,Kay Adroa,4,Kay Adroa,1453,2986.0,0,48.7,True
Q20684666,Nandala Mafabi,4,Nandala Mafabi,8607,9051.0,0,95.1,False
Q20810427,Patricia Apolot,4,Patricia Apolot,3678,5646.0,0,65.1,False
Q21062725,Patrick Mutono,4,Patrick Mutono,1505,3506.0,0,42.9,True
Q22935583,Atuheire Kipson,4,"Atuheire Kipson, musambi wa mupiira",10818,13765.0,0,78.6,False
Q22162720,Frank Kalanda,4,Frank Kalanda,133,1103.0,0,12.1,True
Q23035913,John Ssenseko Kulubya,4,John Ssenseko Kulubya,1422,5322.0,0,26.7,True
Q22082380,Kazo,4,"Kazo, Yuganda",154,4154.0,0,3.7,True
Q22082409,Sanga Town,4,Sanga,173,9614.0,0,1.8,True
Q23007554,Sister Charity,4,Sister Charity,4862,6908.0,0,70.4,False
Q23418960,Donna Kusemererwa,4,Donna Kusemererwa,3576,4961.0,0,72.1,False
Q23772139,Geoffrey Kiryabwire,4,Geoffrey Kiryabwire,5659,7099.0,0,79.7,False
Q23541032,Sarah Nabukalu Kiyimba,4,Sarah Nabukalu Kiyimba,810,2612.0,0,31.0,True
Q23023458,Sikander Lalani,4,Sikander Lalani,5748,4446.0,0,129.3,False
Q2473869,Uganda Communications Commission,4,Uganda Communications Commission,5754,7732.0,0,74.4,False
Q23023727,"Uganda Technical College, Kichwamba",4,Uganda Technical College Kichwamba,4587,5187.0,0,88.4,False
Q24896277,Herbert Kabafunzaki,4,Herbert Kabafunzaki,3938,4738.0,0,83.1,False
Q23816422,Jane Kaberuka,4,Jane Kaberuka,4972,6096.0,0,81.6,False
Q25039660,Joshua Wanume Kibedi,4,Joshua Wanume Kibedi,8326,9045.0,0,92.1,False
Q25045570,Uganda men's national under-18 basketball team,4,Ttiimu ya Uganda ey'abasajja abali wansi w'emyaka 18 abazannya Ensero,1625,2643.0,0,61.5,True
Q24958519,University of Kisubi,4,University of Kisubi,5384,7411.0,0,72.6,False
Q24851651,Charles Engola,4,Charles Engola,7011,9839.0,0,71.3,False
Q24054198,Kamonkoli,4,Kamonkoli,131,5474.0,0,2.4,True
Q24851618,Kania Obiga,4,Kania Obiga,7392,4963.0,0,148.9,False
Q24690841,Peace Proscovia,4,Peace Proscovia,9199,12440.0,0,73.9,False
Q24176156,Regina Amollo,4,Regina Amollo,1277,2360.0,0,54.1,True
Q24054195,Sango Bay,4,Sango Bay,256,10739.0,0,2.4,True
Q28446441,Africa Renewal University,4,Africa Renewal University,2556,2856.0,0,89.5,False
Q28446366,Electoral Commission of Uganda,4,Akakiiko k'ebyokulonda mu Uganda,6545,6040.0,0,108.4,False
Q26924525,Irene Ajambo,4,Irene Ajambo,2830,4101.0,0,69.0,False
Q257787,Kabaka Yekka,4,Kabaka Yekka,6250,10216.0,0,61.2,False
Q28447659,Mbarara City F.C.,4,Mbarara City FC,7101,16990.0,0,41.8,False
Q26211023,Mc Norman,4,Mc Norman,5700,6727.0,0,84.7,False
Q28433206,Rwenzururu movement,4,Rwenzururu movement,7743,9192.0,0,84.2,False
Q27916309,Haruna Mawa,4,Haruna Mawa,773,1811.0,0,42.7,True
Q28223337,Ministry of Water and Environment,4,Minisitule y'amazzi n'obutonde bw'ensi (Uganda),5240,7637.0,0,68.6,False
Q27829078,Patricia Ojangole,4,Patricia Ojangole,3819,6050.0,0,63.1,False
Q28038485,Richard Tuwangye,4,Richard Tuwangye,9724,14379.0,0,67.6,False
Q2986564,Uganda Human Rights Commission,4,Akakiiko k’eddembe ly’obuntu mu Uganda,3029,5736.0,0,52.8,False
Q28470776,Grace Kigeni,4,Grace Kigeni,14506,13658.0,0,106.2,False
Q30323658,Jacklet Atuhaire,4,Jacklet Atuhaire,8186,8777.0,0,93.3,False
Q30150061,Richard Gafabusa,4,Richard Gafabusa,9547,8432.0,0,113.2,False
Q30262100,Uganda National Academy of Sciences,4,Uganda National Academy of Sciences,7490,10138.0,0,73.9,False
Q318253,Abed Bwanika,4,Abed Bwanika,5494,8363.0,0,65.7,False
Q30589023,City Oilers,4,City Oilers,9930,10661.0,0,93.1,False
Q30612388,James Odongo,4,James Odongo (munnabyamizanyo),242,1594.0,0,15.2,True
Q30899710,Jastine Ayebazibwe,4,Justine Ayebazibwe,1507,2753.0,0,54.7,True
Q3193685,Kasenyi,4,Kasenyi,129,7210.0,0,1.8,True
Q33830294,Avice Meya,4,Avice Meya,1097,3637.0,0,30.2,True
Q34621948,Charles Dramiga,4,Charles Dramiga,860,1919.0,0,44.8,True
Q368665,Gershom Sizomu,4,Gershom Sizomu,5416,7968.0,0,68.0,False
Q376642,Justice Forum,4,Justice Forum,4706,4569.0,0,103.0,False
Q4689708,African Bible College,4,African Bible College,3125,5484.0,0,57.0,False
Q38058865,Alfonse Owiny-Dollo,4,Alfonse Owiny-Dollo,6679,9577.0,0,69.7,False
Q42530235,Catherine Bamugemereire,4,Catherine Bamugemereire,6291,7966.0,0,79.0,False
Q41018363,Grania Rubomboras,4,Grania Rubomboras,5795,8696.0,0,66.6,False
Q41635650,Jorem Ochana,4,Jorem Ochana,502,1391.0,0,36.1,True
Q42889891,Olive Kazaarwe Mukwaya,4,Olive Kazaarwe Mukwaya,4384,5899.0,0,74.3,False
Q42860094,Pauline Irene Batebe,4,Pauline Irene Batebe,8659,13413.0,0,64.6,False
Q42853966,Proscovia Nabbanja,4,Proscovia Nabbanja,5316,6694.0,0,79.4,False
Q4663606,Abayita Ababiri,4,Abayita Ababiri,160,7973.0,0,2.0,True
Q4665890,Abdulla Nasur,4,"Abdulla Nasur, omusajja omulala",804,1605.0,0,50.1,True
Q4667114,Aberi Balya,4,Aberi Balya,1883,2404.0,0,78.3,True
Q4694091,agriculture in Uganda,4,Ebyobulimi mu Uganda,26331,30387.0,0,86.7,False
Q4641234,"The Buganda Agreement, 1955",4,Endagaano ya Buganda (1955) .,87864,87277.0,0,100.7,False
Q42971148,Florence Ndagire,4,"Florence Ndagire,",5423,6589.0,0,82.3,False
Q43549242,Philippa Ngaju Makobore,4,Philippa Ngaju Makabore,6098,8816.0,0,69.2,False
Q43384475,Victoria Walusansa,4,Victoria Walusansa,4415,7516.0,0,58.7,False
Q4717580,Alex Onzima,4,Alex Onzima,5915,6017.0,0,98.3,False
Q4730882,Allan Musoke,4,Allan Musoke,3649,6508.0,0,56.1,False
Q4799369,Arthur Kisenyi,4,Arthur Kisenyi,4091,4217.0,0,97.0,False
Q4799403,Arthur Kyobe,4,Arthur Kyobe,1817,5348.0,0,34.0,True
Q4800286,Arthur Simeon,4,Arthur Simeon,3141,3729.0,0,84.2,False
Q4810985,Aston Kajara,4,Aston Kajara,5652,5997.0,0,94.2,False
Q47530336,Mowzey Radio,4,Mowzey Radio,5292,9182.0,0,57.6,False
Q4856016,Bank of Africa,4,Bank of Africa,11945,12253.0,0,97.5,False
Q47367608,David Guwatudde,4,David Guwatudde,5349,12632.0,0,42.3,False
Q47531290,Olive Kigongo,4,Olive Kigongo,7592,10788.0,0,70.4,False
Q4964635,Brian Mayanja,4,Brian Mayanja,776,1103.0,0,70.4,True
Q4986802,Bukakata,4,Bukakkata,160,3548.0,0,4.5,True
Q5227877,Daudi Migereko,4,Daudi Migereko,4555,6755.0,0,67.4,False
Q51858052,Leo Adraa,4,Leo Adraa,2184,3488.0,0,62.6,False
Q51765147,Nataliey Bitature,4,Nataliey Bitature,6879,8367.0,0,82.2,False
Q4987192,Bulaimu Muwanga Kibirige,4,Bulaimu Muwanga Kibirige,8725,9038.0,0,96.5,False
Q5003662,Bwamiramira,4,Bwamiramira,147,6605.0,0,2.2,True
Q5003681,Bweyogerere,4,Bweyogerere,297,9460.0,0,3.1,True
Q5016995,Caesar Okhuti,4,Caesar Okhuti,5069,8798.0,0,57.6,False
Q5052840,Catherine Namono,4,Catherine Namono,4841,6154.0,0,78.7,False
Q5075388,Charles Bakkabulindi,4,Charles Bakkabulindi,3354,5971.0,0,56.2,False
Q5082949,Charles Tibingana,4,Charles Tibingana,1299,4819.0,0,27.0,True
Q5113215,Christopher Senyonjo,4,Christopher Senyonjo,27227,28071.0,0,97.0,False
Q5118438,Chwa I of Buganda,4,Chwa I owa Buganda,2663,3885.0,0,68.5,False
Q50378442,Shafiq Kagimu,4,Shafiq Kagimu,3461,8335.0,0,41.5,False
Q5055032,Cavendish University Uganda,4,Yunivasite ya Cavendish Uganda,7384,8588.0,0,86.0,False
Q5241838,Davis Arinaitwe,4,Davis Arinaitwe,1141,2947.0,0,38.7,True
Q50378462,Tom Masiko,4,Tom Masiko,537,2064.0,0,26.0,True
Q54632851,Badru Kiggundu,4,Badru Kiggundu,23768,8002.0,0,297.0,False
Q55365858,Brian Ahumuza,4,Brian Ahumuza,6097,7656.0,0,79.6,False
Q5496029,Fred Omach,4,Fred Omach,5351,7075.0,0,75.6,False
Q5496187,Ruhindi Fredrick,4,Fred Ruhindi,4652,6003.0,0,77.5,False
Q5528733,Gayaza High School,4,Gayaza High School,30502,29931.0,0,101.9,False
Q5555124,Ggaba,4,Ggaba,5803,7318.0,0,79.3,False
Q5555131,Ggulu,4,Ggulu,1889,2298.0,0,82.2,True
Q54874973,Ibrahim Abiriga,4,Ibrahim Abiriga,2476,8914.0,0,27.8,False
Q55433692,Saidati Kemigisha,4,Saidati Kemigisha,648,2566.0,0,25.3,True
Q55433715,Carol Namugenyi,4,Carol Namugenyi,836,2872.0,0,29.1,True
Q55433706,Franklin Najjumba,4,Franklin Najjumba,2338,3119.0,0,75.0,False
Q55433728,Mary Nalule,4,Mary Nalule,829,2733.0,0,30.3,True
Q5466362,football in Uganda,4,Omupiira mu Uganda,21538,22866.0,0,94.2,False
Q55433754,Prico Nakitende,4,Prico Nakitende,832,2478.0,0,33.6,True
Q54226438,Seanice Kacungira,4,Seanice Kacunga,789,4565.0,0,17.3,True
Q56065060,Evelyn Nabunya,4,Evelyn Nabunya,4720,5932.0,0,79.6,False
Q5679759,Hassan Mubiru,4,Hassan Mubiru,20033,18911.0,0,105.9,False
Q5702203,Helen Epstein,4,Helen Epstein (munnamawulire),12071,13013.0,0,92.8,False
Q55625253,Nile University of Uganda,4,Nile University of Uganda,5438,7379.0,0,73.7,False
Q58009325,A'Darius Pegues,4,A'Darius Pegues,2228,3832.0,0,58.1,False
Q57828421,Ajilo Elogu Maria Goretti,4,Ajilo Elogu Maria Goretti,1431,1610.0,0,88.9,True
Q57829630,Alum Santa Sandra Ogwang,4,Alum Sandra Ogwang Santa,4210,6796.0,0,61.9,False
Q58042319,Babirye Kityo Sarah,4,Breeze Sarah Babirye Kityo,7711,9718.0,0,79.3,False
Q56522611,Cornelia Sabiiti,4,Cornelia Sabiiti,3537,5862.0,0,60.3,False
Q58003644,Avur Jane Pacuto,4,Jane Avur Pacuto,2188,4951.0,0,44.2,False
Q57864764,Joshua Sikhu Okonya,4,Joshua Sikhu Okonya,13395,19375.0,0,69.1,False
Q56513342,Joyce Kavuma,4,Joyce Kavuma,5514,5653.0,0,97.5,False
Q57826830,Margaret Komuhangi,4,Margaret Komuhangi,5912,7183.0,0,82.3,False
Q58042467,Mary Babirye Kabanda,4,Mary Babirye Kabanda,2932,7180.0,0,40.8,False
Q56823703,Rebecca Mulira,4,Rebecca Mulira,2873,2839.0,0,101.2,False
Q57824490,Rosette Kajungu Mutambi,4,Rosette Kajungu Mutambi,4426,5268.0,0,84.0,False
Q57585556,Sabrina Kitaka,4,Sabrina Kitaka,3537,6330.0,0,55.9,False
Q57897111,Sam Mbulaiteye,4,Sam Mbulaiteye,2079,8232.0,0,25.3,False
Q56812360,Sarah Ssali,4,Sarah Ssali,5601,11867.0,0,47.2,False
Q57825185,Sheila Mwine Kabaije,4,Sheila Mwine Kabaije,2869,4360.0,0,65.8,False
Q58416630,Josephine Karungi,4,Josephine Karungi,2651,6681.0,0,39.7,False
Q58495007,Pius Adome,4,Pius Adome,1191,2493.0,0,47.8,True
Q56249960,Rhoda Wanyenze,4,Rhoda Wanyenze,8033,20642.0,0,38.9,False
Q58041487,Rose Atima Ayaka,4,Rose Atima Ayaka,6308,5436.0,0,116.0,False
Q6096678,Ivan Koreta,4,Ivan Koreta,9043,8675.0,0,104.2,False
Q6129213,James Baba,4,James Baba,9049,8071.0,0,112.1,False
Q6140150,James Munange Ogoola,4,James Munange Ogoola,10731,12914.0,0,83.1,False
Q6140434,James Nsaba Buturo,4,James Nsaba Buturo,3861,10484.0,0,36.8,False
Q6147735,Jamil Kasirye,4,"Jamil Kasirye, omusajja omulala",2972,2720.0,0,109.3,False
Q6211628,Joe Oloka-Onyango,4,Joe Oloka-Onyango,13559,24169.0,0,56.1,False
Q6224194,John Byabagambi,4,John Byabagambi,5437,6037.0,0,90.1,False
Q6228923,John Ddumba Ssentamu,4,John Ddumba Ssentamu,5957,6376.0,0,93.4,False
Q6250155,John Nasasira,4,John Nasasira,4437,5411.0,0,82.0,False
Q61008867,Anna Bitature Mugenyi,4,Anna Bitature Mugenyi,3721,4845.0,0,76.8,False
Q62076449,Barbie Itungo Kyagulanyi,4,Barbie Kyagulanyi,8431,8368.0,0,100.8,False
Q62520014,Faridah Bulega,4,Faridah Bulega,4568,5960.0,0,76.6,False
Q62480909,Julie Mukoda Zabwe,4,Julie Mukoda Zabwe,2302,3888.0,0,59.2,False
Q62016429,Rebbeca Mpagi,4,Rebecca Mpagi,4934,6785.0,0,72.7,False
Q62519498,Regina Mukiibi,4,Regina Mukiibi,1208,5196.0,0,23.2,True
Q62487344,Najjuma Sarah,4,Sarah Najjuma,3391,5614.0,0,60.4,False
Q62480234,Stella Namoe Nyomera,4,Stella Namoe Nyomera,5519,8582.0,0,64.3,False
Q62091852,Stephen Omony,4,Stephen Omony,1011,3431.0,0,29.5,True
Q61696432,Susan Lakot,4,Susan Lakot,5128,4897.0,0,104.7,False
Q62067646,Veronica Isala Eragu Bichetero,4,Veronica Isala Eragu Bichetero,2803,3577.0,0,78.4,False
Q62060614,Zaitun Driwaru,4,Zaitun Driwaru,4498,5313.0,0,84.7,False
Q6287007,James Simpson,4,James Simpson (Munnayuganda munnabyabufuzi),2018,3085.0,0,65.4,False
Q62129047,Jovah Kamateeka,4,Jovah Kamateeka,6299,7309.0,0,86.2,False
Q6309639,Julius Achon,4,Julius Achon,10101,13128.0,0,76.9,False
Q62129125,Noeline Kisembo Basemera,4,Noeline Kisembo Basemera,2442,4461.0,0,54.7,False
Q63100313,Olive Kobusingye,4,Olive Kobusingye,8228,10046.0,0,81.9,False
Q62100397,Oliver Katwesigye Koyekyenga,4,Oliver Katwesigye Koyekyenga,3651,7337.0,0,49.8,False
Q62129326,Mutonyi Rose Masaaba,4,Rose Mutonyi Masaaba,4011,5103.0,0,78.6,False
Q62697266,Vanessa Erogbogbo,4,"Vanessa Erogbogbo, omuwandiisi w’ebitabo",6193,7966.0,0,77.7,False
Q6404081,Kibuli Secondary School,4,Essomero lya Kibuli Sekendule,20922,22332.0,0,93.7,False
Q63831113,ISBAT University,4,ISBAT University,1088,9039.0,0,12.0,True
Q6346972,Otafiire Kahinda,4,Kahinda Otafiire,5093,9842.0,0,51.7,False
Q6359111,Kampala International School,4,Kampala International School,3989,4633.0,0,86.1,False
Q6404722,Kiddu Makubuya,4,Kiddu Makubuya,10048,7367.0,0,136.4,False
Q63135990,Julian Adyeri Omalla,4,Omuyimbi Julian Adyeri Omalla,6276,5741.0,0,109.3,False
Q6359123,Sheraton Kampala Hotel,4,Sheraton Kampala Hotel,4776,5612.0,0,85.1,False
Q64210812,Flavia Namakula,4,Flavia Namakula,4226,6892.0,0,61.3,False
Q6378433,Katuna,4,Katuna,176,17092.0,0,1.0,True
Q6398590,Kezia of Tooro,4,Kezia of Tooro,621,5132.0,0,12.1,True
Q6417691,Kitagata,4,"Kitagata, Yuganda",204,7759.0,0,2.6,True
Q6417816,Kitamilo,4,Kitamilo,130,5736.0,0,2.3,True
Q6427485,Kololo Senior Secondary School,4,Kololo Senior Secondary School,5684,4891.0,0,116.2,False
Q6450357,Kwete,4,Kwete,1858,2419.0,0,76.8,True
Q64009526,Tina Drazu,4,Tina Drazu,3611,6255.0,0,57.7,False
Q64009522,Vanita Kayiwa,4,Vanita Kayiwa,7343,7952.0,0,92.3,False
Q66685096,Edward Kalungi,4,Edward Kalungi,5025,6017.0,0,83.5,False
Q65494256,Eva Magala,4,Eva Magala,1987,2866.0,0,69.3,True
Q6504582,Lawrence Segawa,4,Lawrence Segawa,942,2319.0,0,40.6,True
Q65486221,Sarah Arapta,4,Sarah Arapta,2838,6341.0,0,44.8,False
Q6706613,Luzira Maximum Security Prison,4,Ekkomera ly'e Luzira,3938,6979.0,0,56.4,False
Q6687538,Louis Kasekende,4,Louis Kasekende,3560,6178.0,0,57.6,False
Q6739284,Makerere College School,4,Makerere College School,2772,11039.0,0,25.1,False
Q6782423,Masaka Secondary School,4,Masaka Secondary School,5510,5651.0,0,97.5,False
Q6700100,Rubirizi,4,Rubirizi,348,9526.0,0,3.7,True
Q66817359,Stephen Kaziimba,4,Stephen Kaziimba,7605,8899.0,0,85.5,False
Q6867037,Ministry of Foreign Affairs of the Republic of Uganda,4,Minisitule y'ensonga ez'ebweru mu Uganda,11539,11197.0,0,103.1,False
Q6915758,Moses Ebuk,4,Moses Ebuk,1797,5247.0,0,34.2,True
Q6932197,Mugisha Muntu,4,Mugisha Muntu,10250,10205.0,0,100.4,False
Q6960316,Nakasero Market,4,Nakasero Market,3335,3898.0,0,85.6,False
Q6963321,Nandikishore Patel,4,Nandikishore Patel,1039,3109.0,0,33.4,True
Q6987756,Nehal Bibodi,4,Nehal Bibodi,246,3604.0,0,6.8,True
Q6990732,Nelson Sewankambo,4,Nelson Sewankambo,6975,7729.0,0,90.2,False
Q7042657,Nkumba University,4,Nkumba University,8427,8849.0,0,95.2,False
Q67080169,Mukisa Robina Hope,4,Robina Hope Mukisa,3633,4378.0,0,83.0,False
Q67376249,Rubanda-Mayonza,4,Rubanda-Mayonza,2684,3297.0,0,81.4,False
Q6817018,Mengo,4,"Mengo, Uganda",7887,8408.0,0,93.8,False
Q6830161,Michael Ezra,4,Michael Ezra,6170,17677.0,0,34.9,False
Q7173111,Peter Byaruhanga,4,Peter Byaruhanga,2700,4905.0,0,55.0,False
Q7175509,Peter Lokeris,4,Peter Lokeris,7616,7146.0,0,106.6,False
Q7176053,Peter Nazareth,4,Peter Nazareth,10504,11794.0,0,89.1,False
Q7349692,Robert Serumaga,4,Robert Serumaga,7725,7768.0,0,99.4,False
Q7395791,Saba Saba,4,Saba Saba,8312,8391.0,0,99.1,False
Q71976585,Brenda Katwesigye,4,Brenda Katwesigye,6327,8371.0,0,75.6,False
Q7083109,Olara Otunnu,4,Olara Otunnu,9755,13539.0,0,72.1,False
Q7093636,Onegi Obel,4,Onegi Obel,3616,5120.0,0,70.6,False
Q7234414,Postnet Omony,4,Postnet Omony,267,2376.0,0,11.2,True
Q7299051,Raymond Otim,4,Raymond Otim,1717,4333.0,0,39.6,True
Q7324513,Richard Byarugaba,4,Richard Byarugaba,5024,8666.0,0,58.0,False
Q7407949,Sam Musenze,4,Sam Musenze,943,1627.0,0,58.0,True
Q7412588,Samuel Sejjaaka,4,Samuel Sejjaaka,10377,11624.0,0,89.3,False
Q7445952,Seeta,4,Seeta,194,3312.0,0,5.9,True
Q7518558,Simon D'Ujanga,4,Simon D'Ujanga,3840,5847.0,0,65.7,False
Q7518688,Simon Ejua,4,Simon Ejua,4686,5377.0,0,87.1,False
Q7608889,Stephen Chebrot,4,Stephen Chebrot,4422,5504.0,0,80.3,False
Q7610110,Stephen Nsereko,4,Stephen Nsereko,2239,4114.0,0,54.4,False
Q7877663,Uganda national netball team,4,Ttiimu ya Uganda eyokubaka,31765,32211.0,0,98.6,False
Q7877598,Uganda Green Party,4,Uganda Green Party,1281,2242.0,0,57.1,True
Q7877620,Uganda Pentecostal University,4,Uganda Pentecostal University,4027,4437.0,0,90.8,False
Q76778764,Diana Nabatanzi,4,Diana Nabatanzi,4369,4652.0,0,93.9,False
Q74192306,Goretti Nassanga,4,Goretti Nassanga,6654,5302.0,0,125.5,False
Q83613975,Simon Peter Kinobe,4,Simon Peter Kinobe,6632,10214.0,0,64.9,False
Q7807601,Timothy Wangusa,4,Timothy Wangusa,3231,4075.0,0,79.3,False
Q8023150,Wilson Muruuli Mukasa,4,Wilson Muruli Mukasa,6283,5818.0,0,108.0,False
Q9201397,Daniel Mulumba,4,Daniel Mulumba,1506,2403.0,0,62.7,True
Q9202628,David Jackson,4,David Jackson (Munnayuganda omukubi w’ebikonde),633,1415.0,0,44.7,True
Q77308962,Ekwaro Obuku,4,Ekwaro Obuku,6143,7240.0,0,84.8,False
Q9252924,Elly Kitamireke,4,Elly Kitamireke,804,1398.0,0,57.5,True
Q84335046,Fazila Ikwaput,4,Fazila Ikwaput,1859,6780.0,0,27.4,True
Q84348596,Geoffrey Wasswa,4,Geoffrey Wasswa,3713,4874.0,0,76.2,False
Q9267271,George Moraes,4,George Moraes,795,1534.0,0,51.8,True
Q9291377,Herbert Kajumba,4,Herbert Kajumba,381,1499.0,0,25.4,True
Q96474815,Anne Nasimiyu Wasike,4,Anne Nasimiyu Wasike,8273,11031.0,0,75.0,False
Q87451176,Benon Magezi,4,Benon Magezi,1223,6883.0,0,17.8,True
Q84702556,Denis Obua,4,Denis Obua,3900,9319.0,0,41.8,False
Q86212210,Doreen Nyanjura,4,Doreen Nyanjura,5105,6826.0,0,74.8,False
Q85250508,Faith Kakembo,4,Faith Kakembo,1937,6192.0,0,31.3,True
Q86846344,James Bukomeko,4,James Bukomeko,2457,3391.0,0,72.5,False
Q87349870,Johnson Twinomujuni,4,"Johnson Twinomujuni, omuwandiisi w’ebitabo",2644,6162.0,0,42.9,False
Q85020286,Maria G. N. Musoke,4,Maria Musoke,4740,8020.0,0,59.1,False
Q90139168,Naomi Kayondo,4,Naome Bagenda,3451,4892.0,0,70.5,False
Q86754228,Paul Masaba,4,Paul Masaba,1242,5562.0,0,22.3,True
Q88720647,Angella Musiimenta,4,Angela Musiimenta,1651,3267.0,0,50.5,True
Q88651719,Chukwuemeka Jude Diji,4,Chukwuemeka Jude Diji,4234,4703.0,0,90.0,False
Q89276979,Jane Frances Abodo,4,Jane Frances Abodo,5082,7587.0,0,67.0,False
Q95918194,Janet Grace Akech Okori-Moe,4,Janet Grace Akech Okori-Moe,3087,5040.0,0,61.2,False
Q90929827,Osoru Mourine,4,Mourine Osoru,3917,5947.0,0,65.9,False
Q90923330,Bigirwa Norah Nyendwoha,4,Norah Bigirwa-Nyendwoha,3543,4396.0,0,80.6,False
Q90927411,Baguma Spellanza Muhenda,4,Okuwandiika Baguma Muhenda,3241,6839.0,0,47.4,False
Q90920801,Rosemary Nauwat,4,Rosemary Nauwat,3149,3184.0,0,98.9,False
Q90914975,Safia Juuko Nalule,4,Safia Juuko Nalule,10162,7244.0,0,140.3,False
Q93491663,Sam Bagenda,4,Sam Bagenda,4872,6068.0,0,80.3,False
Q97744430,Natasha Shirazi,4,"Natasha Shirazi, omuwandiisi w’ebitabo",2095,7191.0,0,29.1,False
Q95746953,Wekomba Sarah Nambozo,4,Sarah Nambozo Wekomba,2869,3192.0,0,89.9,False
Q95478877,Sharifu Kiragga Tusuubira,4,Sharifu Kiragga Tusuubira,14765,15398.0,0,95.9,False
Q97499254,Abubakar Kasule,4,Abubakar Kasule,785,2285.0,0,34.4,True
Q96787826,Barbara Saben,4,Barbara Saben,2751,3544.0,0,77.6,False
Q96622977,Emily Maractho,4,Emily Maractho,7864,9866.0,0,79.7,False
Q96742223,Jacqueline Asiimwe,4,Jacqueline Asiimwe,8446,14275.0,0,59.2,False
Q96651595,Josephine Nabukenya,4,Josephine Nabukenya,5486,6025.0,0,91.1,False
Q98966453,Lawrence Sebalu,4,Lawrence Sebalu,4530,9541.0,0,47.5,False
Q96769674,Tayebwa Thomas,4,Thomas Tayebwa,10670,10453.0,0,102.1,False
Q105839727,Nyakato Asinansi,3,Asinansi Nyakato,2835,2957.0,0,95.9,False
Q106536169,Edward Kizza,3,Edward Kizza,12178,12623.0,0,96.5,False
Q105905593,Uganda Women Parliamentary Association,3,Ekibiina ekigatta abakyala mu Paalamenti ya Uganda,2409,5093.0,0,47.3,False
Q106452769,Birungi Carolyn Nanyondo,3,Nanyondo Birungi Carolyn,1909,2320.0,0,82.3,True
Q105807163,list of members of the eleventh Parliament of Uganda,3,Olukalala lw'abakiise b'olukiiko lw'eggwanga olw'ekkumi n'olumu olw'e Uganda,334,89871.0,0,0.4,True
Q105883328,Sauda Kauma,3,Sauda Kauma,3017,4966.0,0,60.8,False
Q106452785,Stella Kizza,3,Stella Kizza,3482,3198.0,0,108.9,False
Q105761146,Bebona Josephine Babungi,3,Babungi Josephine Bebona,6167,7568.0,0,81.5,False
Q100307846,BigTril,3,BigTril,1541,18300.0,0,8.4,True
Q100257515,Charles Oluka,3,Charles Oluka,4204,9768.0,0,43.0,False
Q105942699,Flavia Nabagabe Kalule,3,Flavia Nabagabe Kalule,4081,5409.0,0,75.4,False
Q105955350,Auma Kenny,3,Kenny Auma,2581,3834.0,0,67.3,False
Q105760454,Patrick Oboi Amuriat,3,Patrick Amuriat,4193,5218.0,0,80.4,False
Q101095774,Samuel Wambuzi,3,Samuel Wako Wambuzi,5682,10561.0,0,53.8,False
Q100287994,Shaban Opolot,3,Shaban Opolot,3447,7005.0,0,49.2,False
Q100172714,Yusuf Mukisa,3,Yusuf Mukisa,4387,5392.0,0,81.4,False
Q105956858,Asiimwe Florence Akiiki,3,Florence Akiiki Asiimwe,2199,3858.0,0,57.0,False
Q105963103,Nakazibwe Hope Grania,3,Hope Nakazibwe Grania,7183,6232.0,0,115.3,False
Q105956689,Juliet Kakande Nakabuye,3,Juliet Kakande Nakabuye,2408,3617.0,0,66.6,False
Q100173920,Lawrence Nduga,3,Lawrence Nduga,413,2854.0,0,14.5,True
Q105958498,Medius Kaharata Natukunda,3,Medius Kaharata Natukunda,1830,2774.0,0,66.0,True
Q105962427,Mukhaye Miriam,3,Miriam Mukhaye,2088,4335.0,0,48.2,False
Q102182713,Raphael Magyezi,3,Raphael Magyezi,4515,7176.0,0,62.9,False
Q105442136,Action for Development,3,Action for Development,4662,4701.0,0,99.2,False
Q106611291,Cathy Patra,3,Cathy Patra,3983,6869.0,0,58.0,False
Q105273154,Fox Odoi-Oywelowo,3,Fox Odoi-Oywelowo,6733,7988.0,0,84.3,False
Q106095789,Harriet Businge,3,Harriet Businge,4881,6345.0,0,76.9,False
Q106612689,Irene Linda Mugisha,3,Irene Linda Mugisha,3833,3725.0,0,102.9,False
Q105966714,Margret Okunga Makoha,3,Margret Okunga Makoha,1121,2182.0,0,51.4,True
Q106611197,Florence Tumuhairwe,3,Tumuheirwe Florence,4441,11046.0,0,40.2,False
Q106315112,Violet A. Akurut,3,Violet A. Akurut,4600,5684.0,0,80.9,False
Q111089868,Acen Rhoda,3,Acen Rhoda,3064,3275.0,0,93.6,False
Q107711205,Aminah Zawedde,3,Aminah Zawedde,8448,6967.0,0,121.3,False
Q107717839,Catherine Nanziri,3,Catherine Nanziri,624,3248.0,0,19.2,True
Q108114402,Davis Kamukama,3,Davis Kamukama,2307,4182.0,0,55.2,False
Q108083083,Elizabeth Kyazike,3,Elizabeth Kyazike,3628,4186.0,0,86.7,False
Q111050319,John Babiiha,3,John Babiiha,4768,5287.0,0,90.2,False
Q111178116,Kyokuhairwa Kyaka Viccy,3,Kyokuhairwa Kyaka Vicky,1824,3587.0,0,50.9,True
Q108336637,Moses Okot Jr,3,Moses Okot Jr,6153,6757.0,0,91.1,False
Q111049857,Lugoloobi Amos,3,Amos Lugoloobi,5893,6726.0,0,87.6,False
Q111091947,Margaret Angufiru,3,Angufiru Margaret,2097,3313.0,0,63.3,False
Q111023612,Asha Sonko,3,Asha Sonko,1274,2446.0,0,52.1,True
Q111082010,Babiiha Jane Alisemera,3,Babiiha Jane Alisemera,1627,1623.0,0,100.2,True
Q107453272,Betty Mpeka,3,Betty Mpeka,4926,6114.0,0,80.6,False
Q107119994,Denis Rukundo,3,Denis Rukundo,1759,3514.0,0,50.1,True
Q106936816,Ham Mukasa Museum,3,Ekaddiyizo lya Hamu Mukasa,7624,7005.0,0,108.8,False
Q107169463,Kiryowa Kiwanuka,3,Kiryowa Kiwanuka,5264,8960.0,0,58.8,False
Q108572466,Mildred Tuhaise,3,Mildred Tuhaise,5314,4712.0,0,112.8,False
Q108364967,Morris Ogenga Latigo,3,Morris Ogenga Latigo,2342,4571.0,0,51.2,False
Q107456695,Patrick Ogwang,3,Patrick Ogwang,8426,7699.0,0,109.4,False
Q107289275,Robina Ssentongo,3,Robina Sentongo,626,4906.0,0,12.8,True
Q108602397,Ronald Reagan Okumu,3,Ronald Reagan Okumu,3405,4368.0,0,78.0,False
Q106991171,Kabaka's Lake,3,Akayanja ka Kabaka.,3876,4112.0,0,94.3,False
Q110923779,Elizabeth Nalugemwa,3,Elizabeth Nalugemwa,7092,12351.0,0,57.4,False
Q109752034,Emmanuel Iyamulemye,3,Emmanuel lyamulemye,4095,6179.0,0,66.3,False
Q110884991,Evelyn Namara,3,Evelyn Namara,14800,14299.0,0,103.5,False
Q107548288,James Okello,3,James Okello,4759,6186.0,0,76.9,False
Q110999044,Judy Rugasira Kyanda,3,Judy Rugasira Kyanda,2756,4121.0,0,66.9,False
Q109536816,Kichwamba massacre,3,Kichwamba massacre,11719,3925.0,0,298.6,False
Q110608385,Ray G,3,Ray G,10624,13382.0,0,79.4,False
Q110915789,Sarah Kagingo,3,Sarah Kagingo,2599,4366.0,0,59.5,False
Q110980021,Shadia Nankya,3,Shadia Nankya,1315,6158.0,0,21.4,True
Q110982510,Viola Namuddu,3,Viola Namuddu,1105,2337.0,0,47.3,True
Q110971863,Yudaya Nakayenze,3,Yudaya Nakayenze,5690,7797.0,0,73.0,False
Q111422299,Acayo Christine Cwinya,3,Acayo Christine Cwinya,2199,3042.0,0,72.3,False
Q111418019,Auru Anne,3,Auru Anne,3170,4455.0,0,71.2,False
Q111383137,Grace Isingoma Byarugaba,3,Byarugaba Grace Isingoma,2807,2946.0,0,95.3,False
Q111439647,Nangoli Gerald,3,Gerald Nangoli,6142,10630.0,0,57.8,False
Q111383455,Florence Kintu,3,Kintu Florence,4000,5535.0,0,72.3,False
Q111349310,Joyce Kwebiha,3,Kwebiha Joyce,2397,3501.0,0,68.5,False
Q111441060,Nabulya Theopista Sssentongo,3,Nabulya Theopista Ssentongo,5669,7312.0,0,77.5,False
Q111372379,Namaganda Susan,3,Namaganda Susan,6678,8381.0,0,79.7,False
Q110538780,Sylvia Jagwe Owachi,3,Omuyimbi Sylvia Jagwe Owachi,4424,4333.0,0,102.1,False
Q111322940,Kaboyo Alice,3,Alice Kaboyo,5741,5144.0,0,111.6,False
Q111685296,Zambaali Bulasio Mukasa,3,Bulasio Mukasa,8762,8138.0,0,107.7,False
Q111524978,Busingye Peninah Kabingani,3,Busingye Peninah Kabingani,6655,9327.0,0,71.4,False
Q111304092,Christine Nambirige,3,Christine Nambirige,1817,3332.0,0,54.5,True
Q111300462,Grace Aluka,3,Grace Aluka,2095,0.0,0,,False
Q111729377,Immaculate Akello,3,Immaculate Akello,2763,0.0,0,,False
Q111462677,Joy Ruth Acheng,3,Joy Ruth Acheng,3245,4980.0,0,65.2,False
Q111700178,Juliet Sekabunga,3,Juliet Sekabunga Nalwanga,4835,9878.0,0,48.9,False
Q111482350,Justina Geraldine Najjuka,3,Justina Geraldine Najjuka,4500,5917.0,0,76.1,False
Q111292264,Ruth Tuma,3,Ruth Tuma,6438,4097.0,0,157.1,False
Q111540606,Winifred Kiryabwire,3,Winifred Kiryabwire,3184,5581.0,0,57.1,False
Q111530450,Winnie Nwagi,3,Winnie Nwagi,8348,8176.0,0,102.1,False
Q115941035,Bathsheba Okwenje,3,Bathsheba Okwenje,2653,5736.0,0,46.3,False
Q114263461,Busega Martyrs Memorial,3,Ekijjukizo ky'Abajulizi e Busega,11347,5413.0,0,209.6,False
Q114554350,Fort Lugard,3,"Fort Lugard, Kampala",3277,2826.0,0,116.0,False
Q111293047,Jacqueline Kyatuheire,3,Jacqueline Kyatuheire,4290,7072.0,0,60.7,False
Q112317778,Janat Chemusto,3,Janat Chemusto,8620,9202.0,0,93.7,False
Q111335873,Nvumetta Ruth Kavuma,3,Nvumetta Ruth Kavuma,6038,6920.0,0,87.3,False
Q113840926,She Corporate Football Club,3,She Corporates Football club,5223,4750.0,0,110.0,False
Q111924939,Uganda Railway Museum,3,Ekitebe ky'eggaali y'omukka ekya Uganda Railway Museum,7390,5467.0,0,135.2,False
Q11727920,John Kyazze,3,John Kyazze,502,1409.0,0,35.6,True
Q111843572,Lawrence Kasadha,3,LawrenceKasadha,3750,8474.0,0,44.3,False
Q11812644,list of Speakers of the Parliament of Uganda,3,Olukalala lwa ba sipiika ba palaamenti ya Uganda,6893,5027.0,0,137.1,False
Q116603765,Aguti Sarah,3,Sarah Aguti Nyangkori,4101,6756.0,0,60.7,False
Q120973040,Art Gallery Uganda,3,Afriart Gallery,36965,32922.0,0,112.3,False
Q119546666,Jannon Otto,3,Jannon Otto,8798,12038.0,0,73.1,False
Q117476533,Joram Muzira,3,Joram Muzira,7189,9076.0,0,79.2,False
Q119396766,Paul Kato Lubwama,3,Kato Lubwama,6829,6091.0,0,112.1,False
Q118365777,Sandra Aceng,3,Sandra Aceng,6295,6066.0,0,103.8,False
Q118578877,Sarah Bireete,3,Sarah Bireete,7340,8580.0,0,85.5,False
Q118411924,Tom Okia Okurut,3,Tom Okurut,20704,7594.0,0,272.6,False
Q121501039,Wamala Tombs,3,Amasiro g'eWamala,1503,1359.0,0,110.6,True
Q124666178,Culton Scovia Nakamya,3,Culton Scovia Nakamya,3194,5149.0,0,62.0,False
Q124616075,Hope Akello,3,Hope Akello,1115,2290.0,0,48.7,True
Q122023112,Irene Eyaru,3,Irene Eyaru,5053,5639.0,0,89.6,False
Q123506765,Jovia Mutesi,3,Jovia Mutesi,9382,8839.0,0,106.1,False
Q124474913,Lugave Clan,3,Lugave Clan,1005,930.0,0,108.1,True
Q124632941,Ngeye Clan,3,Ngeye Clan,4233,6326.0,0,66.9,False
Q124625598,Nte Clan,3,Nte Clan,29029,5672.0,0,511.8,False
Q123459616,Young African Refugees for Integral Development,3,Abavubuka Ababundabunda mu Afrika olw'enkulaakulana ey'omuggundu,4642,5577.0,0,83.2,False
Q125280005,Ajok Lucy,3,Ajok Lucy,3360,3973.0,0,84.6,False
Q125338138,Akumu Catherine Mavenjina,3,Akumu Catherine Mavenjina,3429,4587.0,0,74.8,False
Q123002698,Allan Enyou,3,Allan Enyou,9711,10028.0,0,96.8,False
Q124250858,Kadodi,3,Amazina ga Kadodi,4512,0.0,0,,False
Q123608985,Kiwumulo Cave,3,Empuku ya Kiwumulo,3560,4148.0,0,85.8,False
Q124988135,Hannah Karema Tumukunde,3,Hannah Karema Tumukunde,3901,9123.0,0,42.8,False
Q124719669,Jovan Kiryabwire,3,Jovan Kiryabwire,4125,5540.0,0,74.5,False
Q124051887,Mr. Lee B2C,3,Mr.bLee B2C,6120,6228.0,0,98.3,False
Q123677388,Ramz Kawooya,3,Ramz Kawooya,7046,7351.0,0,95.9,False
Q123584790,Ruth Kalibbala Bwanika,3,Ruth Kalibbala Bwanika,2745,3841.0,0,71.5,False
Q125317431,Stephen Kiggundu,3,Stephen Kiggundu,6478,7419.0,0,87.3,False
Q124339480,Dingi Dingi dance,3,Dingi dingi,4934,0.0,0,,False
Q125750504,Ekwau Ibi Florence,3,Ekwau Ibi Florence,3022,2385.0,0,126.7,False
Q125750514,Grace Namara,3,Grace Namara,2233,4299.0,0,51.9,False
Q12858655,John Ruganda,3,John Ruganda,1876,5127.0,0,36.6,True
Q125423041,Josephine Kakooza,3,Josephine Kakooza,5938,6483.0,0,91.6,False
Q125361348,Lillian Bagala,3,Lillian Bagala,5073,5098.0,0,99.5,False
Q127784750,Crispin Kaheru,3,Crispin Kaheru,9155,7797.0,0,117.4,False
Q126908167,Lake Nshenyi,3,Ennyanja Nshenyi,1565,1595.0,0,98.1,True
Q126936275,Frank Muramuzi,3,Frank Muramuzi,2315,5215.0,0,44.4,False
Q129978915,Jinja North United FC,3,Jinja North United FC,4054,9870.0,0,41.1,False
Q129778271,Lady Doves WFC,3,Lady Doves FC,3212,3066.0,0,104.8,False
Q127785174,Lamex Omara Apitta,3,Lamex Omara Apitta,6541,6539.0,0,100.0,False
Q129772535,Makerere University WFC,3,Makerere University WFC,1016,1549.0,0,65.6,True
Q126604138,Narendra M. Patel,3,Narendra M. Patel,4348,3702.0,0,117.5,False
Q127693492,Pamela Enyonu,3,Pamela Enyonu,4119,3771.0,0,109.2,False
Q127790894,Simeo Muwanga Nsubuga,3,Simeo Muwanga Nsubuga,4015,4915.0,0,81.7,False
Q130612943,Anitah Namata,3,Anitah Namata,6669,6723.0,0,99.2,False
Q130314223,Kiiza Arafat Usama,3,Arafat Kiza Usama,5090,5445.0,0,93.5,False
Q131267963,Fatumah Asha,3,Fatumah Asha,2378,6844.0,0,34.7,False
Q130406068,Isaac Zebra Jr,3,Isaac Zebra Jr,5960,7571.0,0,78.7,False
Q130347757,Jack Komakech,3,Jack Komakech,5380,4307.0,0,124.9,False
Q130306486,Nafian Legason Alionzi,3,Nafian Alionzi,3388,4720.0,0,71.8,False
Q130610924,Hadija Nalongo,3,Nalongo Hadijah,7406,6937.0,0,106.8,False
Q131148024,Namugerwa Gloria,3,Namugerwa Gloria,4015,4021.0,0,99.9,False
Q131105408,Olivia Mary Nantongo,3,Olivia Mary Nantongo,5998,6308.0,0,95.1,False
Q130353325,Shakirah Nankwanga,3,Shakirah Nankwanga,3686,3659.0,0,100.7,False
Q130438301,Uganda women's national under-19 cricket team,3,Uganda women's national under-19 cricket team,5847,6795.0,0,86.0,False
Q131179358,Wilton Sebastian Kezala,3,Wilton Sebastian Kezala,10907,14043.0,0,77.7,False
Q130613918,Zaina Namuleme,3,Zaina Namuleme,7954,8810.0,0,90.3,False
Q131927821,Alakena,3,Alakena,18158,11047.0,0,164.4,False
Q131301500,Anny Katabaazi Bwengye,3,Anny Katabaazi Bwengye,1941,5717.0,0,34.0,True
Q131414564,Asha Noppeney,3,Asha Noppeney,9078,7113.0,0,127.6,False
Q133780083,Carol Nakimera,3,Carol Nakimera,5487,8183.0,0,67.1,False
Q131401843,Doreck Ankunda,3,Doreck Ankunda,5089,5300.0,0,96.0,False
Q132661273,Kikalayi,3,Kikalayi,4526,6576.0,0,68.8,False
Q133824254,Madina Amin,3,Madina Amin,2025,5045.0,0,40.1,False
Q131913134,Amalakwang,3,Malakwang,3754,3914.0,0,95.9,False
Q131313247,Nayiga Patricia,3,Nayiga Patricia,4556,4754.0,0,95.8,False
Q131277807,Sasha Ferguson,3,"Sasha Ferguson, omuwandiisi w’ebitabo",5144,4323.0,0,119.0,False
Q131438489,Zafaran,3,Zafaran (omuyimbi) .,4116,4146.0,0,99.3,False
Q134289420,Carol Alyek Beyanga,3,Carol Alyek Beyanga,4001,3958.0,0,101.1,False
Q132830790,Empogola,3,Empogola,1904,2447.0,0,77.8,True
Q134042986,Eunice Lubega Posnansky,3,Eunice Lubega Posnansky,4065,3990.0,0,101.9,False
Q133934861,Jackline Kemigisa,3,Jackline Kemigisa,5640,5782.0,0,97.5,False
Q133820056,Lydia Mungherera,3,Lydia Mungherera,23154,13332.0,0,173.7,False
Q136663956,Nancy Chepkwurui,3,Nancy Chepkwurui,4357,5655.0,0,77.0,False
Q133816901,Sarah Wasagali Kanaabi,3,Sarah Wasagali Kanaabi,6306,6278.0,0,100.4,False
Q135916392,Amos Nyathirombo,3,Amos Nyathirombo,8261,8034.0,0,102.8,False
Q136408864,Shakirah Nyinagahirwa,3,Shakirah Nyinagahirwa,3508,3569.0,0,98.3,False
Q137988585,Charity Lenia,3,Charity Lenia,5323,4487.0,0,118.6,False
Q137988549,Nassolo Eugenia,3,Eugenia Nassolo,4442,4221.0,0,105.2,False
Q137972245,Harriet Nakwedde,3,Harriet Nakwedde,10319,5623.0,0,183.5,False
Q137972159,Patricia Magara,3,Patricia Magara,6375,5788.0,0,110.1,False
Q136186195,Perry Aritua,3,Perry Aritua,5161,4492.0,0,114.9,False
Q137972068,Rose Nalubowa,3,Rose Nalubowa,3725,5184.0,0,71.9,False
Q138115966,Darlyne Komukama,3,Darlyne Komukama,19848,7461.0,0,266.0,False
Q137988497,Nakku Fiona,3,Fiona Nakku,3752,3887.0,0,96.5,False
Q137995601,Ibaseret Josephine,3,Josephine Ibaseret,3692,3647.0,0,101.2,False
Q138024590,Nameere Justine,3,Justine Nameere,5091,10448.0,0,48.7,False
Q137988668,Namatovu Mastula,3,Mastula Namatovu,5536,3594.0,0,154.0,False
Q138005806,Nyasio Mudimi,3,Nyasio Mudimi,2873,2835.0,0,101.3,False
Q137993772,Pamela Annet Kirungi,3,Pamela Annet Kirungi,2106,2770.0,0,76.0,False
Q139501379,Salaamu Musumba,3,Salaamu Musumba,7870,7037.0,0,111.8,False
Q138789767,Sarah Mukasa,3,Sarah Mukasa,9518,9580.0,0,99.4,False
Q16186459,Rwamirama Bright Kanyontore,3,Bright Rwamirama,6580,7723.0,0,85.2,False
Q14956789,,3,Eddwaaliro ly'e Nsambya,7611,8088.0,0,94.1,False
Q16193765,Halima Namakula,3,Halima Namakula,5798,9850.0,0,58.9,False
Q16146560,Joe Atuhaire,3,Joe Atuhaire,4241,6436.0,0,65.9,False
Q14949166,Justinian Tamusuza,3,Justinian Tamusuza,2896,9916.0,0,29.2,False
Q16193010,Kamanda Bataringaya,3,Kamanda Bataringaya,3614,5741.0,0,63.0,False
Q15233586,Kapeeka,3,Kapeeka,198,6407.0,0,3.1,True
Q15243147,Lutembe Bay,3,Lutembe Bay,1451,5368.0,0,27.0,True
Q15262267,Ngogwe,3,Ngogwe,67,3429.0,0,2.0,True
Q1485280,Paraa,3,Paraa,125,9140.0,0,1.4,True
Q16147044,Stella Arach-Amoko,3,Stella Arach-Amoko,4744,6128.0,0,77.4,False
Q16229408,Daisuke Ssegwanyi,3,Daisuke Ssegwanyi,4687,5995.0,0,78.2,False
Q16729327,GNL Zamba,3,GNL Zamba,19196,25377.0,0,75.6,False
Q16729239,George Baguma,3,George Baguma,2794,4090.0,0,68.3,False
Q15437477,Godfrey Kalimugogo,3,Godfrey Kalimugogo,6782,7463.0,0,90.9,False
Q16733664,Julius Oketta,3,Julius Oketta,5436,6147.0,0,88.4,False
Q15845131,Bweranyangi Girls' Secondary School,3,Bweranyangi Girls' Senior Secondary School,8510,8387.0,0,101.5,False
Q16106755,Charles Olweny,3,Charles Olweny,7460,10049.0,0,74.2,False
Q16194682,Charles Mayiga,3,Charles Peter Mayiga,7743,8439.0,0,91.8,False
Q16194624,Kakooza James,3,James Kakooza,3707,5441.0,0,68.1,False
Q16212968,James Makubuya,3,James Makubuya,3257,3287.0,0,99.1,False
Q16017445,Jimmy Katumba,3,Jimmy Katumba,3661,5022.0,0,72.9,False
Q15924972,John Kabaireho,3,John Kabaireho,519,2969.0,0,17.5,True
Q15971032,Umar Semata,3,Umar Semata,8465,10740.0,0,78.8,False
Q16194683,Mbadi Wilson Mbasu,3,Wilson Mbadi,7814,9563.0,0,81.7,False
Q16841163,Aziz Azion,3,Aziz Azion,7195,6754.0,0,106.5,False
Q16954390,Bugoye,3,Bugoye,142,4558.0,0,3.1,True
Q16954661,Busitema University School of Medicine,3,Busitema University School of Medicine,8151,7858.0,0,103.7,False
Q16895898,Nkokonjeru Hospital,3,Eddwaliro lya St. Francis e Nkokonjeru,4135,5223.0,0,79.2,False
Q16894888,Mbarara University School of Medicine,3,Essomero ly'obusawo mu Ssetendekero ye Mbarara,554,4256.0,0,13.0,True
Q16929592,Godfrey Mugisha,3,Godfrey Mugisha,1737,2025.0,0,85.8,True
Q16892998,Kabamba,3,Kabamba,170,10242.0,0,1.7,True
Q16893522,Kitante Hill Secondary School,3,Kitante Hill Secondary School,4443,3666.0,0,121.2,False
Q16844696,Masaka Local Council FC,3,Masaka Local Council FC,765,1139.0,0,67.2,True
Q16895628,Nakasero,3,Nakasero kasozi,64,13577.0,0,0.5,True
Q16875907,Chris Baryomunsi,3,Chris Baryomunsi,12711,13472.0,0,94.4,False
Q17402507,Edward Rugumayo,3,Edward Rugumayo,9266,10628.0,0,87.2,False
Q17108374,National Forestry Authority,3,Ekitongole ekikwasaganya ebibira,3011,4876.0,0,61.8,False
Q17037392,Eneriko Seruma,3,Eneriko Seruma,2048,3318.0,0,61.7,False
Q17078643,HiveColab,3,HiveColab,2951,5727.0,0,51.5,False
Q17007665,Kyebambe III of Tooro,3,Kyebambe III owe Tooro,6759,6606.0,0,102.3,False
Q17095853,Mbazzi,3,Mbazzi,3719,2968.0,0,125.3,False
Q16989704,Nnabagereka of Buganda,3,Nnaabagereka wa Buganda,4376,3829.0,0,114.3,False
Q16966812,People's Progressive Party,3,People's Progressive Party,5741,6210.0,0,92.4,False
Q17018406,Serere Township Secondary School,3,Serere Township Secondary School,5381,6233.0,0,86.3,False
Q19757734,A Pass,3,A Pass,8899,9424.0,0,94.4,False
Q18115451,Arthur Sserwanga,3,Arthur Sserwanga,5787,4902.0,0,118.1,False
Q18205376,Bwesigye bwa Mwesigire,3,Bwesigye bwa Mwesigire,7096,7076.0,0,100.3,False
Q17747272,Caesar Achellam,3,Ceasar Achellam,2330,6166.0,0,37.8,False
Q18350615,David Lutalo,3,David Lutalo,5023,7145.0,0,70.3,False
Q18044661,Eriabu Lugujjo,3,Eriabu Lugujjo,5269,4938.0,0,106.7,False
Q18085680,Hannington Sengendo,3,Hannington Sengendo,5234,4836.0,0,108.2,False
Q18045200,John Ntambirweki,3,John Ntambirweki,2626,4045.0,0,64.9,False
Q18378910,Nabisunsa Girls Secondary School,3,Nabisunsa Girls Secondary school,8417,5034.0,0,167.2,False
Q18353233,Nick Nola,3,Nick Nola,5012,7211.0,0,69.5,False
Q18353246,Nick Twinamatsiko,3,Nick Twinamatsiko,2388,4055.0,0,58.9,False
Q18353895,Kavuma Samuel,3,Sam Kavuma,4020,7939.0,0,50.6,False
Q19609550,Allan Toniks,3,Allan Toniks,8375,5888.0,0,142.2,False
Q19667986,Daniel Kidega,3,Daniel Kiganda,8293,6717.0,0,123.5,False
Q19666433,Elly Katunguka,3,Elly Katunguka,7881,8511.0,0,92.6,False
Q19668415,Hakim Sendagire,3,Hakim Sendagire,6231,6587.0,0,94.6,False
Q19667761,Innocent Oula,3,Innocent Oula,6094,5977.0,0,102.0,False
Q19666265,Michael Ross Kakooza,3,Michael Ross Kakooza,1888,3978.0,0,47.5,True
Q19276816,Pen-Mogi Nyeko,3,Pen-Mogi Nyeko,10510,6861.0,0,153.2,False
Q19664732,Phina Mugerwa,3,Phina Mugerwa,4508,5690.0,0,79.2,False
Q19668419,Raphael Owor,3,Raphael Owor,5851,6592.0,0,88.8,False
Q19667665,Richard Kanyerezi,3,Richard Kanyerezi,6905,8743.0,0,79.0,False
Q19664280,Sophie Gombya,3,Sophie Gombya,3552,2672.0,0,132.9,False
Q19665800,Vampino,3,Vampino,4314,7481.0,0,57.7,False
Q19664521,Viboyo,3,Viboyo,4641,4739.0,0,97.9,False
Q19666374,Vincent Ssempijja,3,Vincent Ssempijja,3257,5387.0,0,60.5,False
Q18719302,Benon Mugumbya,3,Benon Mugumbya,3341,7053.0,0,47.4,False
Q18764119,Henry Tigan,3,Henry Tigan,1742,2256.0,0,77.2,True
Q18705268,Holy Keane Amooti,3,Holy Keane Amooti,3387,0.0,0,,False
Q18687943,Isaiah Katumwa,3,Isaiah Katumwa,6000,10227.0,0,58.7,False
Q18764146,Jackie Chandiru,3,Jackie Chandiru,9082,12819.0,0,70.8,False
Q18389188,Martin Aliker,3,Martin Aliker,10191,8146.0,0,125.1,False
Q19592377,Mary Lewis,3,Mary Lewis (Omunnakatemba omukanada),4776,5081.0,0,94.0,False
Q19353865,Mike Mutebi,3,Mike Mutebi,1212,2283.0,0,53.1,True
Q18379731,Navio,3,Navio (akuba ennyimba z'okufubutuka ebigambo),8898,10185.0,0,87.4,False
Q18530572,Paulo Kavuma,3,Paulo Kavuma,943,1738.0,0,54.3,True
Q18388270,Phillimon Selowa,3,Phillimon Selowa,766,4229.0,0,18.1,True
Q18763759,Sera,3,Sera (omuyimbi),3103,0.0,0,,False
Q19281660,Venansius Baryamureeba,3,Venansius Baryamureeba,15810,17007.0,0,93.0,False
Q18565568,Wycliffe Kiyingi,3,Wycliffe Kiyingi,3509,5303.0,0,66.2,False
Q18684119,Angella Katatumba,3,Angella Katatumba,3254,5203.0,0,62.5,False
Q18686245,Arthur Gakwandi,3,Arthur Gakwandi,6435,6659.0,0,96.6,False
Q18686569,Charles Hamya,3,Charles Hamya,6555,4224.0,0,155.2,False
Q18645729,Elly Wamala,3,Elly Wamala,8712,8210.0,0,106.1,False
Q18686455,Gravity Omutujju,3,Gravity Omutujju,3356,4920.0,0,68.2,False
Q20127943,Mugira James,3,James Mugira,3528,5692.0,0,62.0,False
Q18645803,James Mulwana,3,James Mulwana,11128,8040.0,0,138.4,False
Q18637519,Leslie 'Lee' Kasumba,3,Leslie 'Lee' Kasumba,7851,6969.0,0,112.7,False
Q18637164,Miraj Barot,3,Miraj Barot,8966,6292.0,0,142.5,False
Q19893338,Philemon Mateke,3,Philemon Mateke,3789,5102.0,0,74.3,False
Q19842997,Selestino Babungi,3,Selestino Babungi,4243,4793.0,0,88.5,False
Q18645870,Tumusiime Rushedge,3,Tumusiime Rushedge,5305,4469.0,0,118.7,False
Q20746253,International School of Uganda,3,International School of Uganda,1837,3202.0,0,57.4,True
Q20744995,Ivan Lumanyika,3,Ivan Lumanyika,1772,3595.0,0,49.3,True
Q20982424,Kabulasoke,3,Kabulasoke,130,6196.0,0,2.1,True
Q20746259,Kabwoya,3,Kabwoya,127,8078.0,0,1.6,True
Q20982425,Kaiso,3,Kaiso,125,4208.0,0,3.0,True
Q20982441,Musita,3,Musita,2984,4670.0,0,63.9,False
Q21068182,list of roads in Uganda,3,Olukalala lw'enguudo mu Uganda,34653,37388.0,0,92.7,False
Q20644568,Sylver Kyagulanyi,3,Sylver Kyagulanyi,4503,4703.0,0,95.7,False
Q22082369,Bobi,3,"Bobi, Yuganda",134,6191.0,0,2.2,True
Q22082370,Bukeerere,3,Bukeerere,160,5369.0,0,3.0,True
Q22082371,Buwenda,3,Buwenda,141,3877.0,0,3.6,True
Q22670087,Lwemiyaga County,3,Essaza ly'e Lwemiyaga,2479,4186.0,0,59.2,False
Q21642673,Giovanni Kiyingi,3,Giovanni Kiyingi,8457,13335.0,0,63.4,False
Q22935610,Jane Mulemwa,3,Jane Mulemwa,3602,5111.0,0,70.5,False
Q22935615,Kassim Nakibinge,3,Kassim Nakibinge,5361,5360.0,0,100.0,False
Q22280254,Okello Sam,3,Okello Sam,8380,6555.0,0,127.8,False
Q23541022,Alykhan Karmali,3,Alykhan Karmali,5065,4233.0,0,119.7,False
Q24258753,Arthur Ziraba,3,Arthur Ziraba,3053,3632.0,0,84.1,False
Q24565886,Baltazar Kasirivu-Atwooki,3,Baltazar Kasirivu-Atwooki,4941,3864.0,0,127.9,False
Q24236551,Bukuya,3,Bukuya,142,7821.0,0,1.8,True
Q24565103,Dennis Galabuzi Ssozi,3,Dennis Galabuzi Ssozi,4338,4971.0,0,87.3,False
Q23409627,Elvis Sekyanzi,3,Elvis Sekyanzi,6069,4032.0,0,150.5,False
Q23772450,Gaetano Batanyenda,3,Gaetano Batanyenda,1422,9101.0,0,15.6,True
Q23416724,Michael Ondoga,3,Michael Ondoga,4729,5323.0,0,88.8,False
Q23058502,Nsaka University,3,Nsaka Yunivasite,4146,4326.0,0,95.8,False
Q2473886,Uganda National Bureau of Standards,3,Uganda National Bureau of Standards,4656,7197.0,0,64.7,False
Q24039853,Anne Atai Omoruto,3,Anne Atai Omoruto,3761,5178.0,0,72.6,False
Q24572657,Maganda Julius Wandera,3,Julius Wandera Maganda,6246,6342.0,0,98.5,False
Q24915341,Kamuli Sugar Limited,3,Kamuli Sugar Limited,1704,4271.0,0,39.9,True
Q23927055,Karuma Falls,3,Karuma Falls,262,5386.0,0,4.9,True
Q24004852,Sandy Soul,3,Sandra Nankoma,6509,9097.0,0,71.6,False
Q24572632,William Byaruhanga,3,William Byaruhanga,3065,4300.0,0,71.3,False
Q24054206,Atutur Town,3,Atutur,136,7219.0,0,1.9,True
Q24851611,Frederick Ngobi Gume,3,Frederick Ngobi Gume,1170,7236.0,0,16.2,True
Q24572841,Kyeyune Haruna Kasolo,3,Haruna Kasolo Kyeyune,3782,7322.0,0,51.7,False
Q24006415,John Walugembe,3,John Walugembe,8610,12965.0,0,66.4,False
Q24054209,Kawanda,3,Kawanda,181,4977.0,0,3.6,True
Q24713596,Kibimba,3,Kibimba,252,7477.0,0,3.4,True
Q24054205,Kilembe,3,"Kilembe, Yuganda",185,4352.0,0,4.3,True
Q24054203,Kisubi,3,Kisubi,128,5387.0,0,2.4,True
Q26792851,David Marus,3,David Marus,715,1250.0,0,57.2,True
Q28446262,Mawogola County,3,Essaza ly’e Mawogola,1659,3641.0,0,45.6,True
Q25112522,Joseph Mugisha,3,Joseph Mugisha,9106,9689.0,0,94.0,False
Q25226960,Milege World Music Festival,3,Milege Festival,9107,5611.0,0,162.3,False
Q25100954,Mpanga Central Forest Reserve,3,Mpanga Central Forest Reserve,4721,4153.0,0,113.7,False
Q28404009,Attorney General of Uganda,3,Saabawolereza wa gavumenti ya Uganda,7628,7325.0,0,104.1,False
Q26822218,Simon Ayeko,3,Simon Ayeko,1705,6298.0,0,27.1,True
Q28408173,Teacher Mpamire,3,Teacher Mpamire,5294,6661.0,0,79.5,False
Q26702132,Yabezi Kiiza,3,Yabezi Kiiza,2319,3107.0,0,74.6,False
Q27973946,Oboth Marksons Jacob,3,Jacob Oboth-Oboth,10186,10967.0,0,92.9,False
Q25053501,Katikkiro of Buganda,3,Katikkiro wa Buganda,19613,24934.0,0,78.7,False
Q28456603,Kyanamukaaka,3,Kyanamukaaka,1065,1190.0,0,89.5,True
Q27981566,Manuel Pinto,3,Manuel Pinto (Omusikawutu),2555,3065.0,0,83.4,False
Q28134986,"Ministry of Gender, Labour and Social Development (Uganda)",3,"Minisitule evunaanyizibwa ku by'Ekikula Ky'abantu, Emirimu N'enkulakulanya y'Embeera z'Abantu mu Uganda",9341,10170.0,0,91.8,False
Q28223344,Ministry of Disaster Preparedness and Refugees,3,Minisitule y'ebiggwa bitalaze n'ababundabunda mu Uganda,4553,6195.0,0,73.5,False
Q2776848,Moses Aliwa,3,Moses Aliwa,879,1329.0,0,66.1,True
Q28478797,Christine Namaganda,3,Namaganda Christine,496,4403.0,0,11.3,True
Q28151726,Olive Byamukama,3,Olive Byamukama,1501,1990.0,0,75.4,True
Q27830972,Peter Odeke,3,Peter Odeke,5908,6287.0,0,94.0,False
Q27662587,Wilbrod Humphreys Owor,3,Wilbrod Humphreys Owor,8009,5510.0,0,145.4,False
Q27826938,William Kisaalita,3,William Kisaalita,6029,6130.0,0,98.4,False
Q29618018,Alex Ruhunda,3,Alex Ruhunda,8206,10231.0,0,80.2,False
Q30228752,Deo Rwabiita,3,Deo Rwabiita,1280,2710.0,0,47.2,True
Q29057421,Producer Hannz,3,Hannz Tactiq,5213,4770.0,0,109.3,False
Q29453338,Humphrey Nabimanya,3,Humphrey Nabimanya,8676,9985.0,0,86.9,False
Q29947195,Otto Edward Makmot,3,Makmot Otto,7788,7528.0,0,103.5,False
Q29569933,Onduparaka FC,3,Onduparaka FC,45056,31970.0,0,140.9,False
Q29649732,Peter Elwelu,3,Peter Elwelu,4175,7338.0,0,56.9,False
Q28595346,Ragga Dee,3,Ragga Dee,4110,5174.0,0,79.4,False
Q28661855,Waswa Balunywa,3,Waswa Balunywa,8329,7769.0,0,107.2,False
Q32541189,Jackie Akello,3,Jackie Akello,4900,7288.0,0,67.2,False
Q31966187,Nagojje,3,Nagojje,718,8490.0,0,8.5,True
Q32540570,Paulson Luttamaguzi,3,Paulson Luttamaguzi,7819,9732.0,0,80.3,False
Q30347337,Proscovia Nalweyiso,3,Proscovia Nalweyiso,2675,5324.0,0,50.2,False
Q30945317,Rosemary Tumusiime,3,Rosemary Tumusiime,9667,9442.0,0,102.4,False
Q33919632,Luboyera Azake,3,Azake Luboyera,1479,3459.0,0,42.8,True
Q34345124,Boban Zirintusa,3,Boban Zirintusa,17177,10423.0,0,164.8,False
Q36824970,Lawrence Mangusho,3,Lawrence Mangusho,8032,7758.0,0,103.5,False
Q3335467,Namilyango,3,Namilyango,312,9070.0,0,3.4,True
Q34345403,Mulongo Simon,3,Simon Mulongo,7953,8071.0,0,98.5,False
Q39311739,Faith Mwondha,3,Faith Mwondha,3585,5188.0,0,69.1,False
Q38250495,"Pope John Paul II College, Gulu",3,"Pope John Paul II College, Gulu",715,1466.0,0,48.8,True
Q4670267,Abu Mayanja,3,Abu Mayanja,10724,10552.0,0,101.6,False
Q4684139,Adolf Mwesige,3,Adolf Mwesige,10440,9960.0,0,104.8,False
Q41796411,Muhammad Nsereko,3,Muhammad Nsereko,7422,8350.0,0,88.9,False
Q40352030,Virgil Okiring,3,Virgil Okiring,505,1444.0,0,35.0,True
Q4665198,Abdu Katuntu,3,Abdu Katuntu,11323,13084.0,0,86.5,False
Q4668228,Aboke abductions,3,Aboke abductions,26071,23580.0,0,110.6,False
Q42955948,Elizabeth Mpagi Bahigeine,3,Elizabeth Mpagi Bahigeine,3657,6300.0,0,58.0,False
Q45322031,Hellen Obura,3,Hellen Obura,1495,5157.0,0,29.0,True
Q46061454,James Zikusoka,3,James Zikusoka,5471,5860.0,0,93.4,False
Q4711265,Albert Ssempeke,3,Albert Ssempeke,2033,6386.0,0,31.8,False
Q4757583,Andrew Kayiira,3,Andrew Kayiira,4570,6327.0,0,72.2,False
Q4784206,Arapai,3,Arapai,139,3898.0,0,3.6,True
Q4811869,Asuman Kiyingi,3,Asuman Kiyingi,4572,7164.0,0,63.8,False
Q47306530,Andrew Felix Kaweesi,3,Andrew Felix Kaweesi,8667,8429.0,0,102.8,False
Q47007281,Angelina Kakooza Mwesige,3,Angelina Kakooza Mwesige,9096,14555.0,0,62.5,False
Q4821505,Augustus Nuwagaba,3,Augusto Nuwagaba,15370,11236.0,0,136.8,False
Q4853553,Bamunanika,3,Bamunanika,167,3665.0,0,4.6,True
Q4861194,Barlonyo,3,Barlonyo,138,6312.0,0,2.2,True
Q4865086,Bart Magunda Katureebe,3,Bart Magunda Katureebe,5421,9009.0,0,60.2,False
Q4875392,Bbaale,3,Bbaale,155,3751.0,0,4.1,True
Q4903036,Bibia,3,Bibia,137,7362.0,0,1.9,True
Q48814783,Great Lakes Regional University,3,Great Lakes Regional University,7294,7234.0,0,100.8,False
Q49464635,Panyimur,3,PANYIMUR,586,10049.0,0,5.8,True
Q4845076,Pearl of Africa Rally,3,Pearl of Africa Rally,4590,6030.0,0,76.1,False
Q48119456,Percy Tuhaise,3,Percy Tuhaise,2884,4782.0,0,60.3,False
Q48803129,Stafford University Uganda,3,Stafford University in Uganda,6026,5750.0,0,104.8,False
Q52106766,Alex Muhangi,3,Alex Muhangi,12110,13100.0,0,92.4,False
Q50147533,Andrew Bashaija,3,Andrew Bashaija,4290,4187.0,0,102.5,False
Q4984009,Budadiri,3,Budadiri,144,6549.0,0,2.2,True
Q4986126,Bugamba,3,Bugamba,641,8625.0,0,7.4,True
Q51558144,Elizabeth Kabanda,3,Elizabeth Kabanda,3829,5649.0,0,67.8,False
Q4986130,Buganda Agreement of 1900,3,Endagaano ya Buganda (1900) .,47085,45336.0,0,103.9,False
Q51457526,Ian Rukunya,3,Ian Rukunya,778,5700.0,0,13.6,True
Q52322109,Jane Kasumba,3,Jane Kasumba,360,2998.0,0,12.0,True
Q4987203,Bulambuli,3,Bulambuli,149,7349.0,0,2.0,True
Q4996443,Bulindo,3,Bulindo,141,9925.0,0,1.4,True
Q5001325,Busega,3,Busega,4838,5077.0,0,95.3,False
Q5001974,Busingye Kabumba,3,Busingye Kabumba,1116,3651.0,0,30.6,True
Q5003690,Bwizibwera,3,Bwizibwera,146,2348.0,0,6.2,True
Q5059068,Centenary Bank Uganda,3,Centenary Bank,12068,12068.0,0,100.0,False
Q5080763,Charles Mbire,3,Charles Mbire,5461,8363.0,0,65.3,False
Q5081373,Charles Onyango-Obbo,3,Charles Onyango-Obbo,8856,10009.0,0,88.5,False
Q5217758,Daniel Kalinaki,3,"Munnamawulire, munnauganda, muwandiisi",9133,10016.0,0,91.2,False
Q5240436,David Tinyefunza,3,David Sejusa,7289,23704.0,0,30.8,False
Q5239645,David Serwadda,3,David Serwadda,7032,14374.0,0,48.9,False
Q5240772,David Wakikona,3,David Wakikona,8889,8154.0,0,109.0,False
Q50378460,Dennis Okot,3,Dennis Okot,860,2390.0,0,36.0,True
Q5350449,Ekitiibwa kya Buganda,3,Ekitiibwa kya Buganda,2757,3282.0,0,84.0,False
Q5357806,Electricity Regulatory Authority,3,Electricity Regulatory Authority,6547,8309.0,0,78.8,False
Q5373324,Emmanuel Otala,3,Emmanuel Otiam Otala,5778,6027.0,0,95.9,False
Q5382289,Kamuntu Ephraim,3,Ephraim Kamuntu,7526,10319.0,0,72.9,False
Q5401242,Esther Mayambala Kisaakye,3,Esther Mayambala Kisaakye,6066,8912.0,0,68.1,False
Q55390233,Daudi Okello,3,Daudi Okello,1185,2861.0,0,41.4,True
Q5360972,Elijah Mushemeza,3,Elijah Mushemeza,5978,7177.0,0,83.3,False
Q5373123,Emmanuel Amey Ojara,3,"Emmanuel Amey Ojara,",6991,7715.0,0,90.6,False
Q5393381,Ernest Kiiza,3,Ernest Kiiza,7665,4997.0,0,153.4,False
Q5495976,Fred Mukisa,3,Fred Mukisa,5446,6580.0,0,82.8,False
Q5515776,Gabriel Opio,3,Gabriel Opio,5404,5866.0,0,92.1,False
Q5516694,Gaetano Kagwa,3,Gaetano Kagwa,169,6800.0,0,2.5,True
Q5518596,Galilaya,3,Galilaya,161,4053.0,0,4.0,True
Q5528731,Gayaza,3,Gayaza,159,12092.0,0,1.3,True
Q5534801,Geoffrey Onegi Obel,3,Geoffrey Onegi Obel,4096,5794.0,0,70.7,False
Q5541362,George Kirya,3,George Kirya,7328,9580.0,0,76.5,False
Q5549595,Gerald Ssendaula,3,Gerald Ssendaula,9327,10153.0,0,91.9,False
Q5581120,Gombe,3,"Gombe, Wakiso",4410,6564.0,0,67.2,False
Q5580911,Golola Moses,3,Moses Golola,8012,10009.0,0,80.0,False
Q55175723,Richard Idro,3,Richard Idro,5807,7963.0,0,72.9,False
Q54326028,Stephen Musota,3,Stephen Musota,3814,5544.0,0,68.8,False
Q55631379,refugees of Uganda,3,Ababundabunda ba Uganda,16822,52994.0,0,31.7,False
Q54228209,Amanda Tumusiime,3,Amanda Tumusiime,3660,4796.0,0,76.3,False
Q55616054,Busoga United Football Club,3,Busoga United Football Club,4673,7644.0,0,61.1,False
Q54224492,Esther Kalenzi,3,Esther Kalenzi,2536,4066.0,0,62.4,False
Q5423415,Ezra Suruma,3,Ezra Suruma,7768,8105.0,0,95.8,False
Q5490025,Tumwebaze Frank Kagyigyi,3,Frank Tumwebaze,8408,11705.0,0,71.8,False
Q52524159,Mohammed Irfan,3,Irfan Afridi,9273,9663.0,0,96.0,False
Q55536098,Peter Waiswa,3,Peter Waiswa,13551,8725.0,0,155.3,False
Q55956368,Flavia Anglin Senoga,3,Flavia Anglin Senoga,3217,5064.0,0,63.5,False
Q5717682,Bagiire Aggrey Henry,3,Henry Bagiire,6177,6623.0,0,93.3,False
Q5717757,Henry Banyenzaki,3,Henry Banyenzaki,6278,4895.0,0,128.3,False
Q5724197,Henry Kajura,3,Henry Kajura,8949,9461.0,0,94.6,False
Q5729361,Henry Tumukunde,3,Henry Tumukunde,17735,18258.0,0,97.1,False
Q56063794,Joe Opio,3,Joe Opio,1899,2757.0,0,68.9,True
Q56223086,Lawrence Kazibwe,3,Lawrence Kazibwe,3686,5759.0,0,64.0,False
Q55693715,Manuela P. Mulondo,3,Manuela Pacutho Mulondo,13430,11303.0,0,118.8,False
Q56223126,Nehemiah Katusiime,3,Nehemiah Katusiime,4708,5184.0,0,90.8,False
Q55617483,list of Uganda women Twenty20 International cricketers,3,Olukalala lw'abazannyi ba Uganda abakyala Twenty20 International cricketers,16217,22580.0,0,71.8,False
Q56249790,Pauline Byakika,3,Pauline Byakika,4664,7335.0,0,63.6,False
Q56043246,Sophie Alal,3,Sophie Alal,3343,3438.0,0,97.2,False
Q5775456,history of Buganda,3,Ebyafaayo bya Buganda,28743,26837.0,0,107.1,False
Q57825394,Hanifa Kawooya,3,Hanifa Kawooya,3198,2854.0,0,112.1,False
Q57896169,Isabella Epiu,3,Isabella Epiu,11146,9415.0,0,118.4,False
Q57828964,Achiro Lucy Otim,3,Lucy Achiro Otim,8297,8348.0,0,99.4,False
Q57825011,Winnie Matsiko,3,Masiko Winifred Komuhangi,4534,6756.0,0,67.1,False
Q57447297,Thomas Aisu,3,Thomas Aisu,6522,5312.0,0,122.8,False
Q59656040,Alex Odhiambo,3,Alex Odhiambo,477,1650.0,0,28.9,True
Q59308948,Beatrice Ayuru Byaruhanga,3,Beatrice Ayuru Byaruhanga,2842,4423.0,0,64.3,False
Q60439524,Camilla Barungi,3,Camilla Barungi,3297,2014.0,0,163.7,False
Q59263895,Emmanuel Bwayo Wakhweya,3,Emmanuel Bwayo Wakhweya,12695,11410.0,0,111.3,False
Q59655867,Grace Ibingira,3,Grace Ibingira,10292,14982.0,0,68.7,False
Q6033709,Inhebantu of Busoga,3,Inhebantu wa Busoga,2747,5923.0,0,46.4,False
Q6050951,International Hospital Kampala,3,International Hospital Kampala,8527,8694.0,0,98.1,False
Q58755745,Noble Banadda,3,Noble Banadda,5657,7231.0,0,78.2,False
Q59268641,Paul Musamali,3,Paul Musamali,4680,5637.0,0,83.0,False
Q59180446,Umar Kakumba,3,Umar Kakumba,3229,8520.0,0,37.9,False
Q56283378,William Bazeyo,3,William Bazeyo,16565,18219.0,0,90.9,False
Q618454,Busolwe Public Library,3,Busolwe Public Library,5598,6398.0,0,87.5,False
Q6076821,Isaac Musumba,3,Isaac Musumba,5158,7722.0,0,66.8,False
Q6140211,James Mutende,3,James Mutende,7307,6350.0,0,115.1,False
Q6140276,James Nangwala,3,James Nangwala,2538,5717.0,0,44.4,False
Q6180999,Jeremiah Twa-Twa,3,Jeremiah Twa-Twa,5275,5362.0,0,98.4,False
Q62395197,Sam Tulya-Muhika,3,Sam Tulya-Muhika,1350,1588.0,0,85.0,True
Q6136290,Susan Muwonge,3,Susan Muwonge,2130,4572.0,0,46.6,False
Q62082761,Agnes Tibayeyita Isharaza,3,Agnes Tibayeita Isharaza,5702,5959.0,0,95.7,False
Q61750045,Badru Kateregga,3,Badru Kateregga,4971,5377.0,0,92.4,False
Q62034806,Christine Alalo,3,Christine Alalo,4491,6767.0,0,66.4,False
Q61934137,Uganda Media Women’s Association,3,Ekibiina ky'abakyala ekya Uganda Media,5054,11123.0,0,45.4,False
Q62068243,Elizabeth Beikiriize Karungi,3,Elizabeth Beikiriize Karungi,7368,7238.0,0,101.8,False
Q60685089,Emmanuel Nsubuga,3,Emmanuel Nsubuga (omukubi w’ebikonde),377,1375.0,0,27.4,True
Q61662345,Flavia Byekwaso,3,Flavia Byekwaso,5321,7170.0,0,74.2,False
Q60687388,Kassim Napa Adam,3,Kassim Napa Adam,944,1529.0,0,61.7,True
Q62067701,Pamela Nasiyo Kamugo,3,Pamela Nasiyo Kamugo,6260,9347.0,0,67.0,False
Q60736245,Peter Odhiambo,3,"Peter Odhiambo (omukubi w’ebikonde, yazaalibwa 1958)",513,1367.0,0,37.5,True
Q61584859,Patience Tumusiime Rubagumya,3,Tumusiime Rubagumya,6482,7608.0,0,85.2,False
Q62129153,Agnes Kunihira,3,Agnes Kunihira,3387,3283.0,0,103.2,False
Q62129102,Caroline Kamusiime,3,Caroline Kamusiime,2108,6004.0,0,35.1,False
Q62129191,Janepher Mbabazi Kyomuhendo,3,Janepher Mbabazi Kyomuhendo,4295,6990.0,0,61.4,False
Q6269087,Joint Anti-Terrorist Task Force of Uganda,3,Joint Anti- Terrorist Task Force of Uganda,4716,5257.0,0,89.7,False
Q6285678,Joseph Mulenga,3,Joseph Mulenga,5223,5987.0,0,87.2,False
Q62101151,Justine Khainza,3,Justine Khainza,5188,6743.0,0,76.9,False
Q62129115,Naome Kibaaju,3,Naome Kibaaju,8221,7951.0,0,103.4,False
Q62562759,Paul Lokech,3,Paul Lokech,6415,9560.0,0,67.1,False
Q62100579,Pauline Kemirembe Kyaka,3,Pauline Kemirembe Kyaka,3532,4810.0,0,73.4,False
Q63283497,Roy Mugerwa,3,Roy Mugerwa,15139,17275.0,0,87.6,False
Q6404079,Kibuli Hospital,3,Eddwaliro ly'e Kibuli,567,6155.0,0,9.2,True
Q6405935,Kigezi Wildlife Reserve,3,Ekkuumiro ly'ebisolo erya Kigezi,330,5727.0,0,5.8,True
Q6349747,Kakuuto,3,Kakuuto,127,8621.0,0,1.5,True
Q6350090,Kalagala,3,Kalagala,151,3233.0,0,4.7,True
Q6350114,"Kalagi, Mubende, Uganda",3,"Kalagi, Mubende",175,6519.0,0,2.7,True
Q6350112,"Kalagi, Mukono, Uganda",3,"Kalagi, Mukono",128,6141.0,0,2.1,True
Q6352055,Kalema of Buganda,3,Kalema owa Buganda,9904,9138.0,0,108.4,False
Q6359126,Speke Hotel,3,Kampala Speke Hotel,2675,3671.0,0,72.9,False
Q6410068,Kimera of Buganda,3,Kimera of Buganda,7067,7519.0,0,94.0,False
Q6370158,Karenga,3,Karenga,131,3475.0,0,3.8,True
Q6373629,Karuma,3,Karuma,194,8090.0,0,2.4,True
Q6375047,Katalemwa,3,Katalemwa,131,9288.0,0,1.4,True
Q6377743,Kato Kintu,3,Kato Kintu,1559,4719.0,0,33.0,True
Q6377753,Kato Serwanga,3,Kato Serwanga,8172,17646.0,0,46.3,False
Q6404030,Kibirige Mayanja,3,Kibirige Mayanja,5163,5054.0,0,102.2,False
Q6415051,Kireka,3,Kireka,376,8358.0,0,4.5,True
Q6416719,Kisiizi Hospital,3,Kisiizi Hospital,6664,7481.0,0,89.1,False
Q6427484,Kololo,3,Kololo,8112,9104.0,0,89.1,False
Q65122303,Catherine Adipo,3,Catherine Adipo,4350,5756.0,0,75.6,False
Q65499007,Flavia Oketcho,3,Flavia Oketcho,2153,2394.0,0,89.9,False
Q65090785,Gold Scandal,3,GOld Scandal,10876,15636.0,0,69.6,False
Q64757636,Magogo Moses Hassim,3,Moses Magogo Hassim,2683,10614.0,0,25.3,False
Q6601324,list of Ugandan musicians,3,Olukalala lw'abayimbi abannayuganda,3637,3525.0,0,103.2,False
Q6623706,list of hospitals in Uganda,3,Olukangaga lw'amalwaliro mu Uganda,9428,32576.0,0,28.9,False
Q65030260,Patrick Salvador Idringi,3,Patrick Salvador Idringi,30776,41990.0,0,73.3,False
Q66724929,Paul Mucureezi,3,Paul Mucureezi,3638,4382.0,0,83.0,False
Q67368419,Ali Kitonsa,3,Ali Kitonsa,3890,4759.0,0,81.7,False
Q6739552,Makindye Division,3,Divizoni y'e Makindye,4607,3308.0,0,139.3,False
Q6799628,Mbarara Hospital,3,Eddwaliro ly'e Mbarara,6159,6937.0,0,88.8,False
Q6739556,Makindye Prison,3,Ekkomera ly'e Makindye,2258,2671.0,0,84.5,False
Q6695057,Lubaga,3,Lubaga divizoni,59,8213.0,0,0.7,True
Q6728451,Madoxx,3,Madoxx Sematimba Sematimba,6550,4743.0,0,138.1,False
Q6739281,Makerere,3,Makerere,5934,5257.0,0,112.9,False
Q6702958,Lulume Bayiga,3,Michael Lulume Bayigga,2809,7634.0,0,36.8,False
Q6637817,list of schools in Uganda,3,Olukalala lwa massomero mu Uganda,242,5600.0,0,4.3,True
Q67197646,Racheal Nanyonga,3,Racheal Nanyonga,2333,4844.0,0,48.2,False
Q67197647,Ruth Meeme,3,Ruth Meeme,3661,2769.0,0,132.2,False
Q67196956,Stella Oyella,3,Stella Oyella,3131,2277.0,0,137.5,False
Q6847499,Mike Kennedy Sebalu,3,Mike Kennedy Sebalu,1336,1827.0,0,73.1,True
Q6939908,Musa Ecweru,3,Musa Ecweru,6015,9346.0,0,64.4,False
Q6944729,Mwesigwa Rukutana,3,Mwesigwa Rukutana,8079,8299.0,0,97.3,False
Q6960635,Nakifuma,3,Nakifuma,76,5577.0,0,1.4,True
Q6961863,Namilyango College,3,Namilyango College,743,22821.0,0,3.3,True
Q6974699,National Organization of Trade Unions,3,National Organization of Trade Unions,3514,4057.0,0,86.6,False
Q7067603,Ntare VI of Ankole,3,Ntare VI of Ankole,3411,3602.0,0,94.7,False
Q67917076,Twekobe Palace,3,Olubiri lwe Twekobe,5395,4911.0,0,109.9,False
Q7042663,Nkuutu Memorial Secondary School,3,Nkuutu Memorial Secondary School,2291,2836.0,0,80.8,False
Q7045634,Nobel Mayombo,3,Nobel Mayombo,12545,13022.0,0,96.3,False
Q7150081,Paul D'Arbela,3,Paul D'Arbela,9402,7047.0,0,133.4,False
Q7155240,Paul Job Kafeero,3,Paulo Kafeero,5495,12207.0,0,45.0,False
Q7177240,Peter Takirambudde,3,Peter Takirambudde,1778,2356.0,0,75.5,True
Q7329499,Richard Todwong,3,Richard Todwong,5700,5739.0,0,99.3,False
Q7346274,Robert Kayanja,3,Robert Kayanja,8544,10786.0,0,79.2,False
Q7361215,Rolling Stone magazine,3,Rolling Stone (Uganda),9485,15380.0,0,61.7,False
Q7365019,Ronald Kibuule,3,Ronald Kibuule,11497,10796.0,0,106.5,False
Q7380213,Ruparelia Group,3,Ruparelia Group,9032,9659.0,0,93.5,False
Q73882446,,3,George Openjuru,13760,15185.0,0,90.6,False
Q7102281,Orient Bank,3,I&M Bank Uganda,18611,18782.0,0,99.1,False
Q7089874,Omara Atubo,3,Omara Atubo,6008,6552.0,0,91.7,False
Q7126074,Pakuba,3,Pakuba,126,8309.0,0,1.5,True
Q7145186,Patongo,3,Patongo,127,5499.0,0,2.3,True
Q69514728,Patricia Chepkwemoi,3,Patricia Chepkwemoi,954,3142.0,0,30.4,True
Q73493086,Paul Waako,3,Paul Waako,4586,4456.0,0,102.9,False
Q7233761,Posta Uganda,3,Posta Uganda,5014,4562.0,0,109.9,False
Q7285869,Rajat Neogy,3,Rajat Neogy,6346,9813.0,0,64.7,False
Q7328008,Richard Nduhura,3,Richard Nduhura,4212,5341.0,0,78.9,False
Q7407448,Engola Sam,3,Sam Engola,5010,5084.0,0,98.5,False
Q72219492,Solomon Serwanjja,3,Solomon Serwanjja,8752,6965.0,0,125.7,False
Q7451221,Senteza Kajubi,3,Senteza Kajubi,13781,15367.0,0,89.7,False
Q7452728,Serapio Rukundo,3,Serapio Rukundo,8034,7629.0,0,105.3,False
Q7449842,Semuto,3,Ssemuto,148,7161.0,0,2.1,True
Q7590247,St. Mary's College Kisubi,3,St. Mary's College Kisubi,17736,18250.0,0,97.2,False
Q7598001,Stanbic Bank Uganda Limited,3,Stanbic Bank Uganda Limited,19353,19620.0,0,98.6,False
Q7849619,Tshila,3,Tshila,6232,0.0,0,,False
Q7877660,Uganda national baseball team,3,Ttiimu ya Uganda ey'Omuzannyo gwa baseball,1633,9599.0,0,17.0,True
Q7877602,Uganda Junior Staff College,3,Uganda Junior Staff College,3548,3768.0,0,94.2,False
Q7877604,Uganda Law Society,3,Uganda Law Society,6206,3199.0,0,194.0,False
Q7877616,Uganda National Cultural Centre,3,Uganda National Cultural Centre,2302,5590.0,0,41.2,False
Q7877685,1989 Ugandan general election,3,1989 mu kulonda kwa Uganda okwa bonna,5565,3970.0,0,140.2,False
Q7877670,FUFA Big League,3,FUFA League enkulu,131,15571.0,0,0.8,True
Q7877699,list of university leaders in Uganda,3,Olukalala lw'abakulira Yunivaasite mu Uganda,20652,27234.0,0,75.8,False
Q7686751,Tarsis Kabwegyere,3,Tarsis Kabwegyere,8907,8744.0,0,101.9,False
Q7771041,The Uganda Scouts Association,3,The Uganda Scouts Association,6349,6427.0,0,98.8,False
Q7781207,Thembo Nyombi,3,Thembo Nyombi,6143,6830.0,0,89.9,False
Q7842710,Trinity College Nabbingo,3,Trinity College Nabbingo,5823,6208.0,0,93.8,False
Q7900065,Urban Tibamanya,3,Urban Tibamanya,6077,5705.0,0,106.5,False
Q7931970,Vincent Nyanzi,3,Vincent Nyanzi,8008,6429.0,0,124.6,False
Q7967174,Wandegeya,3,Wandegeya,4818,6049.0,0,79.6,False
Q7983291,Werikhe Kafabusa,3,Werikhe Kafabusa,7509,7613.0,0,98.6,False
Q8069664,Zerubabel Nyiira,3,Zerubabel Nyiira,6013,5956.0,0,101.0,False
Q9162091,Augustine Nsumba,3,Augustine Nsumba,3525,4153.0,0,84.9,False
Q9263589,Fred Bunjo,3,Fred Bunjo,508,1394.0,0,36.4,True
Q75854027,Kin Kariisa,3,Kin Kariisa,7797,7810.0,0,99.8,False
Q84509987,Livingstone Luboobi,3,Livingstone Luboobi,11509,14554.0,0,79.1,False
Q84558223,Ogwang Peter,3,Peter Ogwang,11716,6822.0,0,171.7,False
Q84354218,Stecia Mayanja,3,Stecia Mayanja,4469,5628.0,0,79.4,False
Q96438690,Alice Nabatanzi,3,Alice Nabatanzi,5906,8550.0,0,69.1,False
Q87758031,Biddemu Bazil Mwotta,3,Biddemu Bazil Mwotta,6377,6630.0,0,96.2,False
Q87898054,Boniface Abel Sikowo,3,Boniface Abel Sikowo,1958,5529.0,0,35.4,True
Q86536788,Dusman Sabuni,3,Dusman Sabuni,10034,12333.0,0,81.4,False
Q87451979,Edward Muhima,3,Edward Muhima,982,2083.0,0,47.1,True
Q87758345,Eliphaz Maari,3,Eliphaz Maari,4298,3213.0,0,133.8,False
Q87310825,Elizabeth Lwanga,3,Elizabeth Lwanga,2160,2224.0,0,97.1,False
Q86849772,Godfrey Makumbi,3,Godfrey Makumbi,1245,5124.0,0,24.3,True
Q85775202,Kyetume FC,3,Kyetume FC,3855,3883.0,0,99.3,False
Q96406394,"St Paul's Cathedral, Kako",3,"Lutikko ya St Paul, Kako",635,4821.0,0,13.2,True
Q86756981,Michael Senyimba,3,Michael Senyimba,1425,6170.0,0,23.1,True
Q87451663,Patrick Tugume Tusingwire,3,Patrick Tugume Tusingwire,665,1629.0,0,40.8,True
Q86756987,Paul Luzinda,3,Paul Luzinda,1026,2425.0,0,42.3,True
Q86682147,Sam Egesa,3,Sam Egesa,1639,6064.0,0,27.0,True
Q87758408,Samuel Kahuma,3,Sam Kahuma,1517,5635.0,0,26.9,True
Q87719904,Tracy Akiror,3,Tracy Akiror,2762,4948.0,0,55.8,False
Q87454024,Yostus Ruhindi,3,Yostus Ruhindi,1367,2028.0,0,67.4,True
Q86849593,Zac Niringiye,3,Zac Niringiye,3331,9152.0,0,36.4,False
Q88358871,97.7 Record FM,3,97.7 Record FM,2887,4580.0,0,63.0,False
Q89432935,Alfred Acur Okodi,3,Alfred Acur Okodi,1099,3830.0,0,28.7,True
Q89401777,Amos Betungura,3,Amos Betungura,6635,6593.0,0,100.6,False
Q90934802,Nankabirwa Ann Maria,3,Ann Maria Nankabirwa,7003,7014.0,0,99.8,False
Q89430044,Benjamin Ojwang,3,Benjamin Ojwang,864,6335.0,0,13.6,True
Q91980193,Benson Masanda,3,Benson Masanda,784,2012.0,0,39.0,True
Q88870489,Charles Collins Andaku,3,Charles Collins Andaku,3203,3199.0,0,100.1,False
Q96007261,Dunstan Nsubuga,3,Dunstan Nsubuga,1237,5340.0,0,23.2,True
Q89411249,Edward Bamucwanira,3,Edward Bamucwanira,691,2373.0,0,29.1,True
Q93398298,George Kasangaki,3,George Kasangaki,1238,2584.0,0,47.9,True
Q90805964,Hellen Grace Asamo,3,Hellen Asamo,6427,7270.0,0,88.4,False
Q88866822,John Charles Odurkami,3,John Charles Odurkami,1116,3709.0,0,30.1,True
Q89115926,Johnson Gakumba,3,Johnson Gakumba,1046,1766.0,0,59.2,True
Q89402144,Joseph Abura,3,Joseph Abura,1800,1488.0,0,121.0,True
Q90932931,Kaliisa Jovrine Kyomukama,3,Jovrine Kyomukama Kaliisa,3848,6985.0,0,55.1,False
Q88393104,Nathan Kyamanywa,3,Nathan Kyamanywa,459,1929.0,0,23.8,True
Q94526544,Pia Pounds,3,Pia Pounds,10783,10102.0,0,106.7,False
Q89046286,Wilberforce Kityo Luwalira,3,Wilberforce Kityo Luwalira,1242,7008.0,0,17.7,True
Q91654325,Yonasani Rwakaikara,3,Yonasani Rwakaikara,2294,2509.0,0,91.4,False
Q96007164,Ephraim Adrale,3,Ephraim Adrale,1440,3350.0,0,43.0,True
Q96376795,Fauziah Nakiboneka,3,Fauziah Nakiboneka,11718,7741.0,0,151.4,False
Q99753235,Flavian Zeija,3,Flavian Zeija,6386,7266.0,0,87.9,False
Q95987013,James R Tumusiime,3,James R Tumusiime,5991,5848.0,0,102.4,False
Q96384747,Joseph Konde-Lule,3,"Joseph Konde-Lule, omuwandiisi w’ebitabo",9509,9713.0,0,97.9,False
Q97159677,Kakyeka Stadium,3,Kakyeka Stadium,2809,4952.0,0,56.7,False
Q97446723,Mary Musoke,3,Mary Musoke,510,1887.0,0,27.0,True
Q96163738,Philippa Musoke,3,Philippa Musoke,10331,10886.0,0,94.9,False
Q96361598,Robert Kabushenga,3,Robert Kabushenga,7951,7721.0,0,103.0,False
Q96007232,Samuel Ssekkadde,3,Samuel Ssekkadde,557,7857.0,0,7.1,True
Q96148446,Sheila Nduhukire,3,Sheila Nduhukire,1784,7535.0,0,23.7,True
Q96211531,Tamale Mirundi,3,Tamale Mirundi,11621,10959.0,0,106.0,False
Q98930719,Adha Munguleya,3,Adha Munguleya,2002,4426.0,0,45.2,False
Q96475075,Bosmic Otim,3,Bosmic Otim,9634,6344.0,0,151.9,False
Q96693867,Linet Toroitich Chebet,3,Linet Toroitich Chebet,3576,6496.0,0,55.0,False
Q96627201,Mary Mugyenyi,3,Mary Mugyenyi,2124,3571.0,0,59.5,False
Q97745055,Ritah Kivumbi,3,Ritah Kivumbi,9232,5106.0,0,180.8,False
Q97702429,Solomon Walusimbi,3,Solomon Walusimbi,5191,6494.0,0,79.9,False
Q97069809,Susan Okalany,3,Susan Okalany,5679,7066.0,0,80.4,False
Q96869957,Tendo Mukalazi,3,Tendo Mukalazi,2108,4763.0,0,44.3,False
Q98066848,Violah Nambi,3,Violah Nambi,2531,5422.0,0,46.7,False
Q106431116,Annie Logiel,2,Annie Logiel,6038,6180.0,0,97.7,False
Q106589959,Imelda Namutebi,2,Imelda Namutebi,1095,4136.0,0,26.5,True
Q105883576,Jane Awich,2,"Jane Awich, omuwandiisi w’ebitabo",1059,2364.0,0,44.8,True
Q105883266,Jane Kabajungu Bainomugisha,2,Jane Kabajungu Bainomugisha,1622,2433.0,0,66.7,True
Q105839579,Mary Annet Nakato,2,Mary Annet Nakato,3305,4431.0,0,74.6,False
Q105839707,Sharon Balmoi Laker,2,Sharon Balmoi Laker,3227,5248.0,0,61.5,False
Q105904137,Sylvia Bahireira Tumwekwase,2,Sylvia Bahireira Tumwekwase,4832,5217.0,0,92.6,False
Q105955426,Christine Bukenya Ssendawula,2,Christine Bukenya Ssendawula,3773,4019.0,0,93.9,False
Q105955492,Faith Philo Kunihira,2,Faith Kunihira,2045,4232.0,0,48.3,False
Q105955511,Nantongo Fortunate Rose,2,Fortunate Nantongo,5561,9063.0,0,61.4,False
Q105729903,Mamawi James,2,James Mamawi,2401,4228.0,0,56.8,False
Q105730111,Lagen David Atuka,2,Lagen Dawudi Atuka,1044,2886.0,0,36.2,True
Q105760383,Paparu Lillian Obiale,2,Lillian Obiale Paparu,5045,6508.0,0,77.5,False
Q105759717,Lolem Micah Akasile,2,Micah Akasile Lolem,1265,3501.0,0,36.1,True
Q105759499,Anywar Ricky Richard,2,Ricky Richard Anywar,635,6671.0,0,9.5,True
Q104300518,Aaron Mushengyezi,2,Aaron Mushengyezi,9474,10858.0,0,87.3,False
Q105966841,Achia Remigio,2,Achia Remegio,3641,4483.0,0,81.2,False
Q104359369,Andrew Kambugu,2,Andrew Kambugu,16367,13528.0,0,121.0,False
Q104050242,Asan Kasingye,2,Asan Kasingye,7037,11053.0,0,63.7,False
Q104717556,Doreen Kabareebe,2,Doreen Kabareebe,5684,8146.0,0,69.8,False
Q105964981,Acom Alobo Joan,2,Joan Acom Alobo,1943,4028.0,0,48.2,True
Q105956483,Okia Joanne Aniku,2,Joanne Aniku Okia,1616,3107.0,0,52.0,True
Q105955552,Akullo Aabuka,2,Okullo Aabuka Jallon,2013,2206.0,0,91.3,False
Q104668229,Deputy Prime Minister of Uganda,2,Omumyuka wa ssaabaminisita wa Uganda,2761,2070.0,0,133.4,False
Q104871978,Uganda Inspectorate of Government Towers,2,Ekizimbe kya Uganda Inspectorate of Government,3618,4485.0,0,80.7,False
Q105457011,Ssenyonyi Joel Besekezi,2,Joel Ssenyonyi,9931,10465.0,0,94.9,False
Q106338475,Margaret Rwabushaija,2,Margaret Rwabushaija,3869,5007.0,0,77.3,False
Q106351056,Turyahikayo Kebirungi Mary Paula,2,Mary Paula Kebirungi Turyahikayo,5661,5878.0,0,96.3,False
Q105966331,Kabasharira Naome,2,Naome Kabasharira,7188,5101.0,0,140.9,False
Q106282844,Natasha Museveni Karugire,2,Natasha Museveni Karugire,7858,8039.0,0,97.7,False
Q106028285,Mwiru Paul,2,Paul Mwiru,4732,7554.0,0,62.6,False
Q106351678,Peace Kusasira,2,Peace Kusasira,4285,5712.0,0,75.0,False
Q106368814,Aogon Silas,2,Silas Aogon,6824,6677.0,0,102.2,False
Q106199631,Sitenda Sebalu,2,Sitenda Sebalu,1528,1430.0,0,106.9,True
Q105966807,Sylvia Vicky Awas,2,Sylvia Vicky Awas,2076,2768.0,0,75.0,False
Q108113389,Amos Okot,2,Amos Okot,3223,4443.0,0,72.5,False
Q108140336,Akol Anthony,2,Anthony Akol,4651,4761.0,0,97.7,False
Q108265847,Apollo Ofwono,2,Apollo Ofwono,5815,5738.0,0,101.3,False
Q108148064,Arthur Waako Mboizi,2,Arthur Waako Mboizi,2665,3802.0,0,70.1,False
Q108049610,Barnabas Tinkasimire,2,Barnabas Tinkasimire,3855,3901.0,0,98.8,False
Q108030086,Dan Kimosho,2,Dan Kimosho,2965,3439.0,0,86.2,False
Q108247826,Derrick Nyeko,2,Derrick Nyeko,3973,7918.0,0,50.2,False
Q108289986,East Africa School of Library and Information Science,2,East Africa School of Library and Information Science,6666,5693.0,0,117.1,False
Q106867463,Bugiri Sugar Factory,2,Ekkolero lya Ssukaali e Bugiri,592,5326.0,0,11.1,True
Q108215500,Geoffrey Feta,2,Geoffrey Feta,1265,2555.0,0,49.5,True
Q106774575,Geofrey Ssolo Kayemba,2,Geofrey Kayemba,3363,11511.0,0,29.2,False
Q108140312,Olanya Gilbert,2,Gilbert Olanya,4346,4341.0,0,100.1,False
Q107639959,Giles Muhame,2,Giles Muhame,5290,8146.0,0,64.9,False
Q106772775,Jimmy Lwanga,2,Jimmy Lwanga,1512,3631.0,0,41.6,True
Q107669924,Joseph Kabuleta,2,Joseph Kabuleta,9355,9894.0,0,94.6,False
Q106626684,Joseph Owino,2,Joseph Owino,187,2291.0,0,8.2,True
Q106936739,Karamoja Regional Museum,2,Karamoja Regional Museum,6883,5583.0,0,123.3,False
Q106707448,Maro Uganda,2,Maro Uganda,14110,14200.0,0,99.4,False
Q108127691,Maxwell Akora,2,Maxwell Akora,3047,7026.0,0,43.4,False
Q106880618,Naggalabi Buddo,2,Naggalabi Buddo,5804,5162.0,0,112.4,False
Q111181361,Oleru Huda Abason,2,Oleru Huda,5446,4608.0,0,118.2,False
Q111036236,Patrick Edrin Kyamanywa,2,Patrick Edrin Kyamanywa,12877,15219.0,0,84.6,False
Q108127346,Ocan Patrick,2,Patrick Ocan,9042,5755.0,0,157.1,False
Q106670288,Robert Kasule Sebunya,2,Robert Kasule Sebunya,3461,3556.0,0,97.3,False
Q107669926,Willy Mayambala,2,Willy Mayambala,4074,4184.0,0,97.4,False
Q108148065,Yovan Adriko,2,Yovan Adriko,2772,7298.0,0,38.0,False
Q108895816,Amanda Ngabirano,2,Amanda Ngabirano,8162,8236.0,0,99.1,False
Q108367154,Asuman Basalirwa,2,Asuman Basalirwa,3632,5138.0,0,70.7,False
Q108782034,Charles Onen,2,Charles Onen,3608,3681.0,0,98.0,False
Q107234902,Dan Wagaluka,2,Dan Wagaluka,177,2855.0,0,6.2,True
Q108435602,Denis Nyangweso,2,Denis Nyangweso,4377,3933.0,0,111.3,False
Q107337069,Orone Derrick,2,Derrick Orone,6668,8567.0,0,77.8,False
Q108538309,Felix Ogong,2,Felix Ogong,2032,3336.0,0,60.9,False
Q108435630,Geoffrey Macho,2,Geoffrey Macho,3616,9800.0,0,36.9,False
Q107234914,Herman Wasswa,2,Herman Wasswa,348,2525.0,0,13.8,True
Q108532105,Jimbricky Norman Ochero,2,Jimbricky Norman Ochero,2049,3054.0,0,67.1,False
Q108436234,John Mulimba,2,John Mulimba,2429,6374.0,0,38.1,False
Q108367160,Nambeshe John Baptist,2,John Nambeshe,5980,8542.0,0,70.0,False
Q108782015,Ojara Martin Mapenduzi,2,Mapenduzi Ojara,2574,3071.0,0,83.8,False
Q108760136,Moses Ogwal,2,Moses Ogwal,2592,3196.0,0,81.1,False
Q108461677,Muhammad Ssegirinya,2,Muhammad Ssegirinya,6127,15150.0,0,40.4,False
Q108538693,Muwanga Kivumbi,2,Muwanga Kivumbi,5280,7043.0,0,75.0,False
Q107380106,Sebamala Richard,2,Richard Sebamala,7751,11732.0,0,66.1,False
Q108538175,Migadde Robert Ndugwa,2,Robert Migadde,1811,5135.0,0,35.3,True
Q106962116,Rosemary Kisembo,2,Rosemary Kisembo,3656,4825.0,0,75.8,False
Q108367147,Silwany Solomon,2,Solomon Silwany,2303,3362.0,0,68.5,False
Q111180419,Nakawuki Susan Nsambu,2,Susan Nakawuki,9603,13778.0,0,69.7,False
Q108435746,Yusuf Mutembuli,2,Yusuf Mutembuli,2512,4387.0,0,57.3,False
Q110604850,Aida Vee,2,Aida Vee,3913,0.0,0,,False
Q110397360,Alice Komuhangi Khaukha,2,Alice Komuhangi Khaukha,4992,7260.0,0,68.8,False
Q109967869,Aloysius Mukasa,2,Aloysius Mukasa,5994,7534.0,0,79.6,False
Q110979643,Amina Nababi,2,Amina Nababi (Musambi wa Mupiira),1507,0.0,0,,True
Q110979123,Asia Nakibuuka,2,Asia Nakibuuka,1020,0.0,0,,True
Q110897598,Bashir Kazibwe,2,Bashir Kazibwe,9933,9561.0,0,103.9,False
Q110078450,Ayume Charles,2,Charles Ayume,8817,6279.0,0,140.4,False
Q110094700,Cotilda Inapo,2,Cotilda Inapo,5589,7399.0,0,75.5,False
Q110895849,Elizabeth Ntege,2,Elizabeth Ntege,5822,6230.0,0,93.5,False
Q110361604,Ephraim Biraaro,2,Ephraim Biraaro,4181,8044.0,0,52.0,False
Q109943655,Francis Mwijukye,2,Francis Mwijukye,3900,6338.0,0,61.5,False
Q110257569,Isaac Ssemakadde,2,Isaac Ssemakadde,5699,5841.0,0,97.6,False
Q110065116,Kambale Ferigo,2,Kambale Ferigo,3303,3754.0,0,88.0,False
Q110945334,Lawrence Coreta Muganga,2,Lawrence Coreta Muganga,10136,11149.0,0,90.9,False
Q110239833,Namuwongo Blazers,2,Namuwongo Blazers,3273,4558.0,0,71.8,False
Q109801897,Pela Commodities,2,Pela Commodities,3522,5333.0,0,66.0,False
Q110500297,Robert Mwesigwa,2,Robert Mwesigwa,5923,8485.0,0,69.8,False
Q110723008,Sanyuka TV Uganda,2,Sanyuka TV Uganda,4169,3656.0,0,114.0,False
Q110980983,Sharon Nadunga,2,Sharon Nadunga,770,0.0,0,,True
Q110982489,Sheebah Zalwango,2,Sheebah Zalwango,727,0.0,0,,True
Q110980610,Spencer Nakacwa,2,Spencer Nakacwa,653,0.0,0,,True
Q110588576,A.G. Mehta,2,A. G. Mehta,8638,9095.0,0,95.0,False
Q110413318,Canaan Gents,2,Canaan Gents,3661,4012.0,0,91.3,False
Q111363446,Kiboijana Margaret N,2,Kiboijana Margaret N,2067,3626.0,0,57.0,False
Q111421163,Lanyero Sarah Ochieng,2,Lanyero Sarah Ochieng,2775,3006.0,0,92.3,False
Q111350557,Lukwago Rebecca Nalwanga,2,Lukwago Rebecca Nalwanga,2110,2508.0,0,84.1,False
Q110800467,Ponsiano Lwakataka,2,Ponsiano Lwakataka,5648,6109.0,0,92.5,False
Q111359838,Ssinabulya Sylvia Namabidde,2,Ssinabulya Sylvia Namabidde,4072,4718.0,0,86.3,False
Q111524969,Agnes Kirabo,2,Agnes Kirabo,4128,6804.0,0,60.7,False
Q111192252,Betty Nakibuka,2,Betty Nakibuuka,6186,6150.0,0,100.6,False
Q111730247,Eddy Yawe,2,Eddy Yawe,4703,8372.0,0,56.2,False
Q111517476,Grace Bantebya Kyomuhendo,2,Grace Bantebya Kyomuhendo,6443,12161.0,0,53.0,False
Q111530555,Irene Manjeri,2,Irene Manjeri,3156,3125.0,0,101.0,False
Q111199119,Jackie Senyonjo,2,Jackie Senyonjo,4248,2403.0,0,176.8,False
Q111472818,Justine Nabbosa,2,Justine Nabbosa,5180,6763.0,0,76.6,False
Q111327988,Mugisha Muhanga Margaret,2,Mugisha Muhanga Margaret,4191,61.0,0,6870.5,False
Q111512363,Nayiga Florence Ssekabira,2,Nayiga Florence Ssekabira,2405,4919.0,0,48.9,False
Q111449851,Rachael Mwine Arinaitwe,2,Rachael Mwine Arinaitwe,4418,5573.0,0,79.3,False
Q111533756,Rosemary Kerwegi,2,Rosemary Kerwegi,3373,3861.0,0,87.4,False
Q111272117,Shilla Omuriwe Buyungo,2,Shilla Omuriwe Buyungo,5129,8016.0,0,64.0,False
Q111441905,Teddy Nakimuli,2,Teddy Nakimuli,871,2039.0,0,42.7,True
Q111530434,Vinka,2,Vinka (musician),5296,7896.0,0,67.1,False
Q116214386,Daniel Nkata,2,Daniel Nkata,12278,16504.0,0,74.4,False
Q115806022,Voice of Africa FM,2,Eddoboozi lya Africa FM (Uganda),230,6122.0,0,3.8,True
Q115816173,Uganda Boxing Federation,2,Ekibiina Ekifuga Omuzannyo Gw'ebikonde mu Uganda,11947,12595.0,0,94.9,False
Q113130475,Francis Mwebesa,2,Francis Mwebesa,442,3659.0,0,12.1,True
Q113130476,Fred Bwiino Kyakulaga,2,Fred Bwino Kyakulaga,3728,6632.0,0,56.2,False
Q112133146,Gideon Badagawa,2,Gideon Bagadawa,4792,15906.0,0,30.1,False
Q116077684,Hadija Namanda,2,Hadija Namanda,3516,6922.0,0,50.8,False
Q115707753,Jack Odur Lutanywa,2,Jack Odur Lutanywa,957,5920.0,0,16.2,True
Q115783748,Jimmy Akena Obote,2,Jimmy Akena Obote,4916,10282.0,0,47.8,False
Q115804798,John Baptist Mukasa,2,John Baptist Mukasa,6904,4320.0,0,159.8,False
Q114567453,John Massa Kasenene,2,John Massa Kasenene,10022,20978.0,0,47.8,False
Q113524429,Johnson Omuhunde Rwashote Byabashaija,2,Johnson Omuhunde Rwashote Byabashaija,6792,11048.0,0,61.5,False
Q115300765,Ngompek Linos,2,Linos Ngompek,1729,7682.0,0,22.5,True
Q116257607,Lydia Nabunya Nsaale Kitayimbwa,2,Lydia Nsaale Kitayimbwa,6215,6142.0,0,101.2,False
Q111325662,Magode Ikuya,2,Maggie Magode Ikuya,3135,2507.0,0,125.0,False
Q113376149,Mathias Mpuuga,2,Mathias Mpuuga,11586,11271.0,0,102.8,False
Q116245296,Muhammad Kirumira,2,Muhammad Kirumira,4580,6873.0,0,66.6,False
Q113110938,Ndyomugyenyi Roland Bish,2,Ndyomugyenyi Roland Bish,2542,2671.0,0,95.2,False
Q115696554,Robert Katera,2,Robert Katera,4126,8424.0,0,49.0,False
Q113429090,Ssendi Mosh Afrikan,2,Ssendi Mosh Afrikan,8286,8364.0,0,99.1,False
Q115241692,The Uganda Society,2,The Uganda Society,9337,6051.0,0,154.3,False
Q114565937,Wilberforce Nadiope,2,Wilberforce Nadiope,887,2965.0,0,29.9,True
Q111941214,Baba TV Uganda,2,Baba TV,3889,5125.0,0,75.9,False
Q111973023,Uganda Conservation Foundation,2,Ekitongole kya Uganda Conservation Foundation,8023,13955.0,0,57.5,False
Q111893895,Festo Karwemera,2,Festo Karwemera,7505,7610.0,0,98.6,False
Q111917813,Franc kamugyisha,2,Franc Kamugyisha,7234,6740.0,0,107.3,False
Q111982390,Joint Energy Environment Projects (JEEP),2,Joint Energy Environment Projects,2895,3386.0,0,85.5,False
Q111975540,Royal Mparo Tombs of Bunyoro Kingdom,2,Mparo Royal Tombs,7561,9796.0,0,77.2,False
Q116604516,Eunice Otuko Apio,2,Omuyimbi Eunice Otuko Apio,2503,5575.0,0,44.9,False
Q113130517,Mayanja Sam,2,Sam Mayanja,7380,5291.0,0,139.5,False
Q116679358,Samuel Okwir,2,Samuel Okwir,1678,3321.0,0,50.5,True
Q116790009,Sara Mulindwa,2,Sara Mulindwa,1768,5152.0,0,34.3,True
Q120801343,Adonia Katungisa,2,Adonia Katungisa,5201,5385.0,0,96.6,False
Q117222261,Akiki Nyabongo,2,Akiki Nyabongo,20399,20154.0,0,101.2,False
Q119998499,Charlie Lubega,2,Charlie Lubega,2015,2004.0,0,100.5,False
Q117371389,David Lewis Rubongoya,2,David Lewis Rubongoya,6426,9053.0,0,71.0,False
Q118976862,Arua Central Forest Reserve,2,Ekibira kya Arua Central,2391,3069.0,0,77.9,False
Q118902931,Afriyea Golf Academy,2,Ettendekero lya Golf erya Afriyea,5955,6793.0,0,87.7,False
Q120636048,Francis Miiro,2,Francis Miiro,8701,5668.0,0,153.5,False
Q116759395,Frank Ssebuufu,2,Frank Ssebuufu,6451,6406.0,0,100.7,False
Q119960906,Olobo James Dubai,2,James Dubai Olobo,3155,2876.0,0,109.7,False
Q119998661,Jolly Twebaze Ngabirano,2,Jolly Twebaze Ngabirano,5312,3647.0,0,145.7,False
Q118976300,Kyewaga Central Forest Reserve,2,Kyewaga Central Forest Reserve,4770,3970.0,0,120.2,False
Q118985387,Laker Jolly Grace Andruvile Okot,2,Laker Jolly Grace Andruvile Okot,10838,6898.0,0,157.1,False
Q116442679,Lord Mayor of Kampala,2,Loodi Meeya wa Kampala,3192,4614.0,0,69.2,False
Q118398411,Maureen Nantume,2,Maureen Nantume,3581,5568.0,0,64.3,False
Q120246375,Mayanja Kyompitira Sebalu,2,Mayanja Kyompitira Sebalu,2561,2482.0,0,103.2,False
Q117599329,Medard Lubega Sseggona,2,Medard Lubega Sseggona,10807,8646.0,0,125.0,False
Q117266355,Moses Kizza Musaazi,2,Musa Kizza Musaazi,5712,6086.0,0,93.9,False
Q119571794,Omugave Ndugwa,2,Omugave Ndugwa,5226,5564.0,0,93.9,False
Q118939324,Patricia Munabi,2,Patricia Munabi Babiiha,1514,2331.0,0,65.0,True
Q119843716,Peace Oliver Amuge,2,Peace Oliver Amuge,3891,3847.0,0,101.1,False
Q118903097,Pius Obuya,2,Pius Obuya,4811,6499.0,0,74.0,False
Q116923781,Rose Christine Adikini,2,Rose Christine Adikini,4601,3340.0,0,137.8,False
Q117064817,Rosemary Salmon,2,Rosemary Salmon,4622,5450.0,0,84.8,False
Q116646844,Sulaiman Segawa,2,Sulaiman Segawa,10517,10199.0,0,103.1,False
Q121315987,William Serwadda,2,William Serwadda,1897,2522.0,0,75.2,True
Q124654897,Andrew Tendo,2,Andrew Tendo,5196,5281.0,0,98.4,False
Q122143017,Butikkiro,2,Butikkiro,18342,11733.0,0,156.3,False
Q124670525,Claire Lamunu,2,Claire Lamunu,11812,11521.0,0,102.5,False
Q124632499,Ffumbe Clan,2,Ekika ky'Effumbe,5600,5475.0,0,102.3,False
Q124632587,Njaza Clan,2,Ekika ky'Enjaza,4693,3826.0,0,122.7,False
Q124632446,Butiko Clan,2,Ekika ky'Obutiko,5061,4802.0,0,105.4,False
Q124504647,Emmanuel Lumu,2,Emmanuel Lumu,7270,4671.0,0,155.6,False
Q122168650,Kabuye Frank Kibirige,2,Kabuye Frank Kibirige,17263,10013.0,0,172.4,False
Q124632982,Kibe Clan,2,Kibe Clan,5412,4935.0,0,109.7,False
Q124625748,Njovu Clan,2,Njovu Clan,3779,5354.0,0,70.6,False
Q124632322,Ntalaganya Clan,2,Ntalaganya Clan,3494,5204.0,0,67.1,False
Q123486220,list of Ugandan women artists,2,Olukalala lw'abayimbi abakyala mu Uganda,4013,1569.0,0,255.8,False
Q124448968,sombe,2,Sombe,5917,9680.0,0,61.1,False
Q122184418,Stella Nekuusa,2,Stella Nekuusa,3237,4901.0,0,66.0,False
Q124526790,Thereza Piloya,2,Thereza Piloya,3208,4354.0,0,73.7,False
Q123200224,Allan Children's Foundation,2,Allan Children's Foundation,5140,4376.0,0,117.5,False
Q124883282,Anne Nassanga,2,Anne Nassanga,3830,4530.0,0,84.5,False
Q124171249,Balyeku Moses Grace,2,Balyeku Moses Grace,4559,6329.0,0,72.0,False
Q124311897,Brian Lubega,2,Brian Lubega,3725,3930.0,0,94.8,False
Q124213720,Enkwanzi,2,Enkwanzi,8089,7913.0,0,102.2,False
Q124958065,Esther Wamala,2,Esther Wamala,3471,5380.0,0,64.5,False
Q124125054,Gabie Ntaate,2,Gabie Ntaate,7283,7579.0,0,96.1,False
Q122649296,Phan Lê Isaac,2,Isaac Mulyanga,2153,3571.0,0,60.3,False
Q122935034,Jerry Sesanga,2,Jerry Sesanga,6105,7652.0,0,79.8,False
Q124857332,Kokoro Janda,2,Kokoro Janda,6306,8127.0,0,77.6,False
Q123486215,list of Ugandan artists,2,Olukalala lw'abayimbi Bannayuganda,2234,2385.0,0,93.7,False
Q122638663,Afri art fashion show,2,Omwoleso gw'emisono gwa Afri art,4328,12912.0,0,33.5,False
Q124984566,Nsamba Patrick Oshabe,2,Patrick Nsamba Oshabe,4414,7582.0,0,58.2,False
Q123021081,Robert Wakhweya,2,Robert Wakheya,5879,7184.0,0,81.8,False
Q122801619,Roy Mubiru,2,Roy Mubiru,5194,6164.0,0,84.3,False
Q123135788,Bright Tom Amooti,2,Tom Bright,1400,9721.0,0,14.4,True
Q124129599,Winnie Nantongo,2,Winnie Nantongo,5260,0.0,0,,False
Q125362345,Judith Mary Amoit,2,Amoit Judith Mary,2668,3163.0,0,84.4,False
Q124348180,Anas Kaliisa,2,Anas Kaliisa,5973,5665.0,0,105.4,False
Q126370769,Anthony Masake,2,Anthony Masake,3773,0.0,0,,False
Q126405520,Barbara Kemigisa,2,Barbara Kemigisa,4599,6162.0,0,74.6,False
Q125363328,Christine Akello,2,Christine Akello,3298,4181.0,0,78.9,False
Q124344588,Ekisaakaate,2,Ekisaakaate,14949,13621.0,0,109.7,False
Q124251128,Entogoro,2,Entogoro,9782,48.0,0,20379.2,False
Q131823698,Ham Serunjogi,2,Ham Serunjogi,4609,8800.0,0,52.4,False
Q125763440,Herbert Kanabi Nsubuga,2,Herbert Kanabi Nsubuga,5991,5434.0,0,110.3,False
Q125918997,John William Kibukamusoke,2,John William Kibukamusoke,4998,6500.0,0,76.9,False
Q125388701,Okeme,2,Okeme,1792,4835.0,0,37.1,True
Q124357724,Ronald Martin,2,Ronald Martin,2050,2826.0,0,72.5,False
Q131737552,Uganda men's national under-16 basketball team,2,Ttiimu ya Uganda ey'ensero ey'abavubuka abali wansi w'emyaka 16,2081,3265.0,0,63.7,False
Q124255199,Yosam Odur Ebii,2,Yosam Odur Ebii,8427,9266.0,0,90.9,False
Q128800588,Abdul Karim Watambala,2,Abdul Karim Watambala,4642,4806.0,0,96.6,False
Q130305807,Alex Isabirye Musongola,2,Alex Isabirye Musongola,2936,4407.0,0,66.6,False
Q126924183,Barirega Akankwasah,2,Barirega Akankwasah,5624,5437.0,0,103.4,False
Q130306996,Bruno Bunyaga,2,Bunyaga Bruno,3862,4860.0,0,79.5,False
Q126362445,Caritas Uganda,2,Caritas Uganda,5070,10267.0,0,49.4,False
Q126668016,Christopher George Frederick Frampton Melmoth,2,Christopher George Frederick Frampton Melmoth,2611,2311.0,0,113.0,False
Q130324129,Dan Birikwalira,2,Dan Birikwalira,3357,4965.0,0,67.6,False
Q130141348,David Bagoole,2,David Bagoole,5766,4967.0,0,116.1,False
Q130348222,Denis Kiggundu,2,Denis Kiggundu,5911,6132.0,0,96.4,False
Q126810661,Kibale Forest National Park,2,Ekkumiro ly'ebisolo erya Kibale Forest National Park,3200,4177.0,0,76.6,False
Q130314222,Emmanuel Alex Wasswa,2,Emmanuel Alex Wasswa,7276,6875.0,0,105.8,False
Q126889057,Gerald Kasaato,2,Gerald Kasaato,4180,4674.0,0,89.4,False
Q130348353,Hilary Mukundane,2,Hilary Mukundane,8708,8894.0,0,97.9,False
Q130348354,Isa Mubiru,2,Isa Mubiru,4186,4915.0,0,85.2,False
Q126811435,Jennifer Mwijukye,2,Jennifer Mwijukye,5913,5151.0,0,114.8,False
Q126165407,Joshua Baraka,2,Joshua Baraka,8110,9352.0,0,86.7,False
Q126119996,Latibu Muwonge,2,Latibu Muwonge,12391,5866.0,0,211.2,False
Q126617502,Lawrence Kiiza,2,Lawrence Kiiza,4063,4795.0,0,84.7,False
Q130226191,Morley Byekwaso,2,Morley Byekwaso,4878,10940.0,0,44.6,False
Q130336242,Kabwoya–Buhuka Road,2,Oluguudo lwa Kabwoya–Buhuka,830,4680.0,0,17.7,True
Q126284821,Kitgum–Kidepo Road,2,Oluguudo lwa Kitgum–Kidepo,4835,5915.0,0,81.7,False
Q126405491,Patricia Ochan Okiria,2,Patricia Ochan Okiria,4371,4134.0,0,105.7,False
Q130219984,Rosemary Byanyima,2,Rosemary Byanyima omusajja omulala,5229,5894.0,0,88.7,False
Q130313792,Saidi Mayanja,2,Saidi Mayanja,3295,4733.0,0,69.6,False
Q130324044,Shafik Kwikiriza,2,Shafik Nana Kwikiriza,3597,4363.0,0,82.4,False
Q130134109,Ssozi Shaka,2,Ssozi Shaka,3325,3793.0,0,87.7,False
Q130125993,Vienna College Namugongo,2,Vienna College Namugongo,4779,4863.0,0,98.3,False
Q126938137,John F. Mugisha,2,Yokaana F. Mugisha,10810,9819.0,0,110.1,False
Q130724203,Abdallah Mubiru,2,Abdallah Mubiru,7704,11012.0,0,70.0,False
Q130600929,Akbar Adoko Nekyon,2,Akbar Adoko Nekyon,7205,8297.0,0,86.8,False
Q130446942,Alexander David Ssimbwa,2,Alexander David Ssimbwa,3625,4781.0,0,75.8,False
Q130529837,Arnold Odong,2,Arnold Odong,4730,5193.0,0,91.1,False
Q131388503,Asuman Lubowa,2,Asuman Lubowa,10609,9581.0,0,110.7,False
Q130236241,Baker Mbowa,2,Baker Mbowa,3710,3437.0,0,107.9,False
Q130314345,Fillbert Obenchan,2,Filbert Obenchan,9859,9364.0,0,105.3,False
Q130943413,Fred Kajoba,2,Fred Kajoba,6092,8951.0,0,68.1,False
Q130095197,Ibrahim Mugulusi,2,Ibrahim Mugulusi,2473,2789.0,0,88.7,False
Q130307006,James Begisa Penza,2,James Begisa,5198,5950.0,0,87.4,False
Q130314342,James Mubezi,2,James Mubezi,1772,2084.0,0,85.0,True
Q130372843,James Ssemambo,2,James Ssemambo,1946,2857.0,0,68.1,True
Q130448895,John Baptist Walusimbi,2,John Baptist Walusimbi,7198,5048.0,0,142.6,False
Q131065098,Jonah Patrick Kakande,2,John Patrick Kakande,1589,0.0,0,,True
Q131192031,Teira John,2,John Teira,1047,2305.0,0,45.4,True
Q130550879,Josephine Ahikire,2,Josephine Ahikire,14745,14174.0,0,104.0,False
Q130729564,Joshua Lubwama,2,Joshua Lubwama,3895,4537.0,0,85.8,False
Q130668126,Jude Ssemugabi,2,Jude Ssemugabi,7394,7593.0,0,97.4,False
Q130313962,Julius Poloto,2,Julius Poloto,4806,5377.0,0,89.4,False
Q130541128,Kaddu Sebunya,2,Kaddu Sebunya,10457,10150.0,0,103.0,False
Q130378109,Kiwanuka Sulaiman,2,Kiwanuka Sulaiman,12954,13004.0,0,99.6,False
Q131105789,Lydia Mugambi,2,Lydia Mugambi,2760,2678.0,0,103.1,False
Q130348452,Marvin Joseph Youngman,2,Marvin Joseph Youngman,2479,3497.0,0,70.9,False
Q131228429,Natasha Nyonyozi,2,"Natasha Nyonyozi, omusajja omulala",3483,4561.0,0,76.4,False
Q130388058,Nakayima tree,2,Omuti Nakayima,7805,12172.0,0,64.1,False
Q131010851,Ronald Otti,2,Ronald Otti,4547,4706.0,0,96.6,False
Q131440696,Sammy Ssebaduka,2,Sammy Ssebadduka,4395,6016.0,0,73.1,False
Q130981490,Tom Ikara,2,Tom Ikara,12794,13457.0,0,95.1,False
Q131927666,Abubakar Muhammad Moki,2,Abubakar Muhammad Moki,3889,4527.0,0,85.9,False
Q133800416,Damalie Kisosonkole,2,Damalie Kisosonkole,1982,3358.0,0,59.0,True
Q132152222,Enock Nyongore,2,Enock Nyongore,1872,2594.0,0,72.2,True
Q132680551,Ensaasi,2,Ensaasi,5028,7420.0,0,67.8,False
Q131191143,Esther Nakaziba,2,Esther Nakaziba,6152,4442.0,0,138.5,False
Q131544984,Frank Nabwiso,2,Frank Nabwiso,7280,6880.0,0,105.8,False
Q132129979,Geoffrey Mutiwa,2,Geoffrey Mutiwa,3995,4680.0,0,85.4,False
Q131313234,George Mukasa,2,George Mukasa,6195,6112.0,0,101.4,False
Q133525514,Hadija Namale,2,Hadija Namale,3616,4365.0,0,82.8,False
Q133816475,Josephine Kasya,2,Josephine Kasya,2958,3546.0,0,83.4,False
Q133819933,Malyamu Amin,2,Malyamu Amin,3283,3819.0,0,86.0,False
Q131466348,Nasejje Jalia,2,Nasejje Jalia,8698,3905.0,0,222.7,False
Q133824398,Norah Amin,2,Norah Amin,1075,3309.0,0,32.5,True
Q131363499,Ssekiganda Ronald,2,Ssekiganda Ronald,5818,7989.0,0,72.8,False
Q132158705,Stephen Sserubula,2,Stephen Sserubula,2372,3634.0,0,65.3,False
Q132129985,Xavier Kyooma,2,Xavier Kyooma,2000,4348.0,0,46.0,False
Q133460420,Naava Grey,2,Asha Naava Zziwa,9846,9976.0,0,98.7,False
Q136682387,Ayoo Tonny,2,Ayoo Tonny,5701,5775.0,0,98.7,False
Q133502704,Betty Muzanira,2,Betty Muzanira,3624,4580.0,0,79.1,False
Q133821411,Brenda Maraka,2,Brenda Maraka,5905,8606.0,0,68.6,False
Q133862367,Buhimba United Saints F.C.,2,Buhimba United Saints F.C.,739,0.0,0,,True
Q133268144,Dennis Ngabirano,2,Dennis Ngabirano,1910,6165.0,0,31.0,True
Q133830126,Elizabeth Muwanga,2,Elizabeth Muwanga,7296,9992.0,0,73.0,False
Q133817591,Elizabeth Paula Napeyok,2,Elizabeth Paula Napeyok,7542,6942.0,0,108.6,False
Q136670356,Elton Joseph Mabirizi,2,Elton Joseph Mabirizi,12213,6153.0,0,198.5,False
Q136718424,Emmanuel Anyama,2,Emmanuel Anyama,2532,2955.0,0,85.7,False
Q133462738,Falidah Kadondi,2,Faridah Kadondi,5695,6206.0,0,91.8,False
Q132861138,Fort Portal College of Health Sciences,2,Fort Portal College of Health Sciences,4708,4862.0,0,96.8,False
Q136682871,Bulira Frank Kabinga,2,Frank Bulira Kabinga,3870,3788.0,0,102.2,False
Q133933916,Gloria Seruwagi,2,Gloria Seruwagi,8510,8606.0,0,98.9,False
Q136759823,Jacklyn Jolly Tukamushaba,2,Jacklyn Jolly Tukamushaba,6342,5114.0,0,124.0,False
Q136765280,Jude T Lubega,2,Jude T Lubega,16038,10655.0,0,150.5,False
Q133868272,Juliet Muzoora Atuhairwe,2,Juliet Muzoora,4566,4692.0,0,97.3,False
Q133933796,Katherine Namuddu,2,Katherine Namuddu,4797,5096.0,0,94.1,False
Q136682452,Henry Maurice Kibalya,2,Kibalya Henry Maurice,4978,5849.0,0,85.1,False
Q134285433,Lilian Ruteraho,2,Lilian Ruteraho,5485,6311.0,0,86.9,False
Q136682664,Lokwang Hillary,2,Lokwang Hillary,10673,7887.0,0,135.3,False
Q133272910,Luyimbazi Nalukoola Elias,2,Luyimbaza Elias Nalukoola,44161,15972.0,0,276.5,False
Q133459975,Margret Baagala,2,Margaret Baagala,10413,11389.0,0,91.4,False
Q133836482,Margaret Ssebagereka,2,Margaret Ssebagereka,1322,2221.0,0,59.5,True
Q133835773,Martha Kyoshaba,2,Martha Kyosaba,5010,7068.0,0,70.9,False
Q134083095,Olivia Wawire,2,Olivia Wawire,3125,5562.0,0,56.2,False
Q134274413,Peace Mbabazi Kyamukongwire,2,Peace Mbabazi Kyamukongwire,4630,5025.0,0,92.1,False
Q133833461,Ruth Mukama,2,Ruth Mukama,23158,15534.0,0,149.1,False
Q134275957,Sandra Nabaggala,2,Sandra Nabaggala,4854,4921.0,0,98.6,False
Q133980867,Shamim Mayanja,2,Shamim Mayanja,3978,4068.0,0,97.8,False
Q133567055,Stella Nanteza,2,Stella Nanteza,8984,5346.0,0,168.1,False
Q133530719,Susan Kabonero Muhwezi,2,Susan Kabonero Muhwezi,3066,4083.0,0,75.1,False
Q136682385,Tibasiimwa Joram Ruranga,2,Tibasiimwa Joram Ruranga,11227,6151.0,0,182.5,False
Q136674050,Tina Wamala,2,Tina Wamala,8904,5907.0,0,150.7,False
Q133460290,Zahara Nandawula,2,Zahara Nandawula,5305,3030.0,0,175.1,False
Q133864830,Aisha Naluzze Batala,2,Aisha Naluzze Batala,6086,6104.0,0,99.7,False
Q134611565,Ali Kony,2,Ali Kony,7234,8559.0,0,84.5,False
Q135581491,Apollo Kagogwe,2,Apollo Kagogwe,2974,4088.0,0,72.7,False
Q136230068,Ashraf Mandela,2,Ashraf Mandela,5241,4203.0,0,124.7,False
Q134184129,Beatrice Ayikoru,2,Beatrice Ayikoru,13931,7367.0,0,189.1,False
Q133858820,Bernadette Nambi,2,Bernadette Nambi,5608,5876.0,0,95.4,False
Q136135178,Nkuubi Brian,2,Brian Nkuubi,2250,2296.0,0,98.0,False
Q133879190,Chance Nalubega,2,Chance Nalubega,29567,10681.0,0,276.8,False
Q136463694,American Football Federation of Uganda,2,Ekibiina ekifuga omupiira mu Amerika ekya Uganda,6021,5734.0,0,105.0,False
Q135788960,Elvis Ngondwe,2,Elvis Ngondwe,4379,6955.0,0,63.0,False
Q135488104,Emmanuel Kalyowa,2,Emmanuel Kalyowa,3095,3880.0,0,79.8,False
Q133883278,Fred Nyanzi Ssentamu,2,Fred Nyanzi Ssentamu,9037,3496.0,0,258.5,False
Q133861224,Gladyce Kachope,2,Gladyce Kachope,7048,7364.0,0,95.7,False
Q134732645,Godfrey Kabbyanga,2,Godfrey Kabbyanga,9898,0.0,0,,False
Q136357064,Grace Lubega,2,Grace Lubega,9568,10736.0,0,89.1,False
Q136051139,Hannington Ssebwalunyo,2,Hannington Ssebwalunyo,6348,7139.0,0,88.9,False
Q134883464,Ivan Muhwezi,2,Ivan Muhwezi,3959,4294.0,0,92.2,False
Q133828187,Joan Rwabyomere,2,Joan Rwabyomere,6219,3736.0,0,166.5,False
Q135785417,Joel Mutakubwa,2,Joel Mutakubwa,3897,6505.0,0,59.9,False
Q135790583,Joel Sserunjogi,2,Joel Sserunjogi,5097,5794.0,0,88.0,False
Q134239125,John Bashaija Kazoora,2,John Bashaija Kazoora,6768,7127.0,0,95.0,False
Q135116412,Jovia Nakagolo,2,Jovia Nakagolo,2496,1989.0,0,125.5,False
Q134549681,Juliana Kaggwa,2,Juliana Kagwa,7593,5235.0,0,145.0,False
Q136602155,Kasibante Robert,2,"Kasibante Robert,",10640,4574.0,0,232.6,False
Q135907525,Lwanga Charles,2,Lwanga Charles,6023,6287.0,0,95.8,False
Q134612357,Matthias Magoola,2,Mathias Magoola,6519,7261.0,0,89.8,False
Q135404154,Mbale Secondary School,2,Mbale Secondary School,4238,4989.0,0,84.9,False
Q136602136,Moses Muhwezi,2,Moses Muhwezi,4359,5430.0,0,80.3,False
Q136529124,,2,Munyagwa Mubarak Sserunga,8291,8447.0,0,98.2,False
Q135975716,Mutwalibu Mugolofa,2,Mutwalibu Mugolofa,6810,7029.0,0,96.9,False
Q135439069,Najib Yiga,2,Najib Yiga,4336,4215.0,0,102.9,False
Q135479058,Byanyima Nathan,2,"Nathan Byanyima, omusajja omulala",7153,6451.0,0,110.9,False
Q136147256,Ndugwa Abraham,2,Ndugwa Abraham,1901,2249.0,0,84.5,True
Q135733866,Nkunyingi Muwada,2,Nkunyingi Muwada,7022,8039.0,0,87.3,False
Q136339618,Michael Moses Odongo Okune,2,Odongo Okune,9273,9732.0,0,95.3,False
Q133881066,Catherine Ainembabazi,2,Omuyimbi Catherine Ainembabazi,3210,3556.0,0,90.3,False
Q133828172,Prosperous Nankindu Kavuma,2,Prosperous Nankindu Kavuma,6082,5470.0,0,111.2,False
Q135788244,Reagan Mpande,2,Reagan Mpande,6014,5675.0,0,106.0,False
Q135842456,Rogers Ochaki Torach,2,Rogers Torach,5135,6823.0,0,75.3,False
Q135831037,Ronald Ssebuguzi,2,Ronald Ssebuguzi,6027,6117.0,0,98.5,False
Q133934002,Rose Nakasi,2,Rose Nakasi,6976,6541.0,0,106.7,False
Q134267589,Omega 256,2,Shamim Murerwa,3872,3585.0,0,108.0,False
Q134087849,Sherifah Tumusiime,2,Sharifah Tumusiime,8706,9303.0,0,93.6,False
Q135472130,Ssekajugo Elvis,2,Ssekajugo Elvis,5448,5523.0,0,98.6,False
Q136555930,Tonny Awany,2,Tonny Awany,1791,4387.0,0,40.8,True
Q135437535,Yvonne Mpambara,2,Yvonne Mpambara,5498,11818.0,0,46.5,False
Q135110095,Zam Seera,2,Zam Seera,3002,3044.0,0,98.6,False
Q141124420,Andrew G. Naimanye,2,Andrew G. Naimanye,5583,5877.0,0,95.0,False
Q137755846,Bentalin Yeko,2,Bentalin Yeko,4383,6016.0,0,72.9,False
Q137735744,Brenda Chekwemoi,2,Brenda Chekwemoi,4031,4860.0,0,82.9,False
Q135923016,Chrispas Kusiima,2,Chrispas Kusiima,5413,5508.0,0,98.3,False
Q136160150,Clement Kiggundu,2,Clement Kiggundu,8448,5497.0,0,153.7,False
Q135988693,Enock Ssebaggala,2,Enock Ssebaggala,5983,6208.0,0,96.4,False
Q137735743,Felister Chekwemoi,2,Felister Chekwemoi,5628,6504.0,0,86.5,False
Q141136993,Geofrey Arinaitwe,2,Geofrey Arinaitwe,5349,5690.0,0,94.0,False
Q135914394,Ivan Ahimbisibwe,2,Ivan Ahimbisibwe,5488,7300.0,0,75.2,False
Q141117610,James Nkamwesiga Kasigwa,2,James Nkamwesiga Kasigwa,5218,6088.0,0,85.7,False
Q141204437,,2,John Bosco Tumusiime Bamuturaki,3913,4294.0,0,91.1,False
Q136954178,Juliet Zawedde,2,Juliet Zawedde,4344,3559.0,0,122.1,False
Q135969357,Nicholas Mwere,2,Nicholas Mwere,5893,6212.0,0,94.9,False
Q141174566,,2,Obote Clement Kenneth,6571,7268.0,0,90.4,False
Q136412979,Rogers Semitala,2,Rogers Semitala,6622,5307.0,0,124.8,False
Q136350170,Rwot David Onen Acana II,2,Rwot Acana,7261,7534.0,0,96.4,False
Q137606124,Sheila Tusiime,2,Sheila Tusiime,3488,3723.0,0,93.7,False
Q141189395,Stephen Besweri Akabway,2,Stephen Besweri Akabway,6023,6564.0,0,91.8,False
Q135999610,Umar Lutalo,2,Umar Lutalo,5874,6811.0,0,86.2,False
Q141189043,William Banage,2,William Banage,5087,5833.0,0,87.2,False
Q138460898,Lugwar Benson,2,Benson Lugwar,4712,3327.0,0,141.6,False
Q138498787,Christopher Kasozi,2,Christopher Kasozi,4415,4823.0,0,91.5,False
Q138457142,Komakech Christopher,2,Christopher Komakech,3762,4002.0,0,94.0,False
Q138581266,Damoni Kitabire,2,Damoni Kitabire,4498,4772.0,0,94.3,False
Q138577188,Lukyamuzi David Kalwanga,2,David Kalwanga Lukyamuzi,5779,5927.0,0,97.5,False
Q138644010,Ugandan Traditional Musical Instruments,2,Ebivuga eby'ennono ebya Uganda,11472,9859.0,0,116.4,False
Q138644293,End Fossil Occupy Uganda,2,End Fossil Occupy Uganda,13953,12971.0,0,107.6,False
Q137994254,Enid Origumisiriza,2,Enid Origumisiriza,5264,4437.0,0,118.6,False
Q138001320,Acom Esther,2,Esther Lucy Acom,3777,3365.0,0,112.2,False
Q137991249,Namatende Eunice,2,Eunice Namatende,7108,8209.0,0,86.6,False
Q138504850,Jalameso Fred,2,Fred Jalameso,4246,3942.0,0,107.7,False
Q136842498,Geoffrey Lutaaya,2,Geoffrey Lutaaya,6322,7040.0,0,89.8,False
Q138539067,George Didi Bhoka,2,George Didi Bhoka,2653,3335.0,0,79.6,False
Q137856119,Muyonjo Hussein,2,Hussein Muyonjo Swengere,5746,6589.0,0,87.2,False
Q138583087,Kyeyune Ivan,2,Ivan Kyeyune,3624,3595.0,0,100.8,False
Q138426758,James Rwanyarare,2,James Rwanyarare,3898,3711.0,0,105.0,False
Q138717575,Joseph Almeida,2,Joseph Almeida (omusomesa),7496,7457.0,0,100.5,False
Q136910579,Ssewungu Joseph Gonzaga,2,Joseph Gonzaga Ssewungu,5779,5888.0,0,98.1,False
Q137015708,Kampala German Language School,2,Kampala German Language School,7064,5510.0,0,128.2,False
Q136932628,Kayogera Yona,2,Kayogera Yona,5338,4740.0,0,112.6,False
Q138666034,Manuel Muranga John Kamugisha,2,Manuel Muranga,5861,5509.0,0,106.4,False
Q139148702,Mathew Rukikaire,2,Mathew Rukikaire,9678,5014.0,0,193.0,False
Q139550109,Menton Summer,2,Menton Summer,4659,4958.0,0,94.0,False
Q138510825,Muhammadi Lubega Kisambira,2,Muhammadi Lubega Kisambira,7348,7718.0,0,95.2,False
Q137883408,List of members of the twelfth Parliament of Uganda,2,Olukalala lw’abakiise mu Paalamenti ya Uganda ey’ekkumi n’ebbiri,50632,54760.0,0,92.5,False
Q138787843,Olum Lornah Afoyomungu,2,Olum Lornah Afoyomungu,7394,8369.0,0,88.3,False
Q137291796,Ramathan Ggoobi,2,Ramathan Ggoobi,9987,6742.0,0,148.1,False
Q137732933,Rebecca Alitwala Mubezi,2,Rebecca Alitwala Mubezi,4579,5149.0,0,88.9,False
Q137885754,Maseruka Robert,2,Robert Maseruka,11689,10260.0,0,113.9,False
Q138515252,Ediau Samuel,2,Samuel Ediau,4524,4317.0,0,104.8,False
Q138480753,Ssebugga Kimeze,2,Ssebugga Kimeze,6405,6611.0,0,96.9,False
Q138127827,Alinaitwe Sylvia Tumuheirwe,2,Sylvia Tumuheirwe Alinaitwe,4538,3818.0,0,118.9,False
Q138515254,Twaha Kagabo,2,Twaha Kagabo,5143,6039.0,0,85.2,False
Q137473439,Walinda Jonathan,2,Walinda Jonathan,7175,7424.0,0,96.6,False
Q138751304,Acan Joyce Okeny,2,Acan Joyce Okeny,7366,7739.0,0,95.2,False
Q138755482,Anne K. Rweyora,2,Anne K. Rweyora,7079,7194.0,0,98.4,False
Q138792888,Benedicta Nanyonga,2,Benedicta Nanyonga,3474,4079.0,0,85.2,False
Q140679741,Charles Olaro,2,Charles Olaro,4508,5498.0,0,82.0,False
Q139554865,Kabanda David,2,David Kabanda,7333,7607.0,0,96.4,False
Q140607334,David Kasura Kyomukama,2,David Kasura Kyomukama,5806,6179.0,0,94.0,False
Q141072786,David Nahamya,2,David Nahamya,3421,3928.0,0,87.1,False
Q136785114,Drake P Mirembe,2,Drake P Mirembe,8956,9425.0,0,95.0,False
Q139554840,Echodu David Calvin,2,Echodu David Calvin,6560,7766.0,0,84.5,False
Q139535769,Emperor Orlandoh,2,Emperor Orlandoh,5051,5549.0,0,91.0,False
Q139659797,Esther Kyozira,2,Esther Kyozira,9772,6281.0,0,155.6,False
Q140647002,Herbert Edmund Ariko,2,Herbert Edmund Ariko,4846,5312.0,0,91.2,False
Q139554958,Modoi Isaac,2,Isaac Madoi,5553,3987.0,0,139.3,False
Q140619745,Joshua Karamagi,2,Joshua Karamagi,4412,5046.0,0,87.4,False
Q140996306,Julius Victor Nkeramihigo,2,Julius Victor Nkeramihigo,4793,5196.0,0,92.2,False
Q139554871,Kaka Lubega Ismail Uthuman,2,Kaka Lubega Ismail Uthuman,3472,4118.0,0,84.3,False
Q136821745,Laika,2,Laika Umuhoza,3316,3475.0,0,95.4,False
Q139554925,Lokii John Baptist,2,Lokii John Baptist,4633,4569.0,0,101.4,False
Q139780505,Mable Amuron,2,Mable Amuron,2532,3604.0,0,70.3,False
Q139554921,Lakisa Mercy Faith,2,Mercy Faith Lakisa,5937,6579.0,0,90.2,False
Q139555018,Okaasai Sidronius Opolot,2,Okaasai Sidronius Opolot,5811,6760.0,0,86.0,False
Q139555039,Opolot-okwalinga Simon Peter,2,Opolot-Okwalinga Simon Peter,11954,20222.0,0,59.1,False
Q140674943,Patrick Bernard Ogwel,2,Patrick Bernard Ogwel,4188,4663.0,0,89.8,False
Q139555015,Ogwang Patrick Obura,2,Patrick Ogwang Obura,10531,10479.0,0,100.5,False
Q139759016,Prudence Nyamishana,2,Prudence Nyamishana,4230,4808.0,0,88.0,False
Q141005299,Robert Mukiza,2,Robert Mukiza,5337,5737.0,0,93.0,False
Q139554998,Ssewagudde Robert,2,Robert Ssewagudde,5749,6473.0,0,88.8,False
Q136769420,Balimwezo Ronald Nsubuga,2,Ronald Nsubuga Balimwezo,5827,7261.0,0,80.3,False
Q139623379,Sarah Kizito,2,Sarah Kizito,5236,4910.0,0,106.6,False
Q139719426,Wasswa Lule,2,Wasswa Lule,3569,6141.0,0,58.1,False
Q15205537,Buddu,2,Buddu,6630,9078.0,0,73.0,False
Q16148125,Charles Angina,2,Charles Angina,6572,6694.0,0,98.2,False
Q16151792,Daniel Kajumba,2,Daniel Kajumba,2032,4543.0,0,44.7,False
Q15228847,Ishasha,2,"Ishasha, Yuganda",131,6483.0,0,2.0,True
Q15238486,Kimaka,2,Kimaka,152,5185.0,0,2.9,True
Q15276092,Sentema,2,Sentema,148,6351.0,0,2.3,True
Q16727969,Francis Chemonges,2,Francis Chemonges,1395,2767.0,0,50.4,True
Q16729092,Frederick Kitaka,2,Frederick Kitaka,5104,6786.0,0,75.2,False
Q16732952,John Mugyenyi,2,John Mugyenyi,2680,4172.0,0,64.2,False
Q15261089,Nateete,2,Nateete,3217,4108.0,0,78.3,False
Q15260890,Namirembe hill,2,Olusozi Namirembe,7213,8297.0,0,86.9,False
Q16735283,Robert Rusoke,2,Robert Rusoke,1426,2410.0,0,59.2,True
Q16745020,Stanislaus Okurut,2,Stanislaus Okurut,1519,8225.0,0,18.5,True
Q16730662,Steven Kavuma,2,Steven Kavuma,2917,4358.0,0,66.9,False
Q16802088,Yosia Nadiope of Busoga,2,Yosia Nadiope owe Busoga,417,2485.0,0,16.8,True
Q16017325,Christopher Henry Muwanga Barlow,2,Christopher Henry Muwanga Barlow,8183,8155.0,0,100.3,False
Q16207596,Exodus,2,Exodus (omuyimbi),8400,9543.0,0,88.0,False
Q16062641,Kiweewa of Buganda,2,Kiweewa owa Buganda,8155,8881.0,0,91.8,False
Q16205563,Kushaba Moses Mworeko,2,Kushaba Moses Mworeko,13360,14968.0,0,89.3,False
Q15993141,Patrick Kankiriho,2,Patrick Kankiriho,4962,5470.0,0,90.7,False
Q16019437,Peter Kerim,2,Peter Kerim,1941,3008.0,0,64.5,True
Q16204774,Resolve Uganda,2,Resolve Uganda,5263,6085.0,0,86.5,False
Q16205724,Suuna I of Buganda,2,Ssuuna I of Buganda,2239,2571.0,0,87.1,False
Q16886238,Amos Twinomujuni,2,Amos Twinomujuni,3158,4033.0,0,78.3,False
Q16853359,Austin Bukenya,2,Austin Bukenya,11649,10401.0,0,112.0,False
Q16848841,Bukedde,2,Bukedde,425,6223.0,0,6.8,True
Q16954491,Buloba,2,Buloba,170,6529.0,0,2.6,True
Q16824941,Buluba Hospital,2,Buluba Hospital,6395,6035.0,0,106.0,False
Q16954638,Busaana Modern Academy,2,Busaana Modern Academy,2055,3879.0,0,53.0,False
Q16902740,Villa Maria Hospital,2,Eddwaaliro lya Villa Maria,5286,6881.0,0,76.8,False
Q16915598,Filipinos in Uganda,2,Filipinos in Uganda,2958,3041.0,0,97.3,False
Q16842693,Kilembe Mines FC,2,Kilembe Mines FC,8683,9243.0,0,93.9,False
Q16893518,Kitovu Hospital,2,Kitovu Hospital,7264,8127.0,0,89.4,False
Q16930494,Mifumi,2,Mifumi,1197,2342.0,0,51.1,True
Q16937152,Ministry of Works and Transport,2,Minisitule y'emirimu n'entambula (Uganda),6516,9278.0,0,70.2,False
Q16896022,Nyenga,2,"Nyenga, Uganda",4544,10836.0,0,41.9,False
Q16822836,list of defunct airlines of Uganda,2,Olukalala lwa kampuni z'ennyonyi ezitakyakola mu Uganda,4719,3055.0,0,154.5,False
Q16902833,Wakyaato,2,Wakyaato,169,4134.0,0,4.1,True
Q17155793,Alokolum,2,Alokolum,138,3866.0,0,3.6,True
Q17118982,Princess Jane Mpologoma Nabanakulya,2,Jane Mpologoma Nabanakulya,1685,3240.0,0,52.0,True
Q16886225,Jotham Tumwesigye,2,Jotham Tumwesigye,2969,4518.0,0,65.7,False
Q17067633,LivingStone International University,2,LivingStone International University,4933,4967.0,0,99.3,False
Q17080820,Lubwa p'Chong,2,Lubwa p'Chong,4724,5298.0,0,89.2,False
Q17108330,"Ministry of Trade, Tourism and Industry",2,"Minisitule y’ebyobulambuzi, ebisolo by’omu nsiko n’eby’edda (Uganda)",4105,8995.0,0,45.6,False
Q16846821,Mulumba Ivan Matthias,2,Mulumba Ivan Matthias,11017,13479.0,0,81.7,False
Q17097704,list of companies based in Uganda,2,Olukalala lwa kampuni ezisinganibwa mu Uganda,3705,14477.0,0,25.6,False
Q17385762,Papa Cidy,2,Papa Cidy,6846,7139.0,0,95.9,False
Q17037526,Richard Carl Ntiru,2,Richard Carl Ntiru,3633,3427.0,0,106.0,False
Q16965297,Uganda AIDS Commission,2,Uganda AIDS Commission,24133,26741.0,0,90.2,False
Q17017261,Women At Work International,2,Women At Work International,2456,4760.0,0,51.6,False
Q18158340,Ahmad Ssengendo,2,Ahmad Ssengendo,8936,7132.0,0,125.3,False
Q17510439,Alam Group,2,Alam Group,6941,7061.0,0,98.3,False
Q17747138,Alphonse Lamola,2,Alphonse Lamola,2543,4026.0,0,63.2,False
Q18209648,Association of Real Estate Agents,2,Association of Real Estate Agents,13748,12800.0,0,107.4,False
Q18098045,DJ Shiru,2,DJ Shiru,2780,3121.0,0,89.1,False
Q18157922,John Senyonyi,2,John Senyonyi,2263,7903.0,0,28.6,False
Q18350894,Lweza FC,2,Lweza FC,1830,2358.0,0,77.6,True
Q18378283,Munyonyo Commonwealth Resort,2,Munyonyo Commonwealth Resort,5437,5524.0,0,98.4,False
Q18162062,Nile Breweries Limited,2,Nile Breweries Limited,5203,9263.0,0,56.2,False
Q18210376,St. Denis Ssebugwawo Secondary School,2,St. Denis Ssebugwawo Secondary School,5782,4689.0,0,123.3,False
Q18001359,Stephen Isabalija,2,Stephen Isabaija,10615,10568.0,0,100.4,False
Q18356038,Uganda Dental Association,2,Uganda Dental Association,9234,9154.0,0,100.9,False
Q18356048,Uganda National Roads Authority,2,Uganda National Roads Authority,19675,28294.0,0,69.5,False
Q19668408,Adison Kakuru,2,Adison Kakuru,7158,7787.0,0,91.9,False
Q18977763,Jaberi Bidandi Ssali,2,Jaberi Bidandi Ssali,2229,9684.0,0,23.0,False
Q19667032,John Maviiri,2,John Maviiri,3437,4383.0,0,78.4,False
Q19276794,Moses Matovu,2,Moses Matovu,4052,4908.0,0,82.6,False
Q18921944,Robert Ikoja-Odongo,2,"Robert Ikoja-Odongo, omusajja omulala",3454,11563.0,0,29.9,False
Q19665835,Ruyonga,2,Ruyonga,2326,7510.0,0,31.0,False
Q19664488,Sam Gombya,2,Sam Gombya,3004,3261.0,0,92.1,False
Q19665032,Samuel Iga Zinunula,2,Samuel Iga Zinunula,2273,3793.0,0,59.9,False
Q19665176,The mith,2,The mith,2671,0.0,0,,False
Q18764043,Enygma,2,Enyma,16027,18721.0,0,85.6,False
Q18808318,Fred Masagazi,2,Fred Masagazi,3848,5527.0,0,69.6,False
Q18687990,Jason Ntaro,2,Jason Ntaro,5771,4827.0,0,119.6,False
Q18393051,"Kibulala, Hoima",2,"Kibulala, Hoima",128,6491.0,0,2.0,True
Q18388161,"Kibulala, Ssingo",2,"Kibulala, Ssingo",130,8124.0,0,1.6,True
Q18387055,Patrick Mangeni,2,Patrick Mangeni,5805,6504.0,0,89.3,False
Q19364579,Sam Otada,2,Sam Otada,4041,5618.0,0,71.9,False
Q18389856,Quality Supermarkets,2,Ssemaduuka za Quality,2805,3865.0,0,72.6,False
Q18386752,Swangz Avenue,2,Swangz Avenue,4612,4716.0,0,97.8,False
Q18388719,Teso College Aloet,2,Teso College Aloet,25624,26349.0,0,97.2,False
Q18395177,Winyi of Kibulala,2,Winyi ow'e Kibulala,4246,4612.0,0,92.1,False
Q20311326,91.3 Capital FM,2,91.3 Capital FM,9037,8652.0,0,104.4,False
Q19938163,AK 47 Mayanja,2,AK 47 Mayanja,11276,12347.0,0,91.3,False
Q20047273,Nakasero Hospital,2,Eddwaaliro e Nakasero,6986,9739.0,0,71.7,False
Q18685944,Ernest Bazanye,2,Ernest Bazanye,4629,4164.0,0,111.2,False
Q19968623,Flex D'Paper,2,Flex D'Paper,31021,52368.0,0,59.2,False
Q18686196,Frank Mbalire,2,Frank Mbalire,1199,2970.0,0,40.4,True
Q19843183,Kisubi Hospital,2,Kisubi Hospital,4654,5339.0,0,87.2,False
Q20006866,Opiyo Oloya,2,Opiyo Oloya,5806,5802.0,0,100.1,False
Q19904223,Hoima–Kampala Petroleum Products Pipeline,2,Payipu y’amafuta mu Hoima okudda e Kampala,1538,8804.0,0,17.5,True
Q19892030,Shem Bageine,2,Shem Bageine,1328,6505.0,0,20.4,True
Q21062608,Andrew Rugasira,2,Andrew Rugasira,6867,6839.0,0,100.4,False
Q20984515,Besueri Kiwanuka Lusse Mulondo,2,Besueri Kiwanuka Lusse Mulondo,1034,920.0,0,112.4,True
Q20746233,Bujerere,2,Bujerere,150,4006.0,0,3.7,True
Q20684365,David Kibikyo,2,David Kibikyo,4684,4649.0,0,100.8,False
Q20746245,École Française Les Grands Lacs,2,Essomero lya Française Les Grands Lacs,878,1398.0,0,62.8,True
Q20746261,Kagamba,2,Kagamba,133,6705.0,0,2.0,True
Q20746274,Kisoga,2,"Kisoga, Mukono",2118,7914.0,0,26.8,False
Q21067659,list of government ministries of Uganda,2,List of government ministries of Uganda,15503,14559.0,0,106.5,False
Q20746282,Makerere Kikoni,2,Makerere Kikoni,68,4177.0,0,1.6,True
Q20746265,Katanga Slum,2,Omugotteko gw'e katanga,5355,5130.0,0,104.4,False
Q20685066,Pallaso,2,Pallaso,12259,12405.0,0,98.8,False
Q22082416,Suam,2,"Suam, Yuganda",124,9845.0,0,1.3,True
Q20312965,The AIDS Support Organization,2,The AIDS Support Organization,18932,16769.0,0,112.9,False
Q22082418,Tonya,2,"Tonya, Yuganda",125,5074.0,0,2.5,True
Q22082419,Villa Maria,2,"Villa Maria, Yuganda",135,4486.0,0,3.0,True
Q22082420,Vurra,2,Vurra,123,5321.0,0,2.3,True
Q20746341,Wanseko,2,Wanseko,131,4244.0,0,3.1,True
Q20744790,William Gabula,2,William Gabula,11003,8557.0,0,128.6,False
Q22935586,Aaron Kirunda,2,Aaron Kirunda,7088,7529.0,0,94.1,False
Q23111544,Busunju,2,Busunju,143,6997.0,0,2.0,True
Q21603909,Charles Oboth Ofumbi,2,Charles Oboth Ofumbi,6059,5571.0,0,108.8,False
Q22007181,Diana Nkesiga,2,Diana Nkesiga,6533,11064.0,0,59.0,False
Q22082379,Kamdini,2,Kamdini,171,7942.0,0,2.2,True
Q22082383,Kimwanyi,2,Kimwanyi,153,10346.0,0,1.5,True
Q22082384,Kisoga,2,"Kisoga, Gomba",126,3713.0,0,3.4,True
Q23013740,Maryhill High School,2,Maryhill High School,3107,3261.0,0,95.3,False
Q21997857,Master Blaster,2,Master Blaster,1853,3437.0,0,53.9,True
Q22082397,Muyembe,2,Muyembe,92,8626.0,0,1.1,True
Q23013379,Uganda Women’s Network,2,Omukutu gw'abakyala mu Uganda,9367,14305.0,0,65.5,False
Q22082407,Rubindi,2,Rubindi,150,3019.0,0,5.0,True
Q22082408,Rwekunye,2,Rwekunye,140,7477.0,0,1.9,True
Q22005780,Suzan Kerunen,2,Suzan Kerunen,5326,10647.0,0,50.0,False
Q22080944,Uganda Road Sector Support Initiative,2,Uganda Road Sector Support Initiative,8653,9048.0,0,95.6,False
Q24185305,Bwera General Hospital,2,Eddwaaliro ekkulu erye Bwera,421,6222.0,0,6.8,True
Q24185307,Nyenga Mission Hospital,2,Eddwaliro lya Nyenga Mission,5189,6380.0,0,81.3,False
Q23541031,Godfrey Kirumira,2,Godfrey Kirumira,5550,4109.0,0,135.1,False
Q23540924,Hassan Basajjabalaba,2,Hassan Basajjabalaba,7283,5096.0,0,142.9,False
Q23541013,Ibrahim Kironde Kabanda,2,Ibrahim Kironde Kabanda,2068,2966.0,0,69.7,False
Q23409655,Isaac Mulindwa Jr.,2,Isaac Mulindwa Jr.,4840,4176.0,0,115.9,False
Q23418968,James Nyakuni,2,James Nyakuni,5156,3504.0,0,147.1,False
Q24572252,John Omagino,2,John Omagino,7638,3902.0,0,195.7,False
Q24572355,Kevinah Taaka Wanaha Wandera,2,Kevinah Taaka Wanaha Wandera,2306,1767.0,0,130.5,False
Q24236553,Kikorongo,2,Kikorongo,158,7567.0,0,2.1,True
Q23540897,Mohammed Alibhai,2,Muhammed Alibhai,853,1775.0,0,48.1,True
Q23415683,Mukesh Shukla,2,Mukesh Shukla,4576,3683.0,0,124.2,False
Q25052873,Acholibur–Gulu–Olwiyo Road,2,Oluguudo lwa Acholibur–Gulu–Olwiyo,4993,5539.0,0,90.1,False
Q23304415,Ponsiano Ngabirano,2,Ponsiano Ngabirano,3563,4684.0,0,76.1,False
Q24565843,Sam Cheptoris,2,Sam Mangusho Cheptoris,6761,7096.0,0,95.3,False
Q23304619,Sebastian Munulo,2,Sebastian Munulo,877,1840.0,0,47.7,True
Q25001532,94.8 XFM,2,94.8 XFM,2150,2131.0,0,100.9,False
Q24572629,Abdul Nadduli,2,Abdul Nadduli,6524,8127.0,0,80.3,False
Q25001533,CBS FM Buganda,2,CBS FM Buganda,6155,6902.0,0,89.2,False
Q24852428,Charles Ibingira,2,Charles Ibingira,5879,6572.0,0,89.5,False
Q24572701,David Karubanga,2,David Karubanga,1562,4099.0,0,38.1,True
Q23926483,Kitgum Hospital,2,Eddwaaliro lya Kitgum,4224,4422.0,0,95.5,False
Q24958518,GM Sugar Uganda Limited,2,GM Sugar Uganda Limited,1122,4657.0,0,24.1,True
Q24898896,Jinja–Iganga–Bugiri–Tororo Road,2,Jinja–Iganga–Bugiri–Tororo Road,6270,6694.0,0,93.7,False
Q24572683,Moses Kizige,2,Moses Kizige,5402,9298.0,0,58.1,False
Q24894992,Kyaka II Refugee Settlement,2,Okusenga kwa ababundabunda Kyaka II,4657,6249.0,0,74.5,False
Q24883501,Achol-Pii Refugee Settlement,2,Okusenga kw’ababundabunda mu Achol-Pii,1390,9148.0,0,15.2,True
Q25052037,music education in Uganda,2,Okusomesa ennyimba mu Uganda,8523,6378.0,0,133.6,False
Q25052004,Mukono–Kyetume–Katosi–Nyenga Road,2,Oluguudo lwa Mukono–Kyetume–Katosi–Nyenga,398,15151.0,0,2.6,True
Q25036445,list of record producers in Uganda,2,Olukalala lw'abakola ennyimba mu Uganda,2794,3959.0,0,70.6,False
Q24054199,Afoji,2,Afoji,123,5240.0,0,2.3,True
Q24054201,Akright City,2,Akright City,4257,5700.0,0,74.7,False
Q24572740,Christopher Kibanzanga,2,Christopher Kibanzanga,10258,4855.0,0,211.3,False
Q24807579,St. Charles Lwanga Buikwe Hospital,2,Eddwaliro lya St. Charles Lwanga Buikwe,4412,6074.0,0,72.6,False
Q24062567,Edward Katongole-Mbidde,2,Edward Katongole-Mbidde,6819,8035.0,0,84.9,False
Q24851613,Godfrey Kiwanda,2,Godfrey Kiwanda,5133,4653.0,0,110.3,False
Q24053532,Grace Kavuma,2,Grace Kavuma,1515,2720.0,0,55.7,True
Q24572842,Ismael Orot,2,Ismael Orot,810,4800.0,0,16.9,True
Q24062570,Jackson Orem,2,Jackson Orem,7272,5904.0,0,123.2,False
Q24054202,Kabojja,2,Kabojja,129,3963.0,0,3.3,True
Q24053515,Keith Kalyegira,2,Keith Kalyegira,2873,3377.0,0,85.1,False
Q24054194,Kisozi,2,Kisozi,126,9776.0,0,1.3,True
Q24041317,Masindi General Hospital,2,Masindi General Hospital,5458,3948.0,0,138.2,False
Q24007711,Richard Musani,2,Richard Musani,10819,10132.0,0,106.8,False
Q24054197,Tirinyi,2,Tirinyi,129,7403.0,0,1.7,True
Q24054204,Wampeewo,2,Wampeewo,130,7314.0,0,1.8,True
Q25227096,Kawolo General Hospital,2,Eddwaliro ekkulu e Kawolo,4958,6279.0,0,79.0,False
Q26879379,Kitalya Maximum Security Prison,2,Ekkomera ly'e Kitalya,3442,5868.0,0,58.7,False
Q25227067,Entebbe General Hospital,2,Entebbe General Hospital,4689,4842.0,0,96.8,False
Q25755641,Felix Kulayigye,2,Felix Kulaygye,4410,6243.0,0,70.6,False
Q25227100,Iganga General Hospital,2,Iganga General Hospital,4114,5250.0,0,78.4,False
Q26869862,Ismail Katamba,2,Ismail Katamba,461,5860.0,0,7.9,True
Q25227121,Kagadi General Hospital,2,Kagadi General Hospital,2573,4557.0,0,56.5,False
Q25226926,Kampala–Busunju Expressway,2,Kampala–Busunju Expressway,277,4066.0,0,6.8,True
Q25227078,Kiryandongo General Hospital,2,Kiryandongo General Hospital,6911,5618.0,0,123.0,False
Q25858376,Mark Ouma,2,Mark Ouma,2433,4157.0,0,58.5,False
Q25203102,Ministry of Defence,2,Minisitule y'ebyokwerinda n'ensonga z'abaazirwanako,15393,15932.0,0,96.6,False
Q25227072,Mityana Hospital,2,Mityana Hospital,6268,4897.0,0,128.0,False
Q25168632,Nyanza Textile Industries Limited,2,Nyanza Textile Industries Limited,4853,6719.0,0,72.2,False
Q25227116,Masaka–Mutukula Road,2,Oluguudo lw’e Masaka–Mutukula,369,5607.0,0,6.6,True
Q25112894,St. John Fisher Ibanda Secondary School,2,St. John Fisher Ibanda Secondary School,2189,2600.0,0,84.2,False
Q25067857,Uganda Coffee Development Authority,2,Uganda Coffee Development Authority,5277,6853.0,0,77.0,False
Q25340059,Upper Mulago Regional Referral Hospital,2,Upper Mulago Regiona; Referral Hospital,5531,6497.0,0,85.1,False
Q26828668,Yowabu Magada Kawaluuko,2,Yowabu Magada Kawaluuko,4107,4268.0,0,96.2,False
Q27662809,Benon Mutambi,2,Benon Mutambi,3842,6768.0,0,56.8,False
Q25060106,GBK Dairy Products Limited,2,GBK Dairy Products Limited,3328,4735.0,0,70.3,False
Q27244656,Godfrey Baligeya,2,Godfrey Baligeya,1333,2742.0,0,48.6,True
Q27899264,Haka Mukiga,2,Haka Mukiga,4037,5730.0,0,70.5,False
Q27832632,Harrison Mutikanga,2,Harrison Mutikanga,10365,5087.0,0,203.8,False
Q27916452,Kagayi Peter,2,Kagayi Peter,4508,6890.0,0,65.4,False
Q28136300,Kirya Balaki Kebba,2,Kirya Balaki Kebba,15908,14773.0,0,107.7,False
Q28135348,Ministry of East African Community Affairs,2,Minisitule y'Ensonga z'Amawanga g'Omubuvanjuba bwa Afrika,5063,5889.0,0,86.0,False
Q28223343,Ministry for Karamoja,2,Minisitule y’ensonga z’e Karamoja (Uganda),2511,6211.0,0,40.4,False
Q27919832,Samuel Mukooza,2,Samuel Mukooza,507,2028.0,0,25.0,True
Q27962197,St. Kaggwa Bushenyi High School,2,St. Kaggwa Bushenyi High School,5507,7128.0,0,77.3,False
Q28113003,Tom Voltaire Okwalinga,2,Tom Voltaire Okwalinga,1524,3912.0,0,39.0,True
Q30091390,Allan Ssewanyana,2,Allan Ssewanyana,8226,12519.0,0,65.7,False
Q29913996,Baryayanga Andrew Aja,2,Andrew Baryayanga,7866,8204.0,0,95.9,False
Q30323685,Boaz Ninsiima,2,Boaz Ninsiima,8243,8083.0,0,102.0,False
Q30058178,Ivan Semwanga,2,Ivan Semwanga,17838,13123.0,0,135.9,False
Q30302621,Jack Sabiiti,2,Jack Sabiiti,10690,11584.0,0,92.3,False
Q29331368,Jehoash Mayanja Nkangi,2,Jowaash Mayanja Nkangi,8965,13920.0,0,64.4,False
Q30110261,Akugizibwe Lawrence,2,Lawrence Akugizibwe,7473,7269.0,0,102.8,False
Q28457538,Leader of Opposition,2,Leader of Opposition,16514,14394.0,0,114.7,False
Q29963755,Michael Tusiime,2,Micheal Tusiime,8246,9407.0,0,87.7,False
Q29917557,Paul Amoru,2,Paul Amoru,10101,10726.0,0,94.2,False
Q30323636,Byibesho Sam,2,Sam Byibesho,4886,6177.0,0,79.1,False
Q29898231,Vincent Woboya,2,Vincent Woboya,8742,8301.0,0,105.3,False
Q28481226,Zziwa Kennedy,2,Zziwa Kennedy,4338,6151.0,0,70.5,False
Q30524693,Ugandan lost counties referendum of 1964,2,1964 Ugandan lost counties referendum,13497,13530.0,0,99.8,False
Q30234278,Daudi Ochieng,2,Daudi Ochieng,11984,5935.0,0,201.9,False
Q32540023,Elizabeth Nantale Mulondo,2,Elizabeth Nantale Mulondo,4717,4917.0,0,95.9,False
Q30332912,Eric Adriko,2,Eric Adriko,4037,5030.0,0,80.3,False
Q31153326,Ismail Ogama,2,Ismail Ogama,1324,3207.0,0,41.3,True
Q31213353,Moses Adome,2,Moses Adome,1082,3779.0,0,28.6,True
Q30323559,Sam Bitangaro,2,Sam Bitangaro,10233,7793.0,0,131.3,False
Q30307252,Ssewa Ssewa,2,Ssewa Ssewa,9200,8426.0,0,109.2,False
Q33978057,John Bosco Ikojo,2,John Bosco Ikojo,5788,6848.0,0,84.5,False
Q33125043,Kassiano Wadri,2,Kassiano Wadri,8772,6571.0,0,133.5,False
Q38587500,Kiiza Andrew Namitego Kaluya,2,Andrew Kaluya,6510,5943.0,0,109.5,False
Q40729793,Arthur Kwizera,2,Arthur Kwizera,6246,5534.0,0,112.9,False
Q39059042,Augustine Nshimye,2,Augustine Nshimye,1866,3727.0,0,50.1,True
Q39791569,Eldad Mwangusya,2,Eldad Mwangusya,3318,4444.0,0,74.7,False
Q39073765,Isaac Mulindwa,2,Isaac Mulindwa,11079,7901.0,0,140.2,False
Q36436262,Kasirye Ggwanga,2,Kasirye Ggwanga,10654,9038.0,0,117.9,False
Q38249626,"Muhanga, Rukiga",2,"Muhanga, Rukiga",694,10014.0,0,6.9,True
Q36490457,Okin Ojara,2,Okin Ojara,7988,8768.0,0,91.1,False
Q39909931,Paul Mugamba,2,Paul Mugamba,982,2416.0,0,40.6,True
Q39908111,Richard Buteera,2,Richard Buteera,4385,6461.0,0,67.9,False
Q42530525,Annette Nkalubo,2,Annette Nkalubo,5036,5124.0,0,98.3,False
Q42075448,Emmanuel Karooro,2,Emmanuel Karooro,9224,7732.0,0,119.3,False
Q41693469,Nawe Molly Kamukama,2,Molly Nawe Kamukama,5131,6499.0,0,79.0,False
Q42296688,Moses Kamya,2,Moses Kamya,7467,16183.0,0,46.1,False
Q42309848,Patrick Ayota,2,Patrick Ayota,7509,8065.0,0,93.1,False
Q41913590,Robert Kasande,2,Robert Kasande,2547,5892.0,0,43.2,False
Q41634603,Rubby Opio Aweri,2,Rubby Opio Aweri,3164,4648.0,0,68.1,False
Q4700611,Akena p'Ojok,2,Akena p'Ojok,7946,8901.0,0,89.3,False
Q43302089,Enid Mirembe,2,Enid Mirembe,1910,5153.0,0,37.1,True
Q43844651,June Kyakobye,2,June Kyakobye,640,1843.0,0,34.7,True
Q45380775,Kenneth Kakuru,2,Kenneth Kakuru,8790,6316.0,0,139.2,False
Q45904195,Simon Mugenyi Byabakama,2,Simon Mugenyi Byabakama,6151,6726.0,0,91.5,False
Q4726787,Alintuma Nsambu,2,Alintuma Nsambu,4971,6752.0,0,73.6,False
Q4734205,Aloi,2,Aloi,3126,6477.0,0,48.3,False
Q4747929,Amos Nzeyi,2,Amos Nzeyi,6020,56777.0,0,10.6,False
Q4780326,Apollo Kironde,2,Apollo Kironde,4895,6195.0,0,79.0,False
Q4780420,Apolo Kivebulaya,2,Apolo Kivebulaya,5286,8428.0,0,62.7,False
Q4795550,Aronda Nyakairima,2,Aronda Nyakairima,7557,8591.0,0,88.0,False
Q4859965,Absa Bank Uganda Limited,2,Absa Bank Uganda Limited,17070,21329.0,0,80.0,False
Q4871713,Battle of Mengo Hill,2,Akatyabaga k'e Mengo,26188,35996.0,0,72.8,False
Q4918001,Bishop of Uganda,2,Ekkanisa ya Uganda mu Buganda,19623,21310.0,0,92.1,False
Q47004197,Jean Sseninde,2,Jean Sseninde,3564,6570.0,0,54.2,False
Q47087871,Livingstone Mpalanyi Nkoyoyo,2,Livingstone Mpalanyi Nkoyoyo,4043,7313.0,0,55.3,False
Q48816818,Uganda Business Facilitation Centre,2,Uganda Business Facilitation Centre,6461,7203.0,0,89.7,False
Q48800989,Uganda Refinery Holding Company,2,Uganda Refinery Holding Company,3091,4203.0,0,73.5,False
Q48817219,Uganda Standard Gauge Railway,2,Uganda Standard Gauge Railway,14860,17143.0,0,86.7,False
Q4984755,Buddo hill,2,Akasozi Buddo,3973,5111.0,0,77.7,False
Q4941427,Bondo,2,"Bondo, Yuganda",135,3232.0,0,4.2,True
Q5227874,Daudi Kintu Wasajja,2,Daudi Kintu Wasajja,6321,6179.0,0,102.3,False
Q51458117,Michael Kawooya,2,MIcheal Kawooya,1099,4074.0,0,27.0,True
Q50348562,Martin Okoth Ochola,2,Martin Okoth Ochola,7541,6010.0,0,125.5,False
Q50358655,Sabiiti Muzeyi,2,Sabiiti Muzeyi,6773,7716.0,0,87.8,False
Q4997413,Bunagana,2,"Bunagana, Yuganda",142,9993.0,0,1.4,True
Q5002003,Busobya,2,Busobya,141,3757.0,0,3.8,True
Q5122454,Citibank Uganda,2,Citibank mu Uganda,4096,4951.0,0,82.7,False
Q5162939,Conservation Through Public Health,2,Conservation Through Public Health,4769,6635.0,0,71.9,False
Q5204902,DFCU Bank,2,DFCU Bank,16438,17447.0,0,94.2,False
Q5110233,Christian Upliftment School,2,Essomero lya Christian Upliftment,659,1218.0,0,54.1,True
Q5312603,Duhaga of Bunyoro,2,Duhaga owe Bunyoro,1193,4010.0,0,29.8,True
Q5333154,Ecobank Uganda,2,Ecobank Uganda,5840,6753.0,0,86.5,False
Q5380123,Entebbe Wildlife Sanctuary,2,Ekkuumiro ly'ebisolo ly'e Entebbe,458,4898.0,0,9.4,True
Q5377366,Abner Nangwale,2,Eng Abner Nangwale,1745,3735.0,0,46.7,True
Q5384668,Equity Bank Uganda,2,Equity Bank Uganda Limited,6069,11227.0,0,54.1,False
Q5423169,Ezekiel Tenywa Wako of Busoga,2,Ezekiel Tenywa Wako owa Busoga,415,4547.0,0,9.1,True
Q50581148,Magid Kagimu,2,Magid Kagimu,5273,5265.0,0,100.2,False
Q55234995,Crystal Newman,2,Crystal Newman,3102,3841.0,0,80.8,False
Q5496485,Fred Wabwire-Mangen,2,Fred Wabwire-Mangen,7642,15179.0,0,50.3,False
Q5516824,Gagawala Wambuzi,2,Gagawala Wambuzi,1844,2415.0,0,76.4,True
Q5518245,Galdino Moro Okello,2,Galdino Moro Okello,1031,1492.0,0,69.1,True
Q5580688,Goli,2,Goli,155,5599.0,0,2.8,True
Q55065041,Joseph Musanyufu,2,Joseph Musanyufu,4735,5613.0,0,84.4,False
Q55063702,NTV Uganda,2,NTV Uganda,5188,6120.0,0,84.8,False
Q55076621,Ugandan Constitutional Conference,2,Ugandan Constitutional Conference,4521,4688.0,0,96.4,False
Q54023457,Christopher Izama Madrama,2,Christopher Izama Madrama,3372,6130.0,0,55.0,False
Q5430506,Fairland University,2,Fairland University,3312,3952.0,0,83.8,False
Q5442289,Felix Onama,2,Felix Onama,7457,5939.0,0,125.6,False
Q5482091,Francis Okello,2,Francis Okello,1038,3688.0,0,28.1,True
Q5449333,Fina Bank,2,Guaranty Trust Bank (Uganda),5791,7915.0,0,73.2,False
Q5617907,Gulu Hospital,2,Gulu Hospital,6659,6548.0,0,101.7,False
Q5617911,Gulu United FC,2,Gulu United FC,12721,14277.0,0,89.1,False
Q55584445,Kaka Bagyenda,2,Kaka Bagyenda,5824,5490.0,0,106.1,False
Q55615662,Kansai Plascon FC,2,Kansai Plascon FC,3276,4240.0,0,77.3,False
Q55711376,NBS TV,2,NBS Television (Uganda),7373,9099.0,0,81.0,False
Q55624741,National Environment Management Authority of Uganda,2,National Environment Management Authority of Uganda,2983,4742.0,0,62.9,False
Q55627149,Nyamityobora FC,2,Nyamityobora FC,2633,3931.0,0,67.0,False
Q5458060,Flavia  Nabugere Munaaba,2,Omukyala Flavia Nabugere Munaaba,1167,1241.0,0,94.0,True
Q55628363,Paidha Black Angels FC,2,Paidha Black Angels FC,2980,4855.0,0,61.4,False
Q54226255,Peninnah Kabenge,2,Peninah Kabenge,6458,6782.0,0,95.2,False
Q55636454,Uganda National Records Centre and Archives,2,Uganda National Records Centre and Archives,5458,4881.0,0,111.8,False
Q56222345,Annet Nandujja,2,Annet Nandujja,3728,4497.0,0,82.9,False
Q56247899,Apio Moro,2,Apio Moro,4483,5108.0,0,87.8,False
Q56073444,Charles Kabugo,2,Charles Kabugo,4873,5290.0,0,92.1,False
Q5729756,Henry Wako Muloki,2,Henry Wako Muloki,5305,6213.0,0,85.4,False
Q56065110,Jolly Nankunda,2,Jolly Nankunda,3253,5984.0,0,54.4,False
Q5911457,Hotel Equatoria,2,Wooteri Eqatorial,2297,4001.0,0,57.4,False
Q56824717,Christine Obbo,2,Christine Obbo,3553,6672.0,0,53.3,False
Q56616505,Grace Nakibaala,2,Grace Nakibaala,1778,2828.0,0,62.9,True
Q57293372,Joseph Ssekandi,2,Joseph Ssekandi,4133,4980.0,0,83.0,False
Q56544043,Rose Clarke Nanyonga,2,Rose Clarke Nanyonga,6230,5897.0,0,105.6,False
Q56599964,Zahara Nakiyaga,2,Zahara Nakiyaga,5330,3957.0,0,134.7,False
Q59660296,Alex Ireeta,2,Alex Ireeta,5329,5006.0,0,106.5,False
Q59660435,Andrew Kajjo,2,Andrew Kajjo,466,1344.0,0,34.7,True
Q59588502,Anthony Ochaya,2,Anthony Ochaya,10742,10554.0,0,101.8,False
Q59656216,Douglas Ogada,2,Douglas Ogada,546,1506.0,0,36.3,True
Q6006376,Imperial Bank Uganda,2,Exim Bank mu Uganda,9076,9879.0,0,91.9,False
Q59880799,Fred Nalugoda,2,Fred Nalugoda,16590,9448.0,0,175.6,False
Q6006852,Imperial Royale Hotel,2,Imperial Royale Hotel,3044,3933.0,0,77.4,False
Q59777608,Irene Ikomu,2,Irene Ikomu,9129,8793.0,0,103.8,False
Q59240295,John Sentongo,2,John Sentongo,760,1857.0,0,40.9,True
Q58416633,Justine Nakagiri Ssemwanga,2,Justine Nakagiri Ssemwanga,3431,4149.0,0,82.7,False
Q59306389,Michael Nyarwa,2,Michael Nyarwa,1931,3996.0,0,48.3,True
Q60194468,Samuel Sserunkuuma,2,Samuel Sserunkuuma,2908,4323.0,0,67.3,False
Q56278235,Soroti Secondary School,2,Soroti Secondary School,5062,5400.0,0,93.7,False
Q60643201,Abigaba Cuthbert Mirembe,2,Abigaba Cuthbert Mirembe,2291,6050.0,0,37.9,False
Q60195267,George Kabuto,2,George Kabuto,860,1338.0,0,64.3,True
Q59306376,Grace Seruwagi,2,Grace Sseruwagi,1103,2474.0,0,44.6,True
Q62530124,Hudson Mukasa,2,Hudson Mukasa,7521,5427.0,0,138.6,False
Q6087896,Israel Kibirige Ssebunya,2,Israel Kibirige Ssebunya,7942,7855.0,0,101.1,False
Q6137121,James Kazini,2,James Kazini,7339,16134.0,0,45.5,False
Q6167781,Jayesh Manek,2,Jayesh Manek,2967,6344.0,0,46.8,False
Q6177088,Jemba of Buganda,2,Jemba of Buganda,2598,2979.0,0,87.2,False
Q6180892,Jeremiah Lucas Opira,2,Jeremiah Lucas Opira,4508,4000.0,0,112.7,False
Q6199486,Jimmy Adar,2,Jimmy Adar,4396,4777.0,0,92.0,False
Q6202525,Jinja Hospital,2,Jinja Hospital,3714,9049.0,0,41.0,False
Q6203904,Jjunju of Buganda,2,Jjunju of Buganda,7614,8570.0,0,88.8,False
Q6226097,Muyingo John Chrysostom,2,John Chrysestom Muyingo,8011,11568.0,0,69.3,False
Q61873226,Apollo Makubuya,2,Apollo Makubuya,5990,8063.0,0,74.3,False
Q60745744,Basil Kiiza Bataringaya,2,Basil Kiiza Bataringaya,36626,33524.0,0,109.3,False
Q60674753,Charles Kizza,2,Charles Kizza,1034,1976.0,0,52.3,True
Q60753724,CoRSU Rehabilitation Hospital,2,CoRSU Rehabilitation Hospital,5569,7069.0,0,78.8,False
Q62067246,Egunyu Janepher Nantume,2,Egunyu Janepher Nantume,6983,7256.0,0,96.2,False
Q61746869,Fik Fameica,2,Fik Fameica,5533,8011.0,0,69.1,False
Q61642687,Zaake Francis,2,Francis Zaake,5705,7689.0,0,74.2,False
Q62001035,Michael Kawooya,2,Michael Kawooya (omusawo),5559,7002.0,0,79.4,False
Q62086772,Michael Mugabi,2,Michael Mugabi,4089,5312.0,0,77.0,False
Q60760140,Peter Odhiambo,2,"Peter Odhiambo (omukubi w’ebikonde, yazaalibwa mu 1927",1065,2166.0,0,49.2,True
Q61242613,Ponsiano Ocama,2,"Ponsiano Ocama, omuwandiisi w’ebitabo",3632,4445.0,0,81.7,False
Q60752570,Sanga Moses,2,Sanga Moses,6826,6821.0,0,100.1,False
Q60741610,Yumbe General Hospital,2,Yumbe General Hospital,4936,5714.0,0,86.4,False
Q63314320,Gad Gasatura,2,Gad Gasatura,7365,5507.0,0,133.7,False
Q6318818,Juuko of Buganda,2,Jjuuko of Buganda,3049,3287.0,0,92.8,False
Q6264555,John Wilson Nattubu Tsekoko,2,John Wilson Nattubu Tsekooko,5200,4796.0,0,108.4,False
Q63110750,Michael Kabango,2,Michael Kabango,5271,4475.0,0,117.8,False
Q63040415,Michael Etyang,2,Micheal Etyang,11824,8352.0,0,141.6,False
Q62756850,Patrick Birungi,2,Patrick Birungi,6260,6329.0,0,98.9,False
Q63004552,Wilberforce Kisamba Mugerwa,2,Wilberforce Kisamba Mugerwa,9399,8616.0,0,109.1,False
Q63257287,Ali Kiiza,2,Ali Kiiza,10257,7277.0,0,141.0,False
Q63973962,Godfrey Serunkuma Lule,2,Godfrey Serunkuma Lule,15819,19672.0,0,80.4,False
Q6343815,Kabale Hospital,2,Kabale Hospital,8770,8362.0,0,104.9,False
Q6346684,Kagulu of Buganda,2,Kagulu owa Buganda,3504,3469.0,0,101.0,False
Q6349476,Kakira Sugar Works,2,Kakira Sugar Works,11332,11232.0,0,100.9,False
Q6351855,Kale Kayihura,2,Kale Kayihura,16710,14441.0,0,115.7,False
Q6354572,Kalule,2,Kalule,149,7629.0,0,2.0,True
Q6355203,Kamaanya of Buganda,2,Kamaanya owa Buganda,9452,11012.0,0,85.8,False
Q6359099,Kampala Capital City Authority,2,Kampala Capital City Authority,10314,9917.0,0,104.0,False
Q6359106,Kampala Industrial and Business Park,2,Kampala Industrial and Business Park,201,8945.0,0,2.2,True
Q6359117,Kampala Kids League,2,Kampala Kids League,1420,3756.0,0,37.8,True
Q6359132,Kampala YMCA,2,Kampala YMCA,1837,1540.0,0,119.3,True
Q6359092,Kampala-Jinja Highway,2,Kampala–Jinja Highway,8733,11175.0,0,78.1,False
Q6405941,Kiggala of Buganda,2,Kiggala of Buganda,4155,4584.0,0,90.6,False
Q6405971,Kigulu,2,"Kigulu, Kira",159,8017.0,0,2.0,True
Q6406181,Kijura,2,Kijura,132,3521.0,0,3.7,True
Q6406200,Kikagati,2,Kikagati,153,6495.0,0,2.4,True
Q6406415,Kikulwe of Buganda,2,Kikulwe owa Buganda,3026,3780.0,0,80.1,False
Q6410030,Kimbugwe of Buganda,2,Kimbugwe of Buganda,2414,2958.0,0,81.6,False
Q63249359,Odonga Otto,2,Odonga Otto,4695,5550.0,0,84.6,False
Q6379969,Kawempe Division,2,Divizoni y'e Kawempe,707,4504.0,0,15.7,True
Q6366692,Kapir Atiira,2,Kapir Atiira,132,3936.0,0,3.4,True
Q6374012,Kasanje,2,Kasanje,131,3000.0,0,4.4,True
Q6375953,Kateregga of Buganda,2,Kateregga of Buganda,5727,6183.0,0,92.6,False
Q6380577,Kayima of Buganda,2,Kayima owa Buganda,2059,2517.0,0,81.8,False
Q6414662,Kipoi Tonny Nsubuga,2,Kipoi Tonny Nsubuga,5696,6522.0,0,87.3,False
Q6415316,Kirinnya,2,Kirinnya,155,10468.0,0,1.5,True
Q6416739,Kisizi,2,Kisiizi,169,9688.0,0,1.7,True
Q6418972,Kiyimba of Buganda,2,Kiyimba owa Buganda,2356,2613.0,0,90.2,False
Q6450630,Kyabaggu of Buganda,2,Kyabaggu of Buganda,4823,5862.0,0,82.3,False
Q6450699,Kyaliwajjala,2,Kyaliwajjala,184,9554.0,0,1.9,True
Q6450892,Kyebambe IV of Bunyoro,2,Kyebambe IV owe Bunyoro,481,2039.0,0,23.6,True
Q6374864,Kasubi hill,2,Olusozi Kasubi,5573,6383.0,0,87.3,False
Q6380553,Kayemba of Buganda,2,Ssekabaka Kayemba of Buganda,2479,2843.0,0,87.2,False
Q65049361,1962 Ugandan Independence Tournament,2,1962 Empaka z'omupiira ez'ameefuga ga Uganda.,4484,7554.0,0,59.4,False
Q6699741,Lugazi Power Station,2,Essundiro ly'amasannyalaze ery'ebbugumu ery'e Lugazi,4357,5429.0,0,80.3,False
Q65046746,Fins Medical University,2,Fins Medical University,4054,5362.0,0,75.6,False
Q65048620,Ibrahim Mukiibi,2,Ibrahim Mukiibi,4881,9821.0,0,49.7,False
Q65048056,Jack Maumbe Mukhwana,2,Jack Maumbe Mukhwana,3452,5374.0,0,64.2,False
Q64762067,Kenneth Kiyemba,2,Kenneth Kiyemba,8803,4183.0,0,210.4,False
Q6503014,Law Development Centre,2,Law Development Centre,7420,9823.0,0,75.5,False
Q6529449,Les Ebdon,2,Les Ebdon,8313,8024.0,0,103.6,False
Q65499922,Lillian Zawedde,2,Lillian Zawedde,5819,5356.0,0,108.6,False
Q65588628,Mary Cholhok Nuba,2,Mary Cholhok Nuba,4722,9716.0,0,48.6,False
Q64746226,Michael Chibita,2,"Michael Chibita, omuwandiisi w’ebitabo",4499,5783.0,0,77.8,False
Q64748622,Michael Kintu,2,Michael Kintu,5130,7138.0,0,71.9,False
Q65048259,Moses Muhangi,2,Moses Muhangi,7100,7998.0,0,88.8,False
Q65061857,Nambi,2,Nambi (enfumo) .,13348,11146.0,0,119.8,False
Q65082212,Katuna–Muko Road,2,Oluguudo lwa Katuna–Muko,534,5403.0,0,9.9,True
Q64759951,list of ministers of justice and constitutional affairs of Uganda,2,Olukalala lw'abaminisita b'amateeka ne Ssemateeka wa Uganda,8809,9035.0,0,97.5,False
Q64759950,list of ministers of internal affairs of Uganda,2,Olukalala lw'abaminisita b'ensonga z'omunda mu Ggwanga Yuganda,8544,9808.0,0,87.1,False
Q64746587,Peter James Nkambo Mugerwa,2,Peter James Nkambo Mugerwa,8111,8489.0,0,95.5,False
Q64781743,Polly Namaye,2,Polly Namaye,7557,6943.0,0,108.8,False
Q65971455,Selina Katumba,2,Selina Katumba,6152,7103.0,0,86.6,False
Q65452511,Christopher  Sembuya,2,Sembuya Christopher Columbus,5902,0.0,0,,False
Q67312720,Ben Mary Muwanga,2,Ben Mary Muwanga,4284,5198.0,0,82.4,False
Q67197330,Betty Kizza,2,Betty Kizza,1454,3060.0,0,47.5,True
Q6695059,Rubaga Division,2,Divizoni y'e Rubaga,4799,2340.0,0,205.1,False
Q6799592,Mbale Hospital,2,Eddwaliro ly'e Mbale,4706,5973.0,0,78.8,False
Q67197329,Jesca Achan,2,Jesca Achan,2617,1941.0,0,134.8,False
Q67197323,Joan Nampungu,2,Joan Nampungu,3099,3086.0,0,100.4,False
Q67196959,Lilian Ajio,2,Lilian Ajio,2190,1794.0,0,122.1,False
Q6695337,Lubiri,2,Lubiri,8939,9102.0,0,98.2,False
Q6699743,Lugazi University,2,Lugazi University,4827,5482.0,0,88.1,False
Q6724290,Mackay Memorial College,2,Mackay Memorial College,5174,4600.0,0,112.5,False
Q6753788,Mapeera House,2,Mapeera House,3447,6095.0,0,56.6,False
Q6768406,Mark Kiyimba,2,Mark Kiyimba,3256,7540.0,0,43.2,False
Q6794350,Mawanda of Buganda,2,Mawanda of Buganda,7205,6722.0,0,107.2,False
Q67197319,Muhayimina Namuwaya,2,Muhayimina Namuwaya,1366,1628.0,0,83.9,True
Q6634268,list of political parties in Uganda,2,Olukalala lw'ebibiina by'obufuzi mu Uganda,4899,5690.0,0,86.1,False
Q67196952,Stella Nanfuka,2,Stella Nanfuka,1957,2073.0,0,94.4,True
Q6928281,Mpindi clan,2,Ekika ky'eMpindi,3791,4996.0,0,75.9,False
Q6978490,National Social Security Fund,2,Ekitongole kya National Social Security Fund (Uganda),12796,18814.0,0,68.0,False
Q6913297,Moroto Hospital,2,Moroto Hospital,7088,6589.0,0,107.6,False
Q6926260,Moustafa Ahmed Shebto,2,Moustafa Ahmed Shebto,441,1697.0,0,26.0,True
Q6933580,Mukotani Rugyendo,2,Mukotani Rugyendo,1248,1877.0,0,66.5,True
Q6934319,Mulondo of Buganda,2,Mulondo of Buganda,2543,3239.0,0,78.5,False
Q6943774,Mutebi I of Buganda,2,Mutebi I owa Buganda,2950,2998.0,0,98.4,False
Q6944303,Muyanja Mbabaali,2,Muyanja Mbabaali,6504,14142.0,0,46.0,False
Q6944665,Mwanga I of Buganda,2,Mwanga I of Buganda,3693,4122.0,0,89.6,False
Q6953240,NC Bank Uganda,2,NCBA Bank Uganda,6396,7333.0,0,87.2,False
Q6956521,Naakulabye,2,Naakulabye,3588,8180.0,0,43.9,False
Q6960633,Nakibinge of Buganda,2,Nakibinge of Buganda,3917,5277.0,0,74.2,False
Q6961291,Namanve,2,Namanve,148,10061.0,0,1.5,True
Q6962111,Namuggala of Buganda,2,Namuggala owa Buganda,4222,4750.0,0,88.9,False
Q6983713,Ndawula of Buganda,2,Ndawula owa Buganda,5483,6525.0,0,84.0,False
Q6983720,Ndeeba,2,Ndeeba kibuga,80,4758.0,0,1.7,True
Q7070856,Nyamutukura Kyebambe III of Bunyoro,2,Nyamukutura Kyebambe III owe Bunyoro,2626,2260.0,0,116.2,False
Q7375768,Rubaga Community School,2,Essomero lya Rubaga Community,1752,2014.0,0,87.0,True
Q7375770,Rubaga Hospital,2,Lubaga Hospital,3984,6372.0,0,62.5,False
Q6831792,Michael Kawalya Kagwa,2,Michael Kawalya Kagwa,556,3975.0,0,14.0,True
Q6832006,Michael Kyomya,2,Michael Kyomya,1365,5446.0,0,25.1,True
Q6828330,Michael B. Nsimbi,2,Micheal B. Nsimbi,3748,3518.0,0,106.5,False
Q7059091,Northern Ugandan Social Action Fund,2,Northern Ugandan Social Action Fund,3365,843.0,0,399.2,False
Q7146909,Patrick Kayemba,2,Patrick Kayemba,1726,2710.0,0,63.7,True
Q7152719,Paul Ngologoza,2,Paul Ngologoza,901,4928.0,0,18.3,True
Q7176147,Peter Nyombi,2,Peter Nyombi,7062,8345.0,0,84.6,False
Q7378662,Ruhinda of Ankole,2,Ruhinda ow’e Ankole,781,9369.0,0,8.3,True
Q7380808,Rushere,2,Rushere,133,5310.0,0,2.5,True
Q69778305,Andrew Mukooza,2,Andrew Mukooza,11625,13277.0,0,87.6,False
Q68144181,Beenie Gunter,2,Beenie Gunter,16187,15773.0,0,102.6,False
Q72394455,Elly N. Sabiiti,2,Elly Sabiiti,13512,13691.0,0,98.7,False
Q7090795,African flute,2,Omukuli,1239,1529.0,0,81.0,True
Q7090813,Omwony Ojwok,2,Omwony Ojwok,935,5210.0,0,17.9,True
Q7262176,Paranga,2,Putanga,129,423.0,0,30.5,True
Q7262473,"Putti, Uganda",2,Putti,273,3430.0,0,8.0,True
Q7403915,Saleh Kamba,2,Saleh Kamba,1406,11041.0,0,12.7,True
Q73763376,Vinand Nantulya,2,Vinand Nantulya,8258,8782.0,0,94.0,False
Q7634782,Sugar Corporation of Uganda Limited,2,Ekitongole kya Sugar Corporation ekya Uganda Limited,3924,5948.0,0,66.0,False
Q7417487,Sandy Stevens Tickodri-Togboa,2,Sandy Stevens Tickodri-Togboa,2183,3982.0,0,54.8,False
Q7460015,Shaban Bantariza,2,Shaban Bantariza,7389,8518.0,0,86.7,False
Q7558703,Solomon Male,2,Solomon Male,9132,14001.0,0,65.2,False
Q7447130,Sekamaanya of Buganda,2,Ssekamanya of Buganda,1992,2587.0,0,77.0,True
Q7448997,Semakookiro of Buganda,2,Ssemakookiro of Buganda,5509,6243.0,0,88.2,False
Q7591350,St. Peter's College Tororo,2,St. Peter's College Tororo,3952,4178.0,0,94.6,False
Q7599828,Stanley Ntagali,2,Stanley Ntagali,7977,10283.0,0,77.6,False
Q7877588,Uganda Clays Limited,2,Uganda Clays Limited,10313,10712.0,0,96.3,False
Q7877591,Uganda Development Corporation,2,Uganda Development Corporation,13618,15727.0,0,86.6,False
Q7877615,Uganda National Contemporary Ballet,2,Uganda National Contemporary Ballet,3560,2927.0,0,121.6,False
Q7877627,Uganda Revenue Authority,2,Uganda Revenue Authority,9713,11813.0,0,82.2,False
Q7731802,The Eliezah Foundation Initiative Uganda,2,Eliezah Foundation Initiative Uganda,3380,6387.0,0,52.9,False
Q7638738,Suna II of Buganda,2,Ssuuna II of Buganda,10465,9511.0,0,110.0,False
Q76453554,Sylvia Namutebi,2,Sylvia Namutebi,4946,5594.0,0,88.4,False
Q7692016,Tebandeke of Buganda,2,Tebandeke of Buganda,3157,3862.0,0,81.7,False
Q7815151,Butime Tom,2,Tom Butime,4874,5694.0,0,85.6,False
Q7838817,Tress Bucyanayandi,2,Tress Bucyanayandi,4661,5540.0,0,84.1,False
Q7850457,Ttembo of Buganda,2,Ttembo owa Buganda,3048,2676.0,0,113.9,False
Q7865288,UNIFAT,2,UNIFAT,1909,2083.0,0,91.6,True
Q8015909,William Mukama,2,William Mukama,2673,2602.0,0,102.7,False
Q8072778,Ziroobwe,2,Ziroobwe,155,5195.0,0,3.0,True
Q79388844,Ali Ngaimoko,2,Ali Ngaimoko,1095,2099.0,0,52.2,True
Q78326454,Charles Okidi,2,Charles Okidi,3908,3971.0,0,98.4,False
Q80321415,Clive Okoth,2,Clive Okoth,4650,5598.0,0,83.1,False
Q76854884,Dorrys Mutahunga,2,Dorrys Mutahunga,4114,5134.0,0,80.1,False
Q83166827,Emma Mutebi,2,Emma Mutebi,2137,3203.0,0,66.7,False
Q77586230,Francis Takirwa,2,Francis Takirwa,3299,4604.0,0,71.7,False
Q78714702,Isaac Lumago,2,Isaac Lumago,9222,13712.0,0,67.3,False
Q84755125,Kafuuzi Jackson Karugaba,2,Jackson Kafuuzi,7732,6927.0,0,111.6,False
Q84925001,James P. M. Ntozi,2,James P. M. Ntozi,15160,14315.0,0,105.9,False
Q80640735,Kenneth Kimuli,2,Kenneth Pablo Kimuli,24440,25434.0,0,96.1,False
Q83960137,Naomi Karungi,2,Naomi Karungi,5204,7884.0,0,66.0,False
Q84598866,Theodore Ssekikubo,2,Theodore Ssekikubo,1893,5294.0,0,35.8,True
Q76611505,Zeddy Maruru,2,Zeddy Maruru,8991,11872.0,0,75.7,False
Q85511499,Fresh Kid Uganda,2,Fresh Kid Uganda,3958,4838.0,0,81.8,False
Q83784639,Geoffrey Tumusiime,2,Geoffrey Tumusiime,2888,3913.0,0,73.8,False
Q85001860,Jeninah Karungi,2,Jeninah Karungi,2989,3974.0,0,75.2,False
Q85774756,Koch-Goma,2,Koch-Goma,1256,5030.0,0,25.0,True
Q88065614,Mouhammad Mpezamihigo,2,Mouammad Mpezamihigo,8573,9189.0,0,93.3,False
Q84991115,Nakanyike B. Musisi,2,Nakanyike B. Musisi,12487,13190.0,0,94.7,False
Q86073367,Lobule Refugee Settlement,2,Okusenga Kw'abundabunda Mu Lobule,2516,4232.0,0,59.5,False
Q96402220,Robert Mugabe Kakyebezi,2,Robert Mugabe Kakyebezi,6843,6362.0,0,107.6,False
Q86445289,Shafiq Arain,2,Shafiq Arain,883,2374.0,0,37.2,True
Q87758418,Sheldon Mwesigwa,2,Sheldon Mwesigwa,666,8463.0,0,7.9,True
Q85802896,St. Joseph's College Layibi,2,St. Joseph's College Layibi,4405,6033.0,0,73.0,False
Q86757130,Uganda Police Band,2,Uganda Police Band,13095,7441.0,0,176.0,False
Q94970375,Aloysius Bugingo,2,Aloysius Bugingo,31348,17254.0,0,181.7,False
Q91272577,Annet Kirabo,2,Annet Kirabo,3490,3933.0,0,88.7,False
Q90020357,Asaba Ruyonga,2,Asaba Ruyonga,3547,3442.0,0,103.1,False
Q88693404,Eddie Wizzy,2,Eddie Wizzy,6386,5618.0,0,113.7,False
Q95113865,Elizabeth Ibanda–Nahamya,2,Elizabeth Ibanda-Nahamya,3999,5311.0,0,75.3,False
Q94444841,Fred Mwesigye,2,Fred Mwesigye,5249,6964.0,0,75.4,False
Q95976177,John Musinguzi Rujoki,2,John Musinguzi Rujoki,4440,5670.0,0,78.3,False
Q91031189,Lynnette Kyokunda,2,Lynnette Tumwine Kyokunda nga ye muyimbi,5307,5361.0,0,99.0,False
Q89876044,Mawanda Michael Maranga,2,Michael Mawanda,3527,14160.0,0,24.9,False
Q90924025,Milly Mugeni,2,Milly Mugeni,1461,3823.0,0,38.2,True
Q89017512,Misaeri Kauma,2,Misaeri Kauma,891,5212.0,0,17.1,True
Q95451495,Mwine Mpaka Rwamirama,2,Mwine Mpaka Rwamirama,4731,6198.0,0,76.3,False
Q96286617,Adam Mugume,2,Adam Mugume,5916,6214.0,0,95.2,False
Q96373063,Bands of the Uganda People's Defence Force,2,Bands of the Uganda People's Defence Force,10882,8923.0,0,122.0,False
Q96107310,Caroline Asiimwe,2,Caroline Asiimwe,4128,5730.0,0,72.0,False
Q96100313,Eric Sakwa,2,Eric Sakwa,3318,4176.0,0,79.5,False
Q97275451,MYDA FC,2,MYDA FC,617,2438.0,0,25.3,True
Q97457678,Nkulanga Enock,2,Nkulanga Enock,9109,5939.0,0,153.4,False
Q96359589,100.2 Fm Radio West,2,Radio West (Uganda),1868,3204.0,0,58.3,True
Q96347335,Robert Mwanga,2,Robert Mwanga,7930,10796.0,0,73.5,False
Q98098787,Alex Mukulu,2,Alex Mukulu,3637,5481.0,0,66.4,False
Q97015199,Ali Fadhul,2,Ali Fadhul,20571,18359.0,0,112.0,False
Q99421388,Esther Nabaasa,2,Esther Nabaasa,3151,4725.0,0,66.7,False
Q96958851,Faridah Nambi,2,Faridah Nambi,3746,8844.0,0,42.4,False
Q99197320,Gabriel K,2,Gabriel K,6531,9091.0,0,71.8,False
Q99002997,Joseph Kalias Ekemu,2,Joseph Ekemu,6892,6850.0,0,100.6,False
Q98081572,Lawrence Mulindwa,2,Lawrence Mulindwa,5606,8719.0,0,64.3,False
Q97062217,Phionah Atuhebwe,2,Phionah Atuhebwe,7697,7877.0,0,97.7,False
Q96676330,Samson Kasumba,2,Samson Kasumba,5630,6108.0,0,92.2,False
Q96623204,Wilson Tumwine,2,Wilson Tumwine,505,2015.0,0,25.1,True
Q106558183,Lynda Ddane,1,Lynda Ddane,1189,0.0,0,,True
Q111434014,Pinky (musician),1,Rahmah Pinky,2673,0.0,0,,False
Q111534595,Karol Kasita,1,Karole Kasiita,1309,0.0,0,,True
Q113130236,Minister of Internal Affairs,1,Minisita w’ensonga z’omunda mu ggwanga,1122,0.0,0,,True
Q116378798,Carol Nantongo,1,Carol Nantongo,8218,0.0,0,,False
Q118383331,Mesach Semakula,1,Mesach Semakula,9012,0.0,0,,False
Q123469201,Charles Barugahare,1,Charles Barugahare,5323,0.0,0,,False
Q124069379,Coopy Bly,1,Coopy Bly,5982,0.0,0,,False
Q130669244,Abu Kawenja,1,Abu Kawenja,2333,0.0,0,,False
Q131054938,Moses Okabo Aliro,1,Moses Aliro,3595,0.0,0,,False
Q130640738,Ruth Wanyana,1,Ruth Wanyana,3165,0.0,0,,False
Q136734666,Viola Nimuhamya,1,Viola Nimuhamya,3880,0.0,0,,False
Q141245311,Asaba Jumah,1,Asaba Jumah,8228,0.0,0,,False
Q136949833,,1,Buddo,263,0.0,0,,True
Q136865193,Anna Makula,1,Anna Makula,1797,0.0,0,,True
Q138465537,Kid Fox,1,Kid Fox,3523,0.0,0,,False
Q139541037,Mun G,1,Mun G,6517,0.0,0,,False
Q139207676,Kyakapeya,1,Kyakapeya,2255,0.0,0,,False
Q22935734,Ray Signature,1,Ray Signature,7927,0.0,0,,False
Q25704987,Cineplex Cinema,1,Cineplex Cinema,109,0.0,0,,True
Q27244641,Kalidi Batuusa,1,Kalidi Batuusa,504,0.0,0,,True
Q31829417,,1,Ebyobufuna bya Buganda eyedda(the Political economy of precolonial Uganda),28124,0.0,0,,False
Q61241012,Ugandans,1,Munnayuganda,114,0.0,0,,True
Q65452070,Balubaale,1,Balubaale(the Departed Thinkers/Wisepersons of Buganda),1593,0.0,0,,True
Q65452533,Ssekalowooleza Kayikuuzi,1,Ssekalowooleza Kayikuuzi,284,0.0,0,,True
Q97272133,,1,Abakulembeze ba Uganda,2677,0.0,0,,False
Q97272125,,1,Prime Minister wa Uganda,1199,0.0,0,,True
Q97272128,,1,Pulezidenti Commission wa Uganda,228,0.0,0,,True
Q97704150,Radio One FM,1,Radio One FM,1311,0.0,0,,True
Q96481416,Shanita Namuyimba,1,Shanita Namuyimbwa,5644,0.0,0,,False
