qitem,label,sitelink_count,local_title,local_bytes,ref_bytes,views,completeness,is_stub
Q28034971,,85,Zohran Mamdani,1964,143035.0,3507616,1.4,True
Q9682,Elizabeth II,255,Elizabeth II,3800,200125.0,3445552,1.9,False
Q974,Democratic Republic of the Congo,333,Jamhuri ya Kidemokrasia ya Kongo,52809,235039.0,1990179,22.5,False
Q1860,English,396,Kiingereza,10864,207251.0,1544780,5.2,False
Q48231,Idi Amin,113,Idi Amin,14606,133694.0,911113,10.9,False
Q10853588,,192,Kamala Harris,3102,245016.0,897933,1.3,False
Q33,Finland,403,Ufini,11415,263453.0,893868,4.3,False
Q1036,Uganda,312,Uganda,14374,213748.0,704340,6.7,False
Q114,Kenya,336,Kenya,76068,219624.0,607586,34.6,False
Q723502,Mahmood Mamdani,24,Mahmood Mamdani,2041,51390.0,590765,4.0,False
Q1009,Cameroon,313,Kamerun,13295,134769.0,583366,9.9,False
Q3392,Nile,245,Nile,6057,184022.0,401934,3.3,False
Q1006,Guinea,301,Gine,5775,121990.0,365958,4.7,False
Q57274,Yoweri Museveni,90,Yoweri Kaguta Museveni,3963,146750.0,286354,2.7,False
Q104419,Joseph Kony,55,Joseph Kony,14741,55260.0,262646,26.7,False
Q9124,Eliud Kipchoge,56,Eliud Kipchoge,5370,111484.0,262203,4.8,False
Q3894,Kampala,183,Kampala,3979,79115.0,207562,5.0,False
Q193092,Tutsi,68,Watutsi,1045,38286.0,167713,2.7,True
Q23538,equator,164,Ikweta,740,34190.0,164530,2.2,True
Q5505,Lake Victoria,161,Ziwa Viktoria,24158,81218.0,153014,29.7,False
Q7838,Swahili,209,Kiswahili,18158,96685.0,148952,18.8,False
Q195725,William Ruto,59,William Ruto,8657,87755.0,121006,9.9,False
Q210069,Milton Obote,66,Milton Obote,4239,33235.0,112305,12.8,False
Q81591,Great Rift Valley,87,Bonde Kuu la Ufa,5031,22625.0,96982,22.2,False
Q202465,Uganda–Tanzania War,37,Vita vya Kagera,2561,137879.0,86632,1.9,False
Q876206,1998 United States embassy bombings,33,Mashambulio ya kigaidi ya 7 Agosti 1998 katika Afrika ya Mashariki,4045,45214.0,83830,8.9,False
Q87982,African Great Lakes,92,Nchi za Maziwa Makuu,1345,14557.0,73527,9.2,True
Q26455795,Jacob Kiplimo,26,Jacob Kiplimo,1387,30179.0,64696,4.6,True
Q473748,Buganda,42,Buganda,3699,95138.0,63491,3.9,False
Q46795,Wangari Muta Maathai,125,Wangari Maathai,3217,76642.0,59142,4.2,False
Q18389553,Mayur Madhvani,5,Mayur Madhvani,964,5778.0,55388,16.7,True
Q4935806,Bobi Wine,26,Bobi Wine,4304,69729.0,52353,6.2,False
Q4814791,White Nile,89,Nile Nyeupe,2305,18469.0,49323,12.5,False
Q196070,Uhuru Kenyatta,68,Uhuru Kenyatta,8939,120782.0,47191,7.4,False
Q242845,Uganda men's national football team,56,Timu ya taifa ya kandanda ya Uganda,4072,54499.0,44712,7.5,False
Q302910,Ngũgĩ wa Thiong'o,84,Ngũgĩ wa Thiong'o,15257,75043.0,43531,20.3,False
Q17403005,Joshua Cheptegei,42,Joshua Cheptegei,1979,36461.0,42463,5.4,True
Q586065,Entebbe International Airport,40,Uwanja wa Ndege wa Kimataifa wa Entebbe,6462,61348.0,41049,10.5,False
Q33573,Kinyarwanda,91,Kinyarwanda,1045,24522.0,39558,4.3,True
Q1429374,Florence Kasumba,32,Florence Kasumba,5283,11107.0,32594,47.6,False
Q1568935,Migingo Island,25,Kisiwa cha Migingo,11629,16938.0,31210,68.7,False
Q56932,Kalenjin people,36,Wakalenjin,6601,160961.0,30494,4.1,False
Q33368,Luganda,64,Kiganda,1575,94090.0,30158,1.7,True
Q376073,Tito Okello,31,Tito Okello,3950,7600.0,29064,52.0,False
Q8049825,Yasmin Alibhai-Brown,13,Yasmin Alibhai-Brown,3457,23963.0,29021,14.4,False
Q106540,Rwenzori Mountains,59,Safu ya Ruwenzori,1167,24701.0,28596,4.7,True
Q57291,Mwai Kibaki,65,Mwai Kibaki,10264,91219.0,27906,11.3,False
Q211970,Entebbe,61,Entebbe,4777,23682.0,27362,20.2,False
Q610057,Dedan Kimathi,19,Dedan Kimathi,13396,22086.0,27350,60.7,False
Q340581,Acholi people,37,Waacholi,3001,30678.0,27022,9.8,False
Q313318,Salif Keita,50,Salif Keïta,5594,18135.0,26751,30.8,False
Q6486904,languages of Uganda,9,Orodha ya lugha za Uganda,1536,11363.0,25567,13.5,True
Q560121,Karoli Lwanga,23,Karolo Lwanga,3986,13059.0,24358,30.5,False
Q403656,Baganda people,33,Waganda,1556,41486.0,23449,3.8,True
Q630274,Muwenda Mutebi II of Buganda,17,Ronald Muwenda Mutebi II,918,13248.0,23434,6.9,True
Q1185973,demographics of Uganda,14,Orodha ya makabila ya Uganda,819,30299.0,23339,2.7,True
Q261506,Makerere University,35,Chuo Kikuu cha Makerere,4744,45446.0,21464,10.4,False
Q1094107,Uganda Martyrs,17,Wafiadini wa Uganda,8316,39525.0,21072,21.0,False
Q500115,Uganda Railway,19,Reli ya Kenya-Uganda,6226,37825.0,20913,16.5,False
Q41531378,Cenchrus purpureus,34,Mabingobingo,1189,19637.0,20752,6.1,True
Q110622354,Rogers Mato,14,Rogers Mato,2229,10822.0,20065,20.6,False
Q889897,Bunyoro,22,Ufalme wa Bunyoro,1759,43915.0,19814,4.0,True
Q3539870,district of Uganda,25,Wilaya za Uganda,13012,16491.0,19799,78.9,False
Q127327345,Kabaka,16,Kabaka,4078,12434.0,19545,32.8,False
Q47494765,Rigathi Gachagua,10,Rigathi Gachagua,3281,22794.0,19437,14.4,False
Q4598,Ugandan shilling,56,Shilingi ya Uganda,3777,12828.0,19119,29.4,False
Q3658171,Phiona Mutesi,23,Phiona Mutesi,3691,18646.0,18888,19.8,False
Q221666,Mount Stanley,44,Mlima Stanley,430,5056.0,18550,8.5,True
Q21518474,Danny Keogh,9,Danny Keogh,5783,6096.0,17971,94.9,False
Q33583,Kirundi,86,Kirundi,4113,13373.0,16286,30.8,False
Q50828855,African Continental Free Trade Area,22,Eneo Huru la Biashara Afrika,1442,79859.0,16127,1.8,True
Q2395378,economy of Uganda,22,Uchumi wa Uganda,9124,51420.0,15970,17.7,False
Q433057,Godfrey Binaisa,28,Godfrey Binaisa,1192,10583.0,15956,11.3,True
Q501709,Jinja,55,Jinja,586,35824.0,15815,1.6,True
Q5069763,Jose Chameleone,8,Jose Chameleone,6281,17576.0,15647,35.7,False
Q500397,Bwindi Impenetrable National Park,47,Hifadhi ya Taifa ya Bwindi,1317,24264.0,15451,5.4,True
Q500107,Fort Portal,32,Fort Portal,3747,15476.0,14891,24.2,False
Q1740785,Kibale National Park,26,Hifadhi ya Taifa ya Kibale,1076,15154.0,14683,7.1,True
Q153557,Kakwa people,11,Wakakwa,948,13567.0,14225,7.0,True
Q24250414,Esteri Tebandeke,12,Esteri Tebandeke,4028,12287.0,14070,32.8,False
Q538636,Ankole,26,Wanyankole,2384,22084.0,13782,10.8,False
Q336564,John Sentamu,21,John Sentamu,2051,50891.0,13673,4.0,False
Q732838,Mount Elgon,44,Elgon (mlima),5451,10466.0,13612,52.1,False
Q1363002,John Okello,12,John Okello,8814,15332.0,13385,57.5,False
Q102320873,Hamis Kiggundu,13,Hamis Kiggundu,868,44056.0,13015,2.0,True
Q4118193,Mandela National Stadium,24,Uwanja wa michezo wa Mandela,1688,13696.0,12785,12.3,True
Q975894,Lugbara people,13,Walugbara,1451,8573.0,12458,16.9,True
Q180261,list of cities and towns in Uganda,29,Orodha ya miji ya Uganda,10492,9741.0,12025,107.7,False
Q242051,Irshad Manji,39,Irshad Manji,4524,48384.0,11854,9.4,False
Q125888,Lake Albert,88,Ziwa Albert (Afrika),7820,17182.0,11227,45.5,False
Q1512041,history of Uganda,28,Historia ya Uganda,5984,29849.0,11030,20.0,False
Q691037,Busoga,16,Wasoga,1697,40001.0,10716,4.2,True
Q16728749,Eddy Kenzo,11,Eddy Kenzo,2820,42955.0,10605,6.6,False
Q1711917,Julia Sebutinde,19,Julia Sebutinde,2480,25753.0,10564,9.6,False
Q823946,Northwest,48,"Mkoa wa Kaskazini-Magharibi, Kamerun",428,18043.0,10501,2.4,True
Q1026465,Kadaga Rebecca Alitwala,27,Rebecca Kadaga,808,20151.0,10265,4.0,True
Q309426,Kasubi Tombs,57,Kasubi,2017,16877.0,10138,12.0,False
Q6873258,Miria Matembe,11,Miria Matembe,2250,10557.0,10120,21.3,False
Q2750140,Kagera River,65,Mto Kagera,7152,11500.0,9999,62.2,False
Q82373,Islam in Uganda,11,Uislamu nchini Uganda,2224,15405.0,9764,14.4,False
Q1908107,matatu,13,Matatu,1750,24994.0,9733,7.0,True
Q731039,Mbarara City,44,Mbarara,1151,30796.0,9416,3.7,True
Q3335223,Nairobi City County,22,Kaunti ya Nairobi,5549,22325.0,9311,24.9,False
Q740847,Denis Onyango,19,Denis Onyango,3330,20243.0,9029,16.5,False
Q15999159,Muljibhai Madhvani,5,Muljibhai Madhvani,993,9820.0,8611,10.1,True
Q3076685,region of Uganda,17,Mikoa ya Uganda,1245,5284.0,8433,23.6,True
Q108570,Coat of arms of Uganda,37,Nembo ya Uganda,1581,5737.0,8323,27.6,True
Q6644405,list of universities in Uganda,6,Orodha ya Vyuo Vikuu nchini Uganda,2499,25271.0,8163,9.9,False
Q1395043,Janani Luwum,16,Janani Luwum,4982,12362.0,8127,40.3,False
Q1154617,politics of Uganda,14,Siasa ya Uganda,5203,20504.0,8102,25.4,False
Q581379,Gulu City,48,Gulu,795,21328.0,8097,3.7,True
Q21759,Winnie Byanyima,28,Winnie Byanyima,10809,16974.0,7997,63.7,False
Q15060544,Pione Sisto,39,Pione Sisto,468,27813.0,7948,1.7,True
Q2597300,Bundibugyo,13,Bundibugyo,1076,11317.0,7745,9.5,True
Q3295164,Martha Karua,18,Martha Karua,8985,26127.0,7628,34.4,False
Q30061488,boda boda,15,Boda boda,6461,13040.0,7522,49.5,False
Q1273334,Langi people,17,Walango,2311,15891.0,7518,14.5,False
Q25226975,East African Crude Oil Pipeline,7,Bomba la mafuta ghafi la Uganda –Tanzania,10465,49657.0,7426,21.1,False
Q24572616,Aceng Jane Ruth Ocero,14,Jane Aceng,3142,26581.0,7280,11.8,False
Q530084,Queen Elizabeth National Park,33,Hifadhi ya Taifa ya Malkia Elizabeth,2757,14872.0,7208,18.5,False
Q6378429,Katumba Wamala Edward,6,Katumba Wamala,2441,18438.0,6972,13.2,False
Q202353,Alur people,16,Waalur,929,20879.0,6822,4.4,True
Q2575594,Kiambu County,22,Kaunti ya Kiambu,9683,27961.0,6790,34.6,False
Q539807,Juliana Kanyomozi,16,Juliana Kanyomozi,6492,23608.0,6686,27.5,False
Q7973731,Water scarcity in Africa,14,Uhaba wa maji barani Afrika,2178,65195.0,6684,3.3,False
Q486016,Benedicto Kiwanuka,18,Benedicto Kiwanuka,4034,8705.0,6510,46.3,False
Q125211,Lake Edward,75,Ziwa Edward,7505,16922.0,6509,44.4,False
Q1281344,Teso people,20,Wateso,436,16023.0,6462,2.7,True
Q3637341,Bebe Cool,10,Bebe Cool,4091,21071.0,6434,19.4,False
Q115110885,Rebecca Cheptegei,32,Rebecca Cheptegei,1100,21083.0,6419,5.2,True
Q1060862,Ssese Islands,23,Visiwa vya Ssese,556,9037.0,6385,6.2,True
Q1362129,Bundibugyo District,19,Wilaya ya Bundibugyo,1388,6393.0,6355,21.7,True
Q976848,Wakiso District,25,Wilaya ya Wakiso,1374,9132.0,6349,15.0,True
Q185549,Karamojong people,17,Wakaramojong,4985,12731.0,6328,39.2,False
Q15045704,Meru County,24,Kaunti ya Meru,7965,17956.0,6278,44.4,False
Q1852202,Nakuru County,22,Kaunti ya Nakuru,3492,18818.0,6141,18.6,False
Q96270510,John Blaq,6,John Blaq,5141,14822.0,6081,34.7,False
Q500111,Arua,30,Arua,1003,19652.0,6030,5.1,True
Q1015727,Mbale City,33,"Mbale, Uganda",729,15341.0,5997,4.8,True
Q124978,Lake Kyoga,51,Ziwa Kyoga,4236,9059.0,5917,46.8,False
Q2559188,Western Region,38,Mkoa wa Magharibi (Uganda),532,15449.0,5916,3.4,True
Q455244,Alice Auma Lakwena,16,Alice Lakwena,2441,8955.0,5848,27.3,False
Q110193,"Oh Uganda, Land of Beauty",47,"Oh Uganda, Land of Beauty",1184,12446.0,5505,9.5,True
Q4591759,Andrew Mwenda,9,Andrew Mwenda,6768,17288.0,5294,39.1,False
Q3463928,Saint Kizito,12,Kizito,3410,3728.0,5188,91.5,False
Q429685,Central Region,37,Mkoa wa Kati (Uganda),4276,7134.0,5138,59.9,False
Q351514,Adamawa,53,Mkoa wa Adamawa,454,40054.0,5117,1.1,True
Q18719341,Cindy Sanyu,9,Cindy Sanyu,1565,12988.0,5097,12.0,True
Q7877679,Ugandan cuisine,14,Vyakula vya Uganda,1314,9174.0,5081,14.3,True
Q2559686,Northern Region,37,"Mkoa wa Kaskazini, Uganda",5761,7181.0,5057,80.2,False
Q24577229,Madina Nalwanga,14,Madina Nalwanga,5925,6965.0,5036,85.1,False
Q956659,Masaka,25,Masaka (Uganda),1083,21454.0,5024,5.0,True
Q913737,Geoffrey Oryema,22,Geoffrey Oryema,2064,9857.0,5018,20.9,False
Q83614709,Vanessa Nakate,41,Vanessa Nakate,2017,29420.0,5016,6.9,False
Q3052823,Emmanuel Okwi,17,Emmanuel Okwi,989,21458.0,5000,4.6,True
Q976859,Nakasongola District,20,Wilaya ya Nakasongola,1386,4840.0,4888,28.6,True
Q918295,Emmanuel Wamala,26,Emmanuel Wamala,678,10732.0,4883,6.3,True
Q1010056,Lake Bunyonyi,20,Ziwa Bunyonyi,1774,11335.0,4881,15.7,True
Q1207825,Tororo,25,Tororo,1015,19591.0,4853,5.2,True
Q22935831,Alan Kasujja,5,Alan Kasujja,825,4649.0,4829,17.7,True
Q2230311,Kirinyaga County,22,Kaunti ya Kirinyaga,4794,11372.0,4769,42.2,False
Q1708650,Josiah Mwangi Kariuki,5,Josiah Mwangi Kariuki,3910,15378.0,4685,25.4,False
Q6960652,Nakivubo Stadium,12,Uwanja wa michezo wa Nakivubo,6329,23893.0,4447,26.5,False
Q1232016,Kasese,27,Kasese,2875,15044.0,4363,19.1,False
Q1015699,Lira,35,"Lira, Uganda",1055,18693.0,4324,5.6,True
Q8059291,youth empowerment,7,Uwezeshaji wa vijana,3694,30739.0,4322,12.0,False
Q26251805,Bevis Mugabi,15,Bevis Mugabi,1213,17905.0,4295,6.8,True
Q54233287,Agnes Nandutu,7,Agnes Nandutu,3738,15694.0,4262,23.8,False
Q16707038,Tooro people,10,Watooro,708,9629.0,4248,7.4,True
Q5968234,Philly Lutaaya,8,Philly Lutaaya,357,7167.0,4244,5.0,True
Q34926,Acholi,30,Kiacholi,880,7648.0,4232,11.5,True
Q35042,Bari,18,Kibari,853,6901.0,4195,12.4,True
Q24565855,Monica Azuba Ntege,10,Monica Azuba Ntege,4088,8857.0,4142,46.2,False
Q637228,Kalenjin,13,Kikalenjin,1513,8539.0,4077,17.7,True
Q1905026,Madi people,12,Wamadi,2080,53845.0,4077,3.9,False
Q804474,Konjo people,16,Wakonjo,1213,64776.0,4068,1.9,True
Q372259,John Akii-Bua,32,John Akii-Bua,730,11414.0,4034,6.4,True
Q1273335,Mount Elgon National Park,20,Hifadhi ya Taifa ya Mlima Elgon,1130,12760.0,3976,8.9,True
Q799929,Gisu people,11,Wagisu,4703,10425.0,3965,45.1,False
Q493271,East African Breweries,9,East African Breweries,7272,23721.0,3946,30.7,False
Q1624192,Hoima,24,Hoima,1368,19441.0,3914,7.0,True
Q16223205,Khalid Aucho,14,Khalid Aucho,1471,23524.0,3898,6.3,True
Q165784,West,45,"Mkoa wa Magharibi, Kamerun",420,34402.0,3742,1.2,True
Q965956,Nansana,20,Nansana,893,8670.0,3715,10.3,True
Q2559220,Eastern Region,41,Mkoa wa Mashariki (Uganda),531,7418.0,3662,7.2,True
Q19957755,Farouk Miya,20,Farouk Miya,2063,14289.0,3609,14.4,False
Q749665,Nyeri County,23,Kaunti ya Nyeri,5134,13866.0,3601,37.0,False
Q3272737,Lugbarati,11,Kilugbara,922,15442.0,3596,6.0,True
Q502341,North,44,"Mkoa wa Kaskazini, Kamerun",420,45240.0,3532,0.9,True
Q2649391,Rakai,12,Rakai,1023,9796.0,3528,10.4,True
Q470632,Savio Nsereko,17,Savio Nsereko,7048,26155.0,3507,26.9,False
Q29390046,Stella Nyanzi,13,Stella Nyanzi,3962,32260.0,3482,12.3,False
Q16935180,Rema Namakula,9,Rema Namakula,1831,9798.0,3478,18.7,True
Q838928,Rwenzori Mountains National Park,46,Hifadhi ya Taifa ya Milima ya Rwenzori,2079,8526.0,3453,24.4,False
Q4742276,Kyambadde Amelia Anne,14,Amelia Kyambadde,882,8457.0,3402,10.4,True
Q3007250,culture of Uganda,5,Utamaduni wa Uganda,4095,17252.0,3380,23.7,False
Q18349252,Herman Basudde,5,Herman Basudde,3438,9708.0,3355,35.4,False
Q2821818,Abraham Chepkirwok,8,Abraham Chepkirwok,736,6857.0,3311,10.7,True
Q17009782,East African mountains,7,Milima ya Ufa Mashariki,3892,3036.0,3300,128.2,False
Q19609598,Evelyn Anite,8,Evelyn Anite,3773,20452.0,3276,18.4,False
Q16886393,Anne Waiguru,8,Anne Waiguru,4574,16471.0,3275,27.8,False
Q24577238,Robert Katende,5,Robert Katende,1334,10890.0,3249,12.2,True
Q179198,Mukono,22,Mukono,1413,7512.0,3238,18.8,True
Q26838082,Peruth Chemutai,36,Peruth Chemutai,1499,14138.0,3233,10.6,True
Q636655,Mgahinga Gorilla National Park,25,Hifadhi ya Taifa ya Gorilla Mgahinga,1775,6417.0,3231,27.7,True
Q889688,Kabarega of Bunyoro,6,Kabalega wa Bunyoro,2464,5692.0,3230,43.3,False
Q544606,Specioza Kazibwe,21,Specioza Kazibwe,4952,10907.0,3194,45.4,False
Q18764172,Judith Babirye,7,Judith Babirye,5836,9225.0,3186,63.3,False
Q29569942,Bidi Bidi Refugee Settlement,6,Makazi ya Wakimbizi ya Bidi Bidi,4307,22131.0,3165,19.5,False
Q35670,Lango,11,Kilango (Uganda),805,5456.0,3154,14.8,True
Q591283,Lake Mburo National Park,23,Hifadhi ya Taifa ya Ziwa Mburo,2303,9792.0,3141,23.5,False
Q588930,Kabale,23,Kabale,1128,14367.0,3071,7.9,True
Q938145,Ntungamo,15,Ntungamo,1086,11246.0,3066,9.7,True
Q1740874,Kidepo Valley National Park,22,Hifadhi ya Taifa ya Bonde la Kidepo,1280,21848.0,3036,5.9,True
Q3270727,Kiga,15,Kichiga (lugha),833,6227.0,3011,13.4,True
Q867219,Kalangala District,28,Wilaya ya Kalangala,1367,11192.0,3007,12.2,True
Q2753927,Kyambogo University,12,Chuo Kikuu cha Kyambogo,3128,11355.0,3003,27.5,False
Q13207,Runyankole,19,Kinyankore (lugha),699,9075.0,2986,7.7,True
Q56507,Alur,18,Kialur,873,5807.0,2938,15.0,True
Q845168,East,46,"Mkoa wa Mashariki, Kamerun",419,32377.0,2902,1.3,True
Q1702,Stephen Kiprotich,36,Stephen Kiprotich,1299,11985.0,2890,10.8,True
Q33784,Soga,18,Kisoga (lugha),683,20348.0,2844,3.4,True
Q118358888,Agather Atuhaire,10,Agather Atuhaire,3540,4710.0,2830,75.2,False
Q525954,Kisoro,21,Kisoro,1023,10190.0,2825,10.0,True
Q2141024,Soroti,25,Soroti,1021,20056.0,2815,5.1,True
Q37994847,Nancy Kacungira,5,Nancy Kacungira,3430,11703.0,2807,29.3,False
Q4057928,Adhola people,6,Waadhola,942,10934.0,2783,8.6,True
Q7824218,Tooro,10,Kitooro (lugha),673,48954.0,2756,1.4,True
Q966819,Kira Town,25,"Kira, Uganda",1178,23142.0,2738,5.1,True
Q7959854,Rosemary Wahu Kagwi,8,Wahu,3486,9610.0,2661,36.3,False
Q1028215,Gulu District,21,Wilaya ya Gulu,1333,6212.0,2636,21.5,True
Q19668159,Flavia Tumusiime,10,Flavia Tumusiime,800,10771.0,2636,7.4,True
Q7877608,Uganda Management Institute,8,Taasisi ya Usimamizi ya Uganda,703,6909.0,2624,10.2,True
Q16876017,Jennifer Nasubuga Makumbi,11,Jennifer Nansubuga Makumbi,4195,30149.0,2583,13.9,False
Q22007122,Bakireke Nambooze Betty,11,Betty Nambooze,1790,14232.0,2568,12.6,True
Q111530519,Priscilla Zawedde (Azawi),5,Azawi,1596,14425.0,2559,11.1,True
Q7661016,Sylvia Tamale,20,Sylvia Tamale,1994,28567.0,2558,7.0,True
Q976873,Rakai District,21,Wilaya ya Rakai,1364,8972.0,2556,15.2,True
Q1362587,Yumbe District,20,Wilaya ya Yumbe,1342,9780.0,2534,13.7,True
Q7270525,Sylvia of Buganda,6,Sylvia Nagginda Luswata,3382,12579.0,2493,26.9,False
Q1151066,Mukono District,24,Wilaya ya Mukono,1343,9953.0,2453,13.5,True
Q1509547,Lake George,25,Ziwa Dweru,922,7862.0,2444,11.7,True
Q29474,Teso,14,Kiteso,5093,30833.0,2443,16.5,False
Q21032193,Wanyoto Lydia Mutende,10,Lydia Wanyoto,5277,9088.0,2428,58.1,False
Q2737438,Kazinga Channel,18,Mtaro wa Kazinga,624,4950.0,2344,12.6,True
Q1907120,Masindi,21,Masindi,1030,14034.0,2313,7.3,True
Q1456536,human rights in Uganda,9,Haki za binadamu nchini Uganda,7226,55923.0,2204,12.9,False
Q3196953,Nande,12,Kinande (lugha),809,21739.0,2192,3.7,True
Q1207391,Kayunga District,25,Wilaya ya Kayunga,1359,6385.0,2177,21.3,True
Q4465957,tourism in Uganda,10,Utalii nchini Uganda,8097,15097.0,2165,53.6,False
Q16732201,Mukasa Mbidde,5,Mukasa Mbidde,18017,20892.0,2156,86.2,False
Q2267729,Mityana,15,Mityana,1128,13127.0,2152,8.6,True
Q4757568,Andrew Kaggwa,10,Andrea Kaggwa,2749,3130.0,2150,87.8,False
Q1681274,James Wapakhabulo,5,James Wapakhabulo,1866,8300.0,2144,22.5,True
Q523823,Lendu,9,Kilendu,866,6679.0,2130,13.0,True
Q1229919,Kasese District,18,Wilaya ya Kasese,2496,7942.0,2114,31.4,False
Q2391998,Koboko,17,Koboko,1087,11593.0,2089,9.4,True
Q110611318,Travis Mutyaba,11,Travis Mutyaba,1924,13881.0,2068,13.9,True
Q42820085,Adeke Anna Ebaju,9,Anna Ebaju Adeke,7577,13181.0,2066,57.5,False
Q1229734,Adjumani District,20,Wilaya ya Adjumani,1369,7195.0,2064,19.0,True
Q1229869,Iganga District,22,Wilaya ya Iganga,1350,4205.0,2063,32.1,True
Q2203142,Kapchorwa,12,Kapchorwa,368,9818.0,2058,3.7,True
Q534203,Kyankwanzi District,21,Wilaya ya Kyankwanzi,1378,15062.0,2050,9.1,True
Q1186541,Tororo District,24,Wilaya ya Tororo,1350,6858.0,2049,19.7,True
Q3810254,Joseph Mukasa,8,Yosefu Mukasa Balikuddembe,2782,6838.0,2032,40.7,False
Q7933251,Violet Kajubiri,7,Violet Kajubiri,5342,3395.0,2019,157.3,False
Q3528929,Mubende,14,Mubende,1104,11534.0,2018,9.6,True
Q205428,Semliki River,36,Mto Semliki,794,10788.0,2015,7.4,True
Q1318806,Kamwenge District,17,Wilaya ya Kamwenge,1372,12234.0,1987,11.2,True
Q85798241,Rwampara district,6,Wilaya ya Rwampara,1349,2659.0,1980,50.7,True
Q2041227,Apac,12,Apac,992,10117.0,1969,9.8,True
Q3321631,Buikwe District,24,Wilaya ya Buikwe,1350,7074.0,1931,19.1,True
Q123520678,Jimmy Spire Sssentogo,6,Jimmy Spire Ssentongo,1659,18055.0,1917,9.2,True
Q1032245,Kanungu District,20,Wilaya ya Kanungu,1359,8958.0,1909,15.2,True
Q3526470,Kabale District,21,Wilaya ya Kabale,1304,5792.0,1895,22.5,True
Q6699738,Lugazi,16,Lugazi,633,10522.0,1884,6.0,True
Q1364817,Luwero District,22,Wilaya ya Luweero,1344,6943.0,1878,19.4,True
Q5327655,East African Development Bank,6,Benki ya Maendeleo ya Afrika Mashariki,5023,13623.0,1864,36.9,False
Q110978835,Fauzia Najjemba,6,Fauzia Najjemba,1555,7084.0,1863,22.0,True
Q1229910,Kabarole District,20,Wilaya ya Kabarole,1378,8397.0,1855,16.4,True
Q3459039,Ibanda,14,Ibanda,811,7105.0,1846,11.4,True
Q35472,Ik,14,Kiik,791,11197.0,1813,7.1,True
Q492316,Uganda Securities Exchange,11,Soko la Hisa la Uganda,1464,18282.0,1812,8.0,True
Q16214164,Sabina Wanjiru Chege,9,Sabina Wanjiru Chege,1692,12645.0,1805,13.4,True
Q19865353,Bafumbira,6,Wafumbira,1457,8728.0,1789,16.7,True
Q1229921,Kapchorwa District,20,Wilaya ya Kapchorwa,1382,8390.0,1779,16.5,True
Q1280038,Busia,17,"Busia, Uganda",3574,12101.0,1779,29.5,False
Q432438,Nakaseke District,19,Wilaya ya Nakaseke,1321,6358.0,1773,20.8,True
Q28474629,Timothy Awany,13,Timothy Dennis Awany,557,5032.0,1761,11.1,True
Q1229758,Arua District,19,Wilaya ya Arua,1333,10620.0,1760,12.6,True
Q1318857,Koboko District,18,Wilaya ya Koboko,1330,8470.0,1752,15.7,True
Q2846185,Dorobo peoples,10,Wadorobo,1023,4822.0,1752,21.2,True
Q38525495,Clare Akamanzi,13,Claire Akamanzi,3562,10937.0,1736,32.6,False
Q289419,Rukungiri District,20,Wilaya ya Rukungiri,1384,8253.0,1724,16.8,True
Q16194602,Razia Iqbal,7,Razia Iqbal,4784,5874.0,1719,81.4,False
Q3109755,Godfrey Walusimbi,13,Godfrey Walusimbi,953,10599.0,1714,9.0,True
Q26923586,Alice Wahome,6,Alice Wahome,1418,5376.0,1701,26.4,True
Q1657091,Iganga,18,Iganga,2157,15374.0,1696,14.0,False
Q1354926,Eriya Kategaya,8,Eriya Kategaya,1905,8732.0,1667,21.8,True
Q1032233,Masaka District,24,Wilaya ya Masaka,1335,6517.0,1648,20.5,True
Q557172,University of East Africa,14,Chuo Kikuu cha Afrika ya Mashariki,651,6030.0,1648,10.8,True
Q204642,Ntungamo District,18,Wilaya ya Ntungamo,1374,6500.0,1646,21.1,True
Q4940747,Bombo,10,"Bombo, Uganda",616,13434.0,1640,4.6,True
Q1364824,Mayuge District,20,Wilaya ya Mayuge,1356,8453.0,1632,16.0,True
Q2896128,Benjamin Kiplagat,16,Benjamin Kiplagat,718,9846.0,1632,7.3,True
Q49318790,Lake Katwe,5,Ziwa Katwe,461,4748.0,1618,9.7,True
Q1362109,Mpigi District,21,Wilaya ya Mpigi,1334,5501.0,1613,24.3,True
Q105965184,Gorreth Namugga,5,Gorreth Namugga,2609,4662.0,1610,56.0,False
Q4673765,Achilleus Kewanuka,9,Achile Kiwanuka,2304,5819.0,1606,39.6,False
Q1318887,Isingiro District,19,Wilaya ya Isingiro,1538,5121.0,1604,30.0,True
Q3536053,Agago District,19,Wilaya ya Agago,1345,4795.0,1591,28.1,True
Q3539256,Kyegegwa District,17,Wilaya ya Kyegegwa,1380,5526.0,1573,25.0,True
Q891962,Mubende District,24,Wilaya ya Mubende,1348,5463.0,1566,24.7,True
Q3530559,Nakasongola,12,Nakasongola,1021,10168.0,1565,10.0,True
Q58041073,Anyakun Esther Davinia,6,Davinia Esther Anyakun,2884,7034.0,1555,41.0,False
Q3321637,Gomba District,21,Wilaya ya Gomba,1308,4510.0,1543,29.0,True
Q31209259,Barnabas Nawangwe,7,Barnabas Nawangwe,1965,13500.0,1534,14.6,True
Q2183668,Moyo District,21,Wilaya ya Moyo,1350,6468.0,1531,20.9,True
Q3539730,Zombo District,19,Wilaya ya Zombo,1346,11145.0,1529,12.1,True
Q1441372,Francis Ayume,5,Francis Ayume,3477,5961.0,1529,58.3,False
Q1084754,Amba people,7,Waamba,1285,7189.0,1523,17.9,True
Q2318123,Luweero,12,Luweero,1022,10681.0,1522,9.6,True
Q1375825,Nebbi District,20,Wilaya ya Nebbi,1345,7344.0,1520,18.3,True
Q3499673,Adjumani,18,Adjumani,1047,10998.0,1518,9.5,True
Q3539648,Rubirizi District,17,Wilaya ya Rubirizi,1366,7200.0,1516,19.0,True
Q3539116,Kiryandongo District,19,Wilaya ya Kiryandongo,1390,6374.0,1511,21.8,True
Q933338,Mpigi,11,Mpigi,1108,11361.0,1490,9.8,True
Q38249546,Kyotera District,10,Wilaya ya Kyotera,1342,5342.0,1477,25.1,True
Q3243950,list of rivers of Uganda,8,Orodha ya mito ya Uganda,82372,4203.0,1476,1959.8,False
Q2193389,Moroto Town,14,Moroto,1094,11920.0,1467,9.2,True
Q24886704,Kyangwali Refugee Settlement,6,Makazi ya Wakimbizi ya Kyangwali,2598,9800.0,1461,26.5,False
Q976883,Ssembabule District,19,Wilaya ya Sembabule,1401,6674.0,1460,21.0,True
Q33794,Nyoro,14,Kinyoro (lugha),693,5781.0,1459,12.0,True
Q5761037,Onek Hilary Obaloker,10,Hilary Onek,1999,20706.0,1451,9.7,True
Q1186535,Hoima District,19,Wilaya ya Hoima,1343,8334.0,1446,16.1,True
Q56326,Karamojong,9,Kikaramojong,765,13425.0,1434,5.7,True
Q556009,Moses Ndiema Kipsiro,20,Moses Ndiema Kipsiro,949,18689.0,1424,5.1,True
Q23304245,James Isabirye Mugoya,5,James Isabirye Mugoya,1817,4574.0,1422,39.7,True
Q580538,Kisoro District,22,Wilaya ya Kisoro,1355,5491.0,1418,24.7,True
Q263372,Dorcus Inzikuru,22,Dorcus Inzikuru,865,10017.0,1398,8.6,True
Q3740241,Masaba,9,Kimasaaba (lugha),775,4700.0,1396,16.5,True
Q23808691,Ssabagabo,11,Ssabagabo,775,9551.0,1384,8.1,True
Q26702189,Nana Kagga,19,Nana Kagga,2053,16612.0,1381,12.4,False
Q26705067,Halimah Nakaayi,26,Halimah Nakaayi,1384,19689.0,1376,7.0,True
Q19667624,Maurice Kirya,7,Maurice Kirya,1569,9348.0,1357,16.8,True
Q69485762,Mustafa Kizza,6,Mustafa Kizza,4531,14752.0,1356,30.7,False
Q1114915,Namayingo District,17,Wilaya ya Namayingo,1374,9597.0,1350,14.3,True
Q604966,Kibaale District,19,Wilaya ya Kibaale,1362,10729.0,1347,12.7,True
Q1375812,Bukedea District,20,Wilaya ya Bukedea,1408,4412.0,1345,31.9,True
Q28474561,Muhammad Shaban,14,Muhammad Shaban,1898,9138.0,1337,20.8,True
Q500162,Kitgum District,22,Wilaya ya Kitgum,1358,8071.0,1336,16.8,True
Q253593,Mount Baker,16,Mlima Baker,688,4084.0,1326,16.8,True
Q2361829,Konjo,9,Kikonzo,795,5705.0,1320,13.9,True
Q800167,Gwere people,7,Wagwere,759,13280.0,1314,5.7,True
Q60769695,Kassanda District,9,Wilaya ya Kasanda,1359,7665.0,1313,17.7,True
Q983748,Jinja District,24,Wilaya ya Jinja,1347,3790.0,1311,35.5,True
Q492275,Port Bell,14,Port Bell,683,12849.0,1311,5.3,True
Q1318822,Amolatar District,19,Wilaya ya Amolatar,1347,9053.0,1290,14.9,True
Q19766057,Joan Kagezi,5,Joan Kagezi,2422,14742.0,1279,16.4,False
Q3539277,Lamwo District,18,Wilaya ya Lamwo,1346,4972.0,1269,27.1,True
Q1229793,Buliisa District,21,Wilaya ya Buliisa,1331,9704.0,1266,13.7,True
Q1318865,Kiruhura District,19,Wilaya ya Kiruhura,1340,7388.0,1264,18.1,True
Q581822,Mbale District,19,Wilaya ya Mbale,1347,10341.0,1264,13.0,True
Q56670,Ma'di,8,Kima'di,918,9992.0,1263,9.2,True
Q5002521,Butiaba,7,Butiaba,2366,6874.0,1261,34.4,False
Q6349469,Kakira,7,Kakira,1811,7926.0,1252,22.8,True
Q1003143,Bujagali Falls,9,Maporomoko ya Bujagali,1165,3607.0,1251,32.3,True
Q451589,Pakwach,19,Pakwach,356,12466.0,1243,2.9,True
Q4986717,Bujagali Hydroelectric Power Station,7,Lambo la Bujagali,1236,18546.0,1232,6.7,True
Q2692613,Katonga River,18,Mto Katonga,1493,3006.0,1226,49.7,True
Q3539572,Nwoya District,19,Wilaya ya Nwoya,1344,5429.0,1220,24.8,True
Q5003218,Buvuma Island,8,Kisiwa cha Buvuma,448,6751.0,1217,6.6,True
Q3539547,Ntoroko District,17,Wilaya ya Ntoroko,1357,5311.0,1216,25.6,True
Q18719438,Grace Nakimera,8,Grace Nakimera,4248,6255.0,1214,67.9,False
Q4246850,Kumam people,6,Wakumam,604,7913.0,1208,7.6,True
Q14734444,Solomy Balungi Bossa,11,Solome Bossa,9736,11405.0,1206,85.4,False
Q6701734,Lukaya,8,"Lukaya, Uganda",610,7251.0,1199,8.4,True
Q1375755,Butaleja District,20,Wilaya ya Butaleja,1340,7588.0,1194,17.7,True
Q16148118,Grace Akallo,10,Grace Akallo,4930,21432.0,1188,23.0,False
Q3321622,Butambala District,22,Wilaya ya Butambala,1379,5196.0,1186,26.5,True
Q1375771,Amuru District,21,Wilaya ya Amuru,1316,5386.0,1184,24.4,True
Q4739981,Amanya Mushega,5,Amanya Mushega,2400,5802.0,1184,41.4,False
Q60769700,Kikuube District,10,Wilaya ya Kibuube,1357,8968.0,1183,15.1,True
Q3802457,Bushenyi-ishaka Municipality,5,Ishaka,2156,10336.0,1178,20.9,False
Q768282,Augustine Kasujja,16,Augustine Kasujja,1450,11749.0,1177,12.3,True
Q18719488,Irene Ntale,8,Irene Ntale,10073,7674.0,1176,131.3,False
Q3539414,Mitooma District,17,Wilaya ya Mitooma,1360,6180.0,1174,22.0,True
Q164474,Kamuli District,23,Wilaya ya Kamuli,1372,9806.0,1164,14.0,True
Q1375843,Pallisa District,20,Wilaya ya Pallisa,1364,6322.0,1163,21.6,True
Q3321998,Kween District,20,Wilaya ya Kween,1349,4834.0,1161,27.9,True
Q1375850,Moroto District,20,Wilaya ya Moroto,1358,7292.0,1160,18.6,True
Q38249480,Kakumiro District,9,Wilaya ya Kakumiro,1420,9260.0,1160,15.3,True
Q995221,Kayunga,18,Kayunga,351,8327.0,1146,4.2,True
Q1649358,Wakiso Town,13,Wakiso,1004,10294.0,1139,9.8,True
Q87725048,Oscar Chelimo,12,Oscar Chelimo,912,9980.0,1134,9.1,True
Q1032238,Masindi District,22,Wilaya ya Masindi,1367,9659.0,1120,14.2,True
Q544320,Kitgum,15,Kitgum,1052,5599.0,1120,18.8,True
Q5216261,Dani Wadada Nabudere,7,Dani Wadada Nabudere,2588,24778.0,1120,10.4,False
Q206519,Lira District,22,Wilaya ya Lira,1336,7136.0,1118,18.7,True
Q1114977,Luuka District,21,Wilaya ya Luuka,1346,6080.0,1116,22.1,True
Q849083,Roman Catholic Archdiocese of Kampala,16,Jimbo Kuu la Kampala,1374,12009.0,1112,11.4,True
Q1229750,Apac District,19,Wilaya ya Apac,1425,6034.0,1111,23.6,True
Q1810614,Kiboga,11,Kiboga (Uganda),813,10721.0,1110,7.6,True
Q1114868,Bulambuli District,18,Wilaya ya Bulambuli,1375,7124.0,1109,19.3,True
Q7901699,Usama Mukwaya,9,Usama Mukwaya,5795,46319.0,1107,12.5,False
Q3321614,Kalungu District,23,Wilaya ya Kalungu,1358,3972.0,1106,34.2,True
Q742655,Kalangala,15,Kalangala,808,7484.0,1105,10.8,True
Q88676023,Leah Namugerwa,21,Leah Namugerwa,5909,7095.0,1102,83.3,False
Q6699831,Lugogo Cricket Oval,9,Uwanja wa michezo wa Lugogo,961,3631.0,1100,26.5,True
Q1318833,Oyam District,20,Wilaya ya Oyam,1368,4802.0,1094,28.5,True
Q15045852,Malaba,7,"Malaba, Uganda",260,11787.0,1081,2.2,True
Q3539151,Kole District,19,Wilaya ya Kole (Uganda),1386,5511.0,1076,25.1,True
Q47494842,Jayne Njeri Wanjiru Kihara,5,Jayne Kihara,1245,3853.0,1076,32.3,True
Q1994275,Njeru,18,Njeru,655,6957.0,1070,9.4,True
Q16855989,Barbara Kimenye,9,Barbara Kimenye,1581,12625.0,1070,12.5,True
Q1229797,Bushenyi District,19,Wilaya ya Bushenyi,1369,6980.0,1067,19.6,True
Q1229930,Katakwi District,22,Wilaya ya Katakwi,1360,6502.0,1059,20.9,True
Q43290694,Anita Beryl,6,Anita Beryl,644,9482.0,1056,6.8,True
Q1375835,Sironko District,19,Wilaya ya Sironko,1362,8247.0,1055,16.5,True
Q3321608,Buvuma District,23,Wilaya ya Buvuma,1350,6239.0,1054,21.6,True
Q1362085,Budaka District,21,Wilaya ya Budaka,1328,5273.0,1054,25.2,True
Q1375868,Bukwo District,20,Wilaya ya Bukwa,1315,6676.0,1053,19.7,True
Q5257537,Denis Ssebuggwawo Wasswa,6,Dionisi Ssebuggwawo,2727,5130.0,1053,53.2,False
Q56651140,Fahad Bayo,8,Fahad Bayo,1992,8984.0,1050,22.2,True
Q1114938,Buyende District,19,Wilaya ya Buyende,1360,5717.0,1049,23.8,True
Q3321599,Bukomansimbi District,22,Wilaya ya Bukomansimbi,1365,4298.0,1047,31.8,True
Q1091595,Mbarara District,18,Wilaya ya Mbarara,1447,9574.0,1046,15.1,True
Q4305496,Mpondwe,7,Mpondwe,260,11735.0,1043,2.2,True
Q1091337,Soroti District,23,Wilaya ya Soroti,1351,5629.0,1040,24.0,True
Q21285400,Mumbi Maina,9,Mumbi Maina,407,9418.0,1037,4.3,True
Q16236793,Ismail Watenga,6,Ismail Watenga,624,9494.0,1037,6.6,True
Q42717997,Victor Kiplangat,22,Victor Kiplangat,1342,5094.0,1035,26.3,True
Q1318877,Ibanda District,19,Wilaya ya Ibanda,1326,5516.0,1033,24.0,True
Q22278491,Laura Kahunde,8,Laura Kahunde,2432,4753.0,1028,51.2,False
Q6297101,Joy Doreen Biira,7,Joy Doreen Biira,4665,16690.0,1026,28.0,False
Q1229906,Kaberamaido District,20,Wilaya ya Kaberamaido,1370,5865.0,1019,23.4,True
Q1229798,Bugiri District,22,Wilaya ya Bugiri,1359,7598.0,1018,17.9,True
Q44377523,Butebo District,8,Wilaya ya Butebo,1362,8140.0,1018,16.7,True
Q1151062,Kumi District,23,Wilaya ya Kumi,1341,4403.0,1016,30.5,True
Q4777813,Anup Singh Choudry,8,Anup Singh Choudry,3497,6373.0,1016,54.9,False
Q44380663,Namisindwa District,8,Wilaya ya Namisindwa,1394,7690.0,1014,18.1,True
Q38249597,Omoro District,9,Wilaya ya Omoro,1341,6135.0,1013,21.9,True
Q1229881,Kaabong District,20,Wilaya ya Kaabong,1332,7278.0,1000,18.3,True
Q38249484,Kagadi District,9,Wilaya ya Kagadi,1350,6810.0,995,19.8,True
Q892064,Kiboga District,24,Wilaya ya Kiboga,1339,4834.0,991,27.7,True
Q1338340,Emmanuel Kiwanuka Nsubuga,14,Emmanuel Nsubuga,1322,6040.0,989,21.9,True
Q106577120,Steven Sserwadda,8,Steven Sserwadda,3866,11984.0,979,32.3,False
Q18687836,Jessica Horn,11,Jessica Horn,6486,14183.0,978,45.7,False
Q1230005,Mityana District,22,Wilaya ya Mityana,1318,3417.0,974,38.6,True
Q6944218,Mutukula,6,"Mutukula, Uganda",259,10555.0,970,2.5,True
Q6700211,Rukungiri,12,Rukungiri,1008,8835.0,964,11.4,True
Q97160187,Obongi District,6,Wilaya ya Obongi,1333,4530.0,964,29.4,True
Q1375780,Abim District,22,Wilaya ya Abim,1306,7137.0,963,18.3,True
Q4790403,Sezibwa River,11,Mto Sezibwa,1033,6145.0,960,16.8,True
Q5541235,George Kanyeihamba,6,George W. Kanyeihamba,8662,15202.0,956,57.0,False
Q1375819,Namutumba District,19,Wilaya ya Namutumba,1348,7676.0,952,17.6,True
Q100801324,Julie Mutesasira,6,Julie Mutesasira,1172,8354.0,947,14.0,True
Q1971400,Adhola,7,Kiadhola,732,2683.0,944,27.3,True
Q18638153,Nicholas Wadada,12,Nicholas Wadada,439,6849.0,942,6.4,True
Q1114927,Serere District,19,Wilaya ya Serere,1354,5395.0,939,25.1,True
Q6349478,Kakiri,9,Kakiri,609,11915.0,939,5.1,True
Q2463008,Bushenyi,14,Bushenyi,1128,11280.0,935,10.0,True
Q926417,Kampala District,17,Wilaya ya Kampala,1357,44.0,934,3084.1,True
Q6349017,Kajjansi,8,Kajjansi,2561,5104.0,933,50.2,False
Q16235860,Dan Sserunkuma,10,Dan Sserunkuma,506,15963.0,932,3.2,True
Q3537661,Buhweju District,16,Wilaya ya Buhweju,1371,7610.0,926,18.0,True
Q38249629,Bunyangabu District,9,Wilaya ya Bunyangabu,1480,7926.0,923,18.7,True
Q3539495,Napak District,18,Wilaya ya Napak,1347,4783.0,922,28.2,True
Q1230035,Pader District,21,Wilaya ya Pader,1435,6009.0,915,23.9,True
Q1318843,Kotido District,18,Wilaya ya Kotido,1351,7745.0,913,17.4,True
Q3539711,Sheema District,18,Wilaya ya Sheema,1354,4493.0,911,30.1,True
Q13124650,list of lakes in Uganda,8,Orodha ya maziwa ya Uganda,2741,1186.0,900,231.1,False
Q1375789,Manafwa District,19,Wilaya ya Manafwa,1335,6147.0,899,21.7,True
Q6213802,Joel Okuyo Atiku,7,Joel Okuyo Atiku,8327,12978.0,899,64.2,False
Q2470025,Kanungu,11,Kanungu,380,11714.0,892,3.2,True
Q79394836,Theresa Musoke,6,Theresa Musoke,2277,6664.0,886,34.2,False
Q1318815,Kyenjojo District,19,Wilaya ya Kyenjojo,1369,6031.0,884,22.7,True
Q49549938,Juliane Okot Bitek,7,Otoniya J. Okot Bitek,3313,17728.0,880,18.7,False
Q3069348,Geofrey Massa,13,Geoffrey Massa,1557,8573.0,879,18.2,True
Q38249567,Pakwach District,10,Wilaya ya Pakwach,1357,5850.0,879,23.2,True
Q6687695,Lyantonde,7,Lyantonde,1055,7659.0,879,13.8,True
Q4986830,Bukedea,10,Bukedea,1071,6239.0,876,17.2,True
Q1229800,Busia District,22,"Wilaya ya Busia, Uganda",1454,7498.0,871,19.4,True
Q1375762,Amuria District,22,Wilaya ya Amuria,1325,4435.0,869,29.9,True
Q7042596,Nkokonjeru,6,Nkokonjeru,260,10367.0,866,2.5,True
Q3536116,Amudat District,18,Wilaya ya Amudat,1354,5582.0,849,24.3,True
Q96678402,Joyce Bagala,6,Joyce Bagala,3537,7294.0,845,48.5,False
Q56063014,Angela Kalule,6,Angela Kalule,1941,3451.0,844,56.2,True
Q56445,Sabiny,8,Kikupsabiny,756,5077.0,836,14.9,True
Q2034078,Achwa,15,Mto Achwa,918,11125.0,823,8.3,True
Q36323,Pökoot,11,Kipokoot,766,3087.0,814,24.8,True
Q110865903,Nyombi Morris,10,Nyombi Morris,1750,11276.0,814,15.5,True
Q8049703,Yash Tandon,6,Yash Tandon,2358,14507.0,811,16.3,False
Q1422911,Mount Moroto,17,Mlima Moroto,576,4386.0,805,13.1,True
Q1375853,Nakapiripirit District,20,Wilaya ya Nakapiripirit,1413,5502.0,804,25.7,True
Q16751154,Phillip Wafula Ogutu,5,Wafula Oguttu,2106,11932.0,804,17.7,False
Q1114903,Ngora District,18,Wilaya ya Ngora,1347,5837.0,801,23.1,True
Q487953,Lake Kwania,16,Ziwa Kwania,464,5761.0,801,8.1,True
Q4363229,Bugiri,12,Bugiri,1267,10641.0,800,11.9,True
Q16849160,Jamal Salim,14,Salim Magoola,1332,5318.0,799,25.0,True
Q3536082,Alebtong District,17,Wilaya ya Alebtong,1366,5435.0,798,25.1,True
Q3088116,Kamuli,13,"Kamuli, Uganda",1132,10201.0,791,11.1,True
Q2658047,Nakapiripirit,10,Nakapiripirit,1204,7849.0,790,15.3,True
Q927377,Joseph Kizito,12,Nestroy Kizito,1764,9341.0,787,18.9,True
Q1114885,Kibuku District,18,Wilaya ya Kibuku,1354,6577.0,785,20.6,True
Q2488907,Yumbe,11,Yumbe,1030,9687.0,785,10.6,True
Q19668732,Sylvia Owori,7,Sylvia Owori,2088,7899.0,781,26.4,False
Q49253,Irene Muloni,12,Irene Muloni,5312,8606.0,780,61.7,False
Q60769699,Kwania District,8,Wilaya ya Kwania,1311,9037.0,778,14.5,True
Q1375878,Lyantonde District,21,Wilaya ya Lyantonde,1332,5198.0,773,25.6,True
Q6273034,Kumi Town,9,Kumi (Uganda),1053,10749.0,770,9.8,True
Q97487774,Karenga District,6,Wilaya ya Karenga,1342,8378.0,770,16.0,True
Q6272234,Namutumba,8,Namutumba,973,10519.0,769,9.2,True
Q6346322,Kagadi,7,Kagadi,687,9164.0,765,7.5,True
Q106691310,Juliet Nalukenge,5,Juliet Nalukenge,3068,11956.0,762,25.7,False
Q6430657,Koome Island,8,Kisiwa cha Koome,423,3133.0,761,13.5,True
Q1375859,Kaliro District,24,Wilaya ya Kaliro,1320,5740.0,760,23.0,True
Q4750961,Anaka,8,Anaka,1266,7091.0,755,17.9,True
Q2547740,Lake Wamala,15,Ziwa Wamala,702,7252.0,752,9.7,True
Q7367874,Rose Namayanja,9,Rose Namayanja,1319,13592.0,745,9.7,True
Q32930,Bukusu,8,Kibukusu,3727,4997.0,745,74.6,False
Q4986157,Bugembe,8,Bugembe,2772,4261.0,742,65.1,False
Q60769698,Kapelebyong District,8,Wilaya ya Kapelebyong,1391,9907.0,742,14.0,True
Q1114954,Lwengo District,21,Wilaya ya Lwengo,1350,3780.0,738,35.7,True
Q4790395,Kafu,10,Mto Kafu (Uganda magharibi),836,5141.0,738,16.3,True
Q5679880,Hassan Wasswa,12,Hassan Wasswa,470,8112.0,735,5.8,True
Q88644581,Emily Nakalema,7,Emily Nakalema,3762,5319.0,735,70.7,False
Q38249602,Rubanda District,9,Wilaya ya Rubanda,1358,6698.0,723,20.3,True
Q6477049,Lake Mutanda,16,Ziwa Mutanda,979,5004.0,719,19.6,True
Q105906548,Naluyima Betty Ethel,5,Betty Ethel Naluyima,1822,2734.0,716,66.6,True
Q124255713,Bakisimba,5,Bakisimba,6658,8044.0,713,82.8,False
Q4741909,Ambrosio Kibuuka,5,Ambrosio Kibuuka,2337,6120.0,713,38.2,False
Q1365449,Bududa District,21,Wilaya ya Bududa,1326,7639.0,705,17.4,True
Q5586186,Goretti Kyomuhendo,12,Goretti Kyomuhendo,3845,19006.0,698,20.2,False
Q3185425,Joseph Ochaya,12,Joseph Ochaya,669,9195.0,690,7.3,True
Q30627004,Namayumba,5,Namayumba,260,10982.0,690,2.4,True
Q3437607,Soo language,13,Kisoo,899,4971.0,676,18.1,True
Q105839655,Rwakoojo Robina Gureme,7,Robina Gureme Rwakoojo,1534,11149.0,674,13.8,True
Q7070387,Nusura Tiperu,7,Nusura Tiperu,2746,6109.0,674,45.0,False
Q6272909,Kaabong,9,Kaabong,808,7253.0,673,11.1,True
Q38249615,Rukiga District,8,Wilaya ya Rukiga,1448,6631.0,673,21.8,True
Q11010612,Gideon Byamugisha,6,Gideon Byamugisha,2614,9622.0,673,27.2,False
Q6922300,Mount Morungole,8,Mlima Morungole,539,1572.0,672,34.3,True
Q6474983,Lake Bisina,14,Ziwa Bisina,565,11988.0,665,4.7,True
Q4357793,Mayuge,8,Mayuge,1259,11069.0,665,11.4,True
Q57825198,Adoa Hellen Abeku,7,Hellen Adoa,3404,5992.0,660,56.8,False
Q22958193,Wendy Kimani,10,Wendy Kimani,5331,10261.0,658,52.0,False
Q2297538,Pallisa,14,Pallisa,993,9888.0,651,10.0,True
Q3993279,Tony Mawejje,12,Tony Mawejje,3729,19766.0,650,18.9,False
Q4286483,Dora Mwima,9,Dora Mwima,6673,7901.0,649,84.5,False
Q22082376,Elegu,5,Elegu,233,9501.0,648,2.5,True
Q3526895,Kaliro,8,Kaliro,811,9207.0,641,8.8,True
Q6353141,Kalisizo,8,Kalisizo,610,9109.0,636,6.7,True
Q57828565,Ababiku Jesca,12,Jesca Ababiku,4129,9276.0,635,44.5,False
Q4667801,Abim,10,Abim,912,6411.0,634,14.2,True
Q5623559,Gwere,9,Kigwere (lugha),780,5725.0,634,13.6,True
Q5368395,Kyenjojo,10,Kyenjojo,1096,9945.0,633,11.0,True
Q35307543,Rwizi river,7,Mto Ruizi (Mbarara),743,18805.0,632,4.0,True
Q6344553,Kabwohe,6,Sheema,682,11813.0,631,5.8,True
Q51078086,Taddeo Lwanga,7,Taddeo Lwanga,3327,11119.0,629,29.9,False
Q23541071,Michael Wawuyo Jr.,8,Michael Wawuyo Jr,798,5428.0,626,14.7,True
Q4986374,Buikwe,10,Buikwe,6455,10162.0,622,63.5,False
Q2505963,Kotido,12,Kotido,1057,5301.0,618,19.9,True
Q3539602,Otuke District,17,Wilaya ya Otuke,1344,5030.0,612,26.7,True
Q56556,Aringa,9,Kiaringa,733,1599.0,611,45.8,True
Q11165235,Gungu,6,Kigungu (lugha),776,9646.0,611,8.0,True
Q6450860,Kyazanga,6,Kyazanga,852,6755.0,610,12.6,True
Q4936361,Monica Arac de Nyeko,14,Monica Arac de Nyeko,4301,11750.0,607,36.6,False
Q108187429,Tarsis Orogot,8,Tarsis Orogot,2365,3881.0,603,60.9,False
Q1318872,Dokolo District,17,Wilaya ya Dokolo,1273,5010.0,602,25.4,True
Q2416628,Thelma Awori,10,Thelma Awori,5632,11259.0,595,50.0,False
Q6406018,Kihihi,8,Kihiihi,610,9508.0,595,6.4,True
Q4748920,Amudat,8,Amudat,358,10460.0,591,3.4,True
Q42571276,Gita Ramjee,19,Gita Ramjee,4809,9748.0,584,49.3,False
Q2174978,Nebbi,14,Nebbi,1048,9605.0,584,10.9,True
Q6095988,Ivan Bukenya,7,Ivan Bukenya,430,20365.0,582,2.1,True
Q16846976,Natasha Sinayobye,10,Natasha Sinayobye,4553,6183.0,579,73.6,False
Q22082390,Masulita,5,Masulita,260,9056.0,579,2.9,True
Q47805453,Catherine Kyobutungi,8,Catherine Kyobutungi,16229,15342.0,577,105.8,False
Q4996412,Buliisa,8,Buliisa,816,7634.0,577,10.7,True
Q28377766,Murushid Juuko,14,Murushid Juuko,689,10419.0,573,6.6,True
Q124214913,Bwola,7,Bwola,3969,4256.0,572,93.3,False
Q4985181,Bududa,5,Bududa,958,9225.0,571,10.4,True
Q126939025,Male Mabirizi,5,Male Mabirizi,1899,10547.0,565,18.0,True
Q34949766,Esther Chebet,10,Esther Chebet,2140,3980.0,563,53.8,False
Q24236548,Kassanda,5,Kassanda,1124,4359.0,560,25.8,True
Q15076215,Wobulenzi,8,Wobulenzi,908,8952.0,559,10.1,True
Q19609590,Harriet Anena,13,Harriet Anena,2553,20417.0,558,12.5,False
Q6760048,Margaret Zziwa,8,Margaret Zziwa,5005,9017.0,558,55.5,False
Q147957,Zarina Bhimji,12,Zarina Bhimji,6423,10617.0,555,60.5,False
Q6983774,Ndo,6,Kindo,884,867.0,553,102.0,True
Q3529595,Nakaseke,8,Nakaseke,999,10571.0,552,9.5,True
Q7383562,Ruuli,6,Kiruuli (lugha),673,5049.0,552,13.3,True
Q109920237,Shakila Rahim Lamar,5,Shakila Rahim Lamar,2431,5757.0,551,42.2,False
Q755806,Atiak,6,Atiak,1828,8433.0,546,21.7,True
Q4987159,Bukwa,6,Bukwa,875,4080.0,545,21.4,True
Q72408609,Hilda Flavia Nakabuye,15,Hilda Flavia Nakabuye,2785,7315.0,543,38.1,False
Q5002346,Butaleja,7,Butaleja,838,10086.0,541,8.3,True
Q870628,Roman Catholic Diocese of Kiyinda–Mityana,12,Jimbo Katoliki la Kiyinda-Mityana,726,6171.0,539,11.8,True
Q7147679,Patrick Ssenjovu,9,Patrick Ssenjovu,1321,3699.0,539,35.7,True
Q2544864,Katakwi,8,Katakwi,379,6575.0,537,5.8,True
Q4790362,Mayanja River,8,Mto Mayanja (Kafu),1071,3978.0,530,26.9,True
Q1962096,Lake Nabugabo,13,Ziwa Nabugabo,1046,11006.0,526,9.5,True
Q492869,Davis Kamoga,20,Davis Kamoga,951,3412.0,524,27.9,True
Q42346183,Doreen Mirembe,10,Doreen Mirembe,2926,8829.0,524,33.1,False
Q6150822,Janat Mukwaya,8,Janat Mkwaya,3352,8643.0,522,38.8,False
Q6354249,Kalongo,8,Kalongo,244,6506.0,522,3.8,True
Q6081116,Isingiro,7,"Isingiro, Uganda",353,10391.0,519,3.4,True
Q134177753,Nicholas Omonuk,15,Nicholas Omonuk,22304,23409.0,517,95.3,False
Q64691310,Patrick Kaddu,12,Patrick Kaddu,2263,11809.0,514,19.2,False
Q3321899,Mount Kadam,9,Mlima Kadam,552,2625.0,513,21.0,True
Q40229556,Leni Shida,10,Leni Shida,379,10354.0,507,3.7,True
Q16730067,Isaac Muleme,9,Isaac Muleme,646,7675.0,504,8.4,True
Q5288769,Dokolo,8,Dokolo,827,10086.0,503,8.2,True
Q7679530,Talinga,6,Kitalinga-Bwisi (lugha),871,2070.0,503,42.1,True
Q106690864,Sandra Nabweteme,6,Sandra Nabweteme,1468,8619.0,498,17.0,True
Q6944591,Mvuba,7,Kimvuba,856,1121.0,497,76.4,True
Q6943778,Muteesa II Stadium,7,Uwanja wa michezo wa Mutesa II,1001,1471.0,496,68.0,True
Q48220130,Monica Mugenyi,6,Monica Mugenyi,778,6107.0,494,12.7,True
Q992016,Moyo Town,9,Moyo (mji),437,9735.0,493,4.5,True
Q17379677,Winnie Nanyondo,12,Winnie Nanyondo,955,11296.0,490,8.5,True
Q3739441,saamia,6,Kisaamia,911,1364.0,490,66.8,True
Q19893869,Akina Mama wa Afrika,5,Akina Mama wa Afrika,2387,7459.0,488,32.0,False
Q28036183,Rehema Nanfuka,14,Rehema Nanfuka,12379,21115.0,487,58.6,False
Q2789444,Kibaale,9,Kibaale,1022,7479.0,482,13.7,True
Q61473228,Santa Anzo,12,Santa Anzo,1535,9195.0,478,16.7,True
Q26611955,Stella Chesang,11,Stella Chesang,1551,12862.0,477,12.1,True
Q5590968,Grace Akello,20,Grace Akello,2153,8393.0,475,25.7,False
Q42679907,Barbara Kaija,9,Barbara Kaija,4473,5479.0,475,81.6,False
Q16149492,Ashraf Ssemwogerere,5,Ashraf Ssemwogerere,1438,4597.0,473,31.3,True
Q60766910,Nabilatuk District,7,Wilaya ya Nabilatuk,1380,8959.0,472,15.4,True
Q1820455,Sembabule,10,Sembabule,1057,5721.0,469,18.5,True
Q111905642,Derrick Kakooza,9,Derrick Kakooza,1506,7385.0,469,20.4,True
Q64743813,George William Kyeyune,7,George William Kyeyune,1532,5527.0,469,27.7,True
Q4790369,Nkusi River,7,Mto Nkusi,797,4620.0,466,17.3,True
Q7648225,Susan Nalugwa Kiguli,7,Susan Nalugwa Kiguli,4575,11049.0,466,41.4,False
Q788423,Amba,7,Kiamba (Uganda),904,1984.0,464,45.6,True
Q50379531,Sarah Nyendwoha Ntiro,7,Sarah Nyendwoha Ntiro,4840,9652.0,463,50.1,False
Q35732471,Lake Kijanebalola,7,Ziwa Kijanebalola,531,7038.0,459,7.5,True
Q117085800,Gertrude Njuba,5,Gertrude Njuba,4501,4504.0,457,99.9,False
Q3739448,Nyole,6,Kinyole (lugha),693,5004.0,455,13.8,True
Q125750508,Namutaawe Joan,8,Joan Namutaawe,1715,4387.0,453,39.1,True
Q4864845,Budaka town,10,Budaka,1005,9994.0,450,10.1,True
Q6685692,Kanoni,9,"Kanoni, Uganda",748,6967.0,448,10.7,True
Q55080773,Carolyne Wanjiku Tharau,6,Carolyne Wanjiku Tharau,2570,10259.0,445,25.1,False
Q4749005,Amuria,10,Amuria,1002,11786.0,444,8.5,True
Q35498279,Mercyline Chelangat,8,Mercyline Chelangat,1376,3597.0,444,38.3,True
Q35733372,Lake Mburo,9,Ziwa Mburo,526,5127.0,442,10.3,True
Q5003228,Buwenge,8,Buwenge,677,9577.0,441,7.1,True
Q124620814,Dek Ngor,5,Dek ngor,943,4990.0,441,18.9,True
Q2169642,Pader,10,Pader,1052,7896.0,439,13.3,True
Q2252605,Sironko,12,Sironko,1085,6842.0,436,15.9,True
Q5001329,Busembatya,7,Busembatya,609,7444.0,433,8.2,True
Q5272188,Diaz Kambere,6,Diaz Kambere,1041,7831.0,427,13.3,True
Q15240982,Kyotera,7,Kyotera,692,9240.0,426,7.5,True
Q111732768,Acaye Kerunen,5,Acaye karunen Elizabeth,1555,12161.0,424,12.8,True
Q6477213,Lake Opeta,11,Ziwa Opeta,573,4814.0,415,11.9,True
Q4893307,Bernard Kabanda Sslongo,7,Bernard Kabanda,1421,1983.0,412,71.7,True
Q3033547,Kakwa,8,Kikakwa,949,1841.0,406,51.5,True
Q4690976,Agago,5,Agago,398,8605.0,406,4.6,True
Q2431771,Kamwenge,12,Kamwenge,372,8350.0,405,4.5,True
Q124670567,Melissa Akullu,6,Mellissa Akullu,533,3458.0,402,15.4,True
Q5003357,Buyende,6,Buyende,812,8748.0,402,9.3,True
Q1378322,Phil Wachsmann,13,Philipp Wachsmann,578,7414.0,399,7.8,True
Q56249950,Stephen Kissa,7,Stephen Kissa,2003,4842.0,398,41.4,False
Q6377791,Katonga Wildlife Reserve,6,Hifadhi ya Wanyamapori ya Katonga,1283,4642.0,398,27.6,True
Q5002008,Busolwe,8,Busolwe,523,11471.0,396,4.6,True
Q451480,Roman Catholic Archdiocese of Mbarara,14,Jimbo Kuu la Mbarara,945,6581.0,394,14.4,True
Q26211942,Catherine Odora Hoppers,6,Catherine Odora Hoppers,9167,7996.0,392,114.6,False
Q42794695,Angela Atim Lakor,5,Angela Atim Lakor,3391,5701.0,390,59.5,False
Q6354619,Kalungu,6,Kalungu (Uganda),273,3062.0,389,8.9,True
Q53583119,Lillian Mary Nabulime,6,Lilian Mary Nabulime,3646,5927.0,387,61.5,False
Q4937658,Mildred Barya,9,Mildred Barya,5260,13677.0,386,38.5,False
Q50378461,Derrick Nsibambi,7,Derrick Nsibambi,1861,11769.0,386,15.8,True
Q7124680,Paidha,8,Paidha,608,10049.0,385,6.1,True
Q24288578,Josephine Wapakabulo,6,Josephine Wapakabulo,2330,7661.0,380,30.4,False
Q5764840,Hima,7,Hima,1642,10023.0,379,16.4,True
Q6272214,Oyam,7,Oyam,1046,7008.0,378,14.9,True
Q17580316,Charity Basaza Mulenga,8,Charity Basaza Mulenga,5079,5953.0,375,85.3,False
Q15045850,Lwakhakha,6,"Lwakhakha, Uganda",610,5299.0,374,11.5,True
Q28973016,Betty Lalam,10,Betty Lalam,4374,6651.0,373,65.8,False
Q6450897,Kyegegwa,6,Kyegegwa,291,5806.0,372,5.0,True
Q913165,Brian Umony,9,Brian Umony,2794,14475.0,371,19.3,False
Q4747501,Amolatar,10,Amolatar,1019,9485.0,370,10.7,True
Q4357107,Judith Ayaa,6,Judith Ayaa,893,8506.0,370,10.5,True
Q35732333,Lake Kachera,6,Ziwa Kachera,498,23078.0,367,2.2,True
Q659491,Brycinus nurse,14,Nangnang,3434,4989.0,366,68.8,False
Q1077155,Roman Catholic Archdiocese of Tororo,14,Jimbo Kuu la Tororo,931,4186.0,364,22.2,True
Q204690,Roman Catholic Diocese of Soroti,13,Jimbo Katoliki la Soroti,989,14489.0,363,6.8,True
Q28852625,Rose Mbowa,13,Rose Mbowa,6315,7330.0,362,86.2,False
Q111418786,Grace Kaudha,6,Grace Kaudha,3457,4818.0,362,71.8,False
Q4714068,Alebtong,9,Alebtong,521,9893.0,361,5.3,True
Q86084609,Victoria Nyanjura,6,Victoria Nyanjura,3274,6389.0,361,51.2,False
Q6693290,Serere,6,Serere,350,7473.0,358,4.7,True
Q1338365,Emmanuel Obbo,14,Emmanuel Obbo,801,5499.0,354,14.6,True
Q4982294,Bubembe Island,5,Kisiwa cha Bubembe,454,9711.0,354,4.7,True
Q3603745,Aboke,5,Aboke,5093,10475.0,353,48.6,False
Q40800312,Ziria Tibalwa Waako,5,Ziria Tibalwa Waako,2932,5589.0,352,52.5,False
Q61875364,Stella Nansikombi Makubuya,8,Stella Nansikombi Makubuya,1504,5060.0,346,29.7,True
Q6416275,Kiruhura,8,Kiruhura,387,8313.0,346,4.7,True
Q64446013,Sarah Chelangat,6,Sarah Chelangat,2333,4764.0,346,49.0,False
Q4788736,Kidepo River,13,Mto Kidepo,737,11503.0,342,6.4,True
Q870070,Roman Catholic Diocese of Jinja,13,Jimbo Katoliki la Jinja,804,7276.0,341,11.1,True
Q22451053,Ishasha River,12,Mto Ishasha,804,3720.0,340,21.6,True
Q62112360,Rachael Kungu,7,Rachael Kungu,2476,9489.0,339,26.1,False
Q870153,Roman Catholic Diocese of Kabale,13,Jimbo Katoliki la Kabale,709,7651.0,338,9.3,True
Q50146409,Florence Alice Lubega,11,Florence Alice Lubega,2150,4578.0,338,47.0,False
Q25051158,Edith Sempala,8,Edith Sempala,5371,6751.0,338,79.6,False
Q1699253,John Baptist Kaggwa,14,John Baptist Kaggwa,1047,12505.0,336,8.4,True
Q5515838,Gabriel Ruhumbika,10,Gabriel Ruhumbika,4386,4848.0,335,90.5,False
Q19609616,Gabriel Ajedra Aridru,5,Gabriel Ajedra Aridru,7723,6071.0,335,127.2,False
Q4986998,Bukomansimbi,8,Bukomansimbi,690,6030.0,329,11.4,True
Q4749014,Amuru,7,Amuru,1084,10396.0,328,10.4,True
Q5581118,Gombe,6,"Gombe, Butambala",1044,8042.0,321,13.0,True
Q7787231,Thomas Ayeko,9,Thomas Ayeko,1113,6521.0,320,17.1,True
Q913960,Roman Catholic Archdiocese of Gulu,14,Jimbo Kuu la Gulu,909,4908.0,316,18.5,True
Q6693037,Ngora,6,Ngora,337,10200.0,316,3.3,True
Q16058179,Tim Agaba,9,Tim Agaba,5324,22933.0,314,23.2,False
Q4762752,Angelina Wapakhabulo,11,Angelina Wapakhabulo,1340,4573.0,312,29.3,True
Q892494,Boniface Toroitich Kiprop,10,Boniface Toroitich Kiprop,623,4507.0,309,13.8,True
Q16895660,Namayingo,6,Namayingo,344,11480.0,307,3.0,True
Q258576,Sylvia Jebiwott Kibet,26,Sylvia Jebiwot Kibet,1046,12656.0,306,8.3,True
Q124485431,Agwara,6,Agwara (ngoma),4413,3984.0,305,110.8,False
Q62716814,Lydia Oile,7,Lydia Oile,1231,4653.0,303,26.5,True
Q870377,Roman Catholic Diocese of Kasana–Luweero,12,Jimbo Katoliki la Kasana-Luweero,722,7100.0,302,10.2,True
Q16731505,Lillian Tindyebwa,5,Lillian Tindyebwa,3703,10467.0,301,35.4,False
Q4726017,Alice Muloki,6,Alice Muloki,2687,4195.0,300,64.1,False
Q24572708,Joy Kabatsi,11,Joy Kabatsi,2675,7379.0,298,36.3,False
Q20908923,Arthur Ssegwanyi,6,Arthur Ssegwanyi,2530,4425.0,297,57.2,False
Q2692015,Kaberamaido,9,Kaberamaido,838,7785.0,295,10.8,True
Q42902882,Hilda Tadria,6,Hilda Tadria,2809,3755.0,294,74.8,False
Q96656682,Sheila Kawamara-Mishambi,6,Sheila Kawamara Mishambi,2786,10162.0,292,27.4,False
Q17014619,Hilda J Twongyeirwe,8,Hilda Twongyeirwe,3507,13107.0,290,26.8,False
Q75958768,Med Kaggwa,6,Meddie Kaggwa,1168,5609.0,290,20.8,True
Q1724550,Paul Lokiru Kalanda,8,Paul Lokiru Kalanda,974,6255.0,289,15.6,True
Q16730030,Denis Iguma,12,Denis Iguma,642,6448.0,288,10.0,True
Q102073069,Rosebell Kagumire,10,Rosebell Kagumire,1588,7471.0,286,21.3,True
Q17708809,Isaac Isinde,10,Isaac Isinde,854,6780.0,285,12.6,True
Q6272973,Manafwa,8,Manafwa,1005,5876.0,284,17.1,True
Q16597238,Ronald Musagala,9,Ronald Musagala,2036,6693.0,283,30.4,False
Q4790398,River Muzizi,7,Mto Muzizi,842,5089.0,280,16.5,True
Q16937429,Robert Ssentongo,6,Robert Ssentongo,1876,6822.0,280,27.5,True
Q872962,Roman Catholic Diocese of Nebbi,12,Jimbo Katoliki la Nebbi,675,7362.0,274,9.2,True
Q17466523,Solomon Mutai,17,Solomon Mutai,2909,5452.0,273,53.4,False
Q35733633,Lake Mulehe,8,Ziwa Mulehe,461,5684.0,272,8.1,True
Q19665925,Leila Kayondo,6,Leila Kayondo,4736,4492.0,270,105.4,False
Q111551708,Tezira Jamwa,8,Tezira Jamwa,3910,5459.0,267,71.6,False
Q61052063,Nisha Kalema,11,Nisha Kalema,1245,10329.0,266,12.1,True
Q21606718,Pumla Kisosonkole,10,Pumla Kisosonkole,1411,4702.0,266,30.0,True
Q20982443,Robert Odongkara,16,Robert Odongkara,1352,5055.0,265,26.7,True
Q1699255,John Baptist Kakubi,8,John Baptist Kakubi,607,8025.0,264,7.6,True
Q44231567,Lillian Nakate,7,Lillian Nakate,2861,7324.0,262,39.1,False
Q4685863,Aduku,5,Aduku,2248,4077.0,260,55.1,False
Q50346875,Sarah Waiswa,11,Sarah Waiswa,3462,8694.0,259,39.8,False
Q42866156,Etheldreda Nakimuli-Mpungu,14,Etheldreda Nakimuli-Mpungu,2466,21284.0,254,11.6,False
Q872027,Roman Catholic Diocese of Masaka,13,Jimbo Katoliki la Masaka,700,6063.0,253,11.5,True
Q116547881,Beatrice Kiraso,5,Beatrice Kiraso,6110,6642.0,253,92.0,False
Q16232829,Benjamin Ochan,5,Benjamin Ochan,627,11788.0,253,5.3,True
Q808406,Barnabas R. Halem ’Imana,6,Barnabas R. Halem 'Imana,374,3686.0,252,10.1,True
Q105631664,Florence Kabugho,5,Florence Kabugho,1839,6431.0,249,28.6,True
Q16239027,Michael Kasaija,5,Michael Kasaija,3007,4333.0,247,69.4,False
Q7933219,Violet Barungi,6,Violet Barungi,3616,10391.0,244,34.8,False
Q35733689,Lake Nakivali,5,Ziwa Nakivali,465,6191.0,244,7.5,True
Q7383765,Rwimi,6,Rwimi,613,6239.0,243,9.8,True
Q111436289,Ruth Molly Lematia,5,Ruth Molly Lematia,1642,5493.0,243,29.9,True
Q47130307,James Makumbi,5,James Makumbi,801,3445.0,242,23.3,True
Q111384398,Sugra Visram,6,Sugra Visram,4991,7334.0,241,68.1,False
Q868908,Roman Catholic Diocese of Fort Portal,13,Jimbo Katoliki la Fort Portal,763,4388.0,240,17.4,True
Q37923032,Oyenbot,11,Gladys Oyenbot,7554,8589.0,239,87.9,False
Q16233036,Monica Jacobs Birwinyo,12,Monica Birwinyo,2928,6432.0,238,45.5,False
Q18683810,Judith Adong,5,Judith Adong,3800,6262.0,237,60.7,False
Q48782424,Muvumba river,10,Mto Muvumba (Uganda),647,4879.0,236,13.3,True
Q27063997,Assumpta Nnaggenda-Musana,10,Assumpta Nnaggenda-Musana,8045,9750.0,234,82.5,False
Q107711228,Prisca Chesang,7,Prisca Chesang,488,7321.0,233,6.7,True
Q99681749,Aisha Kyomuhangi,8,Aisha Kyomuhangi,2227,7107.0,232,31.3,False
Q118398884,Godiva Akullo,8,Godiva Akullo,3030,3711.0,230,81.6,False
Q57825456,Nakayenze Connie Galiwango,6,Connie Galiwango Nakayenze,5092,6315.0,230,80.6,False
Q16146167,Janet Achola,8,Janet Achola,1060,1868.0,229,56.7,True
Q19207088,Lawrence Ogwang,6,Lawrence Ogwang,672,3717.0,229,18.1,True
Q30458487,Proscovia Margaret Njuki,6,Proscovia Margaret Njuki,6116,4201.0,229,145.6,False
Q51337190,Varsha Nair,10,Varsha Nair,3179,5932.0,228,53.6,False
Q19508645,Caroline Kamya,8,Caroline Kamya,1962,7494.0,228,26.2,True
Q84595639,Irene Sewankambo,6,Irene Sewankambo,5244,7766.0,227,67.5,False
Q9358766,Timothy Toroitich,12,Timothy Toroitich,776,3035.0,226,25.6,True
Q42888151,Akaliza Keza Gara,10,Akaliza Keza Gara,1086,7780.0,223,14.0,True
Q20677143,Jemimah Sanyu,5,Jemimah Sanyu,4168,13811.0,223,30.2,False
Q106835848,Oliva Amani,7,Oliva Amani,7439,11312.0,220,65.8,False
Q16221363,Gilbert Kaburu,6,Gilbert Kaburu,768,6552.0,216,11.7,True
Q869463,Roman Catholic Diocese of Hoima,14,Jimbo Katoliki la Hoima,821,6164.0,215,13.3,True
Q109372005,Isma Mugulusi,8,Isma Mugulusi,675,3891.0,215,17.3,True
Q9256514,Evelyn Adiru,9,Evelyn Adiru,1497,5033.0,214,29.7,True
Q111661101,Evelyn Acham,18,Evelyn Acham,3391,6724.0,213,50.4,False
Q21455836,Said Adrus,7,Said Andrus,2066,6771.0,212,30.5,False
Q20962343,Juliet Chekwel,11,Juliet Chekwel,2706,6621.0,208,40.9,False
Q58042010,Margaret Baba Diri,9,Margaret Baba Diri,5097,5219.0,207,97.7,False
Q872604,Roman Catholic Diocese of Moroto,13,Jimbo Katoliki la Moroto,695,5868.0,206,11.8,True
Q127688024,Belinda Chemutai,7,Belinda Chemutai,470,4694.0,206,10.0,True
Q6317331,Justin Arop,7,Justin Arop,1300,3840.0,203,33.9,True
Q38249631,Kibiito,5,Kibiito,1424,5982.0,203,23.8,True
Q3569212,Wilson Busienei,6,Wilson Busienei,1116,4702.0,202,23.7,True
Q111333689,Diana Angwech,6,Diana Angwech,2567,4477.0,201,57.3,False
Q17402417,Patrick Etolu,5,Patrick Etolu,3551,7149.0,200,49.7,False
Q24705004,Bukungu,5,Bukungu (Uganda),1139,5308.0,199,21.5,True
Q111649859,Kayaga Baroda Watongola,7,Kayanga Baroda Watongola,3716,6135.0,198,60.6,False
Q4790390,Pager River,8,Mto Pager,850,6926.0,197,12.3,True
Q83613987,Rita Aciro,9,Rita Aciro,2586,4860.0,196,53.2,False
Q871466,Roman Catholic Diocese of Lugazi,13,Jimbo Katoliki la Lugazi,771,3856.0,194,20.0,True
Q121811294,Tom Dradriga,7,Tom Dradiga,988,7067.0,194,14.0,True
Q16727764,Loyce Biira Bwambale,7,Loyce Biira Bwambale,1685,3066.0,194,55.0,True
Q4668961,Abraham Kiplimo,7,Abraham Kiplimo,774,3948.0,193,19.6,True
Q46999139,Rose Kirumira,5,Rose Kirumira,5060,10896.0,193,46.4,False
Q110977893,Sumaya Komuntale,5,Sumaya Komuntale,1520,2812.0,189,54.1,True
Q55433698,Janet Mbabazi,7,Janet Mbabazi,3440,4740.0,188,72.6,False
Q105759689,Dorcus Acen,8,Dorcus Acen,1725,5950.0,187,29.0,True
Q19667760,Evangeline Barongo,7,Evangeline Barongo,2841,9590.0,183,29.6,False
Q866915,Roman Catholic Diocese of Arua,15,Jimbo Katoliki la Arua,775,5883.0,182,13.2,True
Q474581,Roman Catholic Diocese of Lira,12,Jimbo Katoliki la Lira,739,7235.0,182,10.2,True
Q4831217,Ayeta Anne Wangusa,8,Ayeta Anne Wangusa,1390,7819.0,182,17.8,True
Q9374817,William Dralu,8,William Dralu,816,2550.0,181,32.0,True
Q28478781,Goretti Angolikin,6,Goretti Angolikin,1705,5064.0,181,33.7,True
Q119321704,Leonard Chemutai,8,Leonard Chemutai,358,5817.0,180,6.2,True
Q6924814,Mount Zulia,7,Mlima Zulia,474,6430.0,180,7.4,True
Q105966519,Agnes Acibu,7,Agnes Acibu,1360,3220.0,179,42.2,True
Q870715,Roman Catholic Diocese of Kotido,13,Jimbo Katoliki la Kotido,716,2471.0,174,29.0,True
Q4790353,Lamia River,6,Mto Lamia,624,3822.0,174,16.3,True
Q29019684,Philippa Namutebi Kabali-Kagwa,6,Philippa Namutebi Kabali-Kagwa,4489,7198.0,173,62.4,False
Q15615969,Lwajjali River,5,Mto Lwajjali,908,5536.0,173,16.4,True
Q111162702,Victoria Namusisi,7,Victoria Nalongo Namusisi,4670,6411.0,168,72.8,False
Q11850584,Albert Edward Baharagate,11,Albert Edward Baharagate Akiiki,1232,7014.0,167,17.6,True
Q1452850,Frederick Drandua,9,Frederick Drandua,688,5527.0,167,12.4,True
Q4914566,Binyiny,6,Binyiny,347,3452.0,167,10.1,True
Q1677421,Jacob Araptany,11,Jacob Araptany,1209,3264.0,165,37.0,True
Q15433919,Ndyakira Ntamukiira Amooti,5,Ndyakira Amooti,3584,6217.0,165,57.6,False
Q348817,Alex Malinga,8,Alex Malinga,598,2459.0,164,24.3,True
Q1700258,John Goville,7,John Goville,1348,2268.0,162,59.4,True
Q4997417,Bunamwaya Stadium,6,Uwanja wa michezo wa Bunamwaya,723,1314.0,161,55.0,True
Q6404024,Kibingo,6,"Kibingo, Uganda",1096,6970.0,160,15.7,True
Q462063,Roman Catholic Diocese of Kasese,12,Jimbo Katoliki la Kasese,646,5002.0,159,12.9,True
Q97155765,Catherine Apalat,9,Catherine Apalat,4830,4585.0,159,105.3,False
Q5591011,Grace Birungi,8,Grace Birungi,765,2200.0,159,34.8,True
Q111893822,William Amanzuru,6,William Leslie Amanzuru,1745,6603.0,158,26.4,True
Q4790384,Ora River,8,Mto Ora,685,1234.0,154,55.5,True
Q955373,Mike Okot,8,Mike Okot,1349,2642.0,150,51.1,True
Q113960932,Caroline Adoch,8,Caroline Adoch,1920,4923.0,149,39.0,True
Q42701026,Josephine Okot,7,Josephine Okot,4786,6850.0,149,69.9,False
Q26268006,Nyakisi Adero,11,Nyakisi Adero,1058,2457.0,147,43.1,True
Q42307038,Fred Musobo,6,Fred Musobo,412,3804.0,146,10.8,True
Q9324189,Ruth Kyalisima,10,Ruth Kyalisima,831,2868.0,145,29.0,True
Q4790358,Lugogo River,8,Mto Lugogo,843,2754.0,145,30.6,True
Q1503094,Geofrey Kusuro,10,Geofrey Kusuro,2205,3477.0,144,63.4,False
Q50376436,Bernard Muwanga,6,Bernard Muwanga,622,2767.0,144,22.5,True
Q22277677,Daisy Ejang,5,Daisy Ejang,1918,1446.0,144,132.6,True
Q22083689,Edith Nakiyingi,7,Edith Nakiyingi,1294,8706.0,143,14.9,True
Q124736459,Milly Nassolo,6,Milly Nassolo,6128,6662.0,143,92.0,False
Q47816057,Maureen Nankya,6,Maureen Nankya,3045,4238.0,142,71.8,False
Q47014860,Betty Manyolo,8,Betty Manyolo,1290,8782.0,141,14.7,True
Q17335310,Abraham Munabi,6,Abraham Munabi,683,2060.0,140,33.2,True
Q6318331,Justine Bayigga,8,Justine Bayigga,1242,3244.0,137,38.3,True
Q24951166,Amos Omolo,6,Amos Omolo,788,2116.0,134,37.2,True
Q19666776,Nakisanze Segawa,7,Nakisanze Segawa,2083,6723.0,133,31.0,False
Q1190129,Deogratias Muganwa Byabazaire,6,Deogratias Muganwa Byabazaire,922,5795.0,133,15.9,True
Q4790372,Nyagak River,9,Mto Nyagak,617,912.0,131,67.7,True
Q1329153,Erasmus Desiderius Wandera,9,Erasmus Desiderius Wandera,1021,5269.0,130,19.4,True
Q17544245,Phillip Kipyeko,9,Phillip Kipyeko,660,3825.0,128,17.3,True
Q19667662,Nyana Kakoma,6,Nyana Kakoma,2129,6587.0,125,32.3,False
Q610256,Francis Ogola,6,Francis Ogola,885,2266.0,124,39.1,True
Q36531298,Jean Baptiste Okello,5,Jean Baptiste Okello,836,2365.0,123,35.3,True
Q14944333,Patrick Edema,6,Patrick Edema,1404,3574.0,122,39.3,True
Q5927695,Moses Kyeswa,6,Moses Kyeswa,910,1632.0,122,55.8,True
Q111307347,Barumba Beatrice Rusaniya,5,Barumba Beatrice Rusaniya,2241,4090.0,122,54.8,False
Q43264869,Florence Mawejje,6,Florence Mawejje,1379,5591.0,121,24.7,True
Q96802587,Alice Boase,6,Alice Boase,2559,3172.0,119,80.7,False
Q35120214,Albert Chemutai,7,Albert Chemutai,991,3384.0,118,29.3,True
Q125965768,Jesca Ruth Ataa,6,Jesca Ruth Ataa,980,5822.0,115,16.8,True
Q23772403,William Kamanyi,6,William Kamanyi,4069,5236.0,114,77.7,False
Q15631294,Margaret Nankabirwa,7,Margaret Nankabirwa,1884,6038.0,113,31.2,True
Q124675453,Evelyne Nakiyingi,5,Evelyne Nakiyingi,2078,2349.0,113,88.5,False
Q110982406,Lilian Mutuuzo,5,Lillian Mutuuzo,2775,3706.0,111,74.9,False
Q24251127,Joel Otim,7,Joel Otim,358,1396.0,106,25.6,True
Q37764671,Grace Buzu,7,Grace Buzu,820,3778.0,105,21.7,True
Q6152819,Jane Suuto,9,Jane Suuto,1090,1813.0,102,60.1,True
Q105759825,Betty Luoke Chelain,7,Betty Louke Chelain,288,2761.0,102,10.4,True
Q1707759,Joseph Oyanga,9,Joseph Oyanga,682,4767.0,101,14.3,True
Q26263136,Moses Kurong,9,Moses Kurong,668,1881.0,100,35.5,True
Q7176726,Peter Rwamuhanda,6,Peter Rwamuhanda,554,2166.0,100,25.6,True
Q133896110,Florence Nkalubo,6,Florence Nkalubo,4628,6602.0,99,70.1,False
Q16563654,Joseph Ssali,5,Joseph Ssali,843,1623.0,97,51.9,True
Q4357104,Rose Musani,7,Rose Musani,682,1423.0,91,47.9,True
Q30945457,Irene Muyanga,6,Irene Muyanga,874,1703.0,89,51.3,True
Q32144773,Farida Kyakutewa,6,Farida Kyakutema,1100,2469.0,88,44.6,True
Q15838612,Daisy Nakalyango,6,Daisy Nakalyango,1206,5135.0,87,23.5,True
Q16579325,Moses Musonge,5,Moses Musonge,709,1572.0,80,45.1,True
Q27853424,Pius Olowo,5,Pius Olowo,696,1701.0,71,40.9,True
Q1111939,Maracha-Terego District,8,Wilaya ya Maracha-Terego,1379,30.0,28,4596.7,True
Q27678776,Hellen Lukoma,8,Hellen Lukoma,1714,0.0,0,,True
Q124340049,Akogo,5,Akogo,5044,0.0,0,,False
Q124339595,Amaggunju,5,Amaggunju,5559,0.0,0,,False
Q5001975,Busitema,5,Busitema,691,3240.0,0,21.3,True
Q5111091,Christine Kitumba,5,Christine Kitumba,871,4841.0,0,18.0,True
Q5204904,DFCU Group,5,DFCU Group,288,7177.0,0,4.0,True
Q5327657,East African Legislative Assembly,5,Bunge la Afrika Mashariki,1161,28532.0,0,4.1,True
Q5366225,Elly Tumwine,5,Elly Tumwine,1726,10952.0,0,15.8,True
Q55433688,Gertrude Candiru,5,Gertrude Candiru,2262,3544.0,0,63.8,False
Q55433683,Joyce Apio,5,Joyce Mary Apio,2298,3405.0,0,67.5,False
Q58198507,Faridah Nakazibwe,5,Faridah Nakazibwe,1327,7180.0,0,18.5,True
Q56289673,Esta Nambayo,5,Esta Nambayo,1776,6295.0,0,28.2,True
Q58756497,Sanyu Robinah Mweruka,5,Sanyu Robinah Mweruka,2207,6785.0,0,32.5,False
Q62574878,Stella Atal,5,Stella Atal,1965,5106.0,0,38.5,True
Q6309980,Julius Mutekanga,5,Julius Mutekanga,1522,3034.0,0,50.2,True
Q6404078,Kibuku,5,Kibuku,350,7816.0,0,4.5,True
Q64011514,Monica Chibita,5,Monica Chibita,3734,17368.0,0,21.5,False
Q6443410,Kumam dialect,5,Kikumam,746,5747.0,0,13.0,True
Q65326471,Lake Chahafi,5,Ziwa Chahafi,400,1206.0,0,33.2,True
Q6699373,Kiryandongo,5,Kiryandongo,647,7210.0,0,9.0,True
Q6699878,Mitooma,5,Mitooma,372,7767.0,0,4.8,True
Q6697604,Zombo,5,"Zombo, Uganda",347,10348.0,0,3.4,True
Q7070894,Nyangia,5,Kinyang'i,858,5334.0,0,16.1,True
Q6687528,Lwengo,5,Lwengo,687,6916.0,0,9.9,True
Q6783287,Masindi Port,5,Masindi Port,265,5790.0,0,4.6,True
Q6787626,Matiya Mulumba,5,Matias Mulumba Kalemba,3047,3773.0,0,80.8,False
Q6791956,Matugga,5,Matugga,224,8526.0,0,2.6,True
Q6966465,Narus river,5,Mto Narus (Uganda),605,4651.0,0,13.0,True
Q6958908,Nagongera,5,Nagongera,260,7243.0,0,3.6,True
Q69990468,Asinisi Fina Opio,5,Asinisi Fina Opio,1392,3178.0,0,43.8,True
Q7087377,Oliver Acii,5,Oliver Acii,847,1458.0,0,58.1,True
Q7175166,Peter Kenneth,5,Peter Kenneth,8373,10185.0,0,82.2,False
Q7558636,Solomon Iguru I,5,Solomon Iguru I,858,4632.0,0,18.5,True
Q7158201,Pearl of Africa Music Awards,5,Tuzo za muziki Pearl of Africa,874,2150.0,0,40.7,True
Q9189055,Charles Mbazira,5,Charles Mbazira,684,1731.0,0,39.5,True
Q83610077,Eunice Musiime,5,Eunice Musiime,4781,4205.0,0,113.7,False
Q77968927,Ghetto Kids,5,Ghetto Kids,2896,8092.0,0,35.8,False
Q87474492,Hellen Baleke,5,Hellen Baleke,4752,6033.0,0,78.8,False
Q83614948,Primah Kwagala,5,Primah Kwagala,1787,7835.0,0,22.8,True
Q9336982,Silver Ayoo,5,Silver Ayoo,3147,4393.0,0,71.6,False
Q9368966,Vitus Ashaba,5,Vitus Ashaba,677,1537.0,0,44.0,True
Q9374930,Wilson Achia,5,Wilson Achia,679,381.0,0,178.2,True
Q97119881,Felix Chemonges,5,Felix Chemonges,2238,5306.0,0,42.2,False
Q97487775,Kazo District,5,Wilaya ya Kazo,1317,6325.0,0,20.8,True
Q85774640,Kitagwenda District,5,Wilaya ya Kitagwenda,1366,7932.0,0,17.2,True
Q97996412,Bright Anukani,5,Bright Anukani,274,2845.0,0,9.6,True
Q97109424,Dominica Dipio,5,Dominica Dipio,5393,12395.0,0,43.5,False
Q97011424,Sheila Gashumba,5,Sheilah Gashumba,4031,13614.0,0,29.6,False
Q111023763,Annet Nakimbugwe,4,Annet Nakimbugwe,3217,5491.0,0,58.6,False
Q104904723,Mariya Nzigiyimana,4,Mariya Nzigiyimana,336,1315.0,0,25.6,True
Q105322566,Nancy Kalembe,4,Nancy Kalembe,2931,9433.0,0,31.1,False
Q105642336,Wanjiku Muhia,4,Wanjiku Muhia,1896,4356.0,0,43.5,True
Q110781877,Chosen Becky,4,Chosen Becky,2777,7980.0,0,34.8,False
Q111458401,Christine Ntegamahe Mwebesa,4,Christine Ntegamahe Mwebesa,794,3382.0,0,23.5,True
Q110974049,Daisy Nakaziro,4,Daisy Nakaziro,1113,2488.0,0,44.7,True
Q110898055,Baby Gloria,4,Gloria Mulungi Senyonjo,1806,8294.0,0,21.8,True
Q108933256,Hasifah Nassuna,4,Hasifah Nassuna,1105,9201.0,0,12.0,True
Q109024300,Rehmah Kasule,4,Rehmah Kasule,3085,13722.0,0,22.5,False
Q110967333,Ruth Aturo,4,Ruth Aturo,1157,2844.0,0,40.7,True
Q110978844,Shamirah Nalugya,4,Shamirah Nalugya,1011,3558.0,0,28.4,True
Q113506072,Irene Mrembo Njoki,4,Irene Mrembo Njoki,1586,5525.0,0,28.7,True
Q111972727,Martha Kazungu,4,Martha Kazungu,3611,9639.0,0,37.5,False
Q124387446,Fatuma Ndangiza,4,Fatuma Ndangiza,501,45570.0,0,1.1,True
Q123171413,Luwombo,4,Luwombo,1588,12180.0,0,13.0,True
Q13123814,Mad Ice,4,Mad Ice,3362,11006.0,0,30.5,False
Q125102935,Ritah Asiimwe,4,Ritah Asiimwe,5816,7444.0,0,78.1,False
Q130351991,Agnes Nabukenya,4,Agnes Nabukenya,5182,6464.0,0,80.2,False
Q131579070,Brian Mushana Kwesiga,4,Brian Mushana Kwesiga,13115,20015.0,0,65.5,False
Q131291101,Danielita Favour Nambatya,4,Danielita Favour Nambatya,2998,6830.0,0,43.9,False
Q133097762,Ekyalakanu,4,Ekyalakanu,2547,2798.0,0,91.0,False
Q129652260,Jane Asiimwe Muhindo,4,Jane Asiimwe Muhindo,5063,6806.0,0,74.4,False
Q133822955,Phoebe Awere Otaala,4,Phoebe Awere Otaala,738,4850.0,0,15.2,True
Q133525510,Solome Nakaweesi Kimbugwe,4,Solome Nakaweesi Kimbugwe,5186,13597.0,0,38.1,False
Q134965037,Sylvia Kabene,4,Sylvia Kabene,6465,10329.0,0,62.6,False
Q130612903,Zaina Nandede,4,Zainah Nandede,2126,8173.0,0,26.0,False
Q16203636,Abraham Byandaala,4,Abraham Byandala,3342,5475.0,0,61.0,False
Q16733149,Beverley Nambozo,4,Beverley Nambozo,4549,16257.0,0,28.0,False
Q16546294,Fred Ogwang,4,Fred Ogwang,683,99.0,0,689.9,True
Q16730446,Ssemwanga Joseph,4,Joseph Semwanga,2147,6035.0,0,35.6,False
Q16893156,Kasawo,4,Kasawo,1181,9406.0,0,12.6,True
Q16893197,Katunguru,4,"Katunguru, Uganda",1356,10593.0,0,12.8,True
Q16729773,Nince Henry,4,Nince Henry,3748,5415.0,0,69.2,False
Q16733959,Paskar Owor,4,Paskar Owor,678,4447.0,0,15.2,True
Q16734808,Queen Best Kemigisa,4,Queen Best Kemigisa,1224,6854.0,0,17.9,True
Q18344813,Celestino Obua,4,Celestino Obua,1001,22408.0,0,4.5,True
Q19655566,Erasmus Amukun,4,Erasmus Amukun,791,2581.0,0,30.6,True
Q19666589,Herman Ssewanyana,4,Herman Ssewanyana,512,4446.0,0,11.5,True
Q19666896,Ife Piankhi,4,Ife Piankhi,3722,10656.0,0,34.9,False
Q1964393,Namugenyi Kiwanuka,4,Nam Kiwanuka,1596,3256.0,0,49.0,True
Q17421715,Pio Zirimu,4,Pio Zirimu,785,5477.0,0,14.3,True
Q17099641,The Uganda Girl Guides Association,4,Shirikisho la Skauti wa Kike Uganda,757,2094.0,0,36.2,True
Q18349906,Abortion in Uganda,4,Utoaji mimba nchini Uganda,2785,16278.0,0,17.1,False
Q18704882,Silas Babaluku Balabyekkubo,4,Babaluku,1886,6062.0,0,31.1,True
Q20746229,Acholibur,4,Acholibur,1485,6603.0,0,22.5,True
Q22669668,William Koskei,4,Bill Koskei,670,5050.0,0,13.3,True
Q23418960,Donna Kusemererwa,4,Donna Kusemererwa,2717,4961.0,0,54.8,False
Q23035913,John Ssenseko Kulubya,4,John Ssenseko Kulubya,3965,5322.0,0,74.5,False
Q20653572,Kay Adroa,4,Kay Adroa,813,2986.0,0,27.2,True
Q22082380,Kazo,4,Kazo,337,4154.0,0,8.1,True
Q21062725,Patrick Mutono,4,Patrick Mutono,1009,3506.0,0,28.8,True
Q22082409,Sanga Town,4,"Sanga, Uganda",262,9614.0,0,2.7,True
Q23772139,Geoffrey Kiryabwire,4,Geoffrey Kiryabwire,1455,7099.0,0,20.5,True
Q26924525,Irene Ajambo,4,Irene Ajambo,1472,4101.0,0,35.9,True
Q24054198,Kamonkoli,4,Kamonkoli,2324,5474.0,0,42.5,False
Q24851618,Kania Obiga,4,Kania Obiga,3488,4963.0,0,70.3,False
Q24236424,Damba Island,4,Kisiwa cha Damba,423,1895.0,0,22.3,True
Q24965529,Nakivale Refugee Settlement,4,Makazi ya Wakimbizi ya Nakivale,4167,19338.0,0,21.5,False
Q28470776,Grace Kigeni,4,Grace Kigeni,12958,13658.0,0,94.9,False
Q27829078,Patricia Ojangole,4,Patricia Ojangole,1964,6050.0,0,32.5,True
Q28038485,Richard Tuwangye,4,Richard Tuwangye,258,14379.0,0,1.8,True
Q30612388,James Odongo,4,James Odongo (mwanariadha),684,1594.0,0,42.9,True
Q34621948,Charles Dramiga,4,Charles Dramiga,1005,1919.0,0,52.4,True
Q38058865,Alfonse Owiny-Dollo,4,Alfonse Owiny-Dollo,2067,9577.0,0,21.6,False
Q41018363,Grania Rubomboras,4,Grania Rubomboras,4164,8696.0,0,47.9,False
Q41635650,Jorem Ochana,4,Jorem Ochana,681,1391.0,0,49.0,True
Q40459204,Mary Musani,4,Mary Musani,693,1603.0,0,43.2,True
Q42860094,Pauline Irene Batebe,4,Pauline Irene Batebe,6674,13413.0,0,49.8,False
Q4790379,Okot River,4,Mto Okot,455,1062.0,0,42.8,True
Q43549242,Philippa Ngaju Makobore,4,Philippa Ngaju Makobore,4769,8816.0,0,54.1,False
Q47494738,Mary Wamaua Waithira Njoroge,4,Mary Wamaua Waithira Njoroge,1343,2624.0,0,51.2,True
Q47530336,Mowzey Radio,4,Mowzey Radio,5146,9182.0,0,56.0,False
Q49318792,Lake Kyaninga,4,Ziwa Kyaninga,720,0.0,0,,True
Q4986096,Bugaia Island,4,Kisiwa cha Bugaia,448,4997.0,0,9.0,True
Q5003662,Bwamiramira,4,Bwamiramira,581,6605.0,0,8.8,True
Q5003681,Bweyogerere,4,Bweyogerere,2249,9460.0,0,23.8,False
Q50378442,Shafiq Kagimu,4,Shafik Kagimu,2465,8335.0,0,29.6,False
Q54632851,Badru Kiggundu,4,Badru Kiggundu,14423,8002.0,0,180.2,False
Q56065060,Evelyn Nabunya,4,Evelyn Nabunya,3069,5932.0,0,51.7,False
Q5496187,Ruhindi Fredrick,4,Fred Ruhindi,2502,6003.0,0,41.7,False
Q5499420,Fredrick Mugisha,4,Fredrick Mugisha,1209,7930.0,0,15.2,True
Q5555124,Ggaba,4,Ggaba,958,7318.0,0,13.1,True
Q54226438,Seanice Kacungira,4,Seanice Kacungira,3360,4565.0,0,73.6,False
Q57826830,Margaret Komuhangi,4,Margaret Komuhangi,6168,7183.0,0,85.9,False
Q56823703,Rebecca Mulira,4,Rebecca Mulira,2175,2839.0,0,76.6,False
Q57897111,Sam Mbulaiteye,4,Sam Mbulaiteye,975,8232.0,0,11.8,True
Q58416630,Josephine Karungi,4,Josephine Karungi,6347,6681.0,0,95.0,False
Q6140150,James Munange Ogoola,4,James Ogoola,3009,12914.0,0,23.3,False
Q6250155,John Nasasira,4,John Nasasira,2515,5411.0,0,46.5,False
Q6192180,Jie,4,Wajie (Uganda),544,6305.0,0,8.6,True
Q61008867,Anna Bitature Mugenyi,4,Anna Bitature Mugenyi,1991,4845.0,0,41.1,True
Q62520014,Faridah Bulega,4,Faridah Bulega,5121,5960.0,0,85.9,False
Q6309639,Julius Achon,4,Julius Achon,1138,13128.0,0,8.7,True
Q6404722,Kiddu Makubuya,4,Kiddu Makubuya,1624,7367.0,0,22.0,True
Q6378433,Katuna,4,Katuna,1098,17092.0,0,6.4,True
Q6398590,Kezia of Tooro,4,Kezia Rukidi,945,5132.0,0,18.4,True
Q6417816,Kitamilo,4,Kitamilo,336,5736.0,0,5.9,True
Q65494256,Eva Magala,4,Eva Magala,2656,2866.0,0,92.7,False
Q6700100,Rubirizi,4,Rubirizi,357,9526.0,0,3.7,True
Q6692420,Luuka Town,4,Luuka,347,4512.0,0,7.7,True
Q6915758,Moses Ebuk,4,Moses Ebuk,1347,5247.0,0,25.7,True
Q6932197,Mugisha Muntu,4,Mugisha Muntu,6245,10205.0,0,61.2,False
Q6696571,Napak,4,Napak,415,4815.0,0,8.6,True
Q67376249,Rubanda-Mayonza,4,Rubanda-Mayonza,519,3297.0,0,15.7,True
Q84335046,Fazila Ikwaput,4,Fazila Ikwaput,1023,6780.0,0,15.1,True
Q74192306,Goretti Nassanga,4,Goretti Nassanga,2827,5302.0,0,53.3,False
Q9368808,Vincent Ruguga,4,Vincent Ruguga,1330,2297.0,0,57.9,True
Q88720647,Angella Musiimenta,4,Angela Musiimenta,1030,3267.0,0,31.5,True
Q96622977,Emily Maractho,4,Emily Maractho,1595,9866.0,0,16.2,True
Q96651595,Josephine Nabukenya,4,Josephine Nabukenya,2999,6025.0,0,49.8,False
Q97744430,Natasha Shirazi,4,Natasha Shirazi,2368,7191.0,0,32.9,False
Q98966453,Lawrence Sebalu,4,Lawrence Sebalu,1637,9541.0,0,17.2,True
Q111049857,Lugoloobi Amos,3,Amos Lugoloobi,3175,6726.0,0,47.2,False
Q111023612,Asha Sonko,3,Asha Sonko,889,2446.0,0,36.3,True
Q108083083,Elizabeth Kyazike,3,Elizabeth Kyazike,904,4186.0,0,21.6,True
Q111050319,John Babiiha,3,John Babiiha,1242,5287.0,0,23.5,True
Q10661294,Sanga Island,3,Kisiwa cha Sanga (Buvuma),458,0.0,0,,True
Q110923779,Elizabeth Nalugemwa,3,Elizabeth Nalugemwa,3667,12351.0,0,29.7,False
Q111482350,Justina Geraldine Najjuka,3,Justina Geraldine Najjuka,3400,5917.0,0,57.5,False
Q108572466,Mildred Tuhaise,3,Mildred Tuhaise,1000,4712.0,0,21.2,True
Q110980021,Shadia Nankya,3,Shadia Nankya,1694,6158.0,0,27.5,True
Q110877810,Veronica Sentongo,3,Veronica Sentongo,4753,4706.0,0,101.0,False
Q108823716,Victoria Katamba,3,Victoria Katamba,1638,5919.0,0,27.7,True
Q110982510,Viola Namuddu,3,Viola Namuddu,1360,2337.0,0,58.2,True
Q110971863,Yudaya Nakayenze,3,Yudaya Nakayenze,2348,7797.0,0,30.1,False
Q111304092,Christine Nambirige,3,Christine Nambirige,2906,3332.0,0,87.2,False
Q11699013,Fulgence Rwabu,3,Fulgence Rwabu,679,1552.0,0,43.8,True
Q111300462,Grace Aluka,3,Grace Aluka,1290,0.0,0,,True
Q111729377,Immaculate Akello,3,Immaculate Akello,2873,0.0,0,,False
Q111948377,Nana Mwafrika Mbarikiwa,3,Nana Mwafrika,5542,6365.0,0,87.1,False
Q118578877,Sarah Bireete,3,Sarah Bireete,1331,8580.0,0,15.5,True
Q124666178,Culton Scovia Nakamya,3,Culton Scovia Nakamya,4837,5149.0,0,93.9,False
Q126936275,Frank Muramuzi,3,Frank Muramuzi,2031,5215.0,0,38.9,False
Q124988135,Hannah Karema Tumukunde,3,Hannah Karema Tumukunde,6000,9123.0,0,65.8,False
Q125423041,Josephine Kakooza,3,Josephine Kakooza,5461,6483.0,0,84.2,False
Q126604138,Narendra M. Patel,3,Narendra M. Patel,2095,3702.0,0,56.6,False
Q131927821,Alakena,3,Alakena,3943,11047.0,0,35.7,False
Q131913134,Amalakwang,3,Amalakwang,2209,3914.0,0,56.4,False
Q130612943,Anitah Namata,3,Anitah Namata,2277,6723.0,0,33.9,False
Q134289420,Carol Alyek Beyanga,3,Carol Alyek Beyanga,3715,3958.0,0,93.9,False
Q133780083,Carol Nakimera,3,Carol Nakimera,5607,8183.0,0,68.5,False
Q132830790,Empogola,3,Empogola,2242,2447.0,0,91.6,False
Q133934861,Jackline Kemigisa,3,Jackline Kemigisa,2325,5782.0,0,40.2,False
Q132661273,Kikalayi,3,Kikalayi,2971,6576.0,0,45.2,False
Q130306486,Nafian Legason Alionzi,3,Nafian Alionzi,1752,4720.0,0,37.1,True
Q130610924,Hadija Nalongo,3,Nalongo Hadijah,3208,6937.0,0,46.2,False
Q131148024,Namugerwa Gloria,3,Namugerwa Gloria,2248,4021.0,0,55.9,False
Q131313247,Nayiga Patricia,3,Nayiga Patricia,2425,4754.0,0,51.0,False
Q136186195,Perry Aritua,3,Perry Aritua,1912,4492.0,0,42.6,True
Q130353325,Shakirah Nankwanga,3,Shakirah Nankwanga,2932,3659.0,0,80.1,False
Q136408864,Shakirah Nyinagahirwa,3,Shakirah Nyinagahirwa,3371,3569.0,0,94.5,False
Q131438489,Zafaran,3,Zafaran (mwanamuziki),1806,4146.0,0,43.6,True
Q130613918,Zaina Namuleme,3,Zaina Namuleme,3014,8810.0,0,34.2,False
Q15262267,Ngogwe,3,Ngogwe (manispaa),945,3429.0,0,27.6,True
Q138789767,Sarah Mukasa,3,Sarah Mukasa,6329,9580.0,0,66.1,False
Q15437477,Godfrey Kalimugogo,3,Godfrey Kalimugogo,1838,7463.0,0,24.6,True
Q16212968,James Makubuya,3,James Makubuya,2146,3287.0,0,65.3,False
Q16892998,Kabamba,3,"Kabamba, Uganda",331,10242.0,0,3.2,True
Q16893188,Katosi,3,Katosi,842,10697.0,0,7.9,True
Q16896010,Ntoroko,3,Ntoroko,354,9729.0,0,3.6,True
Q19655214,Ben Nduga,3,Ben Nduga,685,1719.0,0,39.8,True
Q19667986,Daniel Kidega,3,Daniel Kidega,2308,6717.0,0,34.4,False
Q17386448,Fidelis Ndyabagye,3,Fidelis Ndyabagye,2500,3628.0,0,68.9,False
Q18353246,Nick Twinamatsiko,3,Nick Twinamatsiko,600,4055.0,0,14.8,True
Q18686455,Gravity Omutujju,3,Gravity Omutujju,2453,4920.0,0,49.9,False
Q19865994,Baruuli,3,Waruuli,534,11547.0,0,4.6,True
Q23409638,Bob Kabonero,3,Bob Kabonero,667,6305.0,0,10.6,True
Q22082369,Bobi,3,"Bobi, Uganda",1337,6191.0,0,21.6,True
Q22082370,Bukeerere,3,Bukeerere,1230,5369.0,0,22.9,True
Q20982424,Kabulasoke,3,Kabulasoke,819,6196.0,0,13.2,True
Q20982425,Kaiso,3,"Kaiso, Uganda",1971,4208.0,0,46.8,True
Q22082387,Lumino,3,"Lumino, Uganda",1019,4162.0,0,24.5,True
Q22278744,Moses Kuria,3,Moses Kuria,561,10277.0,0,5.5,True
Q20982441,Musita,3,Musita,853,4670.0,0,18.3,True
Q22280254,Okello Sam,3,Okello Sam,4431,6555.0,0,67.6,False
Q20717896,list of mountains in Uganda,3,Orodha ya milima ya Uganda,991,1023.0,0,96.9,True
Q24054206,Atutur Town,3,Atutur Town,1643,7219.0,0,22.8,True
Q24236551,Bukuya,3,Bukuya,1147,7821.0,0,14.7,True
Q24565103,Dennis Galabuzi Ssozi,3,Dennis Galabuzi Ssozi,1762,4971.0,0,35.4,True
Q24572657,Maganda Julius Wandera,3,Julius Wandera Maganda,3218,6342.0,0,50.7,False
Q24054209,Kawanda,3,Kawanda,694,4977.0,0,13.9,True
Q24713596,Kibimba,3,"Kibimba, Uganda",1855,7477.0,0,24.8,True
Q24572632,William Byaruhanga,3,William Byaruhanga,2224,4300.0,0,51.7,False
Q26702132,Yabezi Kiiza,3,Yabezi Kiiza,3214,3107.0,0,103.4,False
Q29057421,Producer Hannz,3,Hannz Tactiq,2785,4770.0,0,58.4,False
Q28151726,Olive Byamukama,3,Olive Byamukama,870,1990.0,0,43.7,True
Q27662587,Wilbrod Humphreys Owor,3,Wilbrod Humphreys Owor,569,5510.0,0,10.3,True
Q31886540,Butebo,3,Butebo,350,8501.0,0,4.1,True
Q29842989,Mustafa Musa,3,Mustafa Musa,669,2234.0,0,29.9,True
Q29649732,Peter Elwelu,3,Peter Elwelu,1307,7338.0,0,17.8,True
Q34197405,Gadi Ado,3,Gadi Ado,816,2540.0,0,32.1,True
Q33089292,Sunday Olweny,3,Sunday Olweny,690,1442.0,0,47.9,True
Q35464933,Malaba,3,Mto Malaba (Uganda),508,0.0,0,,True
Q38249479,Kakumiro,3,Kakumiro,2594,8064.0,0,32.2,False
Q38249616,"Mparo, Rukiga",3,Mparo,344,7715.0,0,4.5,True
Q35733696,Lake Nakuwa,3,Ziwa Nakuwa,464,0.0,0,,True
Q4670267,Abu Mayanja,3,Abubaker Kakyama Mayanja,1313,10552.0,0,12.4,True
Q40704070,Bemanya Twebaze,3,Bemanya Twebaze,2072,6490.0,0,31.9,False
Q40352030,Virgil Okiring,3,Virgil Okiring,685,1444.0,0,47.4,True
Q4711265,Albert Ssempeke,3,Albert Ssempeke,2223,6386.0,0,34.8,False
Q4784206,Arapai,3,Arapai,1485,3898.0,0,38.1,True
Q46061454,James Zikusoka,3,James Zikusoka,1663,5860.0,0,28.4,True
Q4790716,Aringa people,3,Waaringa,935,5166.0,0,18.1,True
Q4853553,Bamunanika,3,Bamunanika,1169,3665.0,0,31.9,True
Q4875392,Bbaale,3,Bbaale,1456,3751.0,0,38.8,True
Q4903036,Bibia,3,Bibia,2523,7362.0,0,34.3,False
Q47490066,Faith Wairimu Gitau,3,Faith Gitau,1039,2448.0,0,42.4,True
Q47490045,Gathoni Wamuchomba,3,Gathoni Wa Muchomba,1739,9264.0,0,18.8,True
Q47494309,Martha Wangari Wanjira,3,Martha Wangari Wanjira,1231,4284.0,0,28.7,True
Q48775466,Rubanda,3,Rubanda,354,8290.0,0,4.3,True
Q4986126,Bugamba,3,Bugamba,2477,8625.0,0,28.7,False
Q49651961,Lingira Island,3,Kisiwa cha Lingira,450,0.0,0,,True
Q4986333,Buhweju,3,Nsiika,354,8978.0,0,3.9,True
Q4996443,Bulindo,3,Bulindo,882,9925.0,0,8.9,True
Q5002335,Butabika Hospital,3,Hospitali ya Butabika,3123,6409.0,0,48.7,False
Q52322109,Jane Kasumba,3,Jane Kasumba,2233,2998.0,0,74.5,False
Q5350449,Ekitiibwa kya Buganda,3,Ekitiibwa kya Buganda,957,3282.0,0,29.2,True
Q5518596,Galilaya,3,Galilaya (Uganda),2283,4053.0,0,56.3,False
Q5528731,Gayaza,3,Gayaza,1449,12092.0,0,12.0,True
Q5581120,Gombe,3,"Gombe, Wakiso",937,6564.0,0,14.3,True
Q55693715,Manuela P. Mulondo,3,Manuela P. Mulondo,2886,11303.0,0,25.5,False
Q57880790,Emmy Okello,3,Emmy Okello,2411,6472.0,0,37.3,False
Q57896169,Isabella Epiu,3,Isabella Epiu,2802,9415.0,0,29.8,False
Q56515827,Coorom,3,Mto Coorom,477,0.0,0,,True
Q58641627,Anne Abeja Muhwezi,3,Anne Abeja Muhwezi,2246,6062.0,0,37.1,False
Q6033709,Inhebantu of Busoga,3,Inhebantu wa Busoga,2821,5923.0,0,47.6,False
Q58755745,Noble Banadda,3,Noble Banadda,1949,7231.0,0,27.0,True
Q60745666,Lugonjo,3,Lugonjo,749,8336.0,0,9.0,True
Q62395197,Sam Tulya-Muhika,3,Sam Tulya-Muhika,751,1588.0,0,47.3,True
Q62082761,Agnes Tibayeyita Isharaza,3,Agnes Tibayeita Isharaza,2048,5959.0,0,34.4,False
Q6285678,Joseph Mulenga,3,Joseph Mulenga,1720,5987.0,0,28.7,True
Q63283497,Roy Mugerwa,3,Roy Mugerwa,14291,17275.0,0,82.7,False
Q6349747,Kakuuto,3,"Kakuuto, Uganda",1749,8621.0,0,20.3,True
Q6350090,Kalagala,3,Kalagala,1510,3233.0,0,46.7,True
Q6350114,"Kalagi, Mubende, Uganda",3,"Kalagi, Mubende",2066,6519.0,0,31.7,False
Q6350112,"Kalagi, Mukono, Uganda",3,"Kalagi, Mukono",1130,6141.0,0,18.4,True
Q6370158,Karenga,3,Karenga,353,3475.0,0,10.2,True
Q6373629,Karuma,3,Karuma,1146,8090.0,0,14.2,True
Q6375047,Katalemwa,3,Katalemwa,1079,9288.0,0,11.6,True
Q6392559,Kenya Commercial Bank,3,Kenya Commercial Bank (Uganda),3862,12350.0,0,31.3,False
Q6427154,Kole,3,Kole (Uganda),376,6730.0,0,5.6,True
Q6450730,Kyankwanzi,3,Kyankwanzi,350,7994.0,0,4.4,True
Q6482752,Lamwo,3,Lamwo,381,2971.0,0,12.8,True
Q6601324,list of Ugandan musicians,3,Orodha ya wanamuziki wa Uganda,3014,3525.0,0,85.5,False
Q6696771,Nwoya,3,Nwoya,381,9048.0,0,4.2,True
Q6696899,Otuke,3,Otuke,332,6832.0,0,4.9,True
Q67197646,Racheal Nanyonga,3,Racheal Nanyonga,1884,4844.0,0,38.9,True
Q67197647,Ruth Meeme,3,Ruth Meeme,2680,2769.0,0,96.8,False
Q67196956,Stella Oyella,3,Stella Oyella,2219,2277.0,0,97.5,False
Q6782274,Masaba people,3,Wamasaba,1873,5901.0,0,31.7,True
Q7110089,Otze Forest Wildlife Sanctuary,3,Hifadhi ya Wanyamapori ya Msitu wa Otze,404,713.0,0,56.7,True
Q7082486,Okollo,3,Okollo,365,3409.0,0,10.7,True
Q7145186,Patongo,3,"Patongo, Uganda",1118,5499.0,0,20.3,True
Q7449842,Semuto,3,Semuto,979,7161.0,0,13.7,True
Q7849619,Tshila,3,Tshila,2767,0.0,0,,False
Q87719904,Tracy Akiror,3,Tracy Akiror,2070,4948.0,0,41.8,False
Q90934802,Nankabirwa Ann Maria,3,Ann Maria Nankabirwa,3606,7014.0,0,51.4,False
Q99753235,Flavian Zeija,3,Flavian Zeija,2417,7266.0,0,33.3,False
Q95987013,James R Tumusiime,3,James R Tumusiime,1266,5848.0,0,21.6,True
Q94526544,Pia Pounds,3,Pia Pounds,2748,10102.0,0,27.2,False
Q97745055,Ritah Kivumbi,3,Ritah Kivumbi,2653,5106.0,0,52.0,False
Q96148446,Sheila Nduhukire,3,Sheila Nduhukire,887,7535.0,0,11.8,True
Q96211531,Tamale Mirundi,3,Tamale Mirundi,1259,10959.0,0,11.5,True
Q97159677,Kakyeka Stadium,3,Uwanja wa michezo wa Kakyeka,1241,4952.0,0,25.1,True
Q96475075,Bosmic Otim,3,Bosmic Otim,2134,6344.0,0,33.6,False
Q98066848,Violah Nambi,3,Violah Nambi,2903,5422.0,0,53.5,False
Q110979643,Amina Nababi,2,Amina Nababi,1371,0.0,0,,True
Q110979123,Asia Nakibuuka,2,Asia Nakibuuka,1736,0.0,0,,True
Q110968297,Joan Nabirye,2,Joan Nabirye,841,0.0,0,,True
Q109658521,Sam Ntulume,2,Sam Ntulume,2379,4588.0,0,51.9,False
Q110980983,Sharon Nadunga,2,Sharon Nadunga,1042,0.0,0,,True
Q110982489,Sheebah Zalwango,2,Sheebah Zalwango,1515,0.0,0,,True
Q110980610,Spencer Nakacwa,2,Spencer Nakacwa,968,0.0,0,,True
Q111188214,Alice Wambui Ng'ang'a,2,Alice Wambui Ng'ang'a,1295,3522.0,0,36.8,True
Q111893827,Eseza Omuto,2,Esther Kazinda,1363,4235.0,0,32.2,True
Q11167386,Nameless,2,Nameless,6290,7013.0,0,89.7,False
Q126370769,Anthony Masake,2,Anthony Masake,950,0.0,0,,True
Q128124475,Haruna Sentongo,2,Haruna Sentongo,2411,9834.0,0,24.5,False
Q12952628,Kenyi,2,Kikenyi (lugha),759,0.0,0,,True
Q13125264,Yakobo Buzabaliawo,2,Yakobo Buzabaliawo,2307,0.0,0,,False
Q134311232,Rajiv Ruparelia,2,Rajiv Ruparelia,748,14588.0,0,5.1,True
Q136035536,Zahara Maala Luyirika,2,Zahara Maala Luyirika,908,4671.0,0,19.4,True
Q137205461,Aggrey Kiyingi,2,Aggrey Kiyingi,645,5679.0,0,11.4,True
Q138064160,Dek Agira,2,Dek Agira,1647,2331.0,0,70.7,True
Q138087444,Lakotokoto,2,Lakotokoto,781,1341.0,0,58.2,True
Q15637273,Southern Ma'di,2,Kima'di-Kusini,927,0.0,0,,True
Q15616252,Namataba,2,Namataba,543,10556.0,0,5.1,True
Q17108235,Emmy Wasirwa,2,Emmy Wasirwa,1971,4792.0,0,41.1,True
Q20746276,Kyetume,2,Kyetume,884,8230.0,0,10.7,True
Q19665176,The mith,2,The mith,2756,0.0,0,,False
Q27961857,Bagwe,2,Wagwe,705,4196.0,0,16.8,True
Q31928695,Kabuyanda,2,Kabuyanda,611,0.0,0,,True
Q31929877,Kapelebyong,2,Kapelebyong,365,0.0,0,,True
Q31878683,Batwala,2,Kisiwa cha Batwala,450,0.0,0,,True
Q31885226,Bulanku Island,2,Kisiwa cha Bulanku,450,0.0,0,,True
Q31916630,Galo Island,2,Kisiwa cha Galo,423,0.0,0,,True
Q31928689,Kabulataka Island,2,Kisiwa cha Kabulataka,423,0.0,0,,True
Q31932325,Kisiro Island,2,Kisiwa cha Kisiro,347,0.0,0,,True
Q31937324,Kyanga Island,2,Kisiwa cha Kyanga,450,0.0,0,,True
Q31944864,Lulanda Island,2,Kisiwa cha Lulanda,458,0.0,0,,True
Q31945088,Lunkulu Island,2,Kisiwa cha Lunkulu,408,0.0,0,,True
Q31945498,Lwabagenge Island,2,Kisiwa cha Lwabagenge,458,0.0,0,,True
Q31951253,Masovwi Island,2,Kisiwa cha Masovwi,458,0.0,0,,True
Q31959581,Mpuni Island,2,Kisiwa cha Mpuni,458,0.0,0,,True
Q31964196,Mutyomu Island,2,Kisiwa cha Mutyomu,458,0.0,0,,True
Q31966170,Nagembiruwa Island,2,Kisiwa cha Nagembiruwa,458,0.0,0,,True
Q31967181,Namasimbi Island,2,Kisiwa cha Namasimbi,458,0.0,0,,True
Q31971390,Nkuzi Island,2,Kisiwa cha Nkuzi,458,0.0,0,,True
Q31973165,Ntokwe Island,2,Kisiwa cha Ntokwe,458,0.0,0,,True
Q32020865,Sira Island,2,Kisiwa cha Sira,458,0.0,0,,True
Q32148381,Aci,2,Mto Aci,477,0.0,0,,True
Q32149445,Adalu,2,Mto Adalu,503,0.0,0,,True
Q32150455,Aderema,2,Mto Aderema,508,0.0,0,,True
Q32150754,Adibu,2,Mto Adibu,503,0.0,0,,True
Q32150769,Adida,2,Mto Adida,505,0.0,0,,True
Q32150783,Adidi,2,Mto Adidi,483,0.0,0,,True
Q32150830,Adiidiin,2,Mto Adiidiin,508,0.0,0,,True
Q32150965,Adip,2,Mto Adip,454,0.0,0,,True
Q32151322,Adoi,2,Mto Adoi,475,0.0,0,,True
Q32151453,Adondi,2,Mto Adondi,505,0.0,0,,True
Q32168659,Agoi,2,Mto Agoi,475,0.0,0,,True
Q32168673,Agoiva,2,Mto Agoiva,475,0.0,0,,True
Q32168725,Agonda,2,Mto Agonda (Uganda),505,0.0,0,,True
Q32164191,Agago,2,Mto Aguga,449,0.0,0,,True
Q31885857,Bunambutye,2,Mto Bunambutye,386,0.0,0,,True
Q31928979,Kaimira,2,Mto Kaimira,392,0.0,0,,True
Q31934082,Kokonyuko,2,Mto Kokonyuko,386,0.0,0,,True
Q31966047,Nabilatuk,2,Nabilatuk,359,0.0,0,,True
Q31954069,Meru Islets,2,Visiwa vya Meru,458,0.0,0,,True
Q32141486,Abalang,2,Mto Abalang,475,0.0,0,,True
Q32141502,Abaler,2,Mto Abaler,483,0.0,0,,True
Q32144128,Abo,2,Mto Abo (Uganda),532,0.0,0,,True
Q32144679,Abongo,2,Mto Abongo (Uganda),505,0.0,0,,True
Q32145949,Abuta,2,Mto Abuta,430,0.0,0,,True
Q32147157,Achana,2,Mto Achana,505,0.0,0,,True
Q32147504,Acheke,2,Mto Acheke,430,0.0,0,,True
Q32147976,Achire,2,Mto Achire,475,0.0,0,,True
Q32148175,Acholale,2,Mto Acholale,511,0.0,0,,True
Q32148273,Achua,2,Mto Achua,505,0.0,0,,True
Q32169972,Agunda,2,Mto Agunda,430,0.0,0,,True
Q32170219,Agwara,2,Mto Agwara,505,0.0,0,,True
Q32170247,Agwenyi,2,Mto Agwenyi,430,0.0,0,,True
Q32172548,Aiivu,2,Mto Aiivu,475,0.0,0,,True
Q32192586,Ajai,2,Mto Ajai,505,0.0,0,,True
Q32192729,Ajei,2,Mto Ajei,475,0.0,0,,True
Q32192815,Aji,2,Mto Aji (Arua),475,0.0,0,,True
Q32192829,Aji,2,Mto Aji (Yumbe),505,0.0,0,,True
Q32193462,Akaba,2,Mto Akaba,505,0.0,0,,True
Q32194103,Akaliyo,2,Mto Akaliyo,475,0.0,0,,True
Q32194378,Akango,2,Mto Akango,505,0.0,0,,True
Q32194907,Akaseke,2,Mto Akaseke,430,0.0,0,,True
Q32195107,Akayanja,2,Mto Akayanja,514,0.0,0,,True
Q32195132,Akayo,2,Mto Akayo,475,0.0,0,,True
Q32197596,Akedo,2,Mto Akedo,475,0.0,0,,True
Q32197620,Akello,2,Mto Akello,505,0.0,0,,True
Q32197632,Akelobonyo,2,Mto Akelobonyo,483,0.0,0,,True
Q32197752,Akeyo,2,Mto Akeyo,505,0.0,0,,True
Q32199392,Akokoro,2,Mto Akokoro,475,0.0,0,,True
Q32199407,Akokoroi,2,Mto Akokoroi,511,0.0,0,,True
Q32199452,Akoli,2,Mto Akoli (Uganda),508,0.0,0,,True
Q32199905,Akoyo,2,Mto Akoyo (Uganda Kaskazini),430,0.0,0,,True
Q32199890,Akoyo,2,Mto Akoyo (Uganda Mashariki),508,0.0,0,,True
Q32199997,Akpava,2,Mto Akpava,475,0.0,0,,True
Q32201651,Akuru,2,Mto Akuru (Nebbi),505,0.0,0,,True
Q32201802,Akwamunyen,2,Mto Akwamunyen,473,0.0,0,,True
Q32201819,Akwangakera,2,Mto Akwangakera,508,0.0,0,,True
Q32203490,Ala,2,Mto Ala (Uganda),475,0.0,0,,True
Q32204181,Alakaituk,2,Mto Alakaituk,508,0.0,0,,True
Q32204508,Alala,2,Mto Alala (Uganda),505,0.0,0,,True
Q32204533,Alalaka,2,Mto Alalaka,508,0.0,0,,True
Q32204652,Alamachar,2,Mto Alamachar,505,0.0,0,,True
Q32205005,Alango,2,Mto Alango (Apac),475,0.0,0,,True
Q32208424,Aligoi,2,Mto Aligoi,482,0.0,0,,True
Q32209005,Alito,2,Mto Alito (Uganda),482,0.0,0,,True
Q32211438,Alobo,2,Mto Alobo,523,0.0,0,,True
Q32214496,Alu,2,Mto Alu (Uganda),582,0.0,0,,True
Q32058773,Zigunga Twins,2,Visiwa pacha vya Zigunga,456,0.0,0,,True
Q32219703,Alwenyi,2,Mto Alwenyi,477,0.0,0,,True
Q32219720,Alwong,2,Mto Alwong,475,0.0,0,,True
Q32221020,Amanyang,2,Mto Amanyang,503,0.0,0,,True
Q32221188,Amarwasi,2,Mto Amarwasi,508,0.0,0,,True
Q32221851,Ambe,2,Mto Ambe (Uganda),505,0.0,0,,True
Q32223113,Amiene,2,Mto Amiene,502,0.0,0,,True
Q32223198,Aminit,2,Mto Aminit,511,0.0,0,,True
Q32223218,Aminkwac,2,Mto Aminkwac,479,0.0,0,,True
Q32223229,Aminopi,2,Mto Aminopi,475,0.0,0,,True
Q32223637,Amna,2,Mto Amna,483,0.0,0,,True
Q32224160,Amon,2,Mto Amon (Uganda),502,0.0,0,,True
Q32224195,Amone,2,Mto Amone,482,0.0,0,,True
Q32224206,Among River,2,Mto Among (Uganda),529,0.0,0,,True
Q32229072,Angoji,2,Mto Angoji,505,0.0,0,,True
Q32229086,Angola,2,Mto Angola (Uganda),505,0.0,0,,True
Q32229097,Angoleto,2,Mto Angoleto,508,0.0,0,,True
Q32229116,Angoltok,2,Mto Angoltok,523,0.0,0,,True
Q32229167,Angoro,2,Mto Angoro (Uganda),511,0.0,0,,True
Q32229424,Angweji,2,Mto Angweji,430,0.0,0,,True
Q32229870,Aniza,2,Mto Aniza,505,0.0,0,,True
Q32231477,Anyada,2,Mto Anyada,430,0.0,0,,True
Q32231516,Anyau,2,Mto Anyau,475,0.0,0,,True
Q32232168,Apa,2,Mto Apa (Uganda),430,0.0,0,,True
Q32232318,Apapai,2,Mto Apapai (Bukedea),509,0.0,0,,True
Q32232323,Apapai,2,Mto Apapai (Katakwi),511,0.0,0,,True
Q32232349,Aparro,2,Mto Aparro,505,0.0,0,,True
Q32232355,Aparuki,2,Mto Aparuki,508,0.0,0,,True
Q32232426,Apedur,2,Mto Apedur,505,0.0,0,,True
Q32232631,Apiyo,2,Mto Apiyo,482,0.0,0,,True
Q32232804,Apopony,2,Mto Apopony,505,0.0,0,,True
Q32233072,Apule,2,Mto Apule,505,0.0,0,,True
Q32233101,Apyer,2,Mto Apyer,481,0.0,0,,True
Q32233678,Araga,2,Mto Araga,479,0.0,0,,True
Q32233690,Aragaiti,2,Mto Aragaiti,511,0.0,0,,True
Q32233749,Araira,2,Mto Araira,505,0.0,0,,True
Q32236573,Aringa,2,Mto Aringa,479,0.0,0,,True
Q32236605,Arionomunyen,2,Mto Arionomunyen,471,0.0,0,,True
Q32236711,Ariu,2,Mto Ariu,508,0.0,0,,True
Q32237783,Arocha,2,Mto Arocha,475,0.0,0,,True
Q32237874,Aror,2,Mto Aror,502,0.0,0,,True
Q32237883,Arorwa,2,Mto Arorwa,505,0.0,0,,True
Q32286809,Asiya,2,Mto Asiya,496,0.0,0,,True
Q32288539,Asuru,2,Mto Asuru,532,0.0,0,,True
Q32288578,Aswa,2,Mto Aswa (Kibaale),648,0.0,0,,True
Q32288560,Aswa,2,Mto Aswa (Nebbi),505,0.0,0,,True
Q32289118,Atababaa,2,Mto Atababaa,430,0.0,0,,True
Q32289358,Atar,2,Mto Atar (Nebbi),505,0.0,0,,True
Q32289375,Atari River,2,Mto Atari,500,0.0,0,,True
Q32289620,Atemerai,2,Mto Atemerai,477,0.0,0,,True
Q32289862,Ati,2,Mto Ati (Uganda),505,0.0,0,,True
Q32290074,Atipa,2,Mto Atipa,479,0.0,0,,True
Q32290098,Atirikwa,2,Mto Atirikwa,496,0.0,0,,True
Q32290106,Atirir,2,Mto Atirir,505,0.0,0,,True
Q32290980,Atu,2,Mto Atu,505,0.0,0,,True
Q32292696,Aulem,2,Mto Aulem,508,0.0,0,,True
Q32292900,Aungare,2,Mto Aungare,511,0.0,0,,True
Q32294973,Avudra,2,Mto Avudra,475,0.0,0,,True
Q32295201,Awac,2,Mto Awac (Nebbi),505,0.0,0,,True
Q32295209,Awac,2,Mto Awac (Yumbe),505,0.0,0,,True
Q32295335,Awangkwar,2,Mto Awangkwar,505,0.0,0,,True
Q32295620,Awero,2,Mto Awero,483,0.0,0,,True
Q32295653,Awia,2,Mto Awia,475,0.0,0,,True
Q32296527,Ayago,2,Mto Ayago (Nwoya),505,0.0,0,,True
Q32296534,Ayago,2,Mto Ayago (Uganda Mashariki),430,0.0,0,,True
Q32297208,Ayebi,2,Mto Ayebi,475,0.0,0,,True
Q32297593,Ayi,2,Mto Ayi,532,0.0,0,,True
Q32297638,Ayika,2,Mto Ayika,477,0.0,0,,True
Q32297692,Ayingwa,2,Mto Ayingwa,505,0.0,0,,True
Q32298003,Ayomuchwiny,2,Mto Ayomuchwiny,483,0.0,0,,True
Q32298287,Ayuda,2,Mto Ayuda,505,0.0,0,,True
Q32298294,Ayugi,2,Mto Ayugi (Adjumani),483,0.0,0,,True
Q32298305,Ayugi,2,Mto Ayugi (Amuru),496,0.0,0,,True
Q32298315,Ayugi,2,Mto Ayugi (Zombo),430,0.0,0,,True
Q32298852,Azakuwa,2,Mto Azakuwa,475,0.0,0,,True
Q32298881,Azamba,2,Mto Azamba,505,0.0,0,,True
Q32298890,Azambwa,2,Mto Azambwa,505,0.0,0,,True
Q32299209,Azi,2,Mto Azi,532,0.0,0,,True
Q32302062,Babwe,2,Mto Babwe,516,0.0,0,,True
Q32309369,Bahunyaho,2,Mto Bahunyaho,650,0.0,0,,True
Q32432992,Balala,2,Mto Balala (Uganda),475,0.0,0,,True
Q32448611,Barara,2,Mto Barara (Uganda),550,0.0,0,,True
Q32469582,Baya,2,Mto Baya (Uganda),430,0.0,0,,True
Q32477569,Beletur,2,Mto Beletur,529,0.0,0,,True
Q32550159,Bulyemya,2,Mto Bulyemya,650,0.0,0,,True
Q32552371,Bunyani,2,Mto Bunyani,648,0.0,0,,True
Q32557298,Bururuma,2,Mto Bururuma,650,0.0,0,,True
Q32561792,Buzhaga,2,Mto Buzhaga,650,0.0,0,,True
Q32562273,Bwahwa,2,Mto Bwahwa,508,0.0,0,,True
Q32562299,Bwakasa,2,Mto Bwakasa,514,0.0,0,,True
Q32562338,Bwala,2,Mto Bwala (Uganda),513,0.0,0,,True
Q32562360,Bwalilo,2,Mto Bwalilo,522,0.0,0,,True
Q32562385,Bwanalaki,2,Mto Bwanalaki,507,0.0,0,,True
Q32563017,Byante,2,Mto Byante,558,0.0,0,,True
Q32622195,Chabiwa,2,Mto Chabiwa,507,0.0,0,,True
Q32624289,Chalanga,2,Mto Chalanga (Uganda),647,0.0,0,,True
Q32628392,Chamwasha,2,Mto Chamwasha,653,0.0,0,,True
Q32630250,Chapeth,2,Mto Chapeth,477,0.0,0,,True
Q32634719,Chebonet,2,Mto Chebonet,517,0.0,0,,True
Q32637149,Cheptui,2,Mto Cheptui,517,0.0,0,,True
Q32640241,Chesebere,2,Mto Chesebere,517,0.0,0,,True
Q34640855,Abwori,2,Mto Abwori (Pader),503,0.0,0,,True
Q34640864,Acaa,2,Mto Acaa,430,0.0,0,,True
Q34640900,Acakala,2,Mto Acakala,477,0.0,0,,True
Q34640908,Acayo,2,Mto Acayo (Uganda),475,0.0,0,,True
Q34640955,Acenu,2,Mto Acenu,502,0.0,0,,True
Q34640961,Acet,2,Mto Acet,505,0.0,0,,True
Q34640987,Achilet,2,Mto Achilet,506,0.0,0,,True
Q32492031,Bigaga,2,Mto Bigaga,653,0.0,0,,True
Q32492089,Bigera,2,Mto Bigera,508,0.0,0,,True
Q32492259,Bigugo,2,Mto Bigugo (Uganda),420,0.0,0,,True
Q32492426,Bijaba,2,Mto Bijaba,508,0.0,0,,True
Q32492430,Bijagira,2,Mto Bijagira,653,0.0,0,,True
Q32494324,Bimbye,2,Mto Bimbye,513,0.0,0,,True
Q32495554,Binawara,2,Mto Binawara,505,0.0,0,,True
Q32495744,Bineneza,2,Mto Bineneza,648,0.0,0,,True
Q32496352,Binyonyibyomba,2,Mto Binyonyibyomba,650,0.0,0,,True
Q32496682,Biraizi,2,Mto Biraizi,650,0.0,0,,True
Q32497211,Birira,2,Mto Birira (Uganda),430,0.0,0,,True
Q32497612,Bisanga,2,Mto Bisanga (Uganda),653,0.0,0,,True
Q32497616,Bisange,2,Mto Bisange,517,0.0,0,,True
Q32497688,Bisenyi,2,Mto Bisenyi,516,0.0,0,,True
Q32498337,Bisura,2,Mto Bisura,508,0.0,0,,True
Q32498368,Bisyoro,2,Mto Bisyoro,514,0.0,0,,True
Q32498935,Biwalwe,2,Mto Biwalwe,520,0.0,0,,True
Q32499003,Biyanja,2,Mto Biyanja,420,0.0,0,,True
Q32540882,Bubale,2,Mto Bubale,430,0.0,0,,True
Q32541237,Bubwe,2,Mto Bubwe,573,0.0,0,,True
Q32542283,Budewe,2,Mto Budewe,508,0.0,0,,True
Q32543043,Budzibwera,2,Mto Budzibwera,650,0.0,0,,True
Q32545297,Buhindagi,2,Mto Buhindagi,474,0.0,0,,True
Q32545640,Buitambogo,2,Mto Buitambogo,472,0.0,0,,True
Q32545778,Bujo,2,Mto Bujo,505,0.0,0,,True
Q32545798,Bujuku,2,Mto Bujuku,647,0.0,0,,True
Q32545907,Bukabale,2,Mto Bukabale,508,0.0,0,,True
Q32546021,Bukangara,2,Mto Bukangara,645,0.0,0,,True
Q32546887,Bukora,2,Mto Bukora,557,0.0,0,,True
Q32547841,Bulalibi,2,Mto Bulalibi,420,0.0,0,,True
Q32548818,Bulingo,2,Mto Bulingo,430,0.0,0,,True
Q34641003,Achoki,2,Mto Achoki,508,0.0,0,,True
Q34641009,Achunat,2,Mto Achunat,508,0.0,0,,True
Q34641016,Acii,2,Mto Acii,477,0.0,0,,True
Q34641023,Acika,2,Mto Acika,477,0.0,0,,True
Q34641029,Acikra,2,Mto Acikra,477,0.0,0,,True
Q34641076,Acoo,2,Mto Acoo,475,0.0,0,,True
Q34641139,Acuranga,2,Mto Acuranga,477,0.0,0,,True
Q34641184,Adagdano,2,Mto Adagdano,505,0.0,0,,True
Q34641762,Adedi,2,Mto Adedi,505,0.0,0,,True
Q34641790,Adeyo,2,Mto Adeyo,508,0.0,0,,True
Q34641800,Adia,2,Mto Adia (Uganda),430,0.0,0,,True
Q34641808,Adingamadi,2,Mto Adingamadi,477,0.0,0,,True
Q34641999,Adokonam,2,Mto Adokonam,430,0.0,0,,True
Q34642032,Adundo,2,Mto Adundo,508,0.0,0,,True
Q34642041,Aduru,2,Mto Aduru,502,0.0,0,,True
Q34642060,Adwel,2,Mto Adwel,475,0.0,0,,True
Q34642065,Adwor,2,Mto Adwor,477,0.0,0,,True
Q34642073,Adyang,2,Mto Adyang,477,0.0,0,,True
Q34642232,Agago,2,Mto Agago (Gulu),475,0.0,0,,True
Q34642247,Agan,2,Mto Agan (Uganda),477,0.0,0,,True
Q34642278,Agechel,2,Mto Agechel,527,0.0,0,,True
Q34642307,Agira,2,Mto Agira,505,0.0,0,,True
Q34642382,Agu,2,Mto Agu (Uganda),477,0.0,0,,True
Q34642444,Agugura,2,Mto Agugura,475,0.0,0,,True
Q34642454,Agula,2,Mto Agula,477,0.0,0,,True
Q34642461,Agulupwam,2,Mto Agulupwam,479,0.0,0,,True
Q34642473,Agwar Yugi,2,Mto Agwar Yugi,477,0.0,0,,True
Q34642478,Agwaryugi,2,Mto Agwaryugi,430,0.0,0,,True
Q34642484,Agwedola,2,Mto Agwedola,475,0.0,0,,True
Q34642504,Agwo,2,Mto Agwo,475,0.0,0,,True
Q34642509,Agwok,2,Mto Agwok,475,0.0,0,,True
Q34642749,Ajan,2,Mto Ajan,430,0.0,0,,True
Q34642774,Ajetjet,2,Mto Ajetjet,477,0.0,0,,True
Q34642785,Ajobi,2,Mto Ajobi,505,0.0,0,,True
Q34642791,Ajok,2,Mto Ajok (Amuru),477,0.0,0,,True
Q34642798,Ajok,2,Mto Ajok (Oyam),502,0.0,0,,True
Q34642801,Ajola,2,Mto Ajola,475,0.0,0,,True
Q34642807,Ajony,2,Mto Ajony,475,0.0,0,,True
Q34642813,Ajuri,2,Mto Ajuri,475,0.0,0,,True
Q34642844,Akado,2,Mto Akado,518,0.0,0,,True
Q34642855,Akago,2,Mto Akago,505,0.0,0,,True
Q34642869,Akanginimat,2,Mto Akanginimat,508,0.0,0,,True
Q32640692,Chezho,2,Mto Chezho,551,0.0,0,,True
Q32642033,Chibingo,2,Mto Chibingo,653,0.0,0,,True
Q32643154,Chijonjo,2,Mto Chijonjo,472,0.0,0,,True
Q32644115,Chimuli,2,Mto Chimuli,514,0.0,0,,True
Q32645977,Chiruruma,2,Mto Chiruruma (Kanungu),650,0.0,0,,True
Q32647880,Chobi,2,Mto Chobi,505,0.0,0,,True
Q32648058,Chogo,2,Mto Chogo,508,0.0,0,,True
Q32648209,Choja,2,Mto Choja,514,0.0,0,,True
Q32648709,Chonyo,2,Mto Chonyo,511,0.0,0,,True
Q32649068,Choro,2,Mto Choro (Uganda),430,0.0,0,,True
Q32649258,Chosan,2,Mto Chosan,492,0.0,0,,True
Q32650220,Chuchu,2,Mto Chuchu,479,0.0,0,,True
Q32652106,Chut,2,Mto Chut,481,0.0,0,,True
Q32652638,Chyogo,2,Mto Chyogo,656,0.0,0,,True
Q32713764,Dabara,2,Mto Dabara (Uganda),479,0.0,0,,True
Q32714388,Dacha,2,Mto Dacha (Uganda),505,0.0,0,,True
Q32714902,Daga,2,Mto Daga (Nwoya),505,0.0,0,,True
Q32720447,Dangali,2,Mto Dangali (Uganda),483,0.0,0,,True
Q32721233,Danze,2,Mto Danze (Nakaseke),516,0.0,0,,True
Q32723868,Dava,2,Mto Dava,430,0.0,0,,True
Q32723969,Davide,2,Mto Davide,475,0.0,0,,True
Q32725883,Del,2,Mto Del,505,0.0,0,,True
Q32726048,Deli,2,Mto Deli (Uganda),505,0.0,0,,True
Q32732413,Didima,2,Mto Didima (Uganda),430,0.0,0,,True
Q32734765,Diowa,2,Mto Diowa,475,0.0,0,,True
Q32734912,Diragana,2,Mto Diragana,511,0.0,0,,True
Q32737986,Doche,2,Mto Doche,505,0.0,0,,True
Q32741210,Dopeth,2,Mto Dopeth,505,0.0,0,,True
Q32743532,Draju,2,Mto Draju,475,0.0,0,,True
Q32746283,Dukonge,2,Mto Dukonge,650,0.0,0,,True
Q32746871,Dumbu,2,Mto Dumbu,430,0.0,0,,True
Q32747302,Dunga,2,Mto Dunga (Uganda),653,0.0,0,,True
Q32747409,Dungulilia,2,Mto Dungulilia,647,0.0,0,,True
Q32747617,Duol,2,Mto Duol,505,0.0,0,,True
Q32747791,Dura,2,Mto Dura (Uganda),647,0.0,0,,True
Q32748274,Dusozwa,2,Mto Dusozwa,653,0.0,0,,True
Q32749141,Dwamanyanja,2,Mto Dwamanyanja,653,0.0,0,,True
Q32749148,Dwengo,2,Mto Dwengo,653,0.0,0,,True
Q32749151,Dwimbi,2,Mto Dwimbi,647,0.0,0,,True
Q32750188,Echinyabu,2,Mto Echinyabu,514,0.0,0,,True
Q32750319,Ega,2,Mto Ega (Uganda),475,0.0,0,,True
Q32750480,Ekiringura,2,Mto Ekiringura,470,0.0,0,,True
Q32750483,Ekitsagaza,2,Mto Ekitsagaza,517,0.0,0,,True
Q32750774,Emerikit,2,Mto Emerikit,508,0.0,0,,True
Q32750814,Emuleva,2,Mto Emuleva,475,0.0,0,,True
Q32750885,Enguri,2,Mto Enguri (Uganda),479,0.0,0,,True
Q32751143,Erudzi,2,Mto Erudzi,477,0.0,0,,True
Q34640178,Abagedo,2,Mto Abagedo,475,0.0,0,,True
Q34640366,Aber,2,Mto Aber,477,0.0,0,,True
Q34640374,Abera,2,Mto Abera (Amuru),477,0.0,0,,True
Q34640380,Abera,2,Mto Abera (Gulu),475,0.0,0,,True
Q34640433,Abere,2,Mto Abere (Uganda),477,0.0,0,,True
Q34640482,Abeyo,2,Mto Abeyo,477,0.0,0,,True
Q34640568,Abilgiri,2,Mto Abilgiri,479,0.0,0,,True
Q34640633,Aboke,2,Mto Aboke,477,0.0,0,,True
Q34640641,Abole,2,Mto Abole,475,0.0,0,,True
Q34640648,Abolo,2,Mto Abolo (Uganda),475,0.0,0,,True
Q34640654,Aboloo,2,Mto Aboloo,479,0.0,0,,True
Q34640660,Abongocwara,2,Mto Abongocwara,477,0.0,0,,True
Q34640667,Abongonyara,2,Mto Abongonyara,475,0.0,0,,True
Q34640675,Abor,2,Mto Abor,477,0.0,0,,True
Q34640681,Abora,2,Mto Abora,503,0.0,0,,True
Q34640767,Abucunye,2,Mto Abucunye,475,0.0,0,,True
Q34640773,Abudunu,2,Mto Abudunu,477,0.0,0,,True
Q34640780,Abuk,2,Mto Abuk,477,0.0,0,,True
Q34640785,Abuka,2,Mto Abuka,477,0.0,0,,True
Q34640791,Abukec,2,Mto Abukec,477,0.0,0,,True
Q34640797,Abukuyi,2,Mto Abukuyi,508,0.0,0,,True
Q34640804,Abutopawaya,2,Mto Abutopawaya,477,0.0,0,,True
Q34640812,Abuyo,2,Mto Abuyo (Uganda),430,0.0,0,,True
Q34640819,Abwobe,2,Mto Abwobe,477,0.0,0,,True
Q34640826,Abwoc,2,Mto Abwoc,475,0.0,0,,True
Q34640833,Abwor,2,Mto Abwor,479,0.0,0,,True
Q34640840,Abwori,2,Mto Abwori (Lamwo),477,0.0,0,,True
Q34642876,Akaniningata,2,Mto Akaniningata,508,0.0,0,,True
Q34642940,Akeno,2,Mto Akeno,477,0.0,0,,True
Q34642971,Akidikidi,2,Mto Akidikidi,475,0.0,0,,True
Q34643015,Akipoi,2,Mto Akipoi,481,0.0,0,,True
Q34643020,Akipye,2,Mto Akipye,481,0.0,0,,True
Q34643028,Akisi,2,Mto Akisi,481,0.0,0,,True
Q34643039,Akore,2,Mto Akore (Amuru),477,0.0,0,,True
Q34643045,Akore,2,Mto Akore (Gulu),475,0.0,0,,True
Q34643088,Akudam,2,Mto Akudam,430,0.0,0,,True
Q34643094,Akuki,2,Mto Akuki,502,0.0,0,,True
Q34643100,Akuna,2,Mto Akuna,479,0.0,0,,True
Q34643108,Akura,2,Mto Akura (Oyam),502,0.0,0,,True
Q34643115,Akuru,2,Mto Akuru (Lamwo),477,0.0,0,,True
Q32751206,Eseka,2,Mto Eseka,505,0.0,0,,True
Q32751549,Evisivitakura,2,Mto Evisivitakura,653,0.0,0,,True
Q32751680,Fada,2,Mto Fada (Uganda),505,0.0,0,,True
Q32752822,Fululu,2,Mto Fululu (Uganda),513,0.0,0,,True
Q32753378,Gaira,2,Mto Gaira,513,0.0,0,,True
Q32753617,Galijula,2,Mto Galijula,514,0.0,0,,True
Q32753790,Gambuze,2,Mto Gambuze,510,0.0,0,,True
Q34657080,Agweng,2,Mto Agweng (Kitgum),477,0.0,0,,True
Q34643131,Akurukit,2,Mto Akurukit,508,0.0,0,,True
Q34643144,Akwacaodong,2,Mto Akwacaodong,477,0.0,0,,True
Q34643151,Akwara,2,Mto Akwara,479,0.0,0,,True
Q34643157,Akwatipi,2,Mto Akwatipi,529,0.0,0,,True
Q34643170,Akweyo,2,Mto Akweyo,477,0.0,0,,True
Q34643178,Akwi,2,Mto Akwi,477,0.0,0,,True
Q34643450,Alango,2,Mto Alango (Kitgum),479,0.0,0,,True
Q34644022,Alee,2,Mto Alee,505,0.0,0,,True
Q34644033,Aleny,2,Mto Aleny,502,0.0,0,,True
Q34644473,Alibi,2,Mto Alibi,483,0.0,0,,True
Q34644521,Alilit,2,Mto Alilit,479,0.0,0,,True
Q34645807,Aloto,2,Mto Aloto (Kitgum),479,0.0,0,,True
Q34645812,Aloto,2,Mto Aloto (Pader),505,0.0,0,,True
Q34646211,Alwala,2,Mto Alwala,477,0.0,0,,True
Q34646220,Alyek,2,Mto Alyek,430,0.0,0,,True
Q34646251,Amabakoko,2,Mto Amabakoko,520,0.0,0,,True
Q34646269,Amalac,2,Mto Amalac,475,0.0,0,,True
Q34646353,Amapogi,2,Mto Amapogi,520,0.0,0,,True
Q34646734,Aming,2,Mto Aming,475,0.0,0,,True
Q34646740,Aminogwai,2,Mto Aminogwai,502,0.0,0,,True
Q34646744,Aminomir,2,Mto Aminomir,502,0.0,0,,True
Q34646865,Amolo,2,Mto Amolo,475,0.0,0,,True
Q34646888,Amongini,2,Mto Amongini,508,0.0,0,,True
Q34646907,Amora,2,Mto Amora,477,0.0,0,,True
Q34646916,Amori,2,Mto Amori,477,0.0,0,,True
Q34646919,Amorpi,2,Mto Amorpi,479,0.0,0,,True
Q34647016,Amuka,2,Mto Amuka,477,0.0,0,,True
Q34647022,Amumula,2,Mto Amumula,475,0.0,0,,True
Q34647026,Amunereng,2,Mto Amunereng,481,0.0,0,,True
Q34647144,Ananga,2,Mto Ananga,475,0.0,0,,True
Q34647823,Anditi,2,Mto Anditi,430,0.0,0,,True
Q34648098,Aneya,2,Mto Aneya,502,0.0,0,,True
Q34648265,Angwemadel,2,Mto Angwemadel,475,0.0,0,,True
Q34648283,Anini,2,Mto Anini (Uganda),477,0.0,0,,True
Q34648963,Anyalanga,2,Mto Anyalanga,477,0.0,0,,True
Q34648973,Anyikura,2,Mto Anyikura,483,0.0,0,,True
Q34648978,Anyima,2,Mto Anyima,477,0.0,0,,True
Q34648985,Anyuka,2,Mto Anyuka,475,0.0,0,,True
Q34648997,Aoka,2,Mto Aoka,475,0.0,0,,True
Q34649054,Apadut,2,Mto Apadut,508,0.0,0,,True
Q34649060,Apaka,2,Mto Apaka (Uganda),477,0.0,0,,True
Q34649066,Apala,2,Mto Apala,502,0.0,0,,True
Q34649159,Apiiyie,2,Mto Apiiyie,475,0.0,0,,True
Q34649164,Apio,2,Mto Apio,502,0.0,0,,True
Q34649170,Apire,2,Mto Apire,505,0.0,0,,True
Q34649201,Apoka,2,Mto Apoka (Uganda),477,0.0,0,,True
Q34649238,Apotokitoo,2,Mto Apotokitoo,477,0.0,0,,True
Q34649407,Apwatak,2,Mto Apwatak,475,0.0,0,,True
Q34649414,Apworocero,2,Mto Apworocero,502,0.0,0,,True
Q34649509,Araa,2,Mto Araa (Amuru),477,0.0,0,,True
Q34649514,Araa,2,Mto Araa (Kitgum),479,0.0,0,,True
Q34649879,Aree,2,Mto Aree,505,0.0,0,,True
Q34649983,Ariamakoi,2,Mto Ariamakoi,430,0.0,0,,True
Q34649989,Ariamapoda,2,Mto Ariamapoda,508,0.0,0,,True
Q34650030,Ariket,2,Mto Ariket,529,0.0,0,,True
Q34650037,Aringalyok,2,Mto Aringalyok,479,0.0,0,,True
Q34650734,Aro,2,Mto Aro (Uganda),500,0.0,0,,True
Q34650740,Aromo,2,Mto Aromo,475,0.0,0,,True
Q34650749,Arot,2,Mto Arot,477,0.0,0,,True
Q34668390,Awac,2,Mto Awac (Gulu),475,0.0,0,,True
Q34668414,Awackwee,2,Mto Awackwee,430,0.0,0,,True
Q34668424,Awar,2,Mto Awar,430,0.0,0,,True
Q34668467,Awer,2,Mto Awer (Kitgum),479,0.0,0,,True
Q34668474,Awic,2,Mto Awic (Gulu),475,0.0,0,,True
Q34668497,Awic,2,Mto Awic (Pader),505,0.0,0,,True
Q34668505,Awicpalaro,2,Mto Awicpalaro,475,0.0,0,,True
Q34668513,Awicpaminto,2,Mto Awicpaminto,477,0.0,0,,True
Q34668524,Awicpukee,2,Mto Awicpukee,505,0.0,0,,True
Q34668533,Awicpuyen,2,Mto Awicpuyen,505,0.0,0,,True
Q34668542,Awinyo,2,Mto Awinyo,505,0.0,0,,True
Q34668552,Awongo,2,Mto Awongo,502,0.0,0,,True
Q34668558,Aworanga,2,Mto Aworanga,475,0.0,0,,True
Q34668567,Awuch,2,Mto Awuch,479,0.0,0,,True
Q34668588,Ayago,2,Mto Ayago (Amuru),477,0.0,0,,True
Q34668615,Ayakilete,2,Mto Ayakilete,475,0.0,0,,True
Q34668621,Ayangyang,2,Mto Ayangyang,477,0.0,0,,True
Q34668708,Ayirengel,2,Mto Ayirengel,481,0.0,0,,True
Q34668713,Ayiri,2,Mto Ayiri,483,0.0,0,,True
Q34668736,Ayomo,2,Mto Ayomo,477,0.0,0,,True
Q34668743,Ayonaiepeduru,2,Mto Ayonaiepeduru,505,0.0,0,,True
Q34668749,Ayongtoke,2,Mto Ayongtoke,477,0.0,0,,True
Q34668815,Ayul,2,Mto Ayul,479,0.0,0,,True
Q34668822,Aywee,2,Mto Aywee,430,0.0,0,,True
Q34668844,Aywelu,2,Mto Aywelu (Pader),505,0.0,0,,True
Q34671138,Balakule,2,Mto Balakule,505,0.0,0,,True
Q34672480,Balunginjuru,2,Mto Balunginjuru,508,0.0,0,,True
Q34672508,Balyia,2,Mto Balyia,475,0.0,0,,True
Q34673472,Bao,2,Mto Bao (Uganda),477,0.0,0,,True
Q34676953,Baubi,2,Mto Baubi,477,0.0,0,,True
Q34686215,Beletet,2,Mto Beletet,481,0.0,0,,True
Q34689732,Bevedankoroa,2,Mto Bevedankoroa,481,0.0,0,,True
Q34689899,Beyowil,2,Mto Beyowil,505,0.0,0,,True
Q34696506,Bihanga,2,Mto Bihanga (Hoima),550,0.0,0,,True
Q34721963,Bugaka,2,Mto Bugaka,560,0.0,0,,True
Q34722096,Bukamuli,2,Mto Bukamuli,508,0.0,0,,True
Q34722115,Bukase,2,Mto Bukase,508,0.0,0,,True
Q34721080,Lake Asasaka,2,Ziwa Asasaka,402,0.0,0,,True
Q34827222,Walugogo,2,Mto Walugogo (Uganda Mashariki),429,0.0,0,,True
Q34827234,Waluke,2,Mto Waluke,510,0.0,0,,True
Q34827246,Walukoge,2,Mto Walukoge,525,0.0,0,,True
Q34827259,Walumbe,2,Mto Walumbe,701,0.0,0,,True
Q34827283,Walutente,2,Mto Walutente,600,0.0,0,,True
Q34827359,Walwibo,2,Mto Walwibo,429,0.0,0,,True
Q34827512,Wamalagwe,2,Mto Wamalagwe,429,0.0,0,,True
Q34827595,Wambabya,2,Mto Wambabya,550,0.0,0,,True
Q34827607,Wambabyo,2,Mto Wambabyo,505,0.0,0,,True
Q34827619,Wambadi,2,Mto Wambadi,508,0.0,0,,True
Q34827642,Wambaya,2,Mto Wambaya,523,0.0,0,,True
Q34827667,Wambewo,2,Mto Wambewo,511,0.0,0,,True
Q34827739,Wamfuru,2,Mto Wamfuru,514,0.0,0,,True
Q34827797,Wamifu,2,Mto Wamifu,508,0.0,0,,True
Q34827809,Wamikira,2,Mto Wamikira,653,0.0,0,,True
Q34828296,Wanandsawa,2,Mto Wanandsawa,523,0.0,0,,True
Q34828392,Wandago,2,Mto Wandago,508,0.0,0,,True
Q34828416,Wandaka,2,Mto Wandaka,419,0.0,0,,True
Q34828846,Wangalaza,2,Mto Wangalaza,508,0.0,0,,True
Q34828863,Wangali,2,Mto Wangali,479,0.0,0,,True
Q34829057,Wangatede,2,Mto Wangatede,477,0.0,0,,True
Q34829113,Wangcumu,2,Mto Wangcumu,505,0.0,0,,True
Q34829129,Wangduku,2,Mto Wangduku,505,0.0,0,,True
Q34829141,Wangebok,2,Mto Wangebok,477,0.0,0,,True
Q34829154,Wangege,2,Mto Wangege,510,0.0,0,,True
Q34829168,Wangelaca,2,Mto Wangelaca,505,0.0,0,,True
Q34829236,Wangkwogo,2,Mto Wangkwogo,479,0.0,0,,True
Q34829249,Wanglango,2,Mto Wanglango,429,0.0,0,,True
Q34829309,Wangnyang,2,Mto Wangnyang,505,0.0,0,,True
Q34829346,Wangober,2,Mto Wangober,505,0.0,0,,True
Q34829358,Wangodeyogwok,2,Mto Wangodeyogwok,479,0.0,0,,True
Q34829369,Wangodugu,2,Mto Wangodugu,477,0.0,0,,True
Q34829381,Wangodwong,2,Mto Wangodwong,505,0.0,0,,True
Q34829407,Wangolam,2,Mto Wangolam (Lamwo),505,0.0,0,,True
Q34829420,Wangolam,2,Mto Wangolam (Pader),505,0.0,0,,True
Q34829431,Wangoluku,2,Mto Wangoluku,505,0.0,0,,True
Q34829454,Wangopok,2,Mto Wangopok,505,0.0,0,,True
Q34829559,Wangyaa,2,Mto Wangyaa,505,0.0,0,,True
Q34829741,Wanjede,2,Mto Wanjede,650,0.0,0,,True
Q34829809,Wanka,2,Mto Wanka (Uganda),511,0.0,0,,True
Q34829824,Wankabudida,2,Mto Wankabudida,510,0.0,0,,True
Q34829898,Wankanani,2,Mto Wankanani,650,0.0,0,,True
Q34829953,Wankawanka,2,Mto Wankawanka,517,0.0,0,,True
Q34830229,Wansenyi,2,Mto Wansenyi,510,0.0,0,,True
Q34830281,Wantabu,2,Mto Wantabu,653,0.0,0,,True
Q34830494,Wanyelenja,2,Mto Wanyelenja,508,0.0,0,,True
Q34831205,Waragwomi,2,Mto Waragwomi,514,0.0,0,,True
Q34721246,Lake Obokat,2,Ziwa Obokat,464,0.0,0,,True
Q34788567,Yubwe Island,2,Kisiwa cha Yubwe,458,0.0,0,,True
Q34788867,Zigunga Island,2,Kisiwa cha Zigunga,458,0.0,0,,True
Q34788871,Zigwe Island,2,Kisiwa cha Zigwe,347,0.0,0,,True
Q34788888,Zinga Island,2,Kisiwa cha Zinga (Uganda),458,0.0,0,,True
Q34788903,Ziro Island,2,Kisiwa cha Ziro,458,0.0,0,,True
Q34788922,Ziru Island,2,Kisiwa cha Ziru (Kalangala),464,0.0,0,,True
Q34722122,Bukat,2,Mto Bukat,505,0.0,0,,True
Q34722131,Bukhubalo,2,Mto Bukhubalo,505,0.0,0,,True
Q34722144,Bukubworo,2,Mto Bukubworo,477,0.0,0,,True
Q34722975,Buloha,2,Mto Buloha,515,0.0,0,,True
Q34722982,Buloji,2,Mto Buloji,479,0.0,0,,True
Q34723089,Buluya,2,Mto Buluya,506,0.0,0,,True
Q34723108,Bulyera,2,Mto Bulyera,513,0.0,0,,True
Q34723351,Bunakate,2,Mto Bunakate,508,0.0,0,,True
Q34723575,Bungaladyel,2,Mto Bungaladyel,479,0.0,0,,True
Q34723612,Bungatira,2,Mto Bungatira,475,0.0,0,,True
Q34724208,Burcoro,2,Mto Burcoro,475,0.0,0,,True
Q34724906,Burlobo,2,Mto Burlobo,477,0.0,0,,True
Q34726228,Burukung,2,Mto Burukung,505,0.0,0,,True
Q34726266,Burwe,2,Mto Burwe,579,0.0,0,,True
Q34726742,Busoyi,2,Mto Busoyi,505,0.0,0,,True
Q34727243,Butsukha,2,Mto Butsukha,511,0.0,0,,True
Q34730980,Camdyere,2,Mto Camdyere,477,0.0,0,,True
Q34762932,Chai,2,Mto Chai (Uganda),475,0.0,0,,True
Q34765748,Chari,2,Mto Chari (Uganda),505,0.0,0,,True
Q34776523,Chokgoro,2,Mto Chokgoro,430,0.0,0,,True
Q34776550,Chokuluk,2,Mto Chokuluk,508,0.0,0,,True
Q35292250,Kamuka,2,Mto Kamuka,508,0.0,0,,True
Q35292456,Kamulikwezi,2,Mto Kamulikwezi,647,0.0,0,,True
Q34818884,Wakalende,2,Mto Wakalende,508,0.0,0,,True
Q34818896,Wakalinya,2,Mto Wakalinya,510,0.0,0,,True
Q34819157,Wakawaka,2,Mto Wakawaka,508,0.0,0,,True
Q34819171,Wakawoga,2,Mto Wakawoga,543,0.0,0,,True
Q34819331,Waki,2,Mto Waki,575,0.0,0,,True
Q34819368,Wakibombo,2,Mto Wakibombo,513,0.0,0,,True
Q34819395,Wakigyu,2,Mto Wakigyu,510,0.0,0,,True
Q34819561,Wakukuta,2,Mto Wakukuta,511,0.0,0,,True
Q34820581,Waliga,2,Mto Waliga,510,0.0,0,,True
Q34827198,Walufumbe,2,Mto Walufumbe,513,0.0,0,,True
Q34827210,Walugogo,2,Mto Walugogo (Masindi),650,0.0,0,,True
Q34833838,Wariki,2,Mto Wariki,475,0.0,0,,True
Q34834744,Warogali,2,Mto Warogali,479,0.0,0,,True
Q34835893,Warugo,2,Mto Warugo,514,0.0,0,,True
Q35292998,Kamusere,2,Mto Kamusere,650,0.0,0,,True
Q35293012,Kamusinzi,2,Mto Kamusinzi,430,0.0,0,,True
Q35293164,Kamuwaira,2,Mto Kamuwaira,472,0.0,0,,True
Q35293393,Kamwana,2,Mto Kamwana (Uganda),508,0.0,0,,True
Q35293683,Kamwenge,2,Mto Kamwenge (Uganda),653,0.0,0,,True
Q35295652,Kanaga,2,Mto Kanaga (Kibaale),650,0.0,0,,True
Q35295667,Kanaga,2,Mto Kanaga (Masindi),650,0.0,0,,True
Q35295694,Kanagamyongo,2,Mto Kanagamyongo,550,0.0,0,,True
Q35296365,Kanalugenda,2,Mto Kanalugenda,650,0.0,0,,True
Q35296624,Kanamuget,2,Mto Kanamuget,479,0.0,0,,True
Q35296751,Kananansi,2,Mto Kananansi,653,0.0,0,,True
Q35296847,Kanangalo River,2,Mto Kanangalo,443,0.0,0,,True
Q35296977,Kananyait,2,Mto Kananyait,529,0.0,0,,True
Q35291089,Ruiga,2,Mto Ruiga (Kasese),647,0.0,0,,True
Q35291160,Ruimi,2,Mto Ruimi,429,0.0,0,,True
Q35291886,Solot,2,Mto Solot,481,0.0,0,,True
Q35293257,Somaku,2,Mto Somaku,560,0.0,0,,True
Q35294579,Somoli,2,Mto Somoli,523,0.0,0,,True
Q34849719,Supeni,2,Mto Supeni,481,0.0,0,,True
Q34852563,Surumu,2,Mto Surumu,483,0.0,0,,True
Q34881144,Syokoya,2,Mto Syokoya,511,0.0,0,,True
Q34898465,Taan,2,Mto Taan (Uganda),481,0.0,0,,True
Q34900562,Tabu,2,Mto Tabu (Uganda),508,0.0,0,,True
Q34900702,Tabuk,2,Mto Tabuk (Uganda),505,0.0,0,,True
Q34908155,Takajunge,2,Mto Takajunge,525,0.0,0,,True
Q34927316,Tangi,2,Mto Tangi (Uganda),505,0.0,0,,True
Q34927576,Tangiri,2,Mto Tangiri,429,0.0,0,,True
Q34930258,Tantala,2,Mto Tantala (Uganda),650,0.0,0,,True
Q34835939,Warumbi,2,Mto Warumbi,508,0.0,0,,True
Q34836286,Wasa,2,Mto Wasa (Uganda),575,0.0,0,,True
Q34836613,Wasekye,2,Mto Wasekye,508,0.0,0,,True
Q34839101,Watambe,2,Mto Watambe,508,0.0,0,,True
Q34839118,Watanyeri,2,Mto Watanyeri,505,0.0,0,,True
Q34843317,Watimba,2,Mto Watimba,560,0.0,0,,True
Q34843333,Watkilere,2,Mto Watkilere,477,0.0,0,,True
Q34843669,Watlabwor,2,Mto Watlabwor,475,0.0,0,,True
Q34843686,Watlac,2,Mto Watlac,505,0.0,0,,True
Q34845678,Watuba,2,Mto Watuba,514,0.0,0,,True
Q34852022,Weiga,2,Mto Weiga (Buliisa),575,0.0,0,,True
Q34852033,Weiga,2,Mto Weiga (Masindi),650,0.0,0,,True
Q34855863,Welumba,2,Mto Welumba,544,0.0,0,,True
Q34856018,Wemukene Kakyukuura,2,Mto Wemukene Kakyukuura,650,0.0,0,,True
Q34856503,Wenyira,2,Mto Wenyira,505,0.0,0,,True
Q34856851,Wereba,2,Mto Wereba,511,0.0,0,,True
Q34857250,Wesikire,2,Mto Wesikire (Kibaale),689,0.0,0,,True
Q34857237,Wesikire,2,Mto Wesikire (Kyankwanzi),522,0.0,0,,True
Q34901997,Wijobi,2,Mto Wijobi,505,0.0,0,,True
Q34919119,Wilyec,2,Mto Wilyec (Agago),477,0.0,0,,True
Q34919129,Wilyec,2,Mto Wilyec (Lamwo),505,0.0,0,,True
Q34921284,Winiwini,2,Mto Winiwini,481,0.0,0,,True
Q34943253,Pearson Channel,2,Mfereji wa Pearson,520,0.0,0,,True
Q35254959,Alere,2,Mto Alere,540,0.0,0,,True
Q35255234,Aramita,2,Mto Aramita,540,0.0,0,,True
Q35313197,Kapedo,2,Mto Kapedo,481,0.0,0,,True
Q35313224,Kapekenyang,2,Mto Kapekenyang,481,0.0,0,,True
Q35313384,Kapelepelot,2,Mto Kapelepelot,481,0.0,0,,True
Q35313897,Kapeta,2,Mto Kapeta (Agago),477,0.0,0,,True
Q35313911,Kapeta,2,Mto Kapeta (Kaabong),481,0.0,0,,True
Q35258018,Pongdwongo,2,Mto Pongdwongo,479,0.0,0,,True
Q35258474,Pono,2,Mto Pono (Uganda),505,0.0,0,,True
Q35260705,Popera,2,Mto Popera,508,0.0,0,,True
Q35264920,Porokoc,2,Mto Porokoc,479,0.0,0,,True
Q35268159,Posoch,2,Mto Posoch,481,0.0,0,,True
Q35284423,Rubindi,2,Mto Rubindi (Kiruhura),514,0.0,0,,True
Q35284478,Rubirizi,2,Mto Rubirizi (Uganda),650,0.0,0,,True
Q35289149,Rufuha,2,Mto Rufuha (Ntungamo),672,0.0,0,,True
Q35289269,Rugaga,2,Mto Rugaga,514,0.0,0,,True
Q35289400,Rugando,2,Mto Rugando (Kanungu),650,0.0,0,,True
Q35289541,Rugasha,2,Mto Rugasha,429,0.0,0,,True
Q35289789,Rugeza,2,Mto Rugeza,429,0.0,0,,True
Q35289811,Rugezi,2,Mto Rugezi (Uganda),650,0.0,0,,True
Q35290408,Rugyeye,2,Mto Rugyeye,514,0.0,0,,True
Q35290594,Ruhezamyenda,2,Mto Ruhezamyenda (Uganda),647,0.0,0,,True
Q35290652,Ruhimbu,2,Mto Ruhimbu,558,0.0,0,,True
Q35290851,Ruhoroberwa,2,Mto Ruhoroberwa,429,0.0,0,,True
Q35290945,Ruhuma,2,Mto Ruhuma (Uganda),647,0.0,0,,True
Q35291077,Ruiga,2,Mto Ruiga (Kabarole),653,0.0,0,,True
Q35283859,Soba,2,Mto Soba (Uganda),650,0.0,0,,True
Q35286120,Sogohi,2,Mto Sogohi,653,0.0,0,,True
Q35290198,Solo,2,Mto Solo (Uganda),429,0.0,0,,True
Q34957923,Tebakoli,2,Mto Tebakoli,508,0.0,0,,True
Q34962805,Tem,2,Mto Tem (Uganda),505,0.0,0,,True
Q34962942,Tembelela,2,Mto Tembelela,511,0.0,0,,True
Q34963022,Tembwe,2,Mto Tembwe (Uganda),525,0.0,0,,True
Q34922624,Winyorac,2,Mto Winyorac,479,0.0,0,,True
Q34922973,Wirii,2,Mto Wirii,429,0.0,0,,True
Q34925643,Wolekekata,2,Mto Wolekekata,510,0.0,0,,True
Q34933270,Wolukyera,2,Mto Wolukyera,505,0.0,0,,True
Q34933751,Wong,2,Mto Wong (Uganda),475,0.0,0,,True
Q34936784,Wopi,2,Mto Wopi,505,0.0,0,,True
Q34937354,Woro,2,Mto Woro (Uganda),475,0.0,0,,True
Q34937876,Woyi,2,Mto Woyi,505,0.0,0,,True
Q34952797,Yame,2,Mto Yame (Uganda),475,0.0,0,,True
Q34959761,Yawambi,2,Mto Yawambi,650,0.0,0,,True
Q34960451,Yazi,2,Mto Yazi (Uganda),475,0.0,0,,True
Q34968418,Yelula,2,Mto Yelula,475,0.0,0,,True
Q34969378,Yengeji,2,Mto Yengeji,505,0.0,0,,True
Q34971100,Yeriya,2,Mto Yeriya,653,0.0,0,,True
Q35299438,Kandibahera,2,Mto Kandibahera,508,0.0,0,,True
Q35300727,Kanena,2,Mto Kanena,514,0.0,0,,True
Q35301178,Kanga,2,Mto Kanga (Uganda),523,0.0,0,,True
Q35302020,Kangkaya,2,Mto Kangkaya,502,0.0,0,,True
Q35302181,Kangombe,2,Mto Kangombe (Uganda),430,0.0,0,,True
Q35314022,Kapia,2,Mto Kapia,511,0.0,0,,True
Q35314175,Kapilaika,2,Mto Kapilaika,508,0.0,0,,True
Q35315217,Kapolino,2,Mto Kapolino,508,0.0,0,,True
Q35316146,Kaptokwoi,2,Mto Kaptokwoi,517,0.0,0,,True
Q35316895,Kapwanya,2,Mto Kapwanya,477,0.0,0,,True
Q35321160,Karagaruka,2,Mto Karagaruka,511,0.0,0,,True
Q35323552,Karamaga,2,Mto Karamaga,653,0.0,0,,True
Q35324363,Karan,2,Mto Karan (Uganda),475,0.0,0,,True
Q35302878,Puan,2,Mto Puan (Uganda),429,0.0,0,,True
Q35312559,Pungere,2,Mto Pungere,508,0.0,0,,True
Q35312707,Pungul,2,Mto Pungul (Uganda),429,0.0,0,,True
Q35313310,Punuaju,2,Mto Punuaju,477,0.0,0,,True
Q35313324,Punubongo,2,Mto Punubongo,477,0.0,0,,True
Q35315458,Purle,2,Mto Purle,502,0.0,0,,True
Q35316081,Puru,2,Mto Puru (Uganda),532,0.0,0,,True
Q35318992,Putongo,2,Mto Putongo,475,0.0,0,,True
Q35320483,Pworogali,2,Mto Pworogali,505,0.0,0,,True
Q35313869,Rusabbasabbie,2,Mto Rusabbasabbie,514,0.0,0,,True
Q35313928,Rusangwe,2,Mto Rusangwe,653,0.0,0,,True
Q35315958,Rushango,2,Mto Rushango,514,0.0,0,,True
Q35315997,Rushaya,2,Mto Rushaya (Uganda),650,0.0,0,,True
Q35316376,Rushoma,2,Mto Rushoma,647,0.0,0,,True
Q35319593,Rutanda,2,Mto Rutanda,473,0.0,0,,True
Q35319625,Rutara,2,Mto Rutara,647,0.0,0,,True
Q35320412,Rutoba,2,Mto Rutoba,520,0.0,0,,True
Q35320504,Rutondo,2,Mto Rutondo,429,0.0,0,,True
Q35320757,Rutungu,2,Mto Rutungu (Kiruhura),514,0.0,0,,True
Q35321408,Ruwuila,2,Mto Ruwuila,419,0.0,0,,True
Q35321804,Ruzhozho,2,Mto Ruzhozho,511,0.0,0,,True
Q35322169,Rwabanjeri,2,Mto Rwabanjeri,508,0.0,0,,True
Q35322184,Rwabarera,2,Mto Rwabarera,647,0.0,0,,True
Q35322198,Rwabaseveni,2,Mto Rwabaseveni,511,0.0,0,,True
Q35322242,Rwabatwa,2,Mto Rwabatwa,520,0.0,0,,True
Q35322258,Rwabigu,2,Mto Rwabigu,505,0.0,0,,True
Q35322347,Rwabitimba,2,Mto Rwabitimba,505,0.0,0,,True
Q35322892,Rwakiriba,2,Mto Rwakiriba,650,0.0,0,,True
Q35323002,Rwamarongo,2,Mto Rwamarongo,505,0.0,0,,True
Q35323030,Rwamasha,2,Mto Rwamasha,514,0.0,0,,True
Q35323215,Rwampanga,2,Mto Rwampanga,523,0.0,0,,True
Q35323563,Rwamutwaikya,2,Mto Rwamutwaikya,429,0.0,0,,True
Q35323756,Rwangogole,2,Mto Rwangogole,523,0.0,0,,True
Q35323948,Rwanyabukoba,2,Mto Rwanyabukoba,656,0.0,0,,True
Q35324557,Rwebikere,2,Mto Rwebikere,653,0.0,0,,True
Q35324570,Rwebikoba,2,Mto Rwebikoba,514,0.0,0,,True
Q35324586,Rwebikoko,2,Mto Rwebikoko,650,0.0,0,,True
Q35304310,Kankoko,2,Mto Kankoko (Uganda),650,0.0,0,,True
Q35304841,Kankwale,2,Mto Kankwale (Uganda),513,0.0,0,,True
Q35305550,Kanobogo,2,Mto Kanobogo,520,0.0,0,,True
Q35305604,Kanoga,2,Mto Kanoga (Uganda),483,0.0,0,,True
Q35305629,Kanogola,2,Mto Kanogola,510,0.0,0,,True
Q35305756,Kanonga,2,Mto Kanonga (Uganda),430,0.0,0,,True
Q35306583,Kansensero,2,Mto Kansensero,550,0.0,0,,True
Q35306639,Kanshegu,2,Mto Kanshegu,656,0.0,0,,True
Q35306886,Kansira,2,Mto Kansira,525,0.0,0,,True
Q35307513,Kantantimba,2,Mto Kantantimba,514,0.0,0,,True
Q35308488,Kanulira,2,Mto Kanulira,510,0.0,0,,True
Q35309017,Kanyabaha,2,Mto Kanyabaha,508,0.0,0,,True
Q35309028,Kanyabalogo,2,Mto Kanyabalogo,650,0.0,0,,True
Q35309092,Kanyabura,2,Mto Kanyabura,477,0.0,0,,True
Q35309131,Kanyagareng,2,Mto Kanyagareng,492,0.0,0,,True
Q35309323,Kanyampara,2,Mto Kanyampara,647,0.0,0,,True
Q35309361,Kanyamutam,2,Mto Kanyamutam,500,0.0,0,,True
Q35309550,Kanyankirengi,2,Mto Kanyankirengi,653,0.0,0,,True
Q35309615,Kanyansese,2,Mto Kanyansese,520,0.0,0,,True
Q35309658,Kanyara,2,Mto Kanyara (Uganda),514,0.0,0,,True
Q35309671,Kanyaranyara,2,Mto Kanyaranyara,575,0.0,0,,True
Q35309801,Kanyawanjura,2,Mto Kanyawanjura,430,0.0,0,,True
Q35310092,Kanyera,2,Mto Kanyera,558,0.0,0,,True
Q35310460,Kanyogoga,2,Mto Kanyogoga,600,0.0,0,,True
Q35310800,Kanyuwataba,2,Mto Kanyuwataba,650,0.0,0,,True
Q35310815,Kanywa,2,Mto Kanywa (Kalungu),511,0.0,0,,True
Q35366132,Kawolo Station,2,Mto Kawolo Station,508,0.0,0,,True
Q35366186,Kawoti,2,Mto Kawoti,479,0.0,0,,True
Q35366332,Kawumbuli,2,Mto Kawumbuli,514,0.0,0,,True
Q35367030,Kayagi,2,Mto Kayagi,514,0.0,0,,True
Q35367248,Kayambura,2,Mto Kayambura,653,0.0,0,,True
Q35367444,Kayanja,2,Mto Kayanja (Buhweju),511,0.0,0,,True
Q35367569,Kayansi,2,Mto Kayansi,647,0.0,0,,True
Q35368125,Kayera,2,Mto Kayera,523,0.0,0,,True
Q35368421,Kayiraya,2,Mto Kayiraya,519,0.0,0,,True
Q35303696,Pudapud,2,Mto Pudapud,481,0.0,0,,True
Q35305092,Pugali,2,Mto Pugali,505,0.0,0,,True
Q35305423,Pugwaro,2,Mto Pugwaro,477,0.0,0,,True
Q35305436,Pugwet,2,Mto Pugwet,429,0.0,0,,True
Q35305935,Pujigo,2,Mto Pujigo,505,0.0,0,,True
Q35306198,Pukal,2,Mto Pukal,477,0.0,0,,True
Q35307913,Pul,2,Mto Pul (Abim),475,0.0,0,,True
Q35307926,Pul,2,Mto Pul (Lamwo),505,0.0,0,,True
Q35309222,Pululu,2,Mto Pululu,429,0.0,0,,True
Q35307557,Ruizi,2,Mto Ruisi,460,0.0,0,,True
Q35308226,Rukoki,2,Mto Rukoki (Uganda),647,0.0,0,,True
Q35308391,Rukoni,2,Mto Rukoni (Ntungamo),653,0.0,0,,True
Q35308461,Rukorohwa,2,Mto Rukorohwa,650,0.0,0,,True
Q35309434,Rumatol,2,Mto Rumatol,508,0.0,0,,True
Q35356056,Katonga,2,Mto Kantongo,441,0.0,0,,True
Q35349854,Katabasegu,2,Mto Katabasegu,514,0.0,0,,True
Q35349867,Katabatimba,2,Mto Katabatimba,513,0.0,0,,True
Q35349921,Katabok,2,Mto Katabok,505,0.0,0,,True
Q35350514,Katalikwa,2,Mto Katalikwa,525,0.0,0,,True
Q35350558,Katamandwa,2,Mto Katamandwa,510,0.0,0,,True
Q35350637,Katambwa,2,Mto Katambwa,510,0.0,0,,True
Q35350886,Katangwa,2,Mto Katangwa,420,0.0,0,,True
Q35350929,Katansule,2,Mto Katansule,420,0.0,0,,True
Q35351035,Katanywa,2,Mto Katanywa,510,0.0,0,,True
Q35351386,Katatye,2,Mto Katatye,430,0.0,0,,True
Q35351749,Kategule,2,Mto Kategule,430,0.0,0,,True
Q35352232,Katengo,2,Mto Katengo (Uganda),507,0.0,0,,True
Q35352326,Katerema,2,Mto Katerema,508,0.0,0,,True
Q35352338,Katerera,2,Mto Katerera,514,0.0,0,,True
Q35352509,Katete,2,Mto Katete (Kyankwanzi),522,0.0,0,,True
Q35352522,Katete,2,Mto Katete (Nakasongola),525,0.0,0,,True
Q35352833,Katetempe,2,Mto Katetempe,508,0.0,0,,True
Q35353408,Kathekucha,2,Mto Kathekucha,479,0.0,0,,True
Q35353502,Kathil,2,Mto Kathil,481,0.0,0,,True
Q35353528,Kathileo,2,Mto Kathileo,479,0.0,0,,True
Q35353750,Kathuguru,2,Mto Kathuguru,481,0.0,0,,True
Q35355508,Katojo,2,Mto Katojo,650,0.0,0,,True
Q35355699,Katolo,2,Mto Katolo (Uganda),505,0.0,0,,True
Q35355725,Katoma,2,Mto Katoma (Masindi),650,0.0,0,,True
Q35355822,Katona,2,Mto Katona (Uganda),505,0.0,0,,True
Q35356015,Katondwa,2,Mto Katondwa,653,0.0,0,,True
Q35356069,Katonga,2,Mto Katonga (Kamwenge),690,0.0,0,,True
Q35368435,Kayirira,2,Mto Kayirira,510,0.0,0,,True
Q35369185,Kayoboya,2,Mto Kayoboya,558,0.0,0,,True
Q35369348,Kayora,2,Mto Kayora (Uganda),650,0.0,0,,True
Q35369985,Kaywen,2,Mto Kaywen,477,0.0,0,,True
Q35376404,Kazibiride,2,Mto Kazibiride,510,0.0,0,,True
Q35377254,Kazimeri,2,Mto Kazimeri,508,0.0,0,,True
Q35377267,Kazimsa,2,Mto Kazimsa,506,0.0,0,,True
Q35377307,Kazinga,2,Mto Kazinga (Nakaseke),516,0.0,0,,True
Q35377554,Kaziradindu,2,Mto Kaziradindu,594,0.0,0,,True
Q35367172,Lopedot,2,Mto Lopedot,492,0.0,0,,True
Q35367229,Loperipir,2,Mto Loperipir,481,0.0,0,,True
Q35367369,Lopogot,2,Mto Lopogot,505,0.0,0,,True
Q35367383,Loporokocho,2,Mto Loporokocho,479,0.0,0,,True
Q35367412,Lopoza,2,Mto Lopoza,481,0.0,0,,True
Q35367589,Lopua,2,Mto Lopua,481,0.0,0,,True
Q35367696,Loputh,2,Mto Loputh,508,0.0,0,,True
Q35368017,Loraya,2,Mto Loraya,479,0.0,0,,True
Q35368289,Lorengikipi,2,Mto Lorengikipi,505,0.0,0,,True
Q35368650,Loroboi,2,Mto Loroboi,479,0.0,0,,True
Q35369127,Lorupel,2,Mto Lorupel,481,0.0,0,,True
Q35374522,Losigiria,2,Mto Losigiria,481,0.0,0,,True
Q35370205,Timan,2,Mto Timan,579,0.0,0,,True
Q35329738,Kare,2,Mto Kare (Uganda),482,0.0,0,,True
Q35330107,Karemem,2,Mto Karemem,511,0.0,0,,True
Q35335091,Karomokacoo,2,Mto Karomokacoo,477,0.0,0,,True
Q35337612,Karundi,2,Mto Karundi,648,0.0,0,,True
Q35337670,Karung,2,Mto Karung,481,0.0,0,,True
Q35339996,Kasala,2,Mto Kasala (Uganda),510,0.0,0,,True
Q35340661,Kasanda,2,Mto Kasanda (Uganda),653,0.0,0,,True
Q35340838,Kasangalabi,2,Mto Kasangalabi,510,0.0,0,,True
Q35341515,Kasate,2,Mto Kasate,508,0.0,0,,True
Q35341713,Kasawsula,2,Mto Kasawsula,507,0.0,0,,True
Q35341769,Kasayumba,2,Mto Kasayumba,514,0.0,0,,True
Q35341783,Kasazi,2,Mto Kasazi,513,0.0,0,,True
Q35342177,Kasemba,2,Mto Kasemba (Uganda),477,0.0,0,,True
Q35342206,Kasembeta,2,Mto Kasembeta,514,0.0,0,,True
Q35342276,Kasemulamba,2,Mto Kasemulamba,507,0.0,0,,True
Q35356041,Katonga,2,Mto Katonga (Mpigi),557,0.0,0,,True
Q35356243,Katonya,2,Mto Katonya,558,0.0,0,,True
Q35356255,Katoogo,2,Mto Katoogo,510,0.0,0,,True
Q35356565,Katosi,2,Mto Katosi,656,0.0,0,,True
Q35357967,Katuba,2,Mto Katuba (Uganda),653,0.0,0,,True
Q35358307,Katugo,2,Mto Katugo (Mubende),513,0.0,0,,True
Q35358320,Katugo,2,Mto Katugo (Nakaseke),491,0.0,0,,True
Q35358917,Katungulu,2,Mto Katungulu,507,0.0,0,,True
Q35359041,Katurum,2,Mto Katurum,481,0.0,0,,True
Q35359136,Katutu,2,Mto Katutu (Uganda),430,0.0,0,,True
Q35364567,Kawairindi,2,Mto Kawairindi,550,0.0,0,,True
Q35364779,Kawali,2,Mto Kawali (Uganda),550,0.0,0,,True
Q35365201,Kawango,2,Mto Kawango (Masindi),650,0.0,0,,True
Q35365175,Kawango,2,Mto Kawango (Nakasongola),525,0.0,0,,True
Q35365351,Kawaswiswa,2,Mto Kawaswiswa,653,0.0,0,,True
Q35336035,Lobalangati,2,Mto Lobalangati,481,0.0,0,,True
Q35336647,Loboti,2,Mto Loboti,532,0.0,0,,True
Q35336832,Lobuloyin,2,Mto Lobuloyin,380,0.0,0,,True
Q35337052,Lochaboi,2,Mto Lochaboi,481,0.0,0,,True
Q35337232,Lochoman,2,Mto Lochoman,505,0.0,0,,True
Q35337247,Lochorakwangen,2,Mto Lochorakwangen,492,0.0,0,,True
Q35337260,Lochoria,2,Mto Lochoria,505,0.0,0,,True
Q35337274,Lochorkinei,2,Mto Lochorkinei,481,0.0,0,,True
Q35339059,Lodias,2,Mto Lodias,492,0.0,0,,True
Q35339129,Lodokedanglobey,2,Mto Lodokedanglobey,479,0.0,0,,True
Q35339143,Lodoketemit,2,Mto Lodoketemit,529,0.0,0,,True
Q35341246,Logara,2,Mto Logara,481,0.0,0,,True
Q35341317,Logelat,2,Mto Logelat,429,0.0,0,,True
Q35364027,Longelia,2,Mto Longelia,479,0.0,0,,True
Q35364074,Longem,2,Mto Longem,508,0.0,0,,True
Q35364199,Longiro,2,Mto Longiro,508,0.0,0,,True
Q35364479,Longor,2,Mto Longor,429,0.0,0,,True
Q35364507,Longoroc,2,Mto Longoroc,481,0.0,0,,True
Q35364521,Longoromit,2,Mto Longoromit,481,0.0,0,,True
Q35365202,Lonipo,2,Mto Lonipo,481,0.0,0,,True
Q35342772,Kasensero,2,Mto Kasensero,528,0.0,0,,True
Q35342784,Kasenso,2,Mto Kasenso,507,0.0,0,,True
Q35343443,Kashara,2,Mto Kashara (Uganda),514,0.0,0,,True
Q35343471,Kasharara,2,Mto Kasharara,430,0.0,0,,True
Q35343485,Kashasha,2,Mto Kashasha (Kabale),508,0.0,0,,True
Q35343499,Kashasha,2,Mto Kashasha (Kisoro),498,0.0,0,,True
Q35346243,Kasinga,2,Mto Kasinga (Uganda),650,0.0,0,,True
Q35346321,Kasinina,2,Mto Kasinina,510,0.0,0,,True
Q35346334,Kasininya,2,Mto Kasininya,600,0.0,0,,True
Q35346859,Kasoa,2,Mto Kasoa (Masindi),650,0.0,0,,True
Q35346917,Kasokanyanja,2,Mto Kasokanyanja,511,0.0,0,,True
Q35346985,Kasokolindo,2,Mto Kasokolindo,510,0.0,0,,True
Q35347026,Kasokwa,2,Mto Kasokwa (Uganda),650,0.0,0,,True
Q35347136,Kasolwe,2,Mto Kasolwe,508,0.0,0,,True
Q35347207,Kasomberwa,2,Mto Kasomberwa (Hoima),550,0.0,0,,True
Q35347229,Kasomberwa,2,Mto Kasomberwa (Masindi),650,0.0,0,,True
Q35347672,Kasota,2,Mto Kasota,508,0.0,0,,True
Q35347696,Kasowa,2,Mto Kasowa (Uganda),650,0.0,0,,True
Q35349465,Kasyo,2,Mto Kasyo,511,0.0,0,,True
Q35349783,Katabagole,2,Mto Katabagole,513,0.0,0,,True
Q35349811,Katabalanga,2,Mto Katabalanga,513,0.0,0,,True
Q35349825,Katabanyente,2,Mto Katabanyente,525,0.0,0,,True
Q35341331,Loget,2,Mto Loget,429,0.0,0,,True
Q35341861,Logoronga,2,Mto Logoronga,479,0.0,0,,True
Q35343438,Loitabela,2,Mto Loitabela,465,0.0,0,,True
Q35343452,Loitanit,2,Mto Loitanit,481,0.0,0,,True
Q35343550,Lokapitai,2,Mto Lokapitai,481,0.0,0,,True
Q35343593,Lokasirim,2,Mto Lokasirim,529,0.0,0,,True
Q35343621,Lokatete,2,Mto Lokatete,479,0.0,0,,True
Q35343651,Lokawo,2,Mto Lokawo,481,0.0,0,,True
Q35343766,Lokemerikapel,2,Mto Lokemerikapel,506,0.0,0,,True
Q35343808,Loker,2,Mto Loker,429,0.0,0,,True
Q35343992,Lokibuo,2,Mto Lokibuo,508,0.0,0,,True
Q35344005,Lokilik,2,Mto Lokilik,505,0.0,0,,True
Q35344019,Lokimali,2,Mto Lokimali,481,0.0,0,,True
Q35344034,Lokipawa,2,Mto Lokipawa,479,0.0,0,,True
Q35324600,Rwekunye,2,Mto Rwekunye,523,0.0,0,,True
Q35324614,Rwemamba,2,Mto Rwemamba,514,0.0,0,,True
Q35324638,Rwembogo,2,Mto Rwembogo,650,0.0,0,,True
Q35324652,Rwemidodi,2,Mto Rwemidodi,650,0.0,0,,True
Q35324667,Rwempuno,2,Mto Rwempuno,553,0.0,0,,True
Q35324695,Rwengo,2,Mto Rwengo,514,0.0,0,,True
Q35324742,Rwenjuvo,2,Mto Rwenjuvo,514,0.0,0,,True
Q35324754,Rwentobo,2,Mto Rwentobo,653,0.0,0,,True
Q35324783,Rwentuha,2,Mto Rwentuha (Kamwenge),653,0.0,0,,True
Q35324797,Rwentuha,2,Mto Rwentuha (Masindi),650,0.0,0,,True
Q35324942,Rwigo,2,Mto Rwigo,520,0.0,0,,True
Q35325165,Rwoho,2,Mto Rwoho,514,0.0,0,,True
Q35325260,Rwonyo,2,Mto Rwonyo,656,0.0,0,,True
Q35325273,Rwotobila,2,Mto Rwotobila,475,0.0,0,,True
Q35297030,Kanapedi,2,Mto Kanapedi,479,0.0,0,,True
Q35297044,Kanapo,2,Mto Kanapo,529,0.0,0,,True
Q35299121,Kandekye,2,Mto Kandekye,430,0.0,0,,True
Q35394622,Kelim,2,Mto Kelim,517,0.0,0,,True
Q35394747,Kelku,2,Mto Kelku,505,0.0,0,,True
Q35399139,Kena,2,Mto Kena (Uganda),505,0.0,0,,True
Q35399702,Kendra,2,Mto Kendra,505,0.0,0,,True
Q35346466,Lokokwayi,2,Mto Lokokwayi,479,0.0,0,,True
Q35346518,Lokome,2,Mto Lokome,475,0.0,0,,True
Q35346531,Lokomo,2,Mto Lokomo,429,0.0,0,,True
Q35346573,Lokorimoru,2,Mto Lokorimoru,505,0.0,0,,True
Q35346769,Lokukwoi,2,Mto Lokukwoi,481,0.0,0,,True
Q35346798,Lokulasi,2,Mto Lokulasi,481,0.0,0,,True
Q35346880,Lokutu,2,Mto Lokutu (Uganda),505,0.0,0,,True
Q35346909,Lokwakel,2,Mto Lokwakel,508,0.0,0,,True
Q35347092,Lolelia,2,Mto Lolelia,481,0.0,0,,True
Q35347153,Loliakat,2,Mto Loliakat,505,0.0,0,,True
Q35347178,Loliboch,2,Mto Loliboch,481,0.0,0,,True
Q35347228,Lolili,2,Mto Lolili,479,0.0,0,,True
Q35347239,Lolire,2,Mto Lolire,479,0.0,0,,True
Q35347956,Lomapus,2,Mto Lomapus,492,0.0,0,,True
Q35348337,Lomegetum,2,Mto Lomegetum,481,0.0,0,,True
Q35349554,Lomugetum,2,Mto Lomugetum,481,0.0,0,,True
Q35349582,Lomunyenikiporat,2,Mto Lomunyenikiporat,506,0.0,0,,True
Q35392903,Lugolima,2,Mto Lugolima,522,0.0,0,,True
Q35393547,Lugudde,2,Mto Lugudde,508,0.0,0,,True
Q35393627,Lugung,2,Mto Lugung,477,0.0,0,,True
Q35393708,Luguuga,2,Mto Luguuga,560,0.0,0,,True
Q35394056,Luhonde,2,Mto Luhonde,550,0.0,0,,True
Q35394532,Luitambwa,2,Mto Luitambwa,508,0.0,0,,True
Q35395544,Luker,2,Mto Luker,505,0.0,0,,True
Q35297000,Sonso,2,Mto Sonso (Buliisa),575,0.0,0,,True
Q35297014,Sonso,2,Mto Sonso (Masindi),650,0.0,0,,True
Q35298028,Sopsop,2,Mto Sopsop,508,0.0,0,,True
Q35403212,Kerekilet,2,Mto Kerekilet,479,0.0,0,,True
Q35405434,Kesiat,2,Mto Kesiat,508,0.0,0,,True
Q35409430,Khabere,2,Mto Khabere,515,0.0,0,,True
Q35414013,Khamitsaru,2,Mto Khamitsaru,511,0.0,0,,True
Q35416214,Khaoya,2,Mto Khaoya,511,0.0,0,,True
Q35395801,Lukide,2,Mto Lukide,505,0.0,0,,True
Q35395925,Lukinga,2,Mto Lukinga (Uganda),653,0.0,0,,True
Q35396130,Lukoba,2,Mto Lukoba,511,0.0,0,,True
Q35396144,Lukoje,2,Mto Lukoje,511,0.0,0,,True
Q35396252,Lukome,2,Mto Lukome,475,0.0,0,,True
Q35396442,Lukotakoryi,2,Mto Lukotakoryi,506,0.0,0,,True
Q35399305,Lukudut,2,Mto Lukudut,529,0.0,0,,True
Q35399685,Lukusi,2,Mto Lukusi (Uganda),508,0.0,0,,True
Q35399867,Lukwangi,2,Mto Lukwangi,481,0.0,0,,True
Q35400008,Lukwitamaira,2,Mto Lukwitamaira,508,0.0,0,,True
Q35400832,Lumaluk,2,Mto Lumaluk,429,0.0,0,,True
Q35400922,Lumansi,2,Mto Lumansi,489,0.0,0,,True
Q35401549,Lumbuka,2,Mto Lumbuka (Uganda),429,0.0,0,,True
Q35401602,Lumbuye,2,Mto Lumbuye,508,0.0,0,,True
Q35401804,Lumeno,2,Mto Lumeno (Uganda),506,0.0,0,,True
Q35402461,Lumungole,2,Mto Lumungole,479,0.0,0,,True
Q35404422,Lungiebi,2,Mto Lungiebi,429,0.0,0,,True
Q35405056,Lunkingiride,2,Mto Lunkingiride,510,0.0,0,,True
Q35405980,Lunyunai,2,Mto Lunyunai,479,0.0,0,,True
Q35407503,Luput,2,Mto Luput,505,0.0,0,,True
Q35407648,Lura,2,Mto Lura (Uganda),479,0.0,0,,True
Q35407823,Luriceng,2,Mto Luriceng,505,0.0,0,,True
Q35407900,Luronyo,2,Mto Luronyo,475,0.0,0,,True
Q35408166,Lusamatu,2,Mto Lusamatu,528,0.0,0,,True
Q35408577,Lusensa,2,Mto Lusensa,429,0.0,0,,True
Q35408590,Lusere,2,Mto Lusere,508,0.0,0,,True
Q35409651,Lutabasigire,2,Mto Lutabasigire,508,0.0,0,,True
Q35409739,Lutamandwa,2,Mto Lutamandwa,508,0.0,0,,True
Q35409791,Lutatworo,2,Mto Lutatworo,477,0.0,0,,True
Q35409830,Lutek,2,Mto Lutek,479,0.0,0,,True
Q35409869,Lutembe,2,Mto Lutembe,653,0.0,0,,True
Q35410472,Lutongo,2,Mto Lutongo (Uganda),475,0.0,0,,True
Q35410543,Lutoto,2,Mto Lutoto,511,0.0,0,,True
Q35410979,Lutukumini,2,Mto Lutukumini,479,0.0,0,,True
Q35411371,Luvunya,2,Mto Luvunya,429,0.0,0,,True
Q35411915,Luyam,2,Mto Luyam,502,0.0,0,,True
Q35412040,Luyoro,2,Mto Luyoro,479,0.0,0,,True
Q35412077,Luzade,2,Mto Luzade,650,0.0,0,,True
Q35412462,Luzibwe,2,Mto Luzibwe,510,0.0,0,,True
Q35412899,Lwabidu,2,Mto Lwabidu,516,0.0,0,,True
Q35412993,Lwakungi,2,Mto Lwakungi,523,0.0,0,,True
Q35413006,Lwala,2,Mto Lwala (Pader),505,0.0,0,,True
Q35413057,Lwalagada,2,Mto Lwalagada,523,0.0,0,,True
Q35413170,Lwamagembe,2,Mto Lwamagembe,513,0.0,0,,True
Q35413222,Lwamboga,2,Mto Lwamboga,514,0.0,0,,True
Q35378186,Kazirankuku,2,Mto Kazirankuku (Uganda),550,0.0,0,,True
Q35385047,Kecharaba,2,Mto Kecharaba,505,0.0,0,,True
Q35386006,Kedi,2,Mto Kedi (Uganda),479,0.0,0,,True
Q35390616,Kedyangu,2,Mto Kedyangu,523,0.0,0,,True
Q35390699,Kee,2,Mto Kee,430,0.0,0,,True
Q35419730,Kharkara,2,Mto Kharkara,511,0.0,0,,True
Q35421960,Khato,2,Mto Khato,508,0.0,0,,True
Q35427106,Khisongwe,2,Mto Khisongwe,505,0.0,0,,True
Q35385299,Loyee,2,Mto Loyee,481,0.0,0,,True
Q35385435,Loyoboo,2,Mto Loyoboo,475,0.0,0,,True
Q35385449,Loyolo,2,Mto Loyolo (Uganda),481,0.0,0,,True
Q35385462,Loyoro,2,Mto Loyoro,429,0.0,0,,True
Q35385475,Loyoroit,2,Mto Loyoroit,475,0.0,0,,True
Q35387398,Lubaale,2,Mto Lubaale,508,0.0,0,,True
Q35387505,Lubalangat,2,Mto Lubalangat,481,0.0,0,,True
Q35387607,Lubamba,2,Mto Lubamba (Kyankwanzi),521,0.0,0,,True
Q35387945,Lubekolu,2,Mto Lubekolu,477,0.0,0,,True
Q35413248,Lwambula,2,Mto Lwambula (Uganda),513,0.0,0,,True
Q35413411,Lwamirindi,2,Mto Lwamirindi,524,0.0,0,,True
Q35413586,Lwampanga,2,Mto Lwampanga,523,0.0,0,,True
Q35413821,Lwanjoka,2,Mto Lwanjoka,650,0.0,0,,True
Q35413859,Lwankuba,2,Mto Lwankuba,525,0.0,0,,True
Q35413897,Lwanpanga,2,Mto Lwanpanga,523,0.0,0,,True
Q35414162,Lwatema,2,Mto Lwatema,647,0.0,0,,True
Q35414210,Lwekomba,2,Mto Lwekomba,508,0.0,0,,True
Q35414330,Lwematofu,2,Mto Lwematofu,508,0.0,0,,True
Q35414356,Lwembwa,2,Mto Lwembwa,653,0.0,0,,True
Q35414382,Lwemirondo,2,Mto Lwemirondo,514,0.0,0,,True
Q35414408,Lwendegeya,2,Mto Lwendegeya,429,0.0,0,,True
Q35414460,Lwenimira,2,Mto Lwenimira,429,0.0,0,,True
Q35414473,Lwenkunge,2,Mto Lwenkunge,471,0.0,0,,True
Q35414486,Lwenyana,2,Mto Lwenyana,650,0.0,0,,True
Q35414499,Lwenyizi,2,Mto Lwenyizi,523,0.0,0,,True
Q35414511,Lwere,2,Mto Lwere,502,0.0,0,,True
Q35414642,Lwitambwa,2,Mto Lwitambwa,517,0.0,0,,True
Q35414653,Lwitanamaiso,2,Mto Lwitanamaiso,508,0.0,0,,True
Q35414673,Lwoga,2,Mto Lwoga,550,0.0,0,,True
Q35414933,Lyakarage,2,Mto Lyakarage,653,0.0,0,,True
Q35415061,Lyamboko,2,Mto Lyamboko,511,0.0,0,,True
Q35415587,Lyato,2,Mto Lyato,550,0.0,0,,True
Q35416171,Lyendali,2,Mto Lyendali,511,0.0,0,,True
Q35416184,Lyenlakop,2,Mto Lyenlakop,479,0.0,0,,True
Q35431315,Mabuguwe,2,Mto Mabuguwe,508,0.0,0,,True
Q35431327,Mabugwe,2,Mto Mabugwe,419,0.0,0,,True
Q35437673,Madakori,2,Mto Madakori,508,0.0,0,,True
Q35439746,Madiwo,2,Mto Madiwo,475,0.0,0,,True
Q35444301,Magaga,2,Mto Magaga (Uganda Kati),419,0.0,0,,True
Q35447578,Magombe,2,Mto Magombe (Uganda),653,0.0,0,,True
Q35415082,Waibala,2,Mto Waibala,543,0.0,0,,True
Q35415507,Wakipompyo,2,Mto Wakipompyo,543,0.0,0,,True
Q35482304,Kiazi,2,Mto Kiazi,529,0.0,0,,True
Q35482365,Kibaa,2,Mto Kibaa,505,0.0,0,,True
Q35482530,Kibale,2,Mto Kibale (Rakai),507,0.0,0,,True
Q35482619,Kibanga,2,Mto Kibanga (Uganda),430,0.0,0,,True
Q35483084,Kibembe,2,Mto Kibembe,510,0.0,0,,True
Q35483254,Kibimba,2,Mto Kibimba (Bugiri),607,0.0,0,,True
Q35483240,Kibimba,2,Mto Kibimba (Sembabule),519,0.0,0,,True
Q35483694,Kibologota,2,Mto Kibologota,650,0.0,0,,True
Q35483890,Kibuga,2,Mto Kibuga (Uganda),647,0.0,0,,True
Q35483947,Kibukuta,2,Mto Kibukuta,557,0.0,0,,True
Q35483976,Kibule,2,Mto Kibule,475,0.0,0,,True
Q35485646,Kichumbonyobo,2,Mto Kichumbonyobo,650,0.0,0,,True
Q35485658,Kichumbwa,2,Mto Kichumbwa,511,0.0,0,,True
Q35486592,Kidikidi,2,Mto Kidikidi (Uganda),481,0.0,0,,True
Q35487304,Kifu,2,Mto Kifu (Uganda),510,0.0,0,,True
Q35487368,Kigabi,2,Mto Kigabi,510,0.0,0,,True
Q35487448,Kigaga,2,Mto Kigaga (Lyantonde),519,0.0,0,,True
Q35487459,Kigaga,2,Mto Kigaga (Ntungamo),653,0.0,0,,True
Q35487608,Kigera,2,Mto Kigera,507,0.0,0,,True
Q35487633,Kigeyo,2,Mto Kigeyo (Uganda),647,0.0,0,,True
Q35487870,Kigona,2,Mto Kigona,510,0.0,0,,True
Q35487940,Kigoye,2,Mto Kigoye,513,0.0,0,,True
Q35488012,Kiguka,2,Mto Kiguka,505,0.0,0,,True
Q35488089,Kigwe,2,Mto Kigwe (Uganda),420,0.0,0,,True
Q35388027,Lubenge,2,Mto Lubenge,513,0.0,0,,True
Q35388242,Lubigi,2,Mto Lubigi,419,0.0,0,,True
Q35388345,Lubingo,2,Mto Lubingo,650,0.0,0,,True
Q35388358,Lubire,2,Mto Lubire,505,0.0,0,,True
Q35392474,Lugada,2,Mto Lugada,515,0.0,0,,True
Q35392592,Luganzi,2,Mto Luganzi,508,0.0,0,,True
Q35392661,Lugazi,2,Mto Lugazi,525,0.0,0,,True
Q35392674,Lugenda,2,"Mto Lugenda, Uganda",535,0.0,0,,True
Q35448388,Maguka,2,Mto Maguka (Uganda),653,0.0,0,,True
Q35448456,Magunu,2,Mto Magunu,653,0.0,0,,True
Q35451279,Mahirro,2,Mto Mahirro,653,0.0,0,,True
Q35451734,Mahoma,2,Mto Mahoma (Kabarole),653,0.0,0,,True
Q35451745,Muhhamad,2,Mto Mahoma (Kasese),647,0.0,0,,True
Q35454440,Maingo,2,Mto Maingo,515,0.0,0,,True
Q35459705,Makhoba,2,Mto Makhoba,505,0.0,0,,True
Q35459821,Makhuba,2,Mto Makhuba,505,0.0,0,,True
Q35460816,Makoka,2,Mto Makoka,514,0.0,0,,True
Q35466274,Malakwanga river,2,Mto Malakwanga,475,0.0,0,,True
Q35457743,Sume,2,Mto Sume (Uganda),508,0.0,0,,True
Q35460375,Sundet,2,Mto Sundet,505,0.0,0,,True
Q35488130,Kigwisa,2,Mto Kigwisa,508,0.0,0,,True
Q35488144,Kigyankonda,2,Mto Kigyankonda,510,0.0,0,,True
Q35488157,Kiha,2,Mto Kiha,650,0.0,0,,True
Q35488344,Kihungi,2,Mto Kihungi,647,0.0,0,,True
Q35488358,Kii,2,Mto Kii (Uganda),505,0.0,0,,True
Q35488370,Kiiga,2,Mto Kiiga,650,0.0,0,,True
Q35488466,Kiira,2,Mto Kiira,508,0.0,0,,True
Q35488478,Kiita,2,Mto Kiita,513,0.0,0,,True
Q35488624,Kijoro,2,Mto Kijoro (Uganda),550,0.0,0,,True
Q35488690,Kikaira,2,Mto Kikaira,430,0.0,0,,True
Q35488821,Kikenyi,2,Mto Kikenyi,544,0.0,0,,True
Q35489013,Kikii,2,Mto Kikii,505,0.0,0,,True
Q35489128,Kiko,2,Mto Kiko (Kamuli),506,0.0,0,,True
Q35489263,Kikoyo,2,Mto Kikoyo,653,0.0,0,,True
Q35489885,Kila,2,Mto Kila (Uganda),505,0.0,0,,True
Q35490133,Kilao,2,Mto Kilao,505,0.0,0,,True
Q35493079,Kilube,2,Mto Kilube,477,0.0,0,,True
Q35494255,Kimbubwe,2,Mto Kimbubwe,650,0.0,0,,True
Q35494575,Kimiransembe,2,Mto Kimiransembe,653,0.0,0,,True
Q35494602,Kimiya,2,Mto Kimiya,430,0.0,0,,True
Q35495094,Kimuntu,2,Mto Kimuntu,514,0.0,0,,True
Q35495305,Kinaga,2,Mto Kinaga (Uganda),505,0.0,0,,True
Q35495685,Kinawataka,2,Mto Kinawataka,510,0.0,0,,True
Q35500700,Kinoga,2,Mto Kinoga,420,0.0,0,,True
Q35528999,Kinyegula,2,Mto Kinyegula,519,0.0,0,,True
Q35529047,Kinyoo,2,Mto Kinyoo,505,0.0,0,,True
Q35529059,Kinywa,2,Mto Kinywa,508,0.0,0,,True
Q35529241,Kipangori,2,Mto Kipangori,508,0.0,0,,True
Q35529305,Kipinyo,2,Mto Kipinyo,479,0.0,0,,True
Q35529362,Kipoko,2,Mto Kipoko (Uganda),477,0.0,0,,True
Q35529539,Kirala,2,Mto Kirala,650,0.0,0,,True
Q35529963,Kiri,2,Mto Kiri (Uganda),650,0.0,0,,True
Q35529997,Kiriba,2,Mto Kiriba (Kanungu),499,0.0,0,,True
Q35530005,Kiribanywa,2,Mto Kiribanywa,420,0.0,0,,True
Q35530063,Kiriki,2,Mto Kiriki (Amudat),479,0.0,0,,True
Q35530067,Kiriki,2,Mto Kiriki (Uganda Mashariki),430,0.0,0,,True
Q35530197,Kirimia,2,Mto Kirimia,575,0.0,0,,True
Q35530238,Kiringansozi,2,Mto Kiringansozi,508,0.0,0,,True
Q35530239,Kirinjui,2,Mto Kirinjui,536,0.0,0,,True
Q35530711,Kirombe,2,Mto Kirombe (Gulu),475,0.0,0,,True
Q35483944,Malembo,2,Mto Malembo (Uganda),419,0.0,0,,True
Q35484163,Malengany,2,Mto Malengany,429,0.0,0,,True
Q35486762,Malir,2,Mto Malir,429,0.0,0,,True
Q35486801,Maliri,2,Mto Maliri,508,0.0,0,,True
Q35490739,Malukandwa,2,Mto Malukandwa,508,0.0,0,,True
Q38249516,Butalangu,2,Butalangu,803,4955.0,0,16.2,True
Q35530877,Kiruruma,2,Mto Kiruruma (Buhweju),511,0.0,0,,True
Q35530880,Kiruruma,2,Mto Kiruruma (Kabale),647,0.0,0,,True
Q35530920,Kiryantama,2,Mto Kiryantama,514,0.0,0,,True
Q35531083,Kisasolima,2,Mto Kisasolima,510,0.0,0,,True
Q35531195,Kisemiyondwa,2,Mto Kisemiyondwa,514,0.0,0,,True
Q35531203,Kisenyi,2,Mto Kisenyi,508,0.0,0,,True
Q35531297,Kishanga,2,Mto Kishanga,514,0.0,0,,True
Q35531452,Kisingu,2,Mto Kisingu,510,0.0,0,,True
Q35531456,Kisini,2,Mto Kisini,519,0.0,0,,True
Q35531478,Kisisita,2,Mto Kisisita,558,0.0,0,,True
Q35531663,Kiso,2,Mto Kiso (Hoima),495,0.0,0,,True
Q35531659,Kiso,2,Mto Kiso (Masindi),650,0.0,0,,True
Q35531667,Kisojo,2,Mto Kisojo,519,0.0,0,,True
Q35531674,Kisole,2,Mto Kisole,505,0.0,0,,True
Q38249599,Palenga,2,Palenga,347,6979.0,0,5.0,True
Q35732365,Lake Karengye,2,Ziwa Karengye,555,0.0,0,,True
Q35732372,Lake Kasago,2,Ziwa Kasago,462,0.0,0,,True
Q35732419,Lake Kazuma,2,Ziwa Kazuma,514,0.0,0,,True
Q35732572,Lake Komunua,2,Ziwa Komunua,515,0.0,0,,True
Q35733737,Lake Naragaga,2,Ziwa Naragaga,513,0.0,0,,True
Q35733760,Lake Nawampasa,2,Ziwa Nawampasa,515,0.0,0,,True
Q35734004,Lake Opare,2,Ziwa Opare,513,0.0,0,,True
Q35734064,Lake Pachoto,2,Ziwa Pachoto,513,0.0,0,,True
Q39046064,"Banga, Entebbe",2,"Banga, Entebbe",1070,8783.0,0,12.2,True
Q38249416,Sonde,2,"Sonde, Uganda",811,5739.0,0,14.1,True
Q4651876,AIDS Information Centre,2,Kituo cha Habari za UKIMWI,5181,17387.0,0,29.8,False
Q4854283,Banda,2,"Banda, Uganda",1814,12149.0,0,14.9,True
Q49631410,Agirigiryoi Island,2,Kisiwa cha Agirigiryoi,345,0.0,0,,True
Q49631506,Akika Island,2,Kisiwa cha Akika,401,0.0,0,,True
Q49631708,Amusiata Island,2,Kisiwa cha Amusiata,345,0.0,0,,True
Q49631835,Anyi Island,2,Kisiwa cha Anyi,340,0.0,0,,True
Q49632196,Baga Island,2,Kisiwa cha Baga,450,0.0,0,,True
Q49632203,Bagwe Island,2,Kisiwa cha Bagwe,345,0.0,0,,True
Q49632316,Banda Island,2,Kisiwa cha Banda (Uganda),456,0.0,0,,True
Q49634004,Bu Island,2,Kisiwa cha Bu,450,0.0,0,,True
Q49634012,Bubeke Island,2,Kisiwa cha Bubeke,456,0.0,0,,True
Q49634053,Bufumira Island,2,Kisiwa cha Bufumira,456,0.0,0,,True
Q49296303,Maundu Island,2,Kisiwa cha Maundu,454,0.0,0,,True
Q49330230,Kachung,2,Mto Kachung,357,0.0,0,,True
Q49298247,Obongi County,2,Obongi,350,0.0,0,,True
Q49296077,Kabuguza Islets,2,Visiwa vya Kabuguza,401,0.0,0,,True
Q49296092,Kansove Islets,2,Visiwa vya Kansove,426,0.0,0,,True
Q49296281,Mabanda Islets,2,Visiwa vya Mabanda,464,0.0,0,,True
Q49296328,Mitusi Islets,2,Visiwa vya Mitusi,464,0.0,0,,True
Q49296356,Musambwa Islands,2,Visiwa vya Musambwa,514,0.0,0,,True
Q49296604,Semuganja Islands,2,Visiwa vya Semuganja,464,0.0,0,,True
Q49634060,Bugaba Island,2,Kisiwa cha Bugaba,465,0.0,0,,True
Q49634062,Bugana Island,2,Kisiwa cha Bugana,345,0.0,0,,True
Q49634074,Bulga Island,2,Kisiwa cha Buiga (Mpigi),448,0.0,0,,True
Q49634075,Buiga Island,2,Kisiwa cha Buiga (Wakiso),450,0.0,0,,True
Q49634076,Bukasa Island,2,Kisiwa cha Bukasa,456,0.0,0,,True
Q49634105,Bukone Island,2,Kisiwa cha Bukone,456,0.0,0,,True
Q49634111,Bukwaya Island,2,Kisiwa cha Bukwaya,450,0.0,0,,True
Q49634112,Bulago Island,2,Kisiwa cha Bulago,450,0.0,0,,True
Q49634115,Bulinguge Island,2,Kisiwa cha Bulingugwe,490,0.0,0,,True
Q49634144,Bunjako Island,2,Kisiwa cha Bunjako,448,0.0,0,,True
Q49634146,Bunjazi Island,2,Kisiwa cha Bunjazi,456,0.0,0,,True
Q49634151,Bunyama Island,2,Kisiwa cha Bunyama,456,0.0,0,,True
Q49634235,Bussi Island,2,Kisiwa cha Bussi,450,0.0,0,,True
Q49634240,Busungwe Island,2,Kisiwa cha Busungwe,448,0.0,0,,True
Q49634268,Buturume Island,2,Kisiwa cha Buturume,456,0.0,0,,True
Q49634272,Buvu Island,2,Kisiwa cha Buvu,450,0.0,0,,True
Q49634279,Buyange Island,2,Kisiwa cha Buyange,456,0.0,0,,True
Q49634280,Buyovu Island,2,Kisiwa cha Buyovu,456,0.0,0,,True
Q49634283,Buziranjovu Island,2,Kisiwa cha Buziranjovu,450,0.0,0,,True
Q49634285,Buziri Island,2,Kisiwa cha Buziri,450,0.0,0,,True
Q49634345,Bwema Island,2,Kisiwa cha Bwema,450,0.0,0,,True
Q49634347,Bwigi Island,2,Kisiwa cha Bwigi,476,0.0,0,,True
Q49636176,Dagusi Island,2,Kisiwa cha Dagusi,456,0.0,0,,True
Q49636648,Dinzira Island,2,Kisiwa cha Dinzira,426,0.0,0,,True
Q49637143,Duweru Island,2,Kisiwa cha Duweru,423,0.0,0,,True
Q49637146,Dwanga Mukulu Island,2,Kisiwa cha Dwanga Mukulu,423,0.0,0,,True
Q49637147,Dwanga Muto Island,2,Kisiwa cha Dwanga Muto,423,0.0,0,,True
Q49637149,Dwasendwe Island,2,Kisiwa cha Dwasendwe,423,0.0,0,,True
Q49637151,Dyabalume Island,2,Kisiwa cha Dyabalume,423,0.0,0,,True
Q49638622,Funve Island,2,Kisiwa cha Funve,426,0.0,0,,True
Q49641911,Ikunyu Island,2,Kisiwa cha Ikunyu,456,0.0,0,,True
Q49642545,Iramba Island,2,Kisiwa cha Iramba (Uganda),534,0.0,0,,True
Q49642546,Irangara Island,2,Kisiwa cha Irangara,401,0.0,0,,True
Q49642574,Isamba Island,2,Kisiwa cha Isamba,423,0.0,0,,True
Q49644155,Izinga Island,2,Kisiwa cha Izinga (Buvuma),423,0.0,0,,True
Q49644157,Izinga Island,2,Kisiwa cha Izinga (Kasese),403,0.0,0,,True
Q49644276,Jana Island,2,Kisiwa cha Jana,426,0.0,0,,True
Q49644901,Kabaganja Island,2,Kisiwa cha Kabaganja,456,0.0,0,,True
Q49644905,Kabale Island,2,Kisiwa cha Kabale,426,0.0,0,,True
Q49653998,Lolui Island,2,Kisiwa cha Lolui,462,0.0,0,,True
Q49655197,Lufu Island,2,Kisiwa cha Lufu,450,0.0,0,,True
Q49655210,Lujabwa Island,2,Kisiwa cha Lujabwa,456,0.0,0,,True
Q49655215,Lukalu Island,2,Kisiwa cha Lukalu,450,0.0,0,,True
Q49655220,Luke Island,2,Kisiwa cha Luke (Uganda),456,0.0,0,,True
Q49655226,Lukiusa Island,2,Kisiwa cha Lukiusa,456,0.0,0,,True
Q49655234,Lula Island,2,Kisiwa cha Lula,464,0.0,0,,True
Q49655240,Lulamba Island,2,Kisiwa cha Lulamba,464,0.0,0,,True
Q49655313,Lumva Island,2,Kisiwa cha Lumva,464,0.0,0,,True
Q49655352,Lunfuwa Island,2,Kisiwa cha Lunfuwa,458,0.0,0,,True
Q49661655,Namite Island,2,Kisiwa cha Namite,458,0.0,0,,True
Q49661660,Namubega Island,2,Kisiwa cha Namubega,464,0.0,0,,True
Q49661664,Namuremuka Island,2,Kisiwa cha Namuremuka,343,0.0,0,,True
Q49662622,Nfo Island,2,Kisiwa cha Nfo,458,0.0,0,,True
Q49662630,Ngabo Island,2,Kisiwa cha Ngabo,464,0.0,0,,True
Q49662670,Ngamba Island,2,Kisiwa cha Ngamba (Uganda),458,0.0,0,,True
Q49663346,Nkata Island,2,Kisiwa cha Nkata,458,0.0,0,,True
Q49663349,Nkese Island,2,Kisiwa cha Nkese,464,0.0,0,,True
Q49663359,Nkose Island,2,Kisiwa cha Nkose,464,0.0,0,,True
Q49663360,Nkusa Island,2,Kisiwa cha Nkusa (Kalangala),462,0.0,0,,True
Q49663361,Nkusa Island,2,Kisiwa cha Nkusa (Mukono),458,0.0,0,,True
Q49663363,Nkusa Island,2,Kisiwa cha Nkusa (Wakiso),458,0.0,0,,True
Q49664412,Nsadzi Island,2,Kisiwa cha Nsadzi,458,0.0,0,,True
Q49664416,Nsenyi Island,2,Kisiwa cha Nsenyi,458,0.0,0,,True
Q49664420,Nsimba Island,2,Kisiwa cha Nsimba,458,0.0,0,,True
Q49664426,Nsinga Island,2,Kisiwa cha Nsinga,458,0.0,0,,True
Q49664430,Nsirwe Island,2,Kisiwa cha Nsirwe,464,0.0,0,,True
Q49664433,Nsonga Island,2,Kisiwa cha Nsonga,458,0.0,0,,True
Q49664438,Ntimba Island,2,Kisiwa cha Ntimba,336,0.0,0,,True
Q49664967,Nvuza Island,2,Kisiwa cha Nvuza,458,0.0,0,,True
Q49665022,Nyenda Island,2,Kisiwa cha Nyenda,458,0.0,0,,True
Q49665049,Nziribanje Island,2,Kisiwa cha Nziribanje,458,0.0,0,,True
Q49665631,Okiji Island,2,Kisiwa cha Okiji,353,0.0,0,,True
Q49674061,Ramafuta Island,2,Kisiwa cha Ramafuta,458,0.0,0,,True
Q49676722,Sagitu Island,2,Kisiwa cha Sagitu,456,0.0,0,,True
Q49677086,Sali Island,2,Kisiwa cha Sali (Uganda),456,0.0,0,,True
Q49677327,Samoka Island,2,Kisiwa cha Samoka,454,0.0,0,,True
Q49644909,Kabazimu Island,2,Kisiwa cha Kabazimu,403,0.0,0,,True
Q49644987,Kagulumu Island,2,Kisiwa cha Kagulumu,425,0.0,0,,True
Q49645008,Kaina Island,2,Kisiwa cha Kaina,462,0.0,0,,True
Q49645020,Kaivali Island,2,Kisiwa cha Kaivali,454,0.0,0,,True
Q49645068,Kalambide Island,2,Kisiwa cha Kalambide,426,0.0,0,,True
Q49645252,Kamuge Island,2,Kisiwa cha Kamuge,345,0.0,0,,True
Q49645254,Kamukulu Island,2,Kisiwa cha Kamukulu,426,0.0,0,,True
Q49645255,Kamutenga Island,2,Kisiwa cha Kamutenga,422,0.0,0,,True
Q49645319,Kankuranga Island,2,Kisiwa cha Kankuranga,401,0.0,0,,True
Q49645489,Kaserwa Island,2,Kisiwa cha Kaserwa,426,0.0,0,,True
Q49645537,Katanga Island,2,Kisiwa cha Katanga,426,0.0,0,,True
Q49645606,Kaweri Island,2,Kisiwa cha Kaweri,353,0.0,0,,True
Q49655377,Luntwa Island,2,Kisiwa cha Luntwa,464,0.0,0,,True
Q49655407,Luserera Island,2,Kisiwa cha Luserera,464,0.0,0,,True
Q49655424,Luvangu Island,2,Kisiwa cha Luvangu,462,0.0,0,,True
Q49655429,Luvia Island,2,Kisiwa cha Luvia,458,0.0,0,,True
Q49655434,Luwungulu Island,2,Kisiwa cha Luwungulu,464,0.0,0,,True
Q49655435,Lwabalega Island,2,Kisiwa cha Lwabalega,464,0.0,0,,True
Q49655439,Lwabana Island,2,Kisiwa cha Lwabana,458,0.0,0,,True
Q49655446,Lwaji Island,2,Kisiwa cha Lwaji,458,0.0,0,,True
Q49655449,Lwantete Island,2,Kisiwa cha Lwantete,464,0.0,0,,True
Q49655456,Lyabana Island,2,Kisiwa cha Lyabana,458,0.0,0,,True
Q49656177,Makalugi Island,2,Kisiwa cha Makalugi,458,0.0,0,,True
Q49656982,Marija Island,2,Kisiwa cha Marija,458,0.0,0,,True
Q49657365,Masiwa Island,2,Kisiwa cha Masiwa,456,0.0,0,,True
Q49657646,Maungwe Island,2,Kisiwa cha Maungwe,458,0.0,0,,True
Q49657667,Mavi Island,2,Kisiwa cha Mavi,458,0.0,0,,True
Q49657674,Mawe Island,2,Kisiwa cha Mawe,464,0.0,0,,True
Q49657708,Mayinja Island,2,Kisiwa cha Mayinja,458,0.0,0,,True
Q49657836,Mbirubuziba Island,2,Kisiwa cha Mbirubuziba,458,0.0,0,,True
Q49657837,Mbive Island,2,Kisiwa cha Mbive,464,0.0,0,,True
Q49657865,Mbulamwalo Island,2,Kisiwa cha Mbulamwalo,458,0.0,0,,True
Q49659072,Mkovu Island,2,Kisiwa cha Mkovu,464,0.0,0,,True
Q49660406,Mpande Island,2,Kisiwa cha Mpande,458,0.0,0,,True
Q49660413,Mpata Island,2,Kisiwa cha Mpata,458,0.0,0,,True
Q49660417,Mpuga Island,2,Kisiwa cha Mpuga,458,0.0,0,,True
Q49660422,Mpugwe Island,2,Kisiwa cha Mpugwe,464,0.0,0,,True
Q49660630,Mukalanga Island,2,Kisiwa cha Mukalanga,464,0.0,0,,True
Q49660739,Munene Island,2,Kisiwa cha Munene,462,0.0,0,,True
Q49660877,Musene Island,2,Kisiwa cha Musene,458,0.0,0,,True
Q49661012,Mwama Island,2,Kisiwa cha Mwama,458,0.0,0,,True
Q49661021,Mwana Island,2,Kisiwa cha Mwana,464,0.0,0,,True
Q49661029,Mweza Island,2,Kisiwa cha Mweza,464,0.0,0,,True
Q49661468,Nainaivi Island,2,Kisiwa cha Nainaivi,456,0.0,0,,True
Q49661618,Namalusu Island,2,Kisiwa cha Namalusu,460,0.0,0,,True
Q49661619,Namama Island,2,Kisiwa cha Namama,464,0.0,0,,True
Q49661624,Namaranda Island,2,Kisiwa cha Namaranda,345,0.0,0,,True
Q49661635,Namasajeri Island,2,Kisiwa cha Namasajeri,345,0.0,0,,True
Q49661638,Nambewa Island,2,Kisiwa cha Nambewa,462,0.0,0,,True
Q49661642,Nambuga Island,2,Kisiwa cha Nambuga,456,0.0,0,,True
Q5003660,Bwaise,2,Bwaise,1361,5019.0,0,27.1,True
Q49645628,Kayanja Island,2,Kisiwa cha Kayanja,426,0.0,0,,True
Q49645636,Kaza Island,2,Kisiwa cha Kaza,456,0.0,0,,True
Q49645782,Kerenge Island,2,Kisiwa cha Kerenge (Uganda),540,0.0,0,,True
Q49645851,Kibibi Island,2,Kisiwa cha Kibibi (Buvuma),450,0.0,0,,True
Q49645853,Kibibi North Island,2,Kisiwa cha Kibibi Kaskazini,456,0.0,0,,True
Q49645854,Kibibi South Island,2,Kisiwa cha Kibibi Kusini,456,0.0,0,,True
Q49645970,Kimi Island,2,Kisiwa cha Kimi,450,0.0,0,,True
Q49646029,Kinoni Island,2,Kisiwa cha Kinoni,385,0.0,0,,True
Q49646041,Kiraza Island,2,Kisiwa cha Kiraza,452,0.0,0,,True
Q49646048,Kiregi Island,2,Kisiwa cha Kiregi (Uganda),450,0.0,0,,True
Q49646072,Kirugu Island,2,Kisiwa cha Kirugu,456,0.0,0,,True
Q49646087,Kisima Island,2,Kisiwa cha Kisima,450,0.0,0,,True
Q49646106,Kisozi Island,2,Kisiwa cha Kisozi,385,0.0,0,,True
Q49646123,Kitako Island,2,Kisiwa cha Kitako,401,0.0,0,,True
Q49646140,Kitobo Island,2,Kisiwa cha Kitobo,456,0.0,0,,True
Q49646155,Kiwa Island,2,Kisiwa cha Kiwa (Uganda),450,0.0,0,,True
Q49648508,Komogwe Island,2,Kisiwa cha Komogwe,462,0.0,0,,True
Q49649367,Kuiye Island,2,Kisiwa cha Kuiye,456,0.0,0,,True
Q49650268,Lambu Island,2,Kisiwa cha Lambu,450,0.0,0,,True
Q49651020,Lebu Island,2,Kisiwa cha Lebu,450,0.0,0,,True
Q49651778,Limaiba Island,2,Kisiwa cha Limaiba,456,0.0,0,,True
Q49651953,Linga Island,2,Kisiwa cha Linga (Uganda),456,0.0,0,,True
Q55605431,Bihanga,2,Bihanga,3291,8507.0,0,38.7,False
Q55610888,Engineers Registration Board,2,Bodi ya Usajili wa Wahandisi (Uganda),677,5608.0,0,12.1,True
Q55614712,Itega,2,Itega,1098,3023.0,0,36.3,True
Q55577756,Bwizibwera,2,Mto Bwizibwera,686,0.0,0,,True
Q52803495,Omusinga wa Rwenzururu,2,Omusinga wa Rwenzururu,1190,2157.0,0,55.2,True
Q56487906,Buzibye,2,Mto Buzibye,508,0.0,0,,True
Q56487959,Bwiha,2,Mto Bwiha,653,0.0,0,,True
Q56488651,Cakdyel,2,Mto Cakdyel,505,0.0,0,,True
Q56507791,Ceke,2,Mto Ceke,505,0.0,0,,True
Q56507808,Celu,2,Mto Celu,505,0.0,0,,True
Q56508250,Chadiri,2,Mto Chadiri,475,0.0,0,,True
Q56508780,Chanva,2,Mto Chanva,475,0.0,0,,True
Q56509023,Chepeso,2,Mto Chepeso,508,0.0,0,,True
Q56511711,Chobekipala,2,Mto Chobekipala,505,0.0,0,,True
Q56511999,Chudi,2,Mto Chudi,475,0.0,0,,True
Q56512033,Chumba,2,Mto Chumba (Uganda),477,0.0,0,,True
Q56512467,Cinkul,2,Mto Cinkul,505,0.0,0,,True
Q56516203,Corbila,2,Mto Corbila,477,0.0,0,,True
Q56527091,Cwaokol,2,Mto Cwaokol,477,0.0,0,,True
Q56527094,Cwerecwere,2,Mto Cwerecwere,477,0.0,0,,True
Q56527639,Dad,2,Mto Dad,505,0.0,0,,True
Q56527659,Daga,2,Mto Daga (Amuru),477,0.0,0,,True
Q56527755,Dakkwon,2,Mto Dakkwon,505,0.0,0,,True
Q5904886,Hororo people,2,Wahororo,1437,13257.0,0,10.8,True
Q56276995,"Bugongi, Kabale, Uganda",2,"Bugongi, Kabale, Uganda",6494,10735.0,0,60.5,False
Q56277090,"Bugongi, Sheema, Uganda",2,"Bugongi, Sheema, Uganda",7904,11109.0,0,71.1,False
Q56437665,Aruya,2,Mto Aruya (Kitgum),479,0.0,0,,True
Q56437931,Atai,2,Mto Atai,477,0.0,0,,True
Q56437937,Atanga,2,Mto Atanga (Lamwo),477,0.0,0,,True
Q56437938,Atanga,2,Mto Atanga (Pader),505,0.0,0,,True
Q56437939,Atangala,2,Mto Atangala,508,0.0,0,,True
Q56437943,Atapara,2,Mto Atapara,508,0.0,0,,True
Q56437945,Atar,2,Mto Atar (Pader),505,0.0,0,,True
Q56437954,Atega,2,Mto Atega,475,0.0,0,,True
Q56437956,Atego,2,Mto Atego,502,0.0,0,,True
Q56437959,Atem,2,Mto Atem,479,0.0,0,,True
Q56437962,Ateng Gwete,2,Mto Ateng Gwete,479,0.0,0,,True
Q56437975,Atiba,2,Mto Atiba,477,0.0,0,,True
Q56437977,Atii,2,Mto Atii,477,0.0,0,,True
Q56437981,Atika,2,Mto Atika,505,0.0,0,,True
Q56437983,Atiko,2,Mto Atiko,477,0.0,0,,True
Q56437987,Atiri,2,Mto Atiri,508,0.0,0,,True
Q56438016,Atotembele,2,Mto Atotembele,477,0.0,0,,True
Q56438039,Aturukuru,2,Mto Aturukuru,508,0.0,0,,True
Q56438045,Atyamakilyok,2,Mto Atyamakilyok,479,0.0,0,,True
Q56438056,Auc,2,Mto Auc,477,0.0,0,,True
Q56438058,Auchi,2,Mto Auchi,477,0.0,0,,True
Q56438122,Auma,2,Mto Auma (Uganda),479,0.0,0,,True
Q56438230,Auzore,2,Mto Auzore,483,0.0,0,,True
Q56447440,Baria,2,Mto Baria,475,0.0,0,,True
Q56534272,Dila,2,Mto Dila (Uganda),481,0.0,0,,True
Q56534550,Dilo,2,Mto Dilo,505,0.0,0,,True
Q56537888,Dolodondo,2,Mto Dolodondo,512,0.0,0,,True
Q56544941,Dwalopuk,2,Mto Dwalopuk,477,0.0,0,,True
Q56545043,Dyelobutokene,2,Mto Dyelobutokene,505,0.0,0,,True
Q56570246,Echele,2,Mto Echele,496,0.0,0,,True
Q56570319,Eciya,2,Mto Eciya,483,0.0,0,,True
Q56590967,Elinyi,2,Mto Elinyi,483,0.0,0,,True
Q58452566,Kabelangole River,2,Mto Kabelangole,349,0.0,0,,True
Q58452599,Kakore River,2,Mto Kakore,346,0.0,0,,True
Q58452637,Kakwe River,2,Mto Kakwe,346,0.0,0,,True
Q58455746,Kalokodo River,2,Mto Kalokodo,362,0.0,0,,True
Q58455798,Kaloponongole,2,Mto Kaloponogole,400,0.0,0,,True
Q58456130,Kanaro River,2,Mto Kanaro,400,0.0,0,,True
Q58482739,Kokolopit River,2,Mto Kokolopit,362,0.0,0,,True
Q58483740,Loitan River,2,Mto Loitan,386,0.0,0,,True
Q60048672,Andrew Kitaka,2,Andrew Kitaka,3783,5399.0,0,70.1,False
Q56447445,Barinyanga,2,Mto Barinyanga,428,0.0,0,,True
Q56447470,Barlela,2,Mto Barlela,502,0.0,0,,True
Q56447717,Baryia,2,Mto Baryia,477,0.0,0,,True
Q56451089,Bengam,2,Mto Bengam,481,0.0,0,,True
Q56451119,Benji,2,Mto Benji,558,0.0,0,,True
Q56458559,Bizibinanaro,2,Mto Bizibinanaro,653,0.0,0,,True
Q56460660,Bolo,2,Mto Bolo (Uganda),505,0.0,0,,True
Q56460902,Bongocine,2,Mto Bongocine,477,0.0,0,,True
Q56461584,Botwalibo,2,Mto Botwalibo,520,0.0,0,,True
Q56475496,Burokango,2,Mto Burokango,502,0.0,0,,True
Q56487891,Buwaga,2,Mto Buwaga,508,0.0,0,,True
Q56487905,Buzibwera,2,Mto Buzibwera,550,0.0,0,,True
Q62274429,,2,Mto Kadil,477,0.0,0,,True
Q62274432,,2,Mto Kalalam,477,0.0,0,,True
Q62274434,,2,Mto Kalongo (Uganda),477,0.0,0,,True
Q62274435,,2,Mto Kalura (Uganda),477,0.0,0,,True
Q62274439,,2,Mto Kituka,477,0.0,0,,True
Q62274442,,2,Mto Kori (Uganda),477,0.0,0,,True
Q62274444,,2,Mto Kulogwe,477,0.0,0,,True
Q62274446,,2,Mto Labwor,477,0.0,0,,True
Q62274453,,2,Mto Lamingonen,477,0.0,0,,True
Q62274109,,2,Mto Mawuji,483,0.0,0,,True
Q62274126,,2,Mto Murayi,483,0.0,0,,True
Q62274138,,2,Mto Murei,483,0.0,0,,True
Q62274146,,2,Mto Ngiri (Uganda),496,0.0,0,,True
Q62274156,,2,Mto Nyamodo,483,0.0,0,,True
Q62274169,,2,Mto Nyara (Adjumani),481,0.0,0,,True
Q62274175,,2,Mto Nyeguta,483,0.0,0,,True
Q62274179,,2,Mto Nyivura,483,0.0,0,,True
Q62274186,,2,Mto Nyulijo,483,0.0,0,,True
Q62274191,,2,Mto Nyumazi,483,0.0,0,,True
Q62274197,,2,Mto Obore,483,0.0,0,,True
Q62274205,,2,Mto Obugo,496,0.0,0,,True
Q62274460,,2,Mto Ocoyi,477,0.0,0,,True
Q62274213,,2,Mto Odra (Adjumani),483,0.0,0,,True
Q62274221,,2,Mto Odraji,483,0.0,0,,True
Q62274228,,2,Mto Ofua,483,0.0,0,,True
Q62274234,,2,Mto Okwa (Uganda),483,0.0,0,,True
Q62274461,,2,Mto Olamdwong,477,0.0,0,,True
Q62274245,,2,Mto Onyunyo,483,0.0,0,,True
Q62274462,,2,Mto Opwac,477,0.0,0,,True
Q62274252,,2,Mto Oraduku,483,0.0,0,,True
Q62274463,,2,Mto Oraobaya,477,0.0,0,,True
Q62274465,,2,Mto Oraonyinga,477,0.0,0,,True
Q60750176,Kadama,2,Kadama,791,4979.0,0,15.9,True
Q62523209,,2,Mto Getkwac,477,0.0,0,,True
Q62523215,,2,Mto Jimo,477,0.0,0,,True
Q62523223,,2,Mto Kalakala (Uganda),477,0.0,0,,True
Q62523234,,2,Mto Kalumakamaji,477,0.0,0,,True
Q62523245,,2,Mto Kulobim,477,0.0,0,,True
Q62523251,,2,Mto Kulukoo,477,0.0,0,,True
Q62523271,,2,Mto Kulukwac (Amuru),477,0.0,0,,True
Q62523278,,2,Mto Kululac,477,0.0,0,,True
Q62562121,,2,Mto Kuluniang,477,0.0,0,,True
Q62562127,,2,Mto Kulupuru,477,0.0,0,,True
Q62562134,,2,Mto Kulutido (Amuru),477,0.0,0,,True
Q62562156,,2,Mto Kwii,477,0.0,0,,True
Q62562162,,2,Mto Labar,477,0.0,0,,True
Q62522181,,2,Mto Laburin,463,0.0,0,,True
Q62562166,,2,Mto Labwoc,477,0.0,0,,True
Q62562177,,2,Mto Lacmon,477,0.0,0,,True
Q62562189,,2,Mto Lacwiny,477,0.0,0,,True
Q62562198,,2,Mto Lagak,477,0.0,0,,True
Q62562205,,2,Mto Lagwenokutu,477,0.0,0,,True
Q62562216,,2,Mto Latinwiyo,477,0.0,0,,True
Q62562226,,2,Mto Lawongekwar,477,0.0,0,,True
Q62562228,,2,Mto Layirotar,477,0.0,0,,True
Q62562233,,2,Mto Layo (Uganda),475,0.0,0,,True
Q62562238,,2,Mto Leadiga,477,0.0,0,,True
Q62522071,,2,Mto Nabyaita,483,0.0,0,,True
Q62522077,,2,Mto Naganseko,483,0.0,0,,True
Q62522206,,2,Mto Nakalale,465,0.0,0,,True
Q62522212,,2,Mto Nakatuman,465,0.0,0,,True
Q62274466,,2,Mto Orapalabiya,477,0.0,0,,True
Q62274467,,2,Mto Orapalacura,477,0.0,0,,True
Q62274261,,2,Mto Orongwa,483,0.0,0,,True
Q62274267,,2,Mto Otakulu,483,0.0,0,,True
Q62274273,,2,Mto Oyadzi,483,0.0,0,,True
Q62274282,,2,Mto Pagoro,483,0.0,0,,True
Q62274287,,2,Mto Robidire,483,0.0,0,,True
Q62274302,,2,Mto Tinvari,483,0.0,0,,True
Q62274306,,2,Mto Ucciko,483,0.0,0,,True
Q62274308,,2,Mto Uji,483,0.0,0,,True
Q62274309,,2,Mto Umuu,483,0.0,0,,True
Q62274312,,2,Mto Zoka,483,0.0,0,,True
Q60755886,Buwama,2,Buwama,1737,9543.0,0,18.2,True
Q62018668,South Musambwa Island,2,Kisiwa cha Musambwa Kusini,456,0.0,0,,True
Q62023919,Segamba Island,2,Kisiwa cha Segamba,458,0.0,0,,True
Q62023922,Sege Island,2,Kisiwa cha Sege,458,0.0,0,,True
Q62023933,Semuganja Omunene,2,Kisiwa cha Semuganja Omunene,464,0.0,0,,True
Q62023936,Semuganja Omutono,2,Kisiwa cha Semuganja Omutono,464,0.0,0,,True
Q62023941,Sentwe Island,2,Kisiwa cha Sentwe,458,0.0,0,,True
Q62023944,Serinya Island,2,Kisiwa cha Serinya,464,0.0,0,,True
Q62030006,Sigulu Island,2,Kisiwa cha Sigulu,462,0.0,0,,True
Q62030152,Sikanki Island,2,Kisiwa cha Sikanki,401,0.0,0,,True
Q62030009,Simu Island,2,Kisiwa cha Simu,456,0.0,0,,True
Q62023952,Sindiro Island,2,Kisiwa cha Sindiro,458,0.0,0,,True
Q62030011,Siro Island,2,Kisiwa cha Siro,462,0.0,0,,True
Q62023956,Sowe Island,2,Kisiwa cha Sowe (Uganda),458,0.0,0,,True
Q62023958,Tavu Island,2,Kisiwa cha Tavu,458,0.0,0,,True
Q62030015,Tisai Island,2,Kisiwa cha Tisai,339,0.0,0,,True
Q61739910,Utsene Island,2,Kisiwa cha Utsene,340,0.0,0,,True
Q62030018,Visa Island,2,Kisiwa cha Visa (Uganda),462,0.0,0,,True
Q62030020,Vumba Island,2,Kisiwa cha Vumba,456,0.0,0,,True
Q62023961,Wabitembe Island,2,Kisiwa cha Wabitembe,347,0.0,0,,True
Q62023965,Wabuziba Island,2,Kisiwa cha Wabuziba,458,0.0,0,,True
Q62030022,Waiasi Island,2,Kisiwa cha Waiasi,462,0.0,0,,True
Q62023966,Waitwe Island,2,Kisiwa cha Waitwe,458,0.0,0,,True
Q62274035,,2,Mto Haji,483,0.0,0,,True
Q62274043,,2,Mto Hiyu,483,0.0,0,,True
Q62274056,,2,Mto Kocua,483,0.0,0,,True
Q62273669,,2,Mto Kotidany,475,0.0,0,,True
Q62274063,,2,Mto Lidwi,496,0.0,0,,True
Q62522187,,2,Mto Napitiro,479,0.0,0,,True
Q62522090,,2,Mto Ochwica,483,0.0,0,,True
Q62522214,,2,Mto Otiko,465,0.0,0,,True
Q62521926,,2,Mto Pila (Uganda),483,0.0,0,,True
Q62521913,,2,Mto Pilach,483,0.0,0,,True
Q62522098,,2,Mto Siowe (Uganda),483,0.0,0,,True
Q62522102,,2,Mto Wabiri,483,0.0,0,,True
Q60760544,Zana,2,"Zana, Uganda",771,9666.0,0,8.0,True
Q62588749,,2,Mto Enyau,475,0.0,0,,True
Q62589616,,2,Mto Gulu (Uganda),475,0.0,0,,True
Q62589623,Gung,2,Mto Gung,475,0.0,0,,True
Q62588750,,2,Mto Imvetre,475,0.0,0,,True
Q62588756,,2,Mto Iriova,475,0.0,0,,True
Q62588761,,2,Mto Jukari,475,0.0,0,,True
Q62589635,,2,Mto Kulutido (Gulu),475,0.0,0,,True
Q62589643,Laban,2,Mto Laban (Uganda),475,0.0,0,,True
Q62589649,Lagada,2,Mto Lagada,475,0.0,0,,True
Q62588768,,2,Mto Lakiri,475,0.0,0,,True
Q62589679,,2,Mto Layibi,475,0.0,0,,True
Q62588779,,2,Mto Linya,475,0.0,0,,True
Q62274075,Lomeruru,2,Mto Lomeruru,521,0.0,0,,True
Q62588784,,2,Mto Maniya,475,0.0,0,,True
Q62274092,,2,Mto Marindi,483,0.0,0,,True
Q62589689,,2,Mto Minakulu,475,0.0,0,,True
Q62273689,,2,Mto Nagoliakoret,475,0.0,0,,True
Q62273694,,2,Mto Nangoliyakol,475,0.0,0,,True
Q62273703,,2,Mto Nangololakale,475,0.0,0,,True
Q62588794,,2,Mto Nyakafondo,475,0.0,0,,True
Q62589693,,2,Mto Ocaga (Uganda),475,0.0,0,,True
Q62589095,,2,Mto Ochamayom,479,0.0,0,,True
Q62588810,,2,Mto Ocharo,475,0.0,0,,True
Q62589698,,2,Mto Odek,475,0.0,0,,True
Q62588835,,2,Mto Odro,475,0.0,0,,True
Q62588851,,2,Mto Odruiva,475,0.0,0,,True
Q62588863,,2,Mto Oigbo,475,0.0,0,,True
Q62588558,,2,Mto Okabi (Uganda),475,0.0,0,,True
Q62588888,,2,Mto Okami,475,0.0,0,,True
Q62588902,,2,Mto Okani,475,0.0,0,,True
Q62588916,,2,Mto Olido,475,0.0,0,,True
Q62588931,,2,Mto Olika,475,0.0,0,,True
Q62589702,Olula,2,Mto Olula,475,0.0,0,,True
Q62588947,,2,Mto Omia,475,0.0,0,,True
Q62588562,,2,Mto Onzoro (Uganda),475,0.0,0,,True
Q62589705,,2,Mto Opaka (Gulu),475,0.0,0,,True
Q62588567,,2,Mto Orasi,475,0.0,0,,True
Q62588572,,2,Mto Ore (Uganda),475,0.0,0,,True
Q62588579,,2,Mto Oru,475,0.0,0,,True
Q62588977,,2,Mto Orunge,475,0.0,0,,True
Q62588993,,2,Mto Otul,475,0.0,0,,True
Q62589707,,2,Mto Owalo,475,0.0,0,,True
Q62588592,,2,Mto Oya (Arua),506,0.0,0,,True
Q62588600,,2,Mto Oyo (Uganda),475,0.0,0,,True
Q62589015,,2,Mto Oyu,475,0.0,0,,True
Q62589020,,2,Mto Ozo,475,0.0,0,,True
Q62589711,Pajulu,2,Mto Pajulu (Gulu),475,0.0,0,,True
Q62589715,,2,Mto Pece (Gulu),475,0.0,0,,True
Q62589721,,2,Mto Peka (Uganda),475,0.0,0,,True
Q62136003,Sam Kiwanuka,2,Sam Kiwanuka,2254,4132.0,0,54.5,False
Q62590277,Gimore,2,Mto Gimore,475,0.0,0,,True
Q62590284,,2,Mto Gulugulu,475,0.0,0,,True
Q62590300,,2,Mto Kuluodyek,475,0.0,0,,True
Q62590307,Kuluromo,2,Mto Kuluromo,475,0.0,0,,True
Q62590318,,2,Mto Kulutogo,475,0.0,0,,True
Q62590324,,2,Mto Kulutugu,475,0.0,0,,True
Q62590330,,2,Mto Kwaleng,475,0.0,0,,True
Q62590349,,2,Mto Labora,475,0.0,0,,True
Q62590359,,2,Mto Lacani,475,0.0,0,,True
Q62590366,,2,Mto Laciri,475,0.0,0,,True
Q62590373,,2,Mto Ladwar,475,0.0,0,,True
Q62590515,,2,Mto Lagude,475,0.0,0,,True
Q62590524,,2,Mto Laktar,475,0.0,0,,True
Q62590537,,2,Mto Lakwakwalo,475,0.0,0,,True
Q62590551,,2,Mto Lakwiny,475,0.0,0,,True
Q62590562,,2,Mto Laminabili,475,0.0,0,,True
Q62590578,,2,Mto Laminakeca,475,0.0,0,,True
Q62590593,,2,Mto Laminalenga,475,0.0,0,,True
Q62590607,,2,Mto Laminamak,475,0.0,0,,True
Q62590619,,2,Mto Laminayila,475,0.0,0,,True
Q62590631,,2,Mto Lamindyang,475,0.0,0,,True
Q62590643,,2,Mto Laminiwel,475,0.0,0,,True
Q62590655,,2,Mto Laminlabwa,475,0.0,0,,True
Q62590669,,2,Mto Laminlamak,475,0.0,0,,True
Q62590680,,2,Mto Laminlupapo,475,0.0,0,,True
Q62590696,,2,Mto Laminogura,475,0.0,0,,True
Q62590708,,2,Mto Laminokure,475,0.0,0,,True
Q62590718,,2,Mto Laminonger,475,0.0,0,,True
Q62590726,,2,Mto Laminongole,475,0.0,0,,True
Q62615904,,2,Mto Laminotuke,475,0.0,0,,True
Q62615918,,2,Mto Laminowek,475,0.0,0,,True
Q62615944,,2,Mto Lanyakalem,475,0.0,0,,True
Q62615965,Larido,2,Mto Larido,475,0.0,0,,True
Q62615995,Layamo,2,Mto Layamo,475,0.0,0,,True
Q62616018,,2,Mto Layee,475,0.0,0,,True
Q62616204,,2,Mto Minobule,475,0.0,0,,True
Q62616211,,2,Mto Munurac,475,0.0,0,,True
Q62616222,,2,Mto Nalayibi,475,0.0,0,,True
Q62616238,,2,Mto Ochanga,475,0.0,0,,True
Q62617241,,2,Mto Ogony,475,0.0,0,,True
Q62617275,,2,Mto Olapo,475,0.0,0,,True
Q62589021,,2,Mto Rabiya,475,0.0,0,,True
Q62589729,,2,Mto Tochi (Gulu),475,0.0,0,,True
Q62589737,,2,Mto Togo,475,0.0,0,,True
Q62588611,,2,Mto Uru (Uganda),475,0.0,0,,True
Q62588615,,2,Mto Usu (Uganda),475,0.0,0,,True
Q62589023,,2,Mto Uzuva,475,0.0,0,,True
Q62589763,,2,Mto Yima (Uganda),475,0.0,0,,True
Q62589030,,2,Mto Zakizava,475,0.0,0,,True
Q62589033,,2,Mto Zerwa,475,0.0,0,,True
Q62588431,,2,Mto Icum,475,0.0,0,,True
Q62588528,,2,Mto Iriya,475,0.0,0,,True
Q62588529,,2,Mto Isa (Arua),475,0.0,0,,True
Q62588530,,2,Mto Isi (Arua),475,0.0,0,,True
Q62588533,,2,Mto Kalubi (Uganda),475,0.0,0,,True
Q63349267,,2,Mto Kalukiling,481,0.0,0,,True
Q63349271,,2,Mto Kalunga (Uganda),481,0.0,0,,True
Q63349272,,2,Mto Kamoni,481,0.0,0,,True
Q63349474,,2,Mto Kochelut,481,0.0,0,,True
Q63349476,,2,Mto Kokolio,481,0.0,0,,True
Q63349479,,2,Mto Kokyeya,481,0.0,0,,True
Q62588433,,2,Mto Koli (Uganda),475,0.0,0,,True
Q63349487,Komongim,2,Mto Komongim,444,0.0,0,,True
Q63349493,,2,Mto Kopoth,481,0.0,0,,True
Q62588538,,2,Mto Linna (Uganda),475,0.0,0,,True
Q62588541,,2,Mto Mbolo (Uganda),475,0.0,0,,True
Q62617316,Ologolyec,2,Mto Ologolyec,475,0.0,0,,True
Q62562304,,2,Mto Omerpajugu,477,0.0,0,,True
Q62617351,,2,Mto Omoro (Gulu),475,0.0,0,,True
Q62562305,,2,Mto Ongari,477,0.0,0,,True
Q62562307,,2,Mto Opara,477,0.0,0,,True
Q62562311,,2,Mto Opunymon,477,0.0,0,,True
Q62617375,Orapabaci,2,Mto Orapabaci,475,0.0,0,,True
Q62617390,,2,Mto Otwala,475,0.0,0,,True
Q62562317,,2,Mto Owinyjulu,477,0.0,0,,True
Q62562321,,2,Mto Owori,477,0.0,0,,True
Q62562328,,2,Mto Oytino,477,0.0,0,,True
Q62562746,,2,Mto Paber,477,0.0,0,,True
Q62562756,,2,Mto Pabudi,477,0.0,0,,True
Q62562763,,2,Mto Pabugu,477,0.0,0,,True
Q62562771,,2,Mto Pajinya,477,0.0,0,,True
Q62562783,,2,Mto Pakala,477,0.0,0,,True
Q62562797,,2,Mto Pakiri,477,0.0,0,,True
Q62562803,,2,Mto Palagole,477,0.0,0,,True
Q62562809,,2,Mto Palagwete,477,0.0,0,,True
Q62617421,Palany,2,Mto Palany,475,0.0,0,,True
Q62562814,,2,Mto Paliba,477,0.0,0,,True
Q62562819,,2,Mto Palulu,477,0.0,0,,True
Q62562828,,2,Mto Pamele (Uganda),477,0.0,0,,True
Q62562842,,2,Mto Pamina Yere,477,0.0,0,,True
Q62562850,,2,Mto Paminaba,477,0.0,0,,True
Q62562855,,2,Mto Paminabilo,477,0.0,0,,True
Q62562859,,2,Mto Paminbari,477,0.0,0,,True
Q62562862,,2,Mto Paminboo,477,0.0,0,,True
Q62562867,,2,Mto Paminodong,477,0.0,0,,True
Q62562873,,2,Mto Paminoryem,477,0.0,0,,True
Q62562890,,2,Mto Seri,477,0.0,0,,True
Q62562904,,2,Mto Tochipacala,477,0.0,0,,True
Q62562908,,2,Mto Tochipalenga,477,0.0,0,,True
Q62618810,,2,Mto Gula (Uganda),479,0.0,0,,True
Q62653855,,2,Mto Gulugwen,479,0.0,0,,True
Q62653869,,2,Mto Kabokotum,479,0.0,0,,True
Q62653880,,2,Mto Kaceri,479,0.0,0,,True
Q62653894,,2,Mto Kadukuye,479,0.0,0,,True
Q62653907,,2,Mto Kalatapyong,479,0.0,0,,True
Q62653919,,2,Mto Kalumudong,479,0.0,0,,True
Q62653931,,2,Mto Kalyec,479,0.0,0,,True
Q62618821,,2,Mto Kiye (Kitgum),479,0.0,0,,True
Q62653957,,2,Mto Koloayita,479,0.0,0,,True
Q62618828,,2,Mto Kolwe (Uganda),479,0.0,0,,True
Q62653964,,2,Mto Komukai,479,0.0,0,,True
Q62653971,,2,Mto Kotutwo,479,0.0,0,,True
Q62653983,,2,Mto Kulukwac (Kitgum),479,0.0,0,,True
Q62653991,,2,Mto Lagwal,479,0.0,0,,True
Q62653997,,2,Mto Lakwoo,479,0.0,0,,True
Q62618831,,2,Mto Lakwor (Kitgum),479,0.0,0,,True
Q62654027,,2,Mto Lalacchar,479,0.0,0,,True
Q62654034,,2,Mto Lalano,479,0.0,0,,True
Q62654039,,2,Mto Lalekan,479,0.0,0,,True
Q62654045,,2,Mto Lalum,479,0.0,0,,True
Q62654052,,2,Mto Laminlurwat,479,0.0,0,,True
Q62654062,,2,Mto Laminmolo,479,0.0,0,,True
Q62654068,,2,Mto Lanyabonyo,479,0.0,0,,True
Q62654075,,2,Mto Lanyatono,479,0.0,0,,True
Q62654082,,2,Mto Lanywang,479,0.0,0,,True
Q62654088,,2,Mto Lareca,479,0.0,0,,True
Q62654094,,2,Mto Laruta,479,0.0,0,,True
Q62654101,,2,Mto Latapwa,479,0.0,0,,True
Q62654106,,2,Mto Lawodokal,479,0.0,0,,True
Q62654114,,2,Mto Lawoi,479,0.0,0,,True
Q62588544,,2,Mto Mora (Uganda),475,0.0,0,,True
Q62588546,,2,Mto Nambili (Uganda),475,0.0,0,,True
Q62588547,,2,Mto Nara (Uganda),475,0.0,0,,True
Q62588550,,2,Mto Nyara (Arua),475,0.0,0,,True
Q62588551,,2,Mto Odrawa (Uganda),475,0.0,0,,True
Q62618897,,2,Mto Ogwapoke,479,0.0,0,,True
Q62588556,,2,Mto Oje,475,0.0,0,,True
Q62618901,,2,Mto Omoro (Kitgum),479,0.0,0,,True
Q62618904,,2,Mto Oromo (Kitgum),479,0.0,0,,True
Q62618905,,2,Mto Pako (Uganda),479,0.0,0,,True
Q62617479,,2,Mto Palwok,475,0.0,0,,True
Q62617512,Paminlukoro,2,Mto Paminlukoro,475,0.0,0,,True
Q62617771,Paminlunguru,2,Mto Paminlunguru,475,0.0,0,,True
Q62617794,Paminoko,2,Mto Paminoko,475,0.0,0,,True
Q62617812,,2,Mto Pamintoo,475,0.0,0,,True
Q62617845,Panyaogo,2,Mto Panyaogo,475,0.0,0,,True
Q62617879,Rakok,2,Mto Rakok,475,0.0,0,,True
Q62588424,,2,Mto Rayito,475,0.0,0,,True
Q62617919,,2,Mto Tyenakaya,475,0.0,0,,True
Q62562242,,2,Mto Liger (Uganda),477,0.0,0,,True
Q62562245,,2,Mto Lii (Amuru),477,0.0,0,,True
Q62562247,,2,Mto Likaci,477,0.0,0,,True
Q62562260,,2,Mto Marawobi,477,0.0,0,,True
Q62562262,,2,Mto Melikwe,477,0.0,0,,True
Q62562264,,2,Mto Mugugu,477,0.0,0,,True
Q62654245,,2,Mto Mugul,479,0.0,0,,True
Q62562267,,2,Mto Mukuru (Uganda),477,0.0,0,,True
Q62562269,,2,Mto Munduk,477,0.0,0,,True
Q62562270,,2,Mto Nambulu,477,0.0,0,,True
Q62562271,,2,Mto Nyakachoto,477,0.0,0,,True
Q62562272,,2,Mto Nyakakworo,477,0.0,0,,True
Q62562273,,2,Mto Nyamungule,477,0.0,0,,True
Q62562274,,2,Mto Nzoroa,477,0.0,0,,True
Q62654263,,2,Mto Obaragungo,479,0.0,0,,True
Q62562278,,2,Mto Obot,477,0.0,0,,True
Q62562282,,2,Mto Oceme,477,0.0,0,,True
Q62562283,,2,Mto Odong Dak,477,0.0,0,,True
Q62562284,,2,Mto Odujo,477,0.0,0,,True
Q62562285,,2,Mto Odunga,477,0.0,0,,True
Q62654276,,2,Mto Odyeka,479,0.0,0,,True
Q62562287,,2,Mto Ojubwa,477,0.0,0,,True
Q62654284,,2,Mto Ojuma,479,0.0,0,,True
Q62562290,,2,Mto Okawa,477,0.0,0,,True
Q62562292,,2,Mto Okoli,477,0.0,0,,True
Q62654292,,2,Mto Okorong,479,0.0,0,,True
Q62562293,,2,Mto Olakitabo,477,0.0,0,,True
Q62562294,,2,Mto Olia,477,0.0,0,,True
Q62562295,,2,Mto Olili,477,0.0,0,,True
Q62562299,,2,Mto Olwal (Amuru),477,0.0,0,,True
Q62654337,,2,Mto Orabul,479,0.0,0,,True
Q62654342,,2,Mto Orakoo,479,0.0,0,,True
Q62654351,,2,Mto Oraokwer,479,0.0,0,,True
Q62654359,,2,Mto Orap-Abwang,479,0.0,0,,True
Q62654401,,2,Mto Orapura,479,0.0,0,,True
Q62654406,,2,Mto Orara,479,0.0,0,,True
Q62654413,,2,Mto Orawinyo,479,0.0,0,,True
Q62654421,,2,Mto Otuli,479,0.0,0,,True
Q63344723,,2,Mto Gingam,481,0.0,0,,True
Q63344725,,2,Mto Gole (Uganda),481,0.0,0,,True
Q63344610,,2,Mto Goringa,479,0.0,0,,True
Q63344731,,2,Mto Ituko,481,0.0,0,,True
Q63344736,,2,Mto Jirikimoi,481,0.0,0,,True
Q63434667,,2,Mto Kabelakit,508,0.0,0,,True
Q63439815,,2,Mto Kabura,502,0.0,0,,True
Q63344738,,2,Mto Kaikem,481,0.0,0,,True
Q63344739,,2,Mto Kaikwa,481,0.0,0,,True
Q63344613,,2,Mto Kaiya,479,0.0,0,,True
Q63344744,,2,Mto Kalabi (Kaabong),481,0.0,0,,True
Q63344747,,2,Mto Kalere,481,0.0,0,,True
Q63344749,,2,Mto Kalilimon,481,0.0,0,,True
Q63344751,,2,Mto Kalimon,481,0.0,0,,True
Q63434670,,2,Mto Kaliure,508,0.0,0,,True
Q63440065,,2,Mto Kalyeng,505,0.0,0,,True
Q63439716,,2,Mto Kitirigbo,500,0.0,0,,True
Q63434672,,2,Mto Kitorosiemyunyen,508,0.0,0,,True
Q63440079,,2,Mto Kivuje,505,0.0,0,,True
Q63434684,,2,Mto Kobebe,508,0.0,0,,True
Q63439722,,2,Mto Kochi,500,0.0,0,,True
Q63344618,,2,Mto Kochu,479,0.0,0,,True
Q63434685,,2,Mto Kodonia,508,0.0,0,,True
Q63434687,,2,Mto Kokererwa,508,0.0,0,,True
Q63440081,,2,Mto Kopio (Uganda),505,0.0,0,,True
Q63439551,,2,Mto Lacherenakwakiney,506,0.0,0,,True
Q63439726,,2,Mto Leburu,500,0.0,0,,True
Q63439555,,2,Mto Leemat,506,0.0,0,,True
Q63439731,,2,Mto Leya (Uganda),500,0.0,0,,True
Q63439737,,2,Mto Limika (Moyo),500,0.0,0,,True
Q63440083,,2,Mto Mugwampire,505,0.0,0,,True
Q63440084,,2,Mto Munyango,505,0.0,0,,True
Q63440086,,2,Mto Mutuntu,505,0.0,0,,True
Q63440091,,2,Mto Mututu (Uganda),505,0.0,0,,True
Q63439580,,2,Mto Naberu,506,0.0,0,,True
Q63439602,,2,Mto Nadike,506,0.0,0,,True
Q63439609,,2,Mto Nadunget,506,0.0,0,,True
Q63439612,,2,Mto Nagereba,506,0.0,0,,True
Q63439623,,2,Mto Nakiloro,506,0.0,0,,True
Q63439626,,2,Mto Namalera,503,0.0,0,,True
Q63439628,,2,Mto Nasigirya,506,0.0,0,,True
Q63439631,,2,Mto Natele (Uganda),506,0.0,0,,True
Q62654427,,2,Mto Owilkitiko,479,0.0,0,,True
Q62654436,,2,Mto Palukipye,479,0.0,0,,True
Q62654460,,2,Mto Palukweny,479,0.0,0,,True
Q62654468,,2,Mto Palurwat,479,0.0,0,,True
Q63344625,,2,Mto Rebi (Uganda),479,0.0,0,,True
Q63344628,,2,Mto Voku (Uganda),479,0.0,0,,True
Q63434405,,2,Mto Kongorututui,479,0.0,0,,True
Q63434411,,2,Mto Kopedur,479,0.0,0,,True
Q63413531,,2,Mto Kulujobi,505,0.0,0,,True
Q63413534,,2,Mto Kululongo,505,0.0,0,,True
Q63413547,,2,Mto Labayango,505,0.0,0,,True
Q63413549,,2,Mto Lacaka,505,0.0,0,,True
Q63413551,,2,Mto Lagura,505,0.0,0,,True
Q63413552,,2,Mto Lakaka,505,0.0,0,,True
Q63434417,,2,Mto Lakalas,508,0.0,0,,True
Q63413553,,2,Mto Lakidodoi,505,0.0,0,,True
Q63413555,,2,Mto Lalee,505,0.0,0,,True
Q63413558,,2,Mto Lamaido,505,0.0,0,,True
Q63413560,,2,Mto Langok,505,0.0,0,,True
Q63413562,,2,Mto Lapirapira,505,0.0,0,,True
Q63413564,,2,Mto Lawatonger,505,0.0,0,,True
Q63432969,,2,Mto Manyaju,505,0.0,0,,True
Q63432975,,2,Mto Menga,505,0.0,0,,True
Q63434537,,2,Mto Mita (Uganda),532,0.0,0,,True
Q63432981,,2,Mto Mucic,505,0.0,0,,True
Q63432983,,2,Mto Mucodo,505,0.0,0,,True
Q63432994,,2,Mto Mujuri,505,0.0,0,,True
Q63432998,,2,Mto Munyakoyo,505,0.0,0,,True
Q63433000,,2,Mto Mwonygora,505,0.0,0,,True
Q63434435,,2,Mto Naguler,508,0.0,0,,True
Q63434441,,2,Mto Namoru,508,0.0,0,,True
Q63433007,,2,Mto Namtoke,505,0.0,0,,True
Q63439633,,2,Mto Nathilang,506,0.0,0,,True
Q63439637,,2,Mto Naukoi,506,0.0,0,,True
Q63439639,,2,Mto Nayonayangatuk,506,0.0,0,,True
Q63440094,,2,Mto Ndethe,505,0.0,0,,True
Q63434539,,2,Mto Njere (Uganda),532,0.0,0,,True
Q63440097,,2,Mto Nyachara,505,0.0,0,,True
Q63440099,,2,Mto Nyakaduli,505,0.0,0,,True
Q63440101,,2,Mto Nyakumba,505,0.0,0,,True
Q63440105,,2,Mto Nyalai,505,0.0,0,,True
Q63440108,,2,Mto Nyaloi,505,0.0,0,,True
Q63433013,,2,Mto Nyamacwii,505,0.0,0,,True
Q63440109,,2,Mto Nyamola,505,0.0,0,,True
Q63440110,,2,Mto Nyangam,505,0.0,0,,True
Q63433016,,2,Mto Nyaruyeng,505,0.0,0,,True
Q63440111,,2,Mto Nyatabu,505,0.0,0,,True
Q63434566,,2,Mto Obi (Uganda),532,0.0,0,,True
Q63440118,,2,Mto Ocere,505,0.0,0,,True
Q63434569,,2,Mto Odrako,532,0.0,0,,True
Q63434570,,2,Mto Oka (Uganda),532,0.0,0,,True
Q63434572,,2,Mto Oli (Uganda),532,0.0,0,,True
Q63434576,,2,Mto Oluffe,532,0.0,0,,True
Q63434578,,2,Mto Osu,532,0.0,0,,True
Q63439743,,2,Mto Oya (Moyo),500,0.0,0,,True
Q63439750,,2,Mto Umvosa,500,0.0,0,,True
Q63366371,,2,Mto Kabek,479,0.0,0,,True
Q63366379,,2,Mto Kailong,479,0.0,0,,True
Q63358445,,2,Mto Lapitapar,481,0.0,0,,True
Q63358461,,2,Mto Lemukoroyi,481,0.0,0,,True
Q63358547,Logirangole,2,Mto Logirangole,518,0.0,0,,True
Q63358581,,2,Mto Moruangatunyi,481,0.0,0,,True
Q63358582,,2,Mto Morukarengany,481,0.0,0,,True
Q63358585,,2,Mto Moruloko,481,0.0,0,,True
Q63358590,Morunyang,2,Mto Morunyang,517,0.0,0,,True
Q63358741,,2,Mto Nabualkankorua,481,0.0,0,,True
Q63358764,,2,Mto Nabwalakacom,481,0.0,0,,True
Q63358782,,2,Mto Nadoiya,481,0.0,0,,True
Q63358804,,2,Mto Nagulutal,481,0.0,0,,True
Q63358821,,2,Mto Naiwo,481,0.0,0,,True
Q63364329,Nakakerikeri,2,Mto Nakakerikeri,548,0.0,0,,True
Q63364570,,2,Mto Nakothogwam,481,0.0,0,,True
Q63365750,,2,Mto Nakothogwan,481,0.0,0,,True
Q63364616,Nakulomoting,2,Mto Nakulomoting,519,0.0,0,,True
Q63364646,,2,Mto Nakutan,481,0.0,0,,True
Q63364658,,2,Mto Nakuwenietom,481,0.0,0,,True
Q63364672,,2,Mto Nakwayelel,481,0.0,0,,True
Q63364685,,2,Mto Nalakas,481,0.0,0,,True
Q63364696,,2,Mto Nalikutwang,481,0.0,0,,True
Q63364719,,2,Mto Nangen,481,0.0,0,,True
Q63364762,,2,Mto Nangirongoi,526,0.0,0,,True
Q63364801,,2,Mto Narochom,481,0.0,0,,True
Q63364814,,2,Mto Nasip,481,0.0,0,,True
Q63364786,,2,Mto Natira (Kaabong),509,0.0,0,,True
Q63364842,,2,Mto Natire,444,0.0,0,,True
Q63434205,,2,Mto Obure,505,0.0,0,,True
Q63434206,,2,Mto Ogokilike,505,0.0,0,,True
Q63434233,,2,Mto Okokwene,505,0.0,0,,True
Q63434237,,2,Mto Oleny,505,0.0,0,,True
Q63434240,,2,Mto Omwaa,505,0.0,0,,True
Q63434244,,2,Mto Opaka (Lamwo),505,0.0,0,,True
Q63434248,,2,Mto Opigbel,505,0.0,0,,True
Q63434251,,2,Mto Otwilo,505,0.0,0,,True
Q63434253,,2,Mto Otyanga,505,0.0,0,,True
Q63434258,,2,Mto Pagada (Uganda),505,0.0,0,,True
Q63434260,,2,Mto Pagona,505,0.0,0,,True
Q63434265,,2,Mto Paluga (Uganda),505,0.0,0,,True
Q63434277,,2,Mto Pamana,505,0.0,0,,True
Q63434445,,2,Mto Pangeo,508,0.0,0,,True
Q63434280,,2,Mto Paor,505,0.0,0,,True
Q63434285,,2,Mto Patongwinyo,505,0.0,0,,True
Q63434287,,2,Mto Pawuleru,505,0.0,0,,True
Q63434291,,2,Mto Pigta,505,0.0,0,,True
Q63434299,,2,Mto Pir,505,0.0,0,,True
Q63434325,,2,Mto Uu (Uganda),505,0.0,0,,True
Q63434337,,2,Mto Watogali,505,0.0,0,,True
Q63413426,,2,Mto Gal,505,0.0,0,,True
Q63413429,,2,Mto Gipon,505,0.0,0,,True
Q63644150,,2,Mto Gotwang,505,0.0,0,,True
Q63413430,,2,Mto Guru,505,0.0,0,,True
Q63644152,,2,Mto Jali (Uganda),505,0.0,0,,True
Q63644155,,2,Mto Jankibaa,505,0.0,0,,True
Q63644159,,2,Mto Jantangiri,503,0.0,0,,True
Q63644163,,2,Mto Jantsohachu,505,0.0,0,,True
Q63413486,,2,Mto Jom,505,0.0,0,,True
Q63413514,,2,Mto Jopudong,505,0.0,0,,True
Q63413517,,2,Mto Jor,505,0.0,0,,True
Q63413520,,2,Mto Joro,505,0.0,0,,True
Q63644167,,2,Mto Kalang,505,0.0,0,,True
Q63413528,,2,Mto Kuluapwoyo,505,0.0,0,,True
Q63565208,,2,Mto Labwono,505,0.0,0,,True
Q63565211,,2,Mto Laduu,505,0.0,0,,True
Q63565214,,2,Mto Ladyang,590,0.0,0,,True
Q63565215,,2,Mto Lageng,505,0.0,0,,True
Q63565218,,2,Mto Lagwenoolim,505,0.0,0,,True
Q63565222,,2,Mto Lajeng,505,0.0,0,,True
Q63565226,,2,Mto Lakwen,505,0.0,0,,True
Q63565229,,2,Mto Lakwor (Pader),505,0.0,0,,True
Q63565234,,2,Mto Lalyeci,505,0.0,0,,True
Q63565235,,2,Mto Laminyim,505,0.0,0,,True
Q63565239,,2,Mto Lamogi,505,0.0,0,,True
Q63565241,,2,Mto Lapogo,505,0.0,0,,True
Q63565244,,2,Mto Lapul,505,0.0,0,,True
Q63565251,,2,Mto Larumo,505,0.0,0,,True
Q63565253,,2,Mto Layugi,505,0.0,0,,True
Q63565257,,2,Mto Odaa,505,0.0,0,,True
Q63565262,,2,Mto Odenga,505,0.0,0,,True
Q63565263,,2,Mto Ogeng,505,0.0,0,,True
Q63565266,,2,Mto Okuba,505,0.0,0,,True
Q63565268,,2,Mto Omee,505,0.0,0,,True
Q63565269,,2,Mto Omodoro,505,0.0,0,,True
Q63565271,,2,Mto Omoyo,505,0.0,0,,True
Q63565276,,2,Mto Omule,505,0.0,0,,True
Q63364989,Onogin,2,Mto Onogin,444,0.0,0,,True
Q63364869,,2,Mto Opotipot,481,0.0,0,,True
Q63565278,,2,Mto Oralabolo,505,0.0,0,,True
Q63565280,,2,Mto Oraotwilo,505,0.0,0,,True
Q63565308,,2,Mto Orudi,505,0.0,0,,True
Q63565286,,2,Mto Pamaramo,505,0.0,0,,True
Q63365091,,2,Mto Papa (Uganda),481,0.0,0,,True
Q63565287,,2,Mto Parakaka,505,0.0,0,,True
Q63365276,,2,Mto Sangor,481,0.0,0,,True
Q63565293,,2,Mto Tima (Uganda),505,0.0,0,,True
Q63365754,,2,Mto Timu,481,0.0,0,,True
Q63565296,,2,Mto Toke,505,0.0,0,,True
Q63565298,,2,Mto Tungtwon,505,0.0,0,,True
Q63565194,,2,Mto Ginyor,505,0.0,0,,True
Q63456474,,2,Mto Gorduru,502,0.0,0,,True
Q63456477,,2,Mto Ibene,502,0.0,0,,True
Q63565196,,2,Mto Iobolatek,505,0.0,0,,True
Q63456479,,2,Mto Irem,502,0.0,0,,True
Q63452575,,2,Mto Kacholese,492,0.0,0,,True
Q63452584,,2,Mto Kaigera,529,0.0,0,,True
Q63452585,,2,Mto Kaiilikong,529,0.0,0,,True
Q63644180,,2,Mto Kalangmatidi,505,0.0,0,,True
Q63452588,,2,Mto Kamajeko,529,0.0,0,,True
Q63644185,,2,Mto Kamcho,505,0.0,0,,True
Q63644186,,2,Mto Kamciko,505,0.0,0,,True
Q63644191,,2,Mto Kamguru,505,0.0,0,,True
Q63452592,,2,Mto Kamothing,529,0.0,0,,True
Q63644261,,2,Mto Kituhaa,505,0.0,0,,True
Q63452602,,2,Mto Kojam,529,0.0,0,,True
Q63644262,,2,Mto Kolunyang,505,0.0,0,,True
Q63452605,,2,Mto Koromoich,492,0.0,0,,True
Q63456483,,2,Mto Kuluagada,502,0.0,0,,True
Q63644263,,2,Mto Kulugwok,505,0.0,0,,True
Q63644265,,2,Mto Kulumiri,505,0.0,0,,True
Q63644267,,2,Mto Kweke,505,0.0,0,,True
Q63644268,,2,Mto Lajokocwee,505,0.0,0,,True
Q63452624,,2,Mto Lalachat,529,0.0,0,,True
Q63456484,,2,Mto Laminakula,502,0.0,0,,True
Q63644272,,2,Mto Laminawuch,505,0.0,0,,True
Q63644273,,2,Mto Laminlato,505,0.0,0,,True
Q63456488,,2,Mto Laminodur,505,0.0,0,,True
Q63452625,,2,Mto Layonalokare,529,0.0,0,,True
Q63456492,,2,Mto Lii (Oyam),502,0.0,0,,True
Q63452628,,2,Mto Mosite,529,0.0,0,,True
Q63452630,,2,Mto Nabilatuk,529,0.0,0,,True
Q63452633,,2,Mto Nadulai,529,0.0,0,,True
Q63452640,,2,Mto Nakaruwok,529,0.0,0,,True
Q63452657,,2,Mto Nakatoitur,529,0.0,0,,True
Q63452681,,2,Mto Nakiriyonyet,529,0.0,0,,True
Q63452617,,2,Mto Namusio,492,0.0,0,,True
Q63451881,,2,Mto Oguta,543,0.0,0,,True
Q63452026,,2,Mto Okoala,505,0.0,0,,True
Q63452039,,2,Mto Olyejo,505,0.0,0,,True
Q63452700,,2,Mto Omanimani,529,0.0,0,,True
Q63456162,,2,Mto Ongaro (Otuke),505,0.0,0,,True
Q63452060,,2,Mto Orunga,505,0.0,0,,True
Q63452075,,2,Mto Paiching,505,0.0,0,,True
Q63452089,,2,Mto Raguka,505,0.0,0,,True
Q63452110,,2,Mto Sido,505,0.0,0,,True
Q63452291,,2,Mto Sindo,505,0.0,0,,True
Q63452179,,2,Mto Situr,543,0.0,0,,True
Q63452719,,2,Mto Torone,529,0.0,0,,True
Q63452245,,2,Mto Wadagada,505,0.0,0,,True
Q63644712,Ije,2,Mto Ije,505,0.0,0,,True
Q63676941,,2,Mto Kabiramorok,505,0.0,0,,True
Q63644584,,2,Mto Kajebene,505,0.0,0,,True
Q63565199,,2,Mto Kalangoro,505,0.0,0,,True
Q63676943,,2,Mto Kamagole,505,0.0,0,,True
Q63644621,,2,Mto Kita (Uganda),505,0.0,0,,True
Q63565205,,2,Mto Kitwol,505,0.0,0,,True
Q63676948,,2,Mto Kolinyang,505,0.0,0,,True
Q63676950,,2,Mto Koputh,505,0.0,0,,True
Q63676959,,2,Mto Kotipe,505,0.0,0,,True
Q63644629,,2,Mto Kulubu,505,0.0,0,,True
Q63676864,,2,Mto Lara (Uganda),505,0.0,0,,True
Q63676874,,2,Mto Leda (Uganda),505,0.0,0,,True
Q63644638,,2,Mto Limika (Yumbe),505,0.0,0,,True
Q63676992,,2,Mto Masupu,505,0.0,0,,True
Q63676994,,2,Mto Matheniko,505,0.0,0,,True
Q63676878,,2,Mto Matir,505,0.0,0,,True
Q63644665,,2,Mto Mazura (Uganda),505,0.0,0,,True
Q63676996,,2,Mto Naakai,505,0.0,0,,True
Q63677000,,2,Mto Nakaramararema,505,0.0,0,,True
Q63677003,,2,Mto Nakaromarengak,505,0.0,0,,True
Q63677004,,2,Mto Nakure,505,0.0,0,,True
Q63644715,,2,Mto Nyawara,505,0.0,0,,True
Q63565058,,2,Mto Oberwangemyel,502,0.0,0,,True
Q63644697,,2,Mto Odra (Yumbe),505,0.0,0,,True
Q63644701,,2,Mto Odringa,505,0.0,0,,True
Q63565059,,2,Mto Okoroo,502,0.0,0,,True
Q63565060,,2,Mto Okule,502,0.0,0,,True
Q63565061,,2,Mto Okure,502,0.0,0,,True
Q63565062,,2,Mto Olony,502,0.0,0,,True
Q63644703,,2,Mto Ombenga,505,0.0,0,,True
Q63565064,,2,Mto Omwodoaita,502,0.0,0,,True
Q63565065,,2,Mto Onekogwok,502,0.0,0,,True
Q63644708,,2,Mto Ooruba,505,0.0,0,,True
Q63565066,,2,Mto Opati,502,0.0,0,,True
Q63565070,,2,Mto Panyjok,502,0.0,0,,True
Q63565074,,2,Mto Tochi (Oyam),502,0.0,0,,True
Q6345035,Kadam People,2,Wakadam,665,2245.0,0,29.6,True
Q63860452,,2,Mto Irimbi,508,0.0,0,,True
Q63793808,,2,Mto Kabuna,508,0.0,0,,True
Q63793833,,2,Mto Kadokolene,508,0.0,0,,True
Q63796088,,2,Mto Kagoloto,511,0.0,0,,True
Q63796126,,2,Mto Kakole (Uganda),529,0.0,0,,True
Q63860454,,2,Mto Kamirantumbi,508,0.0,0,,True
Q63860469,,2,Mto Kitambogo,508,0.0,0,,True
Q63860478,,2,Mto Kituto,508,0.0,0,,True
Q63860480,,2,Mto Kiyandha,508,0.0,0,,True
Q63860482,,2,Mto Kiyinikibi,508,0.0,0,,True
Q63793688,,2,Mto Kodokodoi,508,0.0,0,,True
Q63796214,,2,Mto Komirya,511,0.0,0,,True
Q64140305,,2,Mto Kyekidde,503,0.0,0,,True
Q63860493,,2,Mto Kyeya,549,0.0,0,,True
Q63794426,,2,Mto Manafwa (Bududa),508,0.0,0,,True
Q64140307,,2,Mto Nakalama,503,0.0,0,,True
Q63677010,,2,Mto Nakwakipi,505,0.0,0,,True
Q63793862,,2,Mto Nakyalomboga,508,0.0,0,,True
Q64140484,,2,Mto Namagenge,556,0.0,0,,True
Q64071104,,2,Mto Nambigwa,517,0.0,0,,True
Q64071128,,2,Mto Nambubi,517,0.0,0,,True
Q64071170,,2,Mto Namigamibiri,517,0.0,0,,True
Q63794565,,2,Mto Namoleume,508,0.0,0,,True
Q64071230,,2,Mto Namwenge,517,0.0,0,,True
Q63794617,Nangola,2,Mto Nangola,508,0.0,0,,True
Q63677040,,2,Mto Nangole,505,0.0,0,,True
Q64071259,,2,Mto Nasola,515,0.0,0,,True
Q63677048,,2,Mto Natoo (Napak),505,0.0,0,,True
Q64140487,,2,Mto Nawaibete (Namayingo),515,0.0,0,,True
Q64071292,,2,Mto Nawaibete (Namutumba),517,0.0,0,,True
Q64071382,,2,Mto Nawansenyhe,517,0.0,0,,True
Q64071412,,2,Mto Nawantokolo,517,0.0,0,,True
Q64071449,,2,Mto Nawanzalia,517,0.0,0,,True
Q63677052,,2,Mto Ngolalapolon,505,0.0,0,,True
Q63677056,,2,Mto Nokodokoi,505,0.0,0,,True
Q63793690,,2,Mto Obwin,508,0.0,0,,True
Q63793692,,2,Mto Odike,508,0.0,0,,True
Q63793695,,2,Mto Odoon,506,0.0,0,,True
Q63676876,,2,Mto Ojong,505,0.0,0,,True
Q63677057,,2,Mto Okerinot,505,0.0,0,,True
Q63793703,,2,Mto Okok (Amuria),508,0.0,0,,True
Q63796245,,2,Mto Okwapiti,511,0.0,0,,True
Q63796273,,2,Mto Olelengole,511,0.0,0,,True
Q63676881,,2,Mto Omol,505,0.0,0,,True
Q63793698,,2,Mto Omugei,508,0.0,0,,True
Q63793700,,2,Mto Omunyari,508,0.0,0,,True
Q63676882,,2,Mto Owope,505,0.0,0,,True
Q63795000,,2,Mto Ukha (Uganda),508,0.0,0,,True
Q63676884,,2,Mto Zingele,505,0.0,0,,True
Q63676887,,2,Mto Zingili,505,0.0,0,,True
Q63644502,,2,Mto Giro (Uganda),505,0.0,0,,True
Q63869492,,2,Mto Hairira,505,0.0,0,,True
Q63644526,,2,Mto Ibiza,505,0.0,0,,True
Q63644559,,2,Mto Jurei,505,0.0,0,,True
Q63644574,,2,Mto Kagwa (Uganda),505,0.0,0,,True
Q63644275,,2,Mto Laminonwang,505,0.0,0,,True
Q63644277,,2,Mto Lanyoro,505,0.0,0,,True
Q63870334,,2,Mto Manafwa (Butaleja),514,0.0,0,,True
Q63870338,,2,Mto Masanghe,514,0.0,0,,True
Q63860526,,2,Mto Masuna,508,0.0,0,,True
Q63644283,,2,Mto Matcak,505,0.0,0,,True
Q63644287,,2,Mto Minlango,505,0.0,0,,True
Q63860527,,2,Mto Mubigi,508,0.0,0,,True
Q63870342,,2,Mto Mulagl,514,0.0,0,,True
Q63860532,,2,Mto Muleaa,508,0.0,0,,True
Q63870345,,2,Mto Mwenge (Uganda),514,0.0,0,,True
Q63869504,,2,Mto Nabihindwe,505,0.0,0,,True
Q63860534,,2,Mto Nabinya,508,0.0,0,,True
Q63869505,,2,Mto Nabugembo,505,0.0,0,,True
Q63870353,,2,Mto Nabugere,514,0.0,0,,True
Q63860537,,2,Mto Nabusaiza,508,0.0,0,,True
Q63860539,,2,Mto Naitosi,508,0.0,0,,True
Q63860543,,2,Mto Nakamini,508,0.0,0,,True
Q63869506,,2,Mto Nakola,505,0.0,0,,True
Q63860546,,2,Mto Nakwera,508,0.0,0,,True
Q63860550,,2,Mto Nakyendagano,508,0.0,0,,True
Q63860552,,2,Mto Nalbondwa,508,0.0,0,,True
Q63860555,,2,Mto Nalumirambasa,508,0.0,0,,True
Q63869510,,2,Mto Nalyoba,553,0.0,0,,True
Q63869495,,2,Mto Namachi,527,0.0,0,,True
Q63860558,,2,Mto Namaseri,508,0.0,0,,True
Q63860602,,2,Mto Namawa (Busia),505,0.0,0,,True
Q63870359,,2,Mto Nambiri (Uganda),514,0.0,0,,True
Q63869511,,2,Mto Nambogo,505,0.0,0,,True
Q63870379,,2,Mto Nambusuli,514,0.0,0,,True
Q63869514,,2,Mto Namukombe,505,0.0,0,,True
Q63869515,,2,Mto Namulondo,505,0.0,0,,True
Q63860559,,2,Mto Namwandyo,511,0.0,0,,True
Q63869518,,2,Mto Nanguki,505,0.0,0,,True
Q63860560,,2,Mto Nansaga,508,0.0,0,,True
Q63869522,,2,Mto Nasinjekhe,505,0.0,0,,True
Q63644295,,2,Mto Nyaca,505,0.0,0,,True
Q63644304,,2,Mto Nyamsika,525,0.0,0,,True
Q63644312,,2,Mto Obul,505,0.0,0,,True
Q63644317,,2,Mto Okir,505,0.0,0,,True
Q63644318,,2,Mto Olwal (Nwoya),505,0.0,0,,True
Q63644329,,2,Mto Opengor,505,0.0,0,,True
Q63644333,,2,Mto Oriang,505,0.0,0,,True
Q63869525,,2,Mto Sabuni,505,0.0,0,,True
Q63869524,,2,Mto Sango (Uganda),505,0.0,0,,True
Q63982594,,2,Mto Galalo,549,0.0,0,,True
Q63982773,,2,Mto Gendwa,508,0.0,0,,True
Q63982671,,2,Mto Iriri,511,0.0,0,,True
Q63982596,,2,Mto Isongero,549,0.0,0,,True
Q63886749,,2,Mto Kabere (Uganda),598,0.0,0,,True
Q63886836,,2,Mto Kaitankofu,508,0.0,0,,True
Q63982602,,2,Mto Kamirantumbu,594,0.0,0,,True
Q63922244,,2,Mto Kiwaita,508,0.0,0,,True
Q63975362,,2,Mto Matekelela,505,0.0,0,,True
Q63975364,,2,Mto Mateko,505,0.0,0,,True
Q63922264,,2,Mto Mpago,508,0.0,0,,True
Q63975365,,2,Mto Mukhuwa,505,0.0,0,,True
Q63885442,,2,Mto Muyembe,517,0.0,0,,True
Q63922270,,2,Mto Nabidonga,508,0.0,0,,True
Q63885300,,2,Mto Nabigaga (Buyende),511,0.0,0,,True
Q63922272,,2,Mto Nabiriri,508,0.0,0,,True
Q63922274,,2,Mto Nabiwangi,508,0.0,0,,True
Q63922278,,2,Mto Nabukolyo,508,0.0,0,,True
Q63922282,,2,Mto Nahidadala,508,0.0,0,,True
Q63922286,,2,Mto Naigombwa,600,0.0,0,,True
Q63922294,,2,Mto Nakawaija,508,0.0,0,,True
Q63922299,Nakintu,2,Mto Nakintu,508,0.0,0,,True
Q63922300,,2,Mto Namaloe,508,0.0,0,,True
Q63975368,,2,Mto Nambale (Uganda),503,0.0,0,,True
Q63922301,,2,Mto Nambigiri,508,0.0,0,,True
Q63922303,,2,Mto Nambulamunya,508,0.0,0,,True
Q63922304,,2,Mto Namiganda,508,0.0,0,,True
Q63975370,,2,Mto Namjetekwe,505,0.0,0,,True
Q63885452,,2,Mto Namuserere,517,0.0,0,,True
Q63870384,,2,Mto Namusole,514,0.0,0,,True
Q63975371,,2,Mto Nangipa,505,0.0,0,,True
Q63870389,,2,Mto Nankwasi,514,0.0,0,,True
Q63870396,,2,Mto Nanwigalo,514,0.0,0,,True
Q63975377,,2,Mto Narotso,505,0.0,0,,True
Q63922305,,2,Mto Nawambuli,508,0.0,0,,True
Q63922310,,2,Mto Nawanga,508,0.0,0,,True
Q63922313,,2,Mto Nawapiti,508,0.0,0,,True
Q63975380,,2,Mto Nomili,505,0.0,0,,True
Q63922315,,2,Mto Nsale,508,0.0,0,,True
Q63885547,,2,Mto Nyaluti,505,0.0,0,,True
Q63885461,,2,Mto Nyanye,515,0.0,0,,True
Q63644338,,2,Mto Osepe,505,0.0,0,,True
Q63885491,,2,Mto Sasa (Uganda),517,0.0,0,,True
Q63885556,,2,Mto Senendet,505,0.0,0,,True
Q63644361,,2,Mto Tido,505,0.0,0,,True
Q63922317,,2,Mto Wadumbe,508,0.0,0,,True
Q63922320,,2,Mto Wairumba,508,0.0,0,,True
Q64211425,,2,Mto Humiya,520,0.0,0,,True
Q64070447,,2,Mto Italishabagimba,517,0.0,0,,True
Q64069264,,2,Mto Kakoro,511,0.0,0,,True
Q64070512,,2,Mto Kamirambaizi,517,0.0,0,,True
Q63982604,,2,Mto Kitovu,508,0.0,0,,True
Q64211575,Mampongi,2,Mto Mampongi,582,0.0,0,,True
Q64211577,,2,Mto Manjuguja,520,0.0,0,,True
Q63982606,,2,Mto Mawandagire,508,0.0,0,,True
Q63982608,,2,Mto Mawangagire,508,0.0,0,,True
Q64211578,,2,Mto Mbeyi,520,0.0,0,,True
Q64211591,,2,Mto Mbuga (Bundibugyo),520,0.0,0,,True
Q64211603,,2,Mto Mongiro,520,0.0,0,,True
Q63982677,,2,Mto Moroto,511,0.0,0,,True
Q64211605,,2,Mto Mpolya,520,0.0,0,,True
Q63982719,,2,Mto Musunu (Uganda),508,0.0,0,,True
Q63982721,,2,Mto Nabigaga (Kamuli),508,0.0,0,,True
Q64070630,,2,Mto Nabigurali,517,0.0,0,,True
Q63982783,,2,Mto Nabikaliti,508,0.0,0,,True
Q64070683,,2,Mto Nabulamwana,517,0.0,0,,True
Q63982616,,2,Mto Nabule,549,0.0,0,,True
Q64069405,,2,Mto Nabwali,511,0.0,0,,True
Q63982626,,2,Mto Nagawoloma,508,0.0,0,,True
Q63982627,,2,Mto Naikote,508,0.0,0,,True
Q64070840,,2,Mto Naisai,517,0.0,0,,True
Q63982631,,2,Mto Nakaseni,508,0.0,0,,True
Q64070960,,2,Mto Nakisimwe,517,0.0,0,,True
Q63982632,,2,Mto Nakyandima,508,0.0,0,,True
Q63982785,,2,Mto Naluhule,508,0.0,0,,True
Q63982786,,2,Mto Namagino,508,0.0,0,,True
Q63982640,,2,Mto Namukuma,508,0.0,0,,True
Q63982643,,2,Mto Namwangwe,549,0.0,0,,True
Q63982645,,2,Mto Nawallogo,508,0.0,0,,True
Q63982647,,2,Mto Nawuwa,508,0.0,0,,True
Q63982685,Okere,2,Mto Okere,493,0.0,0,,True
Q63982687,,2,Mto Okwanges,511,0.0,0,,True
Q63982739,,2,Mto Omabor,523,0.0,0,,True
Q63982689,,2,Mto Peta (Katakwi),511,0.0,0,,True
Q63982691,,2,Mto Ukutat,511,0.0,0,,True
Q64153271,,2,Mto Galubeya,511,0.0,0,,True
Q64221055,,2,Mto Halo (Uganda),550,0.0,0,,True
Q64221058,,2,Mto Hoima,550,0.0,0,,True
Q64221063,,2,Mto Howa,550,0.0,0,,True
Q64221065,,2,Mto Ichukira,550,0.0,0,,True
Q64221067,,2,Mto Isimba,550,0.0,0,,True
Q64221068,,2,Mto Jumangabo,550,0.0,0,,True
Q64221069,,2,Mto Kabagarama (Hoima),550,0.0,0,,True
Q64221071,,2,Mto Kabaigara,550,0.0,0,,True
Q64221073,,2,Mto Kabanda (Uganda),550,0.0,0,,True
Q64221074,,2,Mto Kabolagola,550,0.0,0,,True
Q64153275,,2,Mto Kabukwesi,511,0.0,0,,True
Q64221075,,2,Mto Kabwima (Uganda),550,0.0,0,,True
Q64221076,,2,Mto Kadebede (Hoima),550,0.0,0,,True
Q64153863,,2,Mto Kadlekep,503,0.0,0,,True
Q64221078,,2,Mto Kaichururu,550,0.0,0,,True
Q64221080,,2,Mto Kaigobya,550,0.0,0,,True
Q64221081,,2,Mto Kaihagya,550,0.0,0,,True
Q64221082,,2,Mto Kaitabalanga,550,0.0,0,,True
Q64221084,,2,Mto Kalyanchwi,550,0.0,0,,True
Q64221085,,2,Mto Kamanyuli,550,0.0,0,,True
Q64223449,,2,Mto Kitawe,550,0.0,0,,True
Q64223451,,2,Mto Kititiraa,550,0.0,0,,True
Q64223453,,2,Mto Kuma (Uganda),550,0.0,0,,True
Q64221020,,2,Mto Kyamugambira,514,0.0,0,,True
Q64153867,,2,Mto Kyebolom,505,0.0,0,,True
Q64153903,,2,Mto Lambala,504,0.0,0,,True
Q64153295,,2,Mto Marungurwe Nakhumunu,511,0.0,0,,True
Q64153298,,2,Mto Mayantsa,511,0.0,0,,True
Q64211610,,2,Mto Ndugutu (Bundibugyo),520,0.0,0,,True
Q64211616,,2,Mto Ngiti (Uganda),520,0.0,0,,True
Q64211622,,2,Mto Nkisi (Uganda),520,0.0,0,,True
Q64211624,,2,Mto Ntoma (Bundibugyo),520,0.0,0,,True
Q64211626,,2,Mto Ntotoro,520,0.0,0,,True
Q64211632,Nyabiasi,2,Mto Nyabiasi,611,0.0,0,,True
Q64221023,,2,Mto Nyabikurungo,514,0.0,0,,True
Q64211637,,2,Mto Nyaduli,520,0.0,0,,True
Q64211638,,2,Mto Nyahuka,520,0.0,0,,True
Q64211643,,2,Mto Nyamatorwe,520,0.0,0,,True
Q64211644,,2,Mto Nyambogo,520,0.0,0,,True
Q64211648,,2,Mto Nyansimere,520,0.0,0,,True
Q64211254,,2,Mto Per-Per,508,0.0,0,,True
Q64211259,,2,Mto Pikapyani,508,0.0,0,,True
Q64211262,,2,Mto Pokongo Jamawede,508,0.0,0,,True
Q64211659,,2,Mto Sara (Uganda),520,0.0,0,,True
Q64211660,,2,Mto Sempaya,520,0.0,0,,True
Q64211661,,2,Mto Sindero,520,0.0,0,,True
Q64211663,,2,Mto Tokwe (Uganda),520,0.0,0,,True
Q64211665,,2,Mto Tombwe,520,0.0,0,,True
Q64211289,,2,Mto Wadama,508,0.0,0,,True
Q64167933,,2,Mto Guragado,511,0.0,0,,True
Q64168186,,2,Mto Kadoniche,508,0.0,0,,True
Q64168200,,2,Mto Kajalai,508,0.0,0,,True
Q64168207,,2,Mto Kakile,508,0.0,0,,True
Q64168213,,2,Mto Kakutete,508,0.0,0,,True
Q64167919,,2,Mto Kalira (Uganda),508,0.0,0,,True
Q64168282,,2,Mto Kodike,508,0.0,0,,True
Q64210461,,2,Mto Koropudi,508,0.0,0,,True
Q64210473,,2,Mto Ligaga,508,0.0,0,,True
Q64153300,,2,Mto Mukhomerya,511,0.0,0,,True
Q64153907,,2,Mto Nabisira,504,0.0,0,,True
Q64153910,,2,Mto Nabitakali,504,0.0,0,,True
Q64153914,,2,Mto Nakitokolo,504,0.0,0,,True
Q64153302,,2,Mto Nakolokoto,511,0.0,0,,True
Q64153303,,2,Mto Namabi,511,0.0,0,,True
Q64153304,,2,Mto Namakhu,511,0.0,0,,True
Q64153306,,2,Mto Namakomu,511,0.0,0,,True
Q64153310,,2,Mto Namantsa,511,0.0,0,,True
Q64153313,,2,Mto Namasintsi,511,0.0,0,,True
Q64153314,Nambewo,2,Mto Nambewo,511,0.0,0,,True
Q64153315,,2,Mto Namekhala,999,0.0,0,,True
Q64153316,,2,Mto Nametsimeru,511,0.0,0,,True
Q64153318,,2,Mto Namikhoma,511,0.0,0,,True
Q64153320,,2,Mto Naminyikha,511,0.0,0,,True
Q64153322,,2,Mto Namirumba,511,0.0,0,,True
Q64153328,,2,Mto Namuninga,511,0.0,0,,True
Q64153330,,2,Mto Namunyiri,511,0.0,0,,True
Q64153332,,2,Mto Namweke,511,0.0,0,,True
Q64153252,Nangilima,2,Mto Nangilima (Uganda),511,0.0,0,,True
Q64153334,,2,Mto Nanyinya,511,0.0,0,,True
Q64153336,,2,Mto Nasyanda,511,0.0,0,,True
Q64153338,,2,Mto Nekina,511,0.0,0,,True
Q64153870,,2,Mto Ngenge (Kween),505,0.0,0,,True
Q64153087,,2,Mto Obotiya,502,0.0,0,,True
Q64153090,,2,Mto Obura,502,0.0,0,,True
Q64167923,,2,Mto Ojom,508,0.0,0,,True
Q64153096,,2,Mto Olupe (Uganda),502,0.0,0,,True
Q64167924,,2,Mto Omugenya,508,0.0,0,,True
Q64167926,,2,Mto Omunyal,508,0.0,0,,True
Q64167930,,2,Mto Ongaro (Soroti),508,0.0,0,,True
Q64167928,,2,Mto Opetachoro,508,0.0,0,,True
Q64167929,,2,Mto Opoet,508,0.0,0,,True
Q64153341,Perenye,2,Mto Perenye,511,0.0,0,,True
Q64153342,,2,Mto Ririma,511,0.0,0,,True
Q64153261,,2,Mto Sala (Manafwa),511,0.0,0,,True
Q64153346,,2,Mto Sambaka,511,0.0,0,,True
Q64153352,,2,Mto Sigera Khantsa,511,0.0,0,,True
Q64153357,,2,Mto Tsakhana,511,0.0,0,,True
Q64153359,,2,Mto Tsebumbeyi,511,0.0,0,,True
Q6417710,Kitagwenda,2,Kitagwenda,361,1236.0,0,29.2,True
Q64711823,,2,Mto Kabahesi,508,0.0,0,,True
Q64713244,,2,Mto Kabale (Kisoro),647,0.0,0,,True
Q64711824,,2,Mto Kabizi (Uganda),508,0.0,0,,True
Q64713249,,2,Mto Kafuga,647,0.0,0,,True
Q64711826,,2,Mto Kahando,508,0.0,0,,True
Q64711828,,2,Mto Kalweru,508,0.0,0,,True
Q64711830,,2,Mto Kamuganguzi,508,0.0,0,,True
Q64713252,,2,Mto Kuku (Uganda),647,0.0,0,,True
Q64223456,,2,Mto Kyampanga,550,0.0,0,,True
Q64223458,,2,Mto Kyaziradindu,550,0.0,0,,True
Q64223459,,2,Mto Kyebagira (Hoima),550,0.0,0,,True
Q64223462,,2,Mto Kyembogo,550,0.0,0,,True
Q64711875,,2,Mto Kyeni,647,0.0,0,,True
Q64210538,,2,Mto Matawa (Uganda),508,0.0,0,,True
Q64711877,,2,Mto Mogandu,647,0.0,0,,True
Q64711881,,2,Mto Mogera (Uganda),647,0.0,0,,True
Q64210655,,2,Mto Mudodo,508,0.0,0,,True
Q64711882,,2,Mto Mulembera,647,0.0,0,,True
Q64713253,,2,Mto Mulindi (Uganda),647,0.0,0,,True
Q64711883,,2,Mto Munciro,647,0.0,0,,True
Q64711887,,2,Mto Nozi,647,0.0,0,,True
Q64713254,,2,Mto Ntebeko,647,0.0,0,,True
Q64781899,,2,Mto Nyakagongo,653,0.0,0,,True
Q64711888,,2,Mto Nyakalanga,647,0.0,0,,True
Q64210713,,2,Mto Nyakaradu,508,0.0,0,,True
Q64210726,,2,Mto Nyakatumba,508,0.0,0,,True
Q64210745,,2,Mto Nyamatunya,508,0.0,0,,True
Q64210755,,2,Mto Nyangole,508,0.0,0,,True
Q64210758,,2,Mto Nyosigala,508,0.0,0,,True
Q64210760,,2,Mto Obubabuba,508,0.0,0,,True
Q64210763,,2,Mto Ochinoi,508,0.0,0,,True
Q64210765,,2,Mto Ochoge,508,0.0,0,,True
Q64210770,,2,Mto Odoketikimu,508,0.0,0,,True
Q64210772,,2,Mto Olire,508,0.0,0,,True
Q64210773,,2,Mto Omwonyole,508,0.0,0,,True
Q64210778,,2,Mto Ongere,508,0.0,0,,True
Q64210780,,2,Mto Onyame,508,0.0,0,,True
Q64210781,,2,Mto Osenya,508,0.0,0,,True
Q64210782,,2,Mto Osia,508,0.0,0,,True
Q64211233,,2,Mto Oteketeke,508,0.0,0,,True
Q64211235,,2,Mto Oturukuku,508,0.0,0,,True
Q64211237,,2,Mto Pajacipi,508,0.0,0,,True
Q64211242,,2,Mto Pakoyi,508,0.0,0,,True
Q64211243,,2,Mto Pangole,508,0.0,0,,True
Q64755610,,2,Mto Haliso,653,0.0,0,,True
Q64734147,,2,Mto Hima (Uganda),647,0.0,0,,True
Q64755611,,2,Mto Ibaralibe,653,0.0,0,,True
Q64755612,,2,Mto Igoganya,653,0.0,0,,True
Q64734155,,2,Mto Isa (Kasese),647,0.0,0,,True
Q64755617,,2,Mto Isigomi,651,0.0,0,,True
Q64755620,,2,Mto Isomazoli,653,0.0,0,,True
Q64755621,,2,Mto Kabasongola,653,0.0,0,,True
Q64734157,,2,Mto Kabiti,647,0.0,0,,True
Q64734337,,2,Mto Kahera (Uganda),647,0.0,0,,True
Q64755626,,2,Mto Kaitwanjwahi,653,0.0,0,,True
Q64755631,,2,Mto Kaizi,693,0.0,0,,True
Q64755638,,2,Mto Kakibi,653,0.0,0,,True
Q64755639,,2,Mto Kakuko,653,0.0,0,,True
Q64755640,,2,Mto Kamirensembe,653,0.0,0,,True
Q64755641,,2,Mto Kamotanga,653,0.0,0,,True
Q64755665,,2,Mto Kinyabiharo,653,0.0,0,,True
Q64734167,,2,Mto Kitajuka,647,0.0,0,,True
Q64760018,,2,Mto Kitongwito,653,0.0,0,,True
Q64734171,,2,Mto Kuruguta,647,0.0,0,,True
Q64734172,,2,Mto Kuruhe,647,0.0,0,,True
Q64760033,,2,Mto Masibwa,653,0.0,0,,True
Q64734178,,2,Mto Mpondwe,647,0.0,0,,True
Q64760042,,2,Mto Mubingi,653,0.0,0,,True
Q64734179,,2,Mto Mubuku,647,0.0,0,,True
Q64760047,,2,Mto Muchwankanze,653,0.0,0,,True
Q64734180,,2,Mto Muhambuli,647,0.0,0,,True
Q64760049,,2,Mto Mutaboggya,653,0.0,0,,True
Q64734181,,2,Mto Mutaige,647,0.0,0,,True
Q64760051,,2,Mto Ndugutu (Kabarole),653,0.0,0,,True
Q64734182,,2,Mto Nilangira,647,0.0,0,,True
Q64734184,,2,Mto Nkoko (Uganda),647,0.0,0,,True
Q64760080,,2,Mto Nsonge,653,0.0,0,,True
Q64760161,,2,Mto Nsuiga,653,0.0,0,,True
Q64760163,,2,Mto Ntabago,653,0.0,0,,True
Q64781849,,2,Mto Nyabaihuzi,653,0.0,0,,True
Q64781851,,2,Mto Nyabakendo,653,0.0,0,,True
Q64711889,,2,Mto Nyakasa,647,0.0,0,,True
Q64711890,,2,Mto Nyakizumba,647,0.0,0,,True
Q64734187,,2,Mto Nyamagasani,686,0.0,0,,True
Q64734195,,2,Mto Nyamwamba,723,0.0,0,,True
Q64734200,,2,Mto Sebwe (Uganda),647,0.0,0,,True
Q64711900,,2,Mto Shongi (Uganda),647,0.0,0,,True
Q64799565,,2,Mto Kabakagire,650,0.0,0,,True
Q64799580,,2,Mto Kabarwana,650,0.0,0,,True
Q64799603,,2,Mto Kabolokota (Masindi),650,0.0,0,,True
Q64799694,,2,Mto Kabuta (Masindi),650,0.0,0,,True
Q64799829,,2,Mto Kachwekere,650,0.0,0,,True
Q64799833,,2,Mto Kaigota,650,0.0,0,,True
Q64799835,,2,Mto Kaitabahuma,650,0.0,0,,True
Q64799837,,2,Mto Kaitambwe,650,0.0,0,,True
Q64799841,,2,Mto Kalyonpalala,650,0.0,0,,True
Q64800016,,2,Mto Kizimwa,650,0.0,0,,True
Q64800019,,2,Mto Kyabinyindo,650,0.0,0,,True
Q64800021,,2,Mto Kyantemere,650,0.0,0,,True
Q64800023,,2,Mto Kyetindo,650,0.0,0,,True
Q64805060,,2,Mto Musiki,650,0.0,0,,True
Q64805164,,2,Mto Musoma,648,0.0,0,,True
Q64805309,,2,Mto Nakabingo,650,0.0,0,,True
Q64805361,,2,Mto Nakafunyo,650,0.0,0,,True
Q64805417,,2,Mto Nakasimbi,650,0.0,0,,True
Q64805485,,2,Mto Nakibete,650,0.0,0,,True
Q64805531,,2,Mto Namosore,650,0.0,0,,True
Q64805579,,2,Mto Nasembe,650,0.0,0,,True
Q64809098,,2,Mto Ntoma (Masindi),689,0.0,0,,True
Q64809281,,2,Mto Nyabalingwa,650,0.0,0,,True
Q64809284,,2,Mto Nyabigata,650,0.0,0,,True
Q64809285,,2,Mto Nyabigoma,650,0.0,0,,True
Q64809287,,2,Mto Nyabirago (Masindi),650,0.0,0,,True
Q64809295,,2,Mto Nyabisabo,650,0.0,0,,True
Q64809296,,2,Mto Nyabisojo,650,0.0,0,,True
Q64781854,,2,Mto Nyabitungu,653,0.0,0,,True
Q64781856,,2,Mto Nyabubira,653,0.0,0,,True
Q64781863,,2,Mto Nyabukara,653,0.0,0,,True
Q64781865,,2,Mto Nyabunigi,653,0.0,0,,True
Q64781869,,2,Mto Nyabunimbo,653,0.0,0,,True
Q64781892,,2,Mto Nyaitale,653,0.0,0,,True
Q64809529,,2,Mto Nyakagzi,650,0.0,0,,True
Q64809542,,2,Mto Nyakajunjo,650,0.0,0,,True
Q64809557,,2,Mto Nyakasenyi (Masindi),650,0.0,0,,True
Q64822902,,2,Mto Nyakisharara,650,0.0,0,,True
Q64809655,,2,Mto Nyakotogo,650,0.0,0,,True
Q64809680,,2,Mto Nyamiringa,650,0.0,0,,True
Q64809762,,2,Mto Nyamizi (Masindi),650,0.0,0,,True
Q64809898,,2,Mto Nyampunu,650,0.0,0,,True
Q64809901,,2,Mto Nyamulula,650,0.0,0,,True
Q64809913,,2,Mto Nyangabya,650,0.0,0,,True
Q64809916,,2,Mto Nyansonko,650,0.0,0,,True
Q64809931,Nyarunkoizi,2,Mto Nyarunkoizi,688,0.0,0,,True
Q64810058,,2,Mto Sambiye (Masindi),650,0.0,0,,True
Q64810070,,2,Mto Sambiyu,650,0.0,0,,True
Q64810123,,2,Mto Siba (Masindi),650,0.0,0,,True
Q65096095,,2,Mto Ibalya,650,0.0,0,,True
Q65096098,,2,Mto Ihihizo,650,0.0,0,,True
Q64841597,,2,Mto Irumba,651,0.0,0,,True
Q65096100,,2,Mto Ishaya,650,0.0,0,,True
Q65096101,,2,Mto Itama (Uganda),650,0.0,0,,True
Q64841599,,2,Mto Ivare,653,0.0,0,,True
Q65038894,,2,Mto Kabaga (Uganda),653,0.0,0,,True
Q64990966,,2,Mto Kabiseke,656,0.0,0,,True
Q64841600,,2,Mto Kachingu,653,0.0,0,,True
Q64841601,,2,Mto Kafunzo (Ntungamo),679,0.0,0,,True
Q64991059,,2,Mto Kafunzo (Rukungiri),656,0.0,0,,True
Q64991082,,2,Mto Kahengye,656,0.0,0,,True
Q65038919,,2,Mto Kahiro,653,0.0,0,,True
Q65038924,,2,Mto Kaisunga,653,0.0,0,,True
Q65038934,,2,Mto Kakinga (Kamwenge),653,0.0,0,,True
Q64841603,,2,Mto Kakura (Uganda),653,0.0,0,,True
Q64841606,,2,Mto Kamira (Ntungamo),653,0.0,0,,True
Q65039256,,2,Mto Kitengeto,690,0.0,0,,True
Q65039310,,2,Mto Kizikibi (Kamwenge),653,0.0,0,,True
Q64991158,,2,Mto Kyabamba,656,0.0,0,,True
Q64841609,,2,Mto Kyangara,653,0.0,0,,True
Q65039389,,2,Mto Kyarutanga,653,0.0,0,,True
Q65039450,,2,Mto Kyoga,653,0.0,0,,True
Q64991171,,2,Mto Kyomela,656,0.0,0,,True
Q65096115,,2,Mto Mashakwe,650,0.0,0,,True
Q65096116,,2,Mto Matanda (Uganda),650,0.0,0,,True
Q64841611,,2,Mto Matimba (Uganda),653,0.0,0,,True
Q65096117,,2,Mto Mbwa,650,0.0,0,,True
Q65039577,,2,Mto Mpanga (Kamwenge),690,0.0,0,,True
Q65039630,,2,Mto Mukakerre,653,0.0,0,,True
Q65039655,,2,Mto Musarre,653,0.0,0,,True
Q65039682,,2,Mto Mutamba (Uganda),653,0.0,0,,True
Q64991183,,2,Mto Nchwera,656,0.0,0,,True
Q64841614,,2,Mto Nechianza,653,0.0,0,,True
Q65039730,,2,Mto Nkurungu,690,0.0,0,,True
Q65096118,,2,Mto Nsanji (Uganda),650,0.0,0,,True
Q65096121,,2,Mto Ntabagwe,650,0.0,0,,True
Q64991215,,2,Mto Ntunga (Rukungiri),656,0.0,0,,True
Q65039784,,2,Mto Nyabaganga,653,0.0,0,,True
Q64841615,,2,Mto Nyabugongi,653,0.0,0,,True
Q65039796,,2,Mto Nyakasana,653,0.0,0,,True
Q64841618,,2,Mto Nyaluhanga,653,0.0,0,,True
Q65039834,,2,Mto Nyamawaki,653,0.0,0,,True
Q65039848,,2,Mto Nyamuswiga,653,0.0,0,,True
Q64841620,,2,Mto Omianza,653,0.0,0,,True
Q64841623,,2,Mto Omurkango,653,0.0,0,,True
Q64810292,,2,Mto Wabikoba,650,0.0,0,,True
Q64810303,,2,Mto Wagawaga,650,0.0,0,,True
Q64810328,,2,Mto Waiga (Masindi),650,0.0,0,,True
Q64810419,,2,Mto Wairingo,650,0.0,0,,True
Q65073925,Butebi,2,"Butebi, Uganda",524,3727.0,0,14.1,True
Q64799394,,2,Mto Ibohe,650,0.0,0,,True
Q64799407,,2,Mto Ichwabitengo,650,0.0,0,,True
Q64782268,Igasa,2,Mto Igasa,691,0.0,0,,True
Q64799422,,2,Mto Itongo,650,0.0,0,,True
Q64799533,,2,Mto Kabagarama (Masindi),650,0.0,0,,True
Q64782291,,2,Mto Kaicokaga,691,0.0,0,,True
Q64782298,,2,Mto Karusura,691,0.0,0,,True
Q64782300,,2,Mto Katehi,691,0.0,0,,True
Q64782308,,2,Mto Kisera,691,0.0,0,,True
Q64782311,,2,Mto Koibokasa,691,0.0,0,,True
Q64782320,,2,Mto Mukagugu,691,0.0,0,,True
Q64782322,Makumiri,2,Mto Mukumiri,691,0.0,0,,True
Q64782330,,2,Mto Nakabiri,691,0.0,0,,True
Q64781949,,2,Mto Nansimbi,671,0.0,0,,True
Q65096122,,2,Mto Ntengyere,650,0.0,0,,True
Q65589293,,2,Mto Nyabisheke (Uganda),514,0.0,0,,True
Q65589294,,2,Mto Nyabitadariki,514,0.0,0,,True
Q64782333,,2,Mto Nyabuzinge,691,0.0,0,,True
Q64782337,,2,Mto Nyakaija,691,0.0,0,,True
Q64781904,,2,Mto Nyakanuku,653,0.0,0,,True
Q65589297,,2,Mto Nyakasarara,514,0.0,0,,True
Q64781909,,2,Mto Nyakaterre,653,0.0,0,,True
Q64781912,,2,Mto Nyakiira,653,0.0,0,,True
Q64781915,,2,Mto Nyakisi,653,0.0,0,,True
Q64782339,,2,Mto Nyamahwa,691,0.0,0,,True
Q65589298,,2,Mto Nyamasojo,514,0.0,0,,True
Q64781921,,2,Mto Nyamisole,653,0.0,0,,True
Q64781926,,2,Mto Nyamuganywa,653,0.0,0,,True
Q64781931,,2,Mto Nyamugayo,653,0.0,0,,True
Q64781934,,2,Mto Nyamugomba,653,0.0,0,,True
Q64781938,,2,Mto Nyamukisa,653,0.0,0,,True
Q65039861,,2,Mto Nyandagura,653,0.0,0,,True
Q64781953,,2,Mto Nyankongoro,653,0.0,0,,True
Q65039878,,2,Mto Nyansura,653,0.0,0,,True
Q64781961,,2,Mto Nyantabwoma,653,0.0,0,,True
Q65589300,,2,Mto Nyanuba,514,0.0,0,,True
Q64781965,,2,Mto Nyaruswa,653,0.0,0,,True
Q65589301,,2,Mto Nyarutegura,514,0.0,0,,True
Q64781970,,2,Mto Nyatonga,653,0.0,0,,True
Q64781972,,2,Mto Nyaziba,653,0.0,0,,True
Q64781976,,2,Mto Nywankobo,653,0.0,0,,True
Q64782132,,2,Mto Piripa,651,0.0,0,,True
Q64782173,,2,Mto Sebitoli,653,0.0,0,,True
Q65039942,,2,Mto Tiguhonoka,653,0.0,0,,True
Q64782178,,2,Mto Waigabu,653,0.0,0,,True
Q65039959,,2,Mto Zinga (Uganda),653,0.0,0,,True
Q65557200,,2,Mto Mukumbuli,514,0.0,0,,True
Q65557201,,2,Mto Musabira,514,0.0,0,,True
Q65557204,,2,Mto Nakazige,514,0.0,0,,True
Q65557207,,2,Mto Nyabirogo,514,0.0,0,,True
Q65557208,,2,Mto Nyakabale (Kyenjojo),514,0.0,0,,True
Q65588929,,2,Mto Itulwe,511,0.0,0,,True
Q65589219,,2,Mto Kabagole,514,0.0,0,,True
Q65588999,,2,Mto Kabimba,514,0.0,0,,True
Q65588969,,2,Mto Kabobo (Ibanda),508,0.0,0,,True
Q65589221,Kachumbiro River,2,Mto Kachumbiro,514,0.0,0,,True
Q65589222,,2,Mto Kagaye,514,0.0,0,,True
Q65588931,,2,Mto Kahuru (Buliisa),509,0.0,0,,True
Q65588973,,2,Mto Kakinga (Ibanda),508,0.0,0,,True
Q65589002,,2,Mto Kyabaganda,514,0.0,0,,True
Q65589229,,2,Mto Kyawanyana,514,0.0,0,,True
Q65588976,,2,Mto Kyebonekiri,508,0.0,0,,True
Q65589232,,2,Mto Mbuga (Kiruhura),514,0.0,0,,True
Q65589004,,2,Mto Mishumba,514,0.0,0,,True
Q65589005,,2,Mto Muhurubuki,558,0.0,0,,True
Q65589286,,2,Mto Mukigaga,514,0.0,0,,True
Q65589287,,2,Mto Musalasala,514,0.0,0,,True
Q65588939,Muunga,2,Mto Muunga (Uganda),549,0.0,0,,True
Q65589288,,2,Mto Namato (Uganda),514,0.0,0,,True
Q65588943,,2,Mto Ngazi,511,0.0,0,,True
Q65557216,,2,Mto Nyakabya,514,0.0,0,,True
Q65589006,,2,Mto Nyakaguru,514,0.0,0,,True
Q65557221,,2,Mto Nyakakoko,514,0.0,0,,True
Q65557224,,2,Mto Nyakibogora,514,0.0,0,,True
Q65557227,,2,Mto Nyakibuguta,514,0.0,0,,True
Q65588977,,2,Mto Nyakihanga (Ibanda),508,0.0,0,,True
Q65557231,,2,Mto Nyakiro,514,0.0,0,,True
Q65557236,,2,Mto Nyakitunga,514,0.0,0,,True
Q65557246,,2,Mto Nyakwisi,514,0.0,0,,True
Q65557255,,2,Mto Nyambiriko,514,0.0,0,,True
Q65588985,,2,Mto Nyamigogo (Uganda),508,0.0,0,,True
Q65557258,,2,Mto Nyamirumiko,514,0.0,0,,True
Q65557266,Nyamugamba,2,Mto Nyamugamba,514,0.0,0,,True
Q65557269,,2,Mto Nyamujogonoki,514,0.0,0,,True
Q65588945,,2,Mto Nyamukuta,573,0.0,0,,True
Q65557273,,2,Mto Nyamulagura,514,0.0,0,,True
Q65557275,,2,Mto Nyamuzaha,514,0.0,0,,True
Q65557280,,2,Mto Nyankimba,514,0.0,0,,True
Q65557283,,2,Mto Nyansimbe,514,0.0,0,,True
Q65589007,,2,Mto Nyarugona,514,0.0,0,,True
Q65588987,,2,Mto Orutunga,508,0.0,0,,True
Q65588988,,2,Mto Oruyubu,508,0.0,0,,True
Q65588947,,2,Mto Sambiye (Buliisa),575,0.0,0,,True
Q65557287,,2,Mto Sisa (Kyenjojo),514,0.0,0,,True
Q65588951,,2,Mto Waisoke,573,0.0,0,,True
Q65557148,,2,Mto Hondwa (Uganda),514,0.0,0,,True
Q65557151,,2,Mto Kagensa,514,0.0,0,,True
Q65557155,,2,Mto Kajumwa,514,0.0,0,,True
Q65326690,Lake Nyamunuka,2,Ziwa Nyamunuka,400,0.0,0,,True
Q65557157,,2,Mto Kakomero,514,0.0,0,,True
Q65557158,,2,Mto Kamirabalimbo,514,0.0,0,,True
Q65557159,,2,Mto Kamirabara,514,0.0,0,,True
Q65557176,,2,Mto Kiyanja (Kyenjojo),514,0.0,0,,True
Q65557178,,2,Mto Kyankorogo,514,0.0,0,,True
Q65557179,,2,Mto Kyasa,514,0.0,0,,True
Q65557181,,2,Mto Kyeza,514,0.0,0,,True
Q65557193,,2,Mto Mirinchwi,514,0.0,0,,True
Q65557194,,2,Mto Muchwamba,514,0.0,0,,True
Q65557195,,2,Mto Mugaju,514,0.0,0,,True
Q65557198,,2,Mto Mukonda (Kyenjojo),514,0.0,0,,True
Q65953612,,2,Mto Itojo,511,0.0,0,,True
Q65953956,,2,Mto Kabiso,511,0.0,0,,True
Q65953701,Kafu,2,Mto Kafu (Rubirizi),514,0.0,0,,True
Q65953703,,2,Mto Kakali,514,0.0,0,,True
Q65953626,,2,Mto Kakogo,511,0.0,0,,True
Q65953634,Kasaiga,2,Mto Kasaiga,549,0.0,0,,True
Q65953406,,2,Mto Kitera,514,0.0,0,,True
Q65953971,,2,Mto Kyahenda,511,0.0,0,,True
Q65953408,,2,Mto Kyawampuro,514,0.0,0,,True
Q65953781,,2,Mto Mihbyo,514,0.0,0,,True
Q65954091,,2,Mto Mijera,508,0.0,0,,True
Q65953797,,2,Mto Monjera,514,0.0,0,,True
Q65953818,,2,Mto Mpanga (Rubirizi),514,0.0,0,,True
Q65953644,,2,Mto Mugidi,511,0.0,0,,True
Q65953977,,2,Mto Muyanga (Buhweju),511,0.0,0,,True
Q65954092,,2,Mto Nchwezi,508,0.0,0,,True
Q65954067,,2,Mto Ndurumo (Uganda),511,0.0,0,,True
Q65953672,,2,Mto Ngisi,511,0.0,0,,True
Q65953871,,2,Mto Ngoro (Uganda),514,0.0,0,,True
Q65953409,,2,Mto Nkonge (Uganda),514,0.0,0,,True
Q65953673,,2,Mto Nyabituju,511,0.0,0,,True
Q65953674,,2,Mto Nyaburogo,511,0.0,0,,True
Q65953675,,2,Mto Nyabusokoma,511,0.0,0,,True
Q65954068,,2,Mto Nyagoma,511,0.0,0,,True
Q65953413,,2,Mto Nyamasekere,514,0.0,0,,True
Q65953678,,2,Mto Nyamihwa,511,0.0,0,,True
Q65953898,,2,Mto Nyamweru (Rubirizi),561,0.0,0,,True
Q65953415,,2,Mto Nyansori,514,0.0,0,,True
Q65947048,,2,Mto Titi (Uganda),523,0.0,0,,True
Q65966188,,2,Mto Kafauta,558,0.0,0,,True
Q66123434,,2,Mto Kafuwaluwa,510,0.0,0,,True
Q65966190,,2,Mto Kagonjo,508,0.0,0,,True
Q65966191,,2,Mto Kairira,508,0.0,0,,True
Q66119649,,2,Mto Kamalenge (Uganda),513,0.0,0,,True
Q66119653,,2,Mto Kamamba (Uganda),513,0.0,0,,True
Q66133956,,2,Mto Kinyanyo,510,0.0,0,,True
Q66134014,,2,Mto Kitambwa,510,0.0,0,,True
Q66134020,,2,Mto Kitanti,510,0.0,0,,True
Q65966207,Kitokolo,2,Mto Kitokolo,508,0.0,0,,True
Q66134025,,2,Mto Kiwembo,510,0.0,0,,True
Q66119682,,2,Mto Kiye (Mubende),513,0.0,0,,True
Q65966208,,2,Mto Kizinda,508,0.0,0,,True
Q65966209,,2,Mto Kyabalende,508,0.0,0,,True
Q66134028,,2,Mto Kyambade,510,0.0,0,,True
Q65966213,,2,Mto Kyamunwe,558,0.0,0,,True
Q66134036,,2,Mto Kyeruza,510,0.0,0,,True
Q65966216,,2,Mto Kyogo,508,0.0,0,,True
Q66134099,,2,Mto Matumbwe,510,0.0,0,,True
Q65966734,,2,Mto Mazilmaka,508,0.0,0,,True
Q65966735,,2,Mto Mobugwe,508,0.0,0,,True
Q66134578,,2,Mto Mpwa,510,0.0,0,,True
Q65966736,,2,Mto Mubeya,558,0.0,0,,True
Q66119698,,2,Mto Mugaja,513,0.0,0,,True
Q65966739,,2,Mto Musamya,600,0.0,0,,True
Q65966742,,2,Mto Mutanzige,508,0.0,0,,True
Q65966745,,2,Mto Muutwe,508,0.0,0,,True
Q66119701,,2,Mto Muzinda,513,0.0,0,,True
Q66134580,,2,Mto Mwola,510,0.0,0,,True
Q65966746,,2,Mto Naava,508,0.0,0,,True
Q66119704,,2,Mto Nabakazi,513,0.0,0,,True
Q66134581,,2,Mto Nabangobe,510,0.0,0,,True
Q66119708,,2,Mto Nabisisi,513,0.0,0,,True
Q66134584,,2,Mto Nabiyagi,510,0.0,0,,True
Q66134585,,2,Mto Nabulamba,510,0.0,0,,True
Q66134587,,2,Mto Nakabube,510,0.0,0,,True
Q66134588,,2,Mto Nakalaga,510,0.0,0,,True
Q66134593,,2,Mto Nakanya,510,0.0,0,,True
Q66134594,,2,Mto Nakasagazi,510,0.0,0,,True
Q66134595,,2,Mto Nakatutire,510,0.0,0,,True
Q65966749,,2,Mto Nakawali,508,0.0,0,,True
Q65966750,,2,Mto Nakibengo,558,0.0,0,,True
Q65966752,,2,Mto Nakibuli,508,0.0,0,,True
Q65966753,,2,Mto Nakimbolede,508,0.0,0,,True
Q66134597,,2,Mto Nakingu,510,0.0,0,,True
Q66119712,,2,Mto Namwasa,513,0.0,0,,True
Q65954071,,2,Mto Nyungu (Uganda),511,0.0,0,,True
Q65953918,,2,Mto Tiama (Uganda),514,0.0,0,,True
Q66119716,,2,Mto Tyabira,513,0.0,0,,True
Q66119719,,2,Mto Wabirombe,513,0.0,0,,True
Q66088120,Hema,2,Mto Hema,648,0.0,0,,True
Q66214823,,2,Mto Kabale (Nakaseke),516,0.0,0,,True
Q66103145,,2,Mto Kabatakumi,508,0.0,0,,True
Q66088123,,2,Mto Kabikokwa,650,0.0,0,,True
Q66088126,,2,Mto Kadebede (Kibaale),650,0.0,0,,True
Q66103383,,2,Mto Kagaga (Lyantonde),517,0.0,0,,True
Q66103765,,2,Mto Kagembe,513,0.0,0,,True
Q66103278,,2,Mto Kagoye (Luweero),511,0.0,0,,True
Q66088130,,2,Mto Kahomba (Uganda),650,0.0,0,,True
Q66088131,,2,Mto Kajubia,650,0.0,0,,True
Q66088132,,2,Mto Kakagusa,650,0.0,0,,True
Q66088134,,2,Mto Kamira (Kibaale),650,0.0,0,,True
Q66103801,,2,Mto Kinyambala,513,0.0,0,,True
Q66095778,,2,Mto Masagi,650,0.0,0,,True
Q66095781,,2,Mto Masiba,650,0.0,0,,True
Q66103825,,2,Mto Mate (Uganda),513,0.0,0,,True
Q66103843,,2,Mto Mayanja Waswa,513,0.0,0,,True
Q66095782,,2,Mto Mbaya (Uganda),650,0.0,0,,True
Q66095784,,2,Mto Miginga,650,0.0,0,,True
Q66095785,,2,Mto Mpamba (Uganda),650,0.0,0,,True
Q66103442,,2,Mto Mugogo (Uganda),519,0.0,0,,True
Q66103850,,2,Mto Mugoja,513,0.0,0,,True
Q66103618,,2,Mto Mujuzi,560,0.0,0,,True
Q66095786,,2,Mto Musega,650,0.0,0,,True
Q66095787,,2,Mto Mususu (Uganda),650,0.0,0,,True
Q66095789,,2,Mto Mutungulu (Uganda),650,0.0,0,,True
Q66103870,,2,Mto Muyobozi,513,0.0,0,,True
Q66095793,,2,Mto Nabiko,650,0.0,0,,True
Q66095796,,2,Mto Nabisayi,650,0.0,0,,True
Q66095800,,2,Mto Nabisonko,650,0.0,0,,True
Q66134600,,2,Mto Nakiyanja,510,0.0,0,,True
Q66134605,,2,Mto Nakkumbo,510,0.0,0,,True
Q66134613,,2,Mto Namamiya,510,0.0,0,,True
Q66134614,,2,Mto Namanve,510,0.0,0,,True
Q66134619,,2,Mto Namatta,510,0.0,0,,True
Q66134625,,2,Mto Namboga,510,0.0,0,,True
Q66134626,,2,Mto Namfuko,510,0.0,0,,True
Q66134628,,2,Mto Namokomo,510,0.0,0,,True
Q66134630,,2,Mto Namuntu,510,0.0,0,,True
Q66134633,,2,Mto Namuzingole,510,0.0,0,,True
Q66134634,,2,Mto Namyoya,510,0.0,0,,True
Q66134636,,2,Mto Nanyonga,560,0.0,0,,True
Q66134641,,2,Mto Natonka,510,0.0,0,,True
Q66134654,,2,Mto Natyaba,510,0.0,0,,True
Q66134666,,2,Mto Njogezi,510,0.0,0,,True
Q66134684,,2,Mto Nsomere,510,0.0,0,,True
Q66134696,,2,Mto Ntakasukwa,510,0.0,0,,True
Q66134743,,2,Mto Wabuyimba,510,0.0,0,,True
Q66134757,,2,Mto Wadola,510,0.0,0,,True
Q66134802,,2,Mto Zirimiti,510,0.0,0,,True
Q66119607,,2,Mto Kabale (Mubende),513,0.0,0,,True
Q66219676,,2,Mto Kabale (Rakai),507,0.0,0,,True
Q66119611,,2,Mto Kabalu,513,0.0,0,,True
Q66119619,,2,Mto Kabolokota (Mubende),513,0.0,0,,True
Q66214944,,2,Mto Kabugabuga (Nakaseke),516,0.0,0,,True
Q66119624,,2,Mto Kachungiro,513,0.0,0,,True
Q66119628,,2,Mto Kageye (Mubende),511,0.0,0,,True
Q66219806,,2,Mto Kagonga,507,0.0,0,,True
Q66214996,,2,Mto Kagoye (Nakaseke),516,0.0,0,,True
Q66216263,,2,Mto Kakomo,525,0.0,0,,True
Q66220726,,2,Mto Kaku (Uganda),531,0.0,0,,True
Q66119645,,2,Mto Kakumiro,513,0.0,0,,True
Q66119546,,2,Mto Kalungi (Mpigi),505,0.0,0,,True
Q66216335,,2,Mto Kambu (Uganda),525,0.0,0,,True
Q66215235,,2,Mto Kyakabugumire,516,0.0,0,,True
Q66215261,,2,Mto Kyewama,516,0.0,0,,True
Q66215305,,2,Mto Mudagado,516,0.0,0,,True
Q66222484,,2,Mto Muguswa,507,0.0,0,,True
Q66217838,,2,Mto Mukana (Nakasongola),525,0.0,0,,True
Q66217994,,2,Mto Mukote,525,0.0,0,,True
Q66215333,,2,Mto Mulika (Uganda),516,0.0,0,,True
Q66222527,,2,Mto Mutaba,507,0.0,0,,True
Q66222564,,2,Mto Muzira,507,0.0,0,,True
Q66119512,,2,Mto Nabajegele,513,0.0,0,,True
Q66215388,,2,Mto Nabisembe,516,0.0,0,,True
Q66215411,,2,Mto Nabisogyo,516,0.0,0,,True
Q66095803,,2,Mto Nabutondo,650,0.0,0,,True
Q66119517,,2,Mto Nakatongoli,513,0.0,0,,True
Q66218016,,2,Mto Nakazaha,525,0.0,0,,True
Q66119566,,2,Mto Nakietema,507,0.0,0,,True
Q66095806,,2,Mto Nakigezi,650,0.0,0,,True
Q66103631,,2,Mto Nakitondo,510,0.0,0,,True
Q66215437,,2,Mto Nalugaga,516,0.0,0,,True
Q66119569,,2,Mto Namaya (Uganda),507,0.0,0,,True
Q66218043,,2,Mto Nampera (Uganda),525,0.0,0,,True
Q66095808,,2,Mto Namposo,650,0.0,0,,True
Q66103305,,2,Mto Namunyaga,513,0.0,0,,True
Q66218568,,2,Mto Namwanga,525,0.0,0,,True
Q66119520,,2,Mto Nana (Uganda),513,0.0,0,,True
Q66103308,,2,Mto Nayasandeku,513,0.0,0,,True
Q66218134,,2,Mto Ndala (Uganda),525,0.0,0,,True
Q66119524,,2,Mto Nyanzi (Uganda),513,0.0,0,,True
Q66095817,,2,Mto Orichinga,650,0.0,0,,True
Q66218290,,2,Mto Sangula (Uganda),525,0.0,0,,True
Q66119527,,2,Mto Sikyogere,513,0.0,0,,True
Q66215462,,2,Mto Towa (Uganda),516,0.0,0,,True
Q66218424,,2,Mto Wabigoli,525,0.0,0,,True
Q66218457,,2,Mto Wabitosi,525,0.0,0,,True
Q66218485,,2,Mto Waimwe,525,0.0,0,,True
Q66215516,,2,Mto Zambi (Uganda),516,0.0,0,,True
Q66311025,,2,Mto Galagala,430,0.0,0,,True
Q66305415,,2,Mto Kabona (Uganda),517,0.0,0,,True
Q66305421,,2,Mto Kabuye (Uganda),517,0.0,0,,True
Q66305505,,2,Mto Kakira,510,0.0,0,,True
Q66305508,,2,Mto Kaliddubi,510,0.0,0,,True
Q65967287,,2,Mto Kurira,560,0.0,0,,True
Q66305550,,2,Mto Kyengera,510,0.0,0,,True
Q66305464,,2,Mto Mitima,519,0.0,0,,True
Q66305558,,2,Mto Mpulidekamenya,510,0.0,0,,True
Q65967250,,2,Mto Nabajuzi,528,0.0,0,,True
Q66222608,,2,Mto Nakafunju,507,0.0,0,,True
Q66305562,,2,Mto Nakalongosa,510,0.0,0,,True
Q66222651,,2,Mto Nakanyerera,507,0.0,0,,True
Q65967253,,2,Mto Nakayiba,528,0.0,0,,True
Q66305566,,2,Mto Nakidudumo,510,0.0,0,,True
Q66305568,,2,Mto Nakindiba,510,0.0,0,,True
Q65966755,,2,Mto Nakinyogoga,558,0.0,0,,True
Q65966756,,2,Mto Nakiza,558,0.0,0,,True
Q65966758,,2,Mto Nakulusuga,508,0.0,0,,True
Q66305573,,2,Mto Nakyeke,510,0.0,0,,True
Q65966760,,2,Mto Nakyeyendo,508,0.0,0,,True
Q66305576,,2,Mto Naluboga,510,0.0,0,,True
Q66222697,,2,Mto Naludugavu,507,0.0,0,,True
Q66305586,,2,Mto Nalukolongo,510,0.0,0,,True
Q66305588,,2,Mto Namagombe,510,0.0,0,,True
Q65966788,,2,Mto Namawundo,510,0.0,0,,True
Q65966789,,2,Mto Nampewo,510,0.0,0,,True
Q66305590,,2,Mto Namugambwa,510,0.0,0,,True
Q65966792,,2,Mto Namunda,560,0.0,0,,True
Q65966794,,2,Mto Namunyomba,510,0.0,0,,True
Q65966796,,2,Mto Namunywa,560,0.0,0,,True
Q65966800,,2,Mto Namyena,510,0.0,0,,True
Q65966803,,2,Mto Nanti,510,0.0,0,,True
Q66222804,,2,Mto Naruzinna,570,0.0,0,,True
Q66305591,,2,Mto Nasere,510,0.0,0,,True
Q65966805,,2,Mto Nawataka,510,0.0,0,,True
Q65966806,,2,Mto Nazinjenje,510,0.0,0,,True
Q65966809,,2,Mto Ndabozi,510,0.0,0,,True
Q65966810,,2,Mto Nkinze,510,0.0,0,,True
Q65966815,,2,Mto Nkuse,510,0.0,0,,True
Q66305597,,2,Mto Nokazi,510,0.0,0,,True
Q66305602,,2,Mto Nsawa,510,0.0,0,,True
Q66305606,,2,Mto Nyanjerade,510,0.0,0,,True
Q66305609,,2,Mto Sekituule,510,0.0,0,,True
Q66305610,,2,Mto Senjovu,510,0.0,0,,True
Q66305613,,2,Mto Serinyabi,510,0.0,0,,True
Q66305621,,2,Mto Tugavune,510,0.0,0,,True
Q66305625,,2,Mto Tuyanyi,510,0.0,0,,True
Q66305634,,2,Mto Wabikere,510,0.0,0,,True
Q66305636,,2,Mto Wabisaki,510,0.0,0,,True
Q66002680,,2,Mto Jugula,603,0.0,0,,True
Q66018403,,2,Mto Kabuka (Uganda),513,0.0,0,,True
Q65946892,,2,Mto Kadandali,523,0.0,0,,True
Q66018411,Kafu,2,Mto Kafu (Kalungu),561,0.0,0,,True
Q66018426,,2,Mto Kakinga (Kiboga),510,0.0,0,,True
Q65946921,,2,Mto Kakwata,523,0.0,0,,True
Q66018520,,2,Mto Kitumbi,522,0.0,0,,True
Q66018431,,2,Mto Kivu (Uganda),510,0.0,0,,True
Q66002887,,2,Mto Kiwuunya,513,0.0,0,,True
Q66002936,,2,Mto Kyabatola,513,0.0,0,,True
Q65946936,,2,Mto Kyabirinkamba,523,0.0,0,,True
Q65946942,,2,Mto Kyankulu,523,0.0,0,,True
Q65946944,,2,Mto Kyebagira (Kiryandongo),523,0.0,0,,True
Q66002986,,2,Mto Kyetinda,646,0.0,0,,True
Q66438540,,2,Mto Manga (Uganda),429,0.0,0,,True
Q66438560,,2,Mto Maroa (Uganda),429,0.0,0,,True
Q66439293,,2,Mto Mayanja (Mubende),488,0.0,0,,True
Q66439299,,2,Mto Mbuza,429,0.0,0,,True
Q66439302,,2,Mto Merita,429,0.0,0,,True
Q66439304,,2,Mto Mitano,429,0.0,0,,True
Q66439306,,2,Mto Mpologoma,429,0.0,0,,True
Q66439309,,2,Mto Mpongo (Uganda),419,0.0,0,,True
Q66439312,,2,Mto Mubitakalwuto,417,0.0,0,,True
Q66018412,,2,Mto Mugumba,513,0.0,0,,True
Q65946984,,2,Mto Murchison (Kiryandongo),523,0.0,0,,True
Q66003126,,2,Mto Nabisasiro,513,0.0,0,,True
Q66003148,,2,Mto Nakamiro,513,0.0,0,,True
Q66018435,,2,Mto Nakayenga,510,0.0,0,,True
Q65946993,,2,Mto Nanda (Kiryandongo),523,0.0,0,,True
Q66018523,,2,Mto Nankende,522,0.0,0,,True
Q65967289,,2,Mto Nondege,560,0.0,0,,True
Q65966816,,2,Mto Nsiye,510,0.0,0,,True
Q66003169,,2,Mto Nsooba,513,0.0,0,,True
Q65966817,,2,Mto Ntimve,510,0.0,0,,True
Q66018524,,2,Mto Nyabirago (Kyankwanzi),522,0.0,0,,True
Q65947000,,2,Mto Nyakasenyi (Kiryandongo),523,0.0,0,,True
Q65947005,,2,Mto Nyakinombe,523,0.0,0,,True
Q65947008,,2,Mto Nyakisenyi,523,0.0,0,,True
Q65947013,,2,Mto Nyama (Kiryandongo),523,0.0,0,,True
Q65947021,,2,Mto Nyamuku,523,0.0,0,,True
Q66018533,,2,Mto Nzibirira,522,0.0,0,,True
Q65947036,,2,Mto Sambiye (Kiryandongo),523,0.0,0,,True
Q65988800,,2,Mto Sembula,507,0.0,0,,True
Q65967292,,2,Mto Semoka,560,0.0,0,,True
Q65947042,,2,Mto Siriba,523,0.0,0,,True
Q66003215,,2,Mto Vubyabilenge,513,0.0,0,,True
Q65966838,,2,Mto Vulu,560,0.0,0,,True
Q65966829,,2,Mto Wabuuka,510,0.0,0,,True
Q66439315,,2,Mto Muchilmakat,452,0.0,0,,True
Q66451421,,2,Mto Mugoya,427,0.0,0,,True
Q66451424,,2,Mto Mukekemya,419,0.0,0,,True
Q66451425,,2,Mto Mukondo (Uganda),441,0.0,0,,True
Q66451653,Mulungu,2,Mto Mulungu (Uganda),612,0.0,0,,True
Q66478711,,2,Mto Munobwa,427,0.0,0,,True
Q66479184,,2,Mto Murchison (Buliisa),427,0.0,0,,True
Q66479246,,2,Mto Mushakira,427,0.0,0,,True
Q66479383,,2,Mto Nabutiti,417,0.0,0,,True
Q66479450,,2,Mto Nadiang,427,0.0,0,,True
Q66479494,,2,Mto Nagaduma,427,0.0,0,,True
Q66479560,,2,Mto Naianet,427,0.0,0,,True
Q66479621,,2,Mto Nakabimba,417,0.0,0,,True
Q66479680,,2,Mto Nakachacharay,427,0.0,0,,True
Q66479721,,2,Mto Nakalija,427,0.0,0,,True
Q66479782,,2,Mto Nakasasa,417,0.0,0,,True
Q66479859,,2,Mto Nakate,427,0.0,0,,True
Q66479970,,2,Mto Nakatoko,427,0.0,0,,True
Q66480054,Namatala,2,Mto Namalala (Uganda),427,0.0,0,,True
Q66480103,,2,Mto Namasaba,417,0.0,0,,True
Q66480350,,2,Mto Nampwera,519,0.0,0,,True
Q66480451,,2,Mto Namtin,429,0.0,0,,True
Q66480519,,2,Mto Nansiki,451,0.0,0,,True
Q66480528,,2,Mto Nasabyeda,419,0.0,0,,True
Q66480532,,2,Mto Nashibiso,429,0.0,0,,True
Q66480538,,2,Mto Natese,429,0.0,0,,True
Q66480543,,2,Mto Nawapeto,429,0.0,0,,True
Q66480596,,2,Mto Nonve,419,0.0,0,,True
Q66480626,,2,Mto Nsanga (Uganda),429,0.0,0,,True
Q66480635,,2,Mto Ntunga (Ibanda),516,0.0,0,,True
Q66480639,,2,Mto Nyabukoni,429,0.0,0,,True
Q66438478,,2,Mto Nyakyasi,505,0.0,0,,True
Q66438480,,2,Mto Nyalika,505,0.0,0,,True
Q66480827,,2,Mto Nyamagabo,429,0.0,0,,True
Q66438481,,2,Mto Nyamalobe,505,0.0,0,,True
Q66438483,,2,Mto Nyamasenge,505,0.0,0,,True
Q66438485,,2,Mto Nyamasoga,550,0.0,0,,True
Q66438488,,2,Mto Nyamigaga,505,0.0,0,,True
Q66480829,,2,Mto Nyamikoka,429,0.0,0,,True
Q66438490,,2,Mto Nyamizi (Hoima),505,0.0,0,,True
Q66438491,,2,Mto Nyamwizi,505,0.0,0,,True
Q66438492,,2,Mto Nyangini,505,0.0,0,,True
Q66438494,,2,Mto Nyanseko,505,0.0,0,,True
Q66438496,,2,Mto Nyanswaswa,505,0.0,0,,True
Q66438502,,2,Mto Nyawangule,505,0.0,0,,True
Q66438505,,2,Mto Nyawentogolo,505,0.0,0,,True
Q66438508,,2,Mto Sansa (Uganda),505,0.0,0,,True
Q66438513,,2,Mto Sebugoro,550,0.0,0,,True
Q66438514,,2,Mto Waiga (Hoima),505,0.0,0,,True
Q66438515,,2,Mto Waigasa,505,0.0,0,,True
Q66384818,,2,Mto Kakoko (Uganda),430,0.0,0,,True
Q66384822,,2,Mto Kakula (Uganda),430,0.0,0,,True
Q66384826,,2,Mto Kakumbu,449,0.0,0,,True
Q66384869,,2,Mto Kakurikitha,430,0.0,0,,True
Q66384872,,2,Mto Kalale,430,0.0,0,,True
Q66384878,,2,Mto Kalalo (Uganda),420,0.0,0,,True
Q66384881,,2,Mto Kalapar,430,0.0,0,,True
Q66384887,,2,Mto Kalunyiga,472,0.0,0,,True
Q66384895,,2,Mto Kamiranjoga,472,0.0,0,,True
Q66384896,,2,Mto Kamongmong,430,0.0,0,,True
Q66384898,,2,Mto Kamorumoru,430,0.0,0,,True
Q66385145,,2,Mto Kiterebu,430,0.0,0,,True
Q66385148,,2,Mto Kitoikawononi,430,0.0,0,,True
Q66385149,,2,Mto Kitomi,430,0.0,0,,True
Q66385150,,2,Mto Kitumbezi,430,0.0,0,,True
Q66480838,,2,Mto Nyarwodo,429,0.0,0,,True
Q66480843,,2,Mto Nyhanhaire,429,0.0,0,,True
Q66490794,,2,Mto Obele (Uganda),429,0.0,0,,True
Q66490811,,2,Mto Obim,429,0.0,0,,True
Q66490837,,2,Mto Obose,429,0.0,0,,True
Q66490867,,2,Mto Ocko,429,0.0,0,,True
Q66490884,,2,Mto Odruto,429,0.0,0,,True
Q66490915,,2,Mto Oluyubu,429,0.0,0,,True
Q66490940,,2,Mto Olworingu,429,0.0,0,,True
Q66490943,,2,Mto Olya,429,0.0,0,,True
Q66490949,,2,Mto Omuma,429,0.0,0,,True
Q66490950,,2,Mto Onyala,429,0.0,0,,True
Q66490951,,2,Mto Opuk,429,0.0,0,,True
Q66490953,,2,Mto Orama,429,0.0,0,,True
Q66490954,,2,Mto Orio,429,0.0,0,,True
Q66490962,,2,Mto Oromo (Lira),513,0.0,0,,True
Q66490976,,2,Mto Oruk,429,0.0,0,,True
Q66490979,,2,Mto Otertong,429,0.0,0,,True
Q66490982,,2,Mto Otiri,429,0.0,0,,True
Q66490984,,2,Mto Otok,429,0.0,0,,True
Q66491009,,2,Mto Panona,429,0.0,0,,True
Q66491106,,2,Mto Polli,429,0.0,0,,True
Q66491925,,2,Mto Semugabi,419,0.0,0,,True
Q66492101,,2,Mto Simitiu,429,0.0,0,,True
Q66492226,,2,Mto Simu (Uganda),429,0.0,0,,True
Q66492554,,2,Mto Siroko,429,0.0,0,,True
Q66492641,,2,Mto Sisi (Uganda),429,0.0,0,,True
Q66492834,,2,Mto Sisiwaki,429,0.0,0,,True
Q66493118,,2,Mto Siti (Uganda),429,0.0,0,,True
Q66493529,,2,Mto Tutui,429,0.0,0,,True
Q66493551,,2,Mto Udrua,429,0.0,0,,True
Q66493553,,2,Mto Wabinoga,429,0.0,0,,True
Q66493557,,2,Mto Wabisisi,429,0.0,0,,True
Q66493714,,2,Mto Zoliya,429,0.0,0,,True
Q66490946,,2,Ome (Uganda),429,0.0,0,,True
Q66311030,,2,Mto Gwayi (Uganda),430,0.0,0,,True
Q66311036,,2,Mto Hindagi,430,0.0,0,,True
Q66311040,,2,Mto Igobero,430,0.0,0,,True
Q66384775,,2,Mto Inve (Uganda),430,0.0,0,,True
Q66384776,,2,Mto Isu,430,0.0,0,,True
Q66384778,,2,Mto Juma (Uganda),430,0.0,0,,True
Q66384779,,2,Mto Jwamba,430,0.0,0,,True
Q66385177,,2,Mto Kiyanja (Luweero),489,0.0,0,,True
Q66424606,,2,Mto Kizi,541,0.0,0,,True
Q66424612,,2,Mto Kiziri,419,0.0,0,,True
Q66424615,,2,Mto Kochill,429,0.0,0,,True
Q66424619,,2,Mto Kome (Uganda),429,0.0,0,,True
Q66424620,,2,Mto Komosingo,429,0.0,0,,True
Q66424625,,2,Mto Kukumba,521,0.0,0,,True
Q66424627,,2,Mto Kulukuro,429,0.0,0,,True
Q66424629,,2,Mto Kyakachwa,419,0.0,0,,True
Q66384815,,2,Mto Kyangago,451,0.0,0,,True
Q66424631,,2,Mto Kyankuzi,429,0.0,0,,True
Q66424635,,2,Mto Kyogya,419,0.0,0,,True
Q66424637,,2,Mto Lagot,429,0.0,0,,True
Q66424638,,2,Mto Lagwel,429,0.0,0,,True
Q66424642,,2,Mto Lakewula,429,0.0,0,,True
Q66424644,,2,Mto Latere,429,0.0,0,,True
Q66424647,,2,Mto Lauma,429,0.0,0,,True
Q66438433,,2,Mto Migwe,505,0.0,0,,True
Q66438435,,2,Mto Muburwe,550,0.0,0,,True
Q66438437,,2,Mto Muhwi,505,0.0,0,,True
Q66438441,,2,Mto Musanga (Uganda),505,0.0,0,,True
Q66438446,,2,Mto Naigogo,505,0.0,0,,True
Q66438448,,2,Mto Nawantogolo,505,0.0,0,,True
Q66438449,,2,Mto Ngema (Uganda),505,0.0,0,,True
Q66438458,,2,Mto Nyababiri,505,0.0,0,,True
Q66438460,,2,Mto Nyabago,505,0.0,0,,True
Q66438461,,2,Mto Nyabitabaga,505,0.0,0,,True
Q66438463,,2,Mto Nyabunyira,503,0.0,0,,True
Q66438466,,2,Mto Nyabutiti (Hoima),544,0.0,0,,True
Q66438467,,2,Mto Nyakabale (Hoima),505,0.0,0,,True
Q66438468,,2,Mto Nyakarariki,505,0.0,0,,True
Q66438470,,2,Mto Nyakasandala,505,0.0,0,,True
Q66438473,,2,Mto Nyakasenyi (Hoima),505,0.0,0,,True
Q66438474,,2,Mto Nyakibengo,505,0.0,0,,True
Q66438475,Nyakubale,2,Mto Nyakubale,543,0.0,0,,True
Q66384782,,2,Mto Kabasuma,420,0.0,0,,True
Q66384790,,2,Mto Kabobo (Uganda mpakani),430,0.0,0,,True
Q66384792,,2,Mto Kabugesa,430,0.0,0,,True
Q66384795,,2,Mto Kabuta (Uganda Kati),420,0.0,0,,True
Q66384797,,2,Mto Kachogogwa,430,0.0,0,,True
Q66384798,,2,Mto Kachwambeba,420,0.0,0,,True
Q66384799,,2,Mto Kadengele,430,0.0,0,,True
Q66384801,,2,Mto Kafo,430,0.0,0,,True
Q66384804,,2,Mto Kaija,470,0.0,0,,True
Q66384808,,2,Mto Kaitakono,430,0.0,0,,True
Q66384811,,2,Mto Kaiyape,430,0.0,0,,True
Q66384812,,2,Mto Kajura,430,0.0,0,,True
Q6930901,Mubuku,2,Mubuku,796,7833.0,0,10.2,True
Q6962120,Namulonge,2,Namulonge,951,6747.0,0,14.1,True
Q7089915,Ombaci,2,Ombaci,744,10328.0,0,7.2,True
Q8062180,Yuweh Island,2,Kisiwa cha Yuweh,480,102.0,0,470.6,True
Q84190837,Uganda at the 2019 African Beach Games,2,Uganda kwenye Michezo ya Ufukweni ya Afrika 2019,1165,2580.0,0,45.2,True
Q85749493,Bulo,2,"Bulo, Uganda",864,4670.0,0,18.5,True
Q85773274,Kabujogera,2,Kabujogera,955,8745.0,0,10.9,True
Q96385458,Kasusu,2,Kasusu,853,8720.0,0,9.8,True
Q96587189,Rukh-Shana Namuyimba,2,Rukh-Shana Namuyimba,3312,10467.0,0,31.6,False
Q96410609,Traditional and Modern Health Practitioners Together against AIDS,2,Traditional and Modern Health Practitioners Together against AIDS,2861,9480.0,0,30.2,False
Q91340046,William Wasswa,2,William Wasswa,4365,12281.0,0,35.5,False
Q111593645,Bugweri,1,Bugweri,353,0.0,0,,True
Q110974165,Phoebe Banura,1,Phoebe Banura,808,0.0,0,,True
Q110980332,Resty Nanziri,1,Resty Nanziri,866,0.0,0,,True
Q111678894,Gyaviira Mayanja Musoke,1,Gyaviira Musoke,2366,0.0,0,,False
Q111593658,Kakinga,1,Kakinga,582,0.0,0,,True
Q111593647,Kasanda,1,"Kasanda, Uganda",343,0.0,0,,True
Q133460267,Gloria Bugie,1,Gloria Bugie,4838,0.0,0,,False
Q138751111,Mk Timothy,1,Mk Timothy (mjasiriamali),2799,0.0,0,,False
Q138413546,Ricky Rapa Thomson,1,Ricky Rapa Thompson,989,0.0,0,,True
Q20604340,Anatoli Kiriggwajjo,1,Anatoli Kiriggwajjo,2312,0.0,0,,False
Q20605315,Mukasa Kiriwawanvu,1,Mukasa Kiriwawanvu,2307,0.0,0,,False
Q55063291,Achi,1,Jay K. Mulungi,10107,0.0,0,,False
Q61082251,Carolyne Ekyarisiima,1,Carolyne Ekyarisiima,12280,0.0,0,,False
Q65326291,,1,Maziwa Kitandara,404,0.0,0,,True
Q65326306,,1,Mto Kazinga (Uganda),465,0.0,0,,True
Q65326308,,1,Mto Lwalakwar,475,0.0,0,,True
Q65325963,,1,Mto Rubongi,386,0.0,0,,True
Q65325969,,1,Mto Sabi,398,0.0,0,,True
Q65325975,,1,Mto Samba (Manafwa),387,0.0,0,,True
Q65325978,,1,Mto Samba (Tororo),386,0.0,0,,True
Q65325998,,1,Mto Tinga (Tororo),386,0.0,0,,True
Q65326325,,1,Nile ya Viktoria,598,0.0,0,,True
Q65326328,,1,Orodha ya mito ya wilaya ya Abim,546,0.0,0,,True
Q65326330,,1,Orodha ya mito ya wilaya ya Adjumani,1565,0.0,0,,True
Q65326332,,1,Orodha ya mito ya wilaya ya Agago,1385,0.0,0,,True
Q65326334,,1,Orodha ya mito ya wilaya ya Alebtong,437,0.0,0,,True
Q65326336,,1,Orodha ya mito ya wilaya ya Amolatar,617,0.0,0,,True
Q65326339,,1,Orodha ya mito ya wilaya ya Amudat,521,0.0,0,,True
Q65326035,,1,Orodha ya mito ya wilaya ya Amuria,646,0.0,0,,True
Q65326341,,1,Orodha ya mito ya wilaya ya Amuru,4081,0.0,0,,False
Q65326343,,1,Orodha ya mito ya wilaya ya Apac,639,0.0,0,,True
Q65326345,,1,Orodha ya mito ya wilaya ya Arua,2295,0.0,0,,False
Q65326038,,1,Orodha ya mito ya wilaya ya Budaka,444,0.0,0,,True
Q65326041,,1,Orodha ya mito ya wilaya ya Bududa,667,0.0,0,,True
Q65326050,,1,Orodha ya mito ya wilaya ya Bukwa,440,0.0,0,,True
Q65326055,,1,Orodha ya mito ya wilaya ya Bundibugyo,1407,0.0,0,,True
Q65326059,,1,Orodha ya mito ya wilaya ya Bushenyi,539,0.0,0,,True
Q65326062,,1,Orodha ya mito ya wilaya ya Busia,819,0.0,0,,True
Q65326349,,1,Orodha ya mito ya wilaya ya Gulu,3764,0.0,0,,False
Q65326071,,1,Orodha ya mito ya wilaya ya Hoima,2852,0.0,0,,False
Q65326073,,1,Orodha ya mito ya wilaya ya Iganga,1386,0.0,0,,True
Q65326076,,1,Orodha ya mito ya wilaya ya Jinja,480,0.0,0,,True
Q65326351,,1,Orodha ya mito ya wilaya ya Kaabong,3507,0.0,0,,False
Q65326079,,1,Orodha ya mito ya wilaya ya Kabale,1191,0.0,0,,True
Q65326082,,1,Orodha ya mito ya wilaya ya Kabarole,3751,0.0,0,,False
Q65326091,,1,Orodha ya mito ya wilaya ya Kamuli,575,0.0,0,,True
Q65326094,,1,Orodha ya mito ya wilaya ya Kamwenge,1375,0.0,0,,True
Q65326097,,1,Orodha ya mito ya wilaya ya Kanungu,1110,0.0,0,,True
Q65326100,,1,Orodha ya mito ya wilaya ya Kapchorwa,406,0.0,0,,True
Q65326103,,1,Orodha ya mito ya wilaya ya Kasese,1153,0.0,0,,True
Q65326106,,1,Orodha ya mito ya wilaya ya Katakwi,692,0.0,0,,True
Q65326109,,1,Orodha ya mito ya wilaya ya Kisoro,586,0.0,0,,True
Q65326353,,1,Orodha ya mito ya wilaya ya Kitgum,3125,0.0,0,,False
Q65326355,,1,Orodha ya mito ya wilaya ya Koboko,602,0.0,0,,True
Q65326359,,1,Orodha ya mito ya wilaya ya Kotido,783,0.0,0,,True
Q65326112,,1,Orodha ya mito ya wilaya ya Kumi,490,0.0,0,,True
Q65326114,,1,Orodha ya mito ya wilaya ya Kween,490,0.0,0,,True
Q65326363,,1,Orodha ya mito ya wilaya ya Lira,427,0.0,0,,True
Q65326117,,1,Orodha ya mito ya wilaya ya Luuka,466,0.0,0,,True
Q65326120,,1,Orodha ya mito ya wilaya ya Manafwa,1702,0.0,0,,True
Q65326365,,1,Orodha ya mito ya wilaya ya Maracha-Terego,791,0.0,0,,True
Q65326122,,1,Orodha ya mito ya wilaya ya Masindi,3241,0.0,0,,False
Q65326125,,1,Orodha ya mito ya wilaya ya Mayuge,1048,0.0,0,,True
Q65326128,,1,Orodha ya mito ya wilaya ya Mbale,800,0.0,0,,True
Q65326132,,1,Orodha ya mito ya wilaya ya Mbarara,558,0.0,0,,True
Q65326367,,1,Orodha ya mito ya wilaya ya Moroto,1163,0.0,0,,True
Q65326369,,1,Orodha ya mito ya wilaya ya Moyo,661,0.0,0,,True
Q65326371,,1,Orodha ya mito ya wilaya ya Nakapiripirit,1232,0.0,0,,True
Q65326135,,1,Orodha ya mito ya wilaya ya Namayingo,673,0.0,0,,True
Q65326137,,1,Orodha ya mito ya wilaya ya Namutumba,947,0.0,0,,True
Q65326139,,1,Orodha ya mito ya wilaya ya Napak,1136,0.0,0,,True
Q65326373,,1,Orodha ya mito ya wilaya ya Nebbi,1822,0.0,0,,True
Q65326141,,1,Orodha ya mito ya wilaya ya Ngora,396,0.0,0,,True
Q65326143,,1,Orodha ya mito ya wilaya ya Ntungamo,1051,0.0,0,,True
Q65326145,,1,Orodha ya mito ya wilaya ya Nwoya,1522,0.0,0,,True
Q65326147,,1,Orodha ya mito ya wilaya ya Pader,1925,0.0,0,,True
Q65326149,,1,Orodha ya mito ya wilaya ya Pallisa,469,0.0,0,,True
Q65326153,,1,Orodha ya mito ya wilaya ya Serere,397,0.0,0,,True
Q65326155,,1,Orodha ya mito ya wilaya ya Sironko,420,0.0,0,,True
Q65326156,,1,Orodha ya mito ya wilaya ya Soroti,693,0.0,0,,True
Q65326158,,1,Orodha ya mito ya wilaya ya Tororo,2040,0.0,0,,False
Q65326160,,1,Orodha ya mito ya wilaya ya Yumbe,1081,0.0,0,,True
Q65326162,,1,Orodha ya mito ya wilaya ya Zombo,810,0.0,0,,True
Q65326383,,1,Ovujo,347,0.0,0,,True
Q65326443,,1,Ziwa Adois,463,0.0,0,,True
Q65326447,,1,Ziwa Ajama,400,0.0,0,,True
Q65326449,,1,Ziwa Bagusa,365,0.0,0,,True
Q65326459,,1,Ziwa Bugondo,403,0.0,0,,True
Q65326461,,1,Ziwa Bugwagi,365,0.0,0,,True
Q65326463,,1,Ziwa Buhera,329,0.0,0,,True
Q65326465,,1,Ziwa Bujuku,329,0.0,0,,True
Q65326469,,1,Ziwa Bwara,403,0.0,0,,True
Q65326473,,1,Ziwa Chazhengye,400,0.0,0,,True
Q65326489,,1,Ziwa Gawa,406,0.0,0,,True
Q65326491,,1,Ziwa Geme,439,0.0,0,,True
Q65326495,,1,Ziwa Gigati,450,0.0,0,,True
Q65326515,,1,Ziwa Kabaka,329,0.0,0,,True
Q65326518,,1,Ziwa Kabaleka,400,0.0,0,,True
Q65326520,,1,Ziwa Kabarogi,365,0.0,0,,True
Q65326522,,1,Ziwa Kadiko,439,0.0,0,,True
Q65326526,,1,Ziwa Kaitabarogo,365,0.0,0,,True
Q65326530,,1,Ziwa Kamutebe,455,0.0,0,,True
Q65326536,,1,Ziwa Karitima,405,0.0,0,,True
Q65326538,,1,Ziwa Kariya,365,0.0,0,,True
Q65326540,,1,Ziwa Kasasa,405,0.0,0,,True
Q65326542,,1,Ziwa Katanda,365,0.0,0,,True
Q65326544,,1,Ziwa Katinda,365,0.0,0,,True
Q65326546,,1,Ziwa Katunga,365,0.0,0,,True
Q65329539,,1,Mlima Speke,657,0.0,0,,True
Q65326548,,1,Ziwa Kawi,439,0.0,0,,True
Q65326550,,1,Ziwa Kayanja,401,0.0,0,,True
Q65326552,,1,Ziwa Kayumbu,415,0.0,0,,True
Q65326556,,1,Ziwa Kerere,365,0.0,0,,True
Q65326558,,1,Ziwa Kikorongo,393,0.0,0,,True
Q65326560,,1,Ziwa Kiondo,464,0.0,0,,True
Q65326562,,1,Ziwa Kiretwa,405,0.0,0,,True
Q65326564,,1,Ziwa Kirkpatrick,399,0.0,0,,True
Q65326566,,1,Ziwa Kisengerwa,400,0.0,0,,True
Q65326570,,1,Ziwa Kitagata,443,0.0,0,,True
Q65326572,,1,Ziwa Kitandra,268,0.0,0,,True
Q65326580,,1,Ziwa Kizzi,401,0.0,0,,True
Q65326584,,1,Ziwa Kojweri,410,0.0,0,,True
Q65326588,,1,Ziwa Kyamwiga,365,0.0,0,,True
Q65326596,,1,Ziwa Lemwa,407,0.0,0,,True
Q65326602,,1,Ziwa Mabira,402,0.0,0,,True
Q65326606,,1,Ziwa Mahega,443,0.0,0,,True
Q65326608,,1,Ziwa Manywa,401,0.0,0,,True
Q65326618,,1,Ziwa Mishera,405,0.0,0,,True
Q65326620,,1,Ziwa Mitomi,401,0.0,0,,True
Q65326624,,1,Ziwa Muhorra,406,0.0,0,,True
Q65326628,,1,Ziwa Murabyo,365,0.0,0,,True
Q65326630,,1,Ziwa Murigamire,365,0.0,0,,True
Q65326635,,1,Ziwa Mutukura,404,0.0,0,,True
Q65326639,,1,Ziwa Mwamba,365,0.0,0,,True
Q65326641,,1,Ziwa Mwegenyi,365,0.0,0,,True
Q65326643,,1,Ziwa Nabigaga,409,0.0,0,,True
Q65326645,,1,Ziwa Nakasanda,406,0.0,0,,True
Q65326647,,1,Ziwa Nakatenga,400,0.0,0,,True
Q65326651,,1,Ziwa Namasajeri,409,0.0,0,,True
Q65326653,,1,Ziwa Nansonko,408,0.0,0,,True
Q65326661,,1,Ziwa Ndaiga Bay,402,0.0,0,,True
Q65326665,,1,Ziwa Nkugute,386,0.0,0,,True
Q65326672,,1,Ziwa Nshenyi,365,0.0,0,,True
Q65326676,,1,Ziwa Nyabikere,365,0.0,0,,True
Q65326678,,1,Ziwa Nyabikora,403,0.0,0,,True
Q65326680,,1,Ziwa Nyaguo,439,0.0,0,,True
Q65326682,,1,Ziwa Nyahirya,855,0.0,0,,True
Q65326684,,1,Ziwa Nyakisi,404,0.0,0,,True
Q65326686,,1,Ziwa Nyamirima,388,0.0,0,,True
Q65326688,,1,Ziwa Nyamiteza,365,0.0,0,,True
Q65326694,,1,Ziwa Nyanswiga,403,0.0,0,,True
Q65326697,,1,Ziwa Nyinabulita,404,0.0,0,,True
Q65326699,,1,Ziwa Nyinambuga,365,0.0,0,,True
Q65326701,,1,Ziwa Odwali,406,0.0,0,,True
Q65326703,,1,Ziwa Owapet,403,0.0,0,,True
Q65326705,,1,Ziwa Rubondo,405,0.0,0,,True
Q65326707,,1,Ziwa Ruma,405,0.0,0,,True
Q65326711,,1,Ziwa Saka,322,0.0,0,,True
Q65326713,,1,Ziwa Semere,406,0.0,0,,True
Q65325594,,1,Mto Age,386,0.0,0,,True
Q65325599,,1,Mto Akore (Napak),381,0.0,0,,True
Q65325616,,1,Mto Apeduru,511,0.0,0,,True
Q65325622,,1,Mto Bagoya,533,0.0,0,,True
Q65325636,,1,Mto Budale,383,0.0,0,,True
Q65325640,,1,Mto Budde,386,0.0,0,,True
Q65325643,,1,Mto Bugaga,525,0.0,0,,True
Q65325646,,1,Mto Bukumbi,386,0.0,0,,True
Q65325698,,1,Mto Igombe (Uganda),508,0.0,0,,True
Q65325704,,1,Mto Inini,533,0.0,0,,True
Q65325708,,1,Mto Itara,691,0.0,0,,True
Q65325711,,1,Mto Itoro,691,0.0,0,,True
Q65325714,,1,Mto Kaborogota,569,0.0,0,,True
Q65325730,Kahama,1,Mto Kahama,533,0.0,0,,True
Q65325735,,1,Mto Kaitanjojo,531,0.0,0,,True
Q65325739,,1,Mto Kaitanjojo (korongo),569,0.0,0,,True
Q65325742,,1,Mto Kanginima,508,0.0,0,,True
Q65325751,,1,Mto Kasenyi (Kabarole),531,0.0,0,,True
Q65325758,,1,Mto Kasere,531,0.0,0,,True
Q65325760,,1,Mto Kasoma,531,0.0,0,,True
Q65325766,,1,Mto Kibonwa,531,0.0,0,,True
Q65325771,,1,Mto Kiliba (Uganda),515,0.0,0,,True
Q65325774,,1,Mto Kilongo,392,0.0,0,,True
Q65325777,,1,Mto Kira,386,0.0,0,,True
Q65325780,,1,Mto Kiriba (Kabarole),529,0.0,0,,True
Q65325783,,1,Mto Kitoba,531,0.0,0,,True
Q65325786,,1,Mto Kitoma,531,0.0,0,,True
Q65325789,,1,Mto Kitoto,386,0.0,0,,True
Q65325798,,1,Mto Kokoro,384,0.0,0,,True
Q65325801,,1,Mto Kolikoli,386,0.0,0,,True
Q65325804,,1,Mto Kufu (Uganda),389,0.0,0,,True
Q65325807,,1,Mto Kura,386,0.0,0,,True
Q65325819,,1,Mto Laso,389,0.0,0,,True
Q65325822,,1,Mto Loro,386,0.0,0,,True
Q65325825,,1,Mto Lundu (Uganda),389,0.0,0,,True
Q65325828,,1,Mto Makara,531,0.0,0,,True
Q65325831,,1,Mto Makina,383,0.0,0,,True
Q65325834,,1,Mto Mangara,389,0.0,0,,True
Q65325837,,1,Mto Matiba,531,0.0,0,,True
Q65325845,,1,Mto Mboti,398,0.0,0,,True
Q65325848,,1,Mto Mbula,386,0.0,0,,True
Q65325863,,1,Mto Mobo,386,0.0,0,,True
Q65325872,,1,Mto Mpande (Namutumba),395,0.0,0,,True
Q65325878,,1,Mto Mukuju,386,0.0,0,,True
Q65325881,,1,Mto Murongo,383,0.0,0,,True
Q65325884,,1,Mto Musas,386,0.0,0,,True
Q65325887,,1,Mto Nabulongwe,389,0.0,0,,True
Q65325896,,1,Mto Namawanga (Uganda),511,0.0,0,,True
Q65325899,,1,Mto Nambara (Uganda),389,0.0,0,,True
Q65325908,,1,Mto Namugombe,386,0.0,0,,True
Q65325915,,1,Mto Nangwe,383,0.0,0,,True
Q65325921,,1,Mto Nekoshe,383,0.0,0,,True
Q65325927,,1,Mto Nghambi,392,0.0,0,,True
Q65325933,,1,Mto Njuguta,531,0.0,0,,True
Q65325936,,1,Mto Nkowe,528,0.0,0,,True
Q65325939,,1,Mto Nyabuhira (Uganda),565,0.0,0,,True
Q65325942,,1,Mto Nyakabale (Kamwenge),529,0.0,0,,True
Q65325945,,1,Mto Nyamiko,569,0.0,0,,True
Q65325948,,1,Mto Nyaruru,398,0.0,0,,True
Q65325951,,1,Mto Opule,386,0.0,0,,True
Q96475187,Achola Rosario,1,Achola Rosario,3693,0.0,0,,False
Q97257819,Kasulu,1,Mto Kasulu,386,0.0,0,,True
Q97487779,Madi-Okollo District,1,Wilaya ya Madi-Okollo,1368,0.0,0,,True
