qitem,label,en_title,sitelink_count,views,priority,type_labels,num_strategies,strategies
Q3392,Nile,Nile,245,401934,100.0,river,1,country_wd
Q23538,equator,Equator,164,164530,100.0,"circle of latitude, great circle, equator",1,country_wd
Q7838,Swahili,Swahili,209,148952,99.9,"natural language, macrolanguage, literary language",1,country_wd
Q87982,African Great Lakes,African Great Lakes,92,73527,99.9,group of lakes,1,country_wd
Q81591,Great Rift Valley,Great Rift Valley,87,96982,99.9,graben,1,country_wd
Q193092,Tutsi,Tutsi,68,167713,99.9,ethnic group,2,country_wd|ethnic_group_wd
Q4814791,White Nile,White Nile,89,49323,99.8,river,1,country_wd
Q103037,National flag of Uganda,Flag of Uganda,62,37234,99.8,national flag,3,country_wd|keyword_title|part_of_wd
Q932289,Congo Basin,Congo Basin,46,62093,99.8,drainage basin,1,country_wd
Q108462,Lord's Resistance Army,Lord's Resistance Army,42,127927,99.8,"religious organization, terrorist organization, guerrilla organization",2,country_wd|keyword_title
Q318413,Yonatan Netanyahu,Yonatan Netanyahu,37,395978,99.8,human,1,birth_death_wd
Q139821980,2026 Ituri Province Ebola epidemic,2026 Ebola epidemic,35,337975,99.8,"disease outbreak, public health emergency of international concern",1,country_wd
Q106540,Rwenzori Mountains,Rwenzori Mountains,59,28596,99.7,mountain range,1,country_wd
Q17403005,Joshua Cheptegei,Joshua Cheptegei,42,42463,99.7,human,2,birth_death_wd|citizenship_wd
Q586065,Entebbe International Airport,Entebbe International Airport,40,41049,99.7,"international airport, airport, commercial traffic aerodrome",2,country_wd|keyword_title
Q987355,English-speaking world,English-speaking world,33,148495,99.7,"language area, language community, group of humans",1,country_wd
Q372613,Phill Lewis,Phill Lewis,32,171826,99.7,human,2,birth_death_wd|citizenship_wd
Q33583,Kirundi,Kirundi,86,16286,99.6,"natural language, modern language",1,country_wd
Q4598,Ugandan shilling,Ugandan shilling,56,19119,99.6,"currency, shilling, reserve currency",3,country_wd|keyword_title|part_of_wd
Q751607,Virunga Mountains,Virunga Mountains,45,16386,99.6,mountain range,1,country_wd
Q221666,Mount Stanley,Mount Stanley,44,18550,99.6,massif,1,country_wd
Q340581,Acholi people,Acholi people,37,27022,99.6,ethnic group,2,country_wd|keyword_title
Q56932,Kalenjin people,Kalenjin people,36,30494,99.6,ethnic group,1,country_wd
Q913972,Order of Friars Minor,Order of Friars Minor,32,47025,99.6,"mendicant order, organization",1,country_wd
Q112317318,2027 Africa Cup of Nations,2027 Africa Cup of Nations,20,371296,99.6,sports season,1,country_wd
Q2750140,Kagera River,Kagera River,65,9999,99.5,river,1,country_wd
Q732838,Mount Elgon,Mount Elgon,44,13612,99.5,"mountain, shield volcano",1,country_wd
Q112070734,2022–2023 mpox outbreak,2022–2023 mpox outbreak,42,15880,99.5,"disease outbreak, public health emergency of international concern",1,country_wd
Q1568935,Migingo Island,Migingo Island,25,31210,99.5,"lake island, disputed territory, Q111018943",1,country_wd
Q452024,Yusuf Lule,Yusuf Lule,24,25802,99.5,human,2,birth_death_wd|citizenship_wd
Q889912,Tooro Kingdom,Tooro Kingdom,21,73126,99.5,"realm, historical country",2,country_wd|keyword_title
Q731039,Mbarara City,Mbarara,44,9416,99.4,"city, administrative territorial entity, city of Uganda",2,country_wd|keyword_title
Q889897,Bunyoro,Bunyoro,22,19814,99.4,"realm, historical region, historical country",2,country_wd|keyword_title
Q496202,Movement for the Restoration of the Ten Commandments of God,Movement for the Restoration of the Ten Commandments of God,20,31221,99.4,free church,2,country_wd|keyword_title
Q108570,Coat of arms of Uganda,Coat of arms of Uganda,37,8323,99.3,national coat of arms,3,country_wd|keyword_title|part_of_wd
Q5220343,Danny Faure,Danny Faure,37,8853,99.3,human,1,birth_death_wd
Q1740785,Kibale National Park,Kibale National Park,26,14683,99.3,"human settlement, national park of Uganda",1,country_wd
Q538636,Ankole,Ankole,26,13782,99.3,historical country,2,country_wd|keyword_title
Q2395378,economy of Uganda,Economy of Uganda,22,15970,99.3,national economy,2,country_wd|keyword_title
Q50828855,African Continental Free Trade Area,African Continental Free Trade Area,22,16127,99.3,"agreement, free trade area",1,country_wd
Q55887234,2018–2020 Kivu Ebola epidemic,Kivu Ebola epidemic,21,19651,99.3,"epidemic, public health emergency of international concern",1,country_wd
Q500115,Uganda Railway,Uganda Railway,19,20913,99.3,railway line/metro line,2,country_wd|keyword_title
Q3119017,Ugandan Bush War,Ugandan Bush War,17,46090,99.3,civil war,2,country_wd|keyword_title
Q4207409,expulsion of Asians from Uganda,Expulsion of Asians from Uganda,16,86417,99.3,"deportation, forced displacement, persecution",2,country_wd|keyword_title
Q61989847,Sheila Atim,Sheila Atim,16,95196,99.3,human,2,birth_death_wd|citizenship_wd
Q124978,Lake Kyoga,Lake Kyoga,51,5917,99.2,polymictic lake,1,country_wd
Q2559188,Western Region,"Western Region, Uganda",38,5916,99.2,region of Uganda,2,country_wd|keyword_title
Q761083,Uganda Premier League,Uganda Premier League,24,8624,99.2,"association football competition, association football league, recurring sporting event",2,country_wd|keyword_title
Q951522,Scott Hicks,Scott Hicks (director),23,9636,99.2,human,1,birth_death_wd
Q438374,Banyarwanda,Banyarwanda,18,19498,99.2,ethnic group,1,country_wd
Q2559686,Northern Region,"Northern Region, Uganda",37,5057,99.1,region of Uganda,2,country_wd|keyword_title
Q429685,Central Region,"Central Region, Uganda",37,5138,99.1,region of Uganda,2,country_wd|keyword_title
Q445494,Shekhar Mehta,Shekhar Mehta,19,14401,99.1,human,2,birth_death_wd|citizenship_wd
Q2118355,Simon Kuper,Simon Kuper,18,15479,99.1,human,1,birth_death_wd
Q2840596,LGBT rights in Uganda,LGBTQ rights in Uganda,18,14868,99.1,LGBT rights by country or territory,2,country_wd|keyword_title
Q2559220,Eastern Region,"Eastern Region, Uganda",41,3662,99.0,region of Uganda,2,country_wd|keyword_title
Q1015699,Lira,"Lira, Uganda",35,4324,99.0,city,2,country_wd|keyword_title
Q1779750,Geography of Uganda,Geography of Uganda,26,5212,99.0,geography of geographic location,2,country_wd|keyword_title
Q918295,Emmanuel Wamala,Emmanuel Wamala,26,4883,99.0,human,2,birth_death_wd|citizenship_wd
Q1060862,Ssese Islands,Ssese Islands,23,6385,99.0,island group,1,country_wd
Q1602764,Mangbetu people,Mangbetu people,18,9861,99.0,ethnic group,1,country_wd
Q1701158,John Mugabi,John Mugabi,15,21153,99.0,human,2,birth_death_wd|citizenship_wd
Q34926,Acholi,Acholi dialect,30,4232,98.9,"natural language, modern language",2,country_wd|keyword_title
Q1281344,Teso people,Teso people,20,6462,98.9,"ethnic group, tribe",1,country_wd
Q101499718,2021 Ugandan general election,2021 Ugandan general election,17,10421,98.9,Ugandan general election,3,country_wd|keyword_title|part_of_wd
Q3076685,region of Uganda,Regions of Uganda,17,8433,98.9,,2,country_wd|keyword_title
Q691037,Busoga,Busoga,16,10716,98.9,"region, chiefdom, historical country",2,country_wd|keyword_title
Q14324339,Brandon Davies,Brandon Davies,15,17992,98.9,human,1,citizenship_wd
Q139236054,Ngogo chimpanzee war,Ngogo chimpanzee war,13,150446,98.9,"civil war, conflict",1,country_wd
Q1702,Stephen Kiprotich,Stephen Kiprotich,36,2890,98.8,human,2,birth_death_wd|citizenship_wd
Q200453,Bari people,Bari people,18,5083,98.8,ethnic group,1,country_wd
Q185549,Karamojong people,Karamojong people,17,6328,98.8,ethnic group,1,country_wd
Q20002690,Wakaliwood,Wakaliwood,15,14054,98.8,film studio,1,country_wd
Q1133743,Allied Democratic Forces,Allied Democratic Forces,13,34368,98.8,"armed organization, guerrilla organization",1,country_wd
Q2402758,Richard Gibson,Richard Gibson,13,32314,98.8,human,2,birth_death_wd|citizenship_wd
Q1273335,Mount Elgon National Park,Mount Elgon National Park,20,3976,98.7,national park,1,country_wd
Q965956,Nansana,Nansana,20,3715,98.7,human settlement,1,country_wd
Q35042,Bari,Bari language,18,4195,98.7,"language, modern language",2,country_wd|keyword_title
Q202353,Alur people,Alur people,16,6822,98.7,ethnic group,1,country_wd
Q267234,Shailesh Vara,Shailesh Vara,15,8256,98.7,human,1,birth_death_wd
Q43122,.ug,.ug,93,1544,98.6,country code top-level domain,1,country_wd
Q510152,Uganda at the Olympics,Uganda at the Olympics,33,2151,98.6,Olympic delegation,2,country_wd|keyword_title
Q511779,Mount Sabyinyo,Mount Sabyinyo,28,2292,98.6,"mountain, extinct volcano",1,country_wd
Q1277379,30th meridian east,30th meridian east,22,2470,98.6,meridian,1,country_wd
Q13207,Runyankole,Nkore language,19,2986,98.6,"natural language, modern language",2,country_wd|keyword_title
Q7877661,Uganda national cricket team,Uganda national cricket team,15,7154,98.6,national cricket team,2,country_wd|keyword_title
Q3261029,Nkole people,Nkole people,14,9110,98.6,ethnic group,1,country_wd
Q1792727,Kunyaza,Kunyaza,11,80447,98.6,human sexual behavior,1,country_wd
Q3345980,Ntare Mwine,Ntare Guma Mbaho Mwine,11,50754,98.6,human,1,citizenship_wd
Q1907120,Masindi,Masindi,21,2313,98.5,human settlement,2,country_wd|keyword_title
Q56507,Alur,Alur language,18,2938,98.5,"language, modern language",1,country_wd
Q470632,Savio Nsereko,Savio Nsereko,17,3507,98.5,human,1,birth_death_wd
Q5329451,East Sudanian Savanna,East Sudanian savanna,17,3386,98.5,WWF ecoregion,1,country_wd
Q3488894,Soga,Soga people,16,3997,98.5,"ethnic group, people",1,country_wd
Q4711890,Albertine Rift montane forests,Albertine Rift montane forests,15,4708,98.5,WWF ecoregion,1,country_wd
Q7973731,Water scarcity in Africa,Water scarcity in Africa,14,6684,98.5,human settlement,1,country_wd
Q1908107,matatu,Matatu,13,9733,98.5,bus-based transport system,1,country_wd
Q975894,Lugbara people,Lugbara people,13,12458,98.5,"ethnic group, tribe",1,country_wd
Q3074760,religion in Uganda,Religion in Uganda,11,21713,98.5,religion of an area,2,country_wd|keyword_title
Q65086967,,Uganda Airlines,11,24934,98.5,airline,2,country_wd|keyword_title
Q6357128,list of World Heritage Sites in Uganda,List of World Heritage Sites in Uganda,24,1852,98.4,Wikimedia list article,2,country_wd|keyword_title
Q2737438,Kazinga Channel,Kazinga Channel,18,2344,98.4,river,1,country_wd
Q33784,Soga,Soga language,18,2844,98.4,"natural language, language, modern language",1,country_wd
Q487912,Ripon Falls,Ripon Falls,16,3492,98.4,waterfall,1,country_wd
Q7877679,Ugandan cuisine,Ugandan cuisine,14,5081,98.4,national cuisine,2,country_wd|keyword_title
Q804430,Kiga people,Kiga people,14,6240,98.4,ethnic group,1,citizenship_wd
Q1363002,John Okello,John Okello,12,13385,98.4,human,2,birth_death_wd|citizenship_wd
Q1967703,National Resistance Army,National Resistance Army,12,11685,98.4,armed organization,1,country_wd
Q78424,Wilfried Böse,Wilfried Böse,10,31151,98.4,human,1,birth_death_wd
Q3067079,Uganda women's national football team,Uganda women's national football team,16,2781,98.3,"national association football team, women's national association football team",2,country_wd|keyword_title
Q492755,Moses Isegawa,Moses Isegawa,15,3519,98.3,human,2,birth_death_wd|citizenship_wd
Q36388,Nubi,Nubi language,14,4486,98.3,"creole, natural language, language",1,country_wd
Q6697142,administrative territorial entity of Uganda,Administrative divisions of Uganda,14,4549,98.3,,2,country_wd|keyword_title
Q2915867,Rift Valley lakes,Rift Valley lakes,12,8553,98.3,group of lakes,1,country_wd
Q3809108,John Brisker,John Brisker,12,9594,98.3,human,1,birth_death_wd
Q153557,Kakwa people,Kakwa people,11,14225,98.3,ethnic group,1,country_wd
Q23062600,Isaac Nabwana,Nabwana I.G.G.,11,10827,98.3,human,2,birth_death_wd|citizenship_wd
Q2391998,Koboko,Koboko,17,2089,98.2,human settlement,1,country_wd
Q88263719,2020 COVID-19 pandemic in Uganda,COVID-19 pandemic in Uganda,16,2290,98.2,disease outbreak,2,country_wd|keyword_title
Q3270727,Kiga,Kiga language,15,3011,98.2,"language, modern language",1,country_wd
Q895930,nodding disease,Nodding disease,15,2919,98.2,rare disease,1,country_wd
Q2887548,Nile basin,Nile Basin,12,7304,98.2,drainage basin,1,country_wd
Q7877723,cinema of Uganda,Cinema of Uganda,11,8701,98.2,cinema by country or region,2,country_wd|keyword_title
Q82373,Islam in Uganda,Islam in Uganda,11,9764,98.2,Islam of an area,2,country_wd|keyword_title
Q2065351,Paul Sherwen,Paul Sherwen,10,16619,98.2,human,1,birth_death_wd
Q116783438,Uganda at the 2024 Summer Olympics,Uganda at the 2024 Summer Olympics,23,1138,98.1,Olympic delegation,2,country_wd|keyword_title
Q838875,Mount Speke,Mount Speke,17,1629,98.1,mountain,1,country_wd
Q1429741,Semuliki National Park,Semuliki National Park,16,1828,98.1,national park of Uganda,1,country_wd
Q637228,Kalenjin,Kalenjin languages,13,4077,98.1,"language family, language, macrolanguage",1,country_wd
Q1709493,July 2010 Kampala attacks,2010 Kampala bombings,12,4522,98.1,suicide bombing,2,country_wd|keyword_title
Q6486904,languages of Uganda,Languages of Uganda,9,25567,98.1,languages of a country,2,country_wd|keyword_title
Q96758100,Salma Lakhani,Salma Lakhani,9,20463,98.1,human,2,birth_death_wd|citizenship_wd
Q42717997,Victor Kiplangat,Victor Kiplangat,22,1035,98.0,human,2,birth_death_wd|citizenship_wd
Q1186289,1st parallel north,1st parallel north,21,1067,98.0,circle of latitude,1,country_wd
Q1430399,ISO 3166-2:UG,ISO 3166-2:UG,21,1082,98.0,data set of a specific country,1,country_wd
Q2267729,Mityana,Mityana,15,2152,98.0,human settlement,1,country_wd
Q29474,Teso,Teso language,14,2443,98.0,"language, modern language",1,country_wd
Q488982,Nalubaale Hydroelectric Power Station,Nalubaale Hydroelectric Power Station,13,2890,98.0,"dam, hydroelectric power station",1,country_wd
Q1905026,Madi people,Madi people,12,4077,98.0,ethnic group,1,country_wd
Q2795682,Rwenzururu Kingdom,Rwenzururu,11,4816,98.0,"region, realm, historical country",1,country_wd
Q954747,East African Airways,East African Airways,11,4882,98.0,airline,1,country_wd
Q16960307,Allied Democratic Forces insurgency,Allied Democratic Forces insurgency,9,17292,98.0,rebellion,1,country_wd
Q17061030,Jumià,Jumia,9,15391,98.0,"e-commerce, public company, business",1,country_wd
Q87019,Brigitte Kuhlmann,Brigitte Kuhlmann,9,16470,98.0,human,1,birth_death_wd
Q2512714,Marcel Theroux,Marcel Theroux,8,112160,98.0,human,1,birth_death_wd
Q1315903,35th meridian east,35th meridian east,19,1124,97.9,meridian,1,country_wd
Q932175,Mount Gahinga,Mount Gahinga,18,1167,97.9,"volcano, mountain, summit",1,country_wd
Q3528929,Mubende,Mubende,14,2018,97.9,human settlement,1,country_wd
Q799929,Gisu people,Gisu people,11,3965,97.9,"ethnic group, tribe",1,country_wd
Q1723759,Church of Uganda,Church of Uganda,10,6392,97.9,Anglican province,2,country_wd|keyword_title
Q22276503,2016 Ugandan general election,2016 Ugandan general election,10,5188,97.9,Ugandan general election,3,country_wd|keyword_title|part_of_wd
Q5003686,Bwindi Impenetrable Forest,Bwindi Impenetrable Forest,10,6075,97.9,forest,1,country_wd
Q253593,Mount Baker,Mount Baker (Uganda),16,1326,97.8,mountain,2,country_wd|keyword_title
Q35472,Ik,Ik language,14,1813,97.8,"language, modern language",1,country_wd
Q5617915,Gulu Airport,Gulu Airport,13,1997,97.8,"international airport, airport, commercial traffic aerodrome",1,country_wd
Q3272737,Lugbarati,Lugbara language,11,3596,97.8,"language, modern language",1,country_wd
Q35670,Lango,Lango language (Uganda),11,3154,97.8,"language, modern language",2,country_wd|keyword_title
Q29043485,Uganda People's Defence Air Force,Uganda Air Force,8,23500,97.8,air force,2,country_wd|keyword_title
Q1186520,33rd meridian east,33rd meridian east,15,1357,97.7,meridian,1,country_wd
Q2193389,Moroto Town,Moroto Town,14,1467,97.7,human settlement,2,country_wd|keyword_title
Q33794,Nyoro,Nyoro language,14,1459,97.7,"language, modern language",1,country_wd
Q1406553,Lagos–Mombasa Highway,Lagos–Mombasa Highway,13,1897,97.7,"road, highway",1,country_wd
Q3346711,Nyoro people,Nyoro people,13,1743,97.7,ethnic group,1,country_wd
Q38525495,Clare Akamanzi,Claire Akamanzi,13,1736,97.7,human,1,birth_death_wd
Q3196953,Nande,Nande language,12,2192,97.7,"language, modern language",1,country_wd
Q16707038,Tooro people,Tooro people,10,4248,97.7,ethnic group,1,country_wd
Q2614835,Karamoja,Karamoja,9,6956,97.7,sub-region of Uganda,2,country_wd|keyword_title
Q6087828,Israel–Uganda relations,Israel–Uganda relations,8,14522,97.7,bilateral relation,2,country_wd|keyword_title
Q1422911,Mount Moroto,Mount Moroto,17,805,97.6,mountain,1,country_wd
Q1186645,31st meridian east,31st meridian east,15,1126,97.6,meridian,1,country_wd
Q544320,Kitgum,"Kitgum, Uganda",15,1120,97.6,human settlement,2,country_wd|keyword_title
Q492275,Port Bell,Port Bell,14,1311,97.6,human settlement,1,country_wd
Q3315580,Minority Rights Group International,Minority Rights Group International,12,1929,97.6,"nonprofit organization, advocacy group",1,country_wd
Q7058261,Northern Congolian forest-savanna mosaic,Northern Congolian forest–savanna mosaic,12,1993,97.6,WWF ecoregion,1,country_wd
Q3197533,Kiswahili,Kiswahili,10,3414,97.6,"dialect, language, standard language",1,country_wd
Q7022514,ngoma,Ngoma drums,10,3089,97.6,,2,country_wd|keyword_title
Q7877583,"Uganda Anti-Homosexuality Act, 2014","Anti-Homosexuality Act, 2014",9,4443,97.6,act of parliament,3,country_wd|keyword_title|part_of_wd
Q16204177,Dominic Ongwen,Dominic Ongwen,8,13123,97.6,human,2,birth_death_wd|citizenship_wd
Q42914066,Uganda at the 2020 Summer Olympics,Uganda at the 2020 Summer Olympics,21,589,97.5,Olympic delegation,2,country_wd|keyword_title
Q487953,Lake Kwania,Lake Kwania,16,801,97.5,lake,1,country_wd
Q142745,Uganda at the 2004 Summer Olympics,Uganda at the 2004 Summer Olympics,15,1017,97.5,Olympic delegation,2,country_wd|keyword_title
Q2587755,East African Plateau,East African Plateau,12,1684,97.5,mountain range,1,country_wd
Q2202407,Catholic Church in Uganda,Catholic Church in Uganda,11,2006,97.5,Catholic Church of an area,2,country_wd|keyword_title
Q7877613,Uganda Museum,Uganda Museum,11,2038,97.5,museum,2,country_wd|keyword_title
Q6672465,Sipi Falls,Sipi Falls,10,2611,97.5,waterfall,1,country_wd
Q7824218,Tooro,Tooro language,10,2756,97.5,"language, modern language",1,country_wd
Q7877695,Ugandan passport,Ugandan passport,10,2806,97.5,,2,country_wd|keyword_title
Q215347,Gottfried Lessing,Gottfried Lessing,8,6971,97.5,human,1,birth_death_wd
Q4273151,Inspector-general of police,Inspector-general of police,8,7834,97.5,"position, Wikimedia list article",1,country_wd
Q56401973,Musa Baluku,Musa Baluku,8,7315,97.5,human,2,birth_death_wd|citizenship_wd
Q5866990,history of Uganda,Second Republic of Uganda,7,23425,97.5,aspect of history,2,country_wd|keyword_title
Q140650,Uganda at the 2012 Summer Olympics,Uganda at the 2012 Summer Olympics,22,458,97.4,Olympic delegation,2,country_wd|keyword_title
Q42571276,Gita Ramjee,Gita Ramjee,19,584,97.4,human,1,birth_death_wd
Q6477049,Lake Mutanda,Lake Mutanda,16,719,97.4,lake,1,country_wd
Q2034078,Achwa,Achwa River,15,823,97.4,"river, watercourse",1,country_wd
Q2318123,Luweero,Luweero,12,1522,97.4,human settlement,1,country_wd
Q492316,Uganda Securities Exchange,Uganda Securities Exchange,11,1812,97.4,"stock exchange, business",2,country_wd|keyword_title
Q119616154,Mpondwe school massacre,Mpondwe school massacre,10,2266,97.4,"terrorist attack, school massacre",2,country_wd|keyword_title
Q4465957,tourism in Uganda,Tourism in Uganda,10,2165,97.4,tourism in a region,2,country_wd|keyword_title
Q1625351,Holy Spirit Movement,Holy Spirit Movement,8,6329,97.4,"religious organization, armed organization",1,country_wd
Q105587935,War in Uganda (1986–1994),War in Uganda (1986–1994),7,15949,97.4,civil war,2,country_wd|keyword_title
Q85770139,Islamic State – Central Africa Province,Islamic State – Central Africa Province,7,18048,97.4,"terrorist organization, armed organization",1,country_wd
Q1390765,1st parallel south,1st parallel south,20,461,97.3,circle of latitude,1,country_wd
Q492993,Leo Rwabwogo,Leo Rwabwogo,17,533,97.3,human,2,birth_death_wd|citizenship_wd
Q1186530,32nd meridian east,32nd meridian east,15,747,97.3,meridian,1,country_wd
Q3082639,Frank Habineza,Frank Habineza,10,1837,97.3,human,1,birth_death_wd
Q1711861,Uganda Railways Corporation,Uganda Railways Corporation,9,2477,97.3,"railway company, national railway",2,country_wd|keyword_title
Q2997511,Cornelius Boza Edwards,Cornelius Boza-Edwards,8,4710,97.3,human,2,birth_death_wd|citizenship_wd
Q258576,Sylvia Jebiwott Kibet,Sylvia Jebiwot Kibet,26,306,97.2,human,1,birth_death_wd
Q19969360,Uganda at the 2016 Summer Olympics,Uganda at the 2016 Summer Olympics,23,330,97.2,Olympic delegation,2,country_wd|keyword_title
Q19898617,Susie Tharu,Susie Tharu,10,1497,97.2,human,1,birth_death_wd
Q1456536,human rights in Uganda,Human rights in Uganda,9,2204,97.2,human rights by country or territory,2,country_wd|keyword_title
Q523823,Lendu,Lendu language,9,2130,97.2,"language, modern language",1,country_wd
Q1668903,2006 Ugandan general election,2006 Ugandan general election,8,3867,97.2,Ugandan general election,3,country_wd|keyword_title|part_of_wd
Q22704264,Arif Virani,Arif Virani,8,4110,97.2,human,1,birth_death_wd
Q25226975,East African Crude Oil Pipeline,East African Crude Oil Pipeline,7,7426,97.2,oil pipeline,2,country_wd|keyword_title
Q143898,Uganda at the 1972 Summer Olympics,Uganda at the 1972 Summer Olympics,16,464,97.1,Olympic delegation,2,country_wd|keyword_title
Q96622031,Wiki Loves Folklore,Wiki Loves Folklore,13,776,97.1,"organization, recurring event, WikiProject",1,country_wd
Q38249546,Kyotera District,Kyotera District,10,1477,97.1,district of Uganda,1,country_wd
Q8031502,women in Uganda,Women in Uganda,9,1950,97.1,aspect in a geographic region,2,country_wd|keyword_title
Q7877621,Uganda Patriotic Movement,Uganda Patriotic Movement,7,5215,97.1,political party,2,country_wd|keyword_title
Q5290463,Dominic Barton,Dominic Barton,6,19104,97.1,human,1,birth_death_wd
Q1186214,2nd parallel north,2nd parallel north,19,298,97.0,circle of latitude,1,country_wd
Q1186295,4th parallel north,4th parallel north,18,332,97.0,circle of latitude,1,country_wd
Q3437607,Soo language,Soo language,13,676,97.0,"language, modern language",1,country_wd
Q588927,Maracha District,Maracha District,13,642,97.0,district of Uganda,1,country_wd
Q22138769,Zika Forest,Zika Forest,11,1025,97.0,forest,1,country_wd
Q2902777,Arua Airport,Arua Airport,11,998,97.0,"international airport, airport, commercial traffic aerodrome",1,country_wd
Q1929454,Sexual Minorities Uganda,Sexual Minorities Uganda,8,2766,97.0,"non-governmental organization, LGBTQ+ rights organization",2,country_wd|keyword_title
Q36323,Pökoot,Pökoot language,11,814,96.9,"language, modern language",1,country_wd
Q1388124,Sammy Kitwara,Sammy Kitwara,10,1081,96.9,human,1,citizenship_wd
Q5327671,East African montane moorlands,East African montane moorlands,10,1073,96.9,"ecoregion, WWF ecoregion",1,country_wd
Q2361829,Konjo,Konjo language (Bantu),9,1320,96.9,"language family, language, modern language",1,country_wd
Q3740241,Masaba,Masaba language,9,1396,96.9,"language, modern language",1,country_wd
Q56326,Karamojong,Karamojong language,9,1434,96.9,"language, modern language",1,country_wd
Q60769695,Kassanda District,Kassanda District,9,1313,96.9,district of Uganda,1,country_wd
Q4215039,Othman Karim,Othman Karim,8,2287,96.9,human,1,birth_death_wd
Q6359130,Kampala University,Kampala University,8,2319,96.9,university,2,country_wd|keyword_title
Q8059291,youth empowerment,Youth empowerment,7,4322,96.9,"empowerment, process",1,country_wd
Q106743286,1972 invasion of Uganda,1972 invasion of Uganda,6,13714,96.9,invasion,2,country_wd|keyword_title
Q5432160,Fall of Kampala,Fall of Kampala,6,11231,96.9,battle,2,country_wd|keyword_title
Q142193,Uganda at the 2000 Summer Olympics,Uganda at the 2000 Summer Olympics,15,366,96.8,Olympic delegation,2,country_wd|keyword_title
Q143889,Uganda at the 1996 Summer Olympics,Uganda at the 1996 Summer Olympics,15,344,96.8,Olympic delegation,2,country_wd|keyword_title
Q451480,Roman Catholic Archdiocese of Mbarara,Archdiocese of Mbarara,14,394,96.8,Roman Catholic metropolitan archdiocese,1,country_wd
Q2505963,Kotido,Kotido,12,618,96.8,human settlement,1,country_wd
Q1003143,Bujagali Falls,Bujagali Falls,9,1251,96.8,waterfall,1,country_wd
Q38249480,Kakumiro District,Kakumiro District,9,1160,96.8,district of Uganda,1,country_wd
Q17009782,East African mountains,Eastern Rift mountains,7,3300,96.8,mountain range,1,country_wd
Q5468560,Foreign relations of Uganda,Foreign relations of Uganda,7,3123,96.8,foreign relations,2,country_wd|keyword_title
Q1186278,3rd parallel north,3rd parallel north,18,241,96.7,circle of latitude,1,country_wd
Q147515,Uganda at the 2008 Summer Olympics,Uganda at the 2008 Summer Olympics,17,255,96.7,Olympic delegation,2,country_wd|keyword_title
Q17466523,Solomon Mutai,Solomon Mutai,17,273,96.7,human,2,birth_death_wd|citizenship_wd
Q143842,Uganda at the 1968 Summer Olympics,Uganda at the 1968 Summer Olympics,16,279,96.7,Olympic delegation,2,country_wd|keyword_title
Q1077155,Roman Catholic Archdiocese of Tororo,Archdiocese of Tororo,14,364,96.7,Roman Catholic metropolitan archdiocese,1,country_wd
Q870628,Roman Catholic Diocese of Kiyinda–Mityana,Roman Catholic Diocese of Kiyinda–Mityana,12,539,96.7,diocese of the Catholic Church,1,country_wd
Q2658047,Nakapiripirit,Nakapiripirit,10,790,96.7,human settlement,1,country_wd
Q2184364,Uganda Cup,Uganda Cup,8,1701,96.7,"national association football cup, association football league",2,country_wd|keyword_title
Q134697017,2025 Rugby Africa Cup,2025 Rugby Africa Cup,7,2855,96.7,season of the rugby union African Cup,1,country_wd
Q146120,Uganda at the 1980 Summer Olympics,Uganda at the 1980 Summer Olympics,16,230,96.6,Olympic delegation,2,country_wd|keyword_title
Q1699253,John Baptist Kaggwa,John Baptist Kaggwa,14,336,96.6,human,2,birth_death_wd|citizenship_wd
Q913960,Roman Catholic Archdiocese of Gulu,Archdiocese of Gulu,14,316,96.6,Roman Catholic metropolitan archdiocese,1,country_wd
Q204690,Roman Catholic Diocese of Soroti,Roman Catholic Diocese of Soroti,13,363,96.6,diocese of the Catholic Church,1,country_wd
Q18589967,2017 IAAF World Cross Country Championships,2017 IAAF World Cross Country Championships,11,596,96.6,"World Athletics Cross Country Championships, recurring sporting event edition",1,country_wd
Q28858649,Victoria Kawesa,Victoria Kawesa,10,729,96.6,human,1,birth_death_wd
Q2901878,Jinja Airport,Jinja Airport,10,661,96.6,airport,1,country_wd
Q4790395,Kafu,River Kafu,10,738,96.6,river,1,country_wd
Q38249484,Kagadi District,Kagadi District,9,995,96.6,district of Uganda,1,country_wd
Q38249597,Omoro District,Omoro District,9,1013,96.6,district of Uganda,1,country_wd
Q38249629,Bunyangabu District,Bunyangabu District,9,923,96.6,district of Uganda,1,country_wd
Q2967735,Owen Falls,Owen Falls,8,1403,96.6,waterfall,1,country_wd
Q114247826,2022 Uganda Ebola outbreak,2022–2023 Uganda Ebola outbreak,7,2410,96.6,disease outbreak,2,country_wd|keyword_title
Q16932365,Wilfred de Souza,Wilfred de Souza,6,5011,96.6,human,1,birth_death_wd
Q7146898,Patrick Karegeya,Patrick Karegeya,6,4512,96.6,human,1,birth_death_wd
Q1243586,Dora Bloch,Murder of Dora Bloch,5,59236,96.6,human,1,birth_death_wd
Q146153,Uganda at the 1988 Summer Olympics,Uganda at the 1988 Summer Olympics,14,276,96.5,Olympic delegation,2,country_wd|keyword_title
Q4788736,Kidepo River,Kidepo River,13,342,96.5,"river, watercourse",1,country_wd
Q870153,Roman Catholic Diocese of Kabale,Diocese of Kabale,13,338,96.5,diocese of the Catholic Church,1,country_wd
Q983488,Edwin Ekiring,Edwin Ekiring,11,472,96.5,human,2,birth_death_wd|citizenship_wd
Q5368395,Kyenjojo,Kyenjojo,10,633,96.5,human settlement,1,country_wd
Q6273034,Kumi Town,Kumi Town,9,770,96.5,human settlement,2,country_wd|keyword_title
Q652825,Mbarara Airport,Mbarara Airport,9,802,96.5,airport,1,country_wd
Q3589850,Uganda national rugby union team,Uganda national rugby union team,8,1180,96.5,national rugby union team,2,country_wd|keyword_title
Q56670,Ma'di,Maʼdi language,8,1263,96.5,"natural language, modern language",2,country_wd|keyword_title
Q6701734,Lukaya,"Lukaya, Uganda",8,1199,96.5,human settlement,2,country_wd|keyword_title
Q146134,Uganda at the 1984 Summer Olympics,Uganda at the 1984 Summer Olympics,15,205,96.4,Olympic delegation,2,country_wd|keyword_title
Q143789,Uganda at the 1956 Summer Olympics,Uganda at the 1956 Summer Olympics,13,281,96.4,Olympic delegation,2,country_wd|keyword_title
Q434560,Christine Magnusson,Christine Magnusson,11,387,96.4,human,1,birth_death_wd
Q38249602,Rubanda District,Rubanda District,9,723,96.4,district of Uganda,1,country_wd
Q1779859,Acholiland,Acholiland,8,1067,96.4,territory,1,country_wd
Q44377523,Butebo District,Butebo District,8,1018,96.4,district of Uganda,1,country_wd
Q44380663,Namisindwa District,Namisindwa District,8,1014,96.4,district of Uganda,1,country_wd
Q6116472,Southern Acacia-Commiphora bushlands and thickets,Southern Acacia–Commiphora bushlands and thickets,8,1059,96.4,WWF ecoregion,1,country_wd
Q1084754,Amba people,Amba people,7,1523,96.4,ethnic group,1,country_wd
Q14949498,Claver Gatete,Claver Gatete,7,1621,96.4,human,2,birth_death_wd|citizenship_wd
Q29569942,Bidi Bidi Refugee Settlement,Bidibidi Refugee Settlement,6,3165,96.4,"refugee camp, human-geographic territorial entity",1,country_wd
Q869463,Roman Catholic Diocese of Hoima,Diocese of Hoima,14,215,96.3,diocese of the Catholic Church,1,country_wd
Q872027,Roman Catholic Diocese of Masaka,Diocese of Masaka,13,253,96.3,diocese of the Catholic Church,1,country_wd
Q870377,Roman Catholic Diocese of Kasana–Luweero,Diocese of Kasana–Luweero,12,302,96.3,diocese of the Catholic Church,1,country_wd
Q2169642,Pader,"Pader, Uganda",10,439,96.3,human settlement,2,country_wd|keyword_title
Q5623559,Gwere,Gwere language,9,634,96.3,"language, modern language",1,country_wd
Q56556,Aringa,Aringa language,9,611,96.3,"language, modern language",1,country_wd
Q6374123,Kasese Airport,Kasese Airport,9,591,96.3,"airport, commercial traffic aerodrome",1,country_wd
Q1027333,Callistus Rubaramira,Callistus Rubaramira,8,923,96.3,human,1,birth_death_wd
Q56445,Sabiny,Kupsabiny language,8,836,96.3,"language, modern language",1,country_wd
Q7877677,Ugandan Sign Language,Ugandan Sign Language,8,807,96.3,"sign language, modern language",2,country_wd|keyword_title
Q5558471,Victoria Basin forest-savanna mosaic,Victoria Basin forest–savanna mosaic,7,1478,96.3,WWF ecoregion,1,country_wd
Q800167,Gwere people,Gwere people,7,1314,96.3,ethnic group,1,country_wd
Q4057928,Adhola people,Adhola people,6,2783,96.3,ethnic group,1,country_wd
Q64920686,Turkey–Uganda relations,Turkey–Uganda relations,6,2854,96.3,bilateral relation,2,country_wd|keyword_title
Q100717966,Arnold Oceng,Arnold Oceng,5,13193,96.3,human,2,birth_death_wd|citizenship_wd
Q866915,Roman Catholic Diocese of Arua,Diocese of Arua,15,182,96.2,diocese of the Catholic Church,1,country_wd
Q143770,Uganda at the 1960 Summer Olympics,Uganda at the 1960 Summer Olympics,14,184,96.2,Olympic delegation,2,country_wd|keyword_title
Q868908,Roman Catholic Diocese of Fort Portal,Diocese of Fort Portal,13,240,96.2,diocese of the Catholic Church,1,country_wd
Q872962,Roman Catholic Diocese of Nebbi,Roman Catholic Diocese of Nebbi,12,274,96.2,diocese of the Catholic Church,1,country_wd
Q118316106,2023 Africa floods,2023 Africa floods,9,549,96.2,flood,1,country_wd
Q3321899,Mount Kadam,Mount Kadam,9,513,96.2,mountain,1,country_wd
Q992016,Moyo Town,Moyo Town,9,493,96.2,human settlement,2,country_wd|keyword_title
Q32930,Bukusu,Bukusu dialect,8,745,96.2,"language, modern language",1,country_wd
Q60769699,Kwania District,Kwania District,8,778,96.2,district of Uganda,1,country_wd
Q6272234,Namutumba,"Namutumba, Uganda",8,769,96.2,human settlement,2,country_wd|keyword_title
Q6430657,Koome Island,Koome Island,8,761,96.2,island,1,country_wd
Q21035644,Uganda national under-20 football team,Uganda national under-20 football team,7,1291,96.2,national association football team,2,country_wd|keyword_title
Q4986717,Bujagali Hydroelectric Power Station,Bujagali Hydroelectric Power Station,7,1232,96.2,hydroelectric power station,1,country_wd
Q6116471,Northern Acacia-Commiphora bushlands and thickets,Northern Acacia–Commiphora bushlands and thickets,7,1166,96.2,WWF ecoregion,1,country_wd
Q16951936,corruption in Uganda,Corruption in Uganda,6,2376,96.2,aspect in a geographic region,2,country_wd|keyword_title
Q872604,Roman Catholic Diocese of Moroto,Diocese of Moroto,13,206,96.1,diocese of the Catholic Church,1,country_wd
Q5515838,Gabriel Ruhumbika,Gabriel Ruhumbika,10,335,96.1,human,1,citizenship_wd
Q3769958,Giuseppe Ambrosoli,Giuseppe Ambrosoli,8,654,96.1,human,1,birth_death_wd
Q38249615,Rukiga District,Rukiga District,8,673,96.1,district of Uganda,1,country_wd
Q60769698,Kapelebyong District,Kapelebyong District,8,742,96.1,district of Uganda,1,country_wd
Q6922300,Mount Morungole,Mount Morungole,8,672,96.1,mountain,1,country_wd
Q15045852,Malaba,"Malaba, Uganda",7,1081,96.1,"human settlement, border city",2,country_wd|keyword_title
Q19865353,Bafumbira,Bafumbira,6,1789,96.1,ethnic group,1,country_wd
Q5327655,East African Development Bank,East African Development Bank,6,1864,96.1,"international organization, business",1,country_wd
Q85798241,Rwampara district,Rwampara district,6,1980,96.1,district of Uganda,1,country_wd
Q4261446,West Nile sub-region,West Nile sub-region,5,8166,96.1,sub-region of Uganda,1,country_wd
Q143774,Uganda at the 1964 Summer Olympics,Uganda at the 1964 Summer Olympics,13,183,96.0,Olympic delegation,2,country_wd|keyword_title
Q146070,Uganda at the 1992 Summer Olympics,Uganda at the 1992 Summer Olympics,13,181,96.0,Olympic delegation,2,country_wd|keyword_title
Q870715,Roman Catholic Diocese of Kotido,Diocese of Kotido,13,174,96.0,diocese of the Catholic Church,1,country_wd
Q892494,Boniface Toroitich Kiprop,Boniface Toroitich Kiprop,10,309,96.0,human,2,birth_death_wd|citizenship_wd
Q7126083,Pakuba Airport,Pakuba Airfield,9,429,96.0,"airport, commercial traffic aerodrome",1,country_wd
Q1971400,Adhola,Adhola dialect,7,944,96.0,"language, modern language",1,country_wd
Q6687695,Lyantonde,Lyantonde,7,879,96.0,human settlement,1,country_wd
Q10589456,Moru people,Moru people,6,1580,96.0,ethnic group,1,country_wd
Q5377151,energy in Uganda,Energy in Uganda,6,1781,96.0,aspect in a geographic region,2,country_wd|keyword_title
Q474581,Roman Catholic Diocese of Lira,Diocese of Lira,12,182,95.9,diocese of the Catholic Church,1,country_wd
Q75093787,Joseph Kizito,Joseph Kizito (bishop),9,338,95.9,human,2,birth_death_wd|citizenship_wd
Q1714359,Rukwanzi Island,Rukwanzi Island,8,557,95.9,"island, disputed territory",1,country_wd
Q89552274,Abhay Bhardwaj,Abhay Bharadwaj,7,798,95.9,human,1,birth_death_wd
Q6024345,India–Uganda relations,India–Uganda relations,6,1446,95.9,bilateral relation,2,country_wd|keyword_title
Q664830,East and Central Africa cricket team,East and Central Africa cricket team,6,1491,95.9,cricket team,1,country_wd
Q25226889,Kiira Motors Corporation,Kiira Motors Corporation,5,4549,95.9,business,1,country_wd
Q462063,Roman Catholic Diocese of Kasese,Diocese of Kasese,12,159,95.8,diocese of the Catholic Church,1,country_wd
Q42888151,Akaliza Keza Gara,Akaliza Keza Gara,10,223,95.8,human,1,birth_death_wd
Q48782424,Muvumba river,Muvumba river,10,236,95.8,"river, border river",1,country_wd
Q16058179,Tim Agaba,Tim Agaba,9,314,95.8,human,1,birth_death_wd
Q7787231,Thomas Ayeko,Thomas Ayeko,9,320,95.8,human,1,citizenship_wd
Q3543317,2010 Ugandan landslide,2010 Ugandan landslide,8,441,95.8,landslide,2,country_wd|keyword_title
Q7563660,Soroti Airport,Soroti Airport,8,452,95.8,airport,1,country_wd
Q17198106,Dilma Dila,Dilman Dila,7,711,95.8,human,2,birth_death_wd|citizenship_wd
Q16730445,Joseph Mpande,Joseph Mpande,6,1276,95.8,human,2,birth_death_wd|citizenship_wd
Q4246850,Kumam people,Kumam people,6,1208,95.8,ethnic group,1,country_wd
Q6417868,Kitara,Runyakitara language,6,1243,95.8,"constructed language, standard language",1,country_wd
Q1053192,Celtel,Celtel,5,3777,95.8,"business, enterprise",1,country_wd
Q25407834,Uganda national under-17 football team,Uganda national under-17 football team,5,3511,95.8,"sports club, national association football team",2,country_wd|keyword_title
Q3007250,culture of Uganda,Culture of Uganda,5,3380,95.8,culture of an area,2,country_wd|keyword_title
Q4022189,Srikanto Acharya,Srikanta Acharya,5,3746,95.8,human,1,birth_death_wd
Q3430474,Richard Arnold Dümmer,Richard Arnold Dümmer,12,126,95.7,human,1,birth_death_wd
Q47006461,Anita Asiimwe,Anita Asiimwe,10,216,95.7,human,1,birth_death_wd
Q545009,Military Ordinariate of Uganda,Military Ordinariate of Uganda,10,198,95.7,military ordinariate,2,country_wd|keyword_title
Q111914231,Anita Pendo,Anita Pendo,8,379,95.7,human,1,birth_death_wd
Q3033547,Kakwa,Kakwa language,8,406,95.7,"language, modern language",1,country_wd
Q618252,National Library of Uganda,National Library of Uganda,8,391,95.7,national library,2,country_wd|keyword_title
Q12876727,Uganda Women's National Basketball Team,Uganda women's national basketball team,7,606,95.7,women's national basketball team,2,country_wd|keyword_title
Q35307543,Rwizi river,River Rwizi,7,632,95.7,"river, stream",1,country_wd
Q16954386,Bugoma Central Forest reserve,Bugoma Forest,6,1018,95.7,"forest, protected area",1,country_wd
Q2920348,Uganda People's Democratic Army,Uganda People's Democratic Army,5,2984,95.7,,2,country_wd|keyword_title
Q455113,Ruth Kasirye,Ruth Kasirye,9,253,95.6,human,1,birth_death_wd
Q6588606,Tororo Airport,Tororo Airport,9,225,95.6,airport,1,country_wd
Q43033100,Milton Karisa,Milton Karisa,7,508,95.6,human,2,birth_death_wd|citizenship_wd
Q6944591,Mvuba,Mvuba language,7,497,95.6,"language, modern language",1,country_wd
Q1613565,Joseph Kiwanuka,Joseph Kiwánuka,6,863,95.6,human,1,citizenship_wd
Q6944218,Mutukula,"Mutukula, Uganda",6,970,95.6,"human settlement, border city",2,country_wd|keyword_title
Q7568584,South Sudan–Uganda relations,South Sudan–Uganda relations,6,998,95.6,bilateral relation,2,country_wd|keyword_title
Q97160187,Obongi District,Obongi District,6,964,95.6,district of Uganda,1,country_wd
Q14556956,Rumi Verjee,Rumi Verjee,5,2569,95.6,human,1,birth_death_wd
Q24905046,Amakula International Film Festival,Amakula International Film Festival,9,206,95.5,film festival,1,country_wd
Q6557577,Lira Airport,Lira Airport,9,206,95.5,airport,1,country_wd
Q1680912,James Odongo,James Odongo,8,306,95.5,human,2,birth_death_wd|citizenship_wd
Q3132041,Henri Streicher,Henri Streicher,8,314,95.5,human,1,birth_death_wd
Q6272973,Manafwa,Manafwa,8,284,95.5,human settlement,1,country_wd
Q4790369,Nkusi River,Nkusi River,7,466,95.5,river,1,country_wd
Q60766910,Nabilatuk District,Nabilatuk District,7,472,95.5,district of Uganda,1,country_wd
Q788423,Amba,Amba language (Bantu),7,464,95.5,"language, modern language",2,country_wd|keyword_title
Q126305705,2024 Rugby Africa Cup,2024 Rugby Africa Cup,6,755,95.5,season of the rugby union African Cup,1,country_wd
Q97487774,Karenga District,Karenga District,6,770,95.5,district of Uganda,1,country_wd
Q1699255,John Baptist Kakubi,John Baptist Kakubi,8,264,95.4,human,1,citizenship_wd
Q4689587,Africa One,AfricaOne (Uganda),8,278,95.4,airline,2,country_wd|keyword_title
Q1023260,1973 CECAFA Cup,1973 CECAFA Cup,7,417,95.4,"CECAFA Cup, sports season",1,country_wd
Q17748538,Amina Sewali,Amina Sewali,7,409,95.4,human,1,birth_death_wd
Q48798123,Uganda women's national rugby sevens team,Uganda women's national rugby sevens team,7,389,95.4,women's national rugby sevens team,2,country_wd|keyword_title
Q7877664,Uganda national rugby union team (sevens),Uganda national rugby sevens team,7,392,95.4,national rugby sevens team,2,country_wd|keyword_title
Q17108270,Muyombo Thomas,Tom Close,6,745,95.4,human,1,birth_death_wd
Q104863725,Victoria Microplate,Victoria microplate,5,1713,95.4,tectonic plate,1,country_wd
Q14629102,New Jinja Bridge,Source of the Nile Bridge,5,1609,95.4,bridge,1,country_wd
Q1648254,Paul Ssemogerere,Paul Ssemogerere (bishop),5,1785,95.4,human,2,birth_death_wd|citizenship_wd
Q49318790,Lake Katwe,Lake Katwe,5,1618,95.4,"salt lake, volcanic crater lake",1,country_wd
Q3887953,Moroto Airport,Moroto Airport,9,161,95.3,airport,1,country_wd
Q2473898,Uganda women's national volleyball team,Uganda women's national volleyball team,8,245,95.3,women’s national volleyball team,2,country_wd|keyword_title
Q11165235,Gungu,Gungu language,6,611,95.3,"language, modern language",1,country_wd
Q6450860,Kyazanga,Kyazanga,6,610,95.3,human settlement,1,country_wd
Q10853684,Kampala Airport,Kampala Airport,5,1587,95.3,airport,2,country_wd|keyword_title
Q2536086,Medical Mission Sisters,Medical Mission Sisters,5,1467,95.3,"religious congregation, Catholic religious institute",1,country_wd
Q3491230,Lango sub-region,Lango sub-region,5,1603,95.3,sub-region of Uganda,1,country_wd
Q3565504,Kigezi District,Kigezi District,5,1436,95.3,"district of Uganda, former administrative territorial entity",1,country_wd
Q17544245,Phillip Kipyeko,Phillip Kipyeko,9,128,95.2,human,1,citizenship_wd
Q4790390,Pager River,Pager River,8,197,95.2,river,1,country_wd
Q3428107,Kennedy Katende,Kennedy Katende,7,314,95.2,human,2,birth_death_wd|citizenship_wd
Q124304573,2023–24 Uganda Premier League,2023–24 Uganda Premier League,6,518,95.2,sports season,2,country_wd|keyword_title
Q3739441,saamia,Samia language,6,490,95.2,"language, modern language",1,country_wd
Q6983774,Ndo,Ndo language,6,553,95.2,"language, modern language",1,country_wd
Q7383562,Ruuli,Ruuli language,6,552,95.2,"language, modern language",1,country_wd
Q7679530,Talinga,Talinga language,6,503,95.2,"language, modern language",1,country_wd
Q1135899,Uganda Davis Cup team,Uganda Davis Cup team,8,185,95.1,Davis Cup team,2,country_wd|keyword_title
Q119321704,Leonard Chemutai,Leonard Chemutai,8,180,95.1,human,1,citizenship_wd
Q257903,Masindi Airport,Masindi Airport,8,183,95.1,airport,1,country_wd
Q9374817,William Dralu,William Dralu,8,181,95.1,human,2,birth_death_wd|citizenship_wd
Q3886345,Moyo Airport,Moyo Airport,7,277,95.1,"airport, commercial traffic aerodrome",1,country_wd
Q4790398,River Muzizi,River Muzizi,7,280,95.1,river,1,country_wd
Q673883,Cyprien Biyehima Kihangire,Cipriano Biyehima Kihangire,7,259,95.1,human,2,birth_death_wd|citizenship_wd
Q7877633,Uganda Under-19 cricket team,Uganda national under-19 cricket team,7,263,95.1,cricket team,2,country_wd|keyword_title
Q1106804,Coffee Kakira SC,Coffee United SC,6,478,95.1,"association football club, sports club",1,country_wd
Q3739448,Nyole,Nyole language (Uganda),6,455,95.1,"language, modern language",2,country_wd|keyword_title
Q3851994,Matt Bish,Matt Bish,6,437,95.1,human,2,birth_death_wd|citizenship_wd
Q6404035,Kibiro,Kibiro,6,469,95.1,village,1,country_wd
Q104698321,Terego District,Terego District,5,1150,95.1,administrative territorial entity,1,country_wd
Q24907953,Lira University,Lira University,5,1167,95.1,university,1,country_wd
Q3974755,transport in Uganda,Transport in Uganda,5,1139,95.1,transport by country or region,2,country_wd|keyword_title
Q4790358,Lugogo River,Lugogo River,8,145,95.0,"river, stream",1,country_wd
Q3885838,Bundibugyo Airport,Bundibugyo Airport,7,247,95.0,airport,1,country_wd
Q4357107,Judith Ayaa,Judith Ayaa,6,370,95.0,human,2,birth_death_wd|citizenship_wd
Q6450897,Kyegegwa,Kyegegwa,6,372,95.0,human settlement,1,country_wd
Q111678611,climate change in Uganda,Climate change in Uganda,5,1037,95.0,climate change by country or territory,2,country_wd|keyword_title
Q2609208,Uganda at the Commonwealth Games,Uganda at the Commonwealth Games,5,981,95.0,Commonwealth Games delegation,2,country_wd|keyword_title
Q43885547,Catherine Nyongesa,Catherine Nyongesa,5,972,95.0,human,1,birth_death_wd
Q6434053,Kotido Airport,Kotido Airport,8,137,94.9,airport,1,country_wd
Q10844841,Adjumani Airport,Adjumani Airport,7,208,94.9,airport,1,country_wd
Q5471875,Fort Portal Airport,Fort Portal Airport,7,202,94.9,airport,1,country_wd
Q16234005,Brian Masaba,Brian Masaba,6,339,94.9,human,2,birth_death_wd|citizenship_wd
Q35732333,Lake Kachera,Lake Kachera,6,367,94.9,lake,1,country_wd
Q109262723,2021 Uganda bombings,2021 Uganda bombings,5,808,94.9,terrorist attack,2,country_wd|keyword_title
Q4668961,Abraham Kiplimo,Abraham Kiplimo,7,193,94.8,human,2,birth_death_wd|citizenship_wd
Q5221774,Daphrose Gahakwa,Daphrose Gahakwa,7,183,94.8,human,1,birth_death_wd
Q1023287,2000 CECAFA Cup,2000 CECAFA Cup,6,284,94.8,"CECAFA Cup, sports season",1,country_wd
Q60169391,Sala Senkayi,Sala Senkayi,6,312,94.8,human,1,birth_death_wd
Q6693037,Ngora,Ngora,6,316,94.8,human settlement,1,country_wd
Q1023302,2012 CECAFA Cup,2012 CECAFA Cup,5,725,94.8,sports season,1,country_wd
Q16587973,Perry Petty,Perry Petty,5,727,94.8,human,1,citizenship_wd
Q3200300,Kuku,Kuku dialect,5,764,94.8,language,1,country_wd
Q11689929,Charles Lubulwa,Charles Lubulwa,7,168,94.7,human,2,birth_death_wd|citizenship_wd
Q35999816,Stella Ford Mugabo,Stella Ford Mugabo,7,165,94.7,human,1,birth_death_wd
Q6924814,Mount Zulia,Mount Zulia,7,180,94.7,mountain,1,country_wd
Q16966538,Bangladesh–Uganda relations,Bangladesh–Uganda relations,6,275,94.7,bilateral relation,2,country_wd|keyword_title
Q65083922,Kyambogo Cricket Oval,Kyambogo Cricket Oval,6,278,94.7,"cricket field, sports venue",1,country_wd
Q7589068,"St. Joseph's Cathedral, Gulu","St. Joseph's Cathedral, Gulu",6,275,94.7,Catholic cathedral,1,country_wd
Q107076209,Deng Geu,Deng Geu,5,664,94.7,human,2,birth_death_wd|citizenship_wd
Q11311961,Stanley Ocitti,Stanley Ocitti,5,616,94.7,human,2,birth_death_wd|citizenship_wd
Q140562592,,Bonaventure Bosco Gubazire,5,639,94.7,human,2,birth_death_wd|citizenship_wd
Q113826237,2022 Kasese District landslides,2022 Kasese District landslides,7,155,94.6,landslide,1,country_wd
Q26834260,Uganda at the 2016 Summer Paralympics,Uganda at the 2016 Summer Paralympics,7,144,94.6,"Paralympics team, Paralympics delegation",2,country_wd|keyword_title
Q35120214,Albert Chemutai,Albert Chemutai,7,118,94.6,human,1,citizenship_wd
Q64707046,Mexico–Uganda relations,Mexico–Uganda relations,6,234,94.6,bilateral relation,2,country_wd|keyword_title
Q7877658,Uganda at the Paralympics,Uganda at the Paralympics,6,247,94.6,Paralympics delegation,2,country_wd|keyword_title
Q808406,Barnabas R. Halem ’Imana,Barnabas R. Halem 'Imana,6,252,94.6,human,2,birth_death_wd|citizenship_wd
Q14201706,Ajai Wildlife Reserve,Ajai Wildlife Reserve,5,594,94.6,protected area,1,country_wd
Q22082390,Masulita,Masulita,5,579,94.6,sub-county of Uganda,1,country_wd
Q25183702,Tanzania–Uganda relations,Tanzania–Uganda relations,5,582,94.6,bilateral relation,2,country_wd|keyword_title
Q331402,Peter Okhello,Okello Peter,5,595,94.6,human,2,birth_death_wd|citizenship_wd
Q7877640,Uganda at the 1976 Summer Paralympics,Uganda at the 1976 Summer Paralympics,7,86,94.5,Paralympics delegation,2,country_wd|keyword_title
Q16149492,Ashraf Ssemwogerere,Ashraf Ssemwogerere,5,473,94.5,human,2,birth_death_wd|citizenship_wd
Q2473864,Uganda International Badminton Championships,Uganda International,5,498,94.5,recurring sporting event,2,country_wd|keyword_title
Q3162261,Jaqee,Jaqee,5,468,94.5,human,1,birth_death_wd
Q126363916,Lake Bujuku,Lake Bujuku,6,192,94.4,lake,1,country_wd
Q139792314,Jones Kyazze,Jones Kyazze,6,183,94.4,human,1,citizenship_wd
Q48812334,2017–18 Uganda Super League,2017–18 Uganda Premier League,6,184,94.4,sports season,2,country_wd|keyword_title
Q1553721,1958 Ugandan general election,1958 Ugandan general election,5,420,94.4,Ugandan general election,3,country_wd|keyword_title|part_of_wd
Q16238490,Domestic violence in Uganda,Domestic violence in Uganda,5,407,94.4,,2,country_wd|keyword_title
Q15962441,2014 African Cross Country Championships,2014 African Cross Country Championships,6,173,94.3,recurring sporting event edition,1,country_wd
Q204778,Martin Luluga,Martin Luluga,6,162,94.3,human,1,birth_death_wd
Q4790353,Lamia River,Lamia River,6,174,94.3,river,1,country_wd
Q7877642,Uganda at the 1976 Winter Paralympics,Uganda at the 1976 Winter Paralympics,6,160,94.3,Paralympics delegation,2,country_wd|keyword_title
Q1023282,1995 CECAFA Cup,1995 CECAFA Cup,5,348,94.3,"CECAFA Cup, sports season",1,country_wd
Q115476441,2022–23 Uganda Premier League,2022–23 Uganda Premier League,5,376,94.3,sports season,2,country_wd|keyword_title
Q121464134,Aga Khan Mosque,Aga Khan Mosque,5,370,94.3,mosque,1,country_wd
Q12785032,Apostolic Nunciature to Uganda,Apostolic Nunciature to Uganda,5,385,94.3,apostolic nunciature,3,country_wd|keyword_title|part_of_wd
Q4982294,Bubembe Island,Bubembe Island,5,354,94.3,island,1,country_wd
Q120997718,Uganda at the 2023 World Athletics Championships,Uganda at the 2023 World Athletics Championships,6,144,94.2,nation at the World Athletics Championships,2,country_wd|keyword_title
Q129721048,Uganda at the 2024 Summer Paralympics,Uganda at the 2024 Summer Paralympics,6,140,94.2,Paralympics delegation,2,country_wd|keyword_title
Q1514173,Uganda at the 2008 Summer Paralympics,Uganda at the 2008 Summer Paralympics,6,114,94.2,Paralympics delegation,2,country_wd|keyword_title
Q20742492,Uganda national beach soccer team,Uganda national beach soccer team,6,128,94.2,national beach soccer team,2,country_wd|keyword_title
Q24951166,Amos Omolo,Amos Omolo,6,134,94.2,human,1,citizenship_wd
Q35085587,Uganda at the 2017 World Championships in Athletics,Uganda at the 2017 World Championships in Athletics,6,114,94.2,nation at the World Athletics Championships,2,country_wd|keyword_title
Q42307038,Fred Musobo,Fred Musobo,6,146,94.2,human,1,citizenship_wd
Q6418185,Kitgum Airport,Kitgum Airport,6,127,94.2,airport,1,country_wd
Q1023299,2008 CECAFA Cup,2008 CECAFA Cup,5,331,94.2,"CECAFA Cup, sports season",1,country_wd
Q16605763,Mbale Heroes FC,Mbale Heroes FC,5,328,94.2,association football club,1,country_wd
Q107360654,Uganda at the 2020 Summer Paralympics,Uganda at the 2020 Summer Paralympics,6,94,94.1,Paralympics delegation,2,country_wd|keyword_title
Q113002856,Uganda at the 2022 World Athletics Championships,Uganda at the 2022 World Athletics Championships,6,106,94.1,nation at the World Athletics Championships,2,country_wd|keyword_title
Q11728190,Jonathan Kiriisa,Jonathan Kiriisa,6,85,94.1,human,1,citizenship_wd
Q14621386,Uganda at the 2013 World Championships in Athletics,Uganda at the 2013 World Championships in Athletics,6,104,94.1,nation at the World Athletics Championships,2,country_wd|keyword_title
Q2612973,Uganda at the 2010 Summer Youth Olympics,Uganda at the 2010 Summer Youth Olympics,6,106,94.1,nation at sport competition,2,country_wd|keyword_title
Q48610057,Uganda at the 2018 Summer Youth Olympics,Uganda at the 2018 Summer Youth Olympics,6,102,94.1,nation at sport competition,2,country_wd|keyword_title
Q764672,August Wilhelm Schynse,August Schynse,6,81,94.1,human,1,birth_death_wd
Q7877647,Uganda at the 1996 Summer Paralympics,Uganda at the 1996 Summer Paralympics,6,77,94.1,Paralympics delegation,2,country_wd|keyword_title
Q110912589,2022 African Men's and Women's Team Badminton Championships,2022 All Africa Men's and Women's Team Badminton Championships,5,300,94.1,Africa Men's and Women's Team Badminton Championships,1,country_wd
Q2781127,Skyjet Airlines,Skyjet Airlines,5,276,94.1,airline,1,country_wd
Q131327713,Constantine Rupiny,Constantine Rupiny,5,274,94.0,human,2,birth_death_wd|citizenship_wd
Q16232829,Benjamin Ochan,Benjamin Ochan,5,253,94.0,human,2,birth_death_wd|citizenship_wd
Q35733689,Lake Nakivali,Lake Nakivali,5,244,94.0,lake,1,country_wd
Q1023269,1982 CECAFA Cup,1982 CECAFA Cup,5,213,93.9,"CECAFA Cup, sports season",1,country_wd
Q1023273,1984 CECAFA Cup,1984 CECAFA Cup,5,222,93.9,sports season,1,country_wd
Q15949078,Malaysia–Uganda relations,Malaysia–Uganda relations,5,223,93.9,bilateral relation,2,country_wd|keyword_title
Q18349169,Henry Ssenyondo,Henry Ssenyondo,5,229,93.9,human,2,birth_death_wd|citizenship_wd
Q4867401,"Basilica of the Blessed Virgin Mary, Lodonga","Basilica of the Blessed Virgin Mary, Lodonga",5,216,93.9,minor basilica,1,country_wd
Q1023279,1991 CECAFA Cup,1991 CECAFA Cup,5,197,93.8,"CECAFA Cup, sports season",1,country_wd
Q13577666,Sam Rukundo,Sam Rukundo,5,204,93.8,human,2,birth_death_wd|citizenship_wd
Q1528870,Mweya Airport,Mweya Airport,5,198,93.8,"airport, commercial traffic aerodrome",1,country_wd
Q16224941,Deusdedit Muhumuza,Deusdedit Muhumuza,5,201,93.8,human,2,birth_death_wd|citizenship_wd
Q38249631,Kibiito,Kibiito,5,203,93.8,town,1,country_wd
Q108703410,Neema Iyer,Neema Iyer,5,176,93.7,human,1,citizenship_wd
Q110912526,2022 African Badminton Championships,2022 African Badminton Championships,5,166,93.7,recurring sporting event edition,1,country_wd
Q15433919,Ndyakira Ntamukiira Amooti,Ndyakira Amooti,5,165,93.7,human,2,birth_death_wd|citizenship_wd
Q15615969,Lwajjali River,Lwajjali River,5,173,93.7,"river, stream",1,country_wd
Q3565261,Namulonge Airport,Namulonge Airport,5,166,93.7,airport,1,country_wd
Q109070836,2021 African Badminton Championships,2021 African Badminton Championships,5,136,93.6,recurring sporting event edition,1,country_wd
Q12010788,World Forum of Fish Harvesters and Fish Workers,World Forum of Fish Harvesters and Fish Workers,5,161,93.6,organization,1,country_wd
Q1606436,Henry Apaloryamam Ssentongo,Henry Ssentongo,5,123,93.5,human,2,birth_death_wd|citizenship_wd
Q16563654,Joseph Ssali,Joseph Ssali,5,97,93.5,human,1,citizenship_wd
Q20857094,Uganda at the 2015 World Championships in Athletics,Uganda at the 2015 World Championships in Athletics,5,114,93.5,nation at the World Athletics Championships,2,country_wd|keyword_title
Q11786528,Muharud Mukasa,Muharud Mukasa,5,48,93.4,human,1,citizenship_wd
Q1244814,Bernardo Sartori,,8,0,71.4,human,1,birth_death_wd
Q3088800,Democratic Republic of the Congo–Uganda border,,7,0,71.1,"border, international border, land boundary",2,country_wd|part_of_wd
Q3088803,Tanzania–Uganda border,,7,0,71.1,"border, international border, land boundary",2,country_wd|part_of_wd
Q3088801,Rwanda–Uganda border,,6,0,70.7,"border, international border, land boundary",2,country_wd|part_of_wd
Q3088804,South Sudan–Uganda border,,6,0,70.7,"border, international border, land boundary",2,country_wd|part_of_wd
Q3089101,Kenya–Uganda border,,6,0,70.7,"border, international border, land boundary",2,country_wd|part_of_wd
Q110343741,Diocese of South Africa,,5,0,70.1,Eastern Orthodox eparchy,1,country_wd
Q16655101,Jeronymos,,5,0,70.1,human,1,birth_death_wd
Q2927681,Bufumbira,,5,0,70.1,mountain,1,country_wd
Q5100283,China–Uganda relations,China–Uganda relations,5,0,70.1,bilateral relation,2,country_wd|keyword_title
Q52314489,Uganda Fed Cup team,Uganda Billie Jean King Cup team,5,0,70.1,national tennis team,2,country_wd|keyword_title
Q5258067,Denmark–Uganda relations,Denmark–Uganda relations,5,0,70.1,bilateral relation,2,country_wd|keyword_title
Q5354641,list of Roman Catholic dioceses in Uganda,List of Catholic dioceses in Uganda,5,0,70.1,Wikimedia list article,2,country_wd|keyword_title
Q5354856,elections in Uganda,Elections in Uganda,5,0,70.1,aspect in a geographic region,2,country_wd|keyword_title
Q5488712,Frank Nsubuga,Frank Nsubuga,5,0,70.1,human,2,birth_death_wd|citizenship_wd
Q55584118,Dinesh Nakrani,Dinesh Nakrani,5,0,70.1,human,1,citizenship_wd
Q55655274,Germany–Uganda relations,Germany–Uganda relations,5,0,70.1,bilateral relation,2,country_wd|keyword_title
Q5580584,Patrick Bogere,Patrick Bogere,5,0,70.1,human,1,birth_death_wd
Q56402302,Jamil Mukulu,Jamil Mukulu,5,0,70.1,human,2,birth_death_wd|citizenship_wd
Q5866987,history of Uganda,History of Uganda (1979–1986),5,0,70.1,aspect of history,2,country_wd|keyword_title
Q60527012,2018–19 Uganda Premier League,2018–19 Uganda Premier League,5,0,70.1,sports season,2,country_wd|keyword_title
Q6081090,Isimba Power Station,Isimba Hydroelectric Power Station,5,0,70.1,hydroelectric power station,1,country_wd
Q61439289,Bunyamwera,Bunyamwera,5,0,70.1,human settlement,1,country_wd
Q6285046,Joseph Lubega,Joseph Lubega,5,0,70.1,human,2,birth_death_wd|citizenship_wd
Q6343813,Kabale Airport,Kabale Airport,5,0,70.1,airport,1,country_wd
Q6343826,Kabalega Falls Airport,,5,0,70.1,airport,1,country_wd
Q6349020,Kajjansi Airport,Kajjansi Airfield,5,0,70.1,airport,1,country_wd
Q6349472,Kakira Airport,Kakira Airport,5,0,70.1,airport,1,country_wd
Q6373628,Karuma Power Station,Karuma Hydroelectric Power Station,5,0,70.1,"dam, hydroelectric power station",1,country_wd
Q6392929,Kenya–Uganda relations,Kenya–Uganda relations,5,0,70.1,bilateral relation,2,country_wd|keyword_title
Q6404741,Kidepo Airport,Kidepo Airport,5,0,70.1,"airport, commercial traffic aerodrome",1,country_wd
Q6406092,Kiira Hydroelectric Power Station,Kiira Hydroelectric Power Station,5,0,70.1,hydroelectric power station,1,country_wd
Q6416850,Kisoro Airport,Kisoro Airport,5,0,70.1,"airport, commercial traffic aerodrome",1,country_wd
Q6443410,Kumam dialect,Kumam dialect,5,0,70.1,"language, modern language",2,country_wd|keyword_title
Q64926678,Uganda–United Kingdom relations,Uganda–United Kingdom relations,5,0,70.1,bilateral relation,2,country_wd|keyword_title
Q6687528,Lwengo,Lwengo,5,0,70.1,human settlement,1,country_wd
Q6699878,Mitooma,Mitooma,5,0,70.1,"human settlement, sub-county of Uganda",2,country_wd|keyword_title
Q6783287,Masindi Port,Masindi Port,5,0,70.1,human settlement,1,country_wd
Q6787125,Mathias Kiwanuka,Mathias Kiwanuka,5,0,70.1,human,1,citizenship_wd
Q6791956,Matugga,Matugga,5,0,70.1,human settlement,1,country_wd
Q67935040,Uganda at the 2019 World Athletics Championships,Uganda at the 2019 World Athletics Championships,5,0,70.1,nation at the World Athletics Championships,2,country_wd|keyword_title
Q68780095,Kibuli Mosque,Kibuli Mosque,5,0,70.1,mosque,1,country_wd
Q6933087,Muhumusa,Muhumusa,5,0,70.1,human,1,birth_death_wd
Q6958908,Nagongera,Nagongera,5,0,70.1,human settlement,1,country_wd
Q6966465,Narus river,"Narus River, Uganda",5,0,70.1,river,2,country_wd|keyword_title
Q7070894,Nyangia,Nyang'i language,5,0,70.1,"language, dead language, extinct language",1,country_wd
Q71595853,2020 Uganda Cricket World Cup Challenge League B,2022 Cricket World Cup Challenge League B (Uganda),5,0,70.1,sports season,2,country_wd|keyword_title
Q7186495,Mother Temple of Africa,,5,0,70.1,Bahá'í temple,1,country_wd
Q7251087,prostitution in Uganda,Prostitution in Uganda,5,0,70.1,prostitution by region,2,country_wd|keyword_title
Q7304559,Masai,Red Maasai sheep,5,0,70.1,sheep breed,1,country_wd
Q745658,Uganda at the 2012 Summer Paralympics,Uganda at the 2012 Summer Paralympics,5,0,70.1,Paralympics delegation,2,country_wd|keyword_title
Q7826698,Tororo Rock,Tororo Rock,5,0,70.1,"mountain, geographical feature",1,country_wd
Q7877639,Uganda at the 1972 Summer Paralympics,Uganda at the 1972 Summer Paralympics,5,0,70.1,Paralympics delegation,2,country_wd|keyword_title
Q7877649,Uganda at the 2000 Summer Paralympics,Uganda at the 2000 Summer Paralympics,5,0,70.1,Paralympics delegation,2,country_wd|keyword_title
Q7877651,Uganda at the 2004 Summer Paralympics,Uganda at the 2004 Summer Paralympics,5,0,70.1,Paralympics delegation,2,country_wd|keyword_title
Q7877702,Uganda–United States relations,Uganda–United States relations,5,0,70.1,bilateral relation,2,country_wd|keyword_title
Q82213,Dolar Popat,Dolar Popat,5,0,70.1,human,1,birth_death_wd
Q84004959,Maria Auma,,5,0,70.1,human,2,birth_death_wd|citizenship_wd
Q85774640,Kitagwenda District,Kitagwenda District,5,0,70.1,district of Uganda,1,country_wd
Q85811747,Uganda Film Festival Awards,Uganda Film Festival Awards,5,0,70.1,film festival,2,country_wd|keyword_title
Q9091624,Busoga University,Busoga University,5,0,70.1,university,2,country_wd|keyword_title
Q9189055,Charles Mbazira,Charles Mbazira,5,0,70.1,human,1,citizenship_wd
Q9254662,Ernest Buule,Ernest Buule,5,0,70.1,human,1,citizenship_wd
Q9374930,Wilson Achia,Wilson Achia,5,0,70.1,human,1,citizenship_wd
Q938484,Kabaka of Buganda,,5,0,70.1,noble title,1,country_wd
Q96402072,River Manafwa,River Manafwa,5,0,70.1,river,1,country_wd
Q97487775,Kazo District,Kazo District,5,0,70.1,district of Uganda,1,country_wd
Q104835651,Save Uganda Movement,Save Uganda Movement,4,0,69.1,paramilitary organization,2,country_wd|keyword_title
Q104904723,Mariya Nzigiyimana,Mariya Nzigiyimana,4,0,69.1,human,1,birth_death_wd
Q106271438,Cindy Magara,Cindy Magara,4,0,69.1,human,1,citizenship_wd
Q106778471,Refugee Law Project,Refugee Law Project,4,0,69.1,human rights organization,1,country_wd
Q106859660,1977 invasion of Uganda,1977 invasion of Uganda,4,0,69.1,invasion,2,country_wd|keyword_title
Q107579975,Kosovo–Uganda relations,Kosovo–Uganda relations,4,0,69.1,bilateral relation,2,country_wd|keyword_title
Q107639593,Busia Water Supply and Sanitation Project,Busia Water Supply and Sanitation Project,4,0,69.1,,1,country_wd
Q108607671,Gulu Water Supply and Sanitation Project,Gulu Water Supply and Sanitation Project,4,0,69.1,,1,country_wd
Q109282724,Loukman Ali,Loukman Ali,4,0,69.1,human,2,birth_death_wd|citizenship_wd
Q110236042,Operation Mafuta Mingi,Operation Mafuta Mingi,4,0,69.1,attempted coup d'état,1,country_wd
Q111582439,Teresa Akenga,Teresa Akenga,4,0,69.1,human,1,citizenship_wd
Q114930176,Stacey Gillian Abe,,4,0,69.1,human,2,birth_death_wd|citizenship_wd
Q116153684,source of the Nile,Source of the Nile,4,0,69.1,"geographic location, river source",1,country_wd
Q116792365,HemDee Kiwanuka,HemDee Kiwanuka,4,0,69.1,human,2,birth_death_wd|citizenship_wd
Q11727854,John Baptist Rubara Bashobora,John Baptist Bashobora,4,0,69.1,human,2,birth_death_wd|citizenship_wd
Q11727914,John Kakooza,John Kakooza,4,0,69.1,human,1,citizenship_wd
Q11729665,Justin Juuko,Justin Juuko,4,0,69.1,human,2,birth_death_wd|citizenship_wd
Q119998933,Lake Mburo- Nakivali Wetland System,Lake Mburo–Nakivali Wetland System,4,0,69.1,wetland,1,country_wd
Q123594643,John Paul Dembe,John Paul Dembe,4,0,69.1,human,1,citizenship_wd
Q124250794,Ekikibi,Ekikibi,4,0,69.1,"performing arts genre, type of dance",1,country_wd
Q124387446,Fatuma Ndangiza,Fatuma Ndangiza,4,0,69.1,human,1,birth_death_wd
Q126490630,Lake Nyabikere,Lake Nyabikere,4,0,69.1,lake,1,country_wd
Q126737096,River Bujuku,River Bujuku,4,0,69.1,river,1,country_wd
Q126810954,Lake Saka,Lake Saka,4,0,69.1,lake,1,country_wd
Q1276232,West Nile Bank Front,West Nile Bank Front,4,0,69.1,,1,country_wd
Q13026205,Jackson Asiku,Jackson Asiku,4,0,69.1,human,2,birth_death_wd|citizenship_wd
Q13114535,capital punishment in Uganda,Capital punishment in Uganda,4,0,69.1,aspect in a geographic region,2,country_wd|keyword_title
Q1472550,Uganda men's national volleyball team,,4,0,69.1,men’s national volleyball team,1,country_wd
Q1475486,Saulo Musoke,,4,0,69.1,human,2,birth_death_wd|citizenship_wd
Q1528625,Nakasongola Airport,Nakasongola Airport,4,0,69.1,airport,1,country_wd
Q1529143,Mutukula Airport,Mutukula Airport,4,0,69.1,airport,1,country_wd
Q15556545,2012-13 Uganda Super League,2012–13 Uganda Super League,4,0,69.1,sports season,2,country_wd|keyword_title
Q1564286,Mount Luigi di Savoia,,4,0,69.1,mountain,1,country_wd
Q15974750,Ragesh Asthana,Ragesh Asthana,4,0,69.1,human,1,birth_death_wd
Q16196479,Ayelet Gneezy,Ayelet Gneezy,4,0,69.1,human,1,birth_death_wd
Q16201815,Franco Wanyama,Franco Wanyama,4,0,69.1,human,2,birth_death_wd|citizenship_wd
Q16252532,human trafficking in Uganda,Human trafficking in Uganda,4,0,69.1,human trafficking by country or territory,2,country_wd|keyword_title
Q16259629,Uganda women's national rugby union team,Uganda women's national rugby union team,4,0,69.1,women's national rugby union team,2,country_wd|keyword_title
Q16530769,Avtar Singh Bhurji,Avtar Singh Bhurji,4,0,69.1,human,1,citizenship_wd
Q16546294,Fred Ogwang,Fred Ogwang,4,0,69.1,human,1,citizenship_wd
Q16733959,Paskar Owor,Paskar Owor,4,0,69.1,human,2,birth_death_wd|citizenship_wd
Q16751142,Jeremy Lawrance,Jeremy Lawrance,4,0,69.1,human,1,birth_death_wd
Q16821441,1970 Uganda National First Division League,1970 Uganda National First Division League,4,0,69.1,sports season,2,country_wd|keyword_title
Q16821475,1971 Uganda National First Division League,1971 Uganda National First Division League,4,0,69.1,sports season,2,country_wd|keyword_title
Q16821542,1974 Uganda National League,1974 Uganda National League,4,0,69.1,sports season,2,country_wd|keyword_title
Q16821562,1975 Uganda National League,1975 Uganda National League,4,0,69.1,sports season,2,country_wd|keyword_title
Q16821607,1976 Uganda National League,1976 Uganda National League,4,0,69.1,sports season,2,country_wd|keyword_title
Q16821667,1978 Uganda National League,1978 Uganda National League,4,0,69.1,sports season,2,country_wd|keyword_title
Q16821756,1981 Uganda National League,1981 Uganda National League,4,0,69.1,sports season,2,country_wd|keyword_title
Q16821786,1982 Uganda Super League,1982 Uganda Super League,4,0,69.1,sports season,2,country_wd|keyword_title
Q16821822,1983 Uganda Super League,1983 Uganda Super League,4,0,69.1,sports season,2,country_wd|keyword_title
Q16821871,1985 Uganda Super League,1985 Uganda Super League,4,0,69.1,sports season,2,country_wd|keyword_title
Q16821912,1986 Uganda Super League,1986 Uganda Super League,4,0,69.1,sports season,2,country_wd|keyword_title
Q16821947,1987 Uganda Super League,1987 Uganda Super League,4,0,69.1,sports season,2,country_wd|keyword_title
Q16822029,1989 Uganda Super League,1989 Uganda Super League,4,0,69.1,sports season,2,country_wd|keyword_title
Q16822059,1990 Uganda Super League,1990 Uganda Super League,4,0,69.1,sports season,2,country_wd|keyword_title
Q16822107,1991 Uganda Super League,1991 Uganda Super League,4,0,69.1,sports season,2,country_wd|keyword_title
Q16822153,1992 Uganda Super League,1992 Uganda Super League,4,0,69.1,sports season,2,country_wd|keyword_title
Q16822219,1993 Uganda Super League,1993 Uganda Super League,4,0,69.1,sports season,2,country_wd|keyword_title
Q16822251,1994 Uganda Super League,1994 Uganda Super League,4,0,69.1,sports season,2,country_wd|keyword_title
Q16822315,1995 Uganda Super League,1995 Uganda Super League,4,0,69.1,sports season,2,country_wd|keyword_title
Q16822383,1996 Uganda Super League,1996 Uganda Super League,4,0,69.1,sports season,2,country_wd|keyword_title
Q16822427,1997 Uganda Super League,1997 Uganda Super League,4,0,69.1,sports season,2,country_wd|keyword_title
Q16822465,1998 Uganda Super League,1998 Uganda Super League,4,0,69.1,sports season,2,country_wd|keyword_title
Q16822508,1999 Uganda Super League,1999 Uganda Super League,4,0,69.1,sports season,2,country_wd|keyword_title
Q16822685,2000 Uganda Super League,2000 Uganda Super League,4,0,69.1,sports season,2,country_wd|keyword_title
Q16822755,2001 Uganda Super League,2001 Uganda Super League,4,0,69.1,sports season,1,country_wd
Q16822799,2002 Uganda Super League,2002 Uganda Super League,4,0,69.1,sports season,2,country_wd|keyword_title
Q16822824,2002–03 Uganda Super League,2002–03 Uganda Super League,4,0,69.1,sports season,2,country_wd|keyword_title
Q16822930,2005 Uganda Super League,2005 Uganda Super League,4,0,69.1,sports season,2,country_wd|keyword_title
Q16822967,2006 Uganda Super League,2006 Uganda Super League,4,0,69.1,sports season,2,country_wd|keyword_title
Q16822983,2006–07 Uganda Super League,2006–07 Uganda Super League,4,0,69.1,sports season,2,country_wd|keyword_title
Q16823026,2007–08 Uganda Super League,2007–08 Uganda Super League,4,0,69.1,sports season,2,country_wd|keyword_title
Q16823075,2008–09 Uganda Super League,2008–09 Uganda Super League,4,0,69.1,sports season,2,country_wd|keyword_title
Q16823104,2009–10 Uganda Super League,2009–10 Uganda Super League,4,0,69.1,sports season,2,country_wd|keyword_title
Q16823151,2010–11 Uganda Super League,2010–11 Uganda Super League,4,0,69.1,sports season,2,country_wd|keyword_title
Q16823217,2011–12 Uganda Super League,2011–12 Uganda Super League,4,0,69.1,sports season,2,country_wd|keyword_title
Q16823494,2013–14 Uganda Super League,2013–14 Uganda Super League,4,0,69.1,sports season,2,country_wd|keyword_title
Q16823904,3rd Pearl International Film Festival,3rd Pearl International Film Festival,4,0,69.1,film festival edition,1,country_wd
Q16850099,Simon Okwi,Simon Okwi,4,0,69.1,human,2,birth_death_wd|citizenship_wd
Q16887144,Yasser Mugerwa,Yasser Mugerwa,4,0,69.1,human,2,birth_death_wd|citizenship_wd
Q16894374,Lubigi,Lubigi,4,0,69.1,wetland,1,country_wd
Q16901899,Toro-Semliki Wildlife Reserve,Semliki Wildlife Reserve,4,0,69.1,"protected area, forest reserve",1,country_wd
Q16949915,1984 Uganda Super League,1984 Uganda Super League,4,0,69.1,sports season,2,country_wd|keyword_title
Q16951590,2004 Uganda Super League,2004 Uganda Super League,4,0,69.1,sports season,2,country_wd|keyword_title
Q16960912,Abstinence-only sex education in Uganda,Abstinence-only sex education in Uganda,4,0,69.1,education in country or region,2,country_wd|keyword_title
Q17069334,Pearl International Film Festival,Pearl International Film Festival,4,0,69.1,film festival,1,country_wd
Q1707665,Mugenyi Joseph,Joseph Mugenyi Sabiiti,4,0,69.1,human,1,birth_death_wd
Q17086416,visa policy of Uganda,Visa policy of Uganda,4,0,69.1,visa policy,2,country_wd|keyword_title
Q17108392,Savannah Airstrip,Savannah Airstrip,4,0,69.1,"airstrip, commercial traffic aerodrome",1,country_wd
Q17108424,Uganda National Oil Company,Uganda National Oil Company,4,0,69.1,business,2,country_wd|keyword_title
Q17306042,Hussein Shire,Hussein Shire,4,0,69.1,human,1,birth_death_wd
Q18242796,Innocentios Byakatonda,,4,0,69.1,human,1,birth_death_wd
Q18349906,Abortion in Uganda,Abortion in Uganda,4,0,69.1,abortion by country,2,country_wd|keyword_title
Q18357644,Hamu Kayondo,Hamu Kayondo,4,0,69.1,human,2,birth_death_wd|citizenship_wd
Q18392766,Jonathan Sebanja,Jonathan Ssebanja,4,0,69.1,human,1,citizenship_wd
Q18712301,Habib Medical School,Habib Medical School,4,0,69.1,medical school,1,country_wd
Q18986021,Christine H. Sophie Kabuye,Christine H. Sophie Kabuye,4,0,69.1,human,1,citizenship_wd
Q1964393,Namugenyi Kiwanuka,Nam Kiwanuka,4,0,69.1,human,1,birth_death_wd
Q19655566,Erasmus Amukun,Erasmus Amukun,4,0,69.1,human,2,birth_death_wd|citizenship_wd
Q19903271,Fountain Publishers,Fountain Publishers,4,0,69.1,"book publisher, publishing house",1,country_wd
Q20806399,2017 ICC World Cricket League Division Three,2017 ICC World Cricket League Division Three,4,0,69.1,sports competition,1,country_wd
Q21511381,2014–15 Uganda Super League,2014–15 Uganda Super League,4,0,69.1,sports season,2,country_wd|keyword_title
Q21642884,Richard Okia,Richard Okia,4,0,69.1,human,2,birth_death_wd|citizenship_wd
Q22082389,Majanji,Majanji,4,0,69.1,sub-county of Uganda,1,country_wd
Q22669668,William Koskei,Bill Koskei,4,0,69.1,human,1,citizenship_wd
Q23007693,Ali-Shah Jivraj,Ali-Shah Jivraj,4,0,69.1,human,2,birth_death_wd|citizenship_wd
Q2368307,Supreme Court of Uganda,Supreme Court of Uganda,4,0,69.1,supreme court,3,country_wd|keyword_title|part_of_wd
Q24236424,Damba Island,Damba Island,4,0,69.1,island,1,country_wd
Q2442835,Tony Strong,,4,0,69.1,human,1,birth_death_wd
Q2473854,Uganda Bureau of Statistics,Uganda Bureau of Statistics,4,0,69.1,statistical service,3,country_wd|keyword_title|part_of_wd
Q24965529,Nakivale Refugee Settlement,Nakivale Refugee Settlement,4,0,69.1,"human settlement, refugee camp",2,country_wd|keyword_title
Q25052870,Kigezi College Butobere,Kigezi College Butobere,4,0,69.1,school,1,country_wd
Q28056625,Spain–Uganda relations,,4,0,69.1,bilateral relation,1,country_wd
Q28128067,2016–17 Uganda Super League,2016–17 Uganda Premier League,4,0,69.1,sports season,2,country_wd|keyword_title
Q2878500,Bachwezi,Chwezi,4,0,69.1,ethnic group,1,country_wd
Q3016016,Nebbi Airport,Nebbi Airport,4,0,69.1,airport,1,country_wd
Q30557450,Adonia Ayebare,Adonia Ayebare,4,0,69.1,human,2,birth_death_wd|citizenship_wd
Q3417573,Rahim Jaffer,Rahim Jaffer,4,0,69.1,human,1,birth_death_wd
Q35311081,Robert Chemonges,Robert Chemonges,4,0,69.1,human,2,birth_death_wd|citizenship_wd
Q3543156,Uganda men's national field hockey team,Uganda men's national field hockey team,4,0,69.1,national field hockey team,2,country_wd|keyword_title
Q3726249,National Botanical Gardens (Uganda),National Botanical Gardens (Uganda),4,0,69.1,"park, botanical garden",2,country_wd|keyword_title
Q3877580,Noah Babadi Kasule,Noah Babadi Kasule,4,0,69.1,human,2,birth_death_wd|citizenship_wd
Q38943710,Johnston Busingye,Johnston Busingye,4,0,69.1,human,1,birth_death_wd
Q389651,Bunyaruguru,,4,0,69.1,mountain,1,country_wd
Q391085,Freedom & Roam Uganda,Freedom & Roam Uganda,4,0,69.1,"nonprofit organization, lesbian organization",2,country_wd|keyword_title
Q4024590,Ziwa Rhino Sanctuary,Ziwa Rhino Sanctuary,4,0,69.1,protected area,1,country_wd
Q40459204,Mary Musani,Mary Musani,4,0,69.1,human,1,citizenship_wd
Q41410530,The Ben,The Ben,4,0,69.1,human,1,birth_death_wd
Q42307041,Isaac Kiprop,Isaac Kiprop,4,0,69.1,human,2,birth_death_wd|citizenship_wd
Q43901321,David J. Steiner,David J. Steiner,4,0,69.1,human,1,birth_death_wd
Q47015016,Keturah Katunguka,Keturah Katunguka,4,0,69.1,human,2,birth_death_wd|citizenship_wd
Q4719712,Alexander Murdoch Mackay,Alexander Murdoch Mackay,4,0,69.1,human,1,birth_death_wd
Q4723540,Alfred Tucker,Alfred Tucker,4,0,69.1,human,1,citizenship_wd
Q4732280,Alliance Air,Alliance Air (Uganda),4,0,69.1,airline,2,country_wd|keyword_title
Q47483751,Battle of Semuliki,2017 Semuliki attack,4,0,69.1,battle,1,country_wd
Q4766090,Ankole Western University,Ankole Western University,4,0,69.1,university,2,country_wd|keyword_title
Q4790379,Okot River,Okot River,4,0,69.1,river,1,country_wd
Q4815754,Atiak massacre,Atiak massacre,4,0,69.1,massacre,1,country_wd
Q48741701,University of the Sacred Heart Gulu,University of the Sacred Heart Gulu,4,0,69.1,university,1,country_wd
Q48773720,Battle of Lukaya,Battle of Lukaya,4,0,69.1,battle,1,country_wd
Q48800708,Rank insignia of the Ugandan People's Defense Force,Military ranks of Uganda,4,0,69.1,,2,country_wd|keyword_title
Q49318792,Lake Kyaninga,,4,0,69.1,volcanic crater lake,1,country_wd
Q49328394,Echuya Central Forest Reserve,Echuya Central Forest Reserve,4,0,69.1,"forest, forest reserve",1,country_wd
Q4986096,Bugaia Island,Bugaia Island,4,0,69.1,island,1,country_wd
Q5017765,Cairo International Bank,Cairo Bank Uganda,4,0,69.1,business,2,country_wd|keyword_title
Q5083296,Charles Waiswa,Charles Waiswa,4,0,69.1,human,2,birth_death_wd|citizenship_wd
Q5097920,child sacrifice in Uganda,Child sacrifice in Uganda,4,0,69.1,,2,country_wd|keyword_title
Q5134607,Clive Johnstone,Clive Johnstone,4,0,69.1,human,1,birth_death_wd
Q52315563,Simon Ssesazi,Simon Ssesazi,4,0,69.1,human,1,birth_death_wd
Q5373252,Emmanuel Isaneez,Emmanuel Isaneez,4,0,69.1,human,2,birth_death_wd|citizenship_wd
Q54988717,Chile–Uganda relations,,4,0,69.1,bilateral relation,1,country_wd
Q5499420,Fredrick Mugisha,Fredrick Mugisha,4,0,69.1,human,2,birth_death_wd|citizenship_wd
Q55979061,Cesare Asili,Cesare Asili,4,0,69.1,human,1,birth_death_wd
Q5766713,Hinduism in Uganda,Hinduism in Uganda,4,0,69.1,Hinduism of an area,2,country_wd|keyword_title
Q5866984,history of Uganda,History of Uganda (1963–1971),4,0,69.1,aspect of history,2,country_wd|keyword_title
Q5980509,Jimmy Mayanja,Jimmy Mayanja,4,0,69.1,human,1,birth_death_wd
Q6050884,International Health Sciences University,Clarke International University,4,0,69.1,university,1,country_wd
Q60734928,Ronak Patel,Ronak Patel,4,0,69.1,human,1,birth_death_wd
Q60793003,Itanda Falls,Itanda Falls,4,0,69.1,"waterfall, rapids",1,country_wd
Q6192180,Jie,Jie (Uganda),4,0,69.1,ethnic group,2,country_wd|keyword_title
Q6374115,Kasenyi  Airport,Kasenyi Airport,4,0,69.1,airstrip,1,country_wd
Q6417694,Kitagata Hot Springs,Kitagata Hot Springs,4,0,69.1,hot spring,1,country_wd
Q64971706,Poland–Uganda relations,Poland–Uganda relations,4,0,69.1,bilateral relation,2,country_wd|keyword_title
Q6692420,Luuka Town,Luuka Town,4,0,69.1,human settlement,2,country_wd|keyword_title
Q6696571,Napak,Napak,4,0,69.1,human settlement,1,country_wd
Q6706611,Luzira,Luzira,4,0,69.1,neighborhood,1,country_wd
Q6727658,Madi-Okollo County,Madi-Okollo,4,0,69.1,county of Uganda,1,country_wd
Q6741517,Malawi–Uganda relations,Malawi–Uganda relations,4,0,69.1,bilateral relation,2,country_wd|keyword_title
Q6754736,Maramagambo Forest,Maramagambo Forest,4,0,69.1,forest,1,country_wd
Q6979352,National Water and Sewerage Corporation,National Water and Sewerage Corporation,4,0,69.1,"public utility, business",1,country_wd
Q7272863,Quorn Handley,Quorn Handley,4,0,69.1,human,1,birth_death_wd
Q7382331,Russia–Uganda relations,Russia–Uganda relations,4,0,69.1,bilateral relation,2,country_wd|keyword_title
Q7489660,Sharif Bogere,Sharif Bogere,4,0,69.1,human,2,birth_death_wd|citizenship_wd
Q7563661,Soroti University,Soroti University,4,0,69.1,university,1,country_wd
Q7703215,Terrafrica partnership,Terrafrica partnership,4,0,69.1,,1,country_wd
Q7877619,Uganda National Rescue Front,Uganda National Rescue Front,4,0,69.1,,2,country_wd|keyword_title
Q7877634,Uganda Virus Research Institute,Uganda Virus Research Institute,4,0,69.1,research institute,2,country_wd|keyword_title
Q7877643,Uganda at the 1980 Winter Paralympics,Uganda at the 1980 Winter Paralympics,4,0,69.1,Paralympics delegation,2,country_wd|keyword_title
Q7877674,Ugandan English,Ugandan English,4,0,69.1,dialect,2,country_wd|keyword_title
Q7877682,1961 Ugandan general election,1961 Ugandan general election,4,0,69.1,Ugandan general election,3,country_wd|keyword_title|part_of_wd
Q7877683,1962 Ugandan general election,1962 Ugandan general election,4,0,69.1,Ugandan general election,3,country_wd|keyword_title|part_of_wd
Q7877688,"Ugandan multi-party referendum, 2005",2005 Ugandan multi-party referendum,4,0,69.1,referendum,2,country_wd|keyword_title
Q7974756,Watoto Church,Watoto Church,4,0,69.1,church building,2,country_wd|keyword_title
Q84969744,Ugandan cricket team in Qatar in 2019–20,Ugandan cricket team in Qatar in 2019–20,4,0,69.1,,2,country_wd|keyword_title
Q85851550,Nyege Nyege,Nyege Nyege,4,0,69.1,"festival, party",1,country_wd
Q89410552,Michael Atingi-Ego,Michael Atingi-Ego,4,0,69.1,human,2,birth_death_wd|citizenship_wd
Q9368808,Vincent Ruguga,Vincent Ruguga,4,0,69.1,human,1,citizenship_wd
Q96370224,2020 East Africa floods,2020 East Africa floods,4,0,69.1,flood,1,country_wd
Q96377582,FUFA Women Super League,FUFA Women Super League,4,0,69.1,"association football league, recurring sporting event",2,country_wd|keyword_title
Q100884652,Dane Miller Jr.,Dane Miller Jr.,3,0,67.6,human,1,citizenship_wd
Q104037541,Kalaki District,Kalaki District,3,0,67.6,district of Uganda,1,country_wd
Q104857551,Mahathi Fuel Transport and Storage Depot,Mahathi Fuel Transport and Storage Depot,3,0,67.6,,1,country_wd
Q104858222,Arua Hill Sports Club,Arua Hill S.C.,3,0,67.6,"association football club, sports organization",1,country_wd
Q104869924,Arube uprising,Arube uprising,3,0,67.6,attempted coup d'état,2,country_wd|keyword_title
Q10490978,Joseph Fotso,Joseph Fotso,3,0,67.6,human,2,birth_death_wd|citizenship_wd
Q105038407,Operation Dada Idi,Operation Dada Idi,3,0,67.6,military operation,1,country_wd
Q105038459,Uganda–Yugoslavia relations,Uganda–Yugoslavia relations,3,0,67.6,bilateral relation,2,country_wd|keyword_title
Q106424937,Sylvia Cheptoris,Sylvia Cheptoris,3,0,67.6,human,1,citizenship_wd
Q10661294,Sanga Island,,3,0,67.6,island,1,country_wd
Q10686009,"Embassy of Sweden, Kampala",,3,0,67.6,embassy,2,country_wd|part_of_wd
Q107359923,Iddi Basajjabalaba Memorial Library,The Iddi Basajjabalaba Memorial Library,3,0,67.6,academic library,1,country_wd
Q108314425,Grace Muliisa,Grace Muliisa,3,0,67.6,human,1,citizenship_wd
Q10874237,ambassador of China to Uganda,List of ambassadors of China to Uganda,3,0,67.6,position,3,country_wd|keyword_title|part_of_wd
Q108823716,Victoria Katamba,Victoria Katamba,3,0,67.6,human,1,citizenship_wd
Q108899143,Isingiro Water Supply and Sanitation Project,Isingiro Water Supply and Sanitation Project,3,0,67.6,,1,country_wd
Q109058900,Former Uganda National Army,Former Uganda National Army,3,0,67.6,guerrilla organization,2,country_wd|keyword_title
Q109529927,Suzan Mweheire Kitariko,Suzan Mweheire Kitariko,3,0,67.6,human,1,citizenship_wd
Q109546702,Uganda at the African Games,Uganda at the African Games,3,0,67.6,nation at sport competition,2,country_wd|keyword_title
Q110877810,Veronica Sentongo,Veronica Sentongo,3,0,67.6,human,1,citizenship_wd
Q110982815,Nectarios Kabuye,,3,0,67.6,human,2,birth_death_wd|citizenship_wd
Q111943001,Uganda at the 2022 Commonwealth Games,Uganda at the 2022 Commonwealth Games,3,0,67.6,nation at sport competition,2,country_wd|keyword_title
Q111948204,Masaka–Mbarara Water Supply and Sanitation Project,Masaka–Mbarara Water Supply and Sanitation Project,3,0,67.6,,1,country_wd
Q111948377,Nana Mwafrika Mbarikiwa,Nalongo Nana Mwafrika,3,0,67.6,human,1,citizenship_wd
Q112078133,Uganda Wildlife Conservation Education Center,Uganda Wildlife Conservation Education Centre,3,0,67.6,"zoo, Conservation Education Centre",2,country_wd|keyword_title
Q112124781,Uganda Forestry Working Group,Uganda Forestry Working Group,3,0,67.6,organization,2,country_wd|keyword_title
Q112648868,Rukungiri Water Supply and Sanitation Project,Rukungiri Water Supply and Sanitation Project,3,0,67.6,,1,country_wd
Q113549921,Flavia Senkubuge,Flavia Senkubuge,3,0,67.6,human,1,birth_death_wd
Q116890347,Lawrence Lorot,,3,0,67.6,human,2,birth_death_wd|citizenship_wd
Q116911283,Annet Chemengich Chelangat,,3,0,67.6,human,1,citizenship_wd
Q11699013,Fulgence Rwabu,Fulgence Rwabu,3,0,67.6,human,1,citizenship_wd
Q117265856,"Anti-Homosexuality Bill, 2023","Anti-Homosexuality Act, 2023",3,0,67.6,act of parliament,3,country_wd|keyword_title|part_of_wd
Q11727172,Jildo Irwa,,3,0,67.6,human,1,birth_death_wd
Q119149376,Aruu Falls,Aruu Falls,3,0,67.6,waterfall,1,country_wd
Q120082755,Ugandan cricket team in Namibia in 2023,Ugandan cricket team in Namibia in 2023,3,0,67.6,sports tour,2,country_wd|keyword_title
Q120629782,Management and Conservation of Wetlands In Uganda,Management and conservation of wetlands in Uganda,3,0,67.6,,2,country_wd|keyword_title
Q121538523,Miriadua waterfalls,Miriadua Falls,3,0,67.6,waterfall,1,country_wd
Q121608394,Uganda at the 2021 Summer World University Games,Uganda at the 2021 Summer World University Games,3,0,67.6,nation at sport competition,2,country_wd|keyword_title
Q122909956,Disability in Uganda,Disability in Uganda,3,0,67.6,aspect in a geographic region,2,country_wd|keyword_title
Q123200540,Uganda Muslim Supreme Council,Uganda Muslim Supreme Council,3,0,67.6,Islamic organization,2,country_wd|keyword_title
Q12327985,Mustapha Wasajja,,3,0,67.6,human,2,birth_death_wd|citizenship_wd
Q123717333,Hoima Sports Stadium,Hoima City Stadium,3,0,67.6,"stadium, sports venue, association football venue",1,country_wd
Q124251084,Orunyege-Ntogoro,Orunyege-Ntogoro,3,0,67.6,type of dance,1,country_wd
Q124352993,Ebyevugo,Ebyevugo,3,0,67.6,,1,country_wd
Q124394995,Steven Kabuye,Steven Kabuye,3,0,67.6,human,1,citizenship_wd
Q124486458,Uganda at the 2024 World Aquatics Championships,Uganda at the 2024 World Aquatics Championships,3,0,67.6,nation at sport competition,2,country_wd|keyword_title
Q1253858,list of ambassadors of Israel to Uganda,List of ambassadors of Israel to Uganda,3,0,67.6,Wikimedia list of persons by position held,3,country_wd|keyword_title|part_of_wd
Q125635170,Soft Ground Wrestling,Soft Ground Wrestling,3,0,67.6,"wrestling, professional wrestling, planned event",1,country_wd
Q126477627,River Ayago,River Ayago,3,0,67.6,river,1,country_wd
Q126721549,Lake Rwizongo,Lake Rwizongo,3,0,67.6,volcanic crater lake,1,country_wd
Q126915619,Lake Kamunzuku,Lake Kamunzuku,3,0,67.6,lake,1,country_wd
Q130553897,Paul Lomuria,,3,0,67.6,human,2,birth_death_wd|citizenship_wd
Q130725763,Dennis Kasumba,Dennis Kasumba,3,0,67.6,human,2,birth_death_wd|citizenship_wd
Q131443328,River Enyau,River Enyau,3,0,67.6,,1,country_wd
Q133154856,Abairo Falls,Abairo Falls,3,0,67.6,waterfall,1,country_wd
Q136236857,Uganda at the 2025 World Athletics Championships,Uganda at the 2025 World Athletics Championships,3,0,67.6,nation at sport competition,2,country_wd|keyword_title
Q136346072,2025–26 Uganda Premier League,2025–26 Uganda Premier League,3,0,67.6,sports season,2,country_wd|keyword_title
Q1408749,Festo Kivengere,Festo Kivengere,3,0,67.6,human,1,citizenship_wd
Q14475298,Royal Daisy Airlines,Royal Daisy Airlines,3,0,67.6,airline,1,country_wd
Q15224125,Hima Cement Limited,Hima Cement Limited,3,0,67.6,business,1,country_wd
Q15243170,Lweeza,Lweeza,3,0,67.6,human settlement,1,country_wd
Q15244001,Makerere University School of Medicine,Makerere University School of Medicine,3,0,67.6,medical school,1,country_wd
Q15252352,Muvumbe Hydroelectric Power Station,Muvumbe Hydroelectric Power Station,3,0,67.6,hydroelectric power station,1,country_wd
Q15488561,Jeremy Bolt,Jeremy Bolt,3,0,67.6,human,1,birth_death_wd
Q16019740,Matthew Power,Matthew Power,3,0,67.6,human,1,birth_death_wd
Q16192611,Benon Biraaro,Benon Biraaro,3,0,67.6,human,2,birth_death_wd|citizenship_wd
Q16203739,National Army for the Liberation of Uganda,National Army for the Liberation of Uganda,3,0,67.6,guerrilla organization,2,country_wd|keyword_title
Q16254592,Okada,Okada (motorcycle taxi),3,0,67.6,mode of transport,1,country_wd
Q16821393,1968–69 Uganda National First Division League,1968–69 Uganda National First Division League,3,0,67.6,sports season,2,country_wd|keyword_title
Q16821416,1969 Uganda National First Division League,1969 Uganda National First Division League,3,0,67.6,sports season,2,country_wd|keyword_title
Q16821469,1971 Uganda Cup,1971 Uganda Cup,3,0,67.6,sports season,2,country_wd|keyword_title
Q16821633,1977 Uganda Cup,1977 Uganda Cup,3,0,67.6,sports season,2,country_wd|keyword_title
Q16821691,1979 Uganda Cup,1979 Uganda Cup,3,0,67.6,sports season,2,country_wd|keyword_title
Q16821695,1979 Uganda National League,1979 Uganda National League,3,0,67.6,sports season,2,country_wd|keyword_title
Q16821730,1980 Uganda National League,1980 Uganda National League,3,0,67.6,sports season,2,country_wd|keyword_title
Q16821781,1982 Uganda Cup,1982 Uganda Cup,3,0,67.6,sports season,2,country_wd|keyword_title
Q16821817,1983 Uganda Cup,1983 Uganda Cup,3,0,67.6,sports season,2,country_wd|keyword_title
Q16821837,1984 Uganda Cup,1984 Uganda Cup,3,0,67.6,sports season,2,country_wd|keyword_title
Q16821866,1985 Uganda Cup,1985 Uganda Cup,3,0,67.6,sports season,2,country_wd|keyword_title
Q16821907,1986 Uganda Cup,1986 Uganda Cup,3,0,67.6,sports season,2,country_wd|keyword_title
Q16821942,1987 Uganda Cup,1987 Uganda Cup,3,0,67.6,sports season,2,country_wd|keyword_title
Q16821989,1988 Uganda Cup,1988 Uganda Cup,3,0,67.6,sports season,2,country_wd|keyword_title
Q16821993,1988 Uganda Super League,1988 Uganda Super League,3,0,67.6,sports season,2,country_wd|keyword_title
Q16822055,1990 Uganda Cup,1990 Uganda Cup,3,0,67.6,sports season,2,country_wd|keyword_title
Q16822102,1991 Uganda Cup,1991 Uganda Cup,3,0,67.6,sports season,2,country_wd|keyword_title
Q16822148,1992 Uganda Cup,1992 Uganda Cup,3,0,67.6,sports season,2,country_wd|keyword_title
Q16822214,1993 Uganda Cup,1993 Uganda Cup,3,0,67.6,sports season,2,country_wd|keyword_title
Q16822246,1994 Uganda Cup,1994 Uganda Cup,3,0,67.6,sports season,2,country_wd|keyword_title
Q16822310,1995 Uganda Cup,1995 Uganda Cup,3,0,67.6,sports season,2,country_wd|keyword_title
Q16822422,1997 Uganda Cup,1997 Uganda Cup,3,0,67.6,sports season,2,country_wd|keyword_title
Q16822460,1998 Uganda Cup,1998 Uganda Cup,3,0,67.6,sports season,2,country_wd|keyword_title
Q16822680,2000 Uganda Cup,2000 Uganda Cup,3,0,67.6,sports season,2,country_wd|keyword_title
Q16822751,2001 Uganda Cup,2001 Uganda Cup,3,0,67.6,sports season,2,country_wd|keyword_title
Q16848090,Proline FC,Proline FC,3,0,67.6,association football club,1,country_wd
Q16852425,Order of Katonga,Order of Katonga,3,0,67.6,military decoration,1,country_wd
Q16868935,Angal Hospital,Angal Hospital,3,0,67.6,hospital,1,country_wd
Q16893188,Katosi,Katosi,3,0,67.6,human settlement,1,country_wd
Q16896010,Ntoroko,Ntoroko,3,0,67.6,human settlement,1,country_wd
Q16900248,Siti I Hydroelectric Power Station,Siti I Hydroelectric Power Station,3,0,67.6,hydroelectric power station,1,country_wd
Q16934764,Uganda at the 2014 Summer Youth Olympics,Uganda at the 2014 Summer Youth Olympics,3,0,67.6,nation at sport competition,2,country_wd|keyword_title
Q16950097,1989 Uganda Cup,1989 Uganda Cup,3,0,67.6,sports season,2,country_wd|keyword_title
Q16968452,Reformed Presbyterian Church in Africa,Reformed Presbyterian Church in Africa (Uganda),3,0,67.6,Christian denomination,2,country_wd|keyword_title
Q16976247,Nyamuliro mine,Nyamuliro mine,3,0,67.6,mine,1,country_wd
Q16979846,Bonnie Lubega,Bonnie Lubega,3,0,67.6,human,2,birth_death_wd|citizenship_wd
Q17108228,Elgon Cup (men's),Elgon Cup,3,0,67.6,"recurring sporting event, international rugby union competition",1,country_wd
Q17108317,Medical school in Uganda,Medical school in Uganda,3,0,67.6,,2,country_wd|keyword_title
Q17108352,Movie Furnace,Movie Furnace,3,0,67.6,film festival,1,country_wd
Q17306357,Dick Olum,Dick Olum,3,0,67.6,human,2,birth_death_wd|citizenship_wd
Q1734676,Karuma Falls,,3,0,67.6,waterfall,1,country_wd
Q17386448,Fidelis Ndyabagye,Fidelis Ndyabagye,3,0,67.6,human,1,citizenship_wd
Q1802286,Mparo,"Mparo, Hoima",3,0,67.6,human-geographic territorial entity,1,country_wd
Q18350879,Luwero Secondary School,Luweero Secondary School,3,0,67.6,school,1,country_wd
Q18351458,Infectious Diseases Institute,Infectious Diseases Institute,3,0,67.6,"school, research institute",1,country_wd
Q18386821,Kampala Central Division,Kampala Central Division,3,0,67.6,"administrative territorial entity, division of Uganda, Ugandan Parliamentary constituency",2,country_wd|keyword_title
Q18387320,Katwe craters,Katwe craters,3,0,67.6,,1,country_wd
Q18394920,Universal Technology and Management University,Universal Technology and Management University,3,0,67.6,university,2,country_wd|keyword_title
Q1844482,African Bible Colleges,African Bible Colleges,3,0,67.6,"higher education institution, Bible college",1,country_wd
Q19383574,"Embassy of Norway, Kampala",,3,0,67.6,embassy,2,country_wd|part_of_wd
Q19655214,Ben Nduga,Ben Nduga,3,0,67.6,human,1,citizenship_wd
Q19667342,Herman Kasekende,Herman Kasekende,3,0,67.6,human,2,birth_death_wd|citizenship_wd
Q19668647,Ronald Ssemanda,Ronald Ssemanda,3,0,67.6,human,2,birth_death_wd|citizenship_wd
Q19865994,Baruuli,Baruuli,3,0,67.6,ethnic group,1,country_wd
Q19895681,Kyebambe Girls' Secondary School,Kyebambe Girls' Secondary School,3,0,67.6,school,1,country_wd
Q20311252,1998 in Uganda,1998 in Uganda,3,0,67.6,events in a specific year or time period,2,country_wd|keyword_title
Q20311715,2005 in Uganda,2005 in Uganda,3,0,67.6,events in a specific year or time period,2,country_wd|keyword_title
Q20312598,1971 in Uganda,1971 in Uganda,3,0,67.6,events in a specific year or time period,2,country_wd|keyword_title
Q20746286,Mara Wetland,Mara Wetland,3,0,67.6,,1,country_wd
Q20965925,UMEME FC,,3,0,67.6,association football club,1,country_wd
Q20981442,Shukri Conrad,Shukri Conrad,3,0,67.6,human,1,citizenship_wd
Q2102750,Polycarp Nyamuchoncho,,3,0,67.6,human,1,citizenship_wd
Q21974275,Chobe Safari Lodge Airport,Chobe Safari Lodge Airport,3,0,67.6,"airport, commercial traffic aerodrome",1,country_wd
Q21974285,Ishasha River Camp Airport,Ishasha River Camp Airport,3,0,67.6,airport,1,country_wd
Q22082387,Lumino,"Lumino, Uganda",3,0,67.6,human settlement,2,country_wd|keyword_title
Q22082398,Nakaloke,Nakaloke,3,0,67.6,sub-county of Uganda,1,country_wd
Q22672637,African College Of Commerce and Technology,African College of Commerce and Technology,3,0,67.6,vocational school,1,country_wd
Q23013693,Kaazi,Kaazi,3,0,67.6,,1,country_wd
Q23013933,Uganda women's national handball team,Uganda women's national handball team,3,0,67.6,women's national handball team,2,country_wd|keyword_title
Q23058233,2015–16 Uganda Super League,2015–16 Uganda Premier League,3,0,67.6,sports season,2,country_wd|keyword_title
Q23409638,Bob Kabonero,Bob Kabonero,3,0,67.6,human,2,birth_death_wd|citizenship_wd
Q23409751,Tendo Mbazzi,Tendo Mbazzi,3,0,67.6,human,1,birth_death_wd
Q23416827,Keith Legesi,Keith Legesi,3,0,67.6,human,1,birth_death_wd
Q23541100,Michael Ndiko,Michael Ndiko,3,0,67.6,human,1,birth_death_wd
Q23759575,Ramanan Laxminarayan,Ramanan Laxminarayan,3,0,67.6,human,1,birth_death_wd
Q23808605,Soroti University School of Health Sciences,Soroti University School of Medicine and Health Sciences,3,0,67.6,academic institution,1,country_wd
Q23887989,Ivan Thawithemwira,Ivan Thawithemwira,3,0,67.6,human,1,birth_death_wd
Q24894892,Rhino Camp Refugee Settlement,Rhino Camp Refugee Settlement,3,0,67.6,"human settlement, refugee camp",1,country_wd
Q25051453,"St. Leo’s College, Kyegobe","St. Leo's College, Kyegobe",3,0,67.6,school,1,country_wd
Q25101401,Matany Airstrip,Matany Airstrip,3,0,67.6,aerodrome,1,country_wd
Q25104059,Uganda Christian University School of Medicine,Uganda Christian University School of Medicine,3,0,67.6,academic institution,2,country_wd|keyword_title
Q25377325,Uganda at the Deaflympics,Uganda at the Deaflympics,3,0,67.6,nation at sport competition,2,country_wd|keyword_title
Q2687826,Constitution of Uganda,Constitution of Uganda,3,0,67.6,constitution,3,country_wd|keyword_title|part_of_wd
Q28231896,Zoka Forest,Zoka Forest,3,0,67.6,forest,1,country_wd
Q28232201,Uganda Electricity Distribution Company Limited,Uganda Electricity Distribution Company Limited,3,0,67.6,business,2,country_wd|keyword_title
Q2841772,"Embassy of France, Kampala",,3,0,67.6,embassy,2,country_wd|part_of_wd
Q28494675,list of UNESCO Intangible Cultural Heritage elements in Uganda,,3,0,67.6,Wikimedia list article,1,country_wd
Q29467360,Donald Kingdon,Donald Kingdon,3,0,67.6,human,1,citizenship_wd
Q29842989,Mustafa Musa,Mustafa Musa,3,0,67.6,human,1,citizenship_wd
Q29876765,Young Baganda Association,Young Baganda Association,3,0,67.6,political party,1,country_wd
Q30624741,Kagitumba river,Kagitumba river,3,0,67.6,border river,1,country_wd
Q30639488,Intersex rights in Uganda,Intersex rights in Uganda,3,0,67.6,Intersexuation by geographical area,2,country_wd|keyword_title
Q30641591,Uganda women's national 3x3 team,Uganda women's national 3x3 team,3,0,67.6,national basketball team,2,country_wd|keyword_title
Q3077985,Fort Portal,,3,0,67.6,"volcano, mountain",1,country_wd
Q31296000,Azerbaijan–Uganda relations,,3,0,67.6,bilateral relation,1,country_wd
Q31886540,Butebo,Butebo,3,0,67.6,sub-county of Uganda,1,country_wd
Q31930311,Katabi,,3,0,67.6,sub-county of Uganda,1,country_wd
Q3194269,Katunga,,3,0,67.6,mountain,1,country_wd
Q3194272,Katwe-Kikorongo,,3,0,67.6,mountain,1,country_wd
Q3200888,Kyatwa,,3,0,67.6,"volcano, mountain",1,country_wd
Q33089292,Sunday Olweny,Sunday Olweny,3,0,67.6,human,1,citizenship_wd
Q34134312,Davis Lusimbo,Davis Lusimbo,3,0,67.6,human,2,birth_death_wd|citizenship_wd
Q34197405,Gadi Ado,Gadi Ado,3,0,67.6,human,2,birth_death_wd|citizenship_wd
Q3460820,Dick Watling,Dick Watling,3,0,67.6,human,1,birth_death_wd
Q35464933,Malaba,,3,0,67.6,stream,1,country_wd
Q35733696,Lake Nakuwa,,3,0,67.6,lake,1,country_wd
Q3667995,Uganda Episcopal Conference,Uganda Episcopal Conference,3,0,67.6,episcopal conference,2,country_wd|keyword_title
Q3707404,HIV/AIDS in Uganda,HIV/AIDS in Uganda,3,0,67.6,HIV/AIDS in a geographical region,2,country_wd|keyword_title
Q3741172,Uganda Basketball Federation,,3,0,67.6,sports governing body,1,country_wd
Q3741374,Uganda Rugby Union,Uganda Rugby Union,3,0,67.6,rugby union governing body,2,country_wd|keyword_title
Q38249479,Kakumiro,Kakumiro,3,0,67.6,human-geographic territorial entity,1,country_wd
Q38249616,"Mparo, Rukiga","Mparo, Rukiga",3,0,67.6,"administrative territorial entity, human-geographic territorial entity",1,country_wd
Q38251542,Vule Airways,Vule Airways,3,0,67.6,airline,1,country_wd
Q389615,Bahá'í Faith in Uganda,Baháʼí Faith in Uganda,3,0,67.6,Baháʼí Faith of an area,2,country_wd|keyword_title
Q39060927,Achwa 2 Hydroelectric Power Station,Achwa 2 Hydroelectric Power Station,3,0,67.6,hydroelectric power station,1,country_wd
Q39337161,Uganda at the 2017 World Games,,3,0,67.6,nation at sport competition,1,country_wd
Q40704070,Bemanya Twebaze,Bemanya Twebaze,3,0,67.6,human,2,birth_death_wd|citizenship_wd
Q43195171,Harriet Magala,Harriet Magala,3,0,67.6,human,2,birth_death_wd|citizenship_wd
Q4501469,Christianity in Uganda,,3,0,67.6,Christianity of an area,1,country_wd
Q4618776,2010 Victoria Cup,2010 Victoria Cup,3,0,67.6,sports season,1,country_wd
Q4681160,Addil Somani,Addil Somani,3,0,67.6,human,1,birth_death_wd
Q4790716,Aringa people,Aringa people,3,0,67.6,"ethnic group, tribe",1,country_wd
Q48182192,"Access to Satellite TV for 10,000 African Villages","Access to Satellite TV for 10,000 African Villages",3,0,67.6,"cooperation, international aid",1,country_wd
Q4830815,Ayago Power Station,Ayago Hydroelectric Power Station,3,0,67.6,hydroelectric power station,1,country_wd
Q48608041,Uganda at the 2018 Commonwealth Games,Uganda at the 2018 Commonwealth Games,3,0,67.6,nation at sport competition,2,country_wd|keyword_title
Q48775466,Rubanda,Rubanda,3,0,67.6,human settlement,1,country_wd
Q48815606,Kabale University School of Medicine,Kabale University School of Medicine,3,0,67.6,academic institution,1,country_wd
Q49651961,Lingira Island,,3,0,67.6,island,1,country_wd
Q4986200,Bugisu sub-region,Bugisu sub-region,3,0,67.6,sub-region of Uganda,1,country_wd
Q4986333,Buhweju,"Nsiika, Uganda",3,0,67.6,human settlement,2,country_wd|keyword_title
Q5001332,Kabalega Hydroelectric Power Station,Kabalega Hydroelectric Power Station,3,0,67.6,hydroelectric power station,1,country_wd
Q5002335,Butabika Hospital,Butabika Hospital,3,0,67.6,hospital,1,country_wd
Q5079276,Charles Ingabire,Charles Ingabire,3,0,67.6,human,1,birth_death_wd
Q5140961,Coffee production in Uganda,Coffee production in Uganda,3,0,67.6,"economic production, aspect in a geographic region",2,country_wd|keyword_title
Q5154216,Communications in Uganda,Communications in Uganda,3,0,67.6,,2,country_wd|keyword_title
Q5238288,David Oyite-Ojok,David Oyite-Ojok,3,0,67.6,human,1,citizenship_wd
Q5312410,Dufile,Dufile,3,0,67.6,human settlement,1,country_wd
Q5360372,Eliaba James Surur,Eliaba James Surur,3,0,67.6,human,1,birth_death_wd
Q5379317,Enoch Olinga,Enoch Olinga,3,0,67.6,human,2,birth_death_wd|citizenship_wd
Q5447084,Field marshal,Field marshal (Uganda),3,0,67.6,,2,country_wd|keyword_title
Q5455058,Fishing in Uganda,Fishing industry in Uganda,3,0,67.6,,2,country_wd|keyword_title
Q5471796,Baker's Fort,Fort Patiko,3,0,67.6,fort,1,country_wd
Q55075075,Simba Cement Uganda Limited,Simba Cement Uganda Limited,3,0,67.6,,2,country_wd|keyword_title
Q55603136,Achwa 1 Hydroelectric Power Station,Achwa 1 Hydroelectric Power Station,3,0,67.6,hydroelectric power station,1,country_wd
Q55606095,Bugoloobi Wastewater Treatment Plant,Bugolobi Wastewater Treatment Plant,3,0,67.6,wastewater treatment plant,1,country_wd
Q55615994,Killing of disabled children in Uganda,Killing of disabled children in Uganda,3,0,67.6,,2,country_wd|keyword_title
Q5585579,Gordon Morgan,Gordon Morgan (English cricketer),3,0,67.6,human,1,birth_death_wd
Q56339960,Angelo Tarantino,,3,0,67.6,human,1,birth_death_wd
Q56340414,Angelo Negri,,3,0,67.6,human,1,birth_death_wd
Q56340417,Vincent Billington,Vincent Billington,3,0,67.6,human,1,citizenship_wd
Q5643863,Ham Mukasa,Ham Mukasa,3,0,67.6,human,1,citizenship_wd
Q56515827,Coorom,,3,0,67.6,,1,country_wd
Q57272302,U-Report,U-Report,3,0,67.6,organization,1,country_wd
Q57880790,Emmy Okello,Emmy Okello,3,0,67.6,human,2,birth_death_wd|citizenship_wd
Q58641627,Anne Abeja Muhwezi,Anne Abeja Muhwezi,3,0,67.6,human,2,birth_death_wd|citizenship_wd
Q5900255,Baker Karim,,3,0,67.6,human,1,birth_death_wd
Q5994700,Ihimba Hot Springs,Ihimba Hot Springs,3,0,67.6,hot spring,1,country_wd
Q60379207,Pete Pearson,"P. C. ""Pete"" Pearson",3,0,67.6,human,1,birth_death_wd
Q60745666,Lugonjo,Lugonjo,3,0,67.6,human settlement,1,country_wd
Q60747298,New Karuma Bridge,New Karuma Bridge,3,0,67.6,bridge,1,country_wd
Q60785094,Ndrulo,Ndrulo language,3,0,67.6,"modern language, languoid",1,country_wd
Q61710195,Stephen Kusasira,Stephen Kusasira,3,0,67.6,human,2,birth_death_wd|citizenship_wd
Q61996747,Mahesh Champaklal,Mahesh Champaklal,3,0,67.6,human,1,birth_death_wd
Q6202524,Jinja College,Jinja College,3,0,67.6,school,1,country_wd
Q6272783,Jonathan Clayden,Jonathan Clayden,3,0,67.6,human,1,birth_death_wd
Q6344551,Kabwoya Wildlife Reserve,Kabwoya Wildlife Reserve,3,0,67.6,wildlife reserve,1,country_wd
Q6359115,Kampala International University School of Health Sciences,Kampala International University School of Health Sciences,3,0,67.6,university,2,country_wd|keyword_title
Q6378469,Katwe,Katwe,3,0,67.6,neighborhood,1,country_wd
Q63968700,South Korea–Uganda relations,,3,0,67.6,bilateral relation,1,country_wd
Q63986504,Belarus–Uganda relations,,3,0,67.6,bilateral relation,1,country_wd
Q64159593,Japan–Uganda relations,,3,0,67.6,bilateral relation,1,country_wd
Q6427154,Kole,"Kole, Uganda",3,0,67.6,human settlement,2,country_wd|keyword_title
Q6443863,Kumi University,Kumi University,3,0,67.6,university,1,country_wd
Q6450648,Kyadondo Rugby Club,Kyadondo Rugby Club,3,0,67.6,"sports venue, rugby union field",1,country_wd
Q6450702,Kyambura Game Reserve,Kyambura Game Reserve,3,0,67.6,national park,1,country_wd
Q6450730,Kyankwanzi,Kyankwanzi,3,0,67.6,human settlement,1,country_wd
Q6478266,Lake Victoria ferries,Lake Victoria ferries,3,0,67.6,transport network,1,country_wd
Q6482752,Lamwo,Lamwo,3,0,67.6,human settlement,1,country_wd
Q6486380,Lango College,Lango College,3,0,67.6,"school, secondary school",1,country_wd
Q64920406,Rwanda–Uganda relations,,3,0,67.6,bilateral relation,1,country_wd
Q65067795,MAF Uganda,MAF Uganda,3,0,67.6,airline,2,country_wd|keyword_title
Q65084585,Alliance for National Transformation,Alliance for National Transformation,3,0,67.6,political party,1,country_wd
Q6696771,Nwoya,Nwoya,3,0,67.6,human settlement,1,country_wd
Q6696899,Otuke,Otuke,3,0,67.6,human settlement,1,country_wd
Q6702607,Lukwata,Lukwata,3,0,67.6,,1,country_wd
Q6706136,Luwero triangle,Luwero Triangle,3,0,67.6,territory,1,country_wd
Q6739286,Makerere University Business School,Makerere University Business School,3,0,67.6,public university,1,country_wd
Q6739292,Makerere University School of Public Health,Makerere University School of Public Health,3,0,67.6,faculty,1,country_wd
Q6739550,Makindye,Makindye,3,0,67.6,neighborhood,1,country_wd
Q67758661,Independence Monument,Independence Monument (Uganda),3,0,67.6,"statue, monument, memorial",2,country_wd|keyword_title
Q6782274,Masaba people,Masaba people,3,0,67.6,ethnic group,1,country_wd
Q68013579,Baptist Union of Uganda,Baptist Union of Uganda,3,0,67.6,religious organization,2,country_wd|keyword_title
Q6872384,Miracle Centre Cathedral,Miracle Centre Cathedral,3,0,67.6,"megachurch, Protestant church building",1,country_wd
Q68794636,Our Lady of Sorrows Cathedral – Kitovu,,3,0,67.6,Catholic cathedral,1,country_wd
Q6887337,Mobina Jaffer,Mobina Jaffer,3,0,67.6,human,1,birth_death_wd
Q6936076,Muni University,Muni University,3,0,67.6,university,1,country_wd
Q6962116,Namugongo Martyrs Shrine,Namugongo,3,0,67.6,"human settlement, monument",1,country_wd
Q7036952,Nile Bank Limited,Nile Bank Limited,3,0,67.6,business,1,country_wd
Q7067630,Ntinda,Ntinda,3,0,67.6,neighborhood,1,country_wd
Q7070788,Nyagak III Power Station,Nyagak III Hydroelectric Power Station,3,0,67.6,hydroelectric power station,1,country_wd
Q7082486,Okollo,Okollo,3,0,67.6,"human settlement, sub-county of Uganda",1,country_wd
Q7110089,Otze Forest Wildlife Sanctuary,Otze Forest Wildlife Sanctuary,3,0,67.6,wildlife refuge,1,country_wd
Q71315646,Haruna Nsubuga,Haruna Nsubuga,3,0,67.6,human,1,citizenship_wd
Q7146120,Patrick Bitature,Patrick Bitature,3,0,67.6,human,2,birth_death_wd|citizenship_wd
Q7190050,Pian Upe Wildlife Reserve,Pian Upe Wildlife Reserve,3,0,67.6,"protected area, forest reserve",1,country_wd
Q7229726,Popular Resistance Army,Popular Resistance Army,3,0,67.6,,1,country_wd
Q7240751,Presbyterian Church in Uganda,Presbyterian Church in Uganda,3,0,67.6,Christian denomination,2,country_wd|keyword_title
Q7257845,public holidays in Uganda,Public holidays in Uganda,3,0,67.6,Wikimedia list article,2,country_wd|keyword_title
Q7376002,Ruben Spartas Mukasa,Ruben Spartas Mukasa,3,0,67.6,human,2,birth_death_wd|citizenship_wd
Q7397613,Sadat Tebazaalwa,Sadat Tebazaalwa,3,0,67.6,human,1,citizenship_wd
Q7522011,Sinclair Beiles,Sinclair Beiles,3,0,67.6,human,1,birth_death_wd
Q7703950,terrorism in Uganda,Terrorism in Uganda,3,0,67.6,aspect in a geographic region,2,country_wd|keyword_title
Q7705542,Teso sub-region,Teso sub-region,3,0,67.6,sub-region of Uganda,1,country_wd
Q7826692,Tororo Cement Limited,Tororo Cement Limited,3,0,67.6,business,1,country_wd
Q7877611,Uganda Martyrs University School of Medicine,Uganda Martyrs University School of Medicine,3,0,67.6,university,2,country_wd|keyword_title
Q7877631,Uganda Senior Command and Staff College,Uganda Senior Command and Staff College,3,0,67.6,staff college,2,country_wd|keyword_title
Q7877654,Uganda at the 2009 World Championships in Athletics,Uganda at the 2009 World Championships in Athletics,3,0,67.6,nation at the World Athletics Championships,2,country_wd|keyword_title
Q7877656,Uganda at the 2011 World Championships in Athletics,Uganda at the 2011 World Championships in Athletics,3,0,67.6,nation at the World Athletics Championships,2,country_wd|keyword_title
Q7877689,"Ugandan multi-party referendum, 2000",2000 Ugandan multi-party referendum,3,0,67.6,referendum,2,country_wd|keyword_title
Q7881483,Umeme,Umeme,3,0,67.6,business,1,country_wd
Q7895784,University of Military Science and Technology,Uganda Military Engineering College,3,0,67.6,military university,2,country_wd|keyword_title
Q799195,2010 African Badminton Championships,2010 African Badminton Championships,3,0,67.6,recurring sporting event edition,1,country_wd
Q8001444,wildlife of Uganda,Wildlife of Uganda,3,0,67.6,,2,country_wd|keyword_title
Q85814179,Wakiso Giants FC,Wakiso Giants FC,3,0,67.6,association football club,1,country_wd
Q859697,Bigo Bya Mugenyi,Bigo bya Mugenyi,3,0,67.6,"archaeological site, cultural property",1,country_wd
Q9202518,Daudi Okelo,,3,0,67.6,human,1,birth_death_wd
Q96412032,Uganda Film Festival Award for Best Actor in Film,Uganda Film Festival Award for Best Actor in Film,3,0,67.6,class of award,2,country_wd|keyword_title
Q96412042,Uganda Film Festival Award for Best Actress in a Feature Film,Uganda Film Festival Award for Best Actress in a Feature Film,3,0,67.6,class of award,2,country_wd|keyword_title
Q96412051,Uganda Film Festival Award for Best Cinematography,Uganda Film Festival Award for Best Cinematography,3,0,67.6,"class of award, award for best photography",2,country_wd|keyword_title
Q96412097,Uganda Film Festival Award for Best Director,Uganda Film Festival Award for Best Director,3,0,67.6,class of award,2,country_wd|keyword_title
Q96412101,Uganda Film Festival Award for Best Feature Film,Uganda Film Festival Award for Best Feature Film,3,0,67.6,class of award,2,country_wd|keyword_title
Q96412116,Uganda Film Festival Award for Best Television Drama,Uganda Film Festival Award for Best Television Drama,3,0,67.6,class of award,2,country_wd|keyword_title
Q98539247,Kathleen Grace Noble,Kathleen Grace Noble,3,0,67.6,human,2,birth_death_wd|citizenship_wd
Q98603458,Gabrielle McMullin,Gabrielle McMullin,3,0,67.6,human,1,birth_death_wd
Q98636340,Shadir Musa Bwogi,Shadir Musa Bwogi,3,0,67.6,human,2,birth_death_wd|citizenship_wd
Q99735292,Pheona Wall,Pheona Wall,3,0,67.6,human,2,birth_death_wd|citizenship_wd
Q100136959,Esther Ruth Mbabazi,,2,0,60.5,human,1,citizenship_wd
Q100308123,Mirjam Blaak,Mirjam Blaak,2,0,60.5,human,1,citizenship_wd
Q100637489,Abdallah Nasur,Abdallah Nasur,2,0,60.5,human,1,citizenship_wd
Q104867778,Nubians,Nubians (Uganda),2,0,60.5,,2,country_wd|keyword_title
Q105044448,Jezza,"Jezza, Uganda",2,0,60.5,"village, administrative territorial entity",2,country_wd|keyword_title
Q105635635,embassy of the United States in Uganda,"Embassy of the United States, Kampala",2,0,60.5,Embassy of the United States,2,country_wd|part_of_wd
Q106070421,Radiko,,2,0,60.5,human,2,birth_death_wd|citizenship_wd
Q106342176,foreign support of Uganda in the Uganda–Tanzania War,Foreign support of Uganda in the Uganda–Tanzania War,2,0,60.5,,2,country_wd|keyword_title
Q106538246,Uganda national football team results,Uganda national football team results (2020–present),2,0,60.5,Wikimedia list article,2,country_wd|keyword_title
Q106575340,2021 Uganda International Badminton Championships,,2,0,60.5,Uganda International Badminton Championships,1,country_wd
Q106797105,Entebbe Children's Surgical Hospital,Entebbe Children's Surgical Hospital,2,0,60.5,children's hospital,2,country_wd|keyword_title
Q106936769,Uganda Martyrs Museum,Uganda Martyrs Museum,2,0,60.5,museum,2,country_wd|keyword_title
Q106936822,Cultural Research Centre Museum Jinja,Cultural Research Centre Museum-Jinja,2,0,60.5,"museum, community organization, cultural center",1,country_wd
Q106936881,St. Luke Community Museum,St. Luke Community Museum,2,0,60.5,"museum, cultural center",1,country_wd
Q106937496,Kigulu Cultural Museum-Iganga,Kigulu Cultural Museum,2,0,60.5,museum,1,country_wd
Q107056724,"Sexual Offenses Bill, 2019","Sexual Offences Bill, 2019",2,0,60.5,statute,1,country_wd
Q107333472,Bash Mutumba,,2,0,60.5,human,2,citizenship_wd|ethnic_group_wd
Q107639688,Uganda Nationalist Organization,Uganda Nationalist Organization,2,0,60.5,armed organization,2,country_wd|keyword_title
Q108660876,Moyo Water Supply and Sanitation System,Moyo Water Supply and Sanitation System,2,0,60.5,,1,country_wd
Q108687547,Aubrey Hodges,Aubrey Hodges (cricketer),2,0,60.5,human,1,birth_death_wd
Q109224642,Pius Bigirimana,Pius Bigirimana,2,0,60.5,human,1,citizenship_wd
Q109265406,Anna Talia Oze,Anna Talia Oze,2,0,60.5,human,1,citizenship_wd
Q109658521,Sam Ntulume,Sam Ntulume,2,0,60.5,human,1,citizenship_wd
Q109802110,West Nile campaign,West Nile campaign (October 1980),2,0,60.5,military campaign,1,country_wd
Q110197504,Morris Mugisha,Morris Mugisha,2,0,60.5,human,1,citizenship_wd
Q110242743,Patrick Kimumwe,Patrick Kimumwe,2,0,60.5,human,1,citizenship_wd
Q110320314,road signs in Uganda,Road signs in Uganda,2,0,60.5,aspect in a geographic region,2,country_wd|keyword_title
Q110367654,Kakwenza Rukirabashaija,Kakwenza Rukirabashaija,2,0,60.5,human,2,birth_death_wd|citizenship_wd
Q110517270,2000 Uganda mass deaths,Kanungu cult massacre,2,0,60.5,mass murder,1,country_wd
Q110968297,Joan Nabirye,,2,0,60.5,human,1,citizenship_wd
Q110991191,2022 Uganda International Badminton Championships,,2,0,60.5,Uganda International Badminton Championships,1,country_wd
Q111203409,Sumy Sadurni,Sumy Sadurni,2,0,60.5,human,1,birth_death_wd
Q111300617,Farida Charity,,2,0,60.5,human,1,citizenship_wd
Q111893827,Eseza Omuto,Esther Kazinda,2,0,60.5,human,3,birth_death_wd|citizenship_wd|language_wd
Q111904516,Madi Community Museum,Madi Community Museum,2,0,60.5,"museum, community museum",1,country_wd
Q111947335,Nyamwamba II Hydroelectric Power Station,Nyamwamba II Hydroelectric Power Station,2,0,60.5,hydroelectric power station,1,country_wd
Q111951640,violence against women in Uganda,Violence against women in Uganda,2,0,60.5,"delict, aspect in a geographic region",2,country_wd|keyword_title
Q112633680,Barkcloth making in Uganda,,2,0,60.5,clothmaking,1,country_wd
Q112811534,LASPNET,LASPNET,2,0,60.5,non-governmental organization,1,country_wd
Q112861241,Uganda at the 2022 World Aquatics Championships,Uganda at the 2022 World Aquatics Championships,2,0,60.5,nation at sport competition,2,country_wd|keyword_title
Q113202991,2023 Uganda International Badminton Championships,,2,0,60.5,Uganda International Badminton Championships,1,country_wd
Q113369226,Buhoma,"Buhoma, Uganda",2,0,60.5,"administrative territorial entity, human settlement",2,country_wd|keyword_title
Q113372170,Uganda at the 2021 Islamic Solidarity Games,Uganda at the 2021 Islamic Solidarity Games,2,0,60.5,nation at sport competition,2,country_wd|keyword_title
Q113499585,Angololo Multipurpose Dam,Angololo Multipurpose Dam,2,0,60.5,"dam, hydroelectric power station",1,country_wd
Q113512387,Abel Chebet,,2,0,60.5,human,1,citizenship_wd
Q113671753,2024 Uganda International Badminton Championships,,2,0,60.5,Uganda International Badminton Championships,1,country_wd
Q114339799,Africa Institute for Energy Governance,,2,0,60.5,"nonprofit organization, environmental organization",1,country_wd
Q114740622,Victoria Nile,,2,0,60.5,watercourse,1,country_wd
Q115018094,2023 in Uganda,2023 in Uganda,2,0,60.5,events in a specific year or time period,2,country_wd|keyword_title
Q115115053,Samuel Kibet,,2,0,60.5,human,1,citizenship_wd
Q115511904,Elphas Toroitich Ndiwa,,2,0,60.5,human,1,citizenship_wd
Q115626368,Oswaldo Ocira,,2,0,60.5,human,1,citizenship_wd
Q115756677,Ernest Hausmann,Ernest Hausmann,2,0,60.5,human,1,birth_death_wd
Q115812528,1520 AD Biharwe Eclipse Monument,Biharwe Eclipse Monument,2,0,60.5,monument,1,country_wd
Q115988085,non-permanent members of the United Nations Security Council,Non-permanent members of the United Nations Security Council,2,0,60.5,legal status,1,country_wd
Q117389732,Masturah Mosque,,2,0,60.5,mosque,1,country_wd
Q117488194,Kampala Queens Women Football Club,Kampala Queens FC,2,0,60.5,"association football, association football club, sports team",2,country_wd|keyword_title
Q118278863,Jane Ajilo,,2,0,60.5,human,1,citizenship_wd
Q118338902,Echuya Forest reserve,Echuya Forest Reserve,2,0,60.5,"Important Bird Area, forest reserve",1,country_wd
Q118382781,Wambabya Central Forest Reserve,Wambabya Central Forest Reserve,2,0,60.5,forest,1,country_wd
Q118591622,Kisiizi Falls,,2,0,60.5,"heritage site, waterfall",1,country_wd
Q118697470,Eco Activists For Governance And Law Enforcement,EAGLE (organization),2,0,60.5,non-governmental organization,1,country_wd
Q118713200,Sisiyi Falls,,2,0,60.5,waterfall,1,country_wd
Q11877483,Uganda at the Summer Olympics,Uganda at the Summer Olympics,2,0,60.5,Olympic delegation,1,country_wd
Q119140770,Rwoho Central Forest Reserve,Rwoho Central Forest Reserve,2,0,60.5,protected area,1,country_wd
Q1191478,Makerere University School of Women and Gender Studies,Makerere University School of Women and Gender Studies,2,0,60.5,university,1,country_wd
Q119294640,Karuma Wildlife Reserve,Karuma Wildlife Reserve,2,0,60.5,protected area,1,country_wd
Q119362009,Rogers Kibet,,2,0,60.5,human,1,citizenship_wd
Q11979347,Joseph Mubiru,Joseph Mary Mubiru,2,0,60.5,human,2,birth_death_wd|citizenship_wd
Q120280011,Democratic Republic of the Congo–Uganda relations,,2,0,60.5,bilateral relation,1,country_wd
Q120355540,Arua nightclub shooting,Arua nightclub shooting,2,0,60.5,mass shooting,1,country_wd
Q120663217,Uganda at the 2023 World Aquatics Championships,Uganda at the 2023 World Aquatics Championships,2,0,60.5,nation at sport competition,2,country_wd|keyword_title
Q120931244,"Cathedral of Our Lady Queen of Peace, Lugazi",,2,0,60.5,Catholic cathedral,1,country_wd
Q12099156,mining industry of Uganda,Mining industry of Uganda,2,0,60.5,aspect in a geographic region,2,country_wd|keyword_title
Q121311381,2023 Uganda International Challenge,,2,0,60.5,Uganda International Challenge,1,country_wd
Q121365577,Miss Grand Uganda,Miss Grand Uganda,2,0,60.5,organization,2,country_wd|keyword_title
Q121404326,2023 Kampala International Badminton Championships,,2,0,60.5,Kampala International Badminton Championships,1,country_wd
Q121435248,Ivory Tower,Ivory Tower Building,2,0,60.5,building,1,country_wd
Q121435657,Mapeera Church,Nabulagala Mapeera church,2,0,60.5,church building,1,country_wd
Q121435683,Cathedral of the Sacred Heart of Jesus,,2,0,60.5,Catholic cathedral,1,country_wd
Q122143447,Katoosa martyrs shrine,Katoosa Martyrs Shrine,2,0,60.5,"shrine, monument",1,country_wd
Q122811671,Barlonyo Memorial Site,Barlonyo Memorial Site,2,0,60.5,memorial,1,country_wd
Q122971838,Bash Luks,,2,0,60.5,human,3,birth_death_wd|citizenship_wd|language_wd
Q123254196,Ateker Community Museum,Ateker Cultural Centre,2,0,60.5,"museum, community museum",1,country_wd
Q123351505,2024 Uganda International Challenge,,2,0,60.5,Uganda International Challenge,1,country_wd
Q123351531,2024 Kampala International Badminton Championships,,2,0,60.5,Kampala International Badminton Championships,1,country_wd
Q123741043,Wikijunior:Countries A-Z/Uganda/Image,,2,0,60.5,,1,country_wd
Q123998037,Ugandan Special Forces Command,Ugandan Special Forces Command,2,0,60.5,military unit,2,country_wd|keyword_title
Q124526936,Uganda women's national under-17 football team,Uganda women's national under-17 football team,2,0,60.5,national association football team,2,country_wd|keyword_title
Q124611513,International Postage Meter Stamp Catalog/Uganda,,2,0,60.5,,1,country_wd
Q124749959,Constantinos Mbonabingi,,2,0,60.5,human,2,birth_death_wd|citizenship_wd
Q125055446,Haron Adoli,,2,0,60.5,human,1,citizenship_wd
Q125167129,Uganda at the 2023 African Games,Uganda at the 2023 African Games,2,0,60.5,nation at sport competition,2,country_wd|keyword_title
Q125202808,2020–21 Uganda Premier League,2020–21 Uganda Premier League,2,0,60.5,sports season,2,country_wd|keyword_title
Q125744665,Daniel Bumba,,2,0,60.5,human,1,citizenship_wd
Q126318653,1985 Ugandan coup d'état,1985 Ugandan coup d'état,2,0,60.5,coup d'état,2,country_wd|keyword_title
Q126326927,St. Noa Mawaggali Cathedral,,2,0,60.5,Catholic cathedral,1,country_wd
Q1272398,Koki Lakes,,2,0,60.5,lake,1,country_wd
Q127244252,BRIMS Heritage Resource Centre,BRIMS Heritage Resource Centre,2,0,60.5,"heritage centre, community museum, resource center",1,country_wd
Q127273652,Yako Bank Uganda Limited,Yako Bank Uganda Limited,2,0,60.5,company,2,country_wd|keyword_title
Q127683789,Kawempe Muslim LFC,Kawempe Muslim LFC,2,0,60.5,association football club,1,country_wd
Q12804215,Tom Priestly,,2,0,60.5,human,1,birth_death_wd
Q128124475,Haruna Sentongo,Haruna Ssentongo,2,0,60.5,human,2,birth_death_wd|citizenship_wd
Q128596535,Paolino Tomaino,Paolino Tomaino,2,0,60.5,human,1,citizenship_wd
Q12952628,Kenyi,,2,0,60.5,"language, modern language",1,country_wd
Q129690646,Kamurasi-Baker Monument,Kamurasi-Baker Monument,2,0,60.5,monument,1,country_wd
Q130368357,Lugazi FC,,2,0,60.5,association football club,1,country_wd
Q13125264,Yakobo Buzabaliawo,,2,0,60.5,human,1,birth_death_wd
Q13188389,Harry George Galt,Harry George Galt,2,0,60.5,human,1,birth_death_wd
Q132125850,Basamia,Basamia,2,0,60.5,ethnic group,1,country_wd
Q132529272,Batagwenda,Batagwenda,2,0,60.5,ethnic group,1,country_wd
Q132712321,2025 Uganda International Badminton Championships,,2,0,60.5,Uganda International Badminton Championships,1,country_wd
Q133690266,Ibrahim Juma,,2,0,60.5,human,2,birth_death_wd|citizenship_wd
Q133931136,Maggie Kathewera Banda,Maggie Kathewera Banda,2,0,60.5,human,1,birth_death_wd
Q134109053,Tembuzi dynasty,Tembuzi,2,0,60.5,,1,country_wd
Q134307866,East African Revival Museum,East African Revival Museum,2,0,60.5,"museum, community museum",1,country_wd
Q134308011,Semei Kakungulu Museum,Semei Kakungulu Museum,2,0,60.5,"museum, community museum",1,country_wd
Q134311232,Rajiv Ruparelia,Rajiv Ruparelia,2,0,60.5,human,2,birth_death_wd|citizenship_wd
Q134389622,Recognition of same-sex unions in Uganda,Recognition of same-sex unions in Uganda,2,0,60.5,same-sex marriage in a geographic region,2,country_wd|keyword_title
Q135034549,Nimisha Madhvani,Nimisha Madhvani,2,0,60.5,human,1,citizenship_wd
Q135901374,Nyege Nyege,Nyege Nyege (collective),2,0,60.5,artist collective,1,country_wd
Q136004862,Igongo Cultural Centre Museum,Igongo Cultural Centre and Museum,2,0,60.5,"museum, cultural center",1,country_wd
Q136035536,Zahara Maala Luyirika,Zahara Maala Luyirika,2,0,60.5,human,1,citizenship_wd
Q136305016,2025 Kampala International Badminton Championships,,2,0,60.5,Kampala International Badminton Championships,1,country_wd
Q136394263,2025 Uganda International Challenge,,2,0,60.5,Uganda International Challenge,1,country_wd
Q136892528,Nakivubo Channel,Nakivubo Channel,2,0,60.5,"drainage basin, watercourse",1,country_wd
Q137115163,Death of Monic Karungi,Death of Monic Karungi,2,0,60.5,,1,country_wd
Q137205461,Aggrey Kiyingi,Aggrey Kiyingi,2,0,60.5,human,1,citizenship_wd
Q137274362,Jackline Katusiime,Jackline Katusiime,2,0,60.5,human,1,citizenship_wd
Q137299185,Uganda in World War II,Uganda in World War II,2,0,60.5,nation at occurrence,2,country_wd|keyword_title
Q138064160,Dek Agira,Dek Agira,2,0,60.5,cuisine,1,country_wd
Q138087444,Lakotokoto,Lakotokoto,2,0,60.5,cuisine,1,country_wd
Q138423579,2026 Uganda International Challenge,,2,0,60.5,Uganda International Challenge,1,country_wd
Q139120079,Alfred Muhoozi,Alfred Muhoozi,2,0,60.5,human,1,citizenship_wd
Q139845233,Sanyu Penelope,Sanyu Penelope,2,0,60.5,human,1,citizenship_wd
Q1399431,Uganda at the 2011 World Aquatics Championships,Uganda at the 2011 World Aquatics Championships,2,0,60.5,nation at sport competition,2,country_wd|keyword_title
Q140142364,,Musaazi Charles Kalooli,2,0,60.5,human,1,citizenship_wd
Q1405067,Patrick Lawino,,2,0,60.5,human,2,birth_death_wd|citizenship_wd
Q140766150,2026 U20 Barthés Trophy,2026 U20 Barthés Trophy,2,0,60.5,sports season,1,country_wd
Q15060213,Sukulu,,2,0,60.5,hill,1,country_wd
Q15076442,Namasuba,,2,0,60.5,human settlement,1,country_wd
Q15244000,Makerere University School of Health Sciences,Makerere University School of Health Sciences,2,0,60.5,academic institution,1,country_wd
Q15253033,Mengo Senior School,Mengo Senior School,2,0,60.5,school,1,country_wd
Q15260165,Mubuku III Power Station,Mubuku III Hydroelectric Power Station,2,0,60.5,hydroelectric power station,1,country_wd
Q15260271,Munyonyo,Munyonyo,2,0,60.5,neighborhood,1,country_wd
Q15260736,Nabumali High School,Nabumali High School,2,0,60.5,secondary school,1,country_wd
Q15261267,Nazigo,Nazigo,2,0,60.5,"human settlement, sub-county of Uganda",1,country_wd
Q15262424,Nkozi,Nkozi,2,0,60.5,"town, sub-county of Uganda",1,country_wd
Q15262880,Nshungyezi Hydroelectric Power Station,Nshungyezi Hydroelectric Power Station,2,0,60.5,hydroelectric power station,1,country_wd
Q15429947,Anne Merriman,Anne Merriman,2,0,60.5,human,1,birth_death_wd
Q15436717,Fridolin Pflüger,,2,0,60.5,human,1,birth_death_wd
Q15616252,Namataba,Namataba,2,0,60.5,human settlement,1,country_wd
Q15637273,Southern Ma'di,,2,0,60.5,"language, modern language",1,country_wd
Q15831580,2014 Uganda International Badminton Championships,,2,0,60.5,Uganda International Badminton Championships,1,country_wd
Q15838608,Gloria Najjuka,,2,0,60.5,human,1,citizenship_wd
Q15917578,East African Business Week,East African Business Week,2,0,60.5,newspaper,1,country_wd
Q1606303,Den tyske Emin Pascha-Expedition,,2,0,60.5,expedition,1,country_wd
Q16146212,Andrew Gutti,Andrew Gutti,2,0,60.5,human,2,birth_death_wd|citizenship_wd
Q16158157,list of ambassadors of Russia to Uganda,List of ambassadors of Russia to Uganda,2,0,60.5,Wikimedia list article,3,country_wd|keyword_title|part_of_wd
Q16194148,Augustine Kyazze,Augustine Kyazze,2,0,60.5,human,2,birth_death_wd|citizenship_wd
Q16209992,Dickson Huru,Dickson Huru,2,0,60.5,human,2,birth_death_wd|citizenship_wd
Q16257735,Kiira College Butiki,Kiira College Butiki,2,0,60.5,secondary school,1,country_wd
Q16669597,Peter Okee,,2,0,60.5,human,2,birth_death_wd|citizenship_wd
Q16730624,Mathias Katamba,Mathias Katamba,2,0,60.5,human,2,birth_death_wd|citizenship_wd
Q16731135,Leopold Kyanda,Leopold Kyanda,2,0,60.5,human,2,birth_death_wd|citizenship_wd
Q16821603,1976 Uganda Cup,1976 Uganda Cup,2,0,60.5,sports season,2,country_wd|keyword_title
Q16821662,1978 Uganda Cup,1978 Uganda Cup,2,0,60.5,sports season,2,country_wd|keyword_title
Q16821726,1980 Uganda Cup,1980 Uganda Cup,2,0,60.5,sports season,2,country_wd|keyword_title
Q16821751,1981 Uganda Cup,1981 Uganda Cup,2,0,60.5,sports season,2,country_wd|keyword_title
Q16822377,1996 Uganda Cup,1996 Uganda Cup,2,0,60.5,sports season,2,country_wd|keyword_title
Q16822502,1999 Uganda Cup,1999 Uganda Cup,2,0,60.5,sports season,2,country_wd|keyword_title
Q16823489,2013–14 Uganda Cup,2013–14 Uganda Cup,2,0,60.5,sports season,2,country_wd|keyword_title
Q16841255,Gulu University School of Medicine,Gulu University School of Medicine,2,0,60.5,medical school,1,country_wd
Q16890556,Jordan Lutalo Evora,Jordan Lutalo Evora,2,0,60.5,human,1,birth_death_wd
Q16894747,Matany Hospital,Matany Hospital,2,0,60.5,hospital,1,country_wd
Q16895753,Nengo Bridge Hydropower Station,Nengo Bridge Hydroelectric Power Station,2,0,60.5,hydroelectric power station,1,country_wd
Q16899525,Rwimi Power Station,Rwimi Hydroelectric Power Station,2,0,60.5,hydroelectric power station,1,country_wd
Q16902646,Victoria University,Victoria University Uganda,2,0,60.5,"university, association football team",2,country_wd|keyword_title
Q16930899,Kisubi Mapeera Secondary School,Kisubi Mapeera Secondary School,2,0,60.5,school,1,country_wd
Q16948093,LGBTQ history in Uganda,LGBTQ history in Uganda,2,0,60.5,LGBTQ history in a geographic region,2,country_wd|keyword_title
Q16953562,Order of the Pearl of Africa,Most Excellent Order of the Pearl of Africa,2,0,60.5,"order, award",1,country_wd
Q16963722,Evangelical Presbyterian Church in Uganda,Evangelical Presbyterian Church in Uganda,2,0,60.5,Christian denomination,2,country_wd|keyword_title
Q16966289,poverty in Uganda,Poverty in Uganda,2,0,60.5,aspect in a geographic region,2,country_wd|keyword_title
Q16966926,Wazalendo Savings and Credit Cooperative Society,Wazalendo Savings and Credit Cooperative Society,2,0,60.5,"business, Savings and Credit Cooperative Society",1,country_wd
Q16968993,New Life Presbyterian Church,New Life Presbyterian Church,2,0,60.5,Christian denomination,1,country_wd
Q16980102,Kayanja Muhanga,Kayanja Muhanga,2,0,60.5,human,2,birth_death_wd|citizenship_wd
Q16991766,K2 Telecom,K2 Telecom,2,0,60.5,business,1,country_wd
Q17007094,Kaikuzi,Kaikuzi,2,0,60.5,deity,2,citizenship_wd|country_wd
Q17041232,Omukama of Bunyoro,Omukama of Bunyoro,2,0,60.5,noble title,2,country_wd|keyword_title
Q17068478,"Ministry of Finance, Planning and Economic Development","Ministry of Finance, Planning and Economic Development (Uganda)",2,0,60.5,"planning ministry, finance ministry, ministry of Uganda",3,country_wd|keyword_title|part_of_wd
Q17069105,The Observer,The Observer (Uganda),2,0,60.5,"newspaper, weekly newspaper",2,country_wd|keyword_title
Q17070912,The Independent magazine,The Independent (Uganda),2,0,60.5,newspaper,2,country_wd|keyword_title
Q17077129,Makerere University Library,Makerere University Library,2,0,60.5,"academic library, depository library",1,country_wd
Q17082235,Irreligion in Uganda,Irreligion in Uganda,2,0,60.5,aspect in a geographic region,2,country_wd|keyword_title
Q17103676,Uganda at the 2013 World Aquatics Championships,Uganda at the 2013 World Aquatics Championships,2,0,60.5,nation at sport competition,2,country_wd|keyword_title
Q17108235,Emmy Wasirwa,Emmy Wasirwa,2,0,60.5,human,1,citizenship_wd
Q17108338,Moroto Cement Limited,Moroto Cement Limited,2,0,60.5,business,1,country_wd
Q17108345,Move to the Left,Move to the Left,2,0,60.5,,1,country_wd
Q17108406,Soroti Flying School,East African Civil Aviation Academy,2,0,60.5,academic institution,1,country_wd
Q17108413,Uganda Investment Authority,Uganda Investment Authority,2,0,60.5,business,2,country_wd|keyword_title
Q17108484,Youth in Uganda,Youth in Uganda,2,0,60.5,aspect in a geographic region,2,country_wd|keyword_title
Q17402870,Clovis Kalyebara,Clovis Kalyebara,2,0,60.5,human,2,birth_death_wd|citizenship_wd
Q1743886,Kitoba,,2,0,60.5,"human settlement, sub-county of Uganda",1,country_wd
Q17512678,Bujagali Energy Limited,Bujagali Energy Limited,2,0,60.5,business,1,country_wd
Q17624378,Ugandan national road cycling championships,,2,0,60.5,national road cycling championship,1,country_wd
Q18128923,Uganda at the 2014 Commonwealth Games,Uganda at the 2014 Commonwealth Games,2,0,60.5,nation at sport competition,2,country_wd|keyword_title
Q18205104,Bake Robert Tumuhaise,Bake Robert Tumuhaise,2,0,60.5,human,1,citizenship_wd
Q18206342,DAS Handling Limited,DAS Handling Limited,2,0,60.5,company,1,country_wd
Q18331078,Fazil Kaggwa,Fazil Kaggwa,2,0,60.5,human,1,citizenship_wd
Q18350719,Lubilia Hydroelectric Power Station,Lubilia Hydroelectric Power Station,2,0,60.5,hydroelectric power station,1,country_wd
Q18386110,Sugar & Allied Industries Limited,Sugar & Allied Industries Limited,2,0,60.5,business,1,country_wd
Q18394628,Watoto Child Care Ministries,Watoto Child Care Ministries,2,0,60.5,,1,country_wd
Q1854661,list of high commissioners of the United Kingdom to Uganda,List of high commissioners of the United Kingdom to Uganda,2,0,60.5,Wikimedia list article,3,country_wd|keyword_title|part_of_wd
Q18575905,Albert Lloyd,,2,0,60.5,human,1,birth_death_wd
Q18747781,A.F. Odut,,2,0,60.5,human,1,citizenship_wd
Q18763790,Shakoor Ahmed,Shakoor Ahmed,2,0,60.5,human,1,birth_death_wd
Q1895254,Margherita Peak,,2,0,60.5,summit,1,country_wd
Q19059293,Julius Kakeeto,Julius Kakeeto,2,0,60.5,human,1,birth_death_wd
Q19061066,Martin Mubiru,Martin Mubiru,2,0,60.5,human,1,citizenship_wd
Q19355345,2015 Uganda International Badminton Championships,,2,0,60.5,Uganda International Badminton Championships,1,country_wd
Q19622038,Uganda Volleyball Federation,,2,0,60.5,sports governing body,1,country_wd
Q19667556,Bharat Masrani,Bharat Masrani,2,0,60.5,human,1,birth_death_wd
Q19766691,Rock art of Uganda,Rock art of Uganda,2,0,60.5,,2,country_wd|keyword_title
Q19873032,Banyala,Banyala,2,0,60.5,ethnic group,1,country_wd
Q19894543,Rwamwanja refugee settlement,Rwamwanja Refugee Settlement,2,0,60.5,"refugee camp, human-geographic territorial entity",1,country_wd
Q19903463,MK Publishers,MK Publishers,2,0,60.5,education company,1,country_wd
Q1994378,Lake Nkuruba,,2,0,60.5,volcanic crater lake,1,country_wd
Q2021369,Olwiyo,Olwiyo,2,0,60.5,human settlement,1,country_wd
Q20311283,1999 in Uganda,1999 in Uganda,2,0,60.5,events in a specific year or time period,2,country_wd|keyword_title
Q20311289,Auschwitz Institute for the Prevention of Genocide and Mass Atrocities,Auschwitz Institute for the Prevention of Genocide and Mass Atrocities,2,0,60.5,nonprofit organization,1,country_wd
Q20311569,2001 ICC Africa Under-19 Championship,2001 ICC Africa Under-19 Championship,2,0,60.5,sports season,1,country_wd
Q20312367,2013 ICC Africa Under-19 Championship Division One,2013 ICC Africa Under-19 Championship Division One,2,0,60.5,sports season,1,country_wd
Q20684303,Anatoli Kamugisha,Anatoli Kamugisha,2,0,60.5,human,2,birth_death_wd|citizenship_wd
Q20684447,Nakibus Lakara,Nakibus Lakara,2,0,60.5,human,2,birth_death_wd|citizenship_wd
Q20746276,Kyetume,Kyetume,2,0,60.5,human settlement,1,country_wd
Q20746292,Mulago Women's Referral Hospital,Mulago Women's Referral Hospital,2,0,60.5,hospital,1,country_wd
Q20921609,Uganda Chess Federation,Uganda Chess Federation,2,0,60.5,"organization, sports governing body",2,country_wd|keyword_title
Q21063718,Henry Malinga,Henry Malinga,2,0,60.5,human,1,citizenship_wd
Q21241047,Uganda at the 2015 World Aquatics Championships,Uganda at the 2015 World Aquatics Championships,2,0,60.5,nation at sport competition,2,country_wd|keyword_title
Q21782698,R. J. Anderson,R. J. Anderson,2,0,60.5,human,1,birth_death_wd
Q21974272,Bugungu Airstrip,Bugungu Airstrip,2,0,60.5,"aerodrome, commercial traffic aerodrome",1,country_wd
Q22082402,Nyamitanga Division,Nyamitanga Division,2,0,60.5,division of Uganda,1,country_wd
Q22809593,Ngora High School,Ngora High School,2,0,60.5,secondary school,1,country_wd
Q22909524,Uganda Joint Christian Council,Uganda Joint Christian Council,2,0,60.5,non-governmental organization,2,country_wd|keyword_title
Q22935628,"Aga Khan University Hospital, Kampala","Aga Khan University Hospital, Kampala",2,0,60.5,"hospital, proposed entity",2,country_wd|keyword_title
Q23302030,Arthur Isiko,Arthur Isiko,2,0,60.5,human,2,birth_death_wd|citizenship_wd
Q23305700,Eskom Uganda Limited,Eskom Uganda,2,0,60.5,privately held company,2,country_wd|keyword_title
Q23581953,"Ministry of Agriculture, Animal Industry and Fisheries","Ministry of Agriculture, Animal Industry and Fisheries (Uganda)",2,0,60.5,"ministry of agriculture, ministry of fisheries, ministry of Uganda",3,country_wd|keyword_title|part_of_wd
Q23808160,Uganda Performing Right Society,Uganda Performing Right Society,2,0,60.5,organization,2,country_wd|keyword_title
Q23815886,2016 Uganda International Badminton Championships,,2,0,60.5,Uganda International Badminton Championships,1,country_wd
Q23880769,Martin Ondeko,Martin Ondeko,2,0,60.5,human,1,birth_death_wd
Q23894978,Uganda Railway MS class,UR MS class,2,0,60.5,locomotive class,1,country_wd
Q23900819,Auguste Achte,,2,0,60.5,human,1,birth_death_wd
Q2417162,Metropolitan Theodhoros Nankyama,,2,0,60.5,human,2,birth_death_wd|citizenship_wd
Q24185308,Women's Hospital International and Fertility Centre,Women's Hospital International and Fertility Centre,2,0,60.5,hospital,1,country_wd
Q24236557,Galilee Community General Jewish Hospital of Uganda,Galilee Community General Jewish Hospital of Uganda,2,0,60.5,"hospital, community hospital",2,country_wd|keyword_title
Q24236563,Institute of Petroleum Studies Kampala,Institute of Petroleum Studies Kampala,2,0,60.5,educational institution,2,country_wd|keyword_title
Q2473876,2009 Uganda International Badminton Championships,,2,0,60.5,Uganda International Badminton Championships,1,country_wd
Q24807572,Katakwi General Hospital,Katakwi General Hospital,2,0,60.5,hospital,1,country_wd
Q24887705,Lakeside Dairy Limited,Lakeside Dairy Limited,2,0,60.5,privately held company,1,country_wd
Q24892187,Lwamata,Lwamata,2,0,60.5,sub-county of Uganda,1,country_wd
Q24957803,Uganda Radio Network,Uganda Radio Network,2,0,60.5,company,2,country_wd|keyword_title
Q24994173,François-Xavier Lacoursière,,2,0,60.5,human,1,birth_death_wd
Q25041100,Uganda Martyrs' Secondary School Namugongo,Uganda Martyrs' Secondary School Namugongo,2,0,60.5,school,2,country_wd|keyword_title
Q25051457,Namugoga Solar Power Station,Namugoga Solar Power Station,2,0,60.5,photovoltaic power station,1,country_wd
Q25051947,Kamukuzi Division,Kamukuzi Division,2,0,60.5,division of Uganda,1,country_wd
Q25051948,Kakoba Division,Kakoba Division,2,0,60.5,division of Uganda,1,country_wd
Q25052479,Kilembe Mines,Kilembe Mines,2,0,60.5,mine,1,country_wd
Q25052697,Vurra–Arua–Koboko–Oraba Road,Vurra–Arua–Koboko–Oraba Road,2,0,60.5,road,1,country_wd
Q25052801,Moroto–Nakapiripirit Road,Moroto–Nakapiripirit Road,2,0,60.5,road,1,country_wd
Q25226775,Ntusi (site),Ntusi,2,0,60.5,archaeological site,1,country_wd
Q25227050,Kampala–Entebbe Road,Kampala–Entebbe Road,2,0,60.5,road,2,country_wd|keyword_title
Q25247812,Munsa (site),Munsa,2,0,60.5,archaeological site,1,country_wd
Q25340073,National Basketball League,National Basketball League (Uganda),2,0,60.5,basketball league,2,country_wd|keyword_title
Q25701957,Southern and Eastern African Trade Information and Negotiations Institute,,2,0,60.5,advocacy group,1,country_wd
Q26465391,Ronnie Balya,Ronnie Balya,2,0,60.5,human,1,birth_death_wd
Q26844748,Stephen Onyango,,2,0,60.5,human,2,birth_death_wd|citizenship_wd
Q26923155,"Jitesh Gadhia, Baron Gadhia","Jitesh Gadhia, Baron Gadhia",2,0,60.5,human,1,birth_death_wd
Q27275034,2010 Thomas & Uber Cups Preliminaries for Africa,2010 Thomas & Uber Cups Preliminaries for Africa,2,0,60.5,badminton event,1,country_wd
Q27518122,2016 CECAFA Women's Championship,2016 CECAFA Women's Championship,2,0,60.5,CECAFA Women's Championship,1,country_wd
Q27524827,Elijah Emojong,Elijah Emojong,2,0,60.5,human,1,citizenship_wd
Q27688878,African Queens and Women Cultural Leaders Network,African Queens and Women Cultural Leaders Network,2,0,60.5,"organization, network",1,country_wd
Q27924185,Uagadou,Uagadou,2,0,60.5,wizard school in Harry Potter universe,1,country_wd
Q27961857,Bagwe,Bagwe,2,0,60.5,tribe,1,country_wd
Q27962137,Parombo,Parombo,2,0,60.5,town,1,country_wd
Q27963295,Tegeres,Tegeres,2,0,60.5,sub-county of Uganda,1,country_wd
Q27975230,Dickson Ssentongo,Dickson Ssentongo,2,0,60.5,human,2,birth_death_wd|citizenship_wd
Q28129219,ALTX East Africa Exchange,ALTX East Africa Exchange,2,0,60.5,business,1,country_wd
Q28162708,Mateete,Mateete,2,0,60.5,"human settlement, sub-county of Uganda",1,country_wd
Q28223064,Basimba people,Basimba people,2,0,60.5,,1,country_wd
Q28231516,Bukasa Inland Port,Bukasa Inland Port,2,0,60.5,inland port,1,country_wd
Q28366219,Hanif Lalani,Hanif Lalani,2,0,60.5,human,1,birth_death_wd
Q28868302,2017 in Uganda,2017 in Uganda,2,0,60.5,events in a specific year or time period,1,country_wd
Q29016445,Badru Lusambya,Badru Lusambya,2,0,60.5,human,1,birth_death_wd
Q29353394,Lieutenant General Frank Mushyo Kamanzi,Frank Mushyo Kamanzi,2,0,60.5,human,1,birth_death_wd
Q29640743,Serbia–Uganda relations,,2,0,60.5,bilateral relation,1,country_wd
Q30007236,Mandy Juruni,Mandy Juruni,2,0,60.5,human,2,birth_death_wd|citizenship_wd
Q30261670,Association for Strengthening Agricultural Research in Eastern and Central Africa,Association for Strengthening Agricultural Research in Eastern and Central Africa,2,0,60.5,nonprofit organization,1,country_wd
Q30688546,science and technology in Uganda,Science and technology in Uganda,2,0,60.5,aspect in a geographic region,2,country_wd|keyword_title
Q30905495,Elly Katabira,,2,0,60.5,human,1,citizenship_wd
Q30913458,Akii Bua Stadium,Akii Bua Stadium,2,0,60.5,"stadium, sports venue, association football venue",1,country_wd
Q30946646,2017 Uganda International Badminton Championships,,2,0,60.5,Uganda International Badminton Championships,1,country_wd
Q31349118,2019 in Uganda,2019 in Uganda,2,0,60.5,events in a specific year or time period,2,country_wd|keyword_title
Q31395898,Portal Peaks,,2,0,60.5,summit,1,country_wd
Q31396103,Kololo,,2,0,60.5,hill,1,country_wd
Q31527098,Natera Hills,,2,0,60.5,mountain range,1,country_wd
Q31528168,Langia Mountains,,2,0,60.5,mountain range,1,country_wd
Q31528250,Labwor Hills,,2,0,60.5,mountain range,1,country_wd
Q31530564,Nangeya Mountains,,2,0,60.5,mountain range,1,country_wd
Q31878683,Batwala,,2,0,60.5,island,1,country_wd
Q31880352,Biguli,,2,0,60.5,"town, sub-county of Uganda",1,country_wd
Q31884630,Buhehe,,2,0,60.5,sub-county of Uganda,1,country_wd
Q31885226,Bulanku Island,,2,0,60.5,island,1,country_wd
Q31885656,Bulumbi,,2,0,60.5,sub-county of Uganda,1,country_wd
Q31885857,Bunambutye,,2,0,60.5,sub-county of Uganda,1,country_wd
Q31886332,Busiime,,2,0,60.5,sub-county of Uganda,1,country_wd
Q31886529,Buteba,,2,0,60.5,sub-county of Uganda,1,country_wd
Q31886853,Buyanga,,2,0,60.5,sub-county of Uganda,1,country_wd
Q31887059,Bwera,,2,0,60.5,"town, sub-county of Uganda",1,country_wd
Q31909571,Dabani,,2,0,60.5,sub-county of Uganda,1,country_wd
Q31916630,Galo Island,,2,0,60.5,island,1,country_wd
Q31928689,Kabulataka Island,,2,0,60.5,island,1,country_wd
Q31928695,Kabuyanda,,2,0,60.5,sub-county of Uganda,1,country_wd
Q31928979,Kaimira,,2,0,60.5,swamp,1,country_wd
Q31929877,Kapelebyong,,2,0,60.5,sub-county of Uganda,1,country_wd
Q31932308,Kirundo,,2,0,60.5,sub-county of Uganda,1,country_wd
Q31932325,Kisiro Island,,2,0,60.5,island,1,country_wd
Q31934082,Kokonyuko,,2,0,60.5,,1,country_wd
Q31937324,Kyanga Island,,2,0,60.5,island,1,country_wd
Q31943584,Lorengecora,Lorengecora,2,0,60.5,sub-county of Uganda,1,country_wd
Q31944864,Lulanda Island,,2,0,60.5,island,1,country_wd
Q31945088,Lunkulu Island,,2,0,60.5,island,1,country_wd
Q31945095,Lunyo,,2,0,60.5,sub-county of Uganda,1,country_wd
Q31945498,Lwabagenge Island,,2,0,60.5,island,1,country_wd
Q31950761,Masaba,,2,0,60.5,sub-county of Uganda,1,country_wd
Q31951184,Masinyi,,2,0,60.5,sub-county of Uganda,1,country_wd
Q31951253,Masovwi Island,,2,0,60.5,island,1,country_wd
Q31954069,Meru Islets,,2,0,60.5,archipelago,1,country_wd
Q31959581,Mpuni Island,,2,0,60.5,island,1,country_wd
Q31964196,Mutyomu Island,,2,0,60.5,island,1,country_wd
Q31966047,Nabilatuk,,2,0,60.5,sub-county of Uganda,1,country_wd
Q31966170,Nagembiruwa Island,,2,0,60.5,island,1,country_wd
Q31967181,Namasimbi Island,,2,0,60.5,island,1,country_wd
Q31971390,Nkuzi Island,,2,0,60.5,island,1,country_wd
Q31973165,Ntokwe Island,,2,0,60.5,island,1,country_wd
Q31974753,Nyapea,Nyapea,2,0,60.5,sub-county of Uganda,1,country_wd
Q32010554,Rugaaga,Rugaaga,2,0,60.5,town,1,country_wd
Q32017753,Sezibwa Falls,,2,0,60.5,,1,country_wd
Q32020104,Sikude,,2,0,60.5,sub-county of Uganda,1,country_wd
Q32020865,Sira Island,,2,0,60.5,island,1,country_wd
Q32058773,Zigunga Twins,,2,0,60.5,island,1,country_wd
Q32141486,Abalang,,2,0,60.5,river,1,country_wd
Q32141502,Abaler,,2,0,60.5,river,1,country_wd
Q32144128,Abo,,2,0,60.5,river,1,country_wd
Q32144679,Abongo,,2,0,60.5,river,1,country_wd
Q32145949,Abuta,,2,0,60.5,river,1,country_wd
Q32147157,Achana,,2,0,60.5,river,1,country_wd
Q32147504,Acheke,,2,0,60.5,river,1,country_wd
Q32147976,Achire,,2,0,60.5,river,1,country_wd
Q32148175,Acholale,,2,0,60.5,river,1,country_wd
Q32148273,Achua,,2,0,60.5,river,1,country_wd
Q32148381,Aci,,2,0,60.5,river,1,country_wd
Q32149445,Adalu,,2,0,60.5,river,1,country_wd
Q32150455,Aderema,,2,0,60.5,river,1,country_wd
Q32150754,Adibu,,2,0,60.5,river,1,country_wd
Q32150769,Adida,,2,0,60.5,river,1,country_wd
Q32150783,Adidi,,2,0,60.5,river,1,country_wd
Q32150830,Adiidiin,,2,0,60.5,river,1,country_wd
Q32150965,Adip,,2,0,60.5,river,1,country_wd
Q32151322,Adoi,,2,0,60.5,river,1,country_wd
Q32151453,Adondi,,2,0,60.5,river,1,country_wd
Q32164191,Agago,,2,0,60.5,river,1,country_wd
Q32168659,Agoi,,2,0,60.5,river,1,country_wd
Q32168673,Agoiva,,2,0,60.5,river,1,country_wd
Q32168725,Agonda,,2,0,60.5,river,1,country_wd
Q32169972,Agunda,,2,0,60.5,river,1,country_wd
Q32170219,Agwara,,2,0,60.5,river,1,country_wd
Q32170247,Agwenyi,,2,0,60.5,river,1,country_wd
Q32172548,Aiivu,,2,0,60.5,river,1,country_wd
Q32192586,Ajai,,2,0,60.5,river,1,country_wd
Q32192729,Ajei,,2,0,60.5,river,1,country_wd
Q32192815,Aji,,2,0,60.5,river,1,country_wd
Q32192829,Aji,,2,0,60.5,river,1,country_wd
Q32193462,Akaba,,2,0,60.5,river,1,country_wd
Q32194103,Akaliyo,,2,0,60.5,river,1,country_wd
Q32194378,Akango,,2,0,60.5,river,1,country_wd
Q32194907,Akaseke,,2,0,60.5,river,1,country_wd
Q32195107,Akayanja,,2,0,60.5,river,1,country_wd
Q32195132,Akayo,,2,0,60.5,river,1,country_wd
Q32197596,Akedo,,2,0,60.5,river,1,country_wd
Q32197620,Akello,,2,0,60.5,river,1,country_wd
Q32197632,Akelobonyo,,2,0,60.5,river,1,country_wd
Q32197752,Akeyo,,2,0,60.5,river,1,country_wd
Q32199392,Akokoro,,2,0,60.5,river,1,country_wd
Q32199407,Akokoroi,,2,0,60.5,river,1,country_wd
Q32199452,Akoli,,2,0,60.5,river,1,country_wd
Q32199890,Akoyo,,2,0,60.5,river,1,country_wd
Q32199905,Akoyo,,2,0,60.5,river,1,country_wd
Q32199997,Akpava,,2,0,60.5,river,1,country_wd
Q32201651,Akuru,,2,0,60.5,river,1,country_wd
Q32201802,Akwamunyen,,2,0,60.5,river,1,country_wd
Q32201819,Akwangakera,,2,0,60.5,river,1,country_wd
Q32203490,Ala,,2,0,60.5,river,1,country_wd
Q32204181,Alakaituk,,2,0,60.5,river,1,country_wd
Q32204508,Alala,,2,0,60.5,river,1,country_wd
Q32204533,Alalaka,,2,0,60.5,river,1,country_wd
Q32204652,Alamachar,,2,0,60.5,river,1,country_wd
Q32205005,Alango,,2,0,60.5,river,1,country_wd
Q32208424,Aligoi,,2,0,60.5,river,1,country_wd
Q32209005,Alito,,2,0,60.5,river,1,country_wd
Q32211438,Alobo,,2,0,60.5,river,1,country_wd
Q32214496,Alu,,2,0,60.5,river,1,country_wd
Q32219703,Alwenyi,,2,0,60.5,river,1,country_wd
Q32219720,Alwong,,2,0,60.5,river,1,country_wd
Q32221020,Amanyang,,2,0,60.5,river,1,country_wd
Q32221188,Amarwasi,,2,0,60.5,river,1,country_wd
Q32221851,Ambe,,2,0,60.5,river,1,country_wd
Q32223113,Amiene,,2,0,60.5,river,1,country_wd
Q32223198,Aminit,,2,0,60.5,river,1,country_wd
Q32223218,Aminkwac,,2,0,60.5,river,1,country_wd
Q32223229,Aminopi,,2,0,60.5,river,1,country_wd
Q32223637,Amna,,2,0,60.5,river,1,country_wd
Q32224160,Amon,,2,0,60.5,river,1,country_wd
Q32224195,Amone,,2,0,60.5,river,1,country_wd
Q32224206,Among River,,2,0,60.5,river,1,country_wd
Q32229072,Angoji,,2,0,60.5,river,1,country_wd
Q32229086,Angola,,2,0,60.5,river,1,country_wd
Q32229097,Angoleto,,2,0,60.5,river,1,country_wd
Q32229116,Angoltok,,2,0,60.5,river,1,country_wd
Q32229167,Angoro,,2,0,60.5,river,1,country_wd
Q32229424,Angweji,,2,0,60.5,river,1,country_wd
Q32229870,Aniza,,2,0,60.5,river,1,country_wd
Q32231477,Anyada,,2,0,60.5,river,1,country_wd
Q32231516,Anyau,,2,0,60.5,river,1,country_wd
Q32232168,Apa,,2,0,60.5,river,1,country_wd
Q32232318,Apapai,,2,0,60.5,river,1,country_wd
Q32232323,Apapai,,2,0,60.5,river,1,country_wd
Q32232349,Aparro,,2,0,60.5,river,1,country_wd
Q32232355,Aparuki,,2,0,60.5,river,1,country_wd
Q32232426,Apedur,,2,0,60.5,river,1,country_wd
Q32232631,Apiyo,,2,0,60.5,river,1,country_wd
Q32232804,Apopony,,2,0,60.5,river,1,country_wd
Q32233072,Apule,,2,0,60.5,river,1,country_wd
Q32233101,Apyer,,2,0,60.5,river,1,country_wd
Q32233678,Araga,,2,0,60.5,river,1,country_wd
Q32233690,Aragaiti,,2,0,60.5,river,1,country_wd
Q32233749,Araira,,2,0,60.5,river,1,country_wd
Q32236573,Aringa,,2,0,60.5,river,1,country_wd
Q32236605,Arionomunyen,,2,0,60.5,river,1,country_wd
Q32236711,Ariu,,2,0,60.5,river,1,country_wd
Q32237783,Arocha,,2,0,60.5,river,1,country_wd
Q32237874,Aror,,2,0,60.5,river,1,country_wd
Q32237883,Arorwa,,2,0,60.5,river,1,country_wd
Q32286809,Asiya,,2,0,60.5,river,1,country_wd
Q32288539,Asuru,,2,0,60.5,river,1,country_wd
Q32288560,Aswa,,2,0,60.5,river,1,country_wd
Q32288578,Aswa,,2,0,60.5,river,1,country_wd
Q32289118,Atababaa,,2,0,60.5,river,1,country_wd
Q32289358,Atar,,2,0,60.5,river,1,country_wd
Q32289375,Atari River,,2,0,60.5,river,1,country_wd
Q32289620,Atemerai,,2,0,60.5,river,1,country_wd
Q32289862,Ati,,2,0,60.5,river,1,country_wd
Q32290074,Atipa,,2,0,60.5,river,1,country_wd
Q32290098,Atirikwa,,2,0,60.5,river,1,country_wd
Q32290106,Atirir,,2,0,60.5,river,1,country_wd
Q32290980,Atu,,2,0,60.5,river,1,country_wd
Q32292696,Aulem,,2,0,60.5,river,1,country_wd
Q32292900,Aungare,,2,0,60.5,river,1,country_wd
Q32294973,Avudra,,2,0,60.5,river,1,country_wd
Q32295201,Awac,,2,0,60.5,river,1,country_wd
Q32295209,Awac,,2,0,60.5,river,1,country_wd
Q32295335,Awangkwar,,2,0,60.5,river,1,country_wd
Q32295620,Awero,,2,0,60.5,river,1,country_wd
Q32295653,Awia,,2,0,60.5,river,1,country_wd
Q32296527,Ayago,,2,0,60.5,river,1,country_wd
Q32296534,Ayago,,2,0,60.5,river,1,country_wd
Q32297208,Ayebi,,2,0,60.5,river,1,country_wd
Q32297593,Ayi,,2,0,60.5,river,1,country_wd
Q32297638,Ayika,,2,0,60.5,river,1,country_wd
Q32297692,Ayingwa,,2,0,60.5,river,1,country_wd
Q32298003,Ayomuchwiny,,2,0,60.5,river,1,country_wd
Q32298287,Ayuda,,2,0,60.5,river,1,country_wd
Q32298294,Ayugi,,2,0,60.5,river,1,country_wd
Q32298305,Ayugi,,2,0,60.5,river,1,country_wd
Q32298315,Ayugi,,2,0,60.5,river,1,country_wd
Q32298852,Azakuwa,,2,0,60.5,river,1,country_wd
Q32298881,Azamba,,2,0,60.5,river,1,country_wd
Q32298890,Azambwa,,2,0,60.5,river,1,country_wd
Q32299209,Azi,,2,0,60.5,river,1,country_wd
Q32302062,Babwe,,2,0,60.5,river,1,country_wd
Q32309369,Bahunyaho,,2,0,60.5,river,1,country_wd
Q32432992,Balala,,2,0,60.5,river,1,country_wd
Q32448611,Barara,,2,0,60.5,river,1,country_wd
Q32469582,Baya,,2,0,60.5,river,1,country_wd
Q32477569,Beletur,,2,0,60.5,river,1,country_wd
Q32479347,Masafu,,2,0,60.5,sub-county of Uganda,1,country_wd
Q32492031,Bigaga,,2,0,60.5,river,1,country_wd
Q32492089,Bigera,,2,0,60.5,river,1,country_wd
Q32492259,Bigugo,,2,0,60.5,river,1,country_wd
Q32492426,Bijaba,,2,0,60.5,river,1,country_wd
Q32492430,Bijagira,,2,0,60.5,river,1,country_wd
Q32494324,Bimbye,,2,0,60.5,river,1,country_wd
Q32495554,Binawara,,2,0,60.5,river,1,country_wd
Q32495744,Bineneza,,2,0,60.5,river,1,country_wd
Q32496352,Binyonyibyomba,,2,0,60.5,river,1,country_wd
Q32496682,Biraizi,,2,0,60.5,river,1,country_wd
Q32497211,Birira,,2,0,60.5,river,1,country_wd
Q32497612,Bisanga,,2,0,60.5,river,1,country_wd
Q32497616,Bisange,,2,0,60.5,river,1,country_wd
Q32497688,Bisenyi,,2,0,60.5,river,1,country_wd
Q32498337,Bisura,,2,0,60.5,river,1,country_wd
Q32498368,Bisyoro,,2,0,60.5,river,1,country_wd
Q32498935,Biwalwe,,2,0,60.5,river,1,country_wd
Q32499003,Biyanja,,2,0,60.5,river,1,country_wd
Q32540882,Bubale,,2,0,60.5,river,1,country_wd
Q32541237,Bubwe,,2,0,60.5,river,1,country_wd
Q32542283,Budewe,,2,0,60.5,river,1,country_wd
Q32543043,Budzibwera,,2,0,60.5,river,1,country_wd
Q32545297,Buhindagi,,2,0,60.5,river,1,country_wd
Q32545640,Buitambogo,,2,0,60.5,river,1,country_wd
Q32545778,Bujo,,2,0,60.5,river,1,country_wd
Q32545798,Bujuku,,2,0,60.5,river,1,country_wd
Q32545907,Bukabale,,2,0,60.5,river,1,country_wd
Q32546021,Bukangara,,2,0,60.5,river,1,country_wd
Q32546887,Bukora,,2,0,60.5,river,1,country_wd
Q32547841,Bulalibi,,2,0,60.5,river,1,country_wd
Q32548818,Bulingo,,2,0,60.5,river,1,country_wd
Q32550159,Bulyemya,,2,0,60.5,river,1,country_wd
Q32552371,Bunyani,,2,0,60.5,river,1,country_wd
Q32557298,Bururuma,,2,0,60.5,river,1,country_wd
Q32561792,Buzhaga,,2,0,60.5,river,1,country_wd
Q32562273,Bwahwa,,2,0,60.5,river,1,country_wd
Q32562299,Bwakasa,,2,0,60.5,river,1,country_wd
Q32562338,Bwala,,2,0,60.5,river,1,country_wd
Q32562360,Bwalilo,,2,0,60.5,river,1,country_wd
Q32562385,Bwanalaki,,2,0,60.5,river,1,country_wd
Q32563017,Byante,,2,0,60.5,river,1,country_wd
Q32622195,Chabiwa,,2,0,60.5,river,1,country_wd
Q32624289,Chalanga,,2,0,60.5,river,1,country_wd
Q32628392,Chamwasha,,2,0,60.5,river,1,country_wd
Q32630250,Chapeth,,2,0,60.5,river,1,country_wd
Q32634719,Chebonet,,2,0,60.5,river,1,country_wd
Q32637149,Cheptui,,2,0,60.5,river,1,country_wd
Q32640241,Chesebere,,2,0,60.5,river,1,country_wd
Q32640692,Chezho,,2,0,60.5,river,1,country_wd
Q32642033,Chibingo,,2,0,60.5,river,1,country_wd
Q32643154,Chijonjo,,2,0,60.5,river,1,country_wd
Q32644115,Chimuli,,2,0,60.5,river,1,country_wd
Q32645977,Chiruruma,,2,0,60.5,river,1,country_wd
Q32647880,Chobi,,2,0,60.5,river,1,country_wd
Q32648058,Chogo,,2,0,60.5,river,1,country_wd
Q32648209,Choja,,2,0,60.5,river,1,country_wd
Q32648709,Chonyo,,2,0,60.5,river,1,country_wd
Q32649068,Choro,,2,0,60.5,river,1,country_wd
Q32649258,Chosan,,2,0,60.5,river,1,country_wd
Q32650220,Chuchu,,2,0,60.5,river,1,country_wd
Q32652106,Chut,,2,0,60.5,river,1,country_wd
Q32652638,Chyogo,,2,0,60.5,river,1,country_wd
Q32713764,Dabara,,2,0,60.5,river,1,country_wd
Q32714388,Dacha,,2,0,60.5,river,1,country_wd
Q32714902,Daga,,2,0,60.5,river,1,country_wd
Q32720447,Dangali,,2,0,60.5,river,1,country_wd
Q32721233,Danze,,2,0,60.5,river,1,country_wd
Q32723868,Dava,,2,0,60.5,river,1,country_wd
Q32723969,Davide,,2,0,60.5,river,1,country_wd
Q32725883,Del,,2,0,60.5,river,1,country_wd
Q32726048,Deli,,2,0,60.5,river,1,country_wd
Q32732413,Didima,,2,0,60.5,river,1,country_wd
Q32734765,Diowa,,2,0,60.5,river,1,country_wd
Q32734912,Diragana,,2,0,60.5,river,1,country_wd
Q32737986,Doche,,2,0,60.5,river,1,country_wd
Q32741210,Dopeth,,2,0,60.5,river,1,country_wd
Q32743532,Draju,,2,0,60.5,river,1,country_wd
Q32746283,Dukonge,,2,0,60.5,river,1,country_wd
Q32746871,Dumbu,,2,0,60.5,river,1,country_wd
Q32747302,Dunga,,2,0,60.5,river,1,country_wd
Q32747409,Dungulilia,,2,0,60.5,river,1,country_wd
Q32747617,Duol,,2,0,60.5,river,1,country_wd
Q32747791,Dura,,2,0,60.5,river,1,country_wd
Q32748274,Dusozwa,,2,0,60.5,river,1,country_wd
Q32749141,Dwamanyanja,,2,0,60.5,river,1,country_wd
Q32749148,Dwengo,,2,0,60.5,river,1,country_wd
Q32749151,Dwimbi,,2,0,60.5,river,1,country_wd
Q32750188,Echinyabu,,2,0,60.5,river,1,country_wd
Q32750319,Ega,,2,0,60.5,river,1,country_wd
Q32750480,Ekiringura,,2,0,60.5,river,1,country_wd
Q32750483,Ekitsagaza,,2,0,60.5,river,1,country_wd
Q32750774,Emerikit,,2,0,60.5,river,1,country_wd
Q32750814,Emuleva,,2,0,60.5,river,1,country_wd
Q32750885,Enguri,,2,0,60.5,river,1,country_wd
Q32751143,Erudzi,,2,0,60.5,river,1,country_wd
Q32751206,Eseka,,2,0,60.5,river,1,country_wd
Q32751549,Evisivitakura,,2,0,60.5,river,1,country_wd
Q32751680,Fada,,2,0,60.5,river,1,country_wd
Q32752822,Fululu,,2,0,60.5,river,1,country_wd
Q32753378,Gaira,,2,0,60.5,river,1,country_wd
Q32753617,Galijula,,2,0,60.5,river,1,country_wd
Q32753790,Gambuze,,2,0,60.5,river,1,country_wd
Q33459947,Uganda at the 2017 World Aquatics Championships,Uganda at the 2017 World Aquatics Championships,2,0,60.5,nation at sport competition,2,country_wd|keyword_title
Q3431904,Rift Valley Railways Consortium,Rift Valley Railways,2,0,60.5,railway company,1,country_wd
Q34640178,Abagedo,,2,0,60.5,river,1,country_wd
Q34640366,Aber,,2,0,60.5,river,1,country_wd
Q34640374,Abera,,2,0,60.5,river,1,country_wd
Q34640380,Abera,,2,0,60.5,river,1,country_wd
Q34640433,Abere,,2,0,60.5,river,1,country_wd
Q34640482,Abeyo,,2,0,60.5,river,1,country_wd
Q34640568,Abilgiri,,2,0,60.5,river,1,country_wd
Q34640633,Aboke,,2,0,60.5,river,1,country_wd
Q34640641,Abole,,2,0,60.5,river,1,country_wd
Q34640648,Abolo,,2,0,60.5,river,1,country_wd
Q34640654,Aboloo,,2,0,60.5,river,1,country_wd
Q34640660,Abongocwara,,2,0,60.5,river,1,country_wd
Q34640667,Abongonyara,,2,0,60.5,river,1,country_wd
Q34640675,Abor,,2,0,60.5,river,1,country_wd
Q34640681,Abora,,2,0,60.5,river,1,country_wd
Q34640767,Abucunye,,2,0,60.5,river,1,country_wd
Q34640773,Abudunu,,2,0,60.5,river,1,country_wd
Q34640780,Abuk,,2,0,60.5,river,1,country_wd
Q34640785,Abuka,,2,0,60.5,river,1,country_wd
Q34640791,Abukec,,2,0,60.5,river,1,country_wd
Q34640797,Abukuyi,,2,0,60.5,river,1,country_wd
Q34640804,Abutopawaya,,2,0,60.5,river,1,country_wd
Q34640812,Abuyo,,2,0,60.5,river,1,country_wd
Q34640819,Abwobe,,2,0,60.5,river,1,country_wd
Q34640826,Abwoc,,2,0,60.5,river,1,country_wd
Q34640833,Abwor,,2,0,60.5,river,1,country_wd
Q34640840,Abwori,,2,0,60.5,river,1,country_wd
Q34640855,Abwori,,2,0,60.5,river,1,country_wd
Q34640864,Acaa,,2,0,60.5,river,1,country_wd
Q34640900,Acakala,,2,0,60.5,river,1,country_wd
Q34640908,Acayo,,2,0,60.5,river,1,country_wd
Q34640955,Acenu,,2,0,60.5,river,1,country_wd
Q34640961,Acet,,2,0,60.5,river,1,country_wd
Q34640987,Achilet,,2,0,60.5,river,1,country_wd
Q34641003,Achoki,,2,0,60.5,river,1,country_wd
Q34641009,Achunat,,2,0,60.5,river,1,country_wd
Q34641016,Acii,,2,0,60.5,river,1,country_wd
Q34641023,Acika,,2,0,60.5,river,1,country_wd
Q34641029,Acikra,,2,0,60.5,river,1,country_wd
Q34641076,Acoo,,2,0,60.5,river,1,country_wd
Q34641139,Acuranga,,2,0,60.5,river,1,country_wd
Q34641184,Adagdano,,2,0,60.5,river,1,country_wd
Q34641762,Adedi,,2,0,60.5,river,1,country_wd
Q34641790,Adeyo,,2,0,60.5,river,1,country_wd
Q34641800,Adia,,2,0,60.5,river,1,country_wd
Q34641808,Adingamadi,,2,0,60.5,river,1,country_wd
Q34641999,Adokonam,,2,0,60.5,river,1,country_wd
Q34642032,Adundo,,2,0,60.5,river,1,country_wd
Q34642041,Aduru,,2,0,60.5,river,1,country_wd
Q34642060,Adwel,,2,0,60.5,river,1,country_wd
Q34642065,Adwor,,2,0,60.5,river,1,country_wd
Q34642073,Adyang,,2,0,60.5,river,1,country_wd
Q34642232,Agago,,2,0,60.5,river,1,country_wd
Q34642247,Agan,,2,0,60.5,river,1,country_wd
Q34642278,Agechel,,2,0,60.5,river,1,country_wd
Q34642307,Agira,,2,0,60.5,river,1,country_wd
Q34642382,Agu,,2,0,60.5,river,1,country_wd
Q34642444,Agugura,,2,0,60.5,river,1,country_wd
Q34642454,Agula,,2,0,60.5,river,1,country_wd
Q34642461,Agulupwam,,2,0,60.5,river,1,country_wd
Q34642473,Agwar Yugi,,2,0,60.5,river,1,country_wd
Q34642478,Agwaryugi,,2,0,60.5,river,1,country_wd
Q34642484,Agwedola,,2,0,60.5,river,1,country_wd
Q34642504,Agwo,,2,0,60.5,river,1,country_wd
Q34642509,Agwok,,2,0,60.5,river,1,country_wd
Q34642749,Ajan,,2,0,60.5,river,1,country_wd
Q34642774,Ajetjet,,2,0,60.5,river,1,country_wd
Q34642785,Ajobi,,2,0,60.5,river,1,country_wd
Q34642791,Ajok,,2,0,60.5,river,1,country_wd
Q34642798,Ajok,,2,0,60.5,river,1,country_wd
Q34642801,Ajola,,2,0,60.5,river,1,country_wd
Q34642807,Ajony,,2,0,60.5,river,1,country_wd
Q34642813,Ajuri,,2,0,60.5,river,1,country_wd
Q34642844,Akado,,2,0,60.5,river,1,country_wd
Q34642855,Akago,,2,0,60.5,river,1,country_wd
Q34642869,Akanginimat,,2,0,60.5,river,1,country_wd
Q34642876,Akaniningata,,2,0,60.5,river,1,country_wd
Q34642940,Akeno,,2,0,60.5,river,1,country_wd
Q34642971,Akidikidi,,2,0,60.5,river,1,country_wd
Q34643015,Akipoi,,2,0,60.5,river,1,country_wd
Q34643020,Akipye,,2,0,60.5,river,1,country_wd
Q34643028,Akisi,,2,0,60.5,river,1,country_wd
Q34643039,Akore,,2,0,60.5,river,1,country_wd
Q34643045,Akore,,2,0,60.5,river,1,country_wd
Q34643088,Akudam,,2,0,60.5,river,1,country_wd
Q34643094,Akuki,,2,0,60.5,river,1,country_wd
Q34643100,Akuna,,2,0,60.5,river,1,country_wd
Q34643108,Akura,,2,0,60.5,river,1,country_wd
Q34643115,Akuru,,2,0,60.5,river,1,country_wd
Q34643131,Akurukit,,2,0,60.5,river,1,country_wd
Q34643144,Akwacaodong,,2,0,60.5,river,1,country_wd
Q34643151,Akwara,,2,0,60.5,river,1,country_wd
Q34643157,Akwatipi,,2,0,60.5,river,1,country_wd
Q34643170,Akweyo,,2,0,60.5,river,1,country_wd
Q34643178,Akwi,,2,0,60.5,river,1,country_wd
Q34643450,Alango,,2,0,60.5,river,1,country_wd
Q34644022,Alee,,2,0,60.5,river,1,country_wd
Q34644033,Aleny,,2,0,60.5,river,1,country_wd
Q34644473,Alibi,,2,0,60.5,river,1,country_wd
Q34644521,Alilit,,2,0,60.5,river,1,country_wd
Q34645807,Aloto,,2,0,60.5,river,1,country_wd
Q34645812,Aloto,,2,0,60.5,river,1,country_wd
Q34646211,Alwala,,2,0,60.5,river,1,country_wd
Q34646220,Alyek,,2,0,60.5,river,1,country_wd
Q34646251,Amabakoko,,2,0,60.5,river,1,country_wd
Q34646269,Amalac,,2,0,60.5,river,1,country_wd
Q34646353,Amapogi,,2,0,60.5,river,1,country_wd
Q34646734,Aming,,2,0,60.5,river,1,country_wd
Q34646740,Aminogwai,,2,0,60.5,river,1,country_wd
Q34646744,Aminomir,,2,0,60.5,river,1,country_wd
Q34646865,Amolo,,2,0,60.5,river,1,country_wd
Q34646888,Amongini,,2,0,60.5,river,1,country_wd
Q34646907,Amora,,2,0,60.5,river,1,country_wd
Q34646916,Amori,,2,0,60.5,river,1,country_wd
Q34646919,Amorpi,,2,0,60.5,river,1,country_wd
Q34647016,Amuka,,2,0,60.5,river,1,country_wd
Q34647022,Amumula,,2,0,60.5,river,1,country_wd
Q34647026,Amunereng,,2,0,60.5,river,1,country_wd
Q34647144,Ananga,,2,0,60.5,river,1,country_wd
Q34647823,Anditi,,2,0,60.5,river,1,country_wd
Q34648098,Aneya,,2,0,60.5,river,1,country_wd
Q34648265,Angwemadel,,2,0,60.5,river,1,country_wd
Q34648283,Anini,,2,0,60.5,river,1,country_wd
Q34648963,Anyalanga,,2,0,60.5,river,1,country_wd
Q34648973,Anyikura,,2,0,60.5,river,1,country_wd
Q34648978,Anyima,,2,0,60.5,river,1,country_wd
Q34648985,Anyuka,,2,0,60.5,river,1,country_wd
Q34648997,Aoka,,2,0,60.5,river,1,country_wd
Q34649054,Apadut,,2,0,60.5,river,1,country_wd
Q34649060,Apaka,,2,0,60.5,river,1,country_wd
Q34649066,Apala,,2,0,60.5,river,1,country_wd
Q34649159,Apiiyie,,2,0,60.5,river,1,country_wd
Q34649164,Apio,,2,0,60.5,river,1,country_wd
Q34649170,Apire,,2,0,60.5,river,1,country_wd
Q34649201,Apoka,,2,0,60.5,river,1,country_wd
Q34649238,Apotokitoo,,2,0,60.5,river,1,country_wd
Q34649407,Apwatak,,2,0,60.5,river,1,country_wd
Q34649414,Apworocero,,2,0,60.5,river,1,country_wd
Q34649509,Araa,,2,0,60.5,river,1,country_wd
Q34649514,Araa,,2,0,60.5,river,1,country_wd
Q34649879,Aree,,2,0,60.5,river,1,country_wd
Q34649983,Ariamakoi,,2,0,60.5,river,1,country_wd
Q34649989,Ariamapoda,,2,0,60.5,river,1,country_wd
Q34650030,Ariket,,2,0,60.5,river,1,country_wd
Q34650037,Aringalyok,,2,0,60.5,river,1,country_wd
Q34650734,Aro,,2,0,60.5,river,1,country_wd
Q34650740,Aromo,,2,0,60.5,river,1,country_wd
Q34650749,Arot,,2,0,60.5,river,1,country_wd
Q34657080,Agweng,,2,0,60.5,river,1,country_wd
Q34668390,Awac,,2,0,60.5,river,1,country_wd
Q34668414,Awackwee,,2,0,60.5,river,1,country_wd
Q34668424,Awar,,2,0,60.5,river,1,country_wd
Q34668467,Awer,,2,0,60.5,river,1,country_wd
Q34668474,Awic,,2,0,60.5,river,1,country_wd
Q34668497,Awic,,2,0,60.5,river,1,country_wd
Q34668505,Awicpalaro,,2,0,60.5,river,1,country_wd
Q34668513,Awicpaminto,,2,0,60.5,river,1,country_wd
Q34668524,Awicpukee,,2,0,60.5,river,1,country_wd
Q34668533,Awicpuyen,,2,0,60.5,river,1,country_wd
Q34668542,Awinyo,,2,0,60.5,river,1,country_wd
Q34668552,Awongo,,2,0,60.5,river,1,country_wd
Q34668558,Aworanga,,2,0,60.5,river,1,country_wd
Q34668567,Awuch,,2,0,60.5,river,1,country_wd
Q34668588,Ayago,,2,0,60.5,river,1,country_wd
Q34668615,Ayakilete,,2,0,60.5,river,1,country_wd
Q34668621,Ayangyang,,2,0,60.5,river,1,country_wd
Q34668708,Ayirengel,,2,0,60.5,river,1,country_wd
Q34668713,Ayiri,,2,0,60.5,river,1,country_wd
Q34668736,Ayomo,,2,0,60.5,river,1,country_wd
Q34668743,Ayonaiepeduru,,2,0,60.5,river,1,country_wd
Q34668749,Ayongtoke,,2,0,60.5,river,1,country_wd
Q34668815,Ayul,,2,0,60.5,river,1,country_wd
Q34668822,Aywee,,2,0,60.5,river,1,country_wd
Q34668844,Aywelu,,2,0,60.5,river,1,country_wd
Q34671138,Balakule,,2,0,60.5,river,1,country_wd
Q34672480,Balunginjuru,,2,0,60.5,river,1,country_wd
Q34672508,Balyia,,2,0,60.5,river,1,country_wd
Q34673472,Bao,,2,0,60.5,river,1,country_wd
Q34676953,Baubi,,2,0,60.5,river,1,country_wd
Q34686215,Beletet,,2,0,60.5,river,1,country_wd
Q34689732,Bevedankoroa,,2,0,60.5,river,1,country_wd
Q34689899,Beyowil,,2,0,60.5,river,1,country_wd
Q34696506,Bihanga,,2,0,60.5,river,1,country_wd
Q34721080,Lake Asasaka,,2,0,60.5,marsh,1,country_wd
Q34721246,Lake Obokat,,2,0,60.5,marsh,1,country_wd
Q34721963,Bugaka,,2,0,60.5,river,1,country_wd
Q34722096,Bukamuli,,2,0,60.5,river,1,country_wd
Q34722115,Bukase,,2,0,60.5,river,1,country_wd
Q34722122,Bukat,,2,0,60.5,river,1,country_wd
Q34722131,Bukhubalo,,2,0,60.5,river,1,country_wd
Q34722144,Bukubworo,,2,0,60.5,river,1,country_wd
Q34722975,Buloha,,2,0,60.5,river,1,country_wd
Q34722982,Buloji,,2,0,60.5,river,1,country_wd
Q34723089,Buluya,,2,0,60.5,river,1,country_wd
Q34723108,Bulyera,,2,0,60.5,river,1,country_wd
Q34723351,Bunakate,,2,0,60.5,river,1,country_wd
Q34723575,Bungaladyel,,2,0,60.5,river,1,country_wd
Q34723612,Bungatira,,2,0,60.5,river,1,country_wd
Q34724208,Burcoro,,2,0,60.5,river,1,country_wd
Q34724906,Burlobo,,2,0,60.5,river,1,country_wd
Q34726228,Burukung,,2,0,60.5,river,1,country_wd
Q34726266,Burwe,,2,0,60.5,river,1,country_wd
Q34726742,Busoyi,,2,0,60.5,river,1,country_wd
Q34727243,Butsukha,,2,0,60.5,river,1,country_wd
Q34730980,Camdyere,,2,0,60.5,river,1,country_wd
Q34762932,Chai,,2,0,60.5,river,1,country_wd
Q34765748,Chari,,2,0,60.5,river,1,country_wd
Q34776523,Chokgoro,,2,0,60.5,river,1,country_wd
Q34776550,Chokuluk,,2,0,60.5,river,1,country_wd
Q34788567,Yubwe Island,,2,0,60.5,island,1,country_wd
Q34788867,Zigunga Island,,2,0,60.5,island,1,country_wd
Q34788871,Zigwe Island,,2,0,60.5,island,1,country_wd
Q34788888,Zinga Island,,2,0,60.5,island,1,country_wd
Q34788903,Ziro Island,,2,0,60.5,island,1,country_wd
Q34788922,Ziru Island,,2,0,60.5,island,1,country_wd
Q34818884,Wakalende,,2,0,60.5,river,1,country_wd
Q34818896,Wakalinya,,2,0,60.5,river,1,country_wd
Q34819157,Wakawaka,,2,0,60.5,river,1,country_wd
Q34819171,Wakawoga,,2,0,60.5,river,1,country_wd
Q34819331,Waki,,2,0,60.5,river,1,country_wd
Q34819368,Wakibombo,,2,0,60.5,river,1,country_wd
Q34819395,Wakigyu,,2,0,60.5,river,1,country_wd
Q34819561,Wakukuta,,2,0,60.5,river,1,country_wd
Q34820581,Waliga,,2,0,60.5,river,1,country_wd
Q34827198,Walufumbe,,2,0,60.5,river,1,country_wd
Q34827210,Walugogo,,2,0,60.5,river,1,country_wd
Q34827222,Walugogo,,2,0,60.5,river,1,country_wd
Q34827234,Waluke,,2,0,60.5,river,1,country_wd
Q34827246,Walukoge,,2,0,60.5,river,1,country_wd
Q34827259,Walumbe,,2,0,60.5,river,1,country_wd
Q34827283,Walutente,,2,0,60.5,river,1,country_wd
Q34827359,Walwibo,,2,0,60.5,river,1,country_wd
Q34827512,Wamalagwe,,2,0,60.5,river,1,country_wd
Q34827595,Wambabya,,2,0,60.5,river,1,country_wd
Q34827607,Wambabyo,,2,0,60.5,river,1,country_wd
Q34827619,Wambadi,,2,0,60.5,river,1,country_wd
Q34827642,Wambaya,,2,0,60.5,river,1,country_wd
Q34827667,Wambewo,,2,0,60.5,river,1,country_wd
Q34827739,Wamfuru,,2,0,60.5,river,1,country_wd
Q34827797,Wamifu,,2,0,60.5,river,1,country_wd
Q34827809,Wamikira,,2,0,60.5,river,1,country_wd
Q34828296,Wanandsawa,,2,0,60.5,river,1,country_wd
Q34828392,Wandago,,2,0,60.5,river,1,country_wd
Q34828416,Wandaka,,2,0,60.5,river,1,country_wd
Q34828846,Wangalaza,,2,0,60.5,river,1,country_wd
Q34828863,Wangali,,2,0,60.5,river,1,country_wd
Q34829057,Wangatede,,2,0,60.5,river,1,country_wd
Q34829113,Wangcumu,,2,0,60.5,river,1,country_wd
Q34829129,Wangduku,,2,0,60.5,river,1,country_wd
Q34829141,Wangebok,,2,0,60.5,river,1,country_wd
Q34829154,Wangege,,2,0,60.5,river,1,country_wd
Q34829168,Wangelaca,,2,0,60.5,river,1,country_wd
Q34829236,Wangkwogo,,2,0,60.5,river,1,country_wd
Q34829249,Wanglango,,2,0,60.5,river,1,country_wd
Q34829309,Wangnyang,,2,0,60.5,river,1,country_wd
Q34829346,Wangober,,2,0,60.5,river,1,country_wd
Q34829358,Wangodeyogwok,,2,0,60.5,river,1,country_wd
Q34829369,Wangodugu,,2,0,60.5,river,1,country_wd
Q34829381,Wangodwong,,2,0,60.5,river,1,country_wd
Q34829407,Wangolam,,2,0,60.5,river,1,country_wd
Q34829420,Wangolam,,2,0,60.5,river,1,country_wd
Q34829431,Wangoluku,,2,0,60.5,river,1,country_wd
Q34829454,Wangopok,,2,0,60.5,river,1,country_wd
Q34829559,Wangyaa,,2,0,60.5,river,1,country_wd
Q34829741,Wanjede,,2,0,60.5,river,1,country_wd
Q34829809,Wanka,,2,0,60.5,river,1,country_wd
Q34829824,Wankabudida,,2,0,60.5,river,1,country_wd
Q34829898,Wankanani,,2,0,60.5,river,1,country_wd
Q34829953,Wankawanka,,2,0,60.5,river,1,country_wd
Q34830229,Wansenyi,,2,0,60.5,river,1,country_wd
Q34830281,Wantabu,,2,0,60.5,river,1,country_wd
Q34830494,Wanyelenja,,2,0,60.5,river,1,country_wd
Q34831205,Waragwomi,,2,0,60.5,river,1,country_wd
Q34833838,Wariki,,2,0,60.5,river,1,country_wd
Q34834744,Warogali,,2,0,60.5,river,1,country_wd
Q34835893,Warugo,,2,0,60.5,river,1,country_wd
Q34835939,Warumbi,,2,0,60.5,river,1,country_wd
Q34836286,Wasa,,2,0,60.5,river,1,country_wd
Q34836613,Wasekye,,2,0,60.5,river,1,country_wd
Q34839101,Watambe,,2,0,60.5,river,1,country_wd
Q34839118,Watanyeri,,2,0,60.5,river,1,country_wd
Q34843317,Watimba,,2,0,60.5,river,1,country_wd
Q34843333,Watkilere,,2,0,60.5,river,1,country_wd
Q34843669,Watlabwor,,2,0,60.5,river,1,country_wd
Q34843686,Watlac,,2,0,60.5,river,1,country_wd
Q34845678,Watuba,,2,0,60.5,river,1,country_wd
Q34849719,Supeni,,2,0,60.5,river,1,country_wd
Q34852022,Weiga,,2,0,60.5,river,1,country_wd
Q34852033,Weiga,,2,0,60.5,river,1,country_wd
Q34852563,Surumu,,2,0,60.5,river,1,country_wd
Q34855863,Welumba,,2,0,60.5,river,1,country_wd
Q34856018,Wemukene Kakyukuura,,2,0,60.5,river,1,country_wd
Q34856503,Wenyira,,2,0,60.5,river,1,country_wd
Q34856851,Wereba,,2,0,60.5,river,1,country_wd
Q34857237,Wesikire,,2,0,60.5,river,1,country_wd
Q34857250,Wesikire,,2,0,60.5,river,1,country_wd
Q34881144,Syokoya,,2,0,60.5,river,1,country_wd
Q34898465,Taan,,2,0,60.5,river,1,country_wd
Q34900562,Tabu,,2,0,60.5,river,1,country_wd
Q34900702,Tabuk,,2,0,60.5,river,1,country_wd
Q34901997,Wijobi,,2,0,60.5,river,1,country_wd
Q34908155,Takajunge,,2,0,60.5,river,1,country_wd
Q34919119,Wilyec,,2,0,60.5,river,1,country_wd
Q34919129,Wilyec,,2,0,60.5,river,1,country_wd
Q34921284,Winiwini,,2,0,60.5,river,1,country_wd
Q34922624,Winyorac,,2,0,60.5,river,1,country_wd
Q34922973,Wirii,,2,0,60.5,river,1,country_wd
Q34925643,Wolekekata,,2,0,60.5,river,1,country_wd
Q34927316,Tangi,,2,0,60.5,river,1,country_wd
Q34927576,Tangiri,,2,0,60.5,river,1,country_wd
Q34930258,Tantala,,2,0,60.5,river,1,country_wd
Q34933270,Wolukyera,,2,0,60.5,river,1,country_wd
Q34933751,Wong,,2,0,60.5,river,1,country_wd
Q34936784,Wopi,,2,0,60.5,river,1,country_wd
Q34937354,Woro,,2,0,60.5,river,1,country_wd
Q34937876,Woyi,,2,0,60.5,river,1,country_wd
Q34943253,Pearson Channel,,2,0,60.5,distributary,1,country_wd
Q34952797,Yame,,2,0,60.5,river,1,country_wd
Q34957923,Tebakoli,,2,0,60.5,river,1,country_wd
Q34959761,Yawambi,,2,0,60.5,river,1,country_wd
Q34960451,Yazi,,2,0,60.5,river,1,country_wd
Q34962805,Tem,,2,0,60.5,river,1,country_wd
Q34962942,Tembelela,,2,0,60.5,river,1,country_wd
Q34963022,Tembwe,,2,0,60.5,river,1,country_wd
Q34968418,Yelula,,2,0,60.5,river,1,country_wd
Q34969378,Yengeji,,2,0,60.5,river,1,country_wd
Q34971100,Yeriya,,2,0,60.5,river,1,country_wd
Q35254959,Alere,,2,0,60.5,stream,1,country_wd
Q35255234,Aramita,,2,0,60.5,stream,1,country_wd
Q35258018,Pongdwongo,,2,0,60.5,stream,1,country_wd
Q35258474,Pono,,2,0,60.5,stream,1,country_wd
Q35260705,Popera,,2,0,60.5,stream,1,country_wd
Q35264920,Porokoc,,2,0,60.5,stream,1,country_wd
Q35268159,Posoch,,2,0,60.5,stream,1,country_wd
Q35283859,Soba,,2,0,60.5,stream,1,country_wd
Q35284423,Rubindi,,2,0,60.5,stream,1,country_wd
Q35284478,Rubirizi,,2,0,60.5,stream,1,country_wd
Q35286120,Sogohi,,2,0,60.5,stream,1,country_wd
Q35289149,Rufuha,,2,0,60.5,stream,1,country_wd
Q35289269,Rugaga,,2,0,60.5,stream,1,country_wd
Q35289400,Rugando,,2,0,60.5,stream,1,country_wd
Q35289541,Rugasha,,2,0,60.5,stream,1,country_wd
Q35289789,Rugeza,,2,0,60.5,stream,1,country_wd
Q35289811,Rugezi,,2,0,60.5,stream,1,country_wd
Q35290198,Solo,,2,0,60.5,stream,1,country_wd
Q35290408,Rugyeye,,2,0,60.5,stream,1,country_wd
Q35290594,Ruhezamyenda,,2,0,60.5,stream,1,country_wd
Q35290652,Ruhimbu,,2,0,60.5,stream,1,country_wd
Q35290851,Ruhoroberwa,,2,0,60.5,stream,1,country_wd
Q35290945,Ruhuma,,2,0,60.5,stream,1,country_wd
Q35291077,Ruiga,,2,0,60.5,stream,1,country_wd
Q35291089,Ruiga,,2,0,60.5,stream,1,country_wd
Q35291160,Ruimi,,2,0,60.5,stream,1,country_wd
Q35291886,Solot,,2,0,60.5,stream,1,country_wd
Q35292250,Kamuka,,2,0,60.5,stream,1,country_wd
Q35292456,Kamulikwezi,,2,0,60.5,stream,1,country_wd
Q35292998,Kamusere,,2,0,60.5,stream,1,country_wd
Q35293012,Kamusinzi,,2,0,60.5,stream,1,country_wd
Q35293164,Kamuwaira,,2,0,60.5,stream,1,country_wd
Q35293257,Somaku,,2,0,60.5,stream,1,country_wd
Q35293393,Kamwana,,2,0,60.5,stream,1,country_wd
Q35293683,Kamwenge,,2,0,60.5,stream,1,country_wd
Q35294579,Somoli,,2,0,60.5,stream,1,country_wd
Q35295652,Kanaga,,2,0,60.5,stream,1,country_wd
Q35295667,Kanaga,,2,0,60.5,stream,1,country_wd
Q35295694,Kanagamyongo,,2,0,60.5,stream,1,country_wd
Q35296365,Kanalugenda,,2,0,60.5,stream,1,country_wd
Q35296624,Kanamuget,,2,0,60.5,stream,1,country_wd
Q35296751,Kananansi,,2,0,60.5,stream,1,country_wd
Q35296847,Kanangalo River,,2,0,60.5,stream,1,country_wd
Q35296977,Kananyait,,2,0,60.5,stream,1,country_wd
Q35297000,Sonso,,2,0,60.5,stream,1,country_wd
Q35297014,Sonso,,2,0,60.5,stream,1,country_wd
Q35297030,Kanapedi,,2,0,60.5,stream,1,country_wd
Q35297044,Kanapo,,2,0,60.5,stream,1,country_wd
Q35298028,Sopsop,,2,0,60.5,stream,1,country_wd
Q35299121,Kandekye,,2,0,60.5,stream,1,country_wd
Q35299438,Kandibahera,,2,0,60.5,stream,1,country_wd
Q35300727,Kanena,,2,0,60.5,stream,1,country_wd
Q35301178,Kanga,,2,0,60.5,stream,1,country_wd
Q35302020,Kangkaya,,2,0,60.5,stream,1,country_wd
Q35302181,Kangombe,,2,0,60.5,stream,1,country_wd
Q35302878,Puan,,2,0,60.5,stream,1,country_wd
Q35303696,Pudapud,,2,0,60.5,stream,1,country_wd
Q35304310,Kankoko,,2,0,60.5,stream,1,country_wd
Q35304841,Kankwale,,2,0,60.5,stream,1,country_wd
Q35305092,Pugali,,2,0,60.5,stream,1,country_wd
Q35305423,Pugwaro,,2,0,60.5,stream,1,country_wd
Q35305436,Pugwet,,2,0,60.5,stream,1,country_wd
Q35305550,Kanobogo,,2,0,60.5,stream,1,country_wd
Q35305604,Kanoga,,2,0,60.5,stream,1,country_wd
Q35305629,Kanogola,,2,0,60.5,stream,1,country_wd
Q35305756,Kanonga,,2,0,60.5,stream,1,country_wd
Q35305935,Pujigo,,2,0,60.5,stream,1,country_wd
Q35306198,Pukal,,2,0,60.5,stream,1,country_wd
Q35306583,Kansensero,,2,0,60.5,stream,1,country_wd
Q35306639,Kanshegu,,2,0,60.5,stream,1,country_wd
Q35306886,Kansira,,2,0,60.5,stream,1,country_wd
Q35307513,Kantantimba,,2,0,60.5,stream,1,country_wd
Q35307557,Ruizi,,2,0,60.5,stream,1,country_wd
Q35307913,Pul,,2,0,60.5,stream,1,country_wd
Q35307926,Pul,,2,0,60.5,stream,1,country_wd
Q35308226,Rukoki,,2,0,60.5,stream,1,country_wd
Q35308391,Rukoni,,2,0,60.5,stream,1,country_wd
Q35308461,Rukorohwa,,2,0,60.5,stream,1,country_wd
Q35308488,Kanulira,,2,0,60.5,stream,1,country_wd
Q35309017,Kanyabaha,,2,0,60.5,stream,1,country_wd
Q35309028,Kanyabalogo,,2,0,60.5,stream,1,country_wd
Q35309092,Kanyabura,,2,0,60.5,stream,1,country_wd
Q35309131,Kanyagareng,,2,0,60.5,stream,1,country_wd
Q35309222,Pululu,,2,0,60.5,stream,1,country_wd
Q35309323,Kanyampara,,2,0,60.5,stream,1,country_wd
Q35309361,Kanyamutam,,2,0,60.5,stream,1,country_wd
Q35309434,Rumatol,,2,0,60.5,stream,1,country_wd
Q35309550,Kanyankirengi,,2,0,60.5,stream,1,country_wd
Q35309615,Kanyansese,,2,0,60.5,stream,1,country_wd
Q35309658,Kanyara,,2,0,60.5,stream,1,country_wd
Q35309671,Kanyaranyara,,2,0,60.5,stream,1,country_wd
Q35309801,Kanyawanjura,,2,0,60.5,stream,1,country_wd
Q35310092,Kanyera,,2,0,60.5,stream,1,country_wd
Q35310460,Kanyogoga,,2,0,60.5,stream,1,country_wd
Q35310800,Kanyuwataba,,2,0,60.5,stream,1,country_wd
Q35310815,Kanywa,,2,0,60.5,stream,1,country_wd
Q35312559,Pungere,,2,0,60.5,stream,1,country_wd
Q35312707,Pungul,,2,0,60.5,stream,1,country_wd
Q35313197,Kapedo,,2,0,60.5,stream,1,country_wd
Q35313224,Kapekenyang,,2,0,60.5,stream,1,country_wd
Q35313310,Punuaju,,2,0,60.5,stream,1,country_wd
Q35313324,Punubongo,,2,0,60.5,stream,1,country_wd
Q35313384,Kapelepelot,,2,0,60.5,stream,1,country_wd
Q35313869,Rusabbasabbie,,2,0,60.5,stream,1,country_wd
Q35313897,Kapeta,,2,0,60.5,stream,1,country_wd
Q35313911,Kapeta,,2,0,60.5,stream,1,country_wd
Q35313928,Rusangwe,,2,0,60.5,stream,1,country_wd
Q35314022,Kapia,,2,0,60.5,stream,1,country_wd
Q35314175,Kapilaika,,2,0,60.5,stream,1,country_wd
Q35315217,Kapolino,,2,0,60.5,stream,1,country_wd
Q35315458,Purle,,2,0,60.5,stream,1,country_wd
Q35315958,Rushango,,2,0,60.5,stream,1,country_wd
Q35315997,Rushaya,,2,0,60.5,stream,1,country_wd
Q35316081,Puru,,2,0,60.5,stream,1,country_wd
Q35316146,Kaptokwoi,,2,0,60.5,stream,1,country_wd
Q35316376,Rushoma,,2,0,60.5,stream,1,country_wd
Q35316895,Kapwanya,,2,0,60.5,stream,1,country_wd
Q35318992,Putongo,,2,0,60.5,stream,1,country_wd
Q35319593,Rutanda,,2,0,60.5,stream,1,country_wd
Q35319625,Rutara,,2,0,60.5,stream,1,country_wd
Q35320412,Rutoba,,2,0,60.5,stream,1,country_wd
Q35320483,Pworogali,,2,0,60.5,stream,1,country_wd
Q35320504,Rutondo,,2,0,60.5,stream,1,country_wd
Q35320757,Rutungu,,2,0,60.5,stream,1,country_wd
Q35321160,Karagaruka,,2,0,60.5,stream,1,country_wd
Q35321408,Ruwuila,,2,0,60.5,stream,1,country_wd
Q35321804,Ruzhozho,,2,0,60.5,stream,1,country_wd
Q35322169,Rwabanjeri,,2,0,60.5,stream,1,country_wd
Q35322184,Rwabarera,,2,0,60.5,stream,1,country_wd
Q35322198,Rwabaseveni,,2,0,60.5,stream,1,country_wd
Q35322242,Rwabatwa,,2,0,60.5,stream,1,country_wd
Q35322258,Rwabigu,,2,0,60.5,stream,1,country_wd
Q35322347,Rwabitimba,,2,0,60.5,stream,1,country_wd
Q35322892,Rwakiriba,,2,0,60.5,stream,1,country_wd
Q35323002,Rwamarongo,,2,0,60.5,stream,1,country_wd
Q35323030,Rwamasha,,2,0,60.5,stream,1,country_wd
Q35323215,Rwampanga,,2,0,60.5,stream,1,country_wd
Q35323552,Karamaga,,2,0,60.5,stream,1,country_wd
Q35323563,Rwamutwaikya,,2,0,60.5,stream,1,country_wd
Q35323756,Rwangogole,,2,0,60.5,stream,1,country_wd
Q35323948,Rwanyabukoba,,2,0,60.5,stream,1,country_wd
Q35324363,Karan,,2,0,60.5,stream,1,country_wd
Q35324557,Rwebikere,,2,0,60.5,stream,1,country_wd
Q35324570,Rwebikoba,,2,0,60.5,stream,1,country_wd
Q35324586,Rwebikoko,,2,0,60.5,stream,1,country_wd
Q35324600,Rwekunye,,2,0,60.5,stream,1,country_wd
Q35324614,Rwemamba,,2,0,60.5,stream,1,country_wd
Q35324638,Rwembogo,,2,0,60.5,stream,1,country_wd
Q35324652,Rwemidodi,,2,0,60.5,stream,1,country_wd
Q35324667,Rwempuno,,2,0,60.5,stream,1,country_wd
Q35324695,Rwengo,,2,0,60.5,stream,1,country_wd
Q35324742,Rwenjuvo,,2,0,60.5,stream,1,country_wd
Q35324754,Rwentobo,,2,0,60.5,stream,1,country_wd
Q35324783,Rwentuha,,2,0,60.5,stream,1,country_wd
Q35324797,Rwentuha,,2,0,60.5,stream,1,country_wd
Q35324942,Rwigo,,2,0,60.5,stream,1,country_wd
Q35325165,Rwoho,,2,0,60.5,stream,1,country_wd
Q35325260,Rwonyo,,2,0,60.5,stream,1,country_wd
Q35325273,Rwotobila,,2,0,60.5,stream,1,country_wd
Q35329738,Kare,,2,0,60.5,stream,1,country_wd
Q35330107,Karemem,,2,0,60.5,stream,1,country_wd
Q35335091,Karomokacoo,,2,0,60.5,stream,1,country_wd
Q35336035,Lobalangati,,2,0,60.5,stream,1,country_wd
Q35336647,Loboti,,2,0,60.5,stream,1,country_wd
Q35336832,Lobuloyin,,2,0,60.5,stream,1,country_wd
Q35337052,Lochaboi,,2,0,60.5,stream,1,country_wd
Q35337232,Lochoman,,2,0,60.5,stream,1,country_wd
Q35337247,Lochorakwangen,,2,0,60.5,stream,1,country_wd
Q35337260,Lochoria,,2,0,60.5,stream,1,country_wd
Q35337274,Lochorkinei,,2,0,60.5,stream,1,country_wd
Q35337612,Karundi,,2,0,60.5,stream,1,country_wd
Q35337670,Karung,,2,0,60.5,stream,1,country_wd
Q35339059,Lodias,,2,0,60.5,stream,1,country_wd
Q35339129,Lodokedanglobey,,2,0,60.5,stream,1,country_wd
Q35339143,Lodoketemit,,2,0,60.5,stream,1,country_wd
Q35339996,Kasala,,2,0,60.5,stream,1,country_wd
Q35340661,Kasanda,,2,0,60.5,stream,1,country_wd
Q35340838,Kasangalabi,,2,0,60.5,stream,1,country_wd
Q35341246,Logara,,2,0,60.5,stream,1,country_wd
Q35341317,Logelat,,2,0,60.5,stream,1,country_wd
Q35341331,Loget,,2,0,60.5,stream,1,country_wd
Q35341515,Kasate,,2,0,60.5,stream,1,country_wd
Q35341713,Kasawsula,,2,0,60.5,stream,1,country_wd
Q35341769,Kasayumba,,2,0,60.5,stream,1,country_wd
Q35341783,Kasazi,,2,0,60.5,stream,1,country_wd
Q35341861,Logoronga,,2,0,60.5,stream,1,country_wd
Q35342177,Kasemba,,2,0,60.5,stream,1,country_wd
Q35342206,Kasembeta,,2,0,60.5,stream,1,country_wd
Q35342276,Kasemulamba,,2,0,60.5,stream,1,country_wd
Q35342772,Kasensero,,2,0,60.5,stream,1,country_wd
Q35342784,Kasenso,,2,0,60.5,stream,1,country_wd
Q35343438,Loitabela,,2,0,60.5,stream,1,country_wd
Q35343443,Kashara,,2,0,60.5,stream,1,country_wd
Q35343452,Loitanit,,2,0,60.5,stream,1,country_wd
Q35343471,Kasharara,,2,0,60.5,stream,1,country_wd
Q35343485,Kashasha,,2,0,60.5,stream,1,country_wd
Q35343499,Kashasha,,2,0,60.5,stream,1,country_wd
Q35343550,Lokapitai,,2,0,60.5,stream,1,country_wd
Q35343593,Lokasirim,,2,0,60.5,stream,1,country_wd
Q35343621,Lokatete,,2,0,60.5,stream,1,country_wd
Q35343651,Lokawo,,2,0,60.5,stream,1,country_wd
Q35343766,Lokemerikapel,,2,0,60.5,stream,1,country_wd
Q35343808,Loker,,2,0,60.5,stream,1,country_wd
Q35343992,Lokibuo,,2,0,60.5,stream,1,country_wd
Q35344005,Lokilik,,2,0,60.5,stream,1,country_wd
Q35344019,Lokimali,,2,0,60.5,stream,1,country_wd
Q35344034,Lokipawa,,2,0,60.5,stream,1,country_wd
Q35346243,Kasinga,,2,0,60.5,stream,1,country_wd
Q35346321,Kasinina,,2,0,60.5,stream,1,country_wd
Q35346334,Kasininya,,2,0,60.5,stream,1,country_wd
Q35346466,Lokokwayi,,2,0,60.5,stream,1,country_wd
Q35346518,Lokome,,2,0,60.5,stream,1,country_wd
Q35346531,Lokomo,,2,0,60.5,stream,1,country_wd
Q35346573,Lokorimoru,,2,0,60.5,stream,1,country_wd
Q35346769,Lokukwoi,,2,0,60.5,stream,1,country_wd
Q35346798,Lokulasi,,2,0,60.5,stream,1,country_wd
Q35346859,Kasoa,,2,0,60.5,stream,1,country_wd
Q35346880,Lokutu,,2,0,60.5,stream,1,country_wd
Q35346909,Lokwakel,,2,0,60.5,stream,1,country_wd
Q35346917,Kasokanyanja,,2,0,60.5,stream,1,country_wd
Q35346985,Kasokolindo,,2,0,60.5,stream,1,country_wd
Q35347026,Kasokwa,,2,0,60.5,stream,1,country_wd
Q35347092,Lolelia,,2,0,60.5,stream,1,country_wd
Q35347136,Kasolwe,,2,0,60.5,stream,1,country_wd
Q35347153,Loliakat,,2,0,60.5,stream,1,country_wd
Q35347178,Loliboch,,2,0,60.5,stream,1,country_wd
Q35347207,Kasomberwa,,2,0,60.5,stream,1,country_wd
Q35347228,Lolili,,2,0,60.5,stream,1,country_wd
Q35347229,Kasomberwa,,2,0,60.5,stream,1,country_wd
Q35347239,Lolire,,2,0,60.5,stream,1,country_wd
Q35347672,Kasota,,2,0,60.5,stream,1,country_wd
Q35347696,Kasowa,,2,0,60.5,stream,1,country_wd
Q35347956,Lomapus,,2,0,60.5,stream,1,country_wd
Q35348337,Lomegetum,,2,0,60.5,stream,1,country_wd
Q35349465,Kasyo,,2,0,60.5,stream,1,country_wd
Q35349554,Lomugetum,,2,0,60.5,stream,1,country_wd
Q35349582,Lomunyenikiporat,,2,0,60.5,stream,1,country_wd
Q35349783,Katabagole,,2,0,60.5,stream,1,country_wd
Q35349811,Katabalanga,,2,0,60.5,stream,1,country_wd
Q35349825,Katabanyente,,2,0,60.5,stream,1,country_wd
Q35349854,Katabasegu,,2,0,60.5,stream,1,country_wd
Q35349867,Katabatimba,,2,0,60.5,stream,1,country_wd
Q35349921,Katabok,,2,0,60.5,stream,1,country_wd
Q35350514,Katalikwa,,2,0,60.5,stream,1,country_wd
Q35350558,Katamandwa,,2,0,60.5,stream,1,country_wd
Q35350637,Katambwa,,2,0,60.5,stream,1,country_wd
Q35350886,Katangwa,,2,0,60.5,stream,1,country_wd
Q35350929,Katansule,,2,0,60.5,stream,1,country_wd
Q35351035,Katanywa,,2,0,60.5,stream,1,country_wd
Q35351386,Katatye,,2,0,60.5,stream,1,country_wd
Q35351749,Kategule,,2,0,60.5,stream,1,country_wd
Q35352232,Katengo,,2,0,60.5,stream,1,country_wd
Q35352326,Katerema,,2,0,60.5,stream,1,country_wd
Q35352338,Katerera,,2,0,60.5,stream,1,country_wd
Q35352509,Katete,,2,0,60.5,stream,1,country_wd
Q35352522,Katete,,2,0,60.5,stream,1,country_wd
Q35352833,Katetempe,,2,0,60.5,stream,1,country_wd
Q35353408,Kathekucha,,2,0,60.5,stream,1,country_wd
Q35353502,Kathil,,2,0,60.5,stream,1,country_wd
Q35353528,Kathileo,,2,0,60.5,stream,1,country_wd
Q35353750,Kathuguru,,2,0,60.5,stream,1,country_wd
Q35355508,Katojo,,2,0,60.5,stream,1,country_wd
Q35355699,Katolo,,2,0,60.5,stream,1,country_wd
Q35355725,Katoma,,2,0,60.5,stream,1,country_wd
Q35355822,Katona,,2,0,60.5,stream,1,country_wd
Q35356015,Katondwa,,2,0,60.5,stream,1,country_wd
Q35356041,Katonga,,2,0,60.5,stream,1,country_wd
Q35356056,Katonga,,2,0,60.5,stream,1,country_wd
Q35356069,Katonga,,2,0,60.5,stream,1,country_wd
Q35356243,Katonya,,2,0,60.5,stream,1,country_wd
Q35356255,Katoogo,,2,0,60.5,stream,1,country_wd
Q35356565,Katosi,,2,0,60.5,stream,1,country_wd
Q35357967,Katuba,,2,0,60.5,stream,1,country_wd
Q35358307,Katugo,,2,0,60.5,stream,1,country_wd
Q35358320,Katugo,,2,0,60.5,stream,1,country_wd
Q35358917,Katungulu,,2,0,60.5,stream,1,country_wd
Q35359041,Katurum,,2,0,60.5,stream,1,country_wd
Q35359136,Katutu,,2,0,60.5,stream,1,country_wd
Q35364027,Longelia,,2,0,60.5,stream,1,country_wd
Q35364074,Longem,,2,0,60.5,stream,1,country_wd
Q35364199,Longiro,,2,0,60.5,stream,1,country_wd
Q35364479,Longor,,2,0,60.5,stream,1,country_wd
Q35364507,Longoroc,,2,0,60.5,stream,1,country_wd
Q35364521,Longoromit,,2,0,60.5,stream,1,country_wd
Q35364567,Kawairindi,,2,0,60.5,stream,1,country_wd
Q35364779,Kawali,,2,0,60.5,stream,1,country_wd
Q35365175,Kawango,,2,0,60.5,stream,1,country_wd
Q35365201,Kawango,,2,0,60.5,stream,1,country_wd
Q35365202,Lonipo,,2,0,60.5,stream,1,country_wd
Q35365351,Kawaswiswa,,2,0,60.5,stream,1,country_wd
Q35366132,Kawolo Station,,2,0,60.5,stream,1,country_wd
Q35366186,Kawoti,,2,0,60.5,stream,1,country_wd
Q35366332,Kawumbuli,,2,0,60.5,stream,1,country_wd
Q35367030,Kayagi,,2,0,60.5,stream,1,country_wd
Q35367172,Lopedot,,2,0,60.5,stream,1,country_wd
Q35367229,Loperipir,,2,0,60.5,stream,1,country_wd
Q35367248,Kayambura,,2,0,60.5,stream,1,country_wd
Q35367369,Lopogot,,2,0,60.5,stream,1,country_wd
Q35367383,Loporokocho,,2,0,60.5,stream,1,country_wd
Q35367412,Lopoza,,2,0,60.5,stream,1,country_wd
Q35367444,Kayanja,,2,0,60.5,stream,1,country_wd
Q35367569,Kayansi,,2,0,60.5,stream,1,country_wd
Q35367589,Lopua,,2,0,60.5,stream,1,country_wd
Q35367696,Loputh,,2,0,60.5,stream,1,country_wd
Q35368017,Loraya,,2,0,60.5,stream,1,country_wd
Q35368125,Kayera,,2,0,60.5,stream,1,country_wd
Q35368289,Lorengikipi,,2,0,60.5,stream,1,country_wd
Q35368421,Kayiraya,,2,0,60.5,stream,1,country_wd
Q35368435,Kayirira,,2,0,60.5,stream,1,country_wd
Q35368650,Loroboi,,2,0,60.5,stream,1,country_wd
Q35369127,Lorupel,,2,0,60.5,stream,1,country_wd
Q35369185,Kayoboya,,2,0,60.5,stream,1,country_wd
Q35369348,Kayora,,2,0,60.5,stream,1,country_wd
Q35369985,Kaywen,,2,0,60.5,stream,1,country_wd
Q35370205,Timan,,2,0,60.5,stream,1,country_wd
Q35374522,Losigiria,,2,0,60.5,stream,1,country_wd
Q35376404,Kazibiride,,2,0,60.5,stream,1,country_wd
Q35377254,Kazimeri,,2,0,60.5,stream,1,country_wd
Q35377267,Kazimsa,,2,0,60.5,stream,1,country_wd
Q35377307,Kazinga,,2,0,60.5,stream,1,country_wd
Q35377554,Kaziradindu,,2,0,60.5,stream,1,country_wd
Q35378186,Kazirankuku,,2,0,60.5,stream,1,country_wd
Q35385047,Kecharaba,,2,0,60.5,stream,1,country_wd
Q35385299,Loyee,,2,0,60.5,stream,1,country_wd
Q35385435,Loyoboo,,2,0,60.5,stream,1,country_wd
Q35385449,Loyolo,,2,0,60.5,stream,1,country_wd
Q35385462,Loyoro,,2,0,60.5,stream,1,country_wd
Q35385475,Loyoroit,,2,0,60.5,stream,1,country_wd
Q35386006,Kedi,,2,0,60.5,stream,1,country_wd
Q35387398,Lubaale,,2,0,60.5,stream,1,country_wd
Q35387505,Lubalangat,,2,0,60.5,stream,1,country_wd
Q35387607,Lubamba,,2,0,60.5,stream,1,country_wd
Q35387945,Lubekolu,,2,0,60.5,stream,1,country_wd
Q35388027,Lubenge,,2,0,60.5,stream,1,country_wd
Q35388242,Lubigi,,2,0,60.5,stream,1,country_wd
Q35388345,Lubingo,,2,0,60.5,stream,1,country_wd
Q35388358,Lubire,,2,0,60.5,stream,1,country_wd
Q35390616,Kedyangu,,2,0,60.5,stream,1,country_wd
Q35390699,Kee,,2,0,60.5,stream,1,country_wd
Q35392474,Lugada,,2,0,60.5,stream,1,country_wd
Q35392592,Luganzi,,2,0,60.5,stream,1,country_wd
Q35392661,Lugazi,,2,0,60.5,stream,1,country_wd
Q35392674,Lugenda,,2,0,60.5,stream,1,country_wd
Q35392903,Lugolima,,2,0,60.5,stream,1,country_wd
Q35393547,Lugudde,,2,0,60.5,stream,1,country_wd
Q35393627,Lugung,,2,0,60.5,stream,1,country_wd
Q35393708,Luguuga,,2,0,60.5,stream,1,country_wd
Q35394056,Luhonde,,2,0,60.5,stream,1,country_wd
Q35394532,Luitambwa,,2,0,60.5,stream,1,country_wd
Q35394622,Kelim,,2,0,60.5,stream,1,country_wd
Q35394747,Kelku,,2,0,60.5,stream,1,country_wd
Q35395544,Luker,,2,0,60.5,stream,1,country_wd
Q35395801,Lukide,,2,0,60.5,stream,1,country_wd
Q35395925,Lukinga,,2,0,60.5,stream,1,country_wd
Q35396130,Lukoba,,2,0,60.5,stream,1,country_wd
Q35396144,Lukoje,,2,0,60.5,stream,1,country_wd
Q35396252,Lukome,,2,0,60.5,stream,1,country_wd
Q35396442,Lukotakoryi,,2,0,60.5,stream,1,country_wd
Q35399139,Kena,,2,0,60.5,stream,1,country_wd
Q35399305,Lukudut,,2,0,60.5,stream,1,country_wd
Q35399685,Lukusi,,2,0,60.5,stream,1,country_wd
Q35399702,Kendra,,2,0,60.5,stream,1,country_wd
Q35399867,Lukwangi,,2,0,60.5,stream,1,country_wd
Q35400008,Lukwitamaira,,2,0,60.5,stream,1,country_wd
Q35400832,Lumaluk,,2,0,60.5,stream,1,country_wd
Q35400922,Lumansi,,2,0,60.5,stream,1,country_wd
Q35401549,Lumbuka,,2,0,60.5,stream,1,country_wd
Q35401602,Lumbuye,,2,0,60.5,stream,1,country_wd
Q35401804,Lumeno,,2,0,60.5,stream,1,country_wd
Q35402461,Lumungole,,2,0,60.5,stream,1,country_wd
Q35403212,Kerekilet,,2,0,60.5,stream,1,country_wd
Q35404422,Lungiebi,,2,0,60.5,stream,1,country_wd
Q35405056,Lunkingiride,,2,0,60.5,stream,1,country_wd
Q35405434,Kesiat,,2,0,60.5,stream,1,country_wd
Q35405980,Lunyunai,,2,0,60.5,stream,1,country_wd
Q35407503,Luput,,2,0,60.5,stream,1,country_wd
Q35407648,Lura,,2,0,60.5,stream,1,country_wd
Q35407823,Luriceng,,2,0,60.5,stream,1,country_wd
Q35407900,Luronyo,,2,0,60.5,stream,1,country_wd
Q35408166,Lusamatu,,2,0,60.5,stream,1,country_wd
Q35408577,Lusensa,,2,0,60.5,stream,1,country_wd
Q35408590,Lusere,,2,0,60.5,stream,1,country_wd
Q35409430,Khabere,,2,0,60.5,stream,1,country_wd
Q35409651,Lutabasigire,,2,0,60.5,stream,1,country_wd
Q35409739,Lutamandwa,,2,0,60.5,stream,1,country_wd
Q35409791,Lutatworo,,2,0,60.5,stream,1,country_wd
Q35409830,Lutek,,2,0,60.5,stream,1,country_wd
Q35409869,Lutembe,,2,0,60.5,stream,1,country_wd
Q35410472,Lutongo,,2,0,60.5,stream,1,country_wd
Q35410543,Lutoto,,2,0,60.5,stream,1,country_wd
Q35410979,Lutukumini,,2,0,60.5,stream,1,country_wd
Q35411371,Luvunya,,2,0,60.5,stream,1,country_wd
Q35411915,Luyam,,2,0,60.5,stream,1,country_wd
Q35412040,Luyoro,,2,0,60.5,stream,1,country_wd
Q35412077,Luzade,,2,0,60.5,stream,1,country_wd
Q35412462,Luzibwe,,2,0,60.5,stream,1,country_wd
Q35412899,Lwabidu,,2,0,60.5,stream,1,country_wd
Q35412993,Lwakungi,,2,0,60.5,stream,1,country_wd
Q35413006,Lwala,,2,0,60.5,stream,1,country_wd
Q35413057,Lwalagada,,2,0,60.5,stream,1,country_wd
Q35413170,Lwamagembe,,2,0,60.5,stream,1,country_wd
Q35413222,Lwamboga,,2,0,60.5,stream,1,country_wd
Q35413248,Lwambula,,2,0,60.5,stream,1,country_wd
Q35413411,Lwamirindi,,2,0,60.5,stream,1,country_wd
Q35413586,Lwampanga,,2,0,60.5,stream,1,country_wd
Q35413821,Lwanjoka,,2,0,60.5,stream,1,country_wd
Q35413859,Lwankuba,,2,0,60.5,stream,1,country_wd
Q35413897,Lwanpanga,,2,0,60.5,stream,1,country_wd
Q35414013,Khamitsaru,,2,0,60.5,stream,1,country_wd
Q35414162,Lwatema,,2,0,60.5,stream,1,country_wd
Q35414210,Lwekomba,,2,0,60.5,stream,1,country_wd
Q35414330,Lwematofu,,2,0,60.5,stream,1,country_wd
Q35414356,Lwembwa,,2,0,60.5,stream,1,country_wd
Q35414382,Lwemirondo,,2,0,60.5,stream,1,country_wd
Q35414408,Lwendegeya,,2,0,60.5,stream,1,country_wd
Q35414460,Lwenimira,,2,0,60.5,stream,1,country_wd
Q35414473,Lwenkunge,,2,0,60.5,stream,1,country_wd
Q35414486,Lwenyana,,2,0,60.5,stream,1,country_wd
Q35414499,Lwenyizi,,2,0,60.5,stream,1,country_wd
Q35414511,Lwere,,2,0,60.5,stream,1,country_wd
Q35414642,Lwitambwa,,2,0,60.5,stream,1,country_wd
Q35414653,Lwitanamaiso,,2,0,60.5,stream,1,country_wd
Q35414673,Lwoga,,2,0,60.5,stream,1,country_wd
Q35414933,Lyakarage,,2,0,60.5,stream,1,country_wd
Q35415061,Lyamboko,,2,0,60.5,stream,1,country_wd
Q35415082,Waibala,,2,0,60.5,stream,1,country_wd
Q35415507,Wakipompyo,,2,0,60.5,stream,1,country_wd
Q35415587,Lyato,,2,0,60.5,stream,1,country_wd
Q35416171,Lyendali,,2,0,60.5,stream,1,country_wd
Q35416184,Lyenlakop,,2,0,60.5,stream,1,country_wd
Q35416214,Khaoya,,2,0,60.5,stream,1,country_wd
Q35419730,Kharkara,,2,0,60.5,stream,1,country_wd
Q35421960,Khato,,2,0,60.5,stream,1,country_wd
Q35427106,Khisongwe,,2,0,60.5,stream,1,country_wd
Q35431315,Mabuguwe,,2,0,60.5,stream,1,country_wd
Q35431327,Mabugwe,,2,0,60.5,stream,1,country_wd
Q35437673,Madakori,,2,0,60.5,stream,1,country_wd
Q35439746,Madiwo,,2,0,60.5,stream,1,country_wd
Q35444301,Magaga,,2,0,60.5,stream,1,country_wd
Q35447578,Magombe,,2,0,60.5,stream,1,country_wd
Q35448388,Maguka,,2,0,60.5,stream,1,country_wd
Q35448456,Magunu,,2,0,60.5,stream,1,country_wd
Q35451279,Mahirro,,2,0,60.5,stream,1,country_wd
Q35451734,Mahoma,,2,0,60.5,stream,1,country_wd
Q35451745,Muhhamad,,2,0,60.5,stream,1,country_wd
Q35454440,Maingo,,2,0,60.5,stream,1,country_wd
Q35457743,Sume,,2,0,60.5,stream,1,country_wd
Q35459705,Makhoba,,2,0,60.5,stream,1,country_wd
Q35459821,Makhuba,,2,0,60.5,stream,1,country_wd
Q35460375,Sundet,,2,0,60.5,stream,1,country_wd
Q35460816,Makoka,,2,0,60.5,stream,1,country_wd
Q35466274,Malakwanga river,,2,0,60.5,"river, stream",1,country_wd
Q35482304,Kiazi,,2,0,60.5,stream,1,country_wd
Q35482365,Kibaa,,2,0,60.5,stream,1,country_wd
Q35482530,Kibale,,2,0,60.5,stream,1,country_wd
Q35482619,Kibanga,,2,0,60.5,stream,1,country_wd
Q35483084,Kibembe,,2,0,60.5,stream,1,country_wd
Q35483240,Kibimba,,2,0,60.5,stream,1,country_wd
Q35483254,Kibimba,,2,0,60.5,stream,1,country_wd
Q35483694,Kibologota,,2,0,60.5,stream,1,country_wd
Q35483890,Kibuga,,2,0,60.5,stream,1,country_wd
Q35483944,Malembo,,2,0,60.5,stream,1,country_wd
Q35483947,Kibukuta,,2,0,60.5,stream,1,country_wd
Q35483976,Kibule,,2,0,60.5,stream,1,country_wd
Q35484163,Malengany,,2,0,60.5,stream,1,country_wd
Q35485646,Kichumbonyobo,,2,0,60.5,stream,1,country_wd
Q35485658,Kichumbwa,,2,0,60.5,stream,1,country_wd
Q35486592,Kidikidi,,2,0,60.5,stream,1,country_wd
Q35486762,Malir,,2,0,60.5,stream,1,country_wd
Q35486801,Maliri,,2,0,60.5,stream,1,country_wd
Q35487304,Kifu,,2,0,60.5,stream,1,country_wd
Q35487368,Kigabi,,2,0,60.5,stream,1,country_wd
Q35487448,Kigaga,,2,0,60.5,stream,1,country_wd
Q35487459,Kigaga,,2,0,60.5,stream,1,country_wd
Q35487608,Kigera,,2,0,60.5,stream,1,country_wd
Q35487633,Kigeyo,,2,0,60.5,stream,1,country_wd
Q35487870,Kigona,,2,0,60.5,stream,1,country_wd
Q35487940,Kigoye,,2,0,60.5,stream,1,country_wd
Q35488012,Kiguka,,2,0,60.5,stream,1,country_wd
Q35488089,Kigwe,,2,0,60.5,stream,1,country_wd
Q35488130,Kigwisa,,2,0,60.5,stream,1,country_wd
Q35488144,Kigyankonda,,2,0,60.5,stream,1,country_wd
Q35488157,Kiha,,2,0,60.5,stream,1,country_wd
Q35488344,Kihungi,,2,0,60.5,stream,1,country_wd
Q35488358,Kii,,2,0,60.5,stream,1,country_wd
Q35488370,Kiiga,,2,0,60.5,stream,1,country_wd
Q35488466,Kiira,,2,0,60.5,stream,1,country_wd
Q35488478,Kiita,,2,0,60.5,stream,1,country_wd
Q35488624,Kijoro,,2,0,60.5,stream,1,country_wd
Q35488690,Kikaira,,2,0,60.5,stream,1,country_wd
Q35488821,Kikenyi,,2,0,60.5,stream,1,country_wd
Q35489013,Kikii,,2,0,60.5,stream,1,country_wd
Q35489128,Kiko,,2,0,60.5,stream,1,country_wd
Q35489263,Kikoyo,,2,0,60.5,stream,1,country_wd
Q35489885,Kila,,2,0,60.5,stream,1,country_wd
Q35490133,Kilao,,2,0,60.5,stream,1,country_wd
Q35490739,Malukandwa,,2,0,60.5,stream,1,country_wd
Q35493079,Kilube,,2,0,60.5,stream,1,country_wd
Q35494255,Kimbubwe,,2,0,60.5,stream,1,country_wd
Q35494575,Kimiransembe,,2,0,60.5,stream,1,country_wd
Q35494602,Kimiya,,2,0,60.5,stream,1,country_wd
Q35495094,Kimuntu,,2,0,60.5,stream,1,country_wd
Q35495305,Kinaga,,2,0,60.5,stream,1,country_wd
Q35495685,Kinawataka,,2,0,60.5,stream,1,country_wd
Q35500700,Kinoga,,2,0,60.5,stream,1,country_wd
Q35528999,Kinyegula,,2,0,60.5,stream,1,country_wd
Q35529047,Kinyoo,,2,0,60.5,stream,1,country_wd
Q35529059,Kinywa,,2,0,60.5,stream,1,country_wd
Q35529241,Kipangori,,2,0,60.5,stream,1,country_wd
Q35529305,Kipinyo,,2,0,60.5,stream,1,country_wd
Q35529362,Kipoko,,2,0,60.5,stream,1,country_wd
Q35529539,Kirala,,2,0,60.5,stream,1,country_wd
Q35529963,Kiri,,2,0,60.5,stream,1,country_wd
Q35529997,Kiriba,,2,0,60.5,stream,1,country_wd
Q35530005,Kiribanywa,,2,0,60.5,stream,1,country_wd
Q35530063,Kiriki,,2,0,60.5,stream,1,country_wd
Q35530067,Kiriki,,2,0,60.5,stream,1,country_wd
Q35530197,Kirimia,,2,0,60.5,stream,1,country_wd
Q35530238,Kiringansozi,,2,0,60.5,stream,1,country_wd
Q35530239,Kirinjui,,2,0,60.5,stream,1,country_wd
Q35530711,Kirombe,,2,0,60.5,stream,1,country_wd
Q35530877,Kiruruma,,2,0,60.5,stream,1,country_wd
Q35530880,Kiruruma,,2,0,60.5,stream,1,country_wd
Q35530920,Kiryantama,,2,0,60.5,stream,1,country_wd
Q35531083,Kisasolima,,2,0,60.5,stream,1,country_wd
Q35531195,Kisemiyondwa,,2,0,60.5,stream,1,country_wd
Q35531203,Kisenyi,,2,0,60.5,stream,1,country_wd
Q35531297,Kishanga,,2,0,60.5,stream,1,country_wd
Q35531452,Kisingu,,2,0,60.5,stream,1,country_wd
Q35531456,Kisini,,2,0,60.5,stream,1,country_wd
Q35531478,Kisisita,,2,0,60.5,stream,1,country_wd
Q35531659,Kiso,,2,0,60.5,stream,1,country_wd
Q35531663,Kiso,,2,0,60.5,stream,1,country_wd
Q35531667,Kisojo,,2,0,60.5,stream,1,country_wd
Q35531674,Kisole,,2,0,60.5,stream,1,country_wd
Q35732365,Lake Karengye,,2,0,60.5,lake,1,country_wd
Q35732372,Lake Kasago,,2,0,60.5,lake,1,country_wd
Q35732419,Lake Kazuma,,2,0,60.5,lake,1,country_wd
Q35732572,Lake Komunua,,2,0,60.5,lake,1,country_wd
Q35733737,Lake Naragaga,,2,0,60.5,lake,1,country_wd
Q35733760,Lake Nawampasa,,2,0,60.5,lake,1,country_wd
Q35734004,Lake Opare,,2,0,60.5,lake,1,country_wd
Q35734064,Lake Pachoto,,2,0,60.5,lake,1,country_wd
Q3744806,Daughters of Mary,,2,0,60.5,Catholic religious institute,1,country_wd
Q38085690,National Cultural Site of Uganda,National Cultural Sites of Uganda,2,0,60.5,built structure,2,country_wd|keyword_title
Q38249416,Sonde,"Sonde, Uganda",2,0,60.5,human-geographic territorial entity,2,country_wd|keyword_title
Q38249516,Butalangu,Butalangu,2,0,60.5,human-geographic territorial entity,1,country_wd
Q38249599,Palenga,"Palenga, Uganda",2,0,60.5,human-geographic territorial entity,2,country_wd|keyword_title
Q38251659,Siti II Hydroelectric Power Station,Siti II Hydroelectric Power Station,2,0,60.5,hydroelectric power station,1,country_wd
Q38251687,Nkusi Hydroelectric Power Station,Nkusi Hydroelectric Power Station,2,0,60.5,hydroelectric power station,1,country_wd
Q38367025,Susan Aneno,,2,0,60.5,human,1,citizenship_wd
Q3850433,Mary Asiride,,2,0,60.5,human,1,birth_death_wd
Q38789592,Our Lady Queen of Poland Catholic Church,Our Lady Queen of Poland Catholic Church,2,0,60.5,Catholic church building,1,country_wd
Q39046064,"Banga, Entebbe","Banga, Entebbe",2,0,60.5,human settlement,2,country_wd|keyword_title
Q42290070,Richard Kabonero,Richard Kabonero,2,0,60.5,human,2,birth_death_wd|citizenship_wd
Q4376181,Eastern Orthodoxy in Uganda,Eastern Orthodoxy in Uganda,2,0,60.5,Eastern Orthodoxy of an area,2,country_wd|keyword_title
Q44106948,Emmanuel Katongole,Emmanuel Katongole (theologian),2,0,60.5,human,1,birth_death_wd
Q45322748,Elizabeth Musoke,Elizabeth Musoke,2,0,60.5,human,1,birth_death_wd
Q4621348,2011 ICC World Cricket League Africa Region Twenty20 Division One,2011 Africa Twenty20 Division One,2,0,60.5,sports season,1,country_wd
Q4651876,AIDS Information Centre,AIDS Information Centre,2,0,60.5,organization,1,country_wd
Q47101761,Jimmy Enabu,Jimmy Enabu,2,0,60.5,human,2,birth_death_wd|citizenship_wd
Q4780676,Apostolic Vicariate of Northern Victoria Nyanza,Apostolic Vicariate of Northern Victoria Nyanza,2,0,60.5,diocese,1,country_wd
Q4784604,Arbade Bironze,,2,0,60.5,human,2,birth_death_wd|citizenship_wd
Q4801989,Arua Regional Referral Hospital,Arua Regional Referral Hospital,2,0,60.5,hospital,1,country_wd
Q4802307,Arusha Agreement,Arusha Agreement,2,0,60.5,treaty,1,country_wd
Q4811966,Aswa Dislocation,Aswa Dislocation,2,0,60.5,,1,country_wd
Q4854283,Banda,"Banda, Uganda",2,0,60.5,geographical feature,2,country_wd|keyword_title
Q4875393,Bbaale County,Bbaale County,2,0,60.5,county of Uganda,1,country_wd
Q48785145,Kyambura Hydroelectric Power Station,Kyambura Hydroelectric Power Station,2,0,60.5,hydroelectric power station,1,country_wd
Q48790211,Kawanda–Birembo High Voltage Power Line,Kawanda–Birembo High Voltage Power Line,2,0,60.5,overhead power line,1,country_wd
Q48790718,Ibanda University,Ibanda University,2,0,60.5,academic institution,1,country_wd
Q48792949,Uganda Aviation School,Uganda Aviation School,2,0,60.5,academic institution,2,country_wd|keyword_title
Q48803883,Court of Appeal of Uganda,Court of Appeal of Uganda,2,0,60.5,court,3,country_wd|keyword_title|part_of_wd
Q48804890,Nyamagasani I Hydroelectric Power Station,Nyamagasani I Hydroelectric Power Station,2,0,60.5,hydroelectric power station,1,country_wd
Q48806598,Ndugutu Hydroelectric Power Station,Ndugutu Hydroelectric Power Station,2,0,60.5,hydroelectric power station,1,country_wd
Q48806690,Sindila Hydroelectric Power Station,Sindila Hydroelectric Power Station,2,0,60.5,hydroelectric power station,1,country_wd
Q48806813,Nyamagasani II Hydroelectric Power Station,Nyamagasani II Hydroelectric Power Station,2,0,60.5,hydroelectric power station,1,country_wd
Q48807394,Oriang Hydroelectric Power Station,Oriang Hydroelectric Power Station,2,0,60.5,hydroelectric power station,1,country_wd
Q48808065,Multitech Business School,Multitech Business School,2,0,60.5,academic institution,1,country_wd
Q48813560,2018 in Uganda,2018 in Uganda,2,0,60.5,events in a specific year or time period,2,country_wd|keyword_title
Q48814112,Valley University of Science and Technology,Valley University of Science and Technology,2,0,60.5,"university, private university, academic institution",1,country_wd
Q48816447,list of vocational colleges in Uganda,List of vocational colleges in Uganda,2,0,60.5,Wikimedia list article,2,country_wd|keyword_title
Q48989165,Uganda Marathon,Uganda Marathon,2,0,60.5,"marathon, recurring sporting event",2,country_wd|keyword_title
Q49296077,Kabuguza Islets,,2,0,60.5,island group,1,country_wd
Q49296092,Kansove Islets,,2,0,60.5,island group,1,country_wd
Q49296281,Mabanda Islets,,2,0,60.5,island group,1,country_wd
Q49296303,Maundu Island,,2,0,60.5,island group,1,country_wd
Q49296328,Mitusi Islets,,2,0,60.5,island group,1,country_wd
Q49296356,Musambwa Islands,,2,0,60.5,island group,1,country_wd
Q49296604,Semuganja Islands,,2,0,60.5,island group,1,country_wd
Q49298169,Kibale County,Kibale County,2,0,60.5,county of Uganda,1,country_wd
Q49298246,Nyabushozi County,Nyabushozi County,2,0,60.5,"administrative territorial entity, county of Uganda",1,country_wd
Q49298247,Obongi County,,2,0,60.5,county of Uganda,1,country_wd
Q49330230,Kachung,,2,0,60.5,forest,1,country_wd
Q49330248,Kalinzu Central Forest Reserve,Kalinzu Central Forest Reserve,2,0,60.5,"forest, botanical garden, protected area",1,country_wd
Q49331415,Mount Otzi Central Forest Reserve,Mount Otzi Central Forest Reserve,2,0,60.5,"forest, forest reserve",1,country_wd
Q49332636,Timu Forest,Timu Forest,2,0,60.5,forest,1,country_wd
Q49465188,Rukiri Sub-County,,2,0,60.5,sub-county of Uganda,1,country_wd
Q49631410,Agirigiryoi Island,,2,0,60.5,island,1,country_wd
Q49631506,Akika Island,,2,0,60.5,island,1,country_wd
Q49631708,Amusiata Island,,2,0,60.5,island,1,country_wd
Q49631835,Anyi Island,,2,0,60.5,island,1,country_wd
Q49632196,Baga Island,,2,0,60.5,island,1,country_wd
Q49632203,Bagwe Island,,2,0,60.5,island,1,country_wd
Q49632316,Banda Island,,2,0,60.5,island,1,country_wd
Q49634004,Bu Island,,2,0,60.5,island,1,country_wd
Q49634012,Bubeke Island,,2,0,60.5,island,1,country_wd
Q49634053,Bufumira Island,,2,0,60.5,island,1,country_wd
Q49634060,Bugaba Island,,2,0,60.5,island,1,country_wd
Q49634062,Bugana Island,,2,0,60.5,island,1,country_wd
Q49634074,Bulga Island,,2,0,60.5,island,1,country_wd
Q49634075,Buiga Island,,2,0,60.5,island,1,country_wd
Q49634076,Bukasa Island,,2,0,60.5,island,1,country_wd
Q49634105,Bukone Island,,2,0,60.5,island,1,country_wd
Q49634111,Bukwaya Island,,2,0,60.5,island,1,country_wd
Q49634112,Bulago Island,,2,0,60.5,island,1,country_wd
Q49634115,Bulinguge Island,,2,0,60.5,island,1,country_wd
Q49634144,Bunjako Island,,2,0,60.5,island,1,country_wd
Q49634146,Bunjazi Island,,2,0,60.5,island,1,country_wd
Q49634151,Bunyama Island,,2,0,60.5,island,1,country_wd
Q49634235,Bussi Island,,2,0,60.5,island,1,country_wd
Q49634240,Busungwe Island,,2,0,60.5,island,1,country_wd
Q49634268,Buturume Island,,2,0,60.5,island,1,country_wd
Q49634272,Buvu Island,,2,0,60.5,island,1,country_wd
Q49634279,Buyange Island,,2,0,60.5,island,1,country_wd
Q49634280,Buyovu Island,,2,0,60.5,island,1,country_wd
Q49634283,Buziranjovu Island,,2,0,60.5,island,1,country_wd
Q49634285,Buziri Island,,2,0,60.5,island,1,country_wd
Q49634345,Bwema Island,,2,0,60.5,island,1,country_wd
Q49634347,Bwigi Island,,2,0,60.5,island,1,country_wd
Q49636176,Dagusi Island,,2,0,60.5,island,1,country_wd
Q4963626,Brian Duke,Brian Duke,2,0,60.5,human,1,citizenship_wd
Q49636648,Dinzira Island,,2,0,60.5,island,1,country_wd
Q49637143,Duweru Island,,2,0,60.5,island,1,country_wd
Q49637146,Dwanga Mukulu Island,,2,0,60.5,island,1,country_wd
Q49637147,Dwanga Muto Island,,2,0,60.5,island,1,country_wd
Q49637149,Dwasendwe Island,,2,0,60.5,island,1,country_wd
Q49637151,Dyabalume Island,,2,0,60.5,island,1,country_wd
Q49638622,Funve Island,,2,0,60.5,island,1,country_wd
Q49641911,Ikunyu Island,,2,0,60.5,island,1,country_wd
Q49642545,Iramba Island,,2,0,60.5,island,1,country_wd
Q49642546,Irangara Island,,2,0,60.5,island,1,country_wd
Q49642574,Isamba Island,,2,0,60.5,island,1,country_wd
Q49644155,Izinga Island,,2,0,60.5,island,1,country_wd
Q49644157,Izinga Island,,2,0,60.5,island,1,country_wd
Q49644276,Jana Island,,2,0,60.5,island,1,country_wd
Q49644901,Kabaganja Island,,2,0,60.5,island,1,country_wd
Q49644905,Kabale Island,,2,0,60.5,island,1,country_wd
Q49644909,Kabazimu Island,,2,0,60.5,island,1,country_wd
Q49644987,Kagulumu Island,,2,0,60.5,island,1,country_wd
Q49645008,Kaina Island,,2,0,60.5,island,1,country_wd
Q49645020,Kaivali Island,,2,0,60.5,island,1,country_wd
Q49645068,Kalambide Island,,2,0,60.5,island,1,country_wd
Q49645252,Kamuge Island,,2,0,60.5,island,1,country_wd
Q49645254,Kamukulu Island,,2,0,60.5,island,1,country_wd
Q49645255,Kamutenga Island,,2,0,60.5,island,1,country_wd
Q49645319,Kankuranga Island,,2,0,60.5,island,1,country_wd
Q49645489,Kaserwa Island,,2,0,60.5,island,1,country_wd
Q49645537,Katanga Island,,2,0,60.5,island,1,country_wd
Q49645606,Kaweri Island,,2,0,60.5,island,1,country_wd
Q49645628,Kayanja Island,,2,0,60.5,island,1,country_wd
Q49645636,Kaza Island,,2,0,60.5,island,1,country_wd
Q49645782,Kerenge Island,,2,0,60.5,island,1,country_wd
Q49645851,Kibibi Island,,2,0,60.5,island,1,country_wd
Q49645853,Kibibi North Island,,2,0,60.5,island,1,country_wd
Q49645854,Kibibi South Island,,2,0,60.5,island,1,country_wd
Q49645970,Kimi Island,,2,0,60.5,island,1,country_wd
Q49646029,Kinoni Island,,2,0,60.5,island,1,country_wd
Q49646041,Kiraza Island,,2,0,60.5,island,1,country_wd
Q49646048,Kiregi Island,,2,0,60.5,island,1,country_wd
Q49646072,Kirugu Island,,2,0,60.5,island,1,country_wd
Q49646087,Kisima Island,,2,0,60.5,island,1,country_wd
Q49646106,Kisozi Island,,2,0,60.5,island,1,country_wd
Q49646123,Kitako Island,,2,0,60.5,island,1,country_wd
Q49646140,Kitobo Island,,2,0,60.5,island,1,country_wd
Q49646155,Kiwa Island,,2,0,60.5,island,1,country_wd
Q49648508,Komogwe Island,,2,0,60.5,island,1,country_wd
Q49649367,Kuiye Island,,2,0,60.5,island,1,country_wd
Q49650268,Lambu Island,,2,0,60.5,island,1,country_wd
Q49651020,Lebu Island,,2,0,60.5,island,1,country_wd
Q49651778,Limaiba Island,,2,0,60.5,island,1,country_wd
Q49651953,Linga Island,,2,0,60.5,island,1,country_wd
Q49653998,Lolui Island,,2,0,60.5,island,1,country_wd
Q49655197,Lufu Island,,2,0,60.5,island,1,country_wd
Q49655210,Lujabwa Island,,2,0,60.5,island,1,country_wd
Q49655215,Lukalu Island,,2,0,60.5,island,1,country_wd
Q49655220,Luke Island,,2,0,60.5,island,1,country_wd
Q49655226,Lukiusa Island,,2,0,60.5,island,1,country_wd
Q49655234,Lula Island,,2,0,60.5,island,1,country_wd
Q49655240,Lulamba Island,,2,0,60.5,island,1,country_wd
Q49655313,Lumva Island,,2,0,60.5,island,1,country_wd
Q49655352,Lunfuwa Island,,2,0,60.5,island,1,country_wd
Q49655377,Luntwa Island,,2,0,60.5,island,1,country_wd
Q49655407,Luserera Island,,2,0,60.5,island,1,country_wd
Q49655424,Luvangu Island,,2,0,60.5,island,1,country_wd
Q49655429,Luvia Island,,2,0,60.5,island,1,country_wd
Q49655434,Luwungulu Island,,2,0,60.5,island,1,country_wd
Q49655435,Lwabalega Island,,2,0,60.5,island,1,country_wd
Q49655439,Lwabana Island,,2,0,60.5,island,1,country_wd
Q49655446,Lwaji Island,,2,0,60.5,island,1,country_wd
Q49655449,Lwantete Island,,2,0,60.5,island,1,country_wd
Q49655456,Lyabana Island,,2,0,60.5,island,1,country_wd
Q49656177,Makalugi Island,,2,0,60.5,island,1,country_wd
Q49656982,Marija Island,,2,0,60.5,island,1,country_wd
Q49657365,Masiwa Island,,2,0,60.5,island,1,country_wd
Q49657646,Maungwe Island,,2,0,60.5,island,1,country_wd
Q49657667,Mavi Island,,2,0,60.5,island,1,country_wd
Q49657674,Mawe Island,,2,0,60.5,island,1,country_wd
Q49657708,Mayinja Island,,2,0,60.5,island,1,country_wd
Q49657836,Mbirubuziba Island,,2,0,60.5,island,1,country_wd
Q49657837,Mbive Island,,2,0,60.5,island,1,country_wd
Q49657865,Mbulamwalo Island,,2,0,60.5,island,1,country_wd
Q49659072,Mkovu Island,,2,0,60.5,island,1,country_wd
Q49660406,Mpande Island,,2,0,60.5,island,1,country_wd
Q49660413,Mpata Island,,2,0,60.5,island,1,country_wd
Q49660417,Mpuga Island,,2,0,60.5,island,1,country_wd
Q49660422,Mpugwe Island,,2,0,60.5,island,1,country_wd
Q49660630,Mukalanga Island,,2,0,60.5,island,1,country_wd
Q49660739,Munene Island,,2,0,60.5,island,1,country_wd
Q49660877,Musene Island,,2,0,60.5,island,1,country_wd
Q49661012,Mwama Island,,2,0,60.5,island,1,country_wd
Q49661021,Mwana Island,,2,0,60.5,island,1,country_wd
Q49661029,Mweza Island,,2,0,60.5,island,1,country_wd
Q49661468,Nainaivi Island,,2,0,60.5,island,1,country_wd
Q49661618,Namalusu Island,,2,0,60.5,island,1,country_wd
Q49661619,Namama Island,,2,0,60.5,island,1,country_wd
Q49661624,Namaranda Island,,2,0,60.5,island,1,country_wd
Q49661635,Namasajeri Island,,2,0,60.5,island,1,country_wd
Q49661638,Nambewa Island,,2,0,60.5,island,1,country_wd
Q49661642,Nambuga Island,,2,0,60.5,island,1,country_wd
Q49661655,Namite Island,,2,0,60.5,island,1,country_wd
Q49661660,Namubega Island,,2,0,60.5,island,1,country_wd
Q49661664,Namuremuka Island,,2,0,60.5,island,1,country_wd
Q49662622,Nfo Island,,2,0,60.5,island,1,country_wd
Q49662630,Ngabo Island,,2,0,60.5,island,1,country_wd
Q49662670,Ngamba Island,,2,0,60.5,island,1,country_wd
Q49663346,Nkata Island,,2,0,60.5,island,1,country_wd
Q49663349,Nkese Island,,2,0,60.5,island,1,country_wd
Q49663359,Nkose Island,,2,0,60.5,island,1,country_wd
Q49663360,Nkusa Island,,2,0,60.5,island,1,country_wd
Q49663361,Nkusa Island,,2,0,60.5,island,1,country_wd
Q49663363,Nkusa Island,,2,0,60.5,island,1,country_wd
Q49664412,Nsadzi Island,,2,0,60.5,island,1,country_wd
Q49664416,Nsenyi Island,,2,0,60.5,island,1,country_wd
Q49664420,Nsimba Island,,2,0,60.5,island,1,country_wd
Q49664426,Nsinga Island,,2,0,60.5,island,1,country_wd
Q49664430,Nsirwe Island,,2,0,60.5,island,1,country_wd
Q49664433,Nsonga Island,,2,0,60.5,island,1,country_wd
Q49664438,Ntimba Island,,2,0,60.5,island,1,country_wd
Q49664967,Nvuza Island,,2,0,60.5,island,1,country_wd
Q49665022,Nyenda Island,,2,0,60.5,island,1,country_wd
Q49665049,Nziribanje Island,,2,0,60.5,island,1,country_wd
Q49665631,Okiji Island,,2,0,60.5,island,1,country_wd
Q49674061,Ramafuta Island,,2,0,60.5,island,1,country_wd
Q49676722,Sagitu Island,,2,0,60.5,island,1,country_wd
Q49677086,Sali Island,,2,0,60.5,island,1,country_wd
Q49677327,Samoka Island,,2,0,60.5,island,1,country_wd
Q4986232,Bugoye Power Station,Bugoye Hydroelectric Power Station,2,0,60.5,hydroelectric power station,1,country_wd
Q4987003,Bukoto,Bukoto,2,0,60.5,neighborhood,1,country_wd
Q4997181,Buluuli,Buruuli,2,0,60.5,human settlement,1,country_wd
Q5003660,Bwaise,Bwaise,2,0,60.5,neighborhood,1,country_wd
Q5003687,Bwindi,Bwindi,2,0,60.5,geographic location,1,country_wd
Q5014715,CURE Children's Hospital of Uganda,CURE Children's Hospital of Uganda,2,0,60.5,hospital,2,country_wd|keyword_title
Q50231019,2018 Uganda International Badminton Championships,,2,0,60.5,Uganda International Badminton Championships,1,country_wd
Q50313997,Sukhpal Singh Ahluwalia,Sukhpal Singh Ahluwalia,2,0,60.5,human,1,birth_death_wd
Q5153782,2007 Commonwealth Heads of Government Meeting,2007 Commonwealth Heads of Government Meeting,2,0,60.5,summit,1,country_wd
Q5162973,Conservation in Uganda,Conservation in Uganda,2,0,60.5,aspect in a geographic region,2,country_wd|keyword_title
Q5177124,county of Uganda,Counties of Uganda,2,0,60.5,,2,country_wd|keyword_title
Q5200889,Cyril Stuart,Cyril Stuart,2,0,60.5,human,1,citizenship_wd
Q52157949,Sexual exploitation of Ugandan refugees,Sexual exploitation of refugees in Uganda,2,0,60.5,,2,country_wd|keyword_title
Q52803495,Omusinga wa Rwenzururu,Omusinga of Rwenzururu,2,0,60.5,noble title,1,country_wd
Q5331931,Ebony College Luwero,Ebony College Luwero,2,0,60.5,boarding school,1,country_wd
Q53835943,John Simpson Owen,John Simpson Owen,2,0,60.5,human,1,citizenship_wd
Q5415677,Evangelical Free Church in Uganda,Evangelical Free Church in Uganda,2,0,60.5,Christian denomination,2,country_wd|keyword_title
Q5425825,FINCA Uganda Limited,FINCA Uganda Limited,2,0,60.5,business,2,country_wd|keyword_title
Q5469273,Forestry in Uganda,Forestry in Uganda,2,0,60.5,aspect in a geographic region,2,country_wd|keyword_title
Q5481808,Francis M. Ssekandi,Francis M. Ssekandi,2,0,60.5,human,1,citizenship_wd
Q54857247,"Embassy of Saudi Arabia, Kampala",,2,0,60.5,embassy,2,country_wd|part_of_wd
Q54981799,Brian Gitta,Brian Gitta,2,0,60.5,human,1,citizenship_wd
Q55499739,East Timor–Uganda relations,,2,0,60.5,bilateral relation,1,country_wd
Q55577756,Bwizibwera,,2,0,60.5,seasonal river,1,country_wd
Q55605431,Bihanga,Bihanga,2,0,60.5,human settlement,1,country_wd
Q55610888,Engineers Registration Board,Engineers Registration Board,2,0,60.5,organization,1,country_wd
Q55613708,High Court of Uganda,High Court of Uganda,2,0,60.5,court,2,country_wd|keyword_title
Q55614712,Itega,Itega,2,0,60.5,human settlement,1,country_wd
Q55615550,Kabaka crisis,Kabaka crisis,2,0,60.5,,1,country_wd
Q55615969,Kiba Hydroelectric Power Station,Kiba Hydroelectric Power Station,2,0,60.5,hydroelectric power station,1,country_wd
Q55622580,Mbiriizi,Mbiriizi,2,0,60.5,human settlement,1,country_wd
Q55627921,Oruchinga Refugee Settlement,Oruchinga Refugee Settlement,2,0,60.5,refugee camp,1,country_wd
Q55629328,Pearl Rhythm Festival,Pearl Rhythm Festival,2,0,60.5,music festival,1,country_wd
Q55634969,Terrewode Women’s Community Hospital,Terrewode Women's Community Hospital,2,0,60.5,hospital,1,country_wd
Q55636453,Uganda Muslim Liberation Army,Uganda Muslim Liberation Army,2,0,60.5,,2,country_wd|keyword_title
Q55642571,Vehicle registration plates of Uganda,Vehicle registration plates of Uganda,2,0,60.5,,2,country_wd|keyword_title
Q55652359,Canada–Uganda relations,,2,0,60.5,bilateral relation,1,country_wd
Q55654960,Uganda–Uzbekistan relations,,2,0,60.5,bilateral relation,1,country_wd
Q55655242,Indonesia–Uganda relations,,2,0,60.5,bilateral relation,1,country_wd
Q55759717,Ephraim Bagenda,Ephraim Bagenda,2,0,60.5,human,1,citizenship_wd
Q55859679,Yvette Mutumba,,2,0,60.5,human,1,citizenship_wd
Q5594671,Grand Imperial Hotel,Grand Imperial Hotel,2,0,60.5,"hotel, monument",1,country_wd
Q56073461,Richard Fishlock,Richard Fishlock,2,0,60.5,human,1,birth_death_wd
Q56276995,"Bugongi, Kabale, Uganda","Bugongi, Kabale, Uganda",2,0,60.5,human settlement,2,country_wd|keyword_title
Q56277090,"Bugongi, Sheema, Uganda","Bugongi, Sheema, Uganda",2,0,60.5,human settlement,2,country_wd|keyword_title
Q56437665,Aruya,,2,0,60.5,,1,country_wd
Q56437931,Atai,,2,0,60.5,,1,country_wd
Q56437937,Atanga,,2,0,60.5,,1,country_wd
Q56437938,Atanga,,2,0,60.5,,1,country_wd
Q56437939,Atangala,,2,0,60.5,,1,country_wd
Q56437943,Atapara,,2,0,60.5,,1,country_wd
Q56437945,Atar,,2,0,60.5,,1,country_wd
Q56437954,Atega,,2,0,60.5,,1,country_wd
Q56437956,Atego,,2,0,60.5,,1,country_wd
Q56437959,Atem,,2,0,60.5,,1,country_wd
Q56437962,Ateng Gwete,,2,0,60.5,,1,country_wd
Q56437975,Atiba,,2,0,60.5,,1,country_wd
Q56437977,Atii,,2,0,60.5,,1,country_wd
Q56437981,Atika,,2,0,60.5,,1,country_wd
Q56437983,Atiko,,2,0,60.5,,1,country_wd
Q56437987,Atiri,,2,0,60.5,,1,country_wd
Q56438016,Atotembele,,2,0,60.5,,1,country_wd
Q56438039,Aturukuru,,2,0,60.5,,1,country_wd
Q56438045,Atyamakilyok,,2,0,60.5,,1,country_wd
Q56438056,Auc,,2,0,60.5,,1,country_wd
Q56438058,Auchi,,2,0,60.5,,1,country_wd
Q56438122,Auma,,2,0,60.5,,1,country_wd
Q56438230,Auzore,,2,0,60.5,,1,country_wd
Q56447440,Baria,,2,0,60.5,,1,country_wd
Q56447445,Barinyanga,,2,0,60.5,,1,country_wd
Q56447470,Barlela,,2,0,60.5,,1,country_wd
Q56447717,Baryia,,2,0,60.5,,1,country_wd
Q56451089,Bengam,,2,0,60.5,,1,country_wd
Q56451119,Benji,,2,0,60.5,watercourse,1,country_wd
Q56458559,Bizibinanaro,,2,0,60.5,,1,country_wd
Q56460660,Bolo,,2,0,60.5,,1,country_wd
Q56460902,Bongocine,,2,0,60.5,,1,country_wd
Q56461584,Botwalibo,,2,0,60.5,,1,country_wd
Q56475496,Burokango,,2,0,60.5,,1,country_wd
Q5648194,Hanif Kara,Hanif Kara,2,0,60.5,human,1,birth_death_wd
Q56487891,Buwaga,,2,0,60.5,,1,country_wd
Q56487905,Buzibwera,,2,0,60.5,,1,country_wd
Q56487906,Buzibye,,2,0,60.5,,1,country_wd
Q56487959,Bwiha,,2,0,60.5,,1,country_wd
Q56488651,Cakdyel,,2,0,60.5,,1,country_wd
Q56507791,Ceke,,2,0,60.5,,1,country_wd
Q56507808,Celu,,2,0,60.5,,1,country_wd
Q56508250,Chadiri,,2,0,60.5,,1,country_wd
Q56508780,Chanva,,2,0,60.5,,1,country_wd
Q56509023,Chepeso,,2,0,60.5,,1,country_wd
Q56511711,Chobekipala,,2,0,60.5,,1,country_wd
Q56511999,Chudi,,2,0,60.5,,1,country_wd
Q56512033,Chumba,,2,0,60.5,,1,country_wd
Q56512467,Cinkul,,2,0,60.5,,1,country_wd
Q56516203,Corbila,,2,0,60.5,,1,country_wd
Q56527091,Cwaokol,,2,0,60.5,,1,country_wd
Q56527094,Cwerecwere,,2,0,60.5,,1,country_wd
Q56527639,Dad,,2,0,60.5,,1,country_wd
Q56527659,Daga,,2,0,60.5,,1,country_wd
Q56527755,Dakkwon,,2,0,60.5,,1,country_wd
Q56534272,Dila,,2,0,60.5,,1,country_wd
Q56534550,Dilo,,2,0,60.5,,1,country_wd
Q56537888,Dolodondo,,2,0,60.5,,1,country_wd
Q56539940,,Mugabi,2,0,60.5,family name,1,country_wd
Q56544941,Dwalopuk,,2,0,60.5,,1,country_wd
Q56545043,Dyelobutokene,,2,0,60.5,,1,country_wd
Q56570246,Echele,,2,0,60.5,,1,country_wd
Q56570319,Eciya,,2,0,60.5,,1,country_wd
Q56590967,Elinyi,,2,0,60.5,,1,country_wd
Q5691063,health in Uganda,Health in Uganda,2,0,60.5,health by country or region,2,country_wd|keyword_title
Q57313316,Juma Butabika,Juma Butabika,2,0,60.5,human,2,birth_death_wd|citizenship_wd
Q57330730,Hamdan Lutaaya Sserwanga,,2,0,60.5,human,1,citizenship_wd
Q58452566,Kabelangole River,,2,0,60.5,natural watercourse,1,country_wd
Q58452599,Kakore River,,2,0,60.5,natural watercourse,1,country_wd
Q58452637,Kakwe River,,2,0,60.5,natural watercourse,1,country_wd
Q58455746,Kalokodo River,,2,0,60.5,seasonal river,1,country_wd
Q58455798,Kaloponongole,,2,0,60.5,seasonal river,1,country_wd
Q58456130,Kanaro River,,2,0,60.5,seasonal river,1,country_wd
Q58482739,Kokolopit River,,2,0,60.5,natural watercourse,1,country_wd
Q58483740,Loitan River,,2,0,60.5,seasonal river,1,country_wd
Q5869796,history of the Jews in Uganda,History of the Jews in Uganda,2,0,60.5,aspect of history,2,country_wd|keyword_title
Q5885659,Holy Innocents Children's Hospital,Holy Innocents Children's Hospital,2,0,60.5,"hospital, children's hospital",1,country_wd
Q5904886,Hororo people,Hororo people,2,0,60.5,ethnic group,1,country_wd
Q59155490,Mahoma Hydroelectric Power Station,Mahoma Hydroelectric Power Station,2,0,60.5,hydroelectric power station,1,country_wd
Q59240318,Tumubweine Twinemanzi,Tumubweine Twinemanzi,2,0,60.5,human,2,birth_death_wd|citizenship_wd
Q59656084,Pontiano Kaleebu,Pontiano Kaleebu,2,0,60.5,human,2,birth_death_wd|citizenship_wd
Q60048672,Andrew Kitaka,Andrew Kitaka,2,0,60.5,human,2,birth_death_wd|citizenship_wd
Q6006841,Imperial Resort Beach Hotel,Imperial Resort Beach Hotel,2,0,60.5,hotel,1,country_wd
Q6008246,Imran Yusuf,Imran Yusuf,2,0,60.5,human,1,citizenship_wd
Q60316655,Mudathili Ali,,2,0,60.5,human,1,citizenship_wd
Q60316750,Sebastian Kigongo,,2,0,60.5,human,2,birth_death_wd|citizenship_wd
Q60384942,Edward Obewa,Edward Obewa,2,0,60.5,human,1,citizenship_wd
Q60521542,healthcare in Uganda,Healthcare in Uganda,2,0,60.5,healthcare by country or region,2,country_wd|keyword_title
Q60524397,Battle of Entebbe,Battle of Entebbe,2,0,60.5,battle,2,country_wd|keyword_title
Q60524415,Battle of Masaka,Battle of Masaka,2,0,60.5,battle,1,country_wd
Q6055076,International rankings of Uganda,International rankings of Uganda,2,0,60.5,International rankings by country,2,country_wd|keyword_title
Q60750176,Kadama,Kadama,2,0,60.5,human settlement,1,country_wd
Q60755801,Kayabwe,Kayabwe,2,0,60.5,human settlement,1,country_wd
Q60755886,Buwama,Buwama,2,0,60.5,town,1,country_wd
Q60760544,Zana,"Zana, Uganda",2,0,60.5,human settlement,2,country_wd|keyword_title
Q60767482,Pader Airfield,Pader Airfield,2,0,60.5,aerodrome,1,country_wd
Q61629720,Simon Kagugube,Simon Kagugube,2,0,60.5,human,2,birth_death_wd|citizenship_wd
Q61739910,Utsene Island,,2,0,60.5,island,1,country_wd
Q618525,Kitengesa Community Library,Kitengesa Community Library,2,0,60.5,"library, library building",1,country_wd
Q61898729,2019 Uganda International Badminton Championships,,2,0,60.5,Uganda International Badminton Championships,1,country_wd
Q62018668,South Musambwa Island,,2,0,60.5,island,1,country_wd
Q62023919,Segamba Island,,2,0,60.5,island,1,country_wd
Q62023922,Sege Island,,2,0,60.5,island,1,country_wd
Q62023933,Semuganja Omunene,,2,0,60.5,island,1,country_wd
Q62023936,Semuganja Omutono,,2,0,60.5,island,1,country_wd
Q62023941,Sentwe Island,,2,0,60.5,island,1,country_wd
Q62023944,Serinya Island,,2,0,60.5,island,1,country_wd
Q62023952,Sindiro Island,,2,0,60.5,island,1,country_wd
Q62023956,Sowe Island,,2,0,60.5,island,1,country_wd
Q62023958,Tavu Island,,2,0,60.5,island,1,country_wd
Q62023961,Wabitembe Island,,2,0,60.5,island,1,country_wd
Q62023965,Wabuziba Island,,2,0,60.5,island,1,country_wd
Q62023966,Waitwe Island,,2,0,60.5,island,1,country_wd
Q62030006,Sigulu Island,,2,0,60.5,island,1,country_wd
Q62030009,Simu Island,,2,0,60.5,island,1,country_wd
Q62030011,Siro Island,,2,0,60.5,island,1,country_wd
Q62030015,Tisai Island,,2,0,60.5,island,1,country_wd
Q62030018,Visa Island,,2,0,60.5,island,1,country_wd
Q62030020,Vumba Island,,2,0,60.5,island,1,country_wd
Q62030022,Waiasi Island,,2,0,60.5,island,1,country_wd
Q62030152,Sikanki Island,,2,0,60.5,island,1,country_wd
Q62087563,Arise Woman! Comedy Jam,Arise Woman! Comedy Jam,2,0,60.5,show,1,country_wd
Q62088833,Richard Wejuli Wabwire,Richard Wejuli Wabwire,2,0,60.5,human,2,birth_death_wd|citizenship_wd
Q62136003,Sam Kiwanuka,Sam Kiwanuka,2,0,60.5,human,1,birth_death_wd
Q6217344,John-Mary Kauzya,John-Mary Kauzya,2,0,60.5,human,1,citizenship_wd
Q62274075,Lomeruru,,2,0,60.5,seasonal river,1,country_wd
Q62589623,Gung,,2,0,60.5,stream,1,country_wd
Q62589643,Laban,,2,0,60.5,stream,1,country_wd
Q62589649,Lagada,,2,0,60.5,stream,1,country_wd
Q62589702,Olula,,2,0,60.5,,1,country_wd
Q62589711,Pajulu,,2,0,60.5,stream,1,country_wd
Q62590277,Gimore,,2,0,60.5,,1,country_wd
Q62590307,Kuluromo,,2,0,60.5,,1,country_wd
Q62615965,Larido,,2,0,60.5,stream,1,country_wd
Q62615995,Layamo,,2,0,60.5,,1,country_wd
Q62617316,Ologolyec,,2,0,60.5,,1,country_wd
Q62617375,Orapabaci,,2,0,60.5,,1,country_wd
Q62617421,Palany,,2,0,60.5,,1,country_wd
Q62617512,Paminlukoro,,2,0,60.5,,1,country_wd
Q62617771,Paminlunguru,,2,0,60.5,,1,country_wd
Q62617794,Paminoko,,2,0,60.5,,1,country_wd
Q62617845,Panyaogo,,2,0,60.5,,1,country_wd
Q62617879,Rakok,,2,0,60.5,,1,country_wd
Q63349487,Komongim,,2,0,60.5,stream,1,country_wd
Q63358547,Logirangole,,2,0,60.5,seasonal river,1,country_wd
Q63358590,Morunyang,,2,0,60.5,seasonal river,1,country_wd
Q63364329,Nakakerikeri,,2,0,60.5,stream,1,country_wd
Q63364616,Nakulomoting,,2,0,60.5,seasonal river,1,country_wd
Q63364989,Onogin,,2,0,60.5,stream,1,country_wd
Q63368239,Abdulatif Tiyua,Abdulatif Tiyua,2,0,60.5,human,1,birth_death_wd
Q6343803,Kabalagala,Kabalagala,2,0,60.5,neighborhood,1,country_wd
Q6345035,Kadam People,Kadam People,2,0,60.5,,1,country_wd
Q6359121,Kampala Serena Hotel,Kampala Serena Hotel,2,0,60.5,hotel,2,country_wd|keyword_title
Q6359128,Kampala Tower,Kampala Tower,2,0,60.5,skyscraper,2,country_wd|keyword_title
Q6359135,Kampala wedding massacre,Kampala wedding massacre,2,0,60.5,massacre,2,country_wd|keyword_title
Q6363784,list of Ramsar sites in Uganda,,2,0,60.5,Wikimedia list article,1,country_wd
Q63644712,Ije,,2,0,60.5,stream,1,country_wd
Q6377615,Katine,Katine,2,0,60.5,sub-county of Uganda,1,country_wd
Q63794617,Nangola,,2,0,60.5,watercourse,1,country_wd
Q63865908,Uganda National Liberation Army,,2,0,60.5,guerrilla organization,1,country_wd
Q63922299,Nakintu,,2,0,60.5,stream,1,country_wd
Q6395424,Ketna Patel,Ketna Patel,2,0,60.5,human,1,citizenship_wd
Q63970214,Switzerland–Uganda relations,,2,0,60.5,bilateral relation,1,country_wd
Q63982685,Okere,,2,0,60.5,river,1,country_wd
Q63992311,Gambia–Uganda relations,,2,0,60.5,bilateral relation,1,country_wd
Q6405976,Kigumba Petroleum Institute,Kigumba Petroleum Institute,2,0,60.5,university,2,country_wd|keyword_title
Q64153252,Nangilima,,2,0,60.5,watercourse,1,country_wd
Q64153314,Nambewo,,2,0,60.5,stream,1,country_wd
Q64153341,Perenye,,2,0,60.5,stream,1,country_wd
Q64159950,Italy–Uganda relations,,2,0,60.5,bilateral relation,1,country_wd
Q64168402,Australia–Uganda relations,,2,0,60.5,bilateral relation,1,country_wd
Q6417710,Kitagwenda,Kitagwenda,2,0,60.5,,1,country_wd
Q64190501,Brazil–Uganda relations,,2,0,60.5,bilateral relation,1,country_wd
Q64199974,Kazakhstan–Uganda relations,,2,0,60.5,bilateral relation,1,country_wd
Q64211575,Mampongi,,2,0,60.5,seasonal river,1,country_wd
Q64211632,Nyabiasi,,2,0,60.5,seasonal river,1,country_wd
Q64782268,Igasa,,2,0,60.5,seasonal river,1,country_wd
Q64782322,Makumiri,,2,0,60.5,seasonal river,1,country_wd
Q64809931,Nyarunkoizi,,2,0,60.5,seasonal river,1,country_wd
Q64825267,Lucy Aber Okumu,,2,0,60.5,human,1,citizenship_wd
Q64853337,Shafik Kuchi Kagimu,Shafik Kuchi Kagimu,2,0,60.5,human,1,birth_death_wd
Q64919501,Portugal–Uganda relations,,2,0,60.5,bilateral relation,1,country_wd
Q64919945,Greece–Uganda relations,,2,0,60.5,bilateral relation,1,country_wd
Q64920948,France–Uganda relations,,2,0,60.5,bilateral relation,1,country_wd
Q64926698,Haiti–Uganda relations,,2,0,60.5,bilateral relation,1,country_wd
Q64926728,Lithuania–Uganda relations,,2,0,60.5,bilateral relation,1,country_wd
Q64926749,Uganda–United Arab Emirates relations,,2,0,60.5,bilateral relation,1,country_wd
Q64926790,Uganda–Ukraine relations,,2,0,60.5,bilateral relation,1,country_wd
Q64926826,Algeria–Uganda relations,,2,0,60.5,bilateral relation,1,country_wd
Q64926836,Uganda–Venezuela relations,,2,0,60.5,bilateral relation,1,country_wd
Q64926875,Uganda–Vietnam relations,,2,0,60.5,bilateral relation,1,country_wd
Q65063931,Uganda Free Zones Authority,Uganda Free Zones Authority,2,0,60.5,government agency,2,country_wd|keyword_title
Q65066025,Pangea Aviation Academy,Pangea Aviation Academy,2,0,60.5,academic institution,1,country_wd
Q65067109,Aerolink Uganda,Aerolink Uganda,2,0,60.5,airline,2,country_wd|keyword_title
Q65069640,Battle of Mutukula,Battle of Mutukula,2,0,60.5,battle,1,country_wd
Q65073925,Butebi,"Butebi, Uganda",2,0,60.5,human settlement,2,country_wd|keyword_title
Q65085968,St. Aloysius College Nyapea,St. Aloysius College Nyapea,2,0,60.5,school,1,country_wd
Q65087690,"National Defence College, Uganda","National Defence College, Uganda",2,0,60.5,,2,country_wd|keyword_title
Q65090500,Kampala Hilton Hotel,Kampala Hilton Hotel,2,0,60.5,building,2,country_wd|keyword_title
Q6530671,Leslie Brown,Leslie Brown (bishop),2,0,60.5,human,1,citizenship_wd
Q65326690,Lake Nyamunuka,,2,0,60.5,crater lake,1,country_wd
Q6535447,Levi Karuhanga,Levi Karuhanga,2,0,60.5,human,2,birth_death_wd|citizenship_wd
Q65557266,Nyamugamba,,2,0,60.5,river,1,country_wd
Q65588939,Muunga,,2,0,60.5,seasonal river,1,country_wd
Q65589221,Kachumbiro River,,2,0,60.5,stream,1,country_wd
Q65953634,Kasaiga,,2,0,60.5,seasonal river,1,country_wd
Q65953701,Kafu,,2,0,60.5,stream,1,country_wd
Q65966207,Kitokolo,,2,0,60.5,river,1,country_wd
Q66018411,Kafu,,2,0,60.5,stream,1,country_wd
Q66088120,Hema,,2,0,60.5,stream,1,country_wd
Q6642246,list of tallest buildings in Kampala,List of tallest buildings in Kampala,2,0,60.5,Wikimedia list article,2,country_wd|keyword_title
Q66438475,Nyakubale,,2,0,60.5,seasonal river,1,country_wd
Q66451653,Mulungu,,2,0,60.5,stream,1,country_wd
Q66480054,Namatala,,2,0,60.5,stream,1,country_wd
Q6663985,local councils in Uganda,Local Council (Uganda),2,0,60.5,aspect in a geographic region,2,country_wd|keyword_title
Q6668682,Lokiriama Peace Accord,Lokiriama Peace Accord,2,0,60.5,peace treaty,1,country_wd
Q66809379,Peninah Nakabo,Peninah Nakabo,2,0,60.5,human,2,birth_death_wd|citizenship_wd
Q66901148,Harold Wanyama,Harold Wanyama,2,0,60.5,human,1,citizenship_wd
Q6694626,Loyoro sub-county,Loyoro sub-county,2,0,60.5,sub-county of Uganda,1,country_wd
Q6695601,Lubowa,Lubowa,2,0,60.5,human settlement,1,country_wd
Q67001391,Gladys Mbabazi,,2,0,60.5,human,1,citizenship_wd
Q6702091,Luke Kercan Ofungi,Luke Kercan Ofungi,2,0,60.5,human,2,birth_death_wd|citizenship_wd
Q67131690,Stella Wonruku,Stella Wonruku,2,0,60.5,human,1,citizenship_wd
Q6739287,Makerere University School of Biomedical Sciences,Makerere University School of Biomedical Sciences,2,0,60.5,academic institution,1,country_wd
Q6739289,Makerere University College of Health Sciences,Makerere University College of Health Sciences,2,0,60.5,"medical school, constituent college",1,country_wd
Q67510645,The Arrow Boys Monument,Arrow Boys Monument,2,0,60.5,monument,1,country_wd
Q6799827,Mbuya,Mbuya,2,0,60.5,neighborhood,1,country_wd
Q6805813,media in Uganda,Mass media in Uganda,2,0,60.5,"aspect in a geographic region, media of country or region",2,country_wd|keyword_title
Q68101412,Kirpal Singh Bhardwaj,Kirpal Singh Bhardwaj,2,0,60.5,human,1,birth_death_wd
Q6866888,Ministry of Energy and Mineral Development,Ministry of Energy and Mineral Development (Uganda),2,0,60.5,ministry of Uganda,3,country_wd|keyword_title|part_of_wd
Q6923419,St. Mary's College Namagunga,Mount Saint Mary's College Namagunga,2,0,60.5,"secondary school, boarding school, girls' school",1,country_wd
Q6924519,Mount Wati,Mount Wati,2,0,60.5,mountain,1,country_wd
Q6930901,Mubuku,Mubuku,2,0,60.5,human settlement,1,country_wd
Q6930904,Mubuku I Power Station,Mubuku I Hydroelectric Power Station,2,0,60.5,hydroelectric power station,1,country_wd
Q6933718,Mulago hospital murders,Mulago hospital murders,2,0,60.5,mass murder,1,country_wd
Q6944462,Muzizi Power Station,Muzizi Hydroelectric Power Station,2,0,60.5,hydroelectric power station,1,country_wd
Q6944731,Mweya,Mweya,2,0,60.5,human settlement,1,country_wd
Q6959786,Java House,Java House,2,0,60.5,business,1,country_wd
Q6961319,Namasagali College,Namasagali College,2,0,60.5,boarding school,1,country_wd
Q6962120,Namulonge,Namulonge,2,0,60.5,human settlement,1,country_wd
Q6969249,Nathan Mugisha,Nathan Mugisha,2,0,60.5,human,2,birth_death_wd|citizenship_wd
Q7022506,Ngoma,"Ngoma, Uganda",2,0,60.5,human settlement,2,country_wd|keyword_title
Q7042637,Nkozi Hospital,Nkozi Hospital,2,0,60.5,hospital,1,country_wd
Q7067611,Ntenjeru,Ntenjeru,2,0,60.5,"human settlement, sub-county of Uganda",1,country_wd
Q7067614,Ntenjeru County,Ntenjeru County,2,0,60.5,county of Uganda,1,country_wd
Q7070789,Nyagak II Power Station,Nyagak II Hydroelectric Power Station,2,0,60.5,hydroelectric power station,1,country_wd
Q70714506,Vincent Emmy Mugabo,Vincent Emmy Mugabo,2,0,60.5,human,2,birth_death_wd|citizenship_wd
Q70737484,Samallie Kiyingi,Samallie Kiyingi,2,0,60.5,human,2,birth_death_wd|citizenship_wd
Q7089915,Ombaci,Ombaci,2,0,60.5,administrative territorial entity,1,country_wd
Q709648,Arthur Haggai Oder,,2,0,60.5,human,2,birth_death_wd|citizenship_wd
Q7147429,Patrick Ochan,Patrick Ochan (cricketer),2,0,60.5,human,1,birth_death_wd
Q7165737,People's Redemption Army,People's Redemption Army,2,0,60.5,,1,country_wd
Q7233921,Postage stamps and postal history of Uganda,Postage stamps and postal history of Uganda,2,0,60.5,postage stamps and postal history by jurisdiction,2,country_wd|keyword_title
Q7242787,Pride Bank,Pride Bank Limited,2,0,60.5,business,1,country_wd
Q7378181,Rugby Football Union of East Africa,Rugby Football Union of East Africa,2,0,60.5,rugby union governing body,1,country_wd
Q7410815,Samuel Awich,Samuel Awich,2,0,60.5,human,1,citizenship_wd
Q74110435,Uganda at the 2019 World Aquatics Championships,Uganda at the 2019 World Aquatics Championships,2,0,60.5,nation at sport competition,2,country_wd|keyword_title
Q7411312,Samuel Egadu,Samuel Egadu,2,0,60.5,human,1,citizenship_wd
Q7497003,Shimoni Demonstration School,Shimoni Primary Teachers College,2,0,60.5,school,1,country_wd
Q7563659,Soroti Rock,Soroti Rock,2,0,60.5,"mountain, geographical feature",1,country_wd
Q7589504,St. Lawrence University,St. Lawrence University (Uganda),2,0,60.5,university,2,country_wd|keyword_title
Q7686196,Tarique Ghaffur,Tarique Ghaffur,2,0,60.5,human,2,birth_death_wd|citizenship_wd
Q77026764,Michael Wawuyo,Michael Wawuyo,2,0,60.5,human,1,citizenship_wd
Q7722985,The Church of Jesus Christ of Latter-day Saints in Uganda,The Church of Jesus Christ of Latter-day Saints in Uganda,2,0,60.5,Mormonism of an area,2,country_wd|keyword_title
Q7821706,Tonto (drink),Tonto (drink),2,0,60.5,alcoholic beverage,1,country_wd
Q7826694,Tororo Girls School,Tororo Girls School,2,0,60.5,boarding school,1,country_wd
Q7826695,Tororo Power Station,Tororo Thermal Power Station,2,0,60.5,oil-fired power station,1,country_wd
Q7826696,Tororo Inland Port,Tororo Inland Port,2,0,60.5,port,1,country_wd
Q7877584,Uganda Cancer Institute,Uganda Cancer Institute,2,0,60.5,"hospital, organization",2,country_wd|keyword_title
Q7877596,Uganda Freedom Fighters,Uganda Freedom Fighters,2,0,60.5,,2,country_wd|keyword_title
Q7877606,Uganda Legislative Council,Uganda Legislative Council,2,0,60.5,"organization, legislative house, legislative term",3,country_wd|keyword_title|part_of_wd
Q7877607,Uganda Local Governments Association,Uganda Local Governments Association,2,0,60.5,government agency,2,country_wd|keyword_title
Q7877612,Uganda Military Academy,Uganda Military Academy,2,0,60.5,military academy,2,country_wd|keyword_title
Q7877614,Uganda National Congress,Uganda National Congress,2,0,60.5,political party,2,country_wd|keyword_title
Q7877622,Uganda People's Army,Uganda People's Army,2,0,60.5,,2,country_wd|keyword_title
Q7877625,Uganda Police Force,Uganda Police Force,2,0,60.5,"police, law enforcement agency",3,country_wd|keyword_title|part_of_wd
Q7877630,Uganda Salvation Front,Uganda Salvation Front,2,0,60.5,organization,2,country_wd|keyword_title
Q7877655,Uganda at the 2010 Commonwealth Games,Uganda at the 2010 Commonwealth Games,2,0,60.5,nation at sport competition,2,country_wd|keyword_title
Q7877673,1994 Ugandan Constituent Assembly election,1994 Ugandan Constituent Assembly election,2,0,60.5,Ugandan general election,3,country_wd|keyword_title|part_of_wd
Q7877692,1996 Ugandan parliamentary election,1996 Ugandan parliamentary election,2,0,60.5,Ugandan general election,3,country_wd|keyword_title|part_of_wd
Q7877693,2001 Ugandan parliamentary election,2001 Ugandan parliamentary election,2,0,60.5,Ugandan general election,3,country_wd|keyword_title|part_of_wd
Q7877697,Ugandan records in athletics,List of Ugandan records in athletics,2,0,60.5,Wikimedia list article,2,country_wd|keyword_title
Q7887367,United Airlines Limited,United Airlines Uganda,2,0,60.5,airline,2,country_wd|keyword_title
Q7889394,United States Ambassador to Uganda,List of ambassadors of the United States to Uganda,2,0,60.5,position,2,country_wd|keyword_title
Q7934814,Virika Hospital,Virika Hospital,2,0,60.5,hospital,1,country_wd
Q7961144,Waki Power Station,Waki Hydroelectric Power Station,2,0,60.5,hydroelectric power station,1,country_wd
Q7972789,Wasswa Serwanga,Wasswa Serwanga,2,0,60.5,human,2,birth_death_wd|citizenship_wd
Q8062180,Yuweh Island,Yuweh Island,2,0,60.5,island,1,country_wd
Q80722626,1993 in Uganda,1993 in Uganda,2,0,60.5,events in a specific year or time period,2,country_wd|keyword_title
Q84190837,Uganda at the 2019 African Beach Games,Uganda at the 2019 African Beach Games,2,0,60.5,nation at sport competition,2,country_wd|keyword_title
Q85749493,Bulo,"Bulo, Uganda",2,0,60.5,human settlement,2,country_wd|keyword_title
Q85773274,Kabujogera,Kabujogera,2,0,60.5,human settlement,1,country_wd
Q85789162,Nile International Hospital,Nile International Hospital,2,0,60.5,hospital,1,country_wd
Q85801092,Siege of Masaka,Siege of Masaka,2,0,60.5,siege,1,country_wd
Q85814319,Wanyange Girls School,Wanyange Girls School,2,0,60.5,"school, girls' school",1,country_wd
Q85847877,Uganda Army,Uganda Army (1971–1980),2,0,60.5,army,2,country_wd|keyword_title
Q88206629,2020 Uganda International Badminton Championships,,2,0,60.5,Uganda International Badminton Championships,1,country_wd
Q91340046,William Wasswa,William Wasswa,2,0,60.5,human,3,birth_death_wd|citizenship_wd|language_wd
Q92735294,Mull Katende,Mull Katende,2,0,60.5,human,1,citizenship_wd
Q96371787,"All Saints' Cathedral, Kampala","All Saints' Cathedral, Kampala",2,0,60.5,church building,2,country_wd|keyword_title
Q96376505,Doho Rice Scheme,Doho Rice Scheme,2,0,60.5,,1,country_wd
Q96377581,FUFA Women Elite League,FUFA Women Elite League,2,0,60.5,association football league,1,country_wd
Q96385458,Kasusu,Kasusu,2,0,60.5,human settlement,1,country_wd
Q96406388,"St Mark's Cathedral, Luweero","St Mark's Cathedral, Luweero",2,0,60.5,Anglican or Episcopal cathedral,1,country_wd
Q96410609,Traditional and Modern Health Practitioners Together against AIDS,Traditional and Modern Health Practitioners Together against AIDS,2,0,60.5,,1,country_wd
Q96412047,Uganda Film Festival Award for Best Actress in a Television Drama,Uganda Film Festival Award for Best Actress in a Television Drama,2,0,60.5,class of award,2,country_wd|keyword_title
Q96412105,Uganda Film Festival Award for Best Supporting Actor,Uganda Film Festival Award for Best Supporting Actor,2,0,60.5,"class of award, award for best supporting actor",2,country_wd|keyword_title
Q96412112,Uganda Film Festival Award for Best Supporting Actress,Uganda Film Festival Award for Best Supporting Actress,2,0,60.5,"class of award, award for best supporting actress",2,country_wd|keyword_title
Q96412128,Ugandan nationality law,Ugandan nationality law,2,0,60.5,nationality law,2,country_wd|keyword_title
Q96587189,Rukh-Shana Namuyimba,Rukh-Shana Namuyimba,2,0,60.5,human,2,birth_death_wd|citizenship_wd
Q97452923,C.N. Kikonyogo Money Museum,C.N. Kikonyogo Money Museum,2,0,60.5,museum,1,country_wd
Q97574665,NTV Akawungeezi,NTV Akawungeezi,2,0,60.5,television program,1,country_wd
Q980489,Muhmed Ssegonga,,2,0,60.5,human,1,citizenship_wd
Q98114004,Uganda Argus,Uganda Argus,2,0,60.5,newspaper,2,country_wd|keyword_title
Q98608868,Sarah Langa Siu,Sarah Langa Siu,2,0,60.5,human,2,birth_death_wd|citizenship_wd
Q99517072,Mungula Refugee Settlement,Mungula refugee settlement,2,0,60.5,"human settlement, refugee camp",1,country_wd
Q100268084,"Embassy of Algeria, Kampala",,1,0,38.8,embassy,2,country_wd|part_of_wd
Q100919083,Eric Rwahwire,,1,0,38.8,human,1,citizenship_wd
Q100921447,Adam Seiko,,1,0,38.8,human,1,citizenship_wd
Q102035941,Kirizestom Ntambi,,1,0,38.8,human,2,birth_death_wd|citizenship_wd
Q104510834,Robert Hakiza,Robert Hakiza,1,0,38.8,human,1,citizenship_wd
Q104843746,Uganda Army,Uganda Army (1962–1971),1,0,38.8,army,2,country_wd|keyword_title
Q104848604,Mbale–Bulambuli–Siti Medium Voltage Power Line,Mbale–Bulambuli–Siti Medium Voltage Power Line,1,0,38.8,overhead power line,1,country_wd
Q104848631,Mbarara–Nkenda High Voltage Power Line,Mbarara–Nkenda High Voltage Power Line,1,0,38.8,overhead power line,1,country_wd
Q104848927,Kasese Municipal Health Centre III,Kasese Municipal Health Centre III,1,0,38.8,hospital,1,country_wd
Q104848986,Mirama–Kabale High Voltage Power Line,Mirama–Kabale High Voltage Power Line,1,0,38.8,overhead power line,1,country_wd
Q104849238,Mirama–Kikagati–Nsongezi High Voltage Power Line,Mirama–Kikagati–Nsongezi High Voltage Power Line,1,0,38.8,,1,country_wd
Q104851213,Geographic Centre of Uganda,Geographic centre of Uganda,1,0,38.8,aspect in a geographic region,2,country_wd|keyword_title
Q104855939,Kyaliwajjala–Kira–Kasangati–Matugga Road,Kyaliwajjala–Kira–Kasangati–Matugga Road,1,0,38.8,road,1,country_wd
Q104856267,Pearl Magic,Pearl Magic,1,0,38.8,,1,country_wd
Q104856578,Alere 2 Refugee settlement,Alere 2 Refugee settlement,1,0,38.8,refugee camp,1,country_wd
Q104856713,Baratuku refugee settlement,Baratuku refugee settlement,1,0,38.8,,1,country_wd
Q104859493,Oliji refugee settlement,Oliji refugee settlement,1,0,38.8,,1,country_wd
Q104859794,Ayilo 2 Refugee Settlement,Ayilo 2 refugee settlement,1,0,38.8,human settlement,1,country_wd
Q104860506,Maaji 2 refugee settlement,Maaji refugee settlements,1,0,38.8,,1,country_wd
Q104861109,Arua Hill Park,Arua Hill Park,1,0,38.8,"stadium, sports venue",1,country_wd
Q104861641,Kikuube,Kikuube,1,0,38.8,human settlement,1,country_wd
Q104867655,Child soldiers in Uganda,Child soldiers in Uganda,1,0,38.8,child soldier,2,country_wd|keyword_title
Q104872469,Uro Care Hospital,Uro Care Hospital,1,0,38.8,hospital,1,country_wd
Q104874525,Kabaddi Federation of Uganda,Kabaddi Federation of Uganda,1,0,38.8,,2,country_wd|keyword_title
Q104875951,Holy Family Hospital Nyapea,Holy Family Hospital Nyapea,1,0,38.8,hospital,1,country_wd
Q104876451,Pope John's Hospital Aber,Pope John's Hospital Aber,1,0,38.8,hospital,1,country_wd
Q104876664,Lwala Hospital Kaberamaido,Lwala Hospital Kaberamaido,1,0,38.8,hospital,1,country_wd
Q104878066,Uganda Martyrs' Hospital Ibanda,Uganda Martyrs' Hospital Ibanda,1,0,38.8,hospital,2,country_wd|keyword_title
Q104878305,St. Joseph’s Hospital Maracha,St. Joseph's Hospital Maracha,1,0,38.8,hospital,1,country_wd
Q104880338,Kashenyi–Mitooma Road,Kashenyi–Mitooma Road,1,0,38.8,road,1,country_wd
Q104903313,Pallisa General Hospital,Pallisa General Hospital,1,0,38.8,hospital,1,country_wd
Q104981015,embassy of Italy in Uganda,,1,0,38.8,embassy,2,country_wd|part_of_wd
Q105040979,2021 in Uganda,2021 in Uganda,1,0,38.8,events in a specific year or time period,2,country_wd|keyword_title
Q105199269,2026 Ugandan parliamentary election,,1,0,38.8,legislative election,2,country_wd|part_of_wd
Q105323438,Uganda Prisons Service,Uganda Prisons Service,1,0,38.8,"prison, organization, government agency",2,country_wd|keyword_title
Q105359169,Hannington Bugingo,Hannington Bugingo,1,0,38.8,human,1,birth_death_wd
Q105420405,Donald Rukare,Donald Rukare,1,0,38.8,human,2,birth_death_wd|citizenship_wd
Q10545898,Kitamba,,1,0,38.8,mythological king,1,country_wd
Q105563991,Serving His Children,Serving His Children,1,0,38.8,,1,country_wd
Q105605643,Ruharo Mission Hospital,Ruharo Mission Hospital,1,0,38.8,hospital,1,country_wd
Q105635671,embassy of Iceland in Uganda,,1,0,38.8,embassy,2,country_wd|part_of_wd
Q105676945,Futsal Association of Uganda,Futsal Association of Uganda,1,0,38.8,organization,2,country_wd|keyword_title
Q10589781,Mount Gessi,,1,0,38.8,mountain,1,country_wd
Q105906039,Kibuli Muslim Tower,Kibuli Muslim Tower,1,0,38.8,building,1,country_wd
Q105954229,embassy of Denmark in Uganda,,1,0,38.8,embassy,2,country_wd|part_of_wd
Q105973250,Bukedi District,Bukedi District,1,0,38.8,administrative territorial entity,1,country_wd
Q106032830,Faridah Nabaggala,,1,0,38.8,human,1,birth_death_wd
Q106040809,Banyole,Banyole,1,0,38.8,ethnic group,1,country_wd
Q106129833,Kasensero landing site,Kasensero landing site,1,0,38.8,administrative territorial entity,1,country_wd
Q106178728,Bubulo,Bubulo,1,0,38.8,administrative territorial entity,1,country_wd
Q106179462,Nabumali,Nabumali,1,0,38.8,administrative territorial entity,1,country_wd
Q106254017,Pearl Dairies Honey Factory,Pearl Dairies Honey Factory,1,0,38.8,company,1,country_wd
Q106462736,Prossy Mirembe,,1,0,38.8,human,2,birth_death_wd|citizenship_wd
Q106617211,Paul Okello,,1,0,38.8,human,3,birth_death_wd|citizenship_wd|language_wd
Q106618226,Architect Tourism SMC,,1,0,38.8,"travel, company, hospitality industry",1,country_wd
Q106647360,Kubwa Five Safaris,,1,0,38.8,"website, tourism, vacation",1,country_wd
Q106648106,Joseph Aliganyira,,1,0,38.8,human,1,citizenship_wd
Q106770604,Kenyan-Ugandan border conflict,Kenyan–Ugandan border conflict,1,0,38.8,border conflict,2,country_wd|keyword_title
Q106781639,Constance Rwabiryagye,,1,0,38.8,human,1,citizenship_wd
Q106818868,ROKO Construction Company,ROKO Construction Company,1,0,38.8,company,1,country_wd
Q106900377,Mailo,Mailo,1,0,38.8,,2,country_wd|part_of_wd
Q106936332,Bulemba Museum,Bulemba Museum,1,0,38.8,museum,1,country_wd
Q106936364,Bunyoro Community Historical Museum Associates for Peace,,1,0,38.8,museum,1,country_wd
Q106936757,Uganda Revenue Authority Museum,,1,0,38.8,museum,1,country_wd
Q106936797,Igongo Cultural Centre,,1,0,38.8,"hotel, cultural center",1,country_wd
Q106946533,Squatting in Uganda,Squatting in Uganda,1,0,38.8,aspect in a geographic region,2,country_wd|keyword_title
Q106963665,So people,,1,0,38.8,ethnic minority group,1,country_wd
Q107175095,Morobi Refugee Settlement,Morobi Refugee Settlement,1,0,38.8,,1,country_wd
Q107210851,Dr. Obote College Boroboro,Dr. Obote College Boroboro,1,0,38.8,secondary school,1,country_wd
Q107282262,Reformed Theological College (Uganda),,1,0,38.8,university,1,country_wd
Q107324964,Uganda Volunteer Reserve,Uganda Volunteer Reserve,1,0,38.8,military unit,2,country_wd|keyword_title
Q107471388,Regina Awori,,1,0,38.8,human,1,citizenship_wd
Q107486281,Theresa Nakisuyi,,1,0,38.8,human,1,citizenship_wd
Q107570857,John Katumba,John Katumba,1,0,38.8,human,2,birth_death_wd|citizenship_wd
Q107587774,2000 in Uganda,2000 in Uganda,1,0,38.8,events in a specific year or time period,2,country_wd|keyword_title
Q107969863,Senatus of Uganda,Senatus of Uganda,1,0,38.8,lay movement,2,country_wd|keyword_title
Q108084383,Kamuli–Bukungu Road,Kamuli–Bukungu Road,1,0,38.8,road,1,country_wd
Q108456206,SEE TV UGANDA,SEE TV,1,0,38.8,television channel,2,country_wd|keyword_title
Q108542525,economic history of Uganda,Economic history of Uganda,1,0,38.8,,2,country_wd|keyword_title
Q108570002,Time in Uganda,Time in Uganda,1,0,38.8,,2,country_wd|keyword_title
Q108661174,Battle of Kabamba,Battle of Kabamba,1,0,38.8,battle,1,country_wd
Q108782171,Isingiro–Ntantamuki–Rakai Road,Isingiro–Ntantamuki–Rakai Road,1,0,38.8,road,1,country_wd
Q108822061,Blizz Uganda,Blizz Uganda,1,0,38.8,news website,2,country_wd|keyword_title
Q108857097,"High Commission of India, Kampala","High Commission of India, Kampala",1,0,38.8,,1,country_wd
Q108898250,Power Basketball Club,Power Basketball Club,1,0,38.8,"basketball team, basketball club",1,country_wd
Q108907364,Electricity Regulatory Authority House,Electricity Regulatory Authority House,1,0,38.8,,1,country_wd
Q109000452,Salam TV Uganda,Salam TV Uganda,1,0,38.8,television channel,2,country_wd|keyword_title
Q109066775,Isaac Mwesigwa,Isaac Mwesigwa,1,0,38.8,human,3,birth_death_wd|citizenship_wd|language_wd
Q109229862,Eastern Uganda campaign of 1979,Eastern Uganda campaign of 1979,1,0,38.8,military campaign,2,country_wd|keyword_title
Q109476534,Olive Birungi Lumonya,,1,0,38.8,human,1,citizenship_wd
Q110129517,Dott Services,Dott Services,1,0,38.8,company,1,country_wd
Q110223727,East African Medical Vitals,East African Medical Vitals,1,0,38.8,medical equipment manufacturer,1,country_wd
Q110301844,Uganda women's national under-20 football team,Uganda women's national under-20 football team,1,0,38.8,"national association football team, women's national association football team",2,country_wd|keyword_title
Q110397072,Moses Kawumi Kazibwe,Moses Kawumi Kazibwe,1,0,38.8,human,1,citizenship_wd
Q110445856,Alex Mubiru,Alex Mubiru,1,0,38.8,human,1,citizenship_wd
Q110588610,St Paul Biharwe High School,,1,0,38.8,school,1,country_wd
Q110763406,Gideon Nkojo,Gideon Nkojo,1,0,38.8,human,1,citizenship_wd
Q110765176,Mark Muyobo,Mark Muyobo,1,0,38.8,human,1,citizenship_wd
Q110952961,Hotel Triangle Mbarara,,1,0,38.8,hotel,1,country_wd
Q110974165,Phoebe Banura,,1,0,38.8,human,1,citizenship_wd
Q110975815,Hellen Obol,,1,0,38.8,human,1,citizenship_wd
Q110980332,Resty Nanziri,,1,0,38.8,human,1,citizenship_wd
Q111026480,Irene Kyamummi,,1,0,38.8,human,1,birth_death_wd
Q111083393,Aga Khan University,,1,0,38.8,university,1,country_wd
Q111083417,Limkokwing University of Creative Technology,,1,0,38.8,university,1,country_wd
Q111170060,Sarrai Group,Sarrai Group,1,0,38.8,company,1,country_wd
Q111344486,2022 in Uganda,2022 in Uganda,1,0,38.8,events in a specific year or time period,2,country_wd|keyword_title
Q111420850,Lematia Ruth Molly Ondoru,Lematia Ruth Molly Ondoru,1,0,38.8,human,2,birth_death_wd|citizenship_wd
Q111488632,Owiny Akullu,Owiny Akullu,1,0,38.8,human,2,birth_death_wd|citizenship_wd
Q111593645,Bugweri,,1,0,38.8,human settlement,1,country_wd
Q111593647,Kasanda,,1,0,38.8,human settlement,1,country_wd
Q111593658,Kakinga,,1,0,38.8,human settlement,1,country_wd
Q111678894,Gyaviira Mayanja Musoke,,1,0,38.8,human,1,birth_death_wd
Q111855551,Lake Victoria Serena Golf Resort & Spa,,1,0,38.8,hotel,1,country_wd
Q111855574,Imperial Botanical Beach Hotel,,1,0,38.8,hotel,1,country_wd
Q111902048,Mt. Elgon Culture and History Museum,,1,0,38.8,museum,1,country_wd
Q111904369,Buddu Cultural Museum,,1,0,38.8,museum,1,country_wd
Q111904474,Bugungu Heritage and Cultural Information Centre,,1,0,38.8,museum,1,country_wd
Q111944213,Mutundwe–Entebbe High Voltage Power Line,Mutundwe–Entebbe High Voltage Power Line,1,0,38.8,overhead power line,2,country_wd|keyword_title
Q111944950,Uganda Internet Exchange Point,Uganda Internet Exchange Point,1,0,38.8,,2,country_wd|keyword_title
Q111967573,Great Lakes Museum,,1,0,38.8,museum,1,country_wd
Q111975821,Karambi Tombs of Tooro Kingdom,,1,0,38.8,heritage site,1,country_wd
Q112132023,Pro-Biodiversity Conservationist In Uganda,Pro-Biodiversity Conservationist In Uganda (PROBICOU),1,0,38.8,organization,1,country_wd
Q112420868,I. M. N. Kigongo-Bukenya,,1,0,38.8,human,2,citizenship_wd|language_wd
Q112623181,Centenary Group,Centenary Group,1,0,38.8,company,1,country_wd
Q112762481,NBS Sport,NBS Sport,1,0,38.8,television channel,1,country_wd
Q112811498,Raising Voices,Raising Voices,1,0,38.8,,1,country_wd
Q113003319,Paul Nkata,Paul Nkata,1,0,38.8,human,1,citizenship_wd
Q113016279,Silver Mugisha,Silver Mugisha,1,0,38.8,human,1,citizenship_wd
Q113039735,Hoima Specialized Referral Hospital,Hoima Specialized Referral Hospital,1,0,38.8,hospital,1,country_wd
Q113108739,Abdul-Samadu Musafiri,Abdul-Samadu Musafiri,1,0,38.8,human,1,citizenship_wd
Q11314449,Sebei,,1,0,38.8,region,1,country_wd
Q11334320,Bukedi,,1,0,38.8,,1,country_wd
Q113372302,Rushaga,,1,0,38.8,administrative territorial entity,1,country_wd
Q113374465,Nkuringo,,1,0,38.8,"administrative territorial entity, human settlement",1,country_wd
Q113374624,Buhoma Community Rest Camp,,1,0,38.8,"hotel, lodge",1,country_wd
Q113447593,Kenneth Mwambu,,1,0,38.8,human,1,citizenship_wd
Q113457191,Robert Freeman Mugabe,Robert Freeman Mugabe,1,0,38.8,human,1,citizenship_wd
Q113584119,Michael Taremwa Kananura,Michael Taremwa Kananura,1,0,38.8,human,1,citizenship_wd
Q113696376,Uganda at the 1983 World Championships in Athletics,Uganda at the 1983 World Championships in Athletics,1,0,38.8,nation at sport competition,2,country_wd|keyword_title
Q113696591,Golden Jubilee Medal of Uganda,Golden Jubilee Medal of Uganda,1,0,38.8,,2,country_wd|keyword_title
Q113696786,2022 NBL Uganda season,2022 NBL Uganda season,1,0,38.8,sports season,2,country_wd|keyword_title
Q113715131,2019 NBL Uganda season,2019 NBL Uganda season,1,0,38.8,sports season,2,country_wd|keyword_title
Q113993453,Lusalira–Nkonge–Lumegere–Sembabule Road,Lusalira–Nkonge–Lumegere–Sembabule Road,1,0,38.8,road,1,country_wd
Q114009144,Emmanuel Womala,,1,0,38.8,human,2,birth_death_wd|citizenship_wd
Q114024566,Nakawuka–Kasanje–Mpigi Road,Nakawuka–Kasanje–Mpigi Road,1,0,38.8,road,1,country_wd
Q114237002,"Statue of Mahtma Ghandi,  Jinja Eastern Uganda",,1,0,38.8,monument,1,country_wd
Q114243529,Kibubura Girls' Secondary School,,1,0,38.8,school building,1,country_wd
Q114243627,Constitutional Square,,1,0,38.8,"monument, land",1,country_wd
Q114261457,Mugaba Palace,,1,0,38.8,palace,1,country_wd
Q114451721,Karago,Karago,1,0,38.8,,1,country_wd
Q114695488,Duncan Mugabe,Duncan Mugabe,1,0,38.8,human,1,citizenship_wd
Q115196921,Bernard Rwehururu,Bernard Rwehururu,1,0,38.8,human,1,citizenship_wd
Q115480454,Vincent Magombe,,1,0,38.8,human,1,citizenship_wd
Q115569873,Anthony Kituuka,Anthony Kituuka,1,0,38.8,human,1,citizenship_wd
Q115571041,Acholi Queens FC,Acholi Queens FC,1,0,38.8,association football club,2,country_wd|keyword_title
Q115801037,Uganda Federal Alliance,Uganda Federal Alliance,1,0,38.8,political party,2,country_wd|keyword_title
Q115801251,Kulikulinga Town Council,Kulikulinga Town Council,1,0,38.8,,1,country_wd
Q115802568,Mount Napak,Mount Napak,1,0,38.8,,1,country_wd
Q115805502,Nuclear power in Uganda,Nuclear power in Uganda,1,0,38.8,aspect in a geographic region,2,country_wd|keyword_title
Q115805705,Rays Of Grace Academy,Rays of Grace Academy,1,0,38.8,sports academy,1,country_wd
Q115816659,2022 Uganda netball team tour of England,2022 England Uganda netball series,1,0,38.8,,2,country_wd|keyword_title
Q115826667,Western Uganda campaign of 1979,Western Uganda campaign of 1979,1,0,38.8,military campaign,2,country_wd|keyword_title
Q115866814,Bweyale Town,Bweyale Town,1,0,38.8,administrative territorial entity,1,country_wd
Q115933456,Amama Thornley,,1,0,38.8,human,1,birth_death_wd
Q115938880,Busoga Masaza Cup,Busoga Masaza Cup,1,0,38.8,"professional sports league, association football league",2,country_wd|keyword_title
Q115949285,Vitalis Bbege,,1,0,38.8,human,1,citizenship_wd
Q115957901,Kampala stampede,,1,0,38.8,stampede,1,country_wd
Q116029189,Ugandan cricket team in Kenya in 1955-56,Ugandan cricket team in Kenya in 1955–56,1,0,38.8,,2,country_wd|keyword_title
Q116029209,Ugandan cricket team in Kenya in 1952,Ugandan cricket team in Kenya in 1952,1,0,38.8,,2,country_wd|keyword_title
Q116244751,Juba - Yei - Morobo - Kaya Road,Juba - Yei - Morobo - Kaya Road,1,0,38.8,road,1,country_wd
Q116301523,Hope Keshubi,Hope Keshubi,1,0,38.8,human,2,birth_death_wd|citizenship_wd
Q116482965,Clarke International University,,1,0,38.8,university,1,country_wd
Q116486082,King Ceasor University,,1,0,38.8,university,1,country_wd
Q116730444,Wiki Loves Monuments in Uganda,,1,0,38.8,recurring event,1,country_wd
Q116776953,No White Saviors,No White Saviors,1,0,38.8,media campaign,1,country_wd
Q116797321,Midigo,Midigo,1,0,38.8,administrative territorial entity,1,country_wd
Q116925810,Tracy Naluwooza,,1,0,38.8,human,1,citizenship_wd
Q116925811,Israel Wanagalya,,1,0,38.8,human,1,citizenship_wd
Q116980301,Uganda Netball Premier League,Netball Uganda National Women Super League,1,0,38.8,"sports league, recurring sporting event, netball league",2,country_wd|keyword_title
Q116980452,list of massacres in Uganda,List of massacres in Uganda,1,0,38.8,Wikimedia list article,2,country_wd|keyword_title
Q117021750,Florence Ebila,,1,0,38.8,human,1,citizenship_wd
Q117031950,Afro Mobile,,1,0,38.8,website,1,country_wd
Q117286607,Special Olympics Uganda,,1,0,38.8,association,1,country_wd
Q117314368,Paul Ssali,,1,0,38.8,human,1,citizenship_wd
Q117314371,Tom Lwanga,,1,0,38.8,human,1,citizenship_wd
Q117314372,Mike Kiganda,,1,0,38.8,human,1,citizenship_wd
Q117314375,Fred Isabirye,,1,0,38.8,human,1,citizenship_wd
Q117314376,Ahmed Abdullah Nasur,,1,0,38.8,human,1,citizenship_wd
Q117314377,Barnabas Mwesiga,,1,0,38.8,human,1,citizenship_wd
Q117377223,Walter Okas,Walter Okas,1,0,38.8,human,1,citizenship_wd
Q117405609,Imani Milele Choir,,1,0,38.8,"children's choir, dance troupe, Ugandans",1,country_wd
Q117445081,1st iKON Awards,1st iKON Awards,1,0,38.8,award ceremony,1,country_wd
Q117474177,Rebecca Margaret Nyegenye,Rebecca Margaret Nyegenye,1,0,38.8,human,1,citizenship_wd
Q117824943,Karim Watambala,,1,0,38.8,human,2,birth_death_wd|citizenship_wd
Q118121215,Bigodi Wetland Sanctuary,,1,0,38.8,nature reserve,1,country_wd
Q118130262,Alice Kibombo,,1,0,38.8,human,1,citizenship_wd
Q118210347,Mpunga Ward,,1,0,38.8,parish of Uganda,1,country_wd
Q118211981,Kasangombe,,1,0,38.8,human settlement,1,country_wd
Q118212181,Namusera,,1,0,38.8,human settlement,1,country_wd
Q118212934,Battle of Birembo,Battle of Birembo,1,0,38.8,battle,1,country_wd
Q118247623,Palestine–Uganda relations,,1,0,38.8,bilateral relation,1,country_wd
Q118342303,Kagombe Central Forest Reserve,Kagombe Central Forest Reserve,1,0,38.8,forest reserve,1,country_wd
Q118342361,Bujawe Central Forest Reserve,Bujawe Central Forest Reserve,1,0,38.8,"forest reserve, nature conservation",1,country_wd
Q118342538,Kasato Central Forest Reserve,Kasato Central Forest Reserve,1,0,38.8,forest reserve,1,country_wd
Q118347517,North Rwenzori Central Forest Reserve,North Rwenzori Central Forest Reserve,1,0,38.8,forest reserve,1,country_wd
Q118347595,Guramwa Central Forest Reserve,Guramwa Central Forest Reserve,1,0,38.8,protected area,1,country_wd
Q118383094,Ihimbo Central Forest Reserve,Ihimbo Central Forest Reserve,1,0,38.8,protected area,1,country_wd
Q118429351,Andrew Kyamagero,Andrew Kyamagero,1,0,38.8,human,1,citizenship_wd
Q118433974,Rwensambya Central Forest Reserve,Rwensambya Central Forest Reserve,1,0,38.8,forest,1,country_wd
Q118442030,Frank Walusimbi,Frank Walusimbi,1,0,38.8,human,2,birth_death_wd|citizenship_wd
Q118462201,Matiri Central Forest Reserve,Matiri Central Forest Reserve,1,0,38.8,forest reserve,1,country_wd
Q118465133,Rwensama Central Forest Reserve,Rwensama Central Forest Reserve,1,0,38.8,forest,1,country_wd
Q118492879,Rwengiri Central Forest Reserve,Rwengiri Central Forest Reserve,1,0,38.8,forest reserve,1,country_wd
Q118496164,Rwengeye Central Forest Reserve,Rwengeye Central Forest Reserve,1,0,38.8,forest reserve,1,country_wd
Q118496444,Rushaya Central Forest Reserve,Rushaya Central Forest Reserve,1,0,38.8,protected area,1,country_wd
Q118516379,Nyamakere Central Forest Reserve,Nyamakere Central Forest Reserve,1,0,38.8,forest reserve,1,country_wd
Q118533451,Ashraf Mugume,,1,0,38.8,human,1,citizenship_wd
Q118533537,George Kasonko,,1,0,38.8,human,3,birth_death_wd|citizenship_wd|language_wd
Q118556173,Nyakarongo Central Forest Reserve,Nyakarongo Central Forest Reserve,1,0,38.8,forest reserve,1,country_wd
Q118558287,Nyabyeya Central Forest Reserve,Nyabyeya Central Forest Reserve,1,0,38.8,forest reserve,1,country_wd
Q118583608,Kasyoha-Kitomi Central Forest Reserve,Kasyoha-Kitomi Central Forest Reserve,1,0,38.8,forest,1,country_wd
Q118611385,Mafuga Central Forest Reserve,Mafuga Central Forest Reserve,1,0,38.8,protected area,1,country_wd
Q118641125,Davis Niyoyita,,1,0,38.8,human,1,citizenship_wd
Q118679974,Ruzaire Central Forest Reserve,Ruzaire Central Forest Reserve,1,0,38.8,protected area,1,country_wd
Q118775165,Mubuku Central Forest Reserve,Mubuku Central Forest Reserve,1,0,38.8,forest,1,country_wd
Q118776002,Kitechura Central Forest reserve,Kitechura Central Forest Reserve,1,0,38.8,forest,1,country_wd
Q118778579,Kangombe Central Forest Reserve,Kangombe Central Forest Reserve,1,0,38.8,forest reserve,1,country_wd
Q118779722,Kasenyi Central Forest Reserve,Kasenyi Central Forest Reserve,1,0,38.8,forest reserve,1,country_wd
Q118779756,Namatale Central Forest Reserve,Namatale Central Forest Reserve,1,0,38.8,forest reserve,1,country_wd
Q118833112,Kapimpini Central Forest Reserve,Kapimpini Central Forest Reserve,1,0,38.8,protected area,1,country_wd
Q118869037,Lake Mahoma,,1,0,38.8,lake,1,country_wd
Q118869540,"Nnenda hill, Kagulu",,1,0,38.8,hill,1,country_wd
Q118869542,Budhumbula Royal Tombs and Mausoleum,,1,0,38.8,"cemetery, tomb",1,country_wd
Q118869685,Historic Muvule Tree,,1,0,38.8,remarkable tree,1,country_wd
Q118869732,Bumutoto Circumcision Site,,1,0,38.8,place,1,country_wd
Q118869743,Jinja catholic commonwealth cemetery,,1,0,38.8,cemetery,1,country_wd
Q118904213,Parish Development Model,Parish Development Model,1,0,38.8,,1,country_wd
Q118945362,Patience Nabukalu,Patience Nabukalu,1,0,38.8,human,1,citizenship_wd
Q118946885,Lillian Nalwoga,Lillian Nalwoga,1,0,38.8,human,2,birth_death_wd|citizenship_wd
Q118948244,Taala Central Forest Reserve,Taala Central Forest Reserve,1,0,38.8,protected area,1,country_wd
Q118948368,Kasagala Central Forest Reserve,Kasagala Central Forest Reserve,1,0,38.8,,1,country_wd
Q118948369,Kashoya-Kitomi Central Forest Reserve,Kashoya-Kitomi Central Forest Reserve,1,0,38.8,protected area,1,country_wd
Q118948427,Kikumiro Central Forest Reserve,Kikumiro Central Forest Reserve,1,0,38.8,protected area,1,country_wd
Q118948440,South Imaramagambo Central Forest Reserve,South Imaramagambo Central Forest Reserve,1,0,38.8,,1,country_wd
Q118952138,Kibiro salt gardens,,1,0,38.8,salt evaporation pond,1,country_wd
Q118952355,Nkokonjeru Tombs,,1,0,38.8,tomb,1,country_wd
Q118954874,Kapchorwa Central Forest Reserve,Kapchorwa Central Forest Reserve,1,0,38.8,forest reserve,1,country_wd
Q118955296,Sarah Kiden,Sarah Kiden,1,0,38.8,human,2,birth_death_wd|citizenship_wd
Q118971139,Gulu Central Forest Reserve,Gulu Central Forest Reserve,1,0,38.8,protected area,1,country_wd
Q118972399,Bukaleba Central Forest Reserve,Bukaleba Central Forest Reserve,1,0,38.8,protected area,1,country_wd
Q118976148,Gangu Central Forest Reserve,Gangu Central Forest Reserve,1,0,38.8,protected area,1,country_wd
Q118976280,Kitubulu Central Forest Reserve,Kitubulu Central Forest Reserve,1,0,38.8,protected area,1,country_wd
Q118976467,Bugonga Church,,1,0,38.8,church building,1,country_wd
Q118976474,Old airport Entebbe,,1,0,38.8,airport,1,country_wd
Q118976615,Lutoboka Central Forest Reserve,Lutoboka Central Forest Reserve,1,0,38.8,protected area,1,country_wd
Q118977205,Mt Kei Central Forest Reserve,Mount Kei Central Forest Reserve,1,0,38.8,protected area,1,country_wd
Q11899334,Uganda at the World Championships in Athletics,,1,0,38.8,nation at the World Athletics Championships,1,country_wd
Q119091381,Ibamba Central Forest Reserve,Ibamba Central Forest Reserve,1,0,38.8,protected area,1,country_wd
Q119140943,Muhangi Central Forest Reserve,Muhangi Central Forest Reserve,1,0,38.8,protected area,1,country_wd
Q119140983,Muhunga Central Forest Reserve,Muhunga Central Forest Reserve,1,0,38.8,protected area,1,country_wd
Q119141115,Musoma Central Forest Reserve,Musoma Central Forest Reserve,1,0,38.8,protected area,1,country_wd
Q119141970,Kebisoni Local Forest Reserve,Kebisoni Local Forest Reserve,1,0,38.8,protected area,1,country_wd
Q119142245,Bugungu Wildlife Reserve,Bugungu Wildlife Reserve,1,0,38.8,protected area,1,country_wd
Q119174972,Bugamba Central Forest Reserve,Bugamba Central Forest Reserve,1,0,38.8,forest reserve,1,country_wd
Q119292877,Katenta Local Forest Reserve,Katenta Local Forest Reserve,1,0,38.8,protected area,1,country_wd
Q119295750,East Madi Wildlife Reserve,East Madi Wildlife Reserve,1,0,38.8,protected area,1,country_wd
Q119346623,Nakindiba Central Forest Reserve,Nakindiba Central Forest Reserve,1,0,38.8,forest reserve,1,country_wd
Q119478171,Sempaya hot springs,,1,0,38.8,hot spring,1,country_wd
Q119478182,Amabere ga Nyina mwiru,,1,0,38.8,"cave, cultural heritage",1,country_wd
Q119478198,Banyabutumbi Tree in Kanungu,,1,0,38.8,remarkable tree,1,country_wd
Q119478212,Buhimba Heros Monument,,1,0,38.8,monument,1,country_wd
Q119478218,Galt Memorial,,1,0,38.8,memorial,1,country_wd
Q119478241,Kabusongora hill,,1,0,38.8,hill,1,country_wd
Q119478253,Kamurasi-Baker Monument,,1,0,38.8,monument,1,country_wd
Q119478271,Karegyeya Rock shelter,,1,0,38.8,rock shelter,1,country_wd
Q119478273,Katebwa mass grave,,1,0,38.8,mass grave,1,country_wd
Q119478278,Kibubura Church,,1,0,38.8,church building,1,country_wd
Q119478285,Kibubura Graves,,1,0,38.8,grave,1,country_wd
Q119478296,Magungo Fort,,1,0,38.8,fort,1,country_wd
Q119478303,Mpanga Market,,1,0,38.8,market,1,country_wd
Q119478314,Nuwa Mbaguta memorial,,1,0,38.8,memorial,1,country_wd
Q119478316,Omukama Palace,,1,0,38.8,palace,1,country_wd
Q119478317,Rwagimba Hot springs,,1,0,38.8,hot spring,1,country_wd
Q119478328,Tomb of Cwii Kabalega,,1,0,38.8,tomb,1,country_wd
Q119478338,Tooro Palace,,1,0,38.8,palace,1,country_wd
Q119480916,Nonve Central Forest Reserve,Nonve Central Forest Reserve,1,0,38.8,forest reserve,1,country_wd
Q119507589,Mugomba Central Forest Reserve,Mugomba Central Forest Reserve,1,0,38.8,forest reserve,1,country_wd
Q11963452,Charles Kikonyogo,,1,0,38.8,human,1,citizenship_wd
Q119752833,Nantawetwa Buganda Monument,,1,0,38.8,monument,1,country_wd
Q120137856,Uganda at the 2022 World Athletics Indoor Championships,,1,0,38.8,nation at sport competition,1,country_wd
Q120176305,Odek,Odek,1,0,38.8,administrative territorial entity,1,country_wd
Q120441764,Kiteezi landfill,Kiteezi Landfill,1,0,38.8,landfill,1,country_wd
Q120682650,"Afrexim Bank House, Kampala","Afrexim Bank House, Kampala",1,0,38.8,,2,country_wd|keyword_title
Q120702285,Jack Rollen,,1,0,38.8,human,3,birth_death_wd|citizenship_wd|language_wd
Q120703780,Presidential Guard Brigade,Presidential Guard Brigade (Uganda),1,0,38.8,military unit,2,country_wd|keyword_title
Q120737159,Kampala Sun,Kampala Sun,1,0,38.8,newspaper,2,country_wd|keyword_title
Q121143402,The Embassy of the Republic of South Sudan in Uganda,"Embassy of South Sudan, Kampala",1,0,38.8,embassy,2,country_wd|keyword_title
Q121310598,Uganda International Challenge,,1,0,38.8,recurring sporting event,1,country_wd
Q121404270,Kampala International Badminton Championships,,1,0,38.8,recurring sporting event,1,country_wd
Q121435656,Mackay Memorial Church,,1,0,38.8,church building,1,country_wd
Q121435658,Tefiro Kisosonkole church,,1,0,38.8,"church building, memorial",1,country_wd
Q121435659,"Kigungu, Monument and Church",,1,0,38.8,"church building, monument",1,country_wd
Q121435660,"St Johns Church, Entebbe",,1,0,38.8,church building,1,country_wd
Q121435661,Uganda Martyrs Church Namugongo,,1,0,38.8,church building,1,country_wd
Q121435662,"Villa Maria Catholic Church, Masaka",,1,0,38.8,church building,1,country_wd
Q121435684,"Emmanuel Cathedral, Mvara",,1,0,38.8,Anglican or Episcopal cathedral,1,country_wd
Q121464007,High Court building Nakasero,,1,0,38.8,building,1,country_wd
Q121464008,Parliamentary building (Uganda),,1,0,38.8,building,1,country_wd
Q121464010,Doset building,,1,0,38.8,building,1,country_wd
Q121464011,Ruparellia Building,,1,0,38.8,building,1,country_wd
Q121464012,LEGICO Assembly Building,,1,0,38.8,building,1,country_wd
Q121464046,Kololo hero monument,,1,0,38.8,monument,1,country_wd
Q121464047,Equator Monument,,1,0,38.8,monument,1,country_wd
Q121464049,Speke Monument,,1,0,38.8,monument,1,country_wd
Q121464062,Equator Monument,,1,0,38.8,monument,1,country_wd
Q121464135,Kasubi Masgid Tawahud Mosque,,1,0,38.8,mosque,1,country_wd
Q121464667,Igenge palace,Igenge Palace,1,0,38.8,palace,1,country_wd
Q121464670,Kyabazingas palace at Wanyange,,1,0,38.8,palace,1,country_wd
Q121464671,Wako Zibondos Mahomo ancestral palace.,,1,0,38.8,palace,1,country_wd
Q121494554,Basiima Bakyagaya House,,1,0,38.8,building,1,country_wd
Q121494555,Kisingiri's House,,1,0,38.8,"building, monument",1,country_wd
Q121494556,Sir Albert Cook's House,,1,0,38.8,building,1,country_wd
Q121494558,Mapeera Bakateyamba House Nalukolongo,,1,0,38.8,"building, monument",1,country_wd
Q121494559,Old Railway House (Uganda),,1,0,38.8,"building, monument",1,country_wd
Q121494560,Corner House,,1,0,38.8,building,1,country_wd
Q121494714,Imarai caves,,1,0,38.8,cave,1,country_wd
Q121494715,Mise Cave,,1,0,38.8,cave,1,country_wd
Q121494716,Munarya Caves,,1,0,38.8,cave,1,country_wd
Q121494718,Guru Gulu caves,,1,0,38.8,cave,1,country_wd
Q121494741,Source of the Nile,,1,0,38.8,monument,1,country_wd
Q121494746,Nyero Rock Paintings,,1,0,38.8,rock painting,1,country_wd
Q121494747,Obwini Rock Paintings,,1,0,38.8,rock painting,1,country_wd
Q121494748,Kapir Rock paintings,,1,0,38.8,rock painting,1,country_wd
Q121494750,Kakoro rock paintings,,1,0,38.8,rock painting,1,country_wd
Q121501035,Kololo Ceremonial Grounds,,1,0,38.8,airstrip,1,country_wd
Q121501036,St. Matia Mulumba,,1,0,38.8,"church building, monument",1,country_wd
Q121501037,Naguru communications mast,,1,0,38.8,transmitter mast,1,country_wd
Q121501038,Tulifanya Gallery,,1,0,38.8,art gallery,1,country_wd
Q121501040,Government Analytical Laboratory,,1,0,38.8,laboratory,1,country_wd
Q121501041,St Peter's Boys Nsambya,,1,0,38.8,monument,1,country_wd
Q121501042,"Kageri Hill, Wabinyoyi",,1,0,38.8,hill,1,country_wd
Q121501043,Macumu hill in Kikangula,,1,0,38.8,hill,1,country_wd
Q121501044,"Omuti gwe Ddembe, Entebbe",,1,0,38.8,remarkable tree,1,country_wd
Q121501046,Kalemas Komera Katereke,,1,0,38.8,prison,1,country_wd
Q121501047,Bishop Hannington resting place,,1,0,38.8,rock,1,country_wd
Q121501049,Bujjagali ancestral site,,1,0,38.8,cave,1,country_wd
Q121501050,Jinja African Commonwealth war Cemetery,,1,0,38.8,cemetery,1,country_wd
Q121501051,St Gonzaga Gonza shrine .,,1,0,38.8,shrine,1,country_wd
Q121501052,Kafamba Rock,,1,0,38.8,rock,1,country_wd
Q121501053,Olum Foot Prints Site,,1,0,38.8,archaeological site,1,country_wd
Q121501187,Kigulu Hills,,1,0,38.8,hill,1,country_wd
Q121501190,Spire memorial/Mpumudde hill,,1,0,38.8,hill,1,country_wd
Q121501191,Mwiri Hill,,1,0,38.8,hill,1,country_wd
Q121538537,Aruu falls scenic hills,,1,0,38.8,cultural property,1,country_wd
Q121538562,Amuru Hot Springs,,1,0,38.8,hot spring,1,country_wd
Q121538610,Kiweewa's Tombs,,1,0,38.8,"tomb, monument",1,country_wd
Q121541333,Kakungulus Tombs,,1,0,38.8,tomb,1,country_wd
Q121541334,Jinja Pier,,1,0,38.8,pier,1,country_wd
Q121541335,Kyafola Hot Springs,,1,0,38.8,hot spring,1,country_wd
Q121541336,Lokodi Memorial Massacre Site,,1,0,38.8,memorial,1,country_wd
Q121541339,Namasagali Landing Site,,1,0,38.8,fishing village,1,country_wd
Q121541340,Muhana Footprint - Mulanda Tororo,,1,0,38.8,cultural property,1,country_wd
Q121541341,"Aksum, Iriri fossil site",,1,0,38.8,paleontological site,1,country_wd
Q121541344,Kicwamba Mass Grave,,1,0,38.8,grave,1,country_wd
Q121541345,Gombe Memorial Cemetery,,1,0,38.8,"mass grave, memorial cemetery",1,country_wd
Q121541347,Kitale Rock Gong,,1,0,38.8,cultural property,1,country_wd
Q122143005,Independence Tablet,,1,0,38.8,cultural property,1,country_wd
Q122143012,St. Balikudembe market,,1,0,38.8,market,1,country_wd
Q122143016,Musa Body Metal Works,,1,0,38.8,cultural property,1,country_wd
Q122143019,Kampala Club,,1,0,38.8,cultural property,1,country_wd
Q122143020,Clock Tower,,1,0,38.8,"cultural property, monument",1,country_wd
Q122143024,Port Bell Pier,,1,0,38.8,pier,1,country_wd
Q122143036,Koja Polish Refugee camp,,1,0,38.8,refugee camp,1,country_wd
Q122143042,Wakyato War Memorial,,1,0,38.8,"mass grave, monument",1,country_wd
Q122143043,Kikamulo War Memorial,,1,0,38.8,"mass grave, monument",1,country_wd
Q122143044,Nakaseke War Memorial,,1,0,38.8,"mass grave, monument",1,country_wd
Q122143046,Semuto War Memorial,,1,0,38.8,"mass grave, monument",1,country_wd
Q122143052,Lunyo Well,,1,0,38.8,cultural property,1,country_wd
Q122143069,Jinja Rocks,,1,0,38.8,cultural property,1,country_wd
Q122143087,Dolwe Island,,1,0,38.8,cultural property,1,country_wd
Q122143094,Tororo Mines,,1,0,38.8,cultural property,1,country_wd
Q122143146,"Rukarango tilting rock, rock shelter and Gong",,1,0,38.8,cultural property,1,country_wd
Q122143267,Butuntumula War Memorial,,1,0,38.8,monument,1,country_wd
Q122143280,Rwanda Genocide Memorial,,1,0,38.8,memorial,1,country_wd
Q122143306,Sir Apollo Kagwa,,1,0,38.8,cultural property,1,country_wd
Q122143307,Entebbe za Mugula,,1,0,38.8,cultural property,1,country_wd
Q122143315,Mukura Memorial,Mukura Memorial,1,0,38.8,memorial,1,country_wd
Q122143334,Aboke Girls Memorial School,Aboke Girls Memorial,1,0,38.8,memorial,1,country_wd
Q122143391,Polish refuge camp,,1,0,38.8,cultural property,1,country_wd
Q122144614,Wiki Loves Monuments 2023 in Uganda,,1,0,38.8,recurring event edition,1,country_wd
Q122202529,Itambira Island,,1,0,38.8,island,1,country_wd
Q122202599,Akampene Island,,1,0,38.8,island,1,country_wd
Q122202786,Bushara Island,,1,0,38.8,island,1,country_wd
Q122365737,Precious Kaijuka,,1,0,38.8,human,2,birth_death_wd|citizenship_wd
Q122699222,Uganda Reinsurance Company,Uganda Reinsurance Company,1,0,38.8,,2,country_wd|keyword_title
Q1227776,Dirk Beuchler,,1,0,38.8,human,1,birth_death_wd
Q122782439,Heritage Hot Springs,,1,0,38.8,geographical feature,1,country_wd
Q122817316,Judith Nangonzi,,1,0,38.8,human,1,citizenship_wd
Q122899529,Environmental issues in Uganda,,1,0,38.8,aspect in a geographic region,1,country_wd
Q122920245,Uganda Catholic Television,Uganda Catholic Television,1,0,38.8,broadcast network,2,country_wd|keyword_title
Q122933018,Amansi and Mapeera monument,Fr. Mapeera and Brother Amansi monument in Uganda,1,0,38.8,monument,2,country_wd|keyword_title
Q122936977,Kigungu landing site,,1,0,38.8,human settlement,1,country_wd
Q122942801,Nyamwamba River,,1,0,38.8,river,1,country_wd
Q123003246,Hakim Magumba,,1,0,38.8,human,1,birth_death_wd
Q123028382,Paul Willa,,1,0,38.8,human,2,birth_death_wd|citizenship_wd
Q123050469,Luggo Cultural Forest,Luggo Cultural Forest,1,0,38.8,heritage site,1,country_wd
Q123055167,Virika Cathedral of Our Lady of Snows,,1,0,38.8,Catholic cathedral,1,country_wd
Q123055172,Former Cathedral of St. Peter,,1,0,38.8,Catholic cathedral,1,country_wd
Q123055174,Immaculate Heart of Mary Cathedral,,1,0,38.8,Catholic cathedral,1,country_wd
Q123055176,Immaculate Conception Cathedral,,1,0,38.8,Catholic cathedral,1,country_wd
Q123055181,Regina Mundi Cathedral,,1,0,38.8,Catholic cathedral,1,country_wd
Q123055183,Our Lady of Perpetual Help Cathedral,,1,0,38.8,Catholic cathedral,1,country_wd
Q123055190,Cathedral of the Uganda Martyrs,,1,0,38.8,Catholic cathedral,1,country_wd
Q123055201,Cathedral of the Holy Martyrs of Uganda,,1,0,38.8,Catholic cathedral,1,country_wd
Q123055202,Good Shepherd Cathedral,,1,0,38.8,Catholic cathedral,1,country_wd
Q123055208,Our Lady Mary of Assumption Cathedral,,1,0,38.8,Catholic cathedral,1,country_wd
Q123055209,Our Lady Queen of Peace Cathedral,,1,0,38.8,Catholic cathedral,1,country_wd
Q123190892,The White Fathers Mission in Uganda,The White Fathers Mission in Uganda,1,0,38.8,,2,country_wd|keyword_title
Q123191860,Lanie Banks,Lanie Banks,1,0,38.8,human,2,birth_death_wd|citizenship_wd
Q12327508,Mohammad Kawoya,,1,0,38.8,human,2,citizenship_wd|language_wd
Q123280214,The Uganda World War Cemeteries,Uganda World War Cemeteries,1,0,38.8,,2,country_wd|keyword_title
Q123311280,Lot Fire Records,,1,0,38.8,"record label, planned event",1,country_wd
Q123318935,Constituent Assembly of Uganda,,1,0,38.8,"constituent assembly, legislative term",1,country_wd
Q123418244,Kangai-Kabalega monument,The Kangai-Kabalega monument,1,0,38.8,monument,1,country_wd
Q123473096,Rhino Camp Extension Refugee settlement,Rhino Camp Extension Refugee settlement,1,0,38.8,"village, human settlement",2,country_wd|part_of_wd
Q123496224,Ayilo 1 Refugee Settlement,Ayilo 1 Refugee settlement,1,0,38.8,human settlement,1,country_wd
Q123532385,Record TV Uganda,RecordTV Uganda,1,0,38.8,mass media,2,country_wd|keyword_title
Q123747445,Men's rugby sevens at the 2022 Commonwealth Games - Uganda vs Sri Lanka,,1,0,38.8,,1,country_wd
Q124000128,St. Daniel Comboni Hospital Kyamuhunga,,1,0,38.8,hospital,1,country_wd
Q124005374,Uganda Ministry of Education Complex,Uganda Ministry of Education Complex,1,0,38.8,building,2,country_wd|keyword_title
Q124022698,BBS Terefayina,BBS Terefayina,1,0,38.8,television channel,2,country_wd|keyword_title
Q124047869,2024 in Uganda,2024 in Uganda,1,0,38.8,events in a specific year or time period,2,country_wd|keyword_title
Q124053979,Ituka Solar Power Station,Ituka Solar Power Station,1,0,38.8,solar power plant,1,country_wd
Q124314015,Gaddafi FC,Entebbe UPPC,1,0,38.8,association football club,2,country_wd|keyword_title
Q124326359,Ugandan traditions,Ugandan traditions,1,0,38.8,culture,1,country_wd
Q124334917,Joseph Mutaka,Joseph Mutaka,1,0,38.8,human,1,citizenship_wd
Q124340460,Arinaitwe Rugyendo,Arinaitwe Rugyendo,1,0,38.8,human,1,citizenship_wd
Q124347950,Rogers Mugisha,,1,0,38.8,human,1,citizenship_wd
Q124392724,field hockey in Uganda,,1,0,38.8,sport in a geographic region,1,country_wd
Q124397549,BBS Terefayina,BBS Terefayina (Uganda),1,0,38.8,television channel,1,country_wd
Q124398687,Ethur (Tribe),Ethur,1,0,38.8,tribe,1,country_wd
Q124398792,So (Tepeth),So (Tepeth),1,0,38.8,tribe,1,country_wd
Q124412288,Vonoma Tribe,Vonoma,1,0,38.8,tribe,1,country_wd
Q124415561,Shana People,Shana people,1,0,38.8,tribe,1,country_wd
Q124416932,Bakenyi tribe,Bakenyi,1,0,38.8,tribe,1,country_wd
Q124528506,2023 NBL Uganda season,2023 NBL Uganda season,1,0,38.8,sports season,2,country_wd|keyword_title
Q124618783,Kogere Foundation Museum,,1,0,38.8,museum,1,country_wd
Q124634104,Ndere Centre,,1,0,38.8,cultural center,1,country_wd
Q124639330,Ugandan Callabash,Ugandan Callabash,1,0,38.8,,2,country_wd|keyword_title
Q124658847,2009 in Uganda,,1,0,38.8,,1,country_wd
Q124659378,2011 in Uganda,,1,0,38.8,,1,country_wd
Q124669868,Kkobe Clan,,1,0,38.8,clan,1,country_wd
Q124815085,George Masika,George Masika,1,0,38.8,human,1,citizenship_wd
Q124827870,Christopher Sharp,,1,0,38.8,human,1,birth_death_wd
Q125243364,Nyungu Yamawe Forest Park,Nyungu Yamawe Forest Park,1,0,38.8,,1,country_wd
Q125363535,Uganda National Volleyball League,,1,0,38.8,"national championship, volleyball league",1,country_wd
Q125398633,Yakan movement,Yakan movement,1,0,38.8,religious movement,1,country_wd
Q125536002,Uganda DanceSport Federation,Uganda DanceSport Federation,1,0,38.8,sports governing body,2,country_wd|keyword_title
Q125559663,2021 African Badminton Championships – Mixed teams,,1,0,38.8,badminton event,1,country_wd
Q125700861,Gimara,Gimara,1,0,38.8,,1,country_wd
Q125703931,sports in Uganda,,1,0,38.8,sport in a geographic region,1,country_wd
Q125748295,Nsambya Roman Catholic Cemetery,,1,0,38.8,Catholic cemetery,1,country_wd
Q125762923,Cemetery of Saint Mary's Cathedral Rubaga,,1,0,38.8,Catholic cemetery,1,country_wd
Q125762991,Cemetery of Namirembe St. Paul's Cathedral,,1,0,38.8,Anglican cemetery,1,country_wd
Q125770604,Jinja Road Cemetery,,1,0,38.8,cemetery,1,country_wd
Q125855404,Cemetery of the Polish refugees in Koja,,1,0,38.8,cemetery,1,country_wd
Q125867377,Entebbe European Cemetery,,1,0,38.8,cemetery,1,country_wd
Q125983444,Hassan Saku,Hassan Saku,1,0,38.8,human,2,birth_death_wd|citizenship_wd
Q125984827,Habitat for Humanity Uganda,Habitat for Humanity Uganda,1,0,38.8,non-governmental organization,2,country_wd|keyword_title
Q126003287,Kampala (Nakawa Road) Cemetery,,1,0,38.8,Commonwealth War Graves Commission maintained cemetery,1,country_wd
Q126009451,Kakira–Kisumu Expressway,Kakira–Kisumu Expressway,1,0,38.8,road,1,country_wd
Q126087551,COBAP Boxing Club,COBAP Boxing Club,1,0,38.8,"business, boxing club",1,country_wd
Q126088095,Zebra Boxing Club,Zebra Boxing Club,1,0,38.8,"business, boxing club",1,country_wd
Q126192107,Thomas Kawere,Tom Kawere,1,0,38.8,human,1,citizenship_wd
Q12630335,EAU,,1,0,38.8,international vehicle registration code,1,country_wd
Q126389740,2008 in Uganda,,1,0,38.8,,1,country_wd
Q126391720,Godfrey Nyakana,Godfrey Nyakana,1,0,38.8,human,1,citizenship_wd
Q126488655,Busitema Forest,Busitema Forest,1,0,38.8,forest reserve,1,country_wd
Q126595004,Namyoya Forest Reserve,Namyoya Forest Reserve,1,0,38.8,protected area,1,country_wd
Q126639659,Zirimiti Forest Reserve,Zirimiti Forest Reserve,1,0,38.8,forest reserve,1,country_wd
Q126678603,Mary Tarcisia Lakot,Mary Tarcisia Lakot,1,0,38.8,human,1,citizenship_wd
Q126690226,Kato Edrine,,1,0,38.8,human,2,birth_death_wd|citizenship_wd
Q126720874,Life Concern Uganda,Life Concern Uganda,1,0,38.8,nonprofit organization,2,country_wd|keyword_title
Q126720978,Voluntary Action For Development Uganda,Voluntary Action for Development,1,0,38.8,nonprofit organization,1,country_wd
Q126721041,Jamii Ya Kupatanisha,Jamii ya Kupatanisha,1,0,38.8,nonprofit organization,1,country_wd
Q126901615,Rwenzori Peace Bridge of Reconciliation,Rwenzori Peace Bridge for Reconciliation,1,0,38.8,nonprofit organization,1,country_wd
Q126902748,world Vision Uganda,World Vision Uganda,1,0,38.8,organization,2,country_wd|keyword_title
Q126959929,Lake Nakivale,Lake Nakivale,1,0,38.8,lake,1,country_wd
Q127433169,Lake Bunyampaka,,1,0,38.8,lake,1,country_wd
Q127433315,Lake Kamweru,,1,0,38.8,volcanic crater lake,1,country_wd
Q127433494,Leaf Tobacco & Commodities,Leaf Tobacco & Commodities (U),1,0,38.8,company,1,country_wd
Q127502220,Lake Saaka,,1,0,38.8,lake,1,country_wd
Q127502580,Nyakasura Falls,,1,0,38.8,waterfall,1,country_wd
Q128305238,Uganda at the Military World Games,,1,0,38.8,nation at sport competition,1,country_wd
Q128579742,2024 NBL Uganda season,2024 NBL Uganda season,1,0,38.8,sports season,2,country_wd|keyword_title
Q128799278,Busoga Health Forum,Busoga Health Forum,1,0,38.8,nonprofit organization,2,country_wd|keyword_title
Q128906594,Uganda Secondary Schools Sports Associations,Uganda Secondary Schools Sports Association,1,0,38.8,sports governing body,3,country_wd|keyword_title|part_of_wd
Q128914266,Justus Mugisha,Justus Mugisha,1,0,38.8,human,3,birth_death_wd|citizenship_wd|language_wd
Q129167201,UPDF FC,,1,0,38.8,association football club,1,country_wd
Q129177731,Joachim Buwembo,Joachim Buwembo,1,0,38.8,human,1,citizenship_wd
Q129199363,Livingstone Mulondo,Livingstone Mulondo,1,0,38.8,human,1,citizenship_wd
Q129262092,Kidepo International Airport,Kidepo International Airport,1,0,38.8,international airport,1,country_wd
Q129262872,Richard Matovu,Richard Matovu,1,0,38.8,human,1,citizenship_wd
Q129333608,"St.Mary's secondary school, Kitende",,1,0,38.8,"secondary school, boarding school",1,country_wd
Q129945408,Bethani High School Naalya,Bethani High School Naalya,1,0,38.8,secondary school,1,country_wd
Q130223714,Phaneroo Ministries International,Phaneroo Ministries International,1,0,38.8,religious organization,2,country_wd|language_wd
Q130251575,Federation of Uganda Basketball Associations,,1,0,38.8,basketball association,1,country_wd
Q130251665,Geoffrey Kateregga,,1,0,38.8,human,2,birth_death_wd|citizenship_wd
Q130271194,Nsambya Hospital Cancer Center,Nsambya Hospital Cancer Center,1,0,38.8,,1,country_wd
Q130272037,Buganda Masaza Cup,,1,0,38.8,"professional sports league, association football league",1,country_wd
Q130279605,Uganda Ministry of Defence Headquarters,Uganda Ministry of Defence Headquarters,1,0,38.8,,2,country_wd|keyword_title
Q130285064,FUFA Juniors League,FUFA Juniors League,1,0,38.8,"professional sports league, association football league",1,country_wd
Q130285186,University Football League (Uganda),,1,0,38.8,association football league,1,country_wd
Q130313992,Samson Kasozi,Samson Kasozi,1,0,38.8,human,1,citizenship_wd
Q130324398,Jjumba Lubowa Aligaweesa,Jjumba Lubowa Aligaweesa,1,0,38.8,human,2,birth_death_wd|citizenship_wd
Q130338471,Eric Odwar,Eric Odwar,1,0,38.8,human,1,citizenship_wd
Q130362926,Tonga-Uganda relations,,1,0,38.8,foreign relations,1,country_wd
Q130442005,Battle of Kembogo,Battle of Kembogo,1,0,38.8,battle,1,country_wd
Q130525012,Uganda men's national 3x3 team,,1,0,38.8,national basketball team,1,country_wd
Q130569698,Tusuubira Ibrahim,Jajja Ichuli,1,0,38.8,human,1,citizenship_wd
Q130724495,Rapha Primary School,,1,0,38.8,primary school,1,country_wd
Q130729519,Moses Basena,Basena Moses,1,0,38.8,human,2,birth_death_wd|citizenship_wd
Q130733459,Joseph Harold Mutyaba,Joseph Mutyaba,1,0,38.8,human,2,birth_death_wd|citizenship_wd
Q130756059,Calvary FC,,1,0,38.8,association football club,1,country_wd
Q131101675,Wakiso Hills Women Football Club,Wakiso Hills Women Football Club,1,0,38.8,association football club,1,country_wd
Q131176537,Robinah Nansubuga,Robinah Nansubuga,1,0,38.8,human,1,birth_death_wd
Q131191681,Masaka Sports Stadium,Masaka Sports Stadium,1,0,38.8,"stadium, sports venue, association football venue",1,country_wd
Q131278952,Joan Agaba,,1,0,38.8,human,1,citizenship_wd
Q131294436,Jackson Mayanja,Jackson Mayanja,1,0,38.8,human,1,citizenship_wd
Q131302949,"White House, Uganda","White House, Uganda",1,0,38.8,building,2,country_wd|keyword_title
Q131319987,School dropout In Uganda,School dropouts in Uganda,1,0,38.8,,2,country_wd|keyword_title
Q131325262,Wave International Hotel Mbarara,,1,0,38.8,hotel,1,country_wd
Q131360379,Fort Portal City Public Library,,1,0,38.8,"library, public library",1,country_wd
Q131362481,Vipers SC Junior Team,Vipers Junior Team,1,0,38.8,"association football club, sports team, sports academy",1,country_wd
Q131362482,KCCA Soccer Academy,KCCA Soccer Academy,1,0,38.8,"sports team, sports academy",1,country_wd
Q131375135,Daniel Lutaaya,Daniel Lutaaya,1,0,38.8,human,1,citizenship_wd
Q131384615,Makerere University School of Dentistry,Makerere University School of Dentistry,1,0,38.8,university,1,country_wd
Q131437871,2024 Ugandan landslides,2024 Ugandan landslides,1,0,38.8,landslide,2,country_wd|keyword_title
Q131447879,Uganda at the Men's T20 World Cup,Uganda at the Men's T20 World Cup,1,0,38.8,,2,country_wd|keyword_title
Q131538441,2025 in Uganda,2025 in Uganda,1,0,38.8,events in a specific year or time period,2,country_wd|keyword_title
Q131560596,Sharifah Buzeki,Sharifah Buzeki,1,0,38.8,human,2,citizenship_wd|language_wd
Q131573160,Northern Uganda campaign,Northern Uganda campaign (January–March 1986),1,0,38.8,military campaign,2,country_wd|keyword_title
Q131601864,Uganda women's national under-16 basketball team,Uganda women's national under-16 basketball team,1,0,38.8,national basketball team,2,country_wd|keyword_title
Q131626111,Budongo Conservation Field Station,Budongo Conservation Field Station,1,0,38.8,field station,1,country_wd
Q131631644,Wilberforce Sserunkuma,Wilberforce Sserunkuma,1,0,38.8,human,1,citizenship_wd
Q13188673,Mohammed Basule,,1,0,38.8,human,2,birth_death_wd|citizenship_wd
Q132146751,3rd iKON Awards,3rd iKON Awards,1,0,38.8,award ceremony,1,country_wd
Q132175543,Dek Akeo,Dek Akeo,1,0,38.8,vegetable dish,1,country_wd
Q132472357,National Union of Women with Disabilities of Uganda,National Union of Women with Disabilities of Uganda,1,0,38.8,nonprofit organization,2,country_wd|keyword_title
Q132528637,Babwisi,Babwisi people,1,0,38.8,tribe,1,country_wd
Q132673320,Emambya Esaze,Emambya Esaze,1,0,38.8,newspaper,2,country_wd|language_wd
Q132673334,Mengo Notes,Mengo Notes,1,0,38.8,"newspaper, printed press",1,country_wd
Q132673335,Munno,Munno,1,0,38.8,"newspaper, printed press",2,country_wd|language_wd
Q132673561,Etop,Etop,1,0,38.8,"newspaper, periodical, printed press",1,country_wd
Q132673664,Munnansi,Munnansi,1,0,38.8,"newspaper, printed press",2,country_wd|language_wd
Q132675220,Adjumani East,Adjumani East,1,0,38.8,"electoral unit, Ugandan Parliamentary constituency",1,country_wd
Q132717487,2025 Uganda Ebola outbreak,2025 Uganda Ebola outbreak,1,0,38.8,,2,country_wd|keyword_title
Q132774776,Obushera,Obushera,1,0,38.8,type of drink,1,country_wd
Q132830804,Lower Bigo Bog,,1,0,38.8,wetland,1,country_wd
Q132831055,Kabamba Bog,,1,0,38.8,wetland,1,country_wd
Q132831183,Mubuku River,,1,0,38.8,river,1,country_wd
Q132831203,Bujuku Hut,,1,0,38.8,mountain hut,1,country_wd
Q133190978,Voice of Uganda,Voice of Uganda,1,0,38.8,"newspaper, printed press",2,country_wd|keyword_title
Q133198537,Bianka Black,,1,0,38.8,human,2,birth_death_wd|citizenship_wd
Q133264521,Bakiga Nation,Bakiga Nation,1,0,38.8,festival,1,country_wd
Q133278758,Crested Capital,Crested Capital,1,0,38.8,company,1,country_wd
Q133456378,Greater Luyia languages,Greater Luyia languages,1,0,38.8,language,1,country_wd
Q133459972,Christine Nakitto,Christine Nakitto,1,0,38.8,human,1,citizenship_wd
Q133459986,Shadiah Nassanga,Shadia Nassanga,1,0,38.8,human,3,birth_death_wd|citizenship_wd|language_wd
Q133460267,Gloria Bugie,,1,0,38.8,human,3,birth_death_wd|citizenship_wd|language_wd
Q133460273,Sarah Nakiyunga,Sarah Nakiyunga,1,0,38.8,human,2,birth_death_wd|citizenship_wd
Q133462692,Norah Lunkuse,Norah Lunkuse,1,0,38.8,human,1,citizenship_wd
Q133462790,Sandra Nambirige,Sandra Nambirige,1,0,38.8,human,1,citizenship_wd
Q133465144,Emmamba,,1,0,38.8,"cuisine, type of food or dish",1,country_wd
Q1334918,Embaga,,1,0,38.8,type of dance,1,country_wd
Q133539783,2025 Kawempe North by-election,2025 Kawempe North by-election,1,0,38.8,by-election,1,country_wd
Q133816351,Mt. Liru,Mount Liru,1,0,38.8,,1,country_wd
Q133821333,Katigondo National Major Seminary,Katigondo National Major Seminary,1,0,38.8,university,1,country_wd
Q133850303,Bukalasa National Minor Seminary,Bukalasa National Minor Seminary,1,0,38.8,school,1,country_wd
Q133850475,Ggaba National Major Seminary,Ggaba National Major Seminary,1,0,38.8,"seminary, Catholic seminary",1,country_wd
Q133852624,Irene Marjorie Kabamori,Irene Marjorie Kabamori,1,0,38.8,human,1,citizenship_wd
Q133852649,Rashid Mubiru,Rashid Mubiru,1,0,38.8,human,1,citizenship_wd
Q133860709,Saint Mbaaga's Major Seminary Ggaba,Saint Mbaaga's Major Seminary Ggaba,1,0,38.8,university,1,country_wd
Q133860853,Uganda Martyr's National Major Seminary Alokolum,Uganda Martyrs' National Major Seminary Alokolum,1,0,38.8,university,2,country_wd|keyword_title
Q133863552,Nasiimu Mutesi,Nasiimu Mutesi,1,0,38.8,human,1,citizenship_wd
Q133870664,Tereza Kuribakanya Kibwetere,Tereza Kuribakanya Kibwetere,1,0,38.8,human,2,birth_death_wd|citizenship_wd
Q133878763,Kinyamaskia National Major Seminary,Kinyamaskia National Major Seminary,1,0,38.8,,1,country_wd
Q133928018,Karamoja Peace and Technology University,Karamoja Peace and Technology University,1,0,38.8,university,2,country_wd|keyword_title
Q134068127,Kibiro hot springs,,1,0,38.8,hot spring,1,country_wd
Q134307912,Uganda Police Museum,,1,0,38.8,"museum, community museum",1,country_wd
Q134307932,Lango Community Museum,,1,0,38.8,"museum, community museum",1,country_wd
Q134307996,Madi Lugbara Community Museum,,1,0,38.8,"museum, community museum",1,country_wd
Q134308055,Uganda Rural Development And Training Program Cultural Assets Centre,,1,0,38.8,museum,1,country_wd
Q134311863,Kabalega Petrochemical Industrial Park,Kabalega Petrochemical Industrial Park,1,0,38.8,,1,country_wd
Q134468592,National Open Boxing Championship,National Open Boxing Championship (Uganda),1,0,38.8,boxing competition,2,country_wd|keyword_title
Q13447819,Wilson Tukire,,1,0,38.8,human,1,citizenship_wd
Q13459000,Yawe Davis,,1,0,38.8,human,1,birth_death_wd
Q134630468,Gideon Angiro,Gideon Angiro,1,0,38.8,human,1,citizenship_wd
Q134716824,Buyende Nuclear Power Plant,,1,0,38.8,nuclear power plant,1,country_wd
Q134726279,Uganda Boxing Champions League,Uganda Boxing Champions League,1,0,38.8,boxing competition,2,country_wd|keyword_title
Q134778161,Uganda Ludo Association,Uganda Ludo Association,1,0,38.8,sport association,2,country_wd|keyword_title
Q134877628,Dei BioPharma,Dei BioPharma,1,0,38.8,company,1,country_wd
Q134980437,Rusumo Dam,,1,0,38.8,dam,1,country_wd
Q134980453,Katuna border crossing,,1,0,38.8,border crossing,1,country_wd
Q134985125,2026 in Uganda,2026 in Uganda,1,0,38.8,events in a specific year or time period,2,country_wd|keyword_title
Q13504280,2013 Uganda International Badminton Championships,,1,0,38.8,Uganda International Badminton Championships,1,country_wd
Q135116558,Paul Epilo,Paul Epilo,1,0,38.8,human,1,citizenship_wd
Q135116892,Ivan Kirabo,Ivan Kirabo,1,0,38.8,human,2,birth_death_wd|citizenship_wd
Q135189330,Dorothy Okatch,,1,0,38.8,human,1,birth_death_wd
Q135197057,Kabagarame pork market,,1,0,38.8,marketplace,1,country_wd
Q135434917,Joseph Freddy Onata,,1,0,38.8,human,1,citizenship_wd
Q135466897,Clans of Buganda,Clans of Baganda,1,0,38.8,clan,2,country_wd|keyword_title
Q135642391,Uganda at the 2025 Summer World University Games,,1,0,38.8,nation at sport competition,1,country_wd
Q135672415,Asubo Ladies FC,Asubo Ladies FC,1,0,38.8,sports club,1,country_wd
Q135791190,Jacob Okao,Jacob Okao,1,0,38.8,human,1,citizenship_wd
Q135826408,Pius Ogena,Pius Ogena,1,0,38.8,human,1,citizenship_wd
Q135908163,Jerome Kirya,Jerome Kirya,1,0,38.8,human,1,citizenship_wd
Q135976733,Miss Tourism Uganda,Miss Tourism Uganda,1,0,38.8,beauty contest,2,country_wd|keyword_title
Q135981027,Wakooli Godfrey Matembu,Wakooli Godfrey Matembu,1,0,38.8,human,3,birth_death_wd|citizenship_wd|language_wd
Q136006268,Flagship Piazza Hotel,,1,0,38.8,hotel,1,country_wd
Q136007601,Kyaninga lodge,,1,0,38.8,"hotel, lodge",1,country_wd
Q136025395,Uganda National Rally Championship,Uganda National Rally Championship,1,0,38.8,recurring sporting event,2,country_wd|keyword_title
Q136048126,Uganda at the 2025 World Aquatics Championships,Uganda at the 2025 World Aquatics Championships,1,0,38.8,nation at sport competition,2,country_wd|keyword_title
Q136087596,John Wycliffe Musinguzi,John Wycliffe Musinguzi,1,0,38.8,human,1,birth_death_wd
Q136181067,National Union Of Disabled Persons Of Uganda,National Union of Persons with Disability in Uganda,1,0,38.8,non-governmental organization,2,country_wd|keyword_title
Q136228539,Kyamuhunga Peoples Savings and Credit Cooperative Society,,1,0,38.8,Savings and Credit Cooperative Society,1,country_wd
Q136230406,Kabale Irish potato market,,1,0,38.8,"market, marketplace",1,country_wd
Q136230579,Kabale Central Market,,1,0,38.8,"market, marketplace",1,country_wd
Q136230615,Masaka Central Market,,1,0,38.8,"market, marketplace",1,country_wd
Q136230653,Kings Hotel Kabale Limited,,1,0,38.8,hotel,1,country_wd
Q136231030,Lake View Resort Hotel Mbarara,,1,0,38.8,hotel,1,country_wd
Q136261518,Nommo Gallery Museum,Nommo Gallery Museum,1,0,38.8,museum,1,country_wd
Q136345039,Kasim Murungi,Kasim Murungi,1,0,38.8,human,1,citizenship_wd
Q136376392,Arnold Ainebyona Mugisha,Arnold Ainebyona Mugisha,1,0,38.8,human,2,birth_death_wd|citizenship_wd
Q136400165,Zebra Mando,Zebra Mando,1,0,38.8,human,1,citizenship_wd
Q136403269,2022 African Para-Badminton Championships,,1,0,38.8,African Para-Badminton Championships,1,country_wd
Q136404658,2018 African Para-Badminton Championships,,1,0,38.8,African Para-Badminton Championships,1,country_wd
Q136406276,Uganda Bombers,Uganda Bombers,1,0,38.8,national sports team,2,country_wd|keyword_title
Q136431352,Kefas Brand,,1,0,38.8,human,2,birth_death_wd|citizenship_wd
Q136444043,Brian Ssenyondo,Brian Ssenyondo,1,0,38.8,human,1,citizenship_wd
Q136452210,2023 African Para-Badminton Championships,,1,0,38.8,African Para-Badminton Championships,1,country_wd
Q136463582,National Council of Sports,National Council of Sports (Uganda),1,0,38.8,government agency,2,country_wd|keyword_title
Q136483284,Pebuu,Pebuu,1,0,38.8,company,1,country_wd
Q136675087,Arua City Tower,Arua City Tower,1,0,38.8,monument,1,country_wd
Q136689610,"Committee on Commissions, Statutory Authorities and State Enterprises","Committee on Commissions, Statutory Authorities and State Enterprises",1,0,38.8,government agency,1,country_wd
Q136695991,Mato Mews Hotel,,1,0,38.8,hotel,1,country_wd
Q136696169,Agip Motel,,1,0,38.8,"hotel, motel",1,country_wd
Q136707686,Office of the Auditor-General,Office of the Auditor-General (Uganda),1,0,38.8,government agency,2,country_wd|keyword_title
Q136707784,Office of the President of Uganda,Office of the President of Uganda,1,0,38.8,government agency,2,country_wd|keyword_title
Q136707804,Uganda Rifles,Uganda Rifles,1,0,38.8,military unit,2,country_wd|keyword_title
Q136718275,Public Accounts Committee,Public Accounts Committee (Uganda),1,0,38.8,government agency,2,country_wd|keyword_title
Q136723437,James Musinguzi,James Musinguzi,1,0,38.8,human,2,birth_death_wd|citizenship_wd
Q136734654,Gloria Wavamunno,,1,0,38.8,human,1,citizenship_wd
Q136768026,Pool Association of Uganda,Pool Association of Uganda,1,0,38.8,"sport association, sports governing body",2,country_wd|keyword_title
Q136768033,Association of Uganda University Sports,Association of Uganda University Sports,1,0,38.8,"sport association, sports governing body",2,country_wd|keyword_title
Q136768210,Scrabble Association of Uganda,Scrabble Association of Uganda,1,0,38.8,"sport association, sports governing body",2,country_wd|keyword_title
Q136768213,Committee on Climate Change,Committee on Climate Change (Uganda),1,0,38.8,government agency,2,country_wd|keyword_title
Q136786864,Brenda Kugonza,Brenda Kugonza,1,0,38.8,human,1,citizenship_wd
Q136786867,Joanita Babirye,,1,0,38.8,human,1,citizenship_wd
Q136786869,Florence Masuliya,Florence Masuliya,1,0,38.8,human,1,citizenship_wd
Q136812386,Fred Masagazi Masaazi,Fred Masagazi Masaazi,1,0,38.8,human,3,birth_death_wd|citizenship_wd|language_wd
Q136868303,Etania Mutoni,Etania Mutoni,1,0,38.8,human,1,citizenship_wd
Q136868779,Charity Kalebbo Ahimbisibwe,Charity Kalebbo Ahimbisibwe,1,0,38.8,human,1,citizenship_wd
Q136938494,Zziba,,1,0,38.8,parish of Uganda,1,country_wd
Q136945075,Butare town,,1,0,38.8,"town, parish of Uganda",1,country_wd
Q136955853,Committee on Equal Opportunities,Committee on Equal Opportunities (Uganda),1,0,38.8,government agency,2,country_wd|keyword_title
Q137156852,McLeod Russel Uganda,,1,0,38.8,"factory, enterprise",1,country_wd
Q137177164,Damalie,Damalie (TV series),1,0,38.8,television series,1,country_wd
Q137274425,Lakwena Maciver,Lakwena Maciver,1,0,38.8,human,1,citizenship_wd
Q137360157,Tororo Steel Mill,Tororo Steel Mill,1,0,38.8,company,1,country_wd
Q137397395,Uganda Poetry Society,Uganda Poetry Society,1,0,38.8,literary society,2,country_wd|keyword_title
Q137595493,Kibingo Girls Secondary School,,1,0,38.8,"secondary school, boarding school, football team",1,country_wd
Q137595623,St. Mary's Vocational School Kyamuhunga,,1,0,38.8,"secondary school, boarding school, vocational school",1,country_wd
Q137595632,St. Mary's Primary School Kyamuhunga,,1,0,38.8,boarding school,1,country_wd
Q137595685,Kyeizooba Girls Secondary School Bushenyi,,1,0,38.8,"secondary school, boarding school, girls' school",1,country_wd
Q137595782,Hope Primary School,,1,0,38.8,primary school,1,country_wd
Q137645288,St. Peter Kitabi Catholic Parish,,1,0,38.8,"Catholic church building, Catholic parish",1,country_wd
Q137646182,St. Charles Lwanga High School Kashekuro,,1,0,38.8,"secondary school, boarding school, aided school",1,country_wd
Q137651807,Sanga Island,,1,0,38.8,island,1,country_wd
Q137654258,Rwenzori Travellers Pride Hotel,,1,0,38.8,hotel,1,country_wd
Q137707711,Bugala Island,,1,0,38.8,island,1,country_wd
Q137746074,Clans of Ankole,,1,0,38.8,clan,1,country_wd
Q137819555,Anisa Nandaula,Anisa Nandaula,1,0,38.8,human,1,citizenship_wd
Q137836780,Paul Mwesigwa,Paul Mwesigwa,1,0,38.8,human,1,citizenship_wd
Q137940626,Ekisaakaate Kya Nnabagereka,Ekisaakaate kya Nnabagereka,1,0,38.8,cultural festival,2,country_wd|ethnic_group_wd
Q137955066,Uganda at the Summer Paralympics,,1,0,38.8,Paralympics delegation,1,country_wd
Q137995458,Richard Matsiko,Richard Matsiko,1,0,38.8,human,1,citizenship_wd
Q138027542,Uganda men's national handball team,Uganda men's national handball team,1,0,38.8,men's national handball team,2,country_wd|keyword_title
Q138298807,Antonio Fiorante,,1,0,38.8,human,1,birth_death_wd
Q138413546,Ricky Rapa Thomson,,1,0,38.8,human,1,citizenship_wd
Q138427630,Samuel Ibanda Mugabi,Samuel Ibanda Mugabi,1,0,38.8,human,2,birth_death_wd|citizenship_wd
Q138431037,Joseph Muvawala Nsekere,Joseph Muvawala Nsekere,1,0,38.8,human,1,citizenship_wd
Q138457989,Keith Muhakanizi,Keith Muhakanizi,1,0,38.8,human,1,citizenship_wd
Q138472621,Muhammad Galabuzi,Muhammad Galabuzi,1,0,38.8,human,2,birth_death_wd|citizenship_wd
Q138479475,Nyola Wasswa Mark,Wasswa Mark Nyola,1,0,38.8,human,1,citizenship_wd
Q138504564,Martin Kasenge,,1,0,38.8,human,2,birth_death_wd|citizenship_wd
Q138506476,Francis Katana,Francis Katana,1,0,38.8,human,3,birth_death_wd|citizenship_wd|ethnic_group_wd
Q138529536,Kampala Baháʼí Temple,Kampala Baháʼí Temple,1,0,38.8,building,2,country_wd|keyword_title
Q138545573,Meridah Nandudu,,1,0,38.8,human,1,citizenship_wd
Q138575108,Theresa Odongo-Oduka,,1,0,38.8,human,1,citizenship_wd
Q138587861,Godard Busingye,Godard Busingye,1,0,38.8,human,1,citizenship_wd
Q138682342,Alice Muhoozi,Alice Muhoozi,1,0,38.8,human,1,citizenship_wd
Q138685252,Ewaffe Cultural Village,,1,0,38.8,cultural center,1,country_wd
Q138751111,Mk Timothy,,1,0,38.8,human,2,birth_death_wd|citizenship_wd
Q138774843,Pamela Judith Angwech,Pamela Judith Angwech,1,0,38.8,human,2,birth_death_wd|citizenship_wd
Q138793073,Nashiba Nakabira,Nashiba Nakabira,1,0,38.8,human,1,citizenship_wd
Q138800911,Evelyn Zalwango,Evelyn Zalwango,1,0,38.8,human,1,citizenship_wd
Q138842757,James Harvey Chaplin,James Harvey Chaplin,1,0,38.8,human,1,birth_death_wd
Q138962521,Support Initiative for People with Congenital Disorders,Support Initiative for People with Congenital Disorders,1,0,38.8,"nonprofit organization, intersex organization",2,country_wd|keyword_title
Q139254747,Mount Sabinyo Trail,,1,0,38.8,hiking trail,1,country_wd
Q139325836,Namara Catherine Misango,Namara Catherine Misango,1,0,38.8,human,2,birth_death_wd|citizenship_wd
Q139386190,Richard Zulu,Richard Zulu,1,0,38.8,human,1,citizenship_wd
Q139458391,Trinidad and Tobago–Uganda relations,,1,0,38.8,bilateral relation,1,country_wd
Q139554820,Banya Emmanuel Natal,Emmanuel Natal Banya,1,0,38.8,human,2,birth_death_wd|citizenship_wd
Q139572316,Andrew Ojulong,Andrew Ojulong,1,0,38.8,human,1,citizenship_wd
Q139586143,All Saints Church Mbarara,,1,0,38.8,"church building, Anglican church building",1,country_wd
Q139586218,Neocare Specialised Hospital and Fertility Center Mbarara,,1,0,38.8,hospital,1,country_wd
Q139586351,Bamp Hotel,,1,0,38.8,hotel,1,country_wd
Q139658953,Nangosi David,David Nangosi,1,0,38.8,human,1,citizenship_wd
Q139674654,Tanna Sanjay,Sanjay Tanna,1,0,38.8,human,1,citizenship_wd
Q139770272,Mercy Nalugo,Mercy Nalugo,1,0,38.8,human,1,citizenship_wd
Q139795111,Federation of Motorsports Clubs of Uganda,Federation of Motorsports Clubs of Uganda,1,0,38.8,sports governing body,2,country_wd|keyword_title
Q139801645,Shamim Nabuuma Kaliisa,,1,0,38.8,human,1,citizenship_wd
Q139857915,Janet  Nsibirwa Mdoe,Janet Nsibirwa Mdoe,1,0,38.8,human,3,birth_death_wd|citizenship_wd|language_wd
Q139915643,Judyth Nsababera,Judyth Nsababera,1,0,38.8,human,2,birth_death_wd|citizenship_wd
Q140068120,Coloured Voices Media Foundation,,1,0,38.8,"non-governmental organization, human rights organization",1,country_wd
Q140077682,Pearl of Africa Tourism Expo,Pearl of Africa Tourism Expo,1,0,38.8,recurring event,1,country_wd
Q140089124,Ngamita Richard,Ngamita Richard,1,0,38.8,human,1,citizenship_wd
Q140138369,HIV community prevention delivery system in Uganda,HIV community prevention delivery system in Uganda,1,0,38.8,"public health intervention, Q39745192",2,country_wd|keyword_title
Q140206754,Mulago School for the Deaf,Mulago School for the Deaf,1,0,38.8,school for the deaf,1,country_wd
Q140374388,Uganda Nurses and Midwives Council,Uganda Nurses and Midwives Council,1,0,38.8,regulatory agency,3,country_wd|keyword_title|part_of_wd
Q140451677,2027 in Uganda,2027 in Uganda,1,0,38.8,events in a specific year or time period,2,country_wd|keyword_title
Q140463791,David Livingstone Ongom,David Livingstone Ongom,1,0,38.8,human,2,birth_death_wd|citizenship_wd
Q140577325,Phillip Obwiny,Phillip Obwiny,1,0,38.8,human,2,birth_death_wd|citizenship_wd
Q140579082,Ibrahim Buwembo,Ibrahim Buwembo Mukalazi,1,0,38.8,human,3,birth_death_wd|citizenship_wd|language_wd
Q140659038,Kigezi HomeBoyz FC,Kigezi HomeBoyz FC,1,0,38.8,association football club,1,country_wd
Q140680096,Moses Banja,Moses Banja,1,0,38.8,human,3,birth_death_wd|citizenship_wd|language_wd
Q140722063,Musinguzi Yona,Musinguzi Yona,1,0,38.8,human,2,birth_death_wd|citizenship_wd
Q140811741,Bataringaya Basil Rwankwene,Bataringaya Basil Rwankwene,1,0,38.8,human,1,citizenship_wd
Q140819297,John Bunyenyezi,John Bunyenyezi,1,0,38.8,human,1,citizenship_wd
Q141085927,Nkwasibwe Zinkuratire Henry,Nkwasibwe Zinkuratire Henry,1,0,38.8,human,1,citizenship_wd
Q141131852,Innocent Kawooya,Innocent Kawooya,1,0,38.8,human,1,citizenship_wd
Q141215242,Hamuza Sengooba,Hamuza Sengooba,1,0,38.8,human,1,citizenship_wd
Q141273434,Uganda women's national softball team,Uganda women's national softball team,1,0,38.8,women's national softball team,2,country_wd|keyword_title
Q14220010,Kafu River Basin,,1,0,38.8,,1,country_wd
Q14226999,Nkoringo,,1,0,38.8,,1,country_wd
Q1442773,Uganda Badminton Association,,1,0,38.8,"sport association, badminton association",1,country_wd
Q14913592,Butogota,,1,0,38.8,city,1,country_wd
Q14956797,Nagalama Hospital,Naggalama Hospital,1,0,38.8,hospital,1,country_wd
Q14956813,Itojo Hospital,Itojo Hospital,1,0,38.8,hospital,1,country_wd
Q15061053,Sergey Shishkin,,1,0,38.8,human,1,birth_death_wd
Q15192779,Aswa-Lolim Game Reserve,Aswa-Lolim Game Reserve,1,0,38.8,protected area,1,country_wd
Q15202809,Bokora Corridor Wildlife Reserve,Bokora Corridor Wildlife Reserve,1,0,38.8,protected area,1,country_wd
Q15233566,Kansanga,Kansanga,1,0,38.8,human settlement,1,country_wd
Q15238694,Koboko town,Koboko town,1,0,38.8,human settlement,1,country_wd
Q15253534,Mirama Hills,Mirama Hills,1,0,38.8,"human settlement, border city",1,country_wd
Q15260138,Mpanga Hydroelectric Power Station,Mpanga Hydroelectric Power Station,1,0,38.8,hydroelectric power station,1,country_wd
Q15260878,Namasagali,Namasagali,1,0,38.8,human settlement,1,country_wd
Q15262105,New Vision Group,New Vision Group,1,0,38.8,business,1,country_wd
Q15263089,Nyamwamba I Hydroelectric Power Station,Nyamwamba I Hydroelectric Power Station,1,0,38.8,hydroelectric power station,1,country_wd
Q15427715,list of ambassadors of Iceland to Uganda,,1,0,38.8,Wikimedia list article,1,country_wd
Q15630987,Brian Ssunna,,1,0,38.8,human,1,citizenship_wd
Q15941628,Uganda Junior International Badminton Championships,,1,0,38.8,recurring sporting event,1,country_wd
Q15980909,Freedom and Unity Front,Freedom and Unity Front,1,0,38.8,political party,1,country_wd
Q16146282,Crespo Asiku,,1,0,38.8,human,2,birth_death_wd|citizenship_wd
Q16161378,The Acholi Religious Leaders Peace Initiative,,1,0,38.8,interfaith organization,1,country_wd
Q16193189,Elly Kayanja,Elly Kayanja,1,0,38.8,human,2,birth_death_wd|citizenship_wd
Q16234174,Shanti Dynamite,,1,0,38.8,human,1,birth_death_wd
Q1636900,2011 Uganda International Badminton Championships,,1,0,38.8,Uganda International Badminton Championships,1,country_wd
Q16534209,Buikwe Stadium,,1,0,38.8,stadium,1,country_wd
Q16581752,Nelsensio Byingingo,,1,0,38.8,human,1,citizenship_wd
Q16587187,Pece War Memorial Stadium,,1,0,38.8,,1,country_wd
Q16689029,Protestantism in Uganda,,1,0,38.8,Protestantism of an area,1,country_wd
Q16730308,Shabs Jobanputra,Shabs Jobanputra,1,0,38.8,human,1,birth_death_wd
Q16733766,Sunday Omony,Sunday Omony,1,0,38.8,human,1,birth_death_wd
Q16734829,Rabadaba,,1,0,38.8,human,2,birth_death_wd|citizenship_wd
Q16752013,Moses Radio,Moses Radio,1,0,38.8,human,1,citizenship_wd
Q16823101,2009–10 Uganda Big League,2009–10 Uganda Big League,1,0,38.8,sports season,2,country_wd|keyword_title
Q16823145,rugby union in Uganda,Rugby union in Uganda,1,0,38.8,sport in a geographic region,2,country_wd|keyword_title
Q16823146,2010–11 Uganda Big League,2010–11 Uganda Big League,1,0,38.8,sports season,2,country_wd|keyword_title
Q16823212,2011–12 Uganda Big League,2011–12 Uganda Big League,1,0,38.8,sports season,2,country_wd|keyword_title
Q16823291,2012–13 Uganda Big League,2012–13 Uganda Big League,1,0,38.8,sports season,2,country_wd|keyword_title
Q16823485,2013–14 Uganda Big League,2013–14 Uganda Big League,1,0,38.8,sports season,2,country_wd|keyword_title
Q16825272,Appfrica,,1,0,38.8,company,1,country_wd
Q16838739,Entebbe Young Football Club,Entebbe Young Football Club,1,0,38.8,association football club,2,country_wd|keyword_title
Q16842687,Kiira Young FC,Kiira Young FC,1,0,38.8,association football club,1,country_wd
Q16878593,Mwenge,Mwenge,1,0,38.8,"town, sub-county of Uganda",1,country_wd
Q16879091,National Democrats Forum,,1,0,38.8,political party,1,country_wd
Q16893042,Kalama Armoured Warfare Training School,Kalama Armoured Warfare Training School,1,0,38.8,military academy,1,country_wd
Q16893110,Kanyanya,Kanyanya,1,0,38.8,human settlement,1,country_wd
Q16893723,Kuluva Hospital,Kuluva Hospital,1,0,38.8,hospital,1,country_wd
Q16895532,Mpigi Hospital,Mpigi General Hospital,1,0,38.8,hospital,1,country_wd
Q16895584,Muyenga,Muyenga,1,0,38.8,hill,1,country_wd
Q16895609,Mutolere Hospital,Mutolere Hospital,1,0,38.8,hospital,1,country_wd
Q16910628,Inter-University Council for East Africa,Inter-University Council for East Africa,1,0,38.8,university,1,country_wd
Q16938759,Banyaruguru,Banyaruguru,1,0,38.8,,1,country_wd
Q16950198,SmileTelecom,Smile Telecom,1,0,38.8,business,2,country_wd|keyword_title
Q16958718,Uganda Telecom,Uganda Telecommunications Corporation Limited,1,0,38.8,business,2,country_wd|keyword_title
Q16967180,West Nile Rural Electrification Company,West Nile Rural Electrification Company,1,0,38.8,business,1,country_wd
Q16975974,Ruhijha mine,Ruhijha mine,1,0,38.8,mine,1,country_wd
Q16977629,Sukulu mine,Sukulu mine,1,0,38.8,mine,1,country_wd
Q1701242,John Oduke,,1,0,38.8,human,2,birth_death_wd|citizenship_wd
Q17068858,National Enterprise Corporation,National Enterprise Corporation,1,0,38.8,company,1,country_wd
Q17077142,Makerere University Walter Reed Project,Makerere University Walter Reed Project,1,0,38.8,science project,1,country_wd
Q17081371,Internal Security Organisation,Internal Security Organisation,1,0,38.8,organization,2,country_wd|keyword_title
Q17081556,Smart Telecom,Smart Telecom (Uganda),1,0,38.8,business,2,country_wd|keyword_title
Q17084434,African Palliative Care Association,African Palliative Care Association,1,0,38.8,non-governmental organization,1,country_wd
Q17095917,Losilang,Losilang,1,0,38.8,human settlement,1,country_wd
Q17108246,Entebbe Secondary School,Entebbe Secondary School,1,0,38.8,,2,country_wd|keyword_title
Q17108254,Itwara Central Forest Reserve,Itwara Central Forest Reserve,1,0,38.8,protected area,1,country_wd
Q17108322,Mercantile Credit Bank,Mercantile Credit Bank,1,0,38.8,business,1,country_wd
Q17108382,Quality Chemicals Limited,Quality Chemicals Limited,1,0,38.8,business,1,country_wd
Q17108436,Uganda Oil Refinery,Uganda Oil Refinery,1,0,38.8,,2,country_wd|keyword_title
Q17108447,Uganda–Kenya Crude Oil Pipeline,Uganda–Kenya Crude Oil Pipeline,1,0,38.8,piping,2,country_wd|keyword_title
Q17108459,West Nile Cup,West Nile Cup,1,0,38.8,association football league,1,country_wd
Q17143054,Young Achievers Award,Young Achievers Award,1,0,38.8,award,1,country_wd
Q17155846,child health in Uganda,Child health in Uganda,1,0,38.8,aspect in a geographic region,2,country_wd|keyword_title
Q17198741,Moses Ddiba Ssentongo,Moses Ddiba Ssentongo,1,0,38.8,human,2,birth_death_wd|citizenship_wd
Q17198801,Fred Tolit,Fred Tolit,1,0,38.8,human,2,birth_death_wd|citizenship_wd
Q17204924,Uganda at the 2012 IAAF World Indoor Championships,,1,0,38.8,nation at sport competition,1,country_wd
Q1734904,Kasensero,,1,0,38.8,village,1,country_wd
Q17386154,Karim Hirji,Karim Hirji,1,0,38.8,human,2,birth_death_wd|citizenship_wd
Q17411054,Christopher Ategeka,,1,0,38.8,human,2,birth_death_wd|citizenship_wd
Q1744786,Klaus-Jürgen Sucker,,1,0,38.8,human,1,birth_death_wd
Q17505167,Robin Kibuuka,Robin Kibuuka,1,0,38.8,human,2,birth_death_wd|citizenship_wd
Q17509455,Janani Luwum Church House,Janani Luwum Church House,1,0,38.8,commercial building,2,country_wd|keyword_title
Q17509613,Acholi Inn,Acholi Inn,1,0,38.8,hotel,2,country_wd|keyword_title
Q17514381,Capital Shoppers,Capital Shoppers,1,0,38.8,business,1,country_wd
Q1795539,2010 Uber Cup – Qualification Africa,,1,0,38.8,badminton event,1,country_wd
Q18128925,Uganda Athletics Federation,Uganda Athletics Federation,1,0,38.8,sports governing body,2,country_wd|keyword_title
Q18161535,ACCU Uganda,ACCU Uganda,1,0,38.8,organization,2,country_wd|keyword_title
Q18163371,Bukuzindu Hybrid Solar and Thermal Power Station,Bukuzindu Hybrid Solar and Thermal Power Station,1,0,38.8,"oil-fired power station, photovoltaic power station",1,country_wd
Q18210507,Bugisu Co-operative Union Limited,Bugisu Co-operative Union Limited,1,0,38.8,"labor union, federation",1,country_wd
Q18216400,Fahad Musana,,1,0,38.8,human,1,citizenship_wd
Q18331608,Mike Sekabembe,Mike Sekabembe,1,0,38.8,human,1,citizenship_wd
Q18344234,Kyambogo,Kyambogo,1,0,38.8,human-geographic territorial entity,1,country_wd
Q18348205,list of Ugandan records in swimming,List of Ugandan records in swimming,1,0,38.8,Wikimedia list article,2,country_wd|keyword_title
Q18349743,Hoima–Kaiso–Tonya Road,Hoima–Kaiso–Tonya Road,1,0,38.8,road,1,country_wd
Q18351712,Insurance Regulatory Authority of Uganda,Insurance Regulatory Authority of Uganda,1,0,38.8,government agency,2,country_wd|keyword_title
Q18353174,Ngora Hospital,Ngora Hospital,1,0,38.8,hospital,1,country_wd
Q18353667,Entebbe Handling Services,Menzies Aviation Uganda,1,0,38.8,business,2,country_wd|keyword_title
Q18354418,Exodus Savings and Credit Cooperative Society Limited,Exodus Savings and Credit Cooperative Society Limited,1,0,38.8,"business, Savings and Credit Cooperative Society",1,country_wd
Q18356039,Uganda Electricity Generation Company Limited,Uganda Electricity Generation Company Limited,1,0,38.8,power generation company,2,country_wd|keyword_title
Q18356043,Uganda Financial Intelligence Authority,Financial Intelligence Authority (Uganda),1,0,38.8,government agency,2,country_wd|keyword_title
Q18356047,Uganda National Council for Higher Education,Uganda National Council for Higher Education,1,0,38.8,government agency,2,country_wd|keyword_title
Q18356056,Uganda Retirement Benefits Regulatory Authority,Uganda Retirement Benefits Regulatory Authority,1,0,38.8,government agency,2,country_wd|keyword_title
Q18358599,Osukuru Industrial Complex,Osukuru Industrial Complex,1,0,38.8,,1,country_wd
Q18378995,Naeem Bardai,Naeem Bardai,1,0,38.8,human,1,citizenship_wd
Q18379037,Westnile Distilling Company Limited,Westnile Distilling Company Limited,1,0,38.8,,1,country_wd
Q18379455,National Drug Authority,National Drug Authority,1,0,38.8,"business, food safety organization",1,country_wd
Q18386474,KSMO,KSMO (Uganda),1,0,38.8,law firm,2,country_wd|keyword_title
Q18386687,Kako Senior Secondary School,Kako Senior Secondary School,1,0,38.8,"secondary school, boarding school",1,country_wd
Q18386727,Kaliro Power Station,Kaliro Thermal Power Station,1,0,38.8,"combined heat and power station, biomass-fired power station",1,country_wd
Q18386824,Kampala–Jinja Expressway,Kampala–Jinja Expressway,1,0,38.8,road,2,country_wd|keyword_title
Q18387190,Karuhanga Tabaro & Associates,KTA Advocates,1,0,38.8,law firm,1,country_wd
Q18387358,Kawempe General Hospital,Kawempe General Hospital,1,0,38.8,hospital,1,country_wd
Q18388193,Kigezi High School,Kigezi High School,1,0,38.8,secondary school,1,country_wd
Q18388418,Kiruddu General Hospital,Kiruddu General Hospital,1,0,38.8,hospital,1,country_wd
Q18389920,The Lantern Meet of Poets,The Lantern Meet of Poets,1,0,38.8,group of humans,1,country_wd
Q18392353,Speke Resort and Conference Center,Speke Resort and Conference Center,1,0,38.8,building,1,country_wd
Q18394178,Revenue stamps of Uganda,Revenue stamps of Uganda,1,0,38.8,,2,country_wd|keyword_title
Q1860277,list of ambassadors of Germany to Uganda,,1,0,38.8,Wikimedia list article,2,country_wd|part_of_wd
Q18633141,Yekosofati Atoke Engur,,1,0,38.8,human,2,birth_death_wd|citizenship_wd
Q18636286,Akright Projects Limited,Akright Projects Limited,1,0,38.8,business,1,country_wd
Q18636424,Tirupati Development Uganda Limited,Tirupati Group,1,0,38.8,business,2,country_wd|keyword_title
Q18686665,Kabubi Herman,Kabubi Herman,1,0,38.8,human,2,birth_death_wd|citizenship_wd
Q18712779,Beverley Nambozo Poetry Award,Babishai Niwe Poetry Foundation,1,0,38.8,poetry award,1,country_wd
Q18712967,Uganda at the 2008 IAAF World Indoor Championships,,1,0,38.8,nation at sport competition,1,country_wd
Q19035516,China Uganda Communique Establishing Diplomatic Relations,,1,0,38.8,"version, edition or translation",1,country_wd
Q19054598,Constitution of the Republic of Uganda,,1,0,38.8,"version, edition or translation",1,country_wd
Q19364794,Nyakayojo Secondary School,Nyakayojo Secondary School,1,0,38.8,boarding school,1,country_wd
Q19564374,Patrick Mweheire,Patrick Mweheire,1,0,38.8,human,2,birth_death_wd|citizenship_wd
Q19621896,Uganda Baseball and Softball Federation,,1,0,38.8,sports governing body,1,country_wd
Q19666498,Joseph Magandaazi Yiga,Joseph Magandaazi Yiga,1,0,38.8,human,2,birth_death_wd|citizenship_wd
Q19668586,Joseph Owino,Joseph Owino,1,0,38.8,human,1,citizenship_wd
Q19823615,Sula Katumba,,1,0,38.8,human,2,citizenship_wd|language_wd
Q19823617,James Lubwama,,1,0,38.8,human,1,citizenship_wd
Q19880141,Uganda at the 1962 British Empire and Commonwealth Games,Uganda at the 1962 British Empire and Commonwealth Games,1,0,38.8,nation at sport competition,2,country_wd|keyword_title
Q19892951,Kiryandongo Refugee Settlement,Kiryandongo Refugee Settlement,1,0,38.8,"refugee camp, human-geographic territorial entity",1,country_wd
Q19903392,LDC Publishers,LDC Publishers,1,0,38.8,,1,country_wd
Q19903760,Case Medical Centre,Case Medical Centre,1,0,38.8,hospital,1,country_wd
Q20047271,Kampala Hospital,Kampala Hospital,1,0,38.8,hospital,2,country_wd|keyword_title
Q20047276,Paragon Hospital,Paragon Hospital,1,0,38.8,hospital,1,country_wd
Q20127995,Munir Pirmohamed,Munir Pirmohamed,1,0,38.8,human,1,birth_death_wd
Q20311060,Governor of the Bank of Uganda,Governor of the Bank of Uganda,1,0,38.8,"public office, position",3,country_wd|keyword_title|part_of_wd
Q20312440,AFAAS AFRICA,African Forum for Agricultural Advisory Services,1,0,38.8,organization,1,country_wd
Q20313318,Biharwe Division,Biharwe Division,1,0,38.8,,1,country_wd
Q20480103,Uganda Amateur Handball Federation,,1,0,38.8,"sports governing body, handball federation",1,country_wd
Q20569553,Masaka,,1,0,38.8,human settlement,1,country_wd
Q20572538,Kamuli,,1,0,38.8,human settlement,1,country_wd
Q20572724,Kumi Town,,1,0,38.8,human settlement,1,country_wd
Q20604340,Anatoli Kiriggwajjo,,1,0,38.8,human,1,birth_death_wd
Q20605315,Mukasa Kiriwawanvu,,1,0,38.8,human,3,birth_death_wd|citizenship_wd|language_wd
Q20746247,The Ghetto Film Project,The Ghetto Film Project,1,0,38.8,film organization,1,country_wd
Q20746263,Kampala Protea Hotel,Kampala Protea Hotel,1,0,38.8,built structure,2,country_wd|keyword_title
Q20746278,Maddu,Maddu,1,0,38.8,human settlement,1,country_wd
Q20746294,Musingo,Musingo,1,0,38.8,"human settlement, border city",1,country_wd
Q20746300,Nakawa Market,Nakawa Market,1,0,38.8,human settlement,1,country_wd
Q20746311,Palabek Kal,Palabek Kal,1,0,38.8,human settlement,1,country_wd
Q20746333,Uganda Heart Institute,Uganda Heart Institute,1,0,38.8,hospital,2,country_wd|keyword_title
Q20746337,Uganda Medical and Dental Practitioners Council,Uganda Medical and Dental Practitioners Council,1,0,38.8,organization,2,country_wd|keyword_title
Q20894753,Mayuge Thermal Power Station,Mayuge Thermal Power Station,1,0,38.8,biomass-fired power station,1,country_wd
Q20949743,Uganda National Entrepreneurship Development Institute,Uganda National Entrepreneurship Development Institute,1,0,38.8,academic institution,2,country_wd|keyword_title
Q2095012,Pilkington Ssengendo,,1,0,38.8,human,1,birth_death_wd
Q20994223,Nsambya FC,,1,0,38.8,sports club,1,country_wd
Q20995279,Francisco Díaz Valladares,,1,0,38.8,human,1,citizenship_wd
Q21094575,Atlas of Uganda,,1,0,38.8,Wikimedia Commons atlas page,1,country_wd
Q2110940,Prisons FC (Uganda),,1,0,38.8,sports club,1,country_wd
Q21473935,Uganda at the 2010 African Championships in Athletics,,1,0,38.8,nation at sport competition,1,country_wd
Q21487222,Uganda at the 2014 African Championships in Athletics,,1,0,38.8,nation at sport competition,1,country_wd
Q21487294,Uganda at the 2012 African Championships in Athletics,,1,0,38.8,nation at sport competition,1,country_wd
Q21487424,Uganda at the 2006 African Championships in Athletics,,1,0,38.8,nation at sport competition,1,country_wd
Q21487425,Uganda at the 2008 African Championships in Athletics,,1,0,38.8,nation at sport competition,1,country_wd
Q21487692,Uganda at the 1991 World Championships in Athletics,,1,0,38.8,nation at the World Athletics Championships,1,country_wd
Q21487693,Uganda at the 1997 World Championships in Athletics,,1,0,38.8,nation at the World Athletics Championships,1,country_wd
Q21850199,Mubende–Kakumiro–Kibaale–Kagadi Road,Mubende–Kakumiro–Kibaale–Kagadi Road,1,0,38.8,road,1,country_wd
Q21970153,Riaz Mamdani,Riaz Mamdani,1,0,38.8,human,1,birth_death_wd
Q21994173,Gomba County,,1,0,38.8,county of Uganda,1,country_wd
Q22026544,Bornfree Technologies Network,Bornfree Technologies Network,1,0,38.8,,1,country_wd
Q22031845,Uganda National Health Consumers' Organisation,Uganda National Health Consumers' Organisation,1,0,38.8,organization,2,country_wd|keyword_title
Q22078804,Taiwan–Uganda relations,,1,0,38.8,bilateral relation,1,country_wd
Q22079934,Miss Earth Uganda,Miss Earth Uganda,1,0,38.8,female beauty pageant,2,country_wd|keyword_title
Q22082385,Kyanika,Kyanika,1,0,38.8,border city,1,country_wd
Q22082396,Mutufu,Mutufu,1,0,38.8,human settlement,1,country_wd
Q22082400,Nyakahita,Nyakahita,1,0,38.8,human settlement,1,country_wd
Q22082401,Nyakayojo Division,Nyakayojo Division,1,0,38.8,,1,country_wd
Q22279035,Allan Manzi,,1,0,38.8,human,2,birth_death_wd|citizenship_wd
Q22338605,Klaus Holderbaum,,1,0,38.8,human,1,birth_death_wd
Q22683078,parish of Uganda,Parishes of Uganda,1,0,38.8,,2,country_wd|keyword_title
Q22812177,Sir Samuel Baker Secondary School,Sir Samuel Baker Secondary School,1,0,38.8,secondary school,1,country_wd
Q22910524,Ojapi Primary School,Ojapi,1,0,38.8,primary school,1,country_wd
Q22914739,Lira Municipality,,1,0,38.8,municipality of Uganda,1,country_wd
Q22918977,Erute County,,1,0,38.8,county of Uganda,1,country_wd
Q22978960,Saint Stephen's College Bajja,,1,0,38.8,secondary school,1,country_wd
Q22999745,Kabwohe Secondary School,,1,0,38.8,"secondary school, boarding school",1,country_wd
Q23007867,Esther Madudu,Esther Madudu,1,0,38.8,human,1,citizenship_wd
Q23013934,Uganda women's national under-18 basketball team,Uganda women's national under-18 basketball team,1,0,38.8,national basketball team,2,country_wd|keyword_title
Q23045619,Bwengure Child Care Primary School,Bwengu,1,0,38.8,primary school,1,country_wd
Q23058456,Walk to Work protest,Walk to work protest,1,0,38.8,,1,country_wd
Q23067423,Human Academy Secondary School,,1,0,38.8,secondary school,1,country_wd
Q23071136,Crescent Baguma,Crescent Baguma,1,0,38.8,human,2,birth_death_wd|citizenship_wd
Q23166031,Iganga Secondary School,Iganga Secondary School,1,0,38.8,secondary school,1,country_wd
Q23309428,Simone Riccioni,,1,0,38.8,human,1,birth_death_wd
Q23541052,Drake Lubega,Drake Lubega,1,0,38.8,human,2,birth_death_wd|citizenship_wd
Q23541090,Isaac Mulindwa,Isaac Mulindwa,1,0,38.8,human,1,citizenship_wd
Q23808735,Karuma–Olwiyo–Pakwach–Nebbi–Arua Road,Karuma–Olwiyo–Pakwach–Nebbi–Arua Road,1,0,38.8,road,1,country_wd
Q23926482,St. Joseph's Hospital Kitgum,St. Joseph's Hospital Kitgum,1,0,38.8,hospital,1,country_wd
Q23926488,Bombo Military Hospital,Bombo Military Hospital,1,0,38.8,military hospital,1,country_wd
Q23926505,Mbuya Military Hospital,Mbuya Military Hospital,1,0,38.8,hospital,1,country_wd
Q23926507,Mukono Health Centre IV,Mukono Health Centre IV,1,0,38.8,hospital,1,country_wd
Q24054196,Lokitanyala,"Lokitanyala, Uganda",1,0,38.8,"human settlement, border city",2,country_wd|keyword_title
Q24185306,Kilembe Mines Hospital,Kilembe Mines Hospital,1,0,38.8,hospital,1,country_wd
Q24185309,Kadic Hospital,Kadic Hospital,1,0,38.8,hospital,1,country_wd
Q24185310,Rushere Community Hospital,Rushere Community Hospital,1,0,38.8,hospital,1,country_wd
Q2423250,2010 Thomas Cup – Qualification Africa,,1,0,38.8,badminton event,1,country_wd
Q24236401,Kampala Outer Beltway,Kampala Outer Beltway,1,0,38.8,road,2,country_wd|keyword_title
Q24236412,Uganda Atomic Energy Council,Uganda Atomic Energy Council,1,0,38.8,organization,2,country_wd|keyword_title
Q24236432,Uganda Registration Services Bureau,Uganda Registration Services Bureau,1,0,38.8,organization,2,country_wd|keyword_title
Q24236537,Kampala Medical Chambers Hospital,Kampala Medical Chambers Hospital,1,0,38.8,hospital,2,country_wd|keyword_title
Q24236543,Myanzi,Myanzi,1,0,38.8,human settlement,1,country_wd
Q24263664,Charles Lutaaya,Charles Lutaaya,1,0,38.8,human,2,birth_death_wd|citizenship_wd
Q24572295,Joram Mugume,Joram Mugume,1,0,38.8,human,2,birth_death_wd|citizenship_wd
Q24572306,John Mugume,John Mugume,1,0,38.8,human,1,birth_death_wd
Q24590077,Africell Uganda,Africell Uganda,1,0,38.8,telecommunications company,2,country_wd|keyword_title
Q2473867,1995 Uganda International Badminton Championships,,1,0,38.8,Uganda International Badminton Championships,1,country_wd
Q2473871,2008 Uganda International Badminton Championships,,1,0,38.8,Uganda International Badminton Championships,1,country_wd
Q2473880,2010 Uganda International Badminton Championships,,1,0,38.8,Uganda International Badminton Championships,1,country_wd
Q2473882,2012 Uganda International Badminton Championships,,1,0,38.8,Uganda International Badminton Championships,1,country_wd
Q2473892,Uganda Badminton Championships,,1,0,38.8,recurring sporting event,1,country_wd
Q2473895,Uganda Team Badminton Championships,,1,0,38.8,recurring sporting event,1,country_wd
Q24852308,Ernest Rubondo,Ernest Rubondo,1,0,38.8,human,2,birth_death_wd|citizenship_wd
Q24883377,Mityana–Sekanyonyi–Busunju Road,Mityana–Sekanyonyi–Busunju Road,1,0,38.8,road,1,country_wd
Q24883426,JLOS House Project,JLOS House Project,1,0,38.8,building,1,country_wd
Q24883467,Sekanyonyi,Sekanyonyi,1,0,38.8,human settlement,1,country_wd
Q24884392,Maracha Town,Maracha Town,1,0,38.8,human settlement,2,country_wd|keyword_title
Q24884427,Hoima Sugar Limited,Hoima Sugar Limited,1,0,38.8,business,1,country_wd
Q24885600,Kyenjojo General Hospital,Kyenjojo General Hospital,1,0,38.8,hospital,1,country_wd
Q24886145,Lyantonde General Hospital,Lyantonde General Hospital,1,0,38.8,hospital,1,country_wd
Q24886293,Mityana–Bukuya–Kiboga Road,Mityana–Bukuya–Kiboga Road,1,0,38.8,road,1,country_wd
Q24886423,Kaabong General Hospital,Kaabong General Hospital,1,0,38.8,hospital,1,country_wd
Q24886693,Gulu Military Hospital,Gulu Military Hospital,1,0,38.8,hospital,1,country_wd
Q24890463,Entebbe Military Hospital,Entebbe Military Hospital,1,0,38.8,hospital,2,country_wd|keyword_title
Q24895924,Tilda Uganda,Tilda Uganda,1,0,38.8,company,2,country_wd|keyword_title
Q24898700,Iganga–Tirinyi–Kamonkoli–Mbale Road,Iganga–Tirinyi–Kamonkoli–Mbale Road,1,0,38.8,road,1,country_wd
Q24908258,Kampala Cement Company Limited,Kampala Cement Company Limited,1,0,38.8,business,2,country_wd|keyword_title
Q24908597,Atiak Sugar Factory,Atiak Sugar Factory,1,0,38.8,business,1,country_wd
Q24910898,Soroti Fruit Processing Factory,Soroti Fruits,1,0,38.8,public–private partnership,1,country_wd
Q24910956,Amos Dairies Uganda Limited,Amos Dairies Uganda Limited,1,0,38.8,privately held company,2,country_wd|keyword_title
Q24910982,Vital Tomosi Dairy Limited,Vital Tomosi Dairy Limited,1,0,38.8,privately held company,1,country_wd
Q24912168,Kamtech Logistics Uganda Limited,Kamtech Logistics Uganda Limited,1,0,38.8,company,2,country_wd|keyword_title
Q24915420,Ocer Campion Jesuit College,Ocer Campion Jesuit College,1,0,38.8,school,1,country_wd
Q24915597,Kenlon Industries Uganda Limited,Kenlon Industries Uganda Limited,1,0,38.8,business,2,country_wd|keyword_title
Q24915808,Masafu General Hospital,Masafu General Hospital,1,0,38.8,hospital,1,country_wd
Q24915970,Bukwo General Hospital,Bukwo General Hospital,1,0,38.8,hospital,1,country_wd
Q24949117,Abajiri,Abajiri,1,0,38.8,,1,country_wd
Q24956156,Pearl Dairy Farms Limited,Pearl Dairy Farms Limited,1,0,38.8,privately held company,1,country_wd
Q25041018,Types of fish in Uganda,Types of fish in Uganda,1,0,38.8,,2,country_wd|keyword_title
Q25041025,Fishing sites and Villages/communities in Uganda,Fishing sites and communities in Uganda,1,0,38.8,,2,country_wd|keyword_title
Q25041026,Fishing gear and methods used in Uganda,Fishing gear and methods used in Uganda,1,0,38.8,,2,country_wd|keyword_title
Q25041118,Ggaba landing site,Ggaba landing site,1,0,38.8,human settlement,1,country_wd
Q25049038,Tororo Solar Power Station,Tororo Solar Power Station,1,0,38.8,photovoltaic power station,1,country_wd
Q25049048,Soroti Solar Power Station,Soroti Solar Power Station,1,0,38.8,photovoltaic power station,1,country_wd
Q25051501,Masaka–Bukakata Road,Masaka–Bukakata Road,1,0,38.8,road,1,country_wd
Q25051746,Makenke,Makenke,1,0,38.8,neighborhood,1,country_wd
Q25051757,Ruti,"Ruti, Mbarara",1,0,38.8,human settlement,1,country_wd
Q25051773,Silk events,Silk events,1,0,38.8,organization,1,country_wd
Q25051963,Mbarara Northern Bypass Road,Mbarara Northern Bypass Road,1,0,38.8,road,1,country_wd
Q25052047,Igorora,,1,0,38.8,mountain,1,country_wd
Q25052640,Kampala Capital City Authority FC 2015-16,2015–16 Kampala Capital City Authority FC season,1,0,38.8,association football team season,2,country_wd|keyword_title
Q25052659,Hoima–Butiaba–Wanseko Road,Hoima–Butiaba–Wanseko Road,1,0,38.8,road,1,country_wd
Q25052699,Kayunga–Galiraya Road,Kayunga–Galiraya Road,1,0,38.8,road,1,country_wd
Q25052747,Fort Portal–Bundibugyo–Lamia Road,Fort Portal–Bundibugyo–Lamia Road,1,0,38.8,road,1,country_wd
Q25052818,Rukungiri–Kihihi–Ishasha–Kanungu Road,Rukungiri–Kihihi–Ishasha–Kanungu Road,1,0,38.8,road,1,country_wd
Q25052822,Ishaka–Kagamba Road,Ishaka–Kagamba Road,1,0,38.8,road,1,country_wd
Q25052858,Ntungamo–Mirama Hills Road,Ntungamo–Mirama Hills Road,1,0,38.8,road,1,country_wd
Q25052863,Bumbobi–Bubulo–Lwakhakha Road,Bumbobi–Bubulo–Lwakhakha Road,1,0,38.8,road,1,country_wd
Q25052879,Rwekunye–Apac–Aduku–Lira–Kitgum–Musingo Road,Rwekunye–Apac–Aduku–Lira–Kitgum–Musingo Road,1,0,38.8,road,1,country_wd
Q25052882,Kabale–Kisoro–Bunagana Road,Kabale–Kisoro–Bunagana Road,1,0,38.8,road,1,country_wd
Q25052972,Nyakahita–Kazo–Kamwenge–Fort Portal Road,Nyakahita–Kazo–Kamwenge–Fort Portal Road,1,0,38.8,road,1,country_wd
Q25052974,Kigumba–Masindi–Hoima–Kabwoya Road,Kigumba–Masindi–Hoima–Kabwoya Road,1,0,38.8,road,1,country_wd
Q25052994,Kyenjojo–Kabwoya Road,Kyenjojo–Kabwoya Road,1,0,38.8,road,1,country_wd
Q25053003,Musita–Mayuge–Lumino–Majanji–Busia Road,Musita–Mayuge–Lumino–Majanji–Busia Road,1,0,38.8,road,1,country_wd
Q25053017,Mpigi–Kabulasoke–Maddu–Sembabule Road,Mpigi–Kabulasoke–Maddu–Sembabule Road,1,0,38.8,road,1,country_wd
Q25053280,Ziroobwe–Wobulenzi Road,Ziroobwe–Wobulenzi Road,1,0,38.8,road,1,country_wd
Q25053547,Tororo–Mbale–Soroti Road,Tororo–Mbale–Soroti Road,1,0,38.8,road,1,country_wd
Q25053550,Mbarara–Ntungamo–Kabale–Katuna Road,Mbarara–Ntungamo–Kabale–Katuna Road,1,0,38.8,road,1,country_wd
Q25053558,Soroti–Dokolo–Lira Road,Soroti–Dokolo–Lira Road,1,0,38.8,road,1,country_wd
Q25053852,Nyabiku Central Forest Reserve,Nyabiku Central Forest Reserve,1,0,38.8,forest reserve,1,country_wd
Q25054348,"St Paul's Secondary School, Lweza","St Paul's Secondary School, Lweza",1,0,38.8,,1,country_wd
Q25059981,Jesa Farm Dairy Limited,Jesa Farm Dairy Limited,1,0,38.8,privately held company,1,country_wd
Q25060125,Paramount Dairies Limited,Paramount Dairies Limited,1,0,38.8,privately held company,1,country_wd
Q25064575,Anaka General Hospital,Anaka General Hospital,1,0,38.8,hospital,1,country_wd
Q25066519,Nebbi General Hospital,Nebbi General Hospital,1,0,38.8,hospital,1,country_wd
Q25066633,Atutur General Hospital,Atutur General Hospital,1,0,38.8,hospital,1,country_wd
Q25066678,Kiboga General Hospital,Kiboga General Hospital,1,0,38.8,hospital,1,country_wd
Q25067256,Kitagata General Hospital,Kitagata General Hospital,1,0,38.8,hospital,1,country_wd
Q25067322,Bududa General Hospital,Bududa General Hospital,1,0,38.8,hospital,1,country_wd
Q25067368,Kapchorwa General Hospital,Kapchorwa General Hospital,1,0,38.8,hospital,1,country_wd
Q25068075,Bundibugyo General Hospital,Bundibugyo General Hospital,1,0,38.8,hospital,1,country_wd
Q25103814,Movit,Movit,1,0,38.8,business,1,country_wd
Q25104823,Ugachick Limited,Ugachick Limited,1,0,38.8,company,1,country_wd
Q25105075,Kyondo Kasese,Kyondo Kasese,1,0,38.8,,1,country_wd
Q25105188,Mount Kilak,Mount Kilak,1,0,38.8,mountain,1,country_wd
Q25203107,Ministry of Education and Sports,Ministry of Education and Sports (Uganda),1,0,38.8,"ministry of education, sport ministry, ministry of Uganda",3,country_wd|keyword_title|part_of_wd
Q25226837,Luganda tones,Luganda tones,1,0,38.8,,1,country_wd
Q25226841,Kapchorwa–Suam Road,Kapchorwa–Suam Road,1,0,38.8,road,1,country_wd
Q25226847,Kamdini–Gulu Road,Kamdini–Gulu Road,1,0,38.8,road,1,country_wd
Q25226854,Muyembe–Nakapiripirit Road,Muyembe–Nakapiripirit Road,1,0,38.8,road,1,country_wd
Q25226855,Jinja–Kamuli–Mbulamuti Road,Jinja–Kamuli–Mbulamuti Road,1,0,38.8,road,1,country_wd
Q25226859,Mukono–Kayunga–Njeru Road,Mukono–Kayunga–Njeru Road,1,0,38.8,road,1,country_wd
Q25226868,Soroti–Katakwi–Moroto–Lokitanyala Road,Soroti–Katakwi–Moroto–Lokitanyala Road,1,0,38.8,road,1,country_wd
Q25226872,Ntungamo–Rukungiri Road,Ntungamo–Rukungiri Road,1,0,38.8,road,1,country_wd
Q25226881,House of Dawda Group,House of Dawda Group,1,0,38.8,company,1,country_wd
Q25226900,Soroti–Amuria–Abim–Kotido Road,Soroti–Amuria–Abim–Kotido Road,1,0,38.8,road,1,country_wd
Q25226910,Kampala–Masaka Road,Kampala–Masaka Road,1,0,38.8,road,2,country_wd|keyword_title
Q25226913,Masaka–Mbarara Road,Masaka–Mbarara Road,1,0,38.8,road,1,country_wd
Q25226924,Kampala–Mityana Road,Kampala–Mityana Road,1,0,38.8,road,2,country_wd|keyword_title
Q25226934,Kampala–Hoima Road,Kampala–Hoima Road,1,0,38.8,road,2,country_wd|keyword_title
Q25226959,Tirinyi–Pallisa–Kamonkoli–Kumi Road,Tirinyi–Pallisa–Kamonkoli–Kumi Road,1,0,38.8,road,1,country_wd
Q25226967,Amuru Sugar Works Limited,Amuru Sugar Works Limited,1,0,38.8,business,1,country_wd
Q25226970,Kabulasoke Solar Power Station,Kabulasoke Solar Power Station,1,0,38.8,photovoltaic power station,1,country_wd
Q25226977,Mayuge Solar Power Station,Mayuge Solar Power Station,1,0,38.8,photovoltaic power station,1,country_wd
Q25226991,Dairy industry in Uganda,Dairy industry in Uganda,1,0,38.8,aspect in a geographic region,2,country_wd|keyword_title
Q25226994,Buranga Geothermal Power Station,Buranga Geothermal Power Station,1,0,38.8,geothermal power station,1,country_wd
Q25227007,Achwa 3 Hydroelectric Power Station,,1,0,38.8,hydroelectric power station,1,country_wd
Q25227008,Koboko–Yumbe–Moyo Road,Koboko–Yumbe–Moyo Road,1,0,38.8,road,1,country_wd
Q25227009,Atiak–Adjumani–Moyo–Afoji Road,Atiak–Adjumani–Moyo–Afoji Road,1,0,38.8,road,1,country_wd
Q25227061,Kampala–Gayaza Road,Kampala–Gayaza Road,1,0,38.8,road,2,country_wd|keyword_title
Q25227075,Kayunga Hospital,Kayunga Hospital,1,0,38.8,hospital,1,country_wd
Q25227081,Abim General Hospital,Abim General Hospital,1,0,38.8,hospital,1,country_wd
Q25227083,Adjumani General Hospital,Adjumani General Hospital,1,0,38.8,hospital,1,country_wd
Q25227085,Tororo General Hospital,Tororo General Hospital,1,0,38.8,hospital,1,country_wd
Q25227097,Bugiri General Hospital,Bugiri General Hospital,1,0,38.8,hospital,1,country_wd
Q25227099,Nakasongola Military Hospital,Nakasongola Military Hospital,1,0,38.8,hospital,1,country_wd
Q25227101,Apac General Hospital,Apac General Hospital,1,0,38.8,hospital,1,country_wd
Q25227106,Busolwe General Hospital,Busolwe General Hospital,1,0,38.8,hospital,1,country_wd
Q25227107,Moyo General Hospital,Moyo General Hospital,1,0,38.8,hospital,1,country_wd
Q25227111,Rakai General Hospital,Rakai General Hospital,1,0,38.8,hospital,1,country_wd
Q25227112,Buwenge General Hospital,Buwenge General Hospital,1,0,38.8,hospital,1,country_wd
Q25227119,Kalisizo General Hospital,Kalisizo General Hospital,1,0,38.8,hospital,1,country_wd
Q25227128,Kambuga General Hospital,Kambuga General Hospital,1,0,38.8,hospital,1,country_wd
Q25227130,Myanzi–Kassanda–Bukuya–Kiboga Road,Myanzi–Kassanda–Bukuya–Kiboga Road,1,0,38.8,road,1,country_wd
Q25227138,Mityana–Mubende Road,Mityana–Mubende Road,1,0,38.8,road,1,country_wd
Q25227140,Mubende–Kyegegwa–Kyenjojo–Fort Portal Road,Mubende–Kyegegwa–Kyenjojo–Fort Portal Road,1,0,38.8,road,1,country_wd
Q25227141,Fort Portal–Kasese–Mpondwe Road,Fort Portal–Kasese–Mpondwe Road,1,0,38.8,road,1,country_wd
Q25227145,Kikorongo–Ishaka Road,Kikorongo–Ishaka Road,1,0,38.8,road,1,country_wd
Q25227147,Mbarara–Ishaka Road,Mbarara–Ishaka Road,1,0,38.8,road,1,country_wd
Q25227163,Masafu,Masafu,1,0,38.8,human settlement,1,country_wd
Q25227169,Makerere University Hospital,Makerere University Hospital,1,0,38.8,hospital,1,country_wd
Q25230520,Lira–Kamdini–Karuma Road,Lira–Kamdini–Karuma Road,1,0,38.8,road,1,country_wd
Q25230596,Kampala–Mpigi Expressway,Kampala–Mpigi Expressway,1,0,38.8,road,2,country_wd|keyword_title
Q25230597,Kampala Southern Bypass Highway,Kampala Southern Bypass Highway,1,0,38.8,road,2,country_wd|keyword_title
Q25230598,Kampala–Bombo Expressway,Kampala–Bombo Expressway,1,0,38.8,road,2,country_wd|keyword_title
Q25230637,Tororo Wind Power Station,Tororo Wind Power Station,1,0,38.8,wind farm,1,country_wd
Q25230649,Hoima Airport,Kabalega International Airport,1,0,38.8,proposed airport,1,country_wd
Q25230820,Osukuru Thermal Power Station,Osukuru Thermal Power Station,1,0,38.8,thermal power station,1,country_wd
Q25231187,Silver Kayemba,Silver Kayemba,1,0,38.8,human,1,birth_death_wd
Q25395251,Moscow Diocese (ROCOR),,1,0,38.8,Eastern Orthodox eparchy,1,country_wd
Q25464877,Uganda at the 2003 IAAF World Indoor Championships,,1,0,38.8,nation at sport competition,1,country_wd
Q25701948,Eastern Africa Centre for Constitutional Development,,1,0,38.8,research institute,1,country_wd
Q2582272,Willy Zabasajja,,1,0,38.8,human,1,citizenship_wd
Q25999189,Airtel Uganda,Airtel Uganda,1,0,38.8,business,2,country_wd|keyword_title
Q26770642,Oldřich Karásek,,1,0,38.8,human,1,birth_death_wd
Q26810987,Benson Ishiepai,,1,0,38.8,human,1,citizenship_wd
Q26926897,Masaka–Villa Maria–Bukomansimbi–Sembabule Road,Masaka–Villa Maria–Bukomansimbi–Sembabule Road,1,0,38.8,road,1,country_wd
Q26926899,Iganga–Kaliro–Pallisa Road,Iganga–Kaliro–Pallisa Road,1,0,38.8,road,1,country_wd
Q27002965,Yovan Ochola,,1,0,38.8,human,1,citizenship_wd
Q27147126,Uganda national badminton team,Uganda national badminton team,1,0,38.8,national badminton team,2,country_wd|keyword_title
Q27834364,Rwaihamba,,1,0,38.8,,1,country_wd
Q27906091,Brian Kasirye,,1,0,38.8,human,2,birth_death_wd|citizenship_wd
Q28022753,list of sedimentary units in Uganda,,1,0,38.8,Wikimedia list article,1,country_wd
Q28135267,Ministry of Justice and Constitutional Affairs,Ministry of Justice and Constitutional Affairs (Uganda),1,0,38.8,government agency,1,country_wd
Q2814486,2010 in Uganda,,1,0,38.8,events in a specific year or time period,1,country_wd
Q28162706,Mbalala,Mbalala,1,0,38.8,human settlement,1,country_wd
Q28162709,Lwemiyaga,Lwemiyaga,1,0,38.8,human settlement,1,country_wd
Q28162710,Ntuusi,Ntuusi,1,0,38.8,human settlement,1,country_wd
Q28162733,Divisions of Kampala,Divisions of Kampala,1,0,38.8,human settlement,2,country_wd|keyword_title
Q28162740,Muduuma,Muduuma,1,0,38.8,human settlement,1,country_wd
Q28223294,Ministry of Information and Communications Technology,Ministry of ICT and National Guidance,1,0,38.8,"ministry of communications, ministry of Uganda",3,country_wd|keyword_title|part_of_wd
Q28223295,External Security Organisation,External Security Organisation,1,0,38.8,government agency,1,country_wd
Q28223299,Uganda Energy Credit Capitalisation Company,Uganda Energy Credit Capitalisation Company,1,0,38.8,government agency,2,country_wd|keyword_title
Q28223315,Dairy Development Authority,Dairy Development Authority,1,0,38.8,government agency,1,country_wd
Q28223321,Lugogo,"Lugogo, Kampala",1,0,38.8,human settlement,2,country_wd|keyword_title
Q28223324,URA House,URA House,1,0,38.8,building,1,country_wd
Q28223332,Ministry of Internal Affairs,Ministry of Internal Affairs (Uganda),1,0,38.8,"interior ministry, ministry of Uganda",3,country_wd|keyword_title|part_of_wd
Q28223335,"Ministry of Lands, Housing and Urban Development","Ministry of Lands, Housing and Urban Development (Uganda)",1,0,38.8,ministry of Uganda,3,country_wd|keyword_title|part_of_wd
Q28223341,Ministry of Local Government,Ministry of Local Government (Uganda),1,0,38.8,ministry of Uganda,2,country_wd|keyword_title
Q28223346,"Ministry of Science, Technology and Innovation","Ministry of Science, Technology and Innovation (Uganda)",1,0,38.8,"ministry of science, ministry of Uganda",3,country_wd|keyword_title|part_of_wd
Q28401848,Buganda Investments and Commercial Undertakings Limited,Buganda Investments and Commercial Undertakings Limited,1,0,38.8,business,2,country_wd|keyword_title
Q28402183,Letshego Microfinance Uganda,Letshego Microfinance Uganda,1,0,38.8,business,2,country_wd|keyword_title
Q28402300,EFC Uganda Limited,EFC Uganda Limited,1,0,38.8,business,2,country_wd|keyword_title
Q28402499,Murchison Bay Hospital,Murchison Bay Hospital,1,0,38.8,hospital,1,country_wd
Q28402637,Savannah MOON,Savannah MOON,1,0,38.8,"film production company, business",1,country_wd
Q28403699,Institute of Certified Public Accountants of Uganda,Institute of Certified Public Accountants of Uganda,1,0,38.8,organization,2,country_wd|keyword_title
Q28405020,Pagirinya Refugee Settlement,Pagirinya Refugee Settlement,1,0,38.8,"human settlement, refugee camp",1,country_wd
Q28407494,Kijura Tea Company,Kijura Tea Company,1,0,38.8,,1,country_wd
Q28419147,Archbishop of the Church of Uganda,Archbishop of Uganda,1,0,38.8,Anglican episcopal title,2,country_wd|keyword_title
Q28439900,Iganga Boys Boarding Primary School,Iganga Boys Boarding Primary School,1,0,38.8,primary school,1,country_wd
Q28444827,Gombe General Hospital,Gombe General Hospital,1,0,38.8,hospital,1,country_wd
Q28446440,Deposit Protection Fund of Uganda,Uganda Deposit Protection Fund,1,0,38.8,"government agency, deposit insurance",2,country_wd|keyword_title
Q28446531,Nakawa–Naguru Estates,Nakawa–Naguru Estates,1,0,38.8,human settlement,1,country_wd
Q28447845,Christ the King Catholic Church,Christ the King Catholic Church,1,0,38.8,Catholic church building,1,country_wd
Q28453862,Uganda Hockey Association,Uganda Hockey Association,1,0,38.8,"sport association, sports governing body",2,country_wd|keyword_title
Q28455931,Kalerwe Market,Kalerwe Market,1,0,38.8,built structure,1,country_wd
Q2865174,Arthur Kiyaga,,1,0,38.8,human,2,birth_death_wd|citizenship_wd
Q28718714,Uganda at the 2016 African Championships in Athletics,,1,0,38.8,nation at sport competition,1,country_wd
Q29569919,The Rwenzori Times,The Rwenzori Times,1,0,38.8,newspaper,1,country_wd
Q2959864,Charles Muhangi,,1,0,38.8,human,1,citizenship_wd
Q29797072,Africa Cup 1B 2015,,1,0,38.8,sports season,1,country_wd
Q30056769,list of ambassadors of the United States to Uganda,,1,0,38.8,Wikimedia list article,2,country_wd|part_of_wd
Q30261875,National Agricultural Research Organisation,National Agricultural Research Organisation,1,0,38.8,government agency,1,country_wd
Q30262098,Uganda Industrial Research Institute,Uganda Industrial Research Institute,1,0,38.8,government agency,2,country_wd|keyword_title
Q30262108,Uganda National Meteorological Authority,Uganda National Meteorological Authority,1,0,38.8,government agency,2,country_wd|keyword_title
Q30266942,Nature Uganda,,1,0,38.8,"non-governmental organization, nonprofit organization",1,country_wd
Q30285521,Uganda National Council for Science and Technology,Uganda National Council for Science and Technology,1,0,38.8,government agency,2,country_wd|keyword_title
Q30287549,Gulu Women with Disabilities Union,Gulu Women with Disabilities Union,1,0,38.8,organization,1,country_wd
Q30290550,Joint Clinical Research Centre,Joint Clinical Research Centre,1,0,38.8,nonprofit organization,1,country_wd
Q30640185,National Information Technology Authority-Uganda,National Information Technology Authority-Uganda,1,0,38.8,company,2,country_wd|keyword_title
Q30687965,Sugar industry of Uganda,Sugar industry in Uganda,1,0,38.8,aspect in a geographic region,2,country_wd|keyword_title
Q30688721,Uganda Intelligence Department,Uganda Intelligence Department,1,0,38.8,,2,country_wd|keyword_title
Q31344382,1996 in Uganda,,1,0,38.8,events in a specific year or time period,1,country_wd
Q31349075,1991 in Uganda,,1,0,38.8,events in a specific year or time period,1,country_wd
Q31349085,1995 in Uganda,,1,0,38.8,events in a specific year or time period,1,country_wd
Q31395848,Nangataret Kaakodiam,,1,0,38.8,hill,1,country_wd
Q31395849,Loolimo,,1,0,38.8,hill,1,country_wd
Q31395852,Zinat,,1,0,38.8,hill,1,country_wd
Q31395853,Zaiwa,,1,0,38.8,hill,1,country_wd
Q31395854,Yingbay,,1,0,38.8,hill,1,country_wd
Q31395855,Wiceri,,1,0,38.8,hill,1,country_wd
Q31395858,Wadelai,,1,0,38.8,hill,1,country_wd
Q31395860,Use,,1,0,38.8,hill,1,country_wd
Q31395863,Uchi,,1,0,38.8,hill,1,country_wd
Q31395864,Tukaliri,,1,0,38.8,hill,1,country_wd
Q31395865,Tororo,,1,0,38.8,hill,1,country_wd
Q31395867,Mount Speke,,1,0,38.8,mountain,1,country_wd
Q31395868,Sole,,1,0,38.8,hill,1,country_wd
Q31395870,Sokot,,1,0,38.8,hill,1,country_wd
Q31395871,Sokober,,1,0,38.8,hill,1,country_wd
Q31395872,Sogonso,,1,0,38.8,hill,1,country_wd
Q31395873,Sogolimen,,1,0,38.8,hill,1,country_wd
Q31395874,Sogolimen,,1,0,38.8,hill,1,country_wd
Q31395875,Sitambogo,,1,0,38.8,hill,1,country_wd
Q31395876,Simue,,1,0,38.8,hill,1,country_wd
Q31395877,Siavona,,1,0,38.8,hill,1,country_wd
Q31395878,Senge,,1,0,38.8,hill,1,country_wd
Q31395880,Sempaya,,1,0,38.8,hill,1,country_wd
Q31395881,Sekiunga,,1,0,38.8,hill,1,country_wd
Q31395884,Sango,,1,0,38.8,hill,1,country_wd
Q31395886,Rweshama,,1,0,38.8,mountain ridge,1,country_wd
Q31395887,Rwebirago,,1,0,38.8,mountain ridge,1,country_wd
Q31395889,Rwakungwe,,1,0,38.8,hill,1,country_wd
Q31395890,Rukenga,,1,0,38.8,summit,1,country_wd
Q31395891,Rugongo,,1,0,38.8,mountain ridge,1,country_wd
Q31395892,Ruato,,1,0,38.8,summit,1,country_wd
Q31395893,Ru,,1,0,38.8,hill,1,country_wd
Q31395894,Rigbonga,,1,0,38.8,hill,1,country_wd
Q31395895,Lere,,1,0,38.8,hill,1,country_wd
Q31395899,Piryar,,1,0,38.8,hill,1,country_wd
Q31395900,Peta,,1,0,38.8,hill,1,country_wd
Q31395902,Patiri,,1,0,38.8,hill,1,country_wd
Q31395903,Polowang,,1,0,38.8,hill,1,country_wd
Q31395905,Palalango,,1,0,38.8,hill,1,country_wd
Q31395906,Pakhat,,1,0,38.8,hill,1,country_wd
Q31395907,Pagengo,,1,0,38.8,hill,1,country_wd
Q31395908,Oyii,,1,0,38.8,hill,1,country_wd
Q31395909,Oyiena,,1,0,38.8,hill,1,country_wd
Q31395910,Ova,,1,0,38.8,hill,1,country_wd
Q31395911,Atoo,,1,0,38.8,hill,1,country_wd
Q31395912,Opoi,,1,0,38.8,hill,1,country_wd
Q31395913,Opit,,1,0,38.8,hill,1,country_wd
Q31395915,Opio,,1,0,38.8,hill,1,country_wd
Q31395916,Operiperi,,1,0,38.8,hill,1,country_wd
Q31395917,Okusoma,,1,0,38.8,summit,1,country_wd
Q31395918,Okela,,1,0,38.8,hill,1,country_wd
Q31395919,Ojewa,,1,0,38.8,hill,1,country_wd
Q31395920,Ogul,,1,0,38.8,hill,1,country_wd
Q31395923,Ogili,,1,0,38.8,hill,1,country_wd
Q31395925,Ofude,,1,0,38.8,hill,1,country_wd
Q31395926,Odwede,,1,0,38.8,hill,1,country_wd
Q31395927,Odra,,1,0,38.8,hill,1,country_wd
Q31395928,Obwero,,1,0,38.8,hill,1,country_wd
Q31395929,Nyaryegi,,1,0,38.8,hill,1,country_wd
Q31395930,Nyamyalilo,,1,0,38.8,summit,1,country_wd
Q31395933,Nyakisa Hills,,1,0,38.8,mountain ridge,1,country_wd
Q31395934,Nturage,,1,0,38.8,hill,1,country_wd
Q31395936,Ntunda South,,1,0,38.8,hill,1,country_wd
Q31395937,Nowanila,,1,0,38.8,summit,1,country_wd
Q31395938,Nkungwe,,1,0,38.8,hill,1,country_wd
Q31395940,Nkai,,1,0,38.8,hill,1,country_wd
Q31395941,Njereka,,1,0,38.8,hill,1,country_wd
Q31395942,Njara,,1,0,38.8,hill,1,country_wd
Q31395943,Ngora,,1,0,38.8,hill,1,country_wd
Q31395944,Ngole,,1,0,38.8,hill,1,country_wd
Q31395945,Ngogwe,,1,0,38.8,hill,1,country_wd
Q31395947,Nero,,1,0,38.8,hill,1,country_wd
Q31395949,Nebolola,,1,0,38.8,hill,1,country_wd
Q31395950,Ndoyo,,1,0,38.8,hill,1,country_wd
Q31395951,Nawuyakitalia,,1,0,38.8,hill,1,country_wd
Q31395952,Nathianakito,,1,0,38.8,hill,1,country_wd
Q31395953,Nariwokitoi,,1,0,38.8,hill,1,country_wd
Q31395955,Napedo,,1,0,38.8,hill,1,country_wd
Q31395957,Nanjala,,1,0,38.8,hill,1,country_wd
Q31395958,Nangoma,,1,0,38.8,hill,1,country_wd
Q31395959,Nandelema,,1,0,38.8,hill,1,country_wd
Q31395961,Namyekudo,,1,0,38.8,hill,1,country_wd
Q31395962,Namur,,1,0,38.8,hill,1,country_wd
Q31395963,Nampongwe,,1,0,38.8,hill,1,country_wd
Q31395964,Namoruputh,,1,0,38.8,hill,1,country_wd
Q31395965,Naminage,,1,0,38.8,hill,1,country_wd
Q31395967,Namasuli,,1,0,38.8,summit,1,country_wd
Q31395968,Namarinda,,1,0,38.8,hill,1,country_wd
Q31395970,Namafuma,,1,0,38.8,hill,1,country_wd
Q31395971,Nakyesanja,,1,0,38.8,hill,1,country_wd
Q31395973,Nakiilasia,,1,0,38.8,hill,1,country_wd
Q31395974,Nakapelo,,1,0,38.8,hill,1,country_wd
Q31395976,Nabwei,,1,0,38.8,hill,1,country_wd
Q31395979,Mwelo,,1,0,38.8,hill,1,country_wd
Q31395981,Mutungo,,1,0,38.8,hill,1,country_wd
Q31395983,Musubi,,1,0,38.8,hill,1,country_wd
Q31395985,Murokatipe,,1,0,38.8,hill,1,country_wd
Q31395986,Murere,,1,0,38.8,hill,1,country_wd
Q31395987,Murage,,1,0,38.8,hill,1,country_wd
Q31395988,Mulinda,,1,0,38.8,summit,1,country_wd
Q31395990,Mulange,,1,0,38.8,hill,1,country_wd
Q31395991,Mulanda,,1,0,38.8,hill,1,country_wd
Q31395992,Mukobe,,1,0,38.8,hill,1,country_wd
Q31395993,Mukihara,,1,0,38.8,hill,1,country_wd
Q31395994,Mukihani,,1,0,38.8,hill,1,country_wd
Q31395995,Maruzi II,,1,0,38.8,hill,1,country_wd
Q31395996,Mugulunga,,1,0,38.8,summit,1,country_wd
Q31395998,Muganga,,1,0,38.8,hill,1,country_wd
Q31396000,Msoli,,1,0,38.8,hill,1,country_wd
Q31396001,Msandama,,1,0,38.8,summit,1,country_wd
Q31396003,Mpunge,,1,0,38.8,hill,1,country_wd
Q31396005,Mpomode,,1,0,38.8,hill,1,country_wd
Q31396006,Morunyang,,1,0,38.8,hill,1,country_wd
Q31396008,Morunyang,,1,0,38.8,hill,1,country_wd
Q31396009,Morunyang,,1,0,38.8,hill,1,country_wd
Q31396011,Morukayetom,,1,0,38.8,hill,1,country_wd
Q31396013,Morukarengany,,1,0,38.8,hill,1,country_wd
Q31396014,Moruekori,,1,0,38.8,hill,1,country_wd
Q31396015,Moruboyo,,1,0,38.8,hill,1,country_wd
Q31396016,Moruarangan,,1,0,38.8,hill,1,country_wd
Q31396017,Moruanyaupa,,1,0,38.8,hill,1,country_wd
Q31396018,Moruangibuin,,1,0,38.8,hill,1,country_wd
Q31396019,Morualokoto,,1,0,38.8,hill,1,country_wd
Q31396020,Moru,,1,0,38.8,hill,1,country_wd
Q31396021,Moluangikalomwa,,1,0,38.8,hill,1,country_wd
Q31396022,Misindye,,1,0,38.8,hill,1,country_wd
Q31396023,Milimba,,1,0,38.8,summit,1,country_wd
Q31396024,Midigo,,1,0,38.8,hill,1,country_wd
Q31396025,Meturan,,1,0,38.8,hill,1,country_wd
Q31396026,Meriss,,1,0,38.8,hill,1,country_wd
Q31396027,Mellaje,,1,0,38.8,hill,1,country_wd
Q31396028,Mboira,,1,0,38.8,hill,1,country_wd
Q31396029,Mbazi,,1,0,38.8,hill,1,country_wd
Q31396030,Mbaraka,,1,0,38.8,hill,1,country_wd
Q31396031,Mawembe,,1,0,38.8,hill,1,country_wd
Q31396032,Masiyo,,1,0,38.8,hill,1,country_wd
Q31396034,Masitale,,1,0,38.8,hill,1,country_wd
Q31396035,Mashure,,1,0,38.8,mountain ridge,1,country_wd
Q31396036,Maseke,,1,0,38.8,mountain ridge,1,country_wd
Q31396037,Maru,,1,0,38.8,hill,1,country_wd
Q31396038,Marongo,,1,0,38.8,hill,1,country_wd
Q31396039,Maluba,,1,0,38.8,hill,1,country_wd
Q31396040,Makwali,,1,0,38.8,hill,1,country_wd
Q31396041,Makhakhala,,1,0,38.8,hill,1,country_wd
Q31396042,Makaroigo,,1,0,38.8,hill,1,country_wd
Q31396043,Mabonwa,,1,0,38.8,hill,1,country_wd
Q31396044,Lwamulinda,,1,0,38.8,hill,1,country_wd
Q31396045,Luwemoi,,1,0,38.8,hill,1,country_wd
Q31396046,Lunyo,,1,0,38.8,hill,1,country_wd
Q31396047,Lungalya,,1,0,38.8,hill,1,country_wd
Q31396048,Lukohe,,1,0,38.8,hill,1,country_wd
Q31396049,Lukalu,,1,0,38.8,hill,1,country_wd
Q31396051,Lubare Ridge,,1,0,38.8,mountain ridge,1,country_wd
Q31396052,Lothogol,,1,0,38.8,hill,1,country_wd
Q31396054,Lotalama,,1,0,38.8,hill,1,country_wd
Q31396055,Losigiria,,1,0,38.8,hill,1,country_wd
Q31396057,Kocholo,,1,0,38.8,hill,1,country_wd
Q31396058,Loperikidor,,1,0,38.8,hill,1,country_wd
Q31396059,Longi,,1,0,38.8,hill,1,country_wd
Q31396060,Lomunyen Kipura,,1,0,38.8,hill,1,country_wd
Q31396061,Lomoruarei,,1,0,38.8,hill,1,country_wd
Q31396062,Lolung,,1,0,38.8,hill,1,country_wd
Q31396063,Lolekek,,1,0,38.8,hill,1,country_wd
Q31396064,Lokupoi,,1,0,38.8,hill,1,country_wd
Q31396065,Lokorimongen,,1,0,38.8,hill,1,country_wd
Q31396066,Lokomoru,,1,0,38.8,hill,1,country_wd
Q31396067,Lokolimith,,1,0,38.8,hill,1,country_wd
Q31396068,Lokimait,,1,0,38.8,hill,1,country_wd
Q31396069,Lokilan,,1,0,38.8,hill,1,country_wd
Q31396070,Lokichar,,1,0,38.8,hill,1,country_wd
Q31396071,Lokayet,,1,0,38.8,hill,1,country_wd
Q31396072,Lokathiro,,1,0,38.8,hill,1,country_wd
Q31396073,Lokatero,,1,0,38.8,hill,1,country_wd
Q31396075,Lokapel,,1,0,38.8,hill,1,country_wd
Q31396076,Lokapel,,1,0,38.8,hill,1,country_wd
Q31396077,Logwel,,1,0,38.8,hill,1,country_wd
Q31396078,Lodwar,,1,0,38.8,hill,1,country_wd
Q31396079,Lochowai,,1,0,38.8,hill,1,country_wd
Q31396080,Lero,,1,0,38.8,hill,1,country_wd
Q31396081,Laura Ridge,,1,0,38.8,mountain ridge,1,country_wd
Q31396082,Latworo,,1,0,38.8,hill,1,country_wd
Q31396083,Lating,,1,0,38.8,hill,1,country_wd
Q31396085,Lamola,,1,0,38.8,hill,1,country_wd
Q31396086,Laita,,1,0,38.8,hill,1,country_wd
Q31396087,Ladwong,,1,0,38.8,hill,1,country_wd
Q31396088,Lacic,,1,0,38.8,hill,1,country_wd
Q31396089,Labworomor,,1,0,38.8,hill,1,country_wd
Q31396090,Laboro,,1,0,38.8,hill,1,country_wd
Q31396091,Labala,,1,0,38.8,hill,1,country_wd
Q31396092,Kyasa,,1,0,38.8,hill,1,country_wd
Q31396093,Kyanzeire,,1,0,38.8,mountain ridge,1,country_wd
Q31396094,Kyabwageya,,1,0,38.8,summit,1,country_wd
Q31396095,Kwais,,1,0,38.8,hill,1,country_wd
Q31396096,Kurao,,1,0,38.8,hill,1,country_wd
Q31396098,Kajulula,,1,0,38.8,hill,1,country_wd
Q31396100,Kuchine,,1,0,38.8,hill,1,country_wd
Q31396101,Kopor,,1,0,38.8,hill,1,country_wd
Q31396102,Kopem,,1,0,38.8,hill,1,country_wd
Q31396104,Kokwass,,1,0,38.8,hill,1,country_wd
Q31396105,Kadomio,,1,0,38.8,hill,1,country_wd
Q31396108,Kacholo,,1,0,38.8,hill,1,country_wd
Q31396109,Kiwera,,1,0,38.8,summit,1,country_wd
Q31396110,Kiunga,,1,0,38.8,hill,1,country_wd
Q31396111,Kitonya,,1,0,38.8,hill,1,country_wd
Q31396112,Kisunji,,1,0,38.8,hill,1,country_wd
Q31396113,Kirikiri,,1,0,38.8,hill,1,country_wd
Q31396114,Kiriba,,1,0,38.8,hill,1,country_wd
Q31396116,Kioga,,1,0,38.8,hill,1,country_wd
Q31396117,Kinoni,,1,0,38.8,hill,1,country_wd
Q31396118,Kimaka,,1,0,38.8,hill,1,country_wd
Q31396119,Kilongo,,1,0,38.8,hill,1,country_wd
Q31396121,Kikwerik,,1,0,38.8,hill,1,country_wd
Q31396122,Kijur,,1,0,38.8,hill,1,country_wd
Q31396123,Kigulya,,1,0,38.8,hill,1,country_wd
Q31396124,Kigulu,,1,0,38.8,hill,1,country_wd
Q31396125,Kigulu,,1,0,38.8,hill,1,country_wd
Q31396126,Kigarama,,1,0,38.8,hill,1,country_wd
Q31396129,Kidimbuli,,1,0,38.8,hill,1,country_wd
Q31396130,Kichok,,1,0,38.8,hill,1,country_wd
Q31396131,Kiando,,1,0,38.8,hill,1,country_wd
Q31396132,Kianamo,,1,0,38.8,summit,1,country_wd
Q31396133,Kei,,1,0,38.8,hill,1,country_wd
Q31396134,Kazir,,1,0,38.8,hill,1,country_wd
Q31396135,Kazidi,,1,0,38.8,hill,1,country_wd
Q31396136,Kawembe,,1,0,38.8,hill,1,country_wd
Q31396138,Katunguru,,1,0,38.8,summit,1,country_wd
Q31396139,Katigusa,,1,0,38.8,hill,1,country_wd
Q31396140,Kateli,,1,0,38.8,hill,1,country_wd
Q31396141,Katabwa,,1,0,38.8,summit,1,country_wd
Q31396142,Katabarua,,1,0,38.8,mountain,1,country_wd
Q31396143,Kasongoire,,1,0,38.8,hill,1,country_wd
Q31396144,Karinga,,1,0,38.8,hill,1,country_wd
Q31396145,Kariabor,,1,0,38.8,hill,1,country_wd
Q31396146,Karangora,,1,0,38.8,summit,1,country_wd
Q31396147,Kapochom,,1,0,38.8,hill,1,country_wd
Q31396148,Kapendongor,,1,0,38.8,hill,1,country_wd
Q31396149,Kamigo,,1,0,38.8,hill,1,country_wd
Q31396150,Kalonge,,1,0,38.8,summit,1,country_wd
Q31396151,Amobwasi,,1,0,38.8,hill,1,country_wd
Q31396152,Kaliro,,1,0,38.8,hill,1,country_wd
Q31396153,Kalingalem,,1,0,38.8,hill,1,country_wd
Q31396155,Kaligee,,1,0,38.8,hill,1,country_wd
Q31396157,Kalengili,,1,0,38.8,summit,1,country_wd
Q31396158,Kalamuwi,,1,0,38.8,hill,1,country_wd
Q31396159,Kakuka,,1,0,38.8,summit,1,country_wd
Q31396160,Kakaka,,1,0,38.8,summit,1,country_wd
Q31396161,Kaduku,,1,0,38.8,hill,1,country_wd
Q31396162,Kadomera,,1,0,38.8,hill,1,country_wd
Q31396163,Kadanyeko,,1,0,38.8,hill,1,country_wd
Q31396164,Kachut,,1,0,38.8,hill,1,country_wd
Q31396165,Kachonga,,1,0,38.8,hill,1,country_wd
Q31396166,Kacheri,,1,0,38.8,hill,1,country_wd
Q31396167,Kabusyak,,1,0,38.8,hill,1,country_wd
Q31396168,Kaburengwa,,1,0,38.8,hill,1,country_wd
Q31396169,Kabungo Ridge,,1,0,38.8,mountain ridge,1,country_wd
Q31396170,Kababito,,1,0,38.8,hill,1,country_wd
Q31396171,Jakawai,,1,0,38.8,hill,1,country_wd
Q31396172,Iwemba,,1,0,38.8,hill,1,country_wd
Q31396174,Itor,,1,0,38.8,hill,1,country_wd
Q31396175,Isi,,1,0,38.8,hill,1,country_wd
Q31396177,Isagara,,1,0,38.8,hill,1,country_wd
Q31396178,Iremera,,1,0,38.8,mountain ridge,1,country_wd
Q31396179,Iragaza,,1,0,38.8,mountain ridge,1,country_wd
Q31396181,Inyi,,1,0,38.8,hill,1,country_wd
Q31396182,Imagit,,1,0,38.8,hill,1,country_wd
Q31396183,Ihunga,,1,0,38.8,hill,1,country_wd
Q31396184,Gulibi,,1,0,38.8,hill,1,country_wd
Q31396185,Gorotoa,,1,0,38.8,hill,1,country_wd
Q31396186,Goromi,,1,0,38.8,hill,1,country_wd
Q31396187,Gombe,,1,0,38.8,hill,1,country_wd
Q31396188,Goma,,1,0,38.8,hill,1,country_wd
Q31396189,Goli,,1,0,38.8,hill,1,country_wd
Q31396191,Geremech,,1,0,38.8,hill,1,country_wd
Q31396192,Gakaididai,,1,0,38.8,hill,1,country_wd
Q31396193,Fumbya,,1,0,38.8,hill,1,country_wd
Q31396195,Ewuyo,,1,0,38.8,hill,1,country_wd
Q31396196,Ethe,,1,0,38.8,hill,1,country_wd
Q31396197,Eru,,1,0,38.8,hill,1,country_wd
Q31396198,Togoro,,1,0,38.8,hill,1,country_wd
Q31396199,Dyangbi,,1,0,38.8,hill,1,country_wd
Q31396200,Dwalina,,1,0,38.8,hill,1,country_wd
Q31396202,Cholom,,1,0,38.8,hill,1,country_wd
Q31396203,Chei,,1,0,38.8,hill,1,country_wd
Q31396204,Bwabiye,,1,0,38.8,hill,1,country_wd
Q31396205,Buyemba,,1,0,38.8,hill,1,country_wd
Q31396206,Buwongo,,1,0,38.8,hill,1,country_wd
Q31396208,Buwaya,,1,0,38.8,hill,1,country_wd
Q31396209,Butologo Hills,,1,0,38.8,hill,1,country_wd
Q31396210,Butiki,,1,0,38.8,hill,1,country_wd
Q31396211,Busimo,,1,0,38.8,hill,1,country_wd
Q31396212,Busiga,,1,0,38.8,hill,1,country_wd
Q31396213,Buraza,,1,0,38.8,hill,1,country_wd
Q31396214,Burama Hill,,1,0,38.8,mountain ridge,1,country_wd
Q31396215,Bulukatoni,,1,0,38.8,hill,1,country_wd
Q31396216,Bulongwe,,1,0,38.8,hill,1,country_wd
Q31396218,Bulinda,,1,0,38.8,hill,1,country_wd
Q31396219,Bulija,,1,0,38.8,hill,1,country_wd
Q31396220,Bulamba,,1,0,38.8,hill,1,country_wd
Q31396221,Bukuba,,1,0,38.8,hill,1,country_wd
Q31396222,Bukorwe Ridge,,1,0,38.8,mountain ridge,1,country_wd
Q31396223,Bukaleba,,1,0,38.8,hill,1,country_wd
Q31396224,Bwikama,,1,0,38.8,hill,1,country_wd
Q31396225,Buhirigi,,1,0,38.8,hill,1,country_wd
Q31396226,Bubaga,,1,0,38.8,hill,1,country_wd
Q31396227,Boroli,,1,0,38.8,hill,1,country_wd
Q31396228,Bongi,,1,0,38.8,hill,1,country_wd
Q31396229,Bondo,,1,0,38.8,hill,1,country_wd
Q31396230,Biliba Ridge,,1,0,38.8,mountain ridge,1,country_wd
Q31396231,Biemba,,1,0,38.8,hill,1,country_wd
Q31396232,Benga,,1,0,38.8,hill,1,country_wd
Q31396234,Behanga,,1,0,38.8,hill,1,country_wd
Q31396235,Batoda,,1,0,38.8,summit,1,country_wd
Q31396236,Barituku,,1,0,38.8,hill,1,country_wd
Q31396237,Baratuku,,1,0,38.8,hill,1,country_wd
Q31396238,Balaki,,1,0,38.8,hill,1,country_wd
Q31396239,Bakhara,,1,0,38.8,hill,1,country_wd
Q31396240,Bagete,,1,0,38.8,hill,1,country_wd
Q31396241,Awa,,1,0,38.8,hill,1,country_wd
Q31396242,Atumutaok,,1,0,38.8,hill,1,country_wd
Q31396243,Daisik,,1,0,38.8,hill,1,country_wd
Q31396244,Arua,,1,0,38.8,hill,1,country_wd
Q31396245,Aropa,,1,0,38.8,hill,1,country_wd
Q31396246,Aringba,,1,0,38.8,hill,1,country_wd
Q31396247,Arawa,,1,0,38.8,hill,1,country_wd
Q31396248,Arakath,,1,0,38.8,hill,1,country_wd
Q31396249,Apuket,,1,0,38.8,hill,1,country_wd
Q31396251,Anari,,1,0,38.8,hill,1,country_wd
Q31396253,Amoji Hills,,1,0,38.8,hill,1,country_wd
Q31396254,Ambana,,1,0,38.8,hill,1,country_wd
Q31396255,Amalei,,1,0,38.8,hill,1,country_wd
Q31396256,Aloyepa,,1,0,38.8,hill,1,country_wd
Q31396257,Alikwa,,1,0,38.8,hill,1,country_wd
Q31396258,Alighar,,1,0,38.8,hill,1,country_wd
Q31396259,Akomelioret,,1,0,38.8,hill,1,country_wd
Q31396260,Akolob,,1,0,38.8,hill,1,country_wd
Q31396261,Akipiye,,1,0,38.8,hill,1,country_wd
Q31396262,Akara,,1,0,38.8,hill,1,country_wd
Q31396263,Akara,,1,0,38.8,hill,1,country_wd
Q31396264,Agem,,1,0,38.8,hill,1,country_wd
Q31396265,Adivoro,,1,0,38.8,hill,1,country_wd
Q31396266,Adodi,,1,0,38.8,hill,1,country_wd
Q31396267,Adjiko,,1,0,38.8,hill,1,country_wd
Q31396268,Adider,,1,0,38.8,hill,1,country_wd
Q31396269,Abutze,,1,0,38.8,hill,1,country_wd
Q31396271,Abayo,,1,0,38.8,hill,1,country_wd
Q31396272,Abakamel,,1,0,38.8,hill,1,country_wd
Q31396273,Abaka,,1,0,38.8,hill,1,country_wd
Q31396274,Bugaia,,1,0,38.8,hill,1,country_wd
Q31396275,Kizito,,1,0,38.8,hill,1,country_wd
Q31396276,Wakabuzi,,1,0,38.8,hill,1,country_wd
Q31396277,Mpogo,,1,0,38.8,hill,1,country_wd
Q31396278,Bugusa,,1,0,38.8,hill,1,country_wd
Q31396279,Nakat,,1,0,38.8,hill,1,country_wd
Q31396280,Busiba,,1,0,38.8,hill,1,country_wd
Q31396282,Bugwangoma,,1,0,38.8,hill,1,country_wd
Q31396283,Nabitendi,,1,0,38.8,hill,1,country_wd
Q31396284,Kamalinga Hills,,1,0,38.8,hill,1,country_wd
Q31396285,Alexandra,,1,0,38.8,summit,1,country_wd
Q31396286,Victorio Emanuele,,1,0,38.8,summit,1,country_wd
Q31396287,Bottego,,1,0,38.8,summit,1,country_wd
Q31396288,Kihuma,,1,0,38.8,summit,1,country_wd
Q31396289,Kinyangoma,,1,0,38.8,summit,1,country_wd
Q31396291,Moore,,1,0,38.8,summit,1,country_wd
Q31396293,Wollaston,,1,0,38.8,summit,1,country_wd
Q31396294,Edward,,1,0,38.8,summit,1,country_wd
Q31396295,Weismann,,1,0,38.8,summit,1,country_wd
Q31396296,Sella,,1,0,38.8,summit,1,country_wd
Q31396297,Okuhandika,,1,0,38.8,summit,1,country_wd
Q31396298,Okubara,,1,0,38.8,summit,1,country_wd
Q31396299,Cagni,,1,0,38.8,summit,1,country_wd
Q31396300,Kaitanjojo,,1,0,38.8,hill,1,country_wd
Q31396301,Naitondo,,1,0,38.8,hill,1,country_wd
Q31396302,Wanyana,,1,0,38.8,hill,1,country_wd
Q31396303,Kamugonya,,1,0,38.8,hill,1,country_wd
Q31396304,Kanyatiro,,1,0,38.8,hill,1,country_wd
Q31396306,Lumenya,,1,0,38.8,hill,1,country_wd
Q31396307,Bugirwa,,1,0,38.8,hill,1,country_wd
Q31396308,Kasato,,1,0,38.8,hill,1,country_wd
Q31396309,Nyabinyomo,,1,0,38.8,hill,1,country_wd
Q31396311,Kisarabuire,,1,0,38.8,hill,1,country_wd
Q31396312,Kasenene,,1,0,38.8,hill,1,country_wd
Q31396313,Kapeka,,1,0,38.8,hill,1,country_wd
Q31396314,Mirembe,,1,0,38.8,hill,1,country_wd
Q31396315,Karungo,,1,0,38.8,hill,1,country_wd
Q31396316,Rukukukura,,1,0,38.8,hill,1,country_wd
Q31396317,Muro,,1,0,38.8,hill,1,country_wd
Q31396318,Kyanyamutamba,,1,0,38.8,hill,1,country_wd
Q31396319,Maiha,,1,0,38.8,hill,1,country_wd
Q31396320,Sogyo,,1,0,38.8,hill,1,country_wd
Q31396321,Bugarama,,1,0,38.8,hill,1,country_wd
Q31396322,Nyambindo,,1,0,38.8,hill,1,country_wd
Q31396324,Ruijere,,1,0,38.8,hill,1,country_wd
Q31396325,Kalyayobyo,,1,0,38.8,hill,1,country_wd
Q31396326,Rwemiyaga,,1,0,38.8,hill,1,country_wd
Q31396327,Kasekuro,,1,0,38.8,hill,1,country_wd
Q31396328,Nyakatakuli,,1,0,38.8,hill,1,country_wd
Q31396329,Kaburaisoke,,1,0,38.8,hill,1,country_wd
Q31396331,Kinyamurara,,1,0,38.8,hill,1,country_wd
Q31396332,Kabo,,1,0,38.8,hill,1,country_wd
Q31396333,Nyakarunya,,1,0,38.8,hill,1,country_wd
Q31396334,Nyabetereka,,1,0,38.8,hill,1,country_wd
Q31396335,Kyembwe,,1,0,38.8,hill,1,country_wd
Q31396337,Kyarubanga,,1,0,38.8,hill,1,country_wd
Q31396338,Kyembogo,,1,0,38.8,hill,1,country_wd
Q31396339,Rugusha,,1,0,38.8,hill,1,country_wd
Q31396340,Inenwa,,1,0,38.8,hill,1,country_wd
Q31396341,Kaleramaire,,1,0,38.8,hill,1,country_wd
Q31396342,Kicope,,1,0,38.8,hill,1,country_wd
Q31396344,Kasongoire,,1,0,38.8,hill,1,country_wd
Q31396346,Karangwe,,1,0,38.8,hill,1,country_wd
Q31396347,Kibanja,,1,0,38.8,hill,1,country_wd
Q31396348,Audri,,1,0,38.8,hill,1,country_wd
Q31396350,Kikamwa,,1,0,38.8,hill,1,country_wd
Q31396351,Odima,,1,0,38.8,hill,1,country_wd
Q31396352,Walyasi,,1,0,38.8,hill,1,country_wd
Q31396353,Kichumbanyobo,,1,0,38.8,hill,1,country_wd
Q31396354,Ngava,,1,0,38.8,hill,1,country_wd
Q31396355,Undier,,1,0,38.8,hill,1,country_wd
Q31396357,Waisere,,1,0,38.8,hill,1,country_wd
Q31396359,Fabidi,,1,0,38.8,hill,1,country_wd
Q31396360,Oi Alego,,1,0,38.8,hill,1,country_wd
Q31396361,Nyamandeija,,1,0,38.8,hill,1,country_wd
Q31396362,Kawango,,1,0,38.8,hill,1,country_wd
Q31396363,Kayanja,,1,0,38.8,hill,1,country_wd
Q31396364,Musuja,,1,0,38.8,hill,1,country_wd
Q31396365,Nkondo,,1,0,38.8,hill,1,country_wd
Q31396366,Kamomole,,1,0,38.8,hill,1,country_wd
Q31396367,Rwemigo,,1,0,38.8,mountain ridge,1,country_wd
Q31396368,Rwensoga,,1,0,38.8,hill,1,country_wd
Q31396369,Isogya,,1,0,38.8,hill,1,country_wd
Q31396370,Kiraira,,1,0,38.8,hill,1,country_wd
Q31396371,Nyamantura,,1,0,38.8,hill,1,country_wd
Q31396372,Kasungwa,,1,0,38.8,hill,1,country_wd
Q31396373,Kawaikere,,1,0,38.8,hill,1,country_wd
Q31396374,Kirwe,,1,0,38.8,hill,1,country_wd
Q31396375,Nyabiryo,,1,0,38.8,hill,1,country_wd
Q31396376,Nyabampasana,,1,0,38.8,hill,1,country_wd
Q31396377,Bulemwa,,1,0,38.8,hill,1,country_wd
Q31396378,Kiryamukokoto,,1,0,38.8,hill,1,country_wd
Q31396379,Kibuurwa,,1,0,38.8,hill,1,country_wd
Q31396380,Kaboijana,,1,0,38.8,hill,1,country_wd
Q31396381,Kabarungi,,1,0,38.8,hill,1,country_wd
Q31396382,Itambiro,,1,0,38.8,hill,1,country_wd
Q31396383,Nyakabale,,1,0,38.8,hill,1,country_wd
Q31396384,Rukumba,,1,0,38.8,hill,1,country_wd
Q31396385,Mwoba,,1,0,38.8,hill,1,country_wd
Q31396386,Nyabubale,,1,0,38.8,hill,1,country_wd
Q31396387,Kyamurago,,1,0,38.8,hill,1,country_wd
Q31396388,Kampambuki,,1,0,38.8,hill,1,country_wd
Q31396389,Kababwa,,1,0,38.8,hill,1,country_wd
Q31396391,Kabalekangasa,,1,0,38.8,hill,1,country_wd
Q31396392,Kibwiye,,1,0,38.8,hill,1,country_wd
Q31396393,Kyanswaswa,,1,0,38.8,hill,1,country_wd
Q31396394,Rwangabi,,1,0,38.8,hill,1,country_wd
Q31396396,Busingiro South,,1,0,38.8,hill,1,country_wd
Q31396398,Nyakyeyuwa,,1,0,38.8,hill,1,country_wd
Q31396399,Miteseka,,1,0,38.8,hill,1,country_wd
Q31396400,Agu,,1,0,38.8,hill,1,country_wd
Q31396401,Little Kasenene,,1,0,38.8,hill,1,country_wd
Q31396402,Nyairamya,,1,0,38.8,hill,1,country_wd
Q31396403,Nyaumvua,,1,0,38.8,hill,1,country_wd
Q31396404,Okuva,,1,0,38.8,hill,1,country_wd
Q31396405,Ozedzo,,1,0,38.8,hill,1,country_wd
Q31396406,Ovisoni,,1,0,38.8,hill,1,country_wd
Q31396407,Cholova,,1,0,38.8,hill,1,country_wd
Q31396408,Anyanva,,1,0,38.8,hill,1,country_wd
Q31396409,Kaniyo,,1,0,38.8,hill,1,country_wd
Q31396410,Legu,,1,0,38.8,hill,1,country_wd
Q31396411,Ori,,1,0,38.8,hill,1,country_wd
Q31396412,Baratuku,,1,0,38.8,hill,1,country_wd
Q31396413,Ikwere,,1,0,38.8,hill,1,country_wd
Q31396414,Ozi,,1,0,38.8,hill,1,country_wd
Q31396415,Dizi,,1,0,38.8,hill,1,country_wd
Q31396416,Orunzia,,1,0,38.8,hill,1,country_wd
Q31396417,Panter,,1,0,38.8,hill,1,country_wd
Q31396418,Lengere,,1,0,38.8,hill,1,country_wd
Q31396419,Waringo,,1,0,38.8,hill,1,country_wd
Q31396420,Myora,,1,0,38.8,hill,1,country_wd
Q31396421,Lacino,,1,0,38.8,hill,1,country_wd
Q31396422,Mbeija,,1,0,38.8,hill,1,country_wd
Q31396423,Sobiryo,,1,0,38.8,hill,1,country_wd
Q31396424,Iranda,,1,0,38.8,hill,1,country_wd
Q31396425,Kampala,,1,0,38.8,hill,1,country_wd
Q31396427,Kiderama,,1,0,38.8,hill,1,country_wd
Q31396428,Edum,,1,0,38.8,hill,1,country_wd
Q31396430,Teolum,,1,0,38.8,hill,1,country_wd
Q31396431,Ogoni,,1,0,38.8,hill,1,country_wd
Q31396432,Otyamakol,,1,0,38.8,hill,1,country_wd
Q31396433,Maruzi I,,1,0,38.8,hill,1,country_wd
Q31396434,Opok,,1,0,38.8,hill,1,country_wd
Q31396435,Guruguru,,1,0,38.8,hill,1,country_wd
Q31396436,Paromo,,1,0,38.8,hill,1,country_wd
Q31396437,Onina,,1,0,38.8,hill,1,country_wd
Q31396438,Aparanga,,1,0,38.8,hill,1,country_wd
Q31396439,Odora,,1,0,38.8,hill,1,country_wd
Q31396441,Lepgnec,,1,0,38.8,hill,1,country_wd
Q31396443,Ladwong,,1,0,38.8,hill,1,country_wd
Q31396444,Lolim,,1,0,38.8,hill,1,country_wd
Q31396445,Opokopung,,1,0,38.8,hill,1,country_wd
Q31396446,Lolim,,1,0,38.8,hill,1,country_wd
Q31396448,Lepgnec II,,1,0,38.8,hill,1,country_wd
Q31396450,Pandera,,1,0,38.8,hill,1,country_wd
Q31396452,Bungu,,1,0,38.8,hill,1,country_wd
Q31396453,Koc,,1,0,38.8,hill,1,country_wd
Q31396454,Kasongoire,,1,0,38.8,hill,1,country_wd
Q31396455,Nyamagita,,1,0,38.8,hill,1,country_wd
Q31396457,Kimina,,1,0,38.8,hill,1,country_wd
Q31396459,Kitwanga,,1,0,38.8,hill,1,country_wd
Q31396460,Kakindo,,1,0,38.8,hill,1,country_wd
Q31396461,Paraa,,1,0,38.8,hill,1,country_wd
Q31396462,Atera,,1,0,38.8,hill,1,country_wd
Q31396463,Nyalighaya,,1,0,38.8,hill,1,country_wd
Q31396464,Liri,,1,0,38.8,hill,1,country_wd
Q31396465,Orom,,1,0,38.8,hill,1,country_wd
Q31396466,Gul,,1,0,38.8,hill,1,country_wd
Q31396467,Laguti,,1,0,38.8,hill,1,country_wd
Q31396468,Ladyer,,1,0,38.8,hill,1,country_wd
Q31396469,Amoko,,1,0,38.8,hill,1,country_wd
Q31396470,Loto,,1,0,38.8,hill,1,country_wd
Q31396471,Ibong,,1,0,38.8,hill,1,country_wd
Q31396472,Labwordwong,,1,0,38.8,hill,1,country_wd
Q31396473,Kopaki,,1,0,38.8,hill,1,country_wd
Q31396475,Kokwam,,1,0,38.8,hill,1,country_wd
Q31396479,Kijuth,,1,0,38.8,hill,1,country_wd
Q31396480,Nangolemuria,,1,0,38.8,hill,1,country_wd
Q31396483,Ngothapili,,1,0,38.8,hill,1,country_wd
Q31396485,Obyen,,1,0,38.8,hill,1,country_wd
Q31396487,Gwiri,,1,0,38.8,hill,1,country_wd
Q31396488,Nyama,,1,0,38.8,hill,1,country_wd
Q31396489,Lagotemelong,,1,0,38.8,hill,1,country_wd
Q31396490,Luluko,,1,0,38.8,hill,1,country_wd
Q31396491,Tultul,,1,0,38.8,hill,1,country_wd
Q31396492,Lodapal,,1,0,38.8,hill,1,country_wd
Q31396493,Lonyil,,1,0,38.8,hill,1,country_wd
Q31396494,Lokitete,,1,0,38.8,hill,1,country_wd
Q31396495,Lomithinik,,1,0,38.8,hill,1,country_wd
Q31396496,Lungiriyani,,1,0,38.8,hill,1,country_wd
Q31396498,Longiya,,1,0,38.8,hill,1,country_wd
Q31396499,Morunyang,,1,0,38.8,hill,1,country_wd
Q31396500,Obwore,,1,0,38.8,hill,1,country_wd
Q31396502,Mototi,,1,0,38.8,hill,1,country_wd
Q31396503,Nabonya,,1,0,38.8,hill,1,country_wd
Q31396504,Napakaagaran,,1,0,38.8,hill,1,country_wd
Q31396505,Kamuria,,1,0,38.8,hill,1,country_wd
Q31396506,Napori Hills,,1,0,38.8,hill,1,country_wd
Q31396507,Natukey,,1,0,38.8,hill,1,country_wd
Q31396508,Namamogweny,,1,0,38.8,hill,1,country_wd
Q31396509,Kalabi,,1,0,38.8,hill,1,country_wd
Q31396510,Kareki,,1,0,38.8,hill,1,country_wd
Q31396511,Kakine,,1,0,38.8,hill,1,country_wd
Q31396512,Lalakwang,,1,0,38.8,hill,1,country_wd
Q31396513,Katurum,,1,0,38.8,hill,1,country_wd
Q31396514,Adili,,1,0,38.8,hill,1,country_wd
Q31396515,Palubec,,1,0,38.8,hill,1,country_wd
Q31396516,Naturkankalemkwes,,1,0,38.8,hill,1,country_wd
Q31396518,Moruethe,,1,0,38.8,hill,1,country_wd
Q31396519,Loburiolowak,,1,0,38.8,hill,1,country_wd
Q31396520,Naruchom,,1,0,38.8,hill,1,country_wd
Q31396521,Agoro,,1,0,38.8,hill,1,country_wd
Q31396523,Nawiyaro,,1,0,38.8,hill,1,country_wd
Q31396524,Kopem,,1,0,38.8,hill,1,country_wd
Q31396525,Taan Hills,,1,0,38.8,hill,1,country_wd
Q31396526,Natheperoi,,1,0,38.8,hill,1,country_wd
Q31396527,Mengo Hill,,1,0,38.8,hill,1,country_wd
Q31396528,Kalingorok,,1,0,38.8,hill,1,country_wd
Q31396531,Loritit,,1,0,38.8,hill,1,country_wd
Q31396532,Kotukol,,1,0,38.8,hill,1,country_wd
Q31396533,Kapalimakale,,1,0,38.8,hill,1,country_wd
Q31396534,Moru-Alim,,1,0,38.8,hill,1,country_wd
Q31396535,Lokerlaut,,1,0,38.8,hill,1,country_wd
Q31396536,Kapedorr,,1,0,38.8,hill,1,country_wd
Q31396538,Kakorlo,,1,0,38.8,hill,1,country_wd
Q31396539,Kamodio,,1,0,38.8,hill,1,country_wd
Q31396540,Lokithilel,,1,0,38.8,hill,1,country_wd
Q31396541,Namunyet,,1,0,38.8,hill,1,country_wd
Q31396542,Lokolomis,,1,0,38.8,hill,1,country_wd
Q31396543,Moru-Torong,,1,0,38.8,hill,1,country_wd
Q31396545,Lotakelo,,1,0,38.8,hill,1,country_wd
Q31396547,Komakatai,,1,0,38.8,hill,1,country_wd
Q31396548,Morueris,,1,0,38.8,hill,1,country_wd
Q31396549,Lotogoi,,1,0,38.8,hill,1,country_wd
Q31396550,Kapwata,,1,0,38.8,hill,1,country_wd
Q31396551,Koruaka,,1,0,38.8,hill,1,country_wd
Q31396552,Oriongeita,,1,0,38.8,hill,1,country_wd
Q31396553,Agiritoi,,1,0,38.8,hill,1,country_wd
Q31396554,Kasimeri,,1,0,38.8,hill,1,country_wd
Q31396555,Irrion,,1,0,38.8,hill,1,country_wd
Q31396556,Sogolomon,,1,0,38.8,hill,1,country_wd
Q31396559,Komekwiya,,1,0,38.8,hill,1,country_wd
Q31396560,Reretiang,,1,0,38.8,hill,1,country_wd
Q31396561,Kaijamital,,1,0,38.8,hill,1,country_wd
Q31396562,Mitulwanyi,,1,0,38.8,hill,1,country_wd
Q31396563,Komokatal,,1,0,38.8,hill,1,country_wd
Q31396564,Narokuma,,1,0,38.8,hill,1,country_wd
Q31396565,Asilang,,1,0,38.8,hill,1,country_wd
Q31396566,Lopimkoyo,,1,0,38.8,hill,1,country_wd
Q31396567,Nawokonya,,1,0,38.8,hill,1,country_wd
Q31396569,Nakimalas,,1,0,38.8,hill,1,country_wd
Q31396570,Lomuriaperit,,1,0,38.8,hill,1,country_wd
Q31396571,Motire,,1,0,38.8,hill,1,country_wd
Q31396572,Kemakata,,1,0,38.8,hill,1,country_wd
Q31396573,Apatasiro,,1,0,38.8,hill,1,country_wd
Q31396574,Kakogh,,1,0,38.8,hill,1,country_wd
Q31396575,Kaleuro,,1,0,38.8,hill,1,country_wd
Q31396576,Kacalakin,,1,0,38.8,hill,1,country_wd
Q31396578,Kapeyelel,,1,0,38.8,hill,1,country_wd
Q31396579,Kalorakal,,1,0,38.8,hill,1,country_wd
Q31396580,Akuco,,1,0,38.8,hill,1,country_wd
Q31396581,Okat,,1,0,38.8,hill,1,country_wd
Q31396582,Lopokoro,,1,0,38.8,hill,1,country_wd
Q31396583,Murut,,1,0,38.8,hill,1,country_wd
Q31396584,Bunalwenyi,,1,0,38.8,hill,1,country_wd
Q31396585,Naigoma,,1,0,38.8,hill,1,country_wd
Q31396587,Luwalambago,,1,0,38.8,hill,1,country_wd
Q31396588,Iyingo,,1,0,38.8,hill,1,country_wd
Q31396589,Kinawambuzi,,1,0,38.8,hill,1,country_wd
Q31396590,Lwandera,,1,0,38.8,hill,1,country_wd
Q31396591,Kirinya,,1,0,38.8,hill,1,country_wd
Q31396593,Kinamaswa,,1,0,38.8,hill,1,country_wd
Q31396594,Nakalyango,,1,0,38.8,hill,1,country_wd
Q31396595,Namayebe,,1,0,38.8,hill,1,country_wd
Q31396596,Nabukunjwi,,1,0,38.8,hill,1,country_wd
Q31396598,Vumangabo,,1,0,38.8,hill,1,country_wd
Q31396601,Mizizingo,,1,0,38.8,hill,1,country_wd
Q31396602,Dagusi,,1,0,38.8,hill,1,country_wd
Q31396604,Bugali,,1,0,38.8,hill,1,country_wd
Q31396605,Mabuka,,1,0,38.8,hill,1,country_wd
Q31396606,Bukereye,,1,0,38.8,hill,1,country_wd
Q31396607,Busisama,,1,0,38.8,hill,1,country_wd
Q31396608,Bukone,,1,0,38.8,hill,1,country_wd
Q31396609,Buduma,,1,0,38.8,hill,1,country_wd
Q31396610,Ivumangabo,,1,0,38.8,hill,1,country_wd
Q31396612,Bulolombe,,1,0,38.8,hill,1,country_wd
Q31396613,Kasoga,,1,0,38.8,hill,1,country_wd
Q31396614,Mukuna,,1,0,38.8,hill,1,country_wd
Q31396615,Nankakwa,,1,0,38.8,hill,1,country_wd
Q31396616,Kanwanoyoni,,1,0,38.8,hill,1,country_wd
Q31396617,Nakanyago,,1,0,38.8,hill,1,country_wd
Q31396618,Muiri,,1,0,38.8,hill,1,country_wd
Q31396620,Kanywango,,1,0,38.8,hill,1,country_wd
Q31396621,Wanbera,,1,0,38.8,hill,1,country_wd
Q31396622,Mpulwe,,1,0,38.8,hill,1,country_wd
Q31396623,Lwayenge,,1,0,38.8,hill,1,country_wd
Q31396624,Namunyoro,,1,0,38.8,hill,1,country_wd
Q31396625,Italeyatome,,1,0,38.8,hill,1,country_wd
Q31396628,Luvunyo,,1,0,38.8,hill,1,country_wd
Q31396629,Lwolwe,,1,0,38.8,hill,1,country_wd
Q31396630,Bukalabati,,1,0,38.8,hill,1,country_wd
Q31396632,Namakeba,,1,0,38.8,hill,1,country_wd
Q31396633,Olamusa,,1,0,38.8,hill,1,country_wd
Q31396634,Busizi,,1,0,38.8,hill,1,country_wd
Q31396635,Kifudwe,,1,0,38.8,hill,1,country_wd
Q31396636,Tojja,,1,0,38.8,hill,1,country_wd
Q31396637,Bwanika,,1,0,38.8,hill,1,country_wd
Q31396639,Mpuga S,,1,0,38.8,hill,1,country_wd
Q31396640,Nampala,,1,0,38.8,hill,1,country_wd
Q31396641,Sindiro,,1,0,38.8,hill,1,country_wd
Q31396642,Nalubale,,1,0,38.8,hill,1,country_wd
Q31396643,Musozi,,1,0,38.8,hill,1,country_wd
Q31396645,Nakituba,,1,0,38.8,hill,1,country_wd
Q31396646,Katwala,,1,0,38.8,hill,1,country_wd
Q31396647,Nyonja,,1,0,38.8,hill,1,country_wd
Q31396648,Marija,,1,0,38.8,hill,1,country_wd
Q31396649,Waitwe,,1,0,38.8,hill,1,country_wd
Q31396650,Nambogwe,,1,0,38.8,hill,1,country_wd
Q31396651,Lingira,,1,0,38.8,hill,1,country_wd
Q31396652,Musoto,,1,0,38.8,hill,1,country_wd
Q31396653,Lwamuyaba,,1,0,38.8,hill,1,country_wd
Q31396655,Busimamengo,,1,0,38.8,hill,1,country_wd
Q31396656,Bubere,,1,0,38.8,hill,1,country_wd
Q31396657,Nawaitale,,1,0,38.8,hill,1,country_wd
Q31396658,Namuenbe,,1,0,38.8,hill,1,country_wd
Q31396659,Namwezi,,1,0,38.8,hill,1,country_wd
Q31396660,Lugalambo,,1,0,38.8,hill,1,country_wd
Q31396661,Namanyoni,,1,0,38.8,hill,1,country_wd
Q31396662,Bulumagi,,1,0,38.8,hill,1,country_wd
Q31396663,Nakibizzi,,1,0,38.8,hill,1,country_wd
Q31396664,Walukuba,,1,0,38.8,hill,1,country_wd
Q31396665,Kjrinya,,1,0,38.8,hill,1,country_wd
Q31396666,Namaziba,,1,0,38.8,hill,1,country_wd
Q31396667,Kitigoma,,1,0,38.8,hill,1,country_wd
Q31396668,Najembe,,1,0,38.8,hill,1,country_wd
Q31396670,Mawangala,,1,0,38.8,hill,1,country_wd
Q31396671,Nangulwe,,1,0,38.8,hill,1,country_wd
Q31396672,Butabira,,1,0,38.8,hill,1,country_wd
Q31396673,Kiwanyi,,1,0,38.8,hill,1,country_wd
Q31396674,Mpulusi,,1,0,38.8,hill,1,country_wd
Q31396675,Kasubi,,1,0,38.8,hill,1,country_wd
Q31396676,Namukono,,1,0,38.8,hill,1,country_wd
Q31396677,Wantayi,,1,0,38.8,hill,1,country_wd
Q31396678,Ggoli,,1,0,38.8,hill,1,country_wd
Q31396679,Walugali,,1,0,38.8,hill,1,country_wd
Q31396681,Lwaserima,,1,0,38.8,hill,1,country_wd
Q31396682,Busagazi,,1,0,38.8,hill,1,country_wd
Q31396683,Lwanzuuma,,1,0,38.8,hill,1,country_wd
Q31396684,Busimbo,,1,0,38.8,hill,1,country_wd
Q31396685,Kyanja,,1,0,38.8,hill,1,country_wd
Q31396686,Kabulengwa,,1,0,38.8,hill,1,country_wd
Q31396687,Nansana,,1,0,38.8,hill,1,country_wd
Q31396689,Kulambiro,,1,0,38.8,hill,1,country_wd
Q31396690,Ntebetebe,,1,0,38.8,hill,1,country_wd
Q31396691,Kyeyitabya,,1,0,38.8,hill,1,country_wd
Q31396692,Lubya,,1,0,38.8,hill,1,country_wd
Q31396693,Nakabugo,,1,0,38.8,hill,1,country_wd
Q31396694,Kaboja,,1,0,38.8,hill,1,country_wd
Q31396695,Bandwe,,1,0,38.8,hill,1,country_wd
Q31396696,Kiwala,,1,0,38.8,hill,1,country_wd
Q31396697,Kirenzi,,1,0,38.8,hill,1,country_wd
Q31396699,Wagala,,1,0,38.8,hill,1,country_wd
Q31396700,Nakaseta,,1,0,38.8,hill,1,country_wd
Q31396701,Bulgya,,1,0,38.8,hill,1,country_wd
Q31396702,Namalima,,1,0,38.8,hill,1,country_wd
Q31396703,Kavule,,1,0,38.8,hill,1,country_wd
Q31396705,Naminya,,1,0,38.8,hill,1,country_wd
Q31396707,Namawi,,1,0,38.8,hill,1,country_wd
Q31396708,Nansenya,,1,0,38.8,hill,1,country_wd
Q31396709,Namaliga,,1,0,38.8,hill,1,country_wd
Q31396710,Nabalanga,,1,0,38.8,hill,1,country_wd
Q31396711,Kikoma,,1,0,38.8,hill,1,country_wd
Q31396712,Mulajje,,1,0,38.8,hill,1,country_wd
Q31396713,Nakalwe,,1,0,38.8,hill,1,country_wd
Q31396715,Nantula,,1,0,38.8,hill,1,country_wd
Q31396716,Wasozi,,1,0,38.8,hill,1,country_wd
Q31396718,Masajja,,1,0,38.8,hill,1,country_wd
Q31396719,Semanune,,1,0,38.8,hill,1,country_wd
Q31396721,Kanabba,,1,0,38.8,hill,1,country_wd
Q31396723,Kiterede,,1,0,38.8,hill,1,country_wd
Q31396724,Kisinsi,,1,0,38.8,hill,1,country_wd
Q31396725,Bbanga,,1,0,38.8,hill,1,country_wd
Q31396726,Kyantama,,1,0,38.8,hill,1,country_wd
Q31396727,Namuyimba,,1,0,38.8,hill,1,country_wd
Q31396729,Bwebajja,,1,0,38.8,hill,1,country_wd
Q31396732,Namwez,,1,0,38.8,hill,1,country_wd
Q31396733,Namuliya,,1,0,38.8,hill,1,country_wd
Q31396734,Nagunga,,1,0,38.8,hill,1,country_wd
Q31396736,Mawokwe,,1,0,38.8,hill,1,country_wd
Q31396737,Mayirikiti,,1,0,38.8,hill,1,country_wd
Q31396740,Nyemerwa,,1,0,38.8,hill,1,country_wd
Q31396741,Nakanja,,1,0,38.8,hill,1,country_wd
Q31396743,Nalusonga,,1,0,38.8,hill,1,country_wd
Q31396744,Magunda,,1,0,38.8,hill,1,country_wd
Q31396746,Luyobyo,,1,0,38.8,hill,1,country_wd
Q31396747,Naluwamba,,1,0,38.8,hill,1,country_wd
Q31396749,Kisigula,,1,0,38.8,hill,1,country_wd
Q31396751,Namugolola,,1,0,38.8,hill,1,country_wd
Q31396752,Buyanya,,1,0,38.8,hill,1,country_wd
Q31396753,Kyazi,,1,0,38.8,hill,1,country_wd
Q31396754,Kitamiro,,1,0,38.8,hill,1,country_wd
Q31396755,Namaiba,,1,0,38.8,hill,1,country_wd
Q31396756,Nyambiga,,1,0,38.8,hill,1,country_wd
Q31396757,Kyakafuhi,,1,0,38.8,hill,1,country_wd
Q31396758,Kyakituni,,1,0,38.8,hill,1,country_wd
Q31396760,Kyaruhinda,,1,0,38.8,hill,1,country_wd
Q31396762,Kasita,,1,0,38.8,hill,1,country_wd
Q31396764,Nyamajuna,,1,0,38.8,hill,1,country_wd
Q31396765,Nyakonera,,1,0,38.8,hill,1,country_wd
Q31396766,Sindikwa,,1,0,38.8,hill,1,country_wd
Q31396767,Luesenene,,1,0,38.8,hill,1,country_wd
Q31396768,Kabahonga,,1,0,38.8,hill,1,country_wd
Q31396770,Karuboijo,,1,0,38.8,hill,1,country_wd
Q31396771,Muhangi,,1,0,38.8,hill,1,country_wd
Q31396772,Kasekere,,1,0,38.8,hill,1,country_wd
Q31396773,Kagura,,1,0,38.8,hill,1,country_wd
Q31396775,Bwenderwa,,1,0,38.8,hill,1,country_wd
Q31396776,Busaiga,,1,0,38.8,hill,1,country_wd
Q31396777,Butolya,,1,0,38.8,hill,1,country_wd
Q31396778,Kichyo,,1,0,38.8,hill,1,country_wd
Q31396780,Karuga,,1,0,38.8,hill,1,country_wd
Q31396781,Katinga,,1,0,38.8,hill,1,country_wd
Q31396782,Chichwa,,1,0,38.8,hill,1,country_wd
Q31396783,Karewaro,,1,0,38.8,hill,1,country_wd
Q31396785,Kasuli,,1,0,38.8,hill,1,country_wd
Q31396786,Burongo,,1,0,38.8,hill,1,country_wd
Q31396787,Kigere,,1,0,38.8,hill,1,country_wd
Q31396788,Kyeganywa,,1,0,38.8,hill,1,country_wd
Q31396789,Kalyango,,1,0,38.8,hill,1,country_wd
Q31396790,Mahyorro,,1,0,38.8,hill,1,country_wd
Q31396791,Kyabogo,,1,0,38.8,hill,1,country_wd
Q31396793,Hamugoma,,1,0,38.8,hill,1,country_wd
Q31396794,Kizimba,,1,0,38.8,hill,1,country_wd
Q31396795,Mperre,,1,0,38.8,hill,1,country_wd
Q31396796,Biseke,,1,0,38.8,mountain ridge,1,country_wd
Q31396797,Butini,,1,0,38.8,hill,1,country_wd
Q31396798,Kimiri,,1,0,38.8,hill,1,country_wd
Q31396799,Kitabona,,1,0,38.8,hill,1,country_wd
Q31396800,Bujabara,,1,0,38.8,hill,1,country_wd
Q31396801,Kibora,,1,0,38.8,hill,1,country_wd
Q31396802,Kanyambanika,,1,0,38.8,hill,1,country_wd
Q31396803,Nyakitandire,,1,0,38.8,hill,1,country_wd
Q31396804,Mundama,,1,0,38.8,hill,1,country_wd
Q31396805,Kanukanimi,,1,0,38.8,hill,1,country_wd
Q31396806,Inini,,1,0,38.8,hill,1,country_wd
Q31396807,Bukoni,,1,0,38.8,hill,1,country_wd
Q31396808,Kijenga,,1,0,38.8,hill,1,country_wd
Q31396809,Mwocha,,1,0,38.8,hill,1,country_wd
Q31396810,Bwabya,,1,0,38.8,hill,1,country_wd
Q31396811,Nyamihera,,1,0,38.8,hill,1,country_wd
Q31396812,Kirota,,1,0,38.8,hill,1,country_wd
Q31396813,Ntezi,,1,0,38.8,hill,1,country_wd
Q31396814,Kinyansi,,1,0,38.8,hill,1,country_wd
Q31396817,Buhumba,,1,0,38.8,hill,1,country_wd
Q31396818,Jumnayanza,,1,0,38.8,hill,1,country_wd
Q31396819,Kyabalobya,,1,0,38.8,hill,1,country_wd
Q31396821,Tibumara,,1,0,38.8,hill,1,country_wd
Q31396822,Kyakachali,,1,0,38.8,hill,1,country_wd
Q31396823,Kabulisoke,,1,0,38.8,hill,1,country_wd
Q31396824,Mjavo,,1,0,38.8,hill,1,country_wd
Q31396825,Kyakanyange,,1,0,38.8,hill,1,country_wd
Q31396827,Kichuna,,1,0,38.8,hill,1,country_wd
Q31396828,Kansenene,,1,0,38.8,hill,1,country_wd
Q31396829,Kyakabaka,,1,0,38.8,hill,1,country_wd
Q31396830,Buzinda,,1,0,38.8,hill,1,country_wd
Q31396831,Muhoti,,1,0,38.8,hill,1,country_wd
Q31396832,Makulima,,1,0,38.8,hill,1,country_wd
Q31396833,Dwakasama,,1,0,38.8,hill,1,country_wd
Q31396834,Nyabuhuka,,1,0,38.8,hill,1,country_wd
Q31396835,Kyakiroro,,1,0,38.8,hill,1,country_wd
Q31396836,Kisamutongole,,1,0,38.8,hill,1,country_wd
Q31396837,Mahangwe,,1,0,38.8,hill,1,country_wd
Q31396838,Dyabugabo,,1,0,38.8,hill,1,country_wd
Q31396839,Nyakasi,,1,0,38.8,hill,1,country_wd
Q31396840,Kasozi,,1,0,38.8,hill,1,country_wd
Q31396841,Nyanono,,1,0,38.8,hill,1,country_wd
Q31396842,Kajuma,,1,0,38.8,hill,1,country_wd
Q31396843,Lwensenene,,1,0,38.8,hill,1,country_wd
Q31396844,Rukomero,,1,0,38.8,hill,1,country_wd
Q31396846,Lwakayubo,,1,0,38.8,hill,1,country_wd
Q31396847,Chakatimba,,1,0,38.8,hill,1,country_wd
Q31396848,Gilberta,,1,0,38.8,hill,1,country_wd
Q31396849,Kyamizima,,1,0,38.8,hill,1,country_wd
Q31396850,Kyakazini,,1,0,38.8,hill,1,country_wd
Q31396851,Kanyamukerere,,1,0,38.8,hill,1,country_wd
Q31396852,Mwihani,,1,0,38.8,hill,1,country_wd
Q31396853,Bwikaraga,,1,0,38.8,hill,1,country_wd
Q31396854,Kisomora,,1,0,38.8,hill,1,country_wd
Q31396855,Mugura,,1,0,38.8,hill,1,country_wd
Q31396856,Isule,,1,0,38.8,hill,1,country_wd
Q31396857,Irinda,,1,0,38.8,hill,1,country_wd
Q31396858,Kimahonda,,1,0,38.8,hill,1,country_wd
Q31396859,Malanjara,,1,0,38.8,hill,1,country_wd
Q31396860,Katebe,,1,0,38.8,hill,1,country_wd
Q31396861,Kamigani,,1,0,38.8,hill,1,country_wd
Q31396862,Nyamirima,,1,0,38.8,hill,1,country_wd
Q31396863,Durama,,1,0,38.8,hill,1,country_wd
Q31396864,Kasojo,,1,0,38.8,hill,1,country_wd
Q31396865,Kyamudibya,,1,0,38.8,hill,1,country_wd
Q31396867,Butanzi,,1,0,38.8,hill,1,country_wd
Q31396868,Nyamisika,,1,0,38.8,hill,1,country_wd
Q31396869,Nyakatojo,,1,0,38.8,hill,1,country_wd
Q31396871,Kaisenika,,1,0,38.8,hill,1,country_wd
Q31396873,Nsenze,,1,0,38.8,hill,1,country_wd
Q31396874,Kyakato,,1,0,38.8,hill,1,country_wd
Q31396875,Kyaninamirima,,1,0,38.8,hill,1,country_wd
Q31396876,Kibozo,,1,0,38.8,hill,1,country_wd
Q31396878,Nsazi,,1,0,38.8,hill,1,country_wd
Q31396879,Rwamugamba,,1,0,38.8,hill,1,country_wd
Q31396880,Kakabagyo,,1,0,38.8,hill,1,country_wd
Q31396881,Rwetera,,1,0,38.8,hill,1,country_wd
Q31396882,Nasiringe,,1,0,38.8,hill,1,country_wd
Q31396884,Budunyi,,1,0,38.8,hill,1,country_wd
Q31396885,Nyamalago,,1,0,38.8,hill,1,country_wd
Q31396886,Buyindi,,1,0,38.8,hill,1,country_wd
Q31396887,Funja,,1,0,38.8,hill,1,country_wd
Q31396888,Naininala,,1,0,38.8,hill,1,country_wd
Q31396889,Udiko,,1,0,38.8,hill,1,country_wd
Q31396890,Morkisuwa,,1,0,38.8,hill,1,country_wd
Q31396891,Kotucho,,1,0,38.8,hill,1,country_wd
Q31396892,Bubili,,1,0,38.8,hill,1,country_wd
Q31396894,Burwikha,,1,0,38.8,hill,1,country_wd
Q31396895,Gomora,,1,0,38.8,hill,1,country_wd
Q31396896,Bunkhone,,1,0,38.8,hill,1,country_wd
Q31396897,Sibina,,1,0,38.8,hill,1,country_wd
Q31396898,Lidira,,1,0,38.8,hill,1,country_wd
Q31396899,Nekoshe,,1,0,38.8,hill,1,country_wd
Q31396900,Bukoma,,1,0,38.8,hill,1,country_wd
Q31396901,Lwandubi,,1,0,38.8,hill,1,country_wd
Q31396902,Bukoyi,,1,0,38.8,hill,1,country_wd
Q31396904,Khamururi,,1,0,38.8,hill,1,country_wd
Q31396906,Sihira,,1,0,38.8,hill,1,country_wd
Q31396907,Lusaba,,1,0,38.8,hill,1,country_wd
Q31396909,Kwelwemuna,,1,0,38.8,hill,1,country_wd
Q31396910,Bumusomi,,1,0,38.8,hill,1,country_wd
Q31396914,Busibo,,1,0,38.8,hill,1,country_wd
Q31396915,Butingo,,1,0,38.8,hill,1,country_wd
Q31396916,Nekombe,,1,0,38.8,hill,1,country_wd
Q31396917,Bukaya,,1,0,38.8,hill,1,country_wd
Q31396918,Bumanye,,1,0,38.8,hill,1,country_wd
Q31396919,Khanje,,1,0,38.8,hill,1,country_wd
Q31396920,Wokukiri,,1,0,38.8,hill,1,country_wd
Q31396921,Kimaluli,,1,0,38.8,hill,1,country_wd
Q31396922,Bumatanda,,1,0,38.8,hill,1,country_wd
Q31396923,Butunga,,1,0,38.8,hill,1,country_wd
Q31396924,Buwuni,,1,0,38.8,hill,1,country_wd
Q31454877,The Caldera,,1,0,38.8,crater,1,country_wd
Q31525843,Lokwangamoru,,1,0,38.8,hill,1,country_wd
Q31525860,Zulia,,1,0,38.8,mountain,1,country_wd
Q31525876,Wati,,1,0,38.8,mountain,1,country_wd
Q31525893,Watamagufu,,1,0,38.8,summit,1,country_wd
Q31525910,Wanale,,1,0,38.8,mountain,1,country_wd
Q31525926,Waisembe,,1,0,38.8,mountain,1,country_wd
Q31525942,Wagagai,,1,0,38.8,summit,1,country_wd
Q31525957,Uguruku,,1,0,38.8,hill,1,country_wd
Q31525974,Odyaa,,1,0,38.8,mountain,1,country_wd
Q31525990,Turkana,,1,0,38.8,mountain,1,country_wd
Q31526004,Tukat,,1,0,38.8,mountain,1,country_wd
Q31526019,Toror,,1,0,38.8,mountain,1,country_wd
Q31526036,Tiya,,1,0,38.8,mountain,1,country_wd
Q31526053,Thokotukei,,1,0,38.8,mountain,1,country_wd
Q31526072,Susok,,1,0,38.8,mountain,1,country_wd
Q31526105,Sogwass,,1,0,38.8,mountain,1,country_wd
Q31526123,Singiro,,1,0,38.8,mountain,1,country_wd
Q31526140,Shisha,,1,0,38.8,mountain,1,country_wd
Q31526156,Segururu,,1,0,38.8,mountain,1,country_wd
Q31526173,Segeru,,1,0,38.8,hill,1,country_wd
Q31526191,Rwemiaga,,1,0,38.8,mountain,1,country_wd
Q31526207,Rwangirire,,1,0,38.8,mountain,1,country_wd
Q31526224,Rwamunyonyi,,1,0,38.8,mountain,1,country_wd
Q31526242,Rwampungu,,1,0,38.8,mountain,1,country_wd
Q31526259,Rwamahano,,1,0,38.8,mountain,1,country_wd
Q31526276,Rwakatwaro,,1,0,38.8,mountain,1,country_wd
Q31526292,Rutebe,,1,0,38.8,mountain,1,country_wd
Q31526310,Rusho,,1,0,38.8,mountain,1,country_wd
Q31526327,Rugarama,,1,0,38.8,mountain,1,country_wd
Q31526344,Rubeya,,1,0,38.8,mountain,1,country_wd
Q31526360,Ruachibi,,1,0,38.8,mountain,1,country_wd
Q31526377,Rom III,,1,0,38.8,mountain,1,country_wd
Q31526395,Rom,,1,0,38.8,mountain,1,country_wd
Q31526411,Riwa,,1,0,38.8,mountain,1,country_wd
Q31526430,Rabongo,,1,0,38.8,mountain,1,country_wd
Q31526447,Puta,,1,0,38.8,mountain,1,country_wd
Q31526464,Pupu,,1,0,38.8,hill,1,country_wd
Q31526475,Pogonga,,1,0,38.8,mountain,1,country_wd
Q31526483,Parabongo,,1,0,38.8,mountain,1,country_wd
Q31526493,Pakuen,,1,0,38.8,mountain,1,country_wd
Q31526508,Otzi,,1,0,38.8,mountain,1,country_wd
Q31526526,Otukei,,1,0,38.8,mountain,1,country_wd
Q31526544,Oniangoli,,1,0,38.8,mountain,1,country_wd
Q31526559,Old Rom,,1,0,38.8,mountain,1,country_wd
Q31526575,Ikolong,,1,0,38.8,mountain,1,country_wd
Q31526593,Okagu,,1,0,38.8,mountain,1,country_wd
Q31526609,Ogogokudu,,1,0,38.8,hill,1,country_wd
Q31526627,Ogili,,1,0,38.8,mountain,1,country_wd
Q31526670,Nyeri,,1,0,38.8,mountain,1,country_wd
Q31526689,Nyarulambe,,1,0,38.8,mountain,1,country_wd
Q31526705,Nyankubebe,,1,0,38.8,mountain,1,country_wd
Q31526722,Nyanfuko,,1,0,38.8,mountain,1,country_wd
Q31526740,Nyamitsindo,,1,0,38.8,mountain,1,country_wd
Q31526757,Nyamichuchu,,1,0,38.8,mountain,1,country_wd
Q31526773,Nyambatabata,,1,0,38.8,mountain,1,country_wd
Q31526789,Nyamatovu,,1,0,38.8,summit,1,country_wd
Q31526807,Nyakwai,,1,0,38.8,mountain,1,country_wd
Q31526823,Nyakiriro,,1,0,38.8,mountain,1,country_wd
Q31526840,Nyaigulu,,1,0,38.8,mountain,1,country_wd
Q31526859,Nyabwishenyi,,1,0,38.8,mountain,1,country_wd
Q31526887,Nyabwigyegyeza,,1,0,38.8,mountain,1,country_wd
Q31526899,Nyabikenke,,1,0,38.8,mountain,1,country_wd
Q31526916,Ntsinda,,1,0,38.8,mountain,1,country_wd
Q31526932,Ntoma,,1,0,38.8,mountain,1,country_wd
Q31526949,Ntendule,,1,0,38.8,mountain,1,country_wd
Q31526968,Nshungyezi,,1,0,38.8,mountain,1,country_wd
Q31526985,Mont Ngabua,,1,0,38.8,mountain,1,country_wd
Q31527002,Njembe,,1,0,38.8,mountain,1,country_wd
Q31527020,Niarhuti,,1,0,38.8,mountain,1,country_wd
Q31527036,Ngirisi,,1,0,38.8,mountain,1,country_wd
Q31527048,Ngezi,,1,0,38.8,mountain,1,country_wd
Q31527081,Ngara,,1,0,38.8,mountain,1,country_wd
Q31527114,Naringepak,,1,0,38.8,mountain,1,country_wd
Q31527129,Napono,,1,0,38.8,mountain,1,country_wd
Q31527146,Napak,,1,0,38.8,mountain,1,country_wd
Q31527165,Nangara,,1,0,38.8,mountain,1,country_wd
Q31527181,Namomoi,,1,0,38.8,mountain,1,country_wd
Q31527198,Nakarach,,1,0,38.8,mountain,1,country_wd
Q31527215,Nakadapalait,,1,0,38.8,mountain,1,country_wd
Q31527231,Naguru,,1,0,38.8,hill,1,country_wd
Q31527249,Nabakete,,1,0,38.8,mountain,1,country_wd
Q31527265,Mwinoni,,1,0,38.8,mountain,1,country_wd
Q31527281,Mwihibagiro,,1,0,38.8,mountain,1,country_wd
Q31527297,Muzoa,,1,0,38.8,mountain,1,country_wd
Q31527314,Muyebe,,1,0,38.8,mountain,1,country_wd
Q31527331,Musharazezi,,1,0,38.8,mountain,1,country_wd
Q31527348,Musanje,,1,0,38.8,mountain,1,country_wd
Q31527366,Munyoni,,1,0,38.8,mountain,1,country_wd
Q31527385,Mukungu,,1,0,38.8,mountain,1,country_wd
Q31527402,Muhoko,,1,0,38.8,mountain,1,country_wd
Q31527419,Muhito,,1,0,38.8,mountain,1,country_wd
Q31527437,Mugei,,1,0,38.8,mountain,1,country_wd
Q31527454,Muendo,,1,0,38.8,mountain,1,country_wd
Q31527470,Mubiyi,,1,0,38.8,summit,1,country_wd
Q31527487,Mubale,,1,0,38.8,mountain,1,country_wd
Q31527504,Mpungu,,1,0,38.8,mountain,1,country_wd
Q31527520,Mpumuru,,1,0,38.8,hill,1,country_wd
Q31527539,Mpanga,,1,0,38.8,mountain,1,country_wd
Q31527555,Motoro,,1,0,38.8,mountain,1,country_wd
Q31527588,Moroto,,1,0,38.8,mountain,1,country_wd
Q31527604,Mura,,1,0,38.8,mountain,1,country_wd
Q31527620,Mogandu,,1,0,38.8,mountain,1,country_wd
Q31527636,Mingaro,,1,0,38.8,mountain,1,country_wd
Q31527652,Marangara,,1,0,38.8,mountain,1,country_wd
Q31527667,Manda,,1,0,38.8,mountain,1,country_wd
Q31527684,Mafuga,,1,0,38.8,mountain,1,country_wd
Q31527701,Madi Opei,,1,0,38.8,mountain,1,country_wd
Q31527719,Lwala,,1,0,38.8,mountain,1,country_wd
Q31527736,Lulengyeri,,1,0,38.8,mountain,1,country_wd
Q31527753,Luku,,1,0,38.8,mountain,1,country_wd
Q31527769,Luhizha,,1,0,38.8,mountain,1,country_wd
Q31527786,Lubare,,1,0,38.8,mountain,1,country_wd
Q31527803,Loychuka,,1,0,38.8,mountain,1,country_wd
Q31527821,Lowapet,,1,0,38.8,mountain,1,country_wd
Q31527837,Lowakuj,,1,0,38.8,mountain,1,country_wd
Q31527856,Lotim,,1,0,38.8,mountain,1,country_wd
Q31527875,Losil,,1,0,38.8,mountain,1,country_wd
Q31527895,Lorigem,,1,0,38.8,mountain,1,country_wd
Q31527911,Lorero,,1,0,38.8,mountain,1,country_wd
Q31527930,Lorem,,1,0,38.8,mountain,1,country_wd
Q31527947,Loputhimoru,,1,0,38.8,hill,1,country_wd
Q31527966,Lopeichubei,,1,0,38.8,mountain,1,country_wd
Q31527982,Lomil,,1,0,38.8,mountain,1,country_wd
Q31527999,Lolim,,1,0,38.8,mountain,1,country_wd
Q31528015,Lokoromilia,,1,0,38.8,mountain,1,country_wd
Q31528030,Lokinene,,1,0,38.8,mountain,1,country_wd
Q31528048,Lokapel,,1,0,38.8,mountain,1,country_wd
Q31528063,Lodaja,,1,0,38.8,mountain,1,country_wd
Q31528083,Lobeluna,,1,0,38.8,mountain,1,country_wd
Q31528099,Lobaale,,1,0,38.8,mountain,1,country_wd
Q31528116,Liru,,1,0,38.8,mountain,1,country_wd
Q31528133,Kilak,,1,0,38.8,mountain,1,country_wd
Q31528150,Lamej,,1,0,38.8,mountain,1,country_wd
Q31528185,Lamwo,,1,0,38.8,mountain,1,country_wd
Q31528201,Lalak,,1,0,38.8,mountain,1,country_wd
Q31528217,Lakalale,,1,0,38.8,mountain,1,country_wd
Q31528234,Lagorlukuju,,1,0,38.8,mountain,1,country_wd
Q31528267,Kyangabo,,1,0,38.8,mountain,1,country_wd
Q31528283,Koten,,1,0,38.8,mountain,1,country_wd
Q31528299,Kapoth,,1,0,38.8,mountain,1,country_wd
Q31528316,Kopiyo,,1,0,38.8,mountain,1,country_wd
Q31528335,Kokoro,,1,0,38.8,mountain,1,country_wd
Q31528351,Kodiakori,,1,0,38.8,mountain,1,country_wd
Q31528368,Kochomin,,1,0,38.8,mountain,1,country_wd
Q31528382,Kochemaluk,,1,0,38.8,mountain,1,country_wd
Q31528398,Kizhuro,,1,0,38.8,mountain,1,country_wd
Q31528414,Kiyebe,,1,0,38.8,mountain,1,country_wd
Q31528430,Kitwa,,1,0,38.8,mountain,1,country_wd
Q31528444,Kiteny,,1,0,38.8,mountain,1,country_wd
Q31528463,Kishasha II,,1,0,38.8,mountain,1,country_wd
Q31528478,Kisasa,,1,0,38.8,mountain,1,country_wd
Q31528493,Kisana,,1,0,38.8,mountain,1,country_wd
Q31528510,Kihate,,1,0,38.8,mountain,1,country_wd
Q31528526,Kiduru,,1,0,38.8,hill,1,country_wd
Q31528542,Kichok,,1,0,38.8,mountain,1,country_wd
Q31528560,Kibuzige,,1,0,38.8,mountain,1,country_wd
Q31528578,Kibengo,,1,0,38.8,mountain,1,country_wd
Q31528593,Kiara,,1,0,38.8,mountain,1,country_wd
Q31528610,Kem,,1,0,38.8,mountain,1,country_wd
Q31528626,Kazikizi,,1,0,38.8,mountain,1,country_wd
Q31528642,Kawalakol,,1,0,38.8,mountain,1,country_wd
Q31528658,Kautaku,,1,0,38.8,hill,1,country_wd
Q31528673,Katwekembwa,,1,0,38.8,mountain,1,country_wd
Q31528688,Katorosa,,1,0,38.8,mountain,1,country_wd
Q31528703,Katoma,,1,0,38.8,mountain,1,country_wd
Q31528720,Katenga,,1,0,38.8,mountain,1,country_wd
Q31528737,Katendere,,1,0,38.8,mountain,1,country_wd
Q31528753,Katanzi,,1,0,38.8,mountain,1,country_wd
Q31528769,Kataba,,1,0,38.8,mountain,1,country_wd
Q31528787,Kasuro,,1,0,38.8,mountain,1,country_wd
Q31528803,Kasunju,,1,0,38.8,mountain,1,country_wd
Q31528820,Kasoni,,1,0,38.8,mountain,1,country_wd
Q31528833,Kasiru,,1,0,38.8,mountain,1,country_wd
Q31528847,Kashekye,,1,0,38.8,mountain,1,country_wd
Q31528864,Kashasha,,1,0,38.8,mountain,1,country_wd
Q31528880,Kasatora,,1,0,38.8,mountain,1,country_wd
Q31528897,Kangathep,,1,0,38.8,mountain,1,country_wd
Q31528915,Kanakapamor,,1,0,38.8,mountain,1,country_wd
Q31528931,Kanadap,,1,0,38.8,mountain,1,country_wd
Q31528948,Kanachiom,,1,0,38.8,mountain,1,country_wd
Q31528966,Kamusiri,,1,0,38.8,mountain,1,country_wd
Q31528982,Kamena,,1,0,38.8,mountain,1,country_wd
Q31528998,Kamalinyang,,1,0,38.8,mountain,1,country_wd
Q31529014,Kalimon,,1,0,38.8,mountain,1,country_wd
Q31529029,Kaleveru,,1,0,38.8,summit,1,country_wd
Q31529044,Kaleri,,1,0,38.8,mountain,1,country_wd
Q31529061,Kalakoliputh,,1,0,38.8,mountain,1,country_wd
Q31529077,Kakal,,1,0,38.8,mountain,1,country_wd
Q31529092,Kaiirere,,1,0,38.8,mountain,1,country_wd
Q31529110,Kagarama,,1,0,38.8,mountain,1,country_wd
Q31529131,Kadam,,1,0,38.8,mountain,1,country_wd
Q31529148,Kabutim,,1,0,38.8,mountain,1,country_wd
Q31529165,Kabuga,,1,0,38.8,mountain,1,country_wd
Q31529177,Kabuga,,1,0,38.8,mountain,1,country_wd
Q31529193,Jatat,,1,0,38.8,mountain,1,country_wd
Q31529210,Jacksons Summit,,1,0,38.8,summit,1,country_wd
Q31529226,Isozi,,1,0,38.8,mountain,1,country_wd
Q31529242,Isioro,,1,0,38.8,mountain,1,country_wd
Q31529258,Irembezi,,1,0,38.8,mountain,1,country_wd
Q31529275,Irashagye,,1,0,38.8,mountain,1,country_wd
Q31529293,Ilo,,1,0,38.8,mountain,1,country_wd
Q31529308,Ihunga,,1,0,38.8,mountain,1,country_wd
Q31529325,Ihunga,,1,0,38.8,mountain,1,country_wd
Q31529342,Ihunga,,1,0,38.8,mountain,1,country_wd
Q31529358,Igurua,,1,0,38.8,mountain,1,country_wd
Q31529380,Igisi,,1,0,38.8,mountain,1,country_wd
Q31529393,Ibok,,1,0,38.8,mountain,1,country_wd
Q31529411,Ibanda,,1,0,38.8,mountain,1,country_wd
Q31529428,Hambuga,,1,0,38.8,mountain,1,country_wd
Q31529444,Goula,,1,0,38.8,mountain,1,country_wd
Q31529462,Gortheg,,1,0,38.8,mountain,1,country_wd
Q31529479,Fuluma,,1,0,38.8,mountain,1,country_wd
Q31529496,Fondu,,1,0,38.8,hill,1,country_wd
Q31529512,Erusi,,1,0,38.8,mountain,1,country_wd
Q31529528,Erusi East,,1,0,38.8,mountain,1,country_wd
Q31529543,Duwach,,1,0,38.8,mountain,1,country_wd
Q31529559,Dingbulungbulu,,1,0,38.8,hill,1,country_wd
Q31529578,Chirongu,,1,0,38.8,mountain,1,country_wd
Q31529594,Chimondo,,1,0,38.8,mountain,1,country_wd
Q31529611,Chikunda,,1,0,38.8,mountain,1,country_wd
Q31529628,Chamsokera,,1,0,38.8,mountain,1,country_wd
Q31529633,Bwangyiro,,1,0,38.8,mountain,1,country_wd
Q31529641,Bwahwa,,1,0,38.8,mountain,1,country_wd
Q31529655,Butobole,,1,0,38.8,mountain,1,country_wd
Q31529672,Butimba,,1,0,38.8,mountain,1,country_wd
Q31529688,Burimbi,,1,0,38.8,mountain,1,country_wd
Q31529704,Bumondo,,1,0,38.8,mountain,1,country_wd
Q31529720,Bukusu,,1,0,38.8,mountain,1,country_wd
Q31529735,Buhungurua,,1,0,38.8,mountain,1,country_wd
Q31529748,Bugiri,,1,0,38.8,mountain,1,country_wd
Q31529761,Bugamba,,1,0,38.8,mountain,1,country_wd
Q31529778,Bubale,,1,0,38.8,mountain,1,country_wd
Q31529793,Bivungu,,1,0,38.8,mountain,1,country_wd
Q31529809,Bituntu,,1,0,38.8,mountain,1,country_wd
Q31529826,Birala,,1,0,38.8,mountain,1,country_wd
Q31529842,Biniga,,1,0,38.8,mountain,1,country_wd
Q31529860,Bikari,,1,0,38.8,mountain,1,country_wd
Q31529878,Bihangire,,1,0,38.8,mountain,1,country_wd
Q31529895,Bichuba,,1,0,38.8,mountain,1,country_wd
Q31529912,Bakers View,,1,0,38.8,mountain,1,country_wd
Q31529928,Ayass,,1,0,38.8,mountain,1,country_wd
Q31529946,Arebe,,1,0,38.8,mountain,1,country_wd
Q31529962,Angoremoru,,1,0,38.8,hill,1,country_wd
Q31529979,Angolebwal,,1,0,38.8,mountain,1,country_wd
Q31529997,Amuyu,,1,0,38.8,hill,1,country_wd
Q31530013,Akur,,1,0,38.8,mountain,1,country_wd
Q31530029,Akor,,1,0,38.8,mountain,1,country_wd
Q31530045,Akisim Mountain,,1,0,38.8,"mountain, paleontological site",1,country_wd
Q31530061,Akatozo,,1,0,38.8,mountain,1,country_wd
Q31530077,Akarundi,,1,0,38.8,mountain,1,country_wd
Q31530094,Okaka,,1,0,38.8,mountain,1,country_wd
Q31530110,Abiba,,1,0,38.8,mountain,1,country_wd
Q31530126,Abchekwess,,1,0,38.8,mountain,1,country_wd
Q31530143,Kikalangufu,,1,0,38.8,hill,1,country_wd
Q31530161,Ruwenzori Mountains,,1,0,38.8,,1,country_wd
Q31530178,Mount Elgon,,1,0,38.8,mountain,1,country_wd
Q31530194,Holic,,1,0,38.8,mountain,1,country_wd
Q31530210,Mahahu,,1,0,38.8,hill,1,country_wd
Q31530225,Nyakakaikuru,,1,0,38.8,hill,1,country_wd
Q31530242,Kajuguju,,1,0,38.8,hill,1,country_wd
Q31530274,Kyechume,,1,0,38.8,spur,1,country_wd
Q31530291,Ayugi,,1,0,38.8,mountain,1,country_wd
Q31530308,Kilak I,,1,0,38.8,summit,1,country_wd
Q31530325,Kilak II,,1,0,38.8,summit,1,country_wd
Q31530342,Meri,,1,0,38.8,mountain,1,country_wd
Q31530357,Imatong Foothills,,1,0,38.8,,1,country_wd
Q31530373,Lochomo,,1,0,38.8,mountain,1,country_wd
Q31530389,Aki,,1,0,38.8,mountain,1,country_wd
Q31530404,Lomina,,1,0,38.8,mountain,1,country_wd
Q31530424,Lomithink,,1,0,38.8,mountain,1,country_wd
Q31530437,Naposimoru,,1,0,38.8,mountain,1,country_wd
Q31530453,Akidoyi,,1,0,38.8,mountain,1,country_wd
Q31530469,Lukole,,1,0,38.8,summit,1,country_wd
Q31530485,Kathelem,,1,0,38.8,mountain,1,country_wd
Q31530501,Loruk,,1,0,38.8,mountain,1,country_wd
Q31530517,Lochibil,,1,0,38.8,mountain,1,country_wd
Q31530533,Kalukuloyi,,1,0,38.8,mountain,1,country_wd
Q31530548,Kakurem,,1,0,38.8,spur,1,country_wd
Q31530581,Karenga,,1,0,38.8,mountain,1,country_wd
Q31530598,Nawolapak,,1,0,38.8,mountain,1,country_wd
Q31530616,Lokukyamani,,1,0,38.8,mountain,1,country_wd
Q31530634,Morukoyani,,1,0,38.8,mountain,1,country_wd
Q31530651,Kachera,,1,0,38.8,mountain,1,country_wd
Q31530669,Karapochomo,,1,0,38.8,mountain,1,country_wd
Q31530685,Lolem,,1,0,38.8,summit,1,country_wd
Q31530700,Echku,,1,0,38.8,summit,1,country_wd
Q31530717,Lokopel,,1,0,38.8,summit,1,country_wd
Q31530733,Lomekede,,1,0,38.8,mountain,1,country_wd
Q31530748,Kapedo,,1,0,38.8,summit,1,country_wd
Q31530766,Lowola,,1,0,38.8,summit,1,country_wd
Q31530782,Korumoru,,1,0,38.8,hill,1,country_wd
Q31530797,Lopulia,,1,0,38.8,mountain,1,country_wd
Q31530804,Long,,1,0,38.8,mountain,1,country_wd
Q31530811,Lodwa,,1,0,38.8,mountain,1,country_wd
Q31530823,Nagilu,,1,0,38.8,hill,1,country_wd
Q31530840,Nabarututu,,1,0,38.8,hill,1,country_wd
Q31530856,Nalungumoru,,1,0,38.8,hill,1,country_wd
Q31530874,Lokanyangat,,1,0,38.8,spur,1,country_wd
Q31530890,Bumwangu,,1,0,38.8,hill,1,country_wd
Q31530906,Siabwiru,,1,0,38.8,hill,1,country_wd
Q31530924,Busungu,,1,0,38.8,hill,1,country_wd
Q31530940,Nduguyu,,1,0,38.8,hill,1,country_wd
Q31530957,Namuingu,,1,0,38.8,hill,1,country_wd
Q31530973,Nawankofu,,1,0,38.8,hill,1,country_wd
Q31530990,Ggangu,,1,0,38.8,hill,1,country_wd
Q31531006,Bugulu,,1,0,38.8,hill,1,country_wd
Q31531022,Ntakafunvu,,1,0,38.8,hill,1,country_wd
Q31531039,Ziranumbu,,1,0,38.8,hill,1,country_wd
Q31531056,Nfuvu,,1,0,38.8,hill,1,country_wd
Q31531072,Mpumu,,1,0,38.8,hill,1,country_wd
Q31531088,Luzibu,,1,0,38.8,hill,1,country_wd
Q31531104,Sugu,,1,0,38.8,hill,1,country_wd
Q31531120,Nyimu,,1,0,38.8,spur,1,country_wd
Q31531136,Kahumbu,,1,0,38.8,hill,1,country_wd
Q31531148,Nyakakindu,,1,0,38.8,hill,1,country_wd
Q31531164,Buhamya,,1,0,38.8,summit,1,country_wd
Q31531182,Buhundu,,1,0,38.8,hill,1,country_wd
Q31531199,Busunga,,1,0,38.8,summit,1,country_wd
Q31531215,Nyakarongo,,1,0,38.8,summit,1,country_wd
Q31531231,Lusenene,,1,0,38.8,summit,1,country_wd
Q31531247,Kyampumpuru,,1,0,38.8,hill,1,country_wd
Q31531263,Nturu,,1,0,38.8,hill,1,country_wd
Q31531279,Tsawu,,1,0,38.8,hill,1,country_wd
Q31531295,Bukimiyu,,1,0,38.8,hill,1,country_wd
Q31531311,Nasyu,,1,0,38.8,hill,1,country_wd
Q31531327,Nalungu,,1,0,38.8,hill,1,country_wd
Q31531346,Nabikulu,,1,0,38.8,hill,1,country_wd
Q31804220,Nyaruwari,,1,0,38.8,mountain,1,country_wd
Q31804221,Calyabong,,1,0,38.8,mountain,1,country_wd
Q31804223,Liriyu,,1,0,38.8,hill,1,country_wd
Q31804224,Kibale,,1,0,38.8,spur,1,country_wd
Q31804225,Kahoto,,1,0,38.8,spur,1,country_wd
Q31804226,Korkopyo,,1,0,38.8,mountain,1,country_wd
Q31804227,Lilingorwaru,,1,0,38.8,hill,1,country_wd
Q31865736,Aba Forest,,1,0,38.8,forest,1,country_wd
Q31865744,Abako,,1,0,38.8,sub-county of Uganda,1,country_wd
Q31865766,Abarilela,,1,0,38.8,sub-county of Uganda,1,country_wd
Q31865837,Abia,,1,0,38.8,sub-county of Uganda,1,country_wd
Q31865856,Abim,,1,0,38.8,sub-county of Uganda,1,country_wd
Q31865863,Abim Town Council,,1,0,38.8,town council of Uganda,1,country_wd
Q31865893,Abok,,1,0,38.8,sub-county of Uganda,1,country_wd
Q31865900,Aboke,,1,0,38.8,sub-county of Uganda,1,country_wd
Q31865908,Abongomola,,1,0,38.8,sub-county of Uganda,1,country_wd
Q31866057,Abuku,,1,0,38.8,sub-county of Uganda,1,country_wd
Q31866109,Acowa,,1,0,38.8,sub-county of Uganda,1,country_wd
Q31866280,Adeknino,,1,0,38.8,sub-county of Uganda,1,country_wd
Q31866364,Adjumani Town Council,,1,0,38.8,town council of Uganda,1,country_wd
Q31866380,Adok,,1,0,38.8,sub-county of Uganda,1,country_wd
Q31866425,Adropi,,1,0,38.8,sub-county of Uganda,1,country_wd
Q31866433,Aduku,,1,0,38.8,sub-county of Uganda,1,country_wd
Q31866438,Aduku Town Council,,1,0,38.8,town council of Uganda,1,country_wd
Q31866445,Adumi,,1,0,38.8,sub-county of Uganda,1,country_wd
Q31866453,Adyel Division,,1,0,38.8,division of Uganda,1,country_wd
Q31866664,Agago Town Council,,1,0,38.8,town council of Uganda,1,country_wd
Q31866676,Agali,,1,0,38.8,sub-county of Uganda,1,country_wd
Q31866710,Agikdak,,1,0,38.8,sub-county of Uganda,1,country_wd
Q31866839,Agule,,1,0,38.8,sub-county of Uganda,1,country_wd
Q31866858,Agwata,,1,0,38.8,sub-county of Uganda,1,country_wd
Q31866865,Agweng,,1,0,38.8,sub-county of Uganda,1,country_wd
Q31866874,Agwingiri,,1,0,38.8,sub-county of Uganda,1,country_wd
Q31867148,Ajia,,1,0,38.8,sub-county of Uganda,1,country_wd
Q31867184,Akalo,,1,0,38.8,sub-county of Uganda,1,country_wd
Q31867235,Akisim,,1,0,38.8,sub-county of Uganda,1,country_wd
Q31867274,Akokoro,,1,0,38.8,sub-county of Uganda,1,country_wd
Q31867284,Akoromit,,1,0,38.8,sub-county of Uganda,1,country_wd
Q31867295,Akwon,,1,0,38.8,sub-county of Uganda,1,country_wd
Q31869789,Alango,,1,0,38.8,sub-county of Uganda,1,country_wd
Q31869916,Alebtong Town Council,,1,0,38.8,town council of Uganda,1,country_wd
Q31869941,Aleka,,1,0,38.8,sub-county of Uganda,1,country_wd
Q31869970,Alerek,,1,0,38.8,sub-county of Uganda,1,country_wd
Q31870051,Aliba,,1,0,38.8,sub-county of Uganda,1,country_wd
Q31870076,Alito,,1,0,38.8,sub-county of Uganda,1,country_wd
Q31870203,Aloi,,1,0,38.8,sub-county of Uganda,1,country_wd
Q31870540,Alwa,,1,0,38.8,sub-county of Uganda,1,country_wd
Q31870548,Alwi,,1,0,38.8,sub-county of Uganda,1,country_wd
Q31870798,Amolatar Town Council,,1,0,38.8,town council of Uganda,1,country_wd
Q31870824,Amudat,,1,0,38.8,sub-county of Uganda,1,country_wd
Q31870831,Amudat Town Council,,1,0,38.8,town council of Uganda,1,country_wd
Q31870843,Amugo,,1,0,38.8,sub-county of Uganda,1,country_wd
Q31870851,Amukol,,1,0,38.8,sub-county of Uganda,1,country_wd
Q31870859,Amuria Town Council,,1,0,38.8,town council of Uganda,1,country_wd
Q31870866,Amuru Town Council,,1,0,38.8,town council of Uganda,1,country_wd
Q31870877,Amutimut,,1,0,38.8,,1,country_wd
Q31870888,Amwoma,,1,0,38.8,sub-county of Uganda,1,country_wd
Q31871190,Angolmoiya,,1,0,38.8,,1,country_wd
Q31871609,Anyara,,1,0,38.8,sub-county of Uganda,1,country_wd
Q31871672,Apac Town Council,,1,0,38.8,town council of Uganda,1,country_wd
Q31871677,Apala,,1,0,38.8,sub-county of Uganda,1,country_wd
Q31871682,Apapai,,1,0,38.8,sub-county of Uganda,1,country_wd
Q31871693,Apeduru,,1,0,38.8,sub-county of Uganda,1,country_wd
Q31871696,Aperkira,,1,0,38.8,sub-county of Uganda,1,country_wd
Q31871727,Apo,,1,0,38.8,sub-county of Uganda,1,country_wd
Q31871743,Apopong,,1,0,38.8,sub-county of Uganda,1,country_wd
Q31871808,Aputi,,1,0,38.8,sub-county of Uganda,1,country_wd
Q31871961,Arapai,,1,0,38.8,sub-county of Uganda,1,country_wd
Q31872062,Arinyapi,,1,0,38.8,sub-county of Uganda,1,country_wd
Q31872082,Ariwa,,1,0,38.8,sub-county of Uganda,1,country_wd
Q31872154,Aroi,,1,0,38.8,sub-county of Uganda,1,country_wd
Q31872206,Arua Hill Division,,1,0,38.8,division of Uganda,1,country_wd
Q31872217,Arum,,1,0,38.8,sub-county of Uganda,1,country_wd
Q31872222,Arwotcek,,1,0,38.8,sub-county of Uganda,1,country_wd
Q31872464,Asamuk,,1,0,38.8,sub-county of Uganda,1,country_wd
Q31872814,Asuret,,1,0,38.8,sub-county of Uganda,1,country_wd
Q31872914,Atego,,1,0,38.8,sub-county of Uganda,1,country_wd
Q31872970,Atiira,,1,0,38.8,sub-county of Uganda,1,country_wd
Q31873053,Atutur,,1,0,38.8,sub-county of Uganda,1,country_wd
Q31873063,Atyak,,1,0,38.8,sub-county of Uganda,1,country_wd
Q31873323,Awei,,1,0,38.8,sub-county of Uganda,1,country_wd
Q31873337,Awelo,,1,0,38.8,sub-county of Uganda,1,country_wd
Q31873346,Awere,,1,0,38.8,sub-county of Uganda,1,country_wd
Q31873392,Ayivuni,,1,0,38.8,sub-county of Uganda,1,country_wd
Q31874128,Bagezza,,1,0,38.8,sub-county of Uganda,1,country_wd
Q31875265,Baitambogwe,,1,0,38.8,sub-county of Uganda,1,country_wd
Q31876051,Bala,,1,0,38.8,sub-county of Uganda,1,country_wd
Q31876071,Balawoli,,1,0,38.8,sub-county of Uganda,1,country_wd
Q31876265,Bamunanika,,1,0,38.8,sub-county of Uganda,1,country_wd
Q31876650,Banda,,1,0,38.8,sub-county of Uganda,1,country_wd
Q31876658,Banda,,1,0,38.8,sub-county of Uganda,1,country_wd
Q31878019,Bar-Dege,,1,0,38.8,sub-county of Uganda,1,country_wd
Q31878655,Batta,,1,0,38.8,sub-county of Uganda,1,country_wd
Q31879050,Bbaale,,1,0,38.8,sub-county of Uganda,1,country_wd
Q31879450,Beleafe,,1,0,38.8,sub-county of Uganda,1,country_wd
Q31879696,Benet,,1,0,38.8,sub-county of Uganda,1,country_wd
Q31880343,Bigasa Sub-county,,1,0,38.8,sub-county of Uganda,1,country_wd
Q31880359,Bihanga,,1,0,38.8,sub-county of Uganda,1,country_wd
Q31880368,Biharwe,,1,0,38.8,sub-county of Uganda,1,country_wd
Q31880405,Biiso,,1,0,38.8,sub-county of Uganda,1,country_wd
Q31880615,Binyiny Town Council,,1,0,38.8,town council of Uganda,1,country_wd
Q31880678,Birembo,,1,0,38.8,sub-county of Uganda,1,country_wd
Q31880732,Bisheshe,,1,0,38.8,sub-county of Uganda,1,country_wd
Q31880746,Bitereko,,1,0,38.8,sub-county of Uganda,1,country_wd
Q31880752,Bitooma,,1,0,38.8,sub-county of Uganda,1,country_wd
Q31880761,Bitsya,,1,0,38.8,sub-county of Uganda,1,country_wd
Q31882200,Bokora Wildlife Reserve,,1,0,38.8,wildlife refuge,1,country_wd
Q31882311,Bombo Town Council,,1,0,38.8,town council of Uganda,1,country_wd
Q31884002,Bubaare,,1,0,38.8,sub-county of Uganda,1,country_wd
Q31884009,Bubango,,1,0,38.8,sub-county of Uganda,1,country_wd
Q31884017,Bubeke,,1,0,38.8,sub-county of Uganda,1,country_wd
Q31884033,Bubiita,,1,0,38.8,sub-county of Uganda,1,country_wd
Q31884040,Bubukwanga,,1,0,38.8,sub-county of Uganda,1,country_wd
Q31884047,Bubumba Swamp,,1,0,38.8,swamp,1,country_wd
Q31884120,Budadiri Town Council,,1,0,38.8,town council of Uganda,1,country_wd
Q31884126,Budaka,,1,0,38.8,sub-county of Uganda,1,country_wd
Q31884132,Budaka Town Council,,1,0,38.8,town council of Uganda,1,country_wd
Q31884140,Budde,,1,0,38.8,sub-county of Uganda,1,country_wd
Q31884153,Budhaya,,1,0,38.8,sub-county of Uganda,1,country_wd
Q31884159,Budondo,,1,0,38.8,sub-county of Uganda,1,country_wd
Q31884164,Budongo,,1,0,38.8,sub-county of Uganda,1,country_wd
Q31884174,Bududa,,1,0,38.8,sub-county of Uganda,1,country_wd
Q31884182,Bududa Town Council,,1,0,38.8,town council of Uganda,1,country_wd
Q31884189,Budumba,,1,0,38.8,sub-county of Uganda,1,country_wd
Q31884201,Budwale,,1,0,38.8,sub-county of Uganda,1,country_wd
Q31884419,Bufumbo,,1,0,38.8,sub-county of Uganda,1,country_wd
Q31884428,Bufumira,,1,0,38.8,sub-county of Uganda,1,country_wd
Q31884437,Bugaaki,,1,0,38.8,sub-county of Uganda,1,country_wd
Q31884446,Bugaba Bay,,1,0,38.8,bight,1,country_wd
Q31884453,Bugabo Bay,,1,0,38.8,bight,1,country_wd
Q31884461,Bugaju Bay,,1,0,38.8,bight,1,country_wd
Q31884469,Bugamba,,1,0,38.8,sub-county of Uganda,1,country_wd
Q31884476,Bugambe,,1,0,38.8,sub-county of Uganda,1,country_wd
Q31884486,Bugangari,,1,0,38.8,sub-county of Uganda,1,country_wd
Q31884493,Bugaya,,1,0,38.8,sub-county of Uganda,1,country_wd
Q31884501,Bugembe Town Council,,1,0,38.8,town council of Uganda,1,country_wd
Q31884511,Bugiri Town Council,,1,0,38.8,town council of Uganda,1,country_wd
Q31884519,Bugitimwa,,1,0,38.8,sub-county of Uganda,1,country_wd
Q31884528,Bugobero,,1,0,38.8,sub-county of Uganda,1,country_wd
Q31884539,Bugongi,,1,0,38.8,sub-county of Uganda,1,country_wd
Q31884550,Bugongi Town Council,,1,0,38.8,town council of Uganda,1,country_wd
Q31884585,Bugulumbya,,1,0,38.8,sub-county of Uganda,1,country_wd
Q31884595,Bugunjo Point,,1,0,38.8,point,1,country_wd
Q31884611,Buhara,,1,0,38.8,sub-county of Uganda,1,country_wd
Q31884621,Buheesi,,1,0,38.8,sub-county of Uganda,1,country_wd
Q31884645,Buhimba,,1,0,38.8,sub-county of Uganda,1,country_wd
Q31884662,Buhuhira,,1,0,38.8,sub-county of Uganda,1,country_wd
Q31884688,Buiga Point,,1,0,38.8,point,1,country_wd
Q31884695,Buikwe,,1,0,38.8,sub-county of Uganda,1,country_wd
Q31884703,Buikwe Town Council,,1,0,38.8,town council of Uganda,1,country_wd
Q31884716,Bujjumba,,1,0,38.8,sub-county of Uganda,1,country_wd
Q31884724,Bujumbura Division,,1,0,38.8,division of Uganda,1,country_wd
Q31884731,Bukabooli,,1,0,38.8,sub-county of Uganda,1,country_wd
Q31884740,Bukafu Bay,,1,0,38.8,bight,1,country_wd
Q31884748,Bukaka Point,,1,0,38.8,point,1,country_wd
Q31884769,Bukalasi,,1,0,38.8,sub-county of Uganda,1,country_wd
Q31884777,Bukalazi Point,,1,0,38.8,point,1,country_wd
Q31884785,Bukalera Bay,,1,0,38.8,bight,1,country_wd
Q31884799,Bukalume Bay,,1,0,38.8,bight,1,country_wd
Q31884806,Bukasakya,,1,0,38.8,sub-county of Uganda,1,country_wd
Q31884816,Bukatube,,1,0,38.8,sub-county of Uganda,1,country_wd
Q31884827,Bukayanja Point,,1,0,38.8,point,1,country_wd
Q31884833,Bukedea,,1,0,38.8,sub-county of Uganda,1,country_wd
Q31884841,Bukedea Town Council,,1,0,38.8,town council of Uganda,1,country_wd
Q31884852,Bukhabusi,,1,0,38.8,sub-county of Uganda,1,country_wd
Q31884889,Bukhaweka,,1,0,38.8,sub-county of Uganda,1,country_wd
Q31884907,Bukhulo,,1,0,38.8,sub-county of Uganda,1,country_wd
Q31884912,Bukiabi,,1,0,38.8,sub-county of Uganda,1,country_wd
Q31884920,Bukibokolo,,1,0,38.8,sub-county of Uganda,1,country_wd
Q31884930,Bukigai,,1,0,38.8,sub-county of Uganda,1,country_wd
Q31884937,Bukiise,,1,0,38.8,sub-county of Uganda,1,country_wd
Q31884946,Bukimbiri,,1,0,38.8,sub-county of Uganda,1,country_wd
Q31884958,Bukinda,,1,0,38.8,sub-county of Uganda,1,country_wd
Q31884965,Bukiro,,1,0,38.8,sub-county of Uganda,1,country_wd
Q31884971,Bukiyi,,1,0,38.8,sub-county of Uganda,1,country_wd
Q31884982,Bukokho,,1,0,38.8,sub-county of Uganda,1,country_wd
Q31884990,Bukoko Point,,1,0,38.8,point,1,country_wd
Q31885002,Bukomansimbi Town Council,,1,0,38.8,town council of Uganda,1,country_wd
Q31885020,Bukomero Town Council,,1,0,38.8,town council of Uganda,1,country_wd
Q31885029,Bukonde,,1,0,38.8,sub-county of Uganda,1,country_wd
Q31885043,Bukonzo,,1,0,38.8,sub-county of Uganda,1,country_wd
Q31885052,Bukooma,,1,0,38.8,sub-county of Uganda,1,country_wd
Q31885073,Bukulula,,1,0,38.8,sub-county of Uganda,1,country_wd
Q31885080,Bukusu,,1,0,38.8,sub-county of Uganda,1,country_wd
Q31885099,Bukuya,,1,0,38.8,sub-county of Uganda,1,country_wd
Q31885109,Bukwo,,1,0,38.8,sub-county of Uganda,1,country_wd
Q31885119,Bukwo Town Council,,1,0,38.8,town council of Uganda,1,country_wd
Q31885128,Bukyabo,,1,0,38.8,sub-county of Uganda,1,country_wd
Q31885135,Bukyambi,,1,0,38.8,sub-county of Uganda,1,country_wd
Q31885145,Bukyiende,,1,0,38.8,sub-county of Uganda,1,country_wd
Q31885154,Bulaago,,1,0,38.8,sub-county of Uganda,1,country_wd
Q31885184,Bulamagi,,1,0,38.8,sub-county of Uganda,1,country_wd
Q31885193,Bulamba Bay,,1,0,38.8,bight,1,country_wd
Q31885202,Bulambuli Town Council,,1,0,38.8,town council of Uganda,1,country_wd
Q31885218,Bulangira,,1,0,38.8,sub-county of Uganda,1,country_wd
Q31885305,Bulegeni,,1,0,38.8,sub-county of Uganda,1,country_wd
Q31885312,Bulembia Division,,1,0,38.8,division of Uganda,1,country_wd
Q31885322,Bulera,,1,0,38.8,sub-county of Uganda,1,country_wd
Q31885328,Bulesa,,1,0,38.8,sub-county of Uganda,1,country_wd
Q31885346,Bulidha,,1,0,38.8,sub-county of Uganda,1,country_wd
Q31885357,Buligonde Bay,,1,0,38.8,bight,1,country_wd
Q31885366,Buliisa Town Council,,1,0,38.8,town council of Uganda,1,country_wd
Q31885389,Bulimba Swamp,,1,0,38.8,swamp,1,country_wd
Q31885455,Bulo,,1,0,38.8,sub-county of Uganda,1,country_wd
Q31885472,Bulonge Bay,,1,0,38.8,bight,1,country_wd
Q31885481,Bulongo,,1,0,38.8,sub-county of Uganda,1,country_wd
Q31885491,Bulongwe Bay,,1,0,38.8,bight,1,country_wd
Q31885500,Bulopa,,1,0,38.8,sub-county of Uganda,1,country_wd
Q31885613,Bulubaga Point,,1,0,38.8,point,1,country_wd
Q31885623,Bulucheke,,1,0,38.8,sub-county of Uganda,1,country_wd
Q31885633,Buluganya,,1,0,38.8,sub-county of Uganda,1,country_wd
Q31885644,Bululu,,1,0,38.8,sub-county of Uganda,1,country_wd
Q31885716,Bumalimba,,1,0,38.8,sub-county of Uganda,1,country_wd
Q31885729,Bumasheti,,1,0,38.8,sub-county of Uganda,1,country_wd
Q31885737,Bumasifwa,,1,0,38.8,sub-county of Uganda,1,country_wd
Q31885745,Bumasikye,,1,0,38.8,sub-county of Uganda,1,country_wd
Q31885752,Bumasobo,,1,0,38.8,sub-county of Uganda,1,country_wd
Q31885761,Bumayoka,,1,0,38.8,sub-county of Uganda,1,country_wd
Q31885774,Bumbo,,1,0,38.8,sub-county of Uganda,1,country_wd
Q31885783,Bumbobi,,1,0,38.8,sub-county of Uganda,1,country_wd
Q31885812,Bumugibole,,1,0,38.8,sub-county of Uganda,1,country_wd
Q31885836,Bumwoni,,1,0,38.8,sub-county of Uganda,1,country_wd
Q31885846,Bunabwana,,1,0,38.8,sub-county of Uganda,1,country_wd
Q31885866,Bundibugyo Town Council,,1,0,38.8,town council of Uganda,1,country_wd
Q31885895,Bungatira,,1,0,38.8,sub-county of Uganda,1,country_wd
Q31885905,Bungokho,,1,0,38.8,sub-county of Uganda,1,country_wd
Q31885915,Bungokho-Mutoto,,1,0,38.8,sub-county of Uganda,1,country_wd
Q31885941,Bunyafwa,,1,0,38.8,sub-county of Uganda,1,country_wd
Q31885957,Bupoto,,1,0,38.8,sub-county of Uganda,1,country_wd
Q31885999,Buremba,,1,0,38.8,sub-county of Uganda,1,country_wd
Q31886005,Burere,,1,0,38.8,sub-county of Uganda,1,country_wd
Q31886089,Burora,,1,0,38.8,sub-county of Uganda,1,country_wd
Q31886139,Busabi,,1,0,38.8,sub-county of Uganda,1,country_wd
Q31886152,Busakira,,1,0,38.8,sub-county of Uganda,1,country_wd
Q31886160,Busamuzi,,1,0,38.8,sub-county of Uganda,1,country_wd
Q31886189,Busanza,,1,0,38.8,sub-county of Uganda,1,country_wd
Q31886208,Busedde,,1,0,38.8,sub-county of Uganda,1,country_wd
Q31886216,Busembatya Town Council,,1,0,38.8,town council of Uganda,1,country_wd
Q31886230,Busero Point,,1,0,38.8,point,1,country_wd
Q31886239,Buseta,,1,0,38.8,sub-county of Uganda,1,country_wd
Q31886261,Bushika,,1,0,38.8,sub-county of Uganda,1,country_wd
Q31886271,Bushiribo,,1,0,38.8,sub-county of Uganda,1,country_wd
Q31886278,Bushiyi,,1,0,38.8,sub-county of Uganda,1,country_wd
Q31886342,Busiisi Division,,1,0,38.8,division of Uganda,1,country_wd
Q31886351,Busimbi,,1,0,38.8,sub-county of Uganda,1,country_wd
Q31886360,Busiriba,,1,0,38.8,sub-county of Uganda,1,country_wd
Q31886400,Busolwe Town Council,,1,0,38.8,town council of Uganda,1,country_wd
Q31886409,Busoro,,1,0,38.8,sub-county of Uganda,1,country_wd
Q31886418,Bussi,,1,0,38.8,sub-county of Uganda,1,country_wd
Q31886426,Busukuma,,1,0,38.8,sub-county of Uganda,1,country_wd
Q31886435,Busukuya,,1,0,38.8,sub-county of Uganda,1,country_wd
Q31886446,Busulani,,1,0,38.8,sub-county of Uganda,1,country_wd
Q31886470,Butagaya,,1,0,38.8,sub-county of Uganda,1,country_wd
Q31886479,Butalangu Town Council,,1,0,38.8,town council of Uganda,1,country_wd
Q31886487,Butaleja,,1,0,38.8,sub-county of Uganda,1,country_wd
Q31886497,Butanda,,1,0,38.8,sub-county of Uganda,1,country_wd
Q31886503,Butandiga,,1,0,38.8,sub-county of Uganda,1,country_wd
Q31886510,Butansi,,1,0,38.8,sub-county of Uganda,1,country_wd
Q31886521,Butayunja,,1,0,38.8,sub-county of Uganda,1,country_wd
Q31886557,Buteza,,1,0,38.8,sub-county of Uganda,1,country_wd
Q31886613,Butogota Town Council,,1,0,38.8,town council of Uganda,1,country_wd
Q31886637,Butta,,1,0,38.8,sub-county of Uganda,1,country_wd
Q31886679,Butunduuzi,,1,0,38.8,sub-county of Uganda,1,country_wd
Q31886691,Butungama,,1,0,38.8,sub-county of Uganda,1,country_wd
Q31886699,Butuntumula,,1,0,38.8,sub-county of Uganda,1,country_wd
Q31886719,Buvuma,,1,0,38.8,sub-county of Uganda,1,country_wd
Q31886724,Buvuma Town Council,,1,0,38.8,town council of Uganda,1,country_wd
Q31886733,Buwaali,,1,0,38.8,sub-county of Uganda,1,country_wd
Q31886741,Buwaaya,,1,0,38.8,sub-county of Uganda,1,country_wd
Q31886750,Buwabwala,,1,0,38.8,sub-county of Uganda,1,country_wd
Q31886758,Buwagogo,,1,0,38.8,sub-county of Uganda,1,country_wd
Q31886766,Buwalasi,,1,0,38.8,sub-county of Uganda,1,country_wd
Q31886774,Buwama,,1,0,38.8,sub-county of Uganda,1,country_wd
Q31886784,Buwasa,,1,0,38.8,sub-county of Uganda,1,country_wd
Q31886799,Buwenge,,1,0,38.8,sub-county of Uganda,1,country_wd
Q31886807,Buwenge Town Council,,1,0,38.8,town council of Uganda,1,country_wd
Q31886817,Buwumba Point,,1,0,38.8,point,1,country_wd
Q31886824,Buwunga,,1,0,38.8,sub-county of Uganda,1,country_wd
Q31886831,Buwunga Bay,,1,0,38.8,bight,1,country_wd
Q31886840,Buyaga,,1,0,38.8,sub-county of Uganda,1,country_wd
Q31886862,Buyanja,,1,0,38.8,sub-county of Uganda,1,country_wd
Q31886872,Buyende,,1,0,38.8,sub-county of Uganda,1,country_wd
Q31886879,Buyende Town Council,,1,0,38.8,town council of Uganda,1,country_wd
Q31886890,Buyengo,,1,0,38.8,sub-county of Uganda,1,country_wd
Q31886902,Buyinja,,1,0,38.8,sub-county of Uganda,1,country_wd
Q31887025,Bwanswa,,1,0,38.8,sub-county of Uganda,1,country_wd
Q31887033,Bwebereza Forest,,1,0,38.8,forest,1,country_wd
Q31887036,Bweema,,1,0,38.8,sub-county of Uganda,1,country_wd
Q31887065,Bweramule,,1,0,38.8,sub-county of Uganda,1,country_wd
Q31887074,Bweyale Town Council,,1,0,38.8,town council of Uganda,1,country_wd
Q31887080,Bwijanga,,1,0,38.8,sub-county of Uganda,1,country_wd
Q31887088,Bwikara,,1,0,38.8,sub-county of Uganda,1,country_wd
Q31887098,Bwikhonge,,1,0,38.8,sub-county of Uganda,1,country_wd
Q31887117,Bwizi,,1,0,38.8,sub-county of Uganda,1,country_wd
Q31887123,Bwongyera,,1,0,38.8,sub-county of Uganda,1,country_wd
Q31887139,Byakabanda,,1,0,38.8,sub-county of Uganda,1,country_wd
Q31891199,Central Division,,1,0,38.8,division of Uganda,1,country_wd
Q31891207,Central Division,,1,0,38.8,division of Uganda,1,country_wd
Q31891215,Central Division,,1,0,38.8,division of Uganda,1,country_wd
Q31891223,Central Division,,1,0,38.8,division of Uganda,1,country_wd
Q31891232,Central Division,,1,0,38.8,division of Uganda,1,country_wd
Q31891241,Central Division,,1,0,38.8,division of Uganda,1,country_wd
Q31891252,Central Division,,1,0,38.8,division of Uganda,1,country_wd
Q31891261,Central Division,,1,0,38.8,division of Uganda,1,country_wd
Q31902242,Chahi,,1,0,38.8,sub-county of Uganda,1,country_wd
Q31902917,Chawente,,1,0,38.8,sub-county of Uganda,1,country_wd
Q31903074,Chelekule,,1,0,38.8,sub-county of Uganda,1,country_wd
Q31903303,Chepkwasta,,1,0,38.8,sub-county of Uganda,1,country_wd
Q31903314,Cheptarech,,1,0,38.8,sub-county of Uganda,1,country_wd
Q31903361,Chesower,,1,0,38.8,sub-county of Uganda,1,country_wd
Q31907352,Ciforo,,1,0,38.8,sub-county of Uganda,1,country_wd
Q31909660,Dambiro Point,,1,0,38.8,point,1,country_wd
Q31910049,Ddwaniro,,1,0,38.8,sub-county of Uganda,1,country_wd
Q31911354,Division A,,1,0,38.8,division of Uganda,1,country_wd
Q31911357,Division B,,1,0,38.8,division of Uganda,1,country_wd
Q31911424,Dokolo,,1,0,38.8,sub-county of Uganda,1,country_wd
Q31911428,Dokolo Town Council,,1,0,38.8,town council of Uganda,1,country_wd
Q31912089,Drajani,,1,0,38.8,sub-county of Uganda,1,country_wd
Q31912110,Dranya,,1,0,38.8,sub-county of Uganda,1,country_wd
Q31912714,Dwaniro,,1,0,38.8,sub-county of Uganda,1,country_wd
Q31912793,Dzaipi,,1,0,38.8,sub-county of Uganda,1,country_wd
Q31913027,Eastern Division,,1,0,38.8,division of Uganda,1,country_wd
Q31913031,Eastern Division,,1,0,38.8,division of Uganda,1,country_wd
Q31913036,Eastern Division,,1,0,38.8,division of Uganda,1,country_wd
Q31913039,Eastern Division,,1,0,38.8,division of Uganda,1,country_wd
Q31913042,Eastern Division,,1,0,38.8,division of Uganda,1,country_wd
Q31913044,Eastern Division,,1,0,38.8,division of Uganda,1,country_wd
Q31913766,Engari,,1,0,38.8,sub-county of Uganda,1,country_wd
Q31914147,Erussi,,1,0,38.8,sub-county of Uganda,1,country_wd
Q31914956,Etam,,1,0,38.8,sub-county of Uganda,1,country_wd
Q31916567,Gaba Point,,1,0,38.8,point,1,country_wd
Q31916579,Gadumire,,1,0,38.8,sub-county of Uganda,1,country_wd
Q31916858,Gayaza,,1,0,38.8,"municipality, sub-county of Uganda",1,country_wd
Q31917216,Gimara,,1,0,38.8,sub-county of Uganda,1,country_wd
Q31917386,Gogonyo,,1,0,38.8,sub-county of Uganda,1,country_wd
Q31917489,Goma Division,,1,0,38.8,division of Uganda,1,country_wd
Q31917494,Gombe,,1,0,38.8,sub-county of Uganda,1,country_wd
Q31917496,Gombe Town Council,,1,0,38.8,town council of Uganda,1,country_wd
Q31917503,Gomogo,,1,0,38.8,sub-county of Uganda,1,country_wd
Q31917532,Gondo Point,,1,0,38.8,point,1,country_wd
Q31918044,Griffin Falls,,1,0,38.8,,1,country_wd
Q31918966,Gweri,,1,0,38.8,sub-county of Uganda,1,country_wd
Q31919107,Hakibaale,,1,0,38.8,sub-county of Uganda,1,country_wd
Q31919172,Hamurwa Town Council,,1,0,38.8,town council of Uganda,1,country_wd
Q31919508,Harugale,,1,0,38.8,sub-county of Uganda,1,country_wd
Q31919889,Hima Town Council,,1,0,38.8,town council of Uganda,1,country_wd
Q31922751,Ibaare,,1,0,38.8,sub-county of Uganda,1,country_wd
Q31922753,Ibanda Town Council,,1,0,38.8,town council of Uganda,1,country_wd
Q31922786,Iceme,,1,0,38.8,sub-county of Uganda,1,country_wd
Q31922824,Igombe,,1,0,38.8,sub-county of Uganda,1,country_wd
Q31922826,Igorora Town Council,,1,0,38.8,town council of Uganda,1,country_wd
Q31922833,Ihandiro,,1,0,38.8,sub-county of Uganda,1,country_wd
Q31922836,Ihendangoma Point,,1,0,38.8,point,1,country_wd
Q31922838,Ihunga,,1,0,38.8,sub-county of Uganda,1,country_wd
Q31922850,Iki-Iki,,1,0,38.8,sub-county of Uganda,1,country_wd
Q31922857,Ikumba,,1,0,38.8,sub-county of Uganda,1,country_wd
Q31922859,Ikumbya,,1,0,38.8,sub-county of Uganda,1,country_wd
Q31922930,Immanyiro,,1,0,38.8,sub-county of Uganda,1,country_wd
Q31923007,Industrial Division,,1,0,38.8,division of Uganda,1,country_wd
Q31923086,Inomo,,1,0,38.8,sub-county of Uganda,1,country_wd
Q31923179,Irabi Point,,1,0,38.8,point,1,country_wd
Q31923188,Iriiri,,1,0,38.8,sub-county of Uganda,1,country_wd
Q31923211,Irongo,,1,0,38.8,sub-county of Uganda,1,country_wd
Q31923233,Isango,,1,0,38.8,sub-county of Uganda,1,country_wd
Q31923240,Ishaka Division,,1,0,38.8,division of Uganda,1,country_wd
Q31923245,Ishongororo Town Council,,1,0,38.8,town council of Uganda,1,country_wd
Q31923269,Isingiro Town Council,,1,0,38.8,town council of Uganda,1,country_wd
Q31925578,Itirikwa,,1,0,38.8,sub-county of Uganda,1,country_wd
Q31925580,Itojo,,1,0,38.8,sub-county of Uganda,1,country_wd
Q31925584,Itula,,1,0,38.8,sub-county of Uganda,1,country_wd
Q31925590,Ivukula,,1,0,38.8,sub-county of Uganda,1,country_wd
Q31928341,Jangokoro,,1,0,38.8,sub-county of Uganda,1,country_wd
Q31928628,Kaabong East,,1,0,38.8,sub-county of Uganda,1,country_wd
Q31928629,Kaabong Town Council,,1,0,38.8,town council of Uganda,1,country_wd
Q31928630,Kaabong West,,1,0,38.8,sub-county of Uganda,1,country_wd
Q31928643,Kaazi Point,,1,0,38.8,point,1,country_wd
Q31928647,Kabamba,,1,0,38.8,sub-county of Uganda,1,country_wd
Q31928650,Kabambiro,,1,0,38.8,sub-county of Uganda,1,country_wd
Q31928654,Kabei,,1,0,38.8,sub-county of Uganda,1,country_wd
Q31928663,Kaberamaido,,1,0,38.8,sub-county of Uganda,1,country_wd
Q31928664,Kaberamaido Town Council,,1,0,38.8,town council of Uganda,1,country_wd
Q31928665,Kaberebere Town Council,,1,0,38.8,town council of Uganda,1,country_wd
Q31928671,Kabilemog,,1,0,38.8,,1,country_wd
Q31928674,Kabingo,,1,0,38.8,sub-county of Uganda,1,country_wd
Q31928675,Kabira,,1,0,38.8,sub-county of Uganda,1,country_wd
Q31928676,Kabira,,1,0,38.8,sub-county of Uganda,1,country_wd
Q31928681,Kabonera,,1,0,38.8,sub-county of Uganda,1,country_wd
Q31928682,Kabonero,,1,0,38.8,sub-county of Uganda,1,country_wd
Q31928688,Kabulasoke,,1,0,38.8,sub-county of Uganda,1,country_wd
Q31928697,Kabuyanda Town Council,,1,0,38.8,town council of Uganda,1,country_wd
Q31928703,Kabwangasi,,1,0,38.8,sub-county of Uganda,1,country_wd
Q31928731,Kabwohe-Itendero Tc,,1,0,38.8,town council of Uganda,1,country_wd
Q31928744,Kacheera,,1,0,38.8,sub-county of Uganda,1,country_wd
Q31928749,Kacheri,,1,0,38.8,sub-county of Uganda,1,country_wd
Q31928766,Kachomo,,1,0,38.8,sub-county of Uganda,1,country_wd
Q31928769,Kachonga,,1,0,38.8,sub-county of Uganda,1,country_wd
Q31928771,Kachumbala,,1,0,38.8,sub-county of Uganda,1,country_wd
Q31928777,Kadama,,1,0,38.8,sub-county of Uganda,1,country_wd
Q31928788,Kaderuna,,1,0,38.8,sub-county of Uganda,1,country_wd
Q31928792,Kadonyo,,1,0,38.8,,1,country_wd
Q31928888,Kafunda Bay,,1,0,38.8,bight,1,country_wd
Q31928900,Kagadi,,1,0,38.8,sub-county of Uganda,1,country_wd
Q31928902,Kagadi Town Council,,1,0,38.8,town council of Uganda,1,country_wd
Q31928905,Kagamba,,1,0,38.8,sub-county of Uganda,1,country_wd
Q31928914,Kagongi,,1,0,38.8,sub-county of Uganda,1,country_wd
Q31928916,Kagulu,,1,0,38.8,sub-county of Uganda,1,country_wd
Q31928931,Kaharo,,1,0,38.8,sub-county of Uganda,1,country_wd
Q31928948,Kahoora Division,,1,0,38.8,division of Uganda,1,country_wd
Q31928951,Kahunge,,1,0,38.8,sub-county of Uganda,1,country_wd
Q31929019,Kajobwiki,,1,0,38.8,,1,country_wd
Q31929022,Kakabara,,1,0,38.8,sub-county of Uganda,1,country_wd
Q31929054,Kakiika,,1,0,38.8,sub-county of Uganda,1,country_wd
Q31929056,Kakindo,,1,0,38.8,sub-county of Uganda,1,country_wd
Q31929060,Kakindu,,1,0,38.8,sub-county of Uganda,1,country_wd
Q31929062,Kakindu Swamp,,1,0,38.8,swamp,1,country_wd
Q31929067,Kakira Town Council,,1,0,38.8,town council of Uganda,1,country_wd
Q31929071,Kakiri Town Council,,1,0,38.8,town council of Uganda,1,country_wd
Q31929083,Kakomongole,,1,0,38.8,sub-county of Uganda,1,country_wd
Q31929090,Kakooge,,1,0,38.8,sub-county of Uganda,1,country_wd
Q31929093,Kakooge Town Council,,1,0,38.8,town council of Uganda,1,country_wd
Q31929096,Kakoro,,1,0,38.8,sub-county of Uganda,1,country_wd
Q31929098,Kakoromeri,,1,0,38.8,,1,country_wd
Q31929113,Kakule,,1,0,38.8,sub-county of Uganda,1,country_wd
Q31929126,Kakumiro Town Council,,1,0,38.8,town council of Uganda,1,country_wd
Q31929133,Kakure,,1,0,38.8,sub-county of Uganda,1,country_wd
Q31929137,Kakuuto,,1,0,38.8,sub-county of Uganda,1,country_wd
Q31929157,Kalabi Dam,,1,0,38.8,dam,1,country_wd
Q31929168,Kalagala,,1,0,38.8,sub-county of Uganda,1,country_wd
Q31929177,Kalaki,,1,0,38.8,sub-county of Uganda,1,country_wd
Q31929188,Kalamba,,1,0,38.8,sub-county of Uganda,1,country_wd
Q31929192,Kalambi Forest,,1,0,38.8,forest,1,country_wd
Q31929201,Kalangala Town Council,,1,0,38.8,town council of Uganda,1,country_wd
Q31929203,Kalangalo,,1,0,38.8,sub-county of Uganda,1,country_wd
Q31929208,Kalapata,,1,0,38.8,sub-county of Uganda,1,country_wd
Q31929248,Kaleri Basin,,1,0,38.8,depression,1,country_wd
Q31929251,Kaliiro,,1,0,38.8,sub-county of Uganda,1,country_wd
Q31929268,Kaliro Town Council,,1,0,38.8,town council of Uganda,1,country_wd
Q31929273,Kalisizo,,1,0,38.8,sub-county of Uganda,1,country_wd
Q31929276,Kalisizo Town Council,,1,0,38.8,town council of Uganda,1,country_wd
Q31929372,Kalongo Town Council,,1,0,38.8,town council of Uganda,1,country_wd
Q31929379,Kalotakori,,1,0,38.8,,1,country_wd
Q31929406,Kalungi,,1,0,38.8,sub-county of Uganda,1,country_wd
Q31929409,Kalungu,,1,0,38.8,sub-county of Uganda,1,country_wd
Q31929411,Kalungu Town Council,,1,0,38.8,town council of Uganda,1,country_wd
Q31929418,Kalwana,,1,0,38.8,sub-county of Uganda,1,country_wd
Q31929429,Kalyambuzi Swamp,,1,0,38.8,swamp,1,country_wd
Q31929432,Kamairo,,1,0,38.8,,1,country_wd
Q31929479,Kambuga,,1,0,38.8,sub-county of Uganda,1,country_wd
Q31929483,Kambuga Town Council,,1,0,38.8,town council of Uganda,1,country_wd
Q31929505,Kamdini,,1,0,38.8,sub-county of Uganda,1,country_wd
Q31929522,Kameke,,1,0,38.8,sub-county of Uganda,1,country_wd
Q31929524,Kamengo,,1,0,38.8,sub-county of Uganda,1,country_wd
Q31929530,Kameruka,,1,0,38.8,sub-county of Uganda,1,country_wd
Q31929533,Kamet,,1,0,38.8,sub-county of Uganda,1,country_wd
Q31929547,Kamikata,,1,0,38.8,,1,country_wd
Q31929552,Kamion,,1,0,38.8,sub-county of Uganda,1,country_wd
Q31929555,Kamira,,1,0,38.8,sub-county of Uganda,1,country_wd
Q31929599,Kamuda,,1,0,38.8,sub-county of Uganda,1,country_wd
Q31929600,Kamuganguzi,,1,0,38.8,sub-county of Uganda,1,country_wd
Q31929603,Kamuge,,1,0,38.8,sub-county of Uganda,1,country_wd
Q31929611,Kamuli Town Council,,1,0,38.8,town council of Uganda,1,country_wd
Q31929612,Kamulongo Point,,1,0,38.8,point,1,country_wd
Q31929622,Kamwenge,,1,0,38.8,sub-county of Uganda,1,country_wd
Q31929625,Kamwezi,,1,0,38.8,sub-county of Uganda,1,country_wd
Q31929662,Kananarok Waterhole,,1,0,38.8,waterhole,1,country_wd
Q31929664,Kanara,,1,0,38.8,sub-county of Uganda,1,country_wd
Q31929667,Kanara,,1,0,38.8,sub-county of Uganda,1,country_wd
Q31929670,Kanara Town Council,,1,0,38.8,town council of Uganda,1,country_wd
Q31929705,Kangai,,1,0,38.8,sub-county of Uganda,1,country_wd
Q31929714,Kanginima,,1,0,38.8,sub-county of Uganda,1,country_wd
Q31929720,Kango,,1,0,38.8,sub-county of Uganda,1,country_wd
Q31929739,Kangulumira,,1,0,38.8,sub-county of Uganda,1,country_wd
Q31929748,Kanjego Bay,,1,0,38.8,bight,1,country_wd
Q31929772,Kanoni,,1,0,38.8,sub-county of Uganda,1,country_wd
Q31929773,Kanoni Town Council,,1,0,38.8,town council of Uganda,1,country_wd
Q31929817,Kanungu Town Council,,1,0,38.8,town council of Uganda,1,country_wd
Q31929819,Kanyabwanga,,1,0,38.8,sub-county of Uganda,1,country_wd
Q31929827,Kanyantorogo,,1,0,38.8,sub-county of Uganda,1,country_wd
Q31929841,Kanyum,,1,0,38.8,sub-county of Uganda,1,country_wd
Q31929868,Kapchesombe,,1,0,38.8,sub-county of Uganda,1,country_wd
Q31929869,Kapchorwa Town Council,,1,0,38.8,town council of Uganda,1,country_wd
Q31929871,Kapedo,,1,0,38.8,sub-county of Uganda,1,country_wd
Q31929876,Kapeke,,1,0,38.8,sub-county of Uganda,1,country_wd
Q31929887,Kapir,,1,0,38.8,sub-county of Uganda,1,country_wd
Q31929908,Kaproron,,1,0,38.8,sub-county of Uganda,1,country_wd
Q31929910,Kapsinda,,1,0,38.8,sub-county of Uganda,1,country_wd
Q31929913,Kaptanya,,1,0,38.8,sub-county of Uganda,1,country_wd
Q31929918,Kaptererwo,,1,0,38.8,sub-county of Uganda,1,country_wd
Q31929919,Kapteret,,1,0,38.8,sub-county of Uganda,1,country_wd
Q31929921,Kaptoyoy,,1,0,38.8,sub-county of Uganda,1,country_wd
Q31929922,Kaptum,,1,0,38.8,sub-county of Uganda,1,country_wd
Q31929925,Kapujan,,1,0,38.8,sub-county of Uganda,1,country_wd
Q31929942,Karachomin,,1,0,38.8,,1,country_wd
Q31929945,Karago Town Council,,1,0,38.8,town council of Uganda,1,country_wd
Q31929949,Karambi,,1,0,38.8,sub-county of Uganda,1,country_wd
Q31929952,Karambi,,1,0,38.8,sub-county of Uganda,1,country_wd
Q31929956,Karangura,,1,0,38.8,sub-county of Uganda,1,country_wd
Q31930056,Karisagiriatum,,1,0,38.8,,1,country_wd
Q31930114,Karugabirira,,1,0,38.8,swamp,1,country_wd
Q31930118,Karugutu Town Council,,1,0,38.8,town council of Uganda,1,country_wd
Q31930120,Karujubu Division,,1,0,38.8,division of Uganda,1,country_wd
Q31930122,Karuma Dam,,1,0,38.8,,1,country_wd
Q31930123,Karungu,,1,0,38.8,sub-county of Uganda,1,country_wd
Q31930125,Karusandara,,1,0,38.8,sub-county of Uganda,1,country_wd
Q31930130,Kasaali,,1,0,38.8,sub-county of Uganda,1,country_wd
Q31930132,Kasaana,,1,0,38.8,sub-county of Uganda,1,country_wd
Q31930138,Kasagama,,1,0,38.8,sub-county of Uganda,1,country_wd
Q31930149,Kasambya,,1,0,38.8,sub-county of Uganda,1,country_wd
Q31930153,Kasambya,,1,0,38.8,sub-county of Uganda,1,country_wd
Q31930158,Kasangombe,,1,0,38.8,sub-county of Uganda,1,country_wd
Q31930161,Kasanje,,1,0,38.8,sub-county of Uganda,1,country_wd
Q31930169,Kasasa,,1,0,38.8,sub-county of Uganda,1,country_wd
Q31930173,Kasasira,,1,0,38.8,sub-county of Uganda,1,country_wd
Q31930190,Kasenda,,1,0,38.8,sub-county of Uganda,1,country_wd
Q31930196,Kaserem,,1,0,38.8,sub-county of Uganda,1,country_wd
Q31930204,Kashambya,,1,0,38.8,sub-county of Uganda,1,country_wd
Q31930206,Kashangura,,1,0,38.8,sub-county of Uganda,1,country_wd
Q31930208,Kashare,,1,0,38.8,sub-county of Uganda,1,country_wd
Q31930215,Kashenshero,,1,0,38.8,sub-county of Uganda,1,country_wd
Q31930217,Kashenshero Town Council,,1,0,38.8,town council of Uganda,1,country_wd
Q31930231,Kashongi,,1,0,38.8,sub-county of Uganda,1,country_wd
Q31930235,Kashumba,,1,0,38.8,sub-county of Uganda,1,country_wd
Q31930252,Kasitu,,1,0,38.8,sub-county of Uganda,1,country_wd
Q31930255,Kasoga Point,,1,0,38.8,point,1,country_wd
Q31930289,Kasule,,1,0,38.8,sub-county of Uganda,1,country_wd
Q31930292,Kasulo Bay,,1,0,38.8,bight,1,country_wd
Q31930294,Kasulo Forest,,1,0,38.8,forest,1,country_wd
Q31930308,Katabala Forest,,1,0,38.8,forest,1,country_wd
Q31930314,Katakoma,,1,0,38.8,swamp,1,country_wd
Q31930316,Katakwi,,1,0,38.8,sub-county of Uganda,1,country_wd
Q31930317,Katakwi Town Council,,1,0,38.8,town council of Uganda,1,country_wd
Q31930322,Katale Point,,1,0,38.8,point,1,country_wd
Q31930324,Katanda,,1,0,38.8,sub-county of Uganda,1,country_wd
Q31930347,Kateebwa,,1,0,38.8,sub-county of Uganda,1,country_wd
Q31930350,Kateete,,1,0,38.8,sub-county of Uganda,1,country_wd
Q31930363,Katerera,,1,0,38.8,sub-county of Uganda,1,country_wd
Q31930367,Katerera Town Council,,1,0,38.8,town council of Uganda,1,country_wd
Q31930373,Kathile,,1,0,38.8,sub-county of Uganda,1,country_wd
Q31930381,Katikamu,,1,0,38.8,sub-county of Uganda,1,country_wd
Q31930392,Katira,,1,0,38.8,sub-county of Uganda,1,country_wd
Q31930424,Katooke,,1,0,38.8,sub-county of Uganda,1,country_wd
Q31930436,Katrini,,1,0,38.8,sub-county of Uganda,1,country_wd
Q31930462,Katuna Town Council,,1,0,38.8,town council of Uganda,1,country_wd
Q31930466,Katunguru,,1,0,38.8,sub-county of Uganda,1,country_wd
Q31930474,Katwe Kabatoro T.Council,,1,0,38.8,town council of Uganda,1,country_wd
Q31930512,Kawagga Swamp,,1,0,38.8,swamp,1,country_wd
Q31930513,Kawalakol,,1,0,38.8,sub-county of Uganda,1,country_wd
Q31930534,Kawolo,,1,0,38.8,sub-county of Uganda,1,country_wd
Q31930537,Kawotomera Bay,,1,0,38.8,bight,1,country_wd
Q31930539,Kawowo,,1,0,38.8,sub-county of Uganda,1,country_wd
Q31930545,Kayebe Point,,1,0,38.8,point,1,country_wd
Q31930552,Kayira Point,,1,0,38.8,point,1,country_wd
Q31930554,Kayobe Swamp,,1,0,38.8,swamp,1,country_wd
Q31930558,Kayonza,,1,0,38.8,sub-county of Uganda,1,country_wd
Q31930559,Kayonza,,1,0,38.8,sub-county of Uganda,1,country_wd
Q31930562,Kayonza,,1,0,38.8,sub-county of Uganda,1,country_wd
Q31930573,Kayunga Town Council,,1,0,38.8,town council of Uganda,1,country_wd
Q31930576,Kazi Point,,1,0,38.8,point,1,country_wd
Q31930580,Kazimizi Point,,1,0,38.8,point,1,country_wd
Q31930589,Kazo,,1,0,38.8,sub-county of Uganda,1,country_wd
Q31930591,Kazo Town Council,,1,0,38.8,town council of Uganda,1,country_wd
Q31930637,Kei,,1,0,38.8,sub-county of Uganda,1,country_wd
Q31930640,Keihangara,,1,0,38.8,sub-county of Uganda,1,country_wd
Q31930815,Kerwa,,1,0,38.8,sub-county of Uganda,1,country_wd
Q31930940,Khabutoola,,1,0,38.8,sub-county of Uganda,1,country_wd
Q31931234,Kibaale,,1,0,38.8,sub-county of Uganda,1,country_wd
Q31931236,Kibaale Town Council,,1,0,38.8,town council of Uganda,1,country_wd
Q31931239,Kibale,,1,0,38.8,sub-county of Uganda,1,country_wd
Q31931240,Kibalinga,,1,0,38.8,sub-county of Uganda,1,country_wd
Q31931243,Kibanda,,1,0,38.8,sub-county of Uganda,1,country_wd
Q31931245,Kibatsi,,1,0,38.8,sub-county of Uganda,1,country_wd
Q31931248,Kibibi,,1,0,38.8,sub-county of Uganda,1,country_wd
Q31931254,Kibiga,,1,0,38.8,sub-county of Uganda,1,country_wd
Q31931257,Kibinge,,1,0,38.8,sub-county of Uganda,1,country_wd
Q31931258,Kibingo Town Council,,1,0,38.8,town council of Uganda,1,country_wd
Q31931260,Kiboga Town Council,,1,0,38.8,town council of Uganda,1,country_wd
Q31931262,Kibona Point,,1,0,38.8,point,1,country_wd
Q31931267,Kibuku,,1,0,38.8,sub-county of Uganda,1,country_wd
Q31931269,Kibuku Town Council,,1,0,38.8,town council of Uganda,1,country_wd
Q31931272,Kibuku Town Council,,1,0,38.8,town council of Uganda,1,country_wd
Q31931275,Kibumba Point,,1,0,38.8,point,1,country_wd
Q31931278,Kicheche,,1,0,38.8,sub-county of Uganda,1,country_wd
Q31931280,Kichwamba,,1,0,38.8,sub-county of Uganda,1,country_wd
Q31931282,Kicuzi,,1,0,38.8,sub-county of Uganda,1,country_wd
Q31931285,Kicwamba,,1,0,38.8,sub-county of Uganda,1,country_wd
Q31931293,Kidera,,1,0,38.8,sub-county of Uganda,1,country_wd
Q31931295,Kidibuli Bay,,1,0,38.8,bight,1,country_wd
Q31931299,Kidongole,,1,0,38.8,sub-county of Uganda,1,country_wd
Q31931301,Kidubira Swamp,,1,0,38.8,swamp,1,country_wd
Q31931306,Kifamba,,1,0,38.8,sub-county of Uganda,1,country_wd
Q31931309,Kifo Bay,,1,0,38.8,bight,1,country_wd
Q31931313,Kigandalo,,1,0,38.8,sub-county of Uganda,1,country_wd
Q31931315,Kigando,,1,0,38.8,sub-county of Uganda,1,country_wd
Q31931317,Kigarama,,1,0,38.8,sub-county of Uganda,1,country_wd
Q31931320,Kigorobya,,1,0,38.8,sub-county of Uganda,1,country_wd
Q31931322,Kigorobya Town Council,,1,0,38.8,town council of Uganda,1,country_wd
Q31931325,Kigulya Division,,1,0,38.8,division of Uganda,1,country_wd
Q31931330,Kigumba Town Council,,1,0,38.8,town council of Uganda,1,country_wd
Q31931333,Kiguri,,1,0,38.8,,1,country_wd
Q31931335,Kigwera,,1,0,38.8,sub-county of Uganda,1,country_wd
Q31931339,Kihiihi,,1,0,38.8,sub-county of Uganda,1,country_wd
Q31931340,Kihiihi Town Council,,1,0,38.8,town council of Uganda,1,country_wd
Q31931343,Kihungya,,1,0,38.8,sub-county of Uganda,1,country_wd
Q31931346,Kihuura,,1,0,38.8,sub-county of Uganda,1,country_wd
Q31931348,Kijomoro,,1,0,38.8,sub-county of Uganda,1,country_wd
Q31931351,Kijongo,,1,0,38.8,sub-county of Uganda,1,country_wd
Q31931352,Kijura Town Council,,1,0,38.8,town council of Uganda,1,country_wd
Q31931355,Kikagate,,1,0,38.8,sub-county of Uganda,1,country_wd
Q31931359,Kikamulo,,1,0,38.8,sub-county of Uganda,1,country_wd
Q31931361,Kikandwa,,1,0,38.8,sub-county of Uganda,1,country_wd
Q31931363,Kiko Bay,,1,0,38.8,bight,1,country_wd
Q31931365,Kiko Town Council,,1,0,38.8,town council of Uganda,1,country_wd
Q31931371,Kikyusa,,1,0,38.8,sub-county of Uganda,1,country_wd
Q31931378,Kilembe,,1,0,38.8,sub-county of Uganda,1,country_wd
Q31931393,Kimanya/Kyabakuza Div.,,1,0,38.8,division of Uganda,1,country_wd
Q31931403,Kimengo,,1,0,38.8,sub-county of Uganda,1,country_wd
Q31931406,Kimenyedde,,1,0,38.8,sub-county of Uganda,1,country_wd
Q31931412,Kinaaba,,1,0,38.8,sub-county of Uganda,1,country_wd
Q31931415,Kinangoma,,1,0,38.8,swamp,1,country_wd
Q31932265,Kinoni,,1,0,38.8,sub-county of Uganda,1,country_wd
Q31932268,Kinoni,,1,0,38.8,sub-county of Uganda,1,country_wd
Q31932271,Kinuuka,,1,0,38.8,sub-county of Uganda,1,country_wd
Q31932273,Kinyankaro,,1,0,38.8,swamp,1,country_wd
Q31932278,Kinyogoga,,1,0,38.8,sub-county of Uganda,1,country_wd
Q31932284,Kira Town Council,,1,0,38.8,town council of Uganda,1,country_wd
Q31932286,Kirewa,,1,0,38.8,sub-county of Uganda,1,country_wd
Q31932290,Kirika,,1,0,38.8,sub-county of Uganda,1,country_wd
Q31932291,Kiriki,,1,0,38.8,sub-county of Uganda,1,country_wd
Q31932293,Kirima,,1,0,38.8,sub-county of Uganda,1,country_wd
Q31932294,Kiringente,,1,0,38.8,sub-county of Uganda,1,country_wd
Q31932302,Kiruhura Town Council,,1,0,38.8,town council of Uganda,1,country_wd
Q31932303,Kirumba,,1,0,38.8,sub-county of Uganda,1,country_wd
Q31932306,Kirumya,,1,0,38.8,sub-county of Uganda,1,country_wd
Q31932310,Kiryandongo,,1,0,38.8,sub-county of Uganda,1,country_wd
Q31932311,Kiryandongo Refugee Set.,,1,0,38.8,sub-county of Uganda,1,country_wd
Q31932313,Kiryandongo Town Council,,1,0,38.8,town council of Uganda,1,country_wd
Q31932315,Kiryanga,,1,0,38.8,sub-county of Uganda,1,country_wd
Q31932317,Kisankombe Forest,,1,0,38.8,forest,1,country_wd
Q31932319,Kisekka,,1,0,38.8,sub-county of Uganda,1,country_wd
Q31932321,Kisiita,,1,0,38.8,sub-county of Uganda,1,country_wd
Q31932323,Kisinga,,1,0,38.8,sub-county of Uganda,1,country_wd
Q31932327,Kisisita Forest,,1,0,38.8,forest,1,country_wd
Q31932328,Kisojo,,1,0,38.8,sub-county of Uganda,1,country_wd
Q31932330,Kisoko Bay,,1,0,38.8,bight,1,country_wd
Q31932332,Kisoloberu Point,,1,0,38.8,point,1,country_wd
Q31932334,Kisoro Town Council,,1,0,38.8,town council of Uganda,1,country_wd
Q31932336,Kisozi,,1,0,38.8,sub-county of Uganda,1,country_wd
Q31932337,Kisuba,,1,0,38.8,sub-county of Uganda,1,country_wd
Q31932340,Kitambwa Forest,,1,0,38.8,forest,1,country_wd
Q31932342,Kitawoi,,1,0,38.8,sub-county of Uganda,1,country_wd
Q31932344,Kitayunjwa,,1,0,38.8,sub-county of Uganda,1,country_wd
Q31932346,Kitendere Point,,1,0,38.8,point,1,country_wd
Q31932348,Kitenga,,1,0,38.8,sub-county of Uganda,1,country_wd
Q31932353,Kitenga,,1,0,38.8,sub-county of Uganda,1,country_wd
Q31932357,Kito,,1,0,38.8,sub-county of Uganda,1,country_wd
Q31932365,Kitswamba,,1,0,38.8,sub-county of Uganda,1,country_wd
Q31932370,Kitumba,,1,0,38.8,sub-county of Uganda,1,country_wd
Q31932371,Kitumbi,,1,0,38.8,sub-county of Uganda,1,country_wd
Q31932374,Kituntu Sub-County,,1,0,38.8,sub-county of Uganda,1,country_wd
Q31932377,Kituura,,1,0,38.8,sub-county of Uganda,1,country_wd
Q31932381,Kitwe Town Council,,1,0,38.8,town council of Uganda,1,country_wd
Q31932382,Kityerera,,1,0,38.8,sub-county of Uganda,1,country_wd
Q31932384,Kivule Point,,1,0,38.8,point,1,country_wd
Q31932387,Kiwembo Forest,,1,0,38.8,forest,1,country_wd
Q31932388,Kiwoko Town Council,,1,0,38.8,town council of Uganda,1,country_wd
Q31932390,Kiwubwe Bay,,1,0,38.8,bight,1,country_wd
Q31932392,Kiyuni,,1,0,38.8,sub-county of Uganda,1,country_wd
Q31932394,Kiziba,,1,0,38.8,sub-county of Uganda,1,country_wd
Q31932396,Kiziba Point,,1,0,38.8,point,1,country_wd
Q31932401,Kizinga Point,,1,0,38.8,point,1,country_wd
Q31932403,Kizinkuba and Kyere Forests,,1,0,38.8,forest,1,country_wd
Q31932404,Kiziranfumbi,,1,0,38.8,sub-county of Uganda,1,country_wd
Q31932407,Kkingo,,1,0,38.8,sub-county of Uganda,1,country_wd
Q31933724,Koboko Town Council,,1,0,38.8,town council of Uganda,1,country_wd
Q31933738,Kobwin,,1,0,38.8,sub-county of Uganda,1,country_wd
Q31933745,Koch Goma,,1,0,38.8,sub-county of Uganda,1,country_wd
Q31933751,Kodanapal Waterhole,,1,0,38.8,waterhole,1,country_wd
Q31934034,Kojja Peninsula,,1,0,38.8,peninsula,1,country_wd
Q31934070,Kokilokit,,1,0,38.8,,1,country_wd
Q31934144,Kole Town Council,,1,0,38.8,town council of Uganda,1,country_wd
Q31934150,Kolele Waterhole,,1,0,38.8,waterhole,1,country_wd
Q31934163,Kolir,,1,0,38.8,sub-county of Uganda,1,country_wd
Q31934747,Kopotiar,,1,0,38.8,,1,country_wd
Q31934901,Koro,,1,0,38.8,sub-county of Uganda,1,country_wd
Q31934917,Koromwa,,1,0,38.8,,1,country_wd
Q31934951,Kortek,,1,0,38.8,sub-county of Uganda,1,country_wd
Q31935072,Kotido,,1,0,38.8,sub-county of Uganda,1,country_wd
Q31935078,Kotido Town Council,,1,0,38.8,town council of Uganda,1,country_wd
Q31935090,Kotomol,,1,0,38.8,sub-county of Uganda,1,country_wd
Q31936114,Kuju,,1,0,38.8,sub-county of Uganda,1,country_wd
Q31936198,Kuluba,,1,0,38.8,sub-county of Uganda,1,country_wd
Q31936207,Kululu,,1,0,38.8,sub-county of Uganda,1,country_wd
Q31936301,Kumbu Bay,,1,0,38.8,bight,1,country_wd
Q31936332,Kumi Town Council,,1,0,38.8,town council of Uganda,1,country_wd
Q31936488,Kuru,,1,0,38.8,sub-county of Uganda,1,country_wd
Q31937136,Kwanyiny,,1,0,38.8,sub-county of Uganda,1,country_wd
Q31937140,Kwapa,,1,0,38.8,sub-county of Uganda,1,country_wd
Q31937279,Kwera,,1,0,38.8,sub-county of Uganda,1,country_wd
Q31937283,Kwosir,,1,0,38.8,sub-county of Uganda,1,country_wd
Q31937287,Kyabakara,,1,0,38.8,sub-county of Uganda,1,country_wd
Q31937289,Kyabarungira,,1,0,38.8,sub-county of Uganda,1,country_wd
Q31937290,Kyabigambire,,1,0,38.8,sub-county of Uganda,1,country_wd
Q31937292,Kyabirwa Falls,,1,0,38.8,,1,country_wd
Q31937294,Kyakabadiima,,1,0,38.8,sub-county of Uganda,1,country_wd
Q31937305,Kyampisi,,1,0,38.8,sub-county of Uganda,1,country_wd
Q31937307,Kyamuhunga,,1,0,38.8,sub-county of Uganda,1,country_wd
Q31937309,Kyamuliibwa,,1,0,38.8,sub-county of Uganda,1,country_wd
Q31937313,Kyamuswa,,1,0,38.8,sub-county of Uganda,1,country_wd
Q31937320,Kyanaisoke,,1,0,38.8,sub-county of Uganda,1,country_wd
Q31937322,Kyanamira,,1,0,38.8,sub-county of Uganda,1,country_wd
Q31937330,Kyangwali,,1,0,38.8,sub-county of Uganda,1,country_wd
Q31937332,Kyangyenyi,,1,0,38.8,sub-county of Uganda,1,country_wd
Q31937338,Kyankuba Point,,1,0,38.8,point,1,country_wd
Q31937343,Kyarumba,,1,0,38.8,sub-county of Uganda,1,country_wd
Q31937348,Kyaterekera,,1,0,38.8,sub-county of Uganda,1,country_wd
Q31937355,Kyazanga,,1,0,38.8,sub-county of Uganda,1,country_wd
Q31937363,Kyazanga Town Council,,1,0,38.8,town council of Uganda,1,country_wd
Q31937369,Kyebando,,1,0,38.8,sub-county of Uganda,1,country_wd
Q31937373,Kyebe,,1,0,38.8,sub-county of Uganda,1,country_wd
Q31937380,Kyegegwa,,1,0,38.8,sub-county of Uganda,1,country_wd
Q31937385,Kyegegwa Town Council,,1,0,38.8,town council of Uganda,1,country_wd
Q31937390,Kyegonza,,1,0,38.8,sub-county of Uganda,1,country_wd
Q31937394,Kyeizoba,,1,0,38.8,sub-county of Uganda,1,country_wd
Q31937399,Kyenjojo Town Council,,1,0,38.8,town council of Uganda,1,country_wd
Q31937406,Kyenzige,,1,0,38.8,sub-county of Uganda,1,country_wd
Q31937413,Kyere,,1,0,38.8,sub-county of Uganda,1,country_wd
Q31937418,Kyereta,,1,0,38.8,swamp,1,country_wd
Q31937431,Kyondo,,1,0,38.8,sub-county of Uganda,1,country_wd
Q31937435,Kyotera Town Council,,1,0,38.8,town council of Uganda,1,country_wd
Q31938973,L. Katwe,,1,0,38.8,sub-county of Uganda,1,country_wd
Q31939256,Labori,,1,0,38.8,sub-county of Uganda,1,country_wd
Q31941557,Lakwana,,1,0,38.8,sub-county of Uganda,1,country_wd
Q31941563,Lala Point,,1,0,38.8,point,1,country_wd
Q31941899,Lamiyo,,1,0,38.8,sub-county of Uganda,1,country_wd
Q31942269,Lapono,,1,0,38.8,sub-county of Uganda,1,country_wd
Q31942280,Laroo,,1,0,38.8,sub-county of Uganda,1,country_wd
Q31942301,Laso Falls,,1,0,38.8,,1,country_wd
Q31942310,Latapwa Dam,,1,0,38.8,dam,1,country_wd
Q31942354,Layibi,,1,0,38.8,sub-county of Uganda,1,country_wd
Q31942585,Lefori,,1,0,38.8,sub-county of Uganda,1,country_wd
Q31943017,Lira,,1,0,38.8,sub-county of Uganda,1,country_wd
Q31943020,Lira Palwo,,1,0,38.8,sub-county of Uganda,1,country_wd
Q31943229,Lobalangit,,1,0,38.8,sub-county of Uganda,1,country_wd
Q31943246,Loborukitaat,,1,0,38.8,,1,country_wd
Q31943248,Lobule,,1,0,38.8,sub-county of Uganda,1,country_wd
Q31943265,Lochoriawoyan,,1,0,38.8,,1,country_wd
Q31943268,Lochorkaesilen,,1,0,38.8,,1,country_wd
Q31943272,Lodiko,,1,0,38.8,sub-county of Uganda,1,country_wd
Q31943275,Lodonga,,1,0,38.8,sub-county of Uganda,1,country_wd
Q31943298,Logiri,,1,0,38.8,sub-county of Uganda,1,country_wd
Q31943302,Lokaale,,1,0,38.8,,1,country_wd
Q31943309,Lokimait Waterhole,,1,0,38.8,waterhole,1,country_wd
Q31943312,Lokiriset Waterhole,,1,0,38.8,waterhole,1,country_wd
Q31943315,Lokopo,,1,0,38.8,sub-county of Uganda,1,country_wd
Q31943325,Lolachat,,1,0,38.8,sub-county of Uganda,1,country_wd
Q31943329,Lolelia,,1,0,38.8,sub-county of Uganda,1,country_wd
Q31943451,Lomuno,,1,0,38.8,,1,country_wd
Q31943527,Longori Dam,,1,0,38.8,dam,1,country_wd
Q31943544,Lonukaf,,1,0,38.8,,1,country_wd
Q31943580,Lopei,,1,0,38.8,sub-county of Uganda,1,country_wd
Q31943581,Lopitapar Waterhole,,1,0,38.8,waterhole,1,country_wd
Q31943587,Lorengedwat,,1,0,38.8,sub-county of Uganda,1,country_wd
Q31943596,Loroo,,1,0,38.8,sub-county of Uganda,1,country_wd
Q31943860,Lotenepus,,1,0,38.8,,1,country_wd
Q31943910,Lotome,,1,0,38.8,sub-county of Uganda,1,country_wd
Q31943925,Lotukei,,1,0,38.8,sub-county of Uganda,1,country_wd
Q31944176,Lowoya,,1,0,38.8,,1,country_wd
Q31944342,Lubanga Forest,,1,0,38.8,forest,1,country_wd
Q31944373,Lubembe Point,,1,0,38.8,point,1,country_wd
Q31944395,Lubiriye,,1,0,38.8,swamp,1,country_wd
Q31944485,Ludara,,1,0,38.8,sub-county of Uganda,1,country_wd
Q31944542,Lufudu Bay,,1,0,38.8,bight,1,country_wd
Q31944586,Lugazi Town Council,,1,0,38.8,town council of Uganda,1,country_wd
Q31944727,Lukaya Town Council,,1,0,38.8,town council of Uganda,1,country_wd
Q31944743,Lukhonge,,1,0,38.8,sub-county of Uganda,1,country_wd
Q31944821,Lukumbi Swamp,,1,0,38.8,swamp,1,country_wd
Q31945100,Lunzuma Point,,1,0,38.8,point,1,country_wd
Q31945207,Lusaka Point,,1,0,38.8,point,1,country_wd
Q31945252,Lusha,,1,0,38.8,sub-county of Uganda,1,country_wd
Q31945370,Lutembe Beach,,1,0,38.8,beach,1,country_wd
Q31945418,Luuka Town Council,,1,0,38.8,town council of Uganda,1,country_wd
Q31945453,Luwero Town Council,,1,0,38.8,town council of Uganda,1,country_wd
Q31945471,Luwoko Bay,,1,0,38.8,bight,1,country_wd
Q31945502,Lwabenge,,1,0,38.8,sub-county of Uganda,1,country_wd
Q31945509,Lwabyata,,1,0,38.8,sub-county of Uganda,1,country_wd
Q31945532,Lwakhakha Town Council,,1,0,38.8,town council of Uganda,1,country_wd
Q31945545,Lwamaggwa,,1,0,38.8,sub-county of Uganda,1,country_wd
Q31945558,Lwampanga,,1,0,38.8,sub-county of Uganda,1,country_wd
Q31945569,Lwanda,,1,0,38.8,sub-county of Uganda,1,country_wd
Q31945592,Lwankoni,,1,0,38.8,sub-county of Uganda,1,country_wd
Q31945602,Lwaso,,1,0,38.8,sub-county of Uganda,1,country_wd
Q31945608,Lwebitakuli,,1,0,38.8,sub-county of Uganda,1,country_wd
Q31945614,Lwemiyaga,,1,0,38.8,sub-county of Uganda,1,country_wd
Q31945636,Lwengo,,1,0,38.8,sub-county of Uganda,1,country_wd
Q31945640,Lwengo Town Council,,1,0,38.8,town council of Uganda,1,country_wd
Q31945663,Lyama,,1,0,38.8,sub-county of Uganda,1,country_wd
Q31945677,Lyantonde,,1,0,38.8,sub-county of Uganda,1,country_wd
Q31945683,Lyantonde Town Council,,1,0,38.8,town council of Uganda,1,country_wd
Q31946065,Maanyi,,1,0,38.8,sub-county of Uganda,1,country_wd
Q31946078,Mabaale,,1,0,38.8,sub-county of Uganda,1,country_wd
Q31946192,Mabo Point,,1,0,38.8,point,1,country_wd
Q31946703,Madudu,,1,0,38.8,sub-county of Uganda,1,country_wd
Q31946862,Mafubira,,1,0,38.8,sub-county of Uganda,1,country_wd
Q31946924,Magada,,1,0,38.8,sub-county of Uganda,1,country_wd
Q31946940,Magale,,1,0,38.8,sub-county of Uganda,1,country_wd
Q31946964,Magambo,,1,0,38.8,sub-county of Uganda,1,country_wd
Q31947069,Magola,,1,0,38.8,sub-county of Uganda,1,country_wd
Q31947092,Magonya Bay,,1,0,38.8,bight,1,country_wd
Q31947097,Magoro,,1,0,38.8,sub-county of Uganda,1,country_wd
Q31947198,Mahango,,1,0,38.8,sub-county of Uganda,1,country_wd
Q31947383,Mahyoro,,1,0,38.8,sub-county of Uganda,1,country_wd
Q31947453,Majebo Point,,1,0,38.8,point,1,country_wd
Q31947707,Makiraga Bay,,1,0,38.8,bight,1,country_wd
Q31947764,Makokota,,1,0,38.8,sub-county of Uganda,1,country_wd
Q31947830,Makopa Point,,1,0,38.8,point,1,country_wd
Q31947916,Makulubita,,1,0,38.8,sub-county of Uganda,1,country_wd
Q31948066,Malaba Town Council,,1,0,38.8,town council of Uganda,1,country_wd
Q31948131,Malangala,,1,0,38.8,sub-county of Uganda,1,country_wd
Q31948200,Malera,,1,0,38.8,sub-county of Uganda,1,country_wd
Q31948266,Malirwe Point,,1,0,38.8,point,1,country_wd
Q31948345,Malongo,,1,0,38.8,sub-county of Uganda,1,country_wd
Q31948349,Malongo,,1,0,38.8,sub-county of Uganda,1,country_wd
Q31948668,Manafwa Town Council,,1,0,38.8,town council of Uganda,1,country_wd
Q31949484,Manyogaseka,,1,0,38.8,sub-county of Uganda,1,country_wd
Q31949911,Maracha Town Council,,1,0,38.8,town council of Uganda,1,country_wd
Q31950766,Masaba,,1,0,38.8,sub-county of Uganda,1,country_wd
Q31950976,Masese/Walukuba Division,,1,0,38.8,division of Uganda,1,country_wd
Q31951039,Masheruka,,1,0,38.8,sub-county of Uganda,1,country_wd
Q31951145,Masiira,,1,0,38.8,sub-county of Uganda,1,country_wd
Q31951177,Masindi Port,,1,0,38.8,sub-county of Uganda,1,country_wd
Q31951337,Masulita Town Council,,1,0,38.8,town council of Uganda,1,country_wd
Q31951571,Matale,,1,0,38.8,sub-county of Uganda,1,country_wd
Q31951637,Matany,,1,0,38.8,sub-county of Uganda,1,country_wd
Q31951768,Mateete Town Council,,1,0,38.8,town council of Uganda,1,country_wd
Q31951825,Matheniko Game Reserve,,1,0,38.8,,1,country_wd
Q31951829,Matheniko Wildlife Reserve,,1,0,38.8,wildlife refuge,1,country_wd
Q31952514,Mawanga Point,,1,0,38.8,point,1,country_wd
Q31952637,Mayanga,,1,0,38.8,sub-county of Uganda,1,country_wd
Q31952774,Mayuge Town Council,,1,0,38.8,town council of Uganda,1,country_wd
Q31952879,Maziba,,1,0,38.8,sub-county of Uganda,1,country_wd
Q31952903,Mazinga,,1,0,38.8,sub-county of Uganda,1,country_wd
Q31953020,Mbaare,,1,0,38.8,sub-county of Uganda,1,country_wd
Q31953069,Mbale Forest,,1,0,38.8,forest,1,country_wd
Q31953407,Mbulamuti,,1,0,38.8,sub-county of Uganda,1,country_wd
Q31953869,Mella,,1,0,38.8,sub-county of Uganda,1,country_wd
Q31953916,Mende,,1,0,38.8,sub-county of Uganda,1,country_wd
Q31953956,Mengo Bay,,1,0,38.8,bight,1,country_wd
Q31954002,Merikit,,1,0,38.8,sub-county of Uganda,1,country_wd
Q31954076,Meru Point,,1,0,38.8,point,1,country_wd
Q31954415,Metu,,1,0,38.8,sub-county of Uganda,1,country_wd
Q31955225,Midia,,1,0,38.8,sub-county of Uganda,1,country_wd
Q31955229,Midigo,,1,0,38.8,sub-county of Uganda,1,country_wd
Q31955365,Migeera Town Council,,1,0,38.8,town council of Uganda,1,country_wd
Q31955381,Miirya,,1,0,38.8,sub-county of Uganda,1,country_wd
Q31955388,Mijwala,,1,0,38.8,sub-county of Uganda,1,country_wd
Q31955653,Mirambi,,1,0,38.8,sub-county of Uganda,1,country_wd
Q31955671,Miranga Forest,,1,0,38.8,forest,1,country_wd
Q31955701,Mirongo Bay,,1,0,38.8,bight,1,country_wd
Q31955895,Mitooma Town Council,,1,0,38.8,town council of Uganda,1,country_wd
Q31955924,Mityana Town Council,,1,0,38.8,town council of Uganda,1,country_wd
Q31956777,Molo,,1,0,38.8,sub-county of Uganda,1,country_wd
Q31958023,Moruita,,1,0,38.8,sub-county of Uganda,1,country_wd
Q31958032,Morulem,,1,0,38.8,sub-county of Uganda,1,country_wd
Q31958041,Morungatuny,,1,0,38.8,sub-county of Uganda,1,country_wd
Q31959092,Moyo,,1,0,38.8,sub-county of Uganda,1,country_wd
Q31959097,Moyo Town Council,,1,0,38.8,town council of Uganda,1,country_wd
Q31959219,Mpara,,1,0,38.8,sub-county of Uganda,1,country_wd
Q31959223,Mparo Division,,1,0,38.8,division of Uganda,1,country_wd
Q31959234,Mpasaana,,1,0,38.8,sub-county of Uganda,1,country_wd
Q31959250,Mpatta,,1,0,38.8,sub-county of Uganda,1,country_wd
Q31959297,Mpenja,,1,0,38.8,sub-county of Uganda,1,country_wd
Q31959338,Mpigi Town Council,,1,0,38.8,town council of Uganda,1,country_wd
Q31959430,Mpondwe-Lhubiriha Tc,,1,0,38.8,town council of Uganda,1,country_wd
Q31959530,Mpumudde,,1,0,38.8,sub-county of Uganda,1,country_wd
Q31959534,Mpumudde/Kimaka Division,,1,0,38.8,division of Uganda,1,country_wd
Q31959550,Mpunda Point,,1,0,38.8,point,1,country_wd
Q31959560,Mpunge,,1,0,38.8,sub-county of Uganda,1,country_wd
Q31959576,Mpungwe,,1,0,38.8,sub-county of Uganda,1,country_wd
Q31959731,Mt. Elgon National Park,,1,0,38.8,,1,country_wd
Q31960226,Mubanda Point,,1,0,38.8,point,1,country_wd
Q31960241,Mubende Town Council,,1,0,38.8,town council of Uganda,1,country_wd
Q31960262,Muchambwa,,1,0,38.8,swamp,1,country_wd
Q31960460,Mugarama,,1,0,38.8,sub-county of Uganda,1,country_wd
Q31960470,Mugoye,,1,0,38.8,sub-county of Uganda,1,country_wd
Q31960482,Muhanga Town Council,,1,0,38.8,town council of Uganda,1,country_wd
Q31960491,Muhokya,,1,0,38.8,sub-county of Uganda,1,country_wd
Q31960496,Muhoro,,1,0,38.8,sub-county of Uganda,1,country_wd
Q31960500,Muhoro Town Council,,1,0,38.8,town council of Uganda,1,country_wd
Q31960670,Mukongoro,,1,0,38.8,sub-county of Uganda,1,country_wd
Q31960736,Mukungwe,,1,0,38.8,sub-county of Uganda,1,country_wd
Q31960745,Mukura,,1,0,38.8,sub-county of Uganda,1,country_wd
Q31960783,Mulagi,,1,0,38.8,sub-county of Uganda,1,country_wd
Q31960800,Mulanda,,1,0,38.8,sub-county of Uganda,1,country_wd
Q31960885,Mulimusa Point,,1,0,38.8,point,1,country_wd
Q31961096,Munarya,,1,0,38.8,sub-county of Uganda,1,country_wd
Q31963320,Muramba,,1,0,38.8,sub-county of Uganda,1,country_wd
Q31963415,Murora,,1,0,38.8,sub-county of Uganda,1,country_wd
Q31963576,Musenyu Bay,,1,0,38.8,bight,1,country_wd
Q31963587,Museyni Bay,,1,0,38.8,bight,1,country_wd
Q31963672,Musima Bay,,1,0,38.8,bight,1,country_wd
Q31963820,Mutara,,1,0,38.8,sub-county of Uganda,1,country_wd
Q31963914,Muterere,,1,0,38.8,sub-county of Uganda,1,country_wd
Q31964007,Mutoto,,1,0,38.8,sub-county of Uganda,1,country_wd
Q31964075,Mutunda,,1,0,38.8,sub-county of Uganda,1,country_wd
Q31964225,Muwanga,,1,0,38.8,sub-county of Uganda,1,country_wd
Q31964253,Muyembe,,1,0,38.8,sub-county of Uganda,1,country_wd
Q31964730,Mwizi,,1,0,38.8,sub-county of Uganda,1,country_wd
Q31964739,Mwola Forest,,1,0,38.8,forest,1,country_wd
Q31964762,Myanzi,,1,0,38.8,sub-county of Uganda,1,country_wd
Q31965989,Nabaale,,1,0,38.8,sub-county of Uganda,1,country_wd
Q31966010,Nababirye Point,,1,0,38.8,point,1,country_wd
Q31966028,Nabbanga Swamp,,1,0,38.8,swamp,1,country_wd
Q31966034,Nabigasa,,1,0,38.8,sub-county of Uganda,1,country_wd
Q31966040,Nabigherya Swamp,,1,0,38.8,swamp,1,country_wd
Q31966051,Nabingoola,,1,0,38.8,sub-county of Uganda,1,country_wd
Q31966055,Nabiswera,,1,0,38.8,sub-county of Uganda,1,country_wd
Q31966058,Nabitende,,1,0,38.8,sub-county of Uganda,1,country_wd
Q31966063,Naboa,,1,0,38.8,sub-county of Uganda,1,country_wd
Q31966086,Nabuyoga,,1,0,38.8,sub-county of Uganda,1,country_wd
Q31966095,Nabweya,,1,0,38.8,sub-county of Uganda,1,country_wd
Q31966161,Nagawoloma Swamp,,1,0,38.8,swamp,1,country_wd
Q31966190,Nagongera,,1,0,38.8,sub-county of Uganda,1,country_wd
Q31966195,Nagongera Town Council,,1,0,38.8,town council of Uganda,1,country_wd
Q31966226,Nairambi,,1,0,38.8,sub-county of Uganda,1,country_wd
Q31966230,Naireme Bay,,1,0,38.8,bight,1,country_wd
Q31966380,Najja,,1,0,38.8,sub-county of Uganda,1,country_wd
Q31966384,Najjembe,,1,0,38.8,sub-county of Uganda,1,country_wd
Q31966413,Nakabanda Point,,1,0,38.8,point,1,country_wd
Q31966426,Nakaiyut,,1,0,38.8,,1,country_wd
Q31966441,Nakakomo Point,,1,0,38.8,point,1,country_wd
Q31966454,Nakalama,,1,0,38.8,sub-county of Uganda,1,country_wd
Q31966472,Nakalanga Point,,1,0,38.8,point,1,country_wd
Q31966477,Nakalemo Point,,1,0,38.8,point,1,country_wd
Q31966489,Nakaloke Town Council,,1,0,38.8,town council of Uganda,1,country_wd
Q31966516,Nakamindu Point,,1,0,38.8,point,1,country_wd
Q31966545,Nakapiripirit T.Council,,1,0,38.8,town council of Uganda,1,country_wd
Q31966549,Nakaseke,,1,0,38.8,sub-county of Uganda,1,country_wd
Q31966552,Nakaseke Town Council,,1,0,38.8,town council of Uganda,1,country_wd
Q31966557,Nakasenyi Bay,,1,0,38.8,bight,1,country_wd
Q31966564,Nakasongola Town Council,,1,0,38.8,town council of Uganda,1,country_wd
Q31966588,Nakatsi,,1,0,38.8,sub-county of Uganda,1,country_wd
Q31966602,Nakayaga Bay,,1,0,38.8,bight,1,country_wd
Q31966612,Nakibega Swamp,,1,0,38.8,swamp,1,country_wd
Q31966619,Nakigo,,1,0,38.8,sub-county of Uganda,1,country_wd
Q31966624,Nakilaro,,1,0,38.8,,1,country_wd
Q31966632,Nakisunga,,1,0,38.8,sub-county of Uganda,1,country_wd
Q31966636,Nakito Forest,,1,0,38.8,forest,1,country_wd
Q31966642,Nakitokota Forest,,1,0,38.8,forest,1,country_wd
Q31966645,Nakitoma,,1,0,38.8,sub-county of Uganda,1,country_wd
Q31966653,Nakiyuka Point,,1,0,38.8,point,1,country_wd
Q31966675,Nakyesajo Bay,,1,0,38.8,bight,1,country_wd
Q31966735,Nalondo,,1,0,38.8,sub-county of Uganda,1,country_wd
Q31966764,Nalubale Point,,1,0,38.8,point,1,country_wd
Q31966860,Nalumuli Bay,,1,0,38.8,bight,1,country_wd
Q31966877,Nalusala,,1,0,38.8,sub-county of Uganda,1,country_wd
Q31966895,Nalutengera Swamp,,1,0,38.8,swamp,1,country_wd
Q31966903,Naluwaya Point,,1,0,38.8,point,1,country_wd
Q31966918,Nalwanza,,1,0,38.8,sub-county of Uganda,1,country_wd
Q31966922,Nalweyo,,1,0,38.8,sub-county of Uganda,1,country_wd
Q31966942,Nama,,1,0,38.8,sub-county of Uganda,1,country_wd
Q31966976,Namabya,,1,0,38.8,sub-county of Uganda,1,country_wd
Q31966991,Namadewa Bay,,1,0,38.8,bight,1,country_wd
Q31967002,Namagombe Swamp,,1,0,38.8,swamp,1,country_wd
Q31967055,Namalemba,,1,0,38.8,sub-county of Uganda,1,country_wd
Q31967071,Namalu,,1,0,38.8,sub-county of Uganda,1,country_wd
Q31967081,Namalumba Point,,1,0,38.8,point,1,country_wd
Q31967136,Namansa Point,,1,0,38.8,point,1,country_wd
Q31967141,Namanyo Point,,1,0,38.8,point,1,country_wd
Q31967145,Namanyonyi,,1,0,38.8,sub-county of Uganda,1,country_wd
Q31967164,Namasagali,,1,0,38.8,sub-county of Uganda,1,country_wd
Q31967167,Namasale,,1,0,38.8,sub-county of Uganda,1,country_wd
Q31967171,Namasale Tc,,1,0,38.8,town council of Uganda,1,country_wd
Q31967196,Namatiwa Forest,,1,0,38.8,forest,1,country_wd
Q31967203,Namatukulu Point,,1,0,38.8,point,1,country_wd
Q31967213,Namayingo Town Council,,1,0,38.8,town council of Uganda,1,country_wd
Q31967217,Namayumba Town Council,,1,0,38.8,town council of Uganda,1,country_wd
Q31967229,Nambale,,1,0,38.8,sub-county of Uganda,1,country_wd
Q31967232,Nambalire Point,,1,0,38.8,point,1,country_wd
Q31967250,Nambieso,,1,0,38.8,sub-county of Uganda,1,country_wd
Q31967262,Namboko,,1,0,38.8,sub-county of Uganda,1,country_wd
Q31967324,Namisuni,,1,0,38.8,sub-county of Uganda,1,country_wd
Q31967336,Namokora,,1,0,38.8,sub-county of Uganda,1,country_wd
Q31967356,Nampwotwe Swamp,,1,0,38.8,swamp,1,country_wd
Q31967374,Namugombe,,1,0,38.8,swamp,1,country_wd
Q31967375,Namugongo,,1,0,38.8,sub-county of Uganda,1,country_wd
Q31967377,Namugonya Bay,,1,0,38.8,bight,1,country_wd
Q31967421,Namungalwe,,1,0,38.8,sub-county of Uganda,1,country_wd
Q31967425,Namungo,,1,0,38.8,sub-county of Uganda,1,country_wd
Q31967541,Namutumba,,1,0,38.8,sub-county of Uganda,1,country_wd
Q31967544,Namutumba Town Council,,1,0,38.8,town council of Uganda,1,country_wd
Q31967571,Namwendwa,,1,0,38.8,"sub-county of Uganda, parish of Uganda",1,country_wd
Q31967586,Namwiwa,,1,0,38.8,sub-county of Uganda,1,country_wd
Q31967658,Nangabo,,1,0,38.8,sub-county of Uganda,1,country_wd
Q31967762,Nangusu Bay,,1,0,38.8,bight,1,country_wd
Q31967785,Nankakwa Bay,,1,0,38.8,bight,1,country_wd
Q31967792,Nankoma,,1,0,38.8,sub-county of Uganda,1,country_wd
Q31967825,Nansana Town Council,,1,0,38.8,town council of Uganda,1,country_wd
Q31967832,Nansanga,,1,0,38.8,sub-county of Uganda,1,country_wd
Q31967897,Napak Tc,,1,0,38.8,town council of Uganda,1,country_wd
Q31967902,Napak-Agkala Pass,,1,0,38.8,gap,1,country_wd
Q31967913,Napore,,1,0,38.8,sub-county of Uganda,1,country_wd
Q31968263,Natongale,,1,0,38.8,,1,country_wd
Q31968286,Naturongole,,1,0,38.8,,1,country_wd
Q31968388,Nawagunga Swamp,,1,0,38.8,swamp,1,country_wd
Q31968394,Nawaikoke,,1,0,38.8,sub-county of Uganda,1,country_wd
Q31968405,Nawampiti,,1,0,38.8,sub-county of Uganda,1,country_wd
Q31968410,Nawandala,,1,0,38.8,sub-county of Uganda,1,country_wd
Q31968425,Nawanyago,,1,0,38.8,sub-county of Uganda,1,country_wd
Q31968431,Nawanyingi,,1,0,38.8,sub-county of Uganda,1,country_wd
Q31968441,Naweyo,,1,0,38.8,sub-county of Uganda,1,country_wd
Q31968477,Nayere Vallley,,1,0,38.8,,1,country_wd
Q31968513,Nazimasa,,1,0,38.8,sub-county of Uganda,1,country_wd
Q31968646,Ndagwe,,1,0,38.8,sub-county of Uganda,1,country_wd
Q31968652,Ndaiga,,1,0,38.8,sub-county of Uganda,1,country_wd
Q31968657,Ndaija,,1,0,38.8,sub-county of Uganda,1,country_wd
Q31968775,Ndhew,,1,0,38.8,sub-county of Uganda,1,country_wd
Q31968872,Ndobwe Point,,1,0,38.8,point,1,country_wd
Q31968955,Ndowetwe Point,,1,0,38.8,point,1,country_wd
Q31968966,Nduguto,,1,0,38.8,sub-county of Uganda,1,country_wd
Q31969108,Nebbi Town Council,,1,0,38.8,town council of Uganda,1,country_wd
Q31969551,Nfunye Point,,1,0,38.8,point,1,country_wd
Q31969606,Ngamba,,1,0,38.8,sub-county of Uganda,1,country_wd
Q31969625,Ngando,,1,0,38.8,sub-county of Uganda,1,country_wd
Q31969749,Ngenge,,1,0,38.8,sub-county of Uganda,1,country_wd
Q31969753,Ngetta,,1,0,38.8,sub-county of Uganda,1,country_wd
Q31969831,Ngogwe,,1,0,38.8,sub-county of Uganda,1,country_wd
Q31970015,Ngoleriet,,1,0,38.8,sub-county of Uganda,1,country_wd
Q31970032,Ngoma,,1,0,38.8,sub-county of Uganda,1,country_wd
Q31970036,Ngoma,,1,0,38.8,sub-county of Uganda,1,country_wd
Q31970054,Ngoma Town Council,,1,0,38.8,town council of Uganda,1,country_wd
Q31970414,Ngwedo,,1,0,38.8,sub-county of Uganda,1,country_wd
Q31970949,Njeru Town Council,,1,0,38.8,town council of Uganda,1,country_wd
Q31970976,Njuguta,,1,0,38.8,swamp,1,country_wd
Q31971027,Nkana Point,,1,0,38.8,point,1,country_wd
Q31971146,Nkokonjeru Town Council,,1,0,38.8,town council of Uganda,1,country_wd
Q31971179,Nkondo,,1,0,38.8,sub-county of Uganda,1,country_wd
Q31971241,Nkooko,,1,0,38.8,sub-county of Uganda,1,country_wd
Q31971359,Nkungu Sc,,1,0,38.8,sub-county of Uganda,1,country_wd
Q31971533,Nombe,,1,0,38.8,sub-county of Uganda,1,country_wd
Q31972136,North West Sigulu Point,,1,0,38.8,point,1,country_wd
Q31972171,Northern Division,,1,0,38.8,"administrative territorial entity, electoral unit, division of Uganda",1,country_wd
Q31972178,Northern Division,,1,0,38.8,"administrative territorial entity, electoral unit, division of Uganda",1,country_wd
Q31972197,Northern Division,,1,0,38.8,division of Uganda,1,country_wd
Q31972204,Northern Division,,1,0,38.8,division of Uganda,1,country_wd
Q31972212,Northern Division,,1,0,38.8,division of Uganda,1,country_wd
Q31972639,Nsangi,,1,0,38.8,sub-county of Uganda,1,country_wd
Q31972651,Nsasi,,1,0,38.8,sub-county of Uganda,1,country_wd
Q31972691,Nsiika Town Council,,1,0,38.8,town council of Uganda,1,country_wd
Q31972715,Nsinze,,1,0,38.8,sub-county of Uganda,1,country_wd
Q31973034,Ntanda Point,,1,0,38.8,point,1,country_wd
Q31973060,Ntara,,1,0,38.8,sub-county of Uganda,1,country_wd
Q31973235,Ntotoro,,1,0,38.8,sub-county of Uganda,1,country_wd
Q31973317,Ntunda,,1,0,38.8,sub-county of Uganda,1,country_wd
Q31973330,Ntusi,,1,0,38.8,sub-county of Uganda,1,country_wd
Q31973347,Ntwetwe Town Council,,1,0,38.8,town council of Uganda,1,country_wd
Q31973725,Nwoya Town Council,,1,0,38.8,town council of Uganda,1,country_wd
Q31973760,Nyabbani,,1,0,38.8,sub-county of Uganda,1,country_wd
Q31973768,Nyabihoko,,1,0,38.8,sub-county of Uganda,1,country_wd
Q31973774,Nyabubare,,1,0,38.8,sub-county of Uganda,1,country_wd
Q31973781,Nyabuharwa,,1,0,38.8,sub-county of Uganda,1,country_wd
Q31973794,Nyabwishenya,,1,0,38.8,sub-county of Uganda,1,country_wd
Q31973822,Nyadri,,1,0,38.8,sub-county of Uganda,1,country_wd
Q31973873,Nyahuka Town Council,,1,0,38.8,town council of Uganda,1,country_wd
Q31973896,Nyakabirizi Division,,1,0,38.8,division of Uganda,1,country_wd
Q31973944,Nyakashashara,,1,0,38.8,sub-county of Uganda,1,country_wd
Q31973973,Nyakatonzi,,1,0,38.8,sub-county of Uganda,1,country_wd
Q31973977,Nyakayojo,,1,0,38.8,sub-county of Uganda,1,country_wd
Q31973984,Nyakinama,,1,0,38.8,sub-county of Uganda,1,country_wd
Q31973990,Nyakinoni,,1,0,38.8,sub-county of Uganda,1,country_wd
Q31973995,Nyakishana,,1,0,38.8,sub-county of Uganda,1,country_wd
Q31974001,Nyakishenyi,,1,0,38.8,sub-county of Uganda,1,country_wd
Q31974008,Nyakitunda,,1,0,38.8,sub-county of Uganda,1,country_wd
Q31974041,Nyakyera,,1,0,38.8,sub-county of Uganda,1,country_wd
Q31974184,Nyamarebe,,1,0,38.8,sub-county of Uganda,1,country_wd
Q31974209,Nyamarunda,,1,0,38.8,sub-county of Uganda,1,country_wd
Q31974214,Nyamarwa,,1,0,38.8,sub-county of Uganda,1,country_wd
Q31974403,Nyamirama,,1,0,38.8,sub-county of Uganda,1,country_wd
Q31974471,Nyamuyanja,,1,0,38.8,sub-county of Uganda,1,country_wd
Q31974485,Nyamwamba Division,,1,0,38.8,division of Uganda,1,country_wd
Q31974494,Nyamweru,,1,0,38.8,sub-county of Uganda,1,country_wd
Q31974523,Nyanama Point,,1,0,38.8,point,1,country_wd
Q31974555,Nyanga,,1,0,38.8,sub-county of Uganda,1,country_wd
Q31974590,Nyangahya Division,,1,0,38.8,division of Uganda,1,country_wd
Q31974693,Nyankwanzi,,1,0,38.8,sub-county of Uganda,1,country_wd
Q31974706,Nyantungo,,1,0,38.8,sub-county of Uganda,1,country_wd
Q31974796,Nyarubuye,,1,0,38.8,sub-county of Uganda,1,country_wd
Q31974839,Nyarushanje,,1,0,38.8,sub-county of Uganda,1,country_wd
Q31974847,Nyarusiza,,1,0,38.8,sub-county of Uganda,1,country_wd
Q31974952,Nyenga,,1,0,38.8,sub-county of Uganda,1,country_wd
Q31974980,Nyero,,1,0,38.8,sub-county of Uganda,1,country_wd
Q31975029,Nyimbwa,,1,0,38.8,sub-county of Uganda,1,country_wd
Q31975036,Nyimu Forest,,1,0,38.8,forest,1,country_wd
Q31975046,Nyoba Bay,,1,0,38.8,bight,1,country_wd
Q31975057,Nyondo,,1,0,38.8,sub-county of Uganda,1,country_wd
Q31975114,Nyundo,,1,0,38.8,sub-county of Uganda,1,country_wd
Q31979558,Obalanga,,1,0,38.8,sub-county of Uganda,1,country_wd
Q31979624,Ochero,,1,0,38.8,sub-county of Uganda,1,country_wd
Q31979665,Odupi,,1,0,38.8,sub-county of Uganda,1,country_wd
Q31979698,Ofua,,1,0,38.8,sub-county of Uganda,1,country_wd
Q31979738,Ogom,,1,0,38.8,sub-county of Uganda,1,country_wd
Q31979749,Ogor,,1,0,38.8,sub-county of Uganda,1,country_wd
Q31979755,Ogur,,1,0,38.8,sub-county of Uganda,1,country_wd
Q31979761,Ogwete,,1,0,38.8,sub-county of Uganda,1,country_wd
Q31979821,Okungur,,1,0,38.8,sub-county of Uganda,1,country_wd
Q31979827,Okwalongwen,,1,0,38.8,sub-county of Uganda,1,country_wd
Q31979834,Okwang,,1,0,38.8,sub-county of Uganda,1,country_wd
Q31979840,Okwerodot,,1,0,38.8,sub-county of Uganda,1,country_wd
Q31979845,Okwongdul,,1,0,38.8,sub-county of Uganda,1,country_wd
Q31979945,Oleba,,1,0,38.8,sub-county of Uganda,1,country_wd
Q31979957,Oli River Division,,1,0,38.8,division of Uganda,1,country_wd
Q31980159,Olilim,,1,0,38.8,sub-county of Uganda,1,country_wd
Q31980165,Olio,,1,0,38.8,sub-county of Uganda,1,country_wd
Q31980231,Olok,,1,0,38.8,sub-county of Uganda,1,country_wd
Q31980308,Oluffe,,1,0,38.8,sub-county of Uganda,1,country_wd
Q31980313,Oluko,,1,0,38.8,sub-county of Uganda,1,country_wd
Q31980318,Oluvu,,1,0,38.8,sub-county of Uganda,1,country_wd
Q31980383,Omiya Anyima,,1,0,38.8,sub-county of Uganda,1,country_wd
Q31980391,Omodoi,,1,0,38.8,sub-county of Uganda,1,country_wd
Q31980398,Omoro,,1,0,38.8,sub-county of Uganda,1,country_wd
Q31980445,Omot,,1,0,38.8,sub-county of Uganda,1,country_wd
Q31980450,Omugo,,1,0,38.8,sub-county of Uganda,1,country_wd
Q31980551,Ongino,,1,0,38.8,sub-county of Uganda,1,country_wd
Q31980565,Ongongoja,,1,0,38.8,sub-county of Uganda,1,country_wd
Q31980775,Opwateta,,1,0,38.8,sub-county of Uganda,1,country_wd
Q31981041,Orom,,1,0,38.8,sub-county of Uganda,1,country_wd
Q31981066,Orum,,1,0,38.8,sub-county of Uganda,1,country_wd
Q31981516,Otuboi,,1,0,38.8,sub-county of Uganda,1,country_wd
Q31981523,Otuke Town Council,,1,0,38.8,town council of Uganda,1,country_wd
Q31981528,Otwal,,1,0,38.8,sub-county of Uganda,1,country_wd
Q31982074,Oyam Town Council,,1,0,38.8,town council of Uganda,1,country_wd
Q31982197,Paacwa,,1,0,38.8,sub-county of Uganda,1,country_wd
Q31982293,Pacara,,1,0,38.8,sub-county of Uganda,1,country_wd
Q31982380,Pader,,1,0,38.8,sub-county of Uganda,1,country_wd
Q31982384,Padibe Town Council,,1,0,38.8,town council of Uganda,1,country_wd
Q31982415,Paidha Town Council,,1,0,38.8,town council of Uganda,1,country_wd
Q31982421,Paimol,,1,0,38.8,sub-county of Uganda,1,country_wd
Q31982445,Pakanyi,,1,0,38.8,sub-county of Uganda,1,country_wd
Q31982454,Pakelle,,1,0,38.8,sub-county of Uganda,1,country_wd
Q31982579,Pallisa,,1,0,38.8,sub-county of Uganda,1,country_wd
Q31982585,Pallisa Town Council,,1,0,38.8,town council of Uganda,1,country_wd
Q31982893,Panyangara,,1,0,38.8,sub-county of Uganda,1,country_wd
Q31982968,Parabongo,,1,0,38.8,sub-county of Uganda,1,country_wd
Q31985029,Patiko,,1,0,38.8,sub-county of Uganda,1,country_wd
Q31985038,Patongo,,1,0,38.8,sub-county of Uganda,1,country_wd
Q31985044,Patongo Town Council,,1,0,38.8,town council of Uganda,1,country_wd
Q31985146,Pawor,,1,0,38.8,sub-county of Uganda,1,country_wd
Q31985246,Pece,,1,0,38.8,sub-county of Uganda,1,country_wd
Q31986670,Petete,,1,0,38.8,sub-county of Uganda,1,country_wd
Q31986778,Petta,,1,0,38.8,sub-county of Uganda,1,country_wd
Q31996002,Pingire,,1,0,38.8,sub-county of Uganda,1,country_wd
Q31999415,Potipot Waterhole,,1,0,38.8,waterhole,1,country_wd
Q31999902,Pumet Waterhole,,1,0,38.8,waterhole,1,country_wd
Q32002807,Puranga,,1,0,38.8,sub-county of Uganda,1,country_wd
Q32002836,Puti-Puti,,1,0,38.8,sub-county of Uganda,1,country_wd
Q32005973,Rakai Town Council,,1,0,38.8,town council of Uganda,1,country_wd
Q32007098,Rengen,,1,0,38.8,sub-county of Uganda,1,country_wd
Q32007967,Rigbo,,1,0,38.8,sub-county of Uganda,1,country_wd
Q32008118,Riwo,,1,0,38.8,sub-county of Uganda,1,country_wd
Q32010457,Rubaare,,1,0,38.8,sub-county of Uganda,1,country_wd
Q32010458,Rubaare Town Council,,1,0,38.8,town council of Uganda,1,country_wd
Q32010463,Rubaya,,1,0,38.8,sub-county of Uganda,1,country_wd
Q32010471,Rubindi,,1,0,38.8,sub-county of Uganda,1,country_wd
Q32010477,Rubirizi Town Council,,1,0,38.8,town council of Uganda,1,country_wd
Q32010483,Rubona Town Council,,1,0,38.8,town council of Uganda,1,country_wd
Q32010486,Rubongi,,1,0,38.8,sub-county of Uganda,1,country_wd
Q32010493,Ruborogota,,1,0,38.8,sub-county of Uganda,1,country_wd
Q32010562,Rugarama,,1,0,38.8,sub-county of Uganda,1,country_wd
Q32010566,Rugashari,,1,0,38.8,sub-county of Uganda,1,country_wd
Q32010579,Ruhehe,,1,0,38.8,sub-county of Uganda,1,country_wd
Q32010583,Ruhija,,1,0,38.8,sub-county of Uganda,1,country_wd
Q32010588,Ruhinda,,1,0,38.8,sub-county of Uganda,1,country_wd
Q32010595,Ruhumuro,,1,0,38.8,sub-county of Uganda,1,country_wd
Q32010654,Rukoki,,1,0,38.8,sub-county of Uganda,1,country_wd
Q32010661,Rukoni East,,1,0,38.8,sub-county of Uganda,1,country_wd
Q32010664,Rukoni West,,1,0,38.8,sub-county of Uganda,1,country_wd
Q32010900,Rushango Town Council,,1,0,38.8,town council of Uganda,1,country_wd
Q32010905,Rushasha,,1,0,38.8,sub-county of Uganda,1,country_wd
Q32011036,Ruteete,,1,0,38.8,sub-county of Uganda,1,country_wd
Q32011041,Ruteete,,1,0,38.8,sub-county of Uganda,1,country_wd
Q32011047,Rutenga,,1,0,38.8,sub-county of Uganda,1,country_wd
Q32011078,Rutoto,,1,0,38.8,sub-county of Uganda,1,country_wd
Q32011182,Ruyonza,,1,0,38.8,sub-county of Uganda,1,country_wd
Q32011214,Rwanyamahembe,,1,0,38.8,sub-county of Uganda,1,country_wd
Q32011221,Rwashamaire Town Council,,1,0,38.8,town council of Uganda,1,country_wd
Q32011230,Rwebisengo,,1,0,38.8,sub-county of Uganda,1,country_wd
Q32011236,Rwebisengo Town Council,,1,0,38.8,town council of Uganda,1,country_wd
Q32011240,Rweikiniro,,1,0,38.8,sub-county of Uganda,1,country_wd
Q32011245,Rwembaita,,1,0,38.8,swamp,1,country_wd
Q32011249,Rwengwe,,1,0,38.8,sub-county of Uganda,1,country_wd
Q32011255,Rwentuha,,1,0,38.8,sub-county of Uganda,1,country_wd
Q32011260,Rwimi,,1,0,38.8,sub-county of Uganda,1,country_wd
Q32011265,Rwimi Town Council,,1,0,38.8,town council of Uganda,1,country_wd
Q32011277,Ryeru,,1,0,38.8,sub-county of Uganda,1,country_wd
Q32015745,Sanga Town Council,,1,0,38.8,town council of Uganda,1,country_wd
Q32016674,Seeta-Namuganga,,1,0,38.8,sub-county of Uganda,1,country_wd
Q32016791,Sekitoke Point,,1,0,38.8,point,1,country_wd
Q32016923,Sembabule Town Council,,1,0,38.8,town council of Uganda,1,country_wd
Q32016947,Semuto,,1,0,38.8,sub-county of Uganda,1,country_wd
Q32016953,Semuto Town Council,,1,0,38.8,town council of Uganda,1,country_wd
Q32016958,Semwondo Bay,,1,0,38.8,bight,1,country_wd
Q32017004,Senendet,,1,0,38.8,sub-county of Uganda,1,country_wd
Q32017135,Serere Town Council,,1,0,38.8,town council of Uganda,1,country_wd
Q32019215,Sibanga,,1,0,38.8,sub-county of Uganda,1,country_wd
Q32019254,Sibimba Swamp,,1,0,38.8,swamp,1,country_wd
Q32019369,Sidok,,1,0,38.8,sub-county of Uganda,1,country_wd
Q32019377,Sidome Bay,,1,0,38.8,bight,1,country_wd
Q32019865,Sigulu Islands,,1,0,38.8,sub-county of Uganda,1,country_wd
Q32020734,Sindila,,1,0,38.8,sub-county of Uganda,1,country_wd
Q32020828,Sipi,,1,0,38.8,sub-county of Uganda,1,country_wd
Q32020877,Sironko Town Council,,1,0,38.8,town council of Uganda,1,country_wd
Q32020902,Sisiyi,,1,0,38.8,sub-county of Uganda,1,country_wd
Q32020914,Sisuni,,1,0,38.8,sub-county of Uganda,1,country_wd
Q32022812,Sop-Sop,,1,0,38.8,sub-county of Uganda,1,country_wd
Q32022866,Soroti,,1,0,38.8,sub-county of Uganda,1,country_wd
Q32023147,Southern Division,,1,0,38.8,division of Uganda,1,country_wd
Q32023153,Southern Division,,1,0,38.8,division of Uganda,1,country_wd
Q32023158,Southern Division,,1,0,38.8,division of Uganda,1,country_wd
Q32023161,Southern Division,,1,0,38.8,division of Uganda,1,country_wd
Q32023421,Sowe Swamp,,1,0,38.8,swamp,1,country_wd
Q32024027,Ssabagabo-Makindye,,1,0,38.8,sub-county of Uganda,1,country_wd
Q32024033,Ssekanyonyi,,1,0,38.8,sub-county of Uganda,1,country_wd
Q32024038,Ssi-Bukunja,,1,0,38.8,sub-county of Uganda,1,country_wd
Q32024045,Ssisa,,1,0,38.8,sub-county of Uganda,1,country_wd
Q32024921,Suam,,1,0,38.8,sub-county of Uganda,1,country_wd
Q32025138,Sule Point,,1,0,38.8,point,1,country_wd
Q32025180,Sumbwe Point,,1,0,38.8,point,1,country_wd
Q32026500,Taan Valley,,1,0,38.8,valley,1,country_wd
Q32027424,Taparh,,1,0,38.8,,1,country_wd
Q32027485,Tara,,1,0,38.8,sub-county of Uganda,1,country_wd
Q32027707,Te Swamp,,1,0,38.8,swamp,1,country_wd
Q32033975,Tingorok,,1,0,38.8,,1,country_wd
Q32034033,Tirinyi,,1,0,38.8,sub-county of Uganda,1,country_wd
Q32035077,Toro Semuliki Game Reserve,,1,0,38.8,,1,country_wd
Q32035086,Toroma,,1,0,38.8,sub-county of Uganda,1,country_wd
Q32036230,Tubur,,1,0,38.8,sub-county of Uganda,1,country_wd
Q32036362,Tulel,,1,0,38.8,sub-county of Uganda,1,country_wd
Q32037192,Ugana South Point,,1,0,38.8,point,1,country_wd
Q32037193,Ugana West Point,,1,0,38.8,point,1,country_wd
Q32037359,Ukusitoni,,1,0,38.8,sub-county of Uganda,1,country_wd
Q32037366,Uleppi,,1,0,38.8,sub-county of Uganda,1,country_wd
Q32037762,Unyama,,1,0,38.8,sub-county of Uganda,1,country_wd
Q32037883,Uriama,,1,0,38.8,sub-county of Uganda,1,country_wd
Q32037968,Usuk,,1,0,38.8,sub-county of Uganda,1,country_wd
Q32040459,Vurra,,1,0,38.8,sub-county of Uganda,1,country_wd
Q32040864,Wabikaka Point,,1,0,38.8,point,1,country_wd
Q32040868,Wabinyonyi,,1,0,38.8,sub-county of Uganda,1,country_wd
Q32040900,Wabwoko-Kitimbwa,,1,0,38.8,sub-county of Uganda,1,country_wd
Q32040954,Waibuga,,1,0,38.8,sub-county of Uganda,1,country_wd
Q32040957,Waikere Bay,,1,0,38.8,bight,1,country_wd
Q32040960,Wairasa,,1,0,38.8,sub-county of Uganda,1,country_wd
Q32040964,Wairobo Bay,,1,0,38.8,bight,1,country_wd
Q32040988,Wakirimba Bay,,1,0,38.8,bight,1,country_wd
Q32040992,Wakisi,,1,0,38.8,sub-county of Uganda,1,country_wd
Q32040995,Wakiso,,1,0,38.8,sub-county of Uganda,1,country_wd
Q32040999,Wakiso Town Council,,1,0,38.8,town council of Uganda,1,country_wd
Q32041011,Wakyato,,1,0,38.8,sub-county of Uganda,1,country_wd
Q32041066,Walumbe Bay,,1,0,38.8,bight,1,country_wd
Q32041087,Wambete Bay,,1,0,38.8,bight,1,country_wd
Q32041091,Wampala Bay,,1,0,38.8,bight,1,country_wd
Q32041096,Wamunyama Bay,,1,0,38.8,bight,1,country_wd
Q32041100,Wanale Division,,1,0,38.8,division of Uganda,1,country_wd
Q32041118,Wangege Forest,,1,0,38.8,forest,1,country_wd
Q32041149,Wankoko Swamp,,1,0,38.8,swamp,1,country_wd
Q32041151,Wankole,,1,0,38.8,sub-county of Uganda,1,country_wd
Q32041255,Warr,,1,0,38.8,sub-county of Uganda,1,country_wd
Q32041633,Wattuba,,1,0,38.8,sub-county of Uganda,1,country_wd
Q32041734,Wemba,,1,0,38.8,sub-county of Uganda,1,country_wd
Q32041760,Wera,,1,0,38.8,sub-county of Uganda,1,country_wd
Q32041952,Western Division,,1,0,38.8,division of Uganda,1,country_wd
Q32041954,Western Division,,1,0,38.8,division of Uganda,1,country_wd
Q32041958,Western Division,,1,0,38.8,division of Uganda,1,country_wd
Q32041966,Western Division,,1,0,38.8,division of Uganda,1,country_wd
Q32041968,Western Division,,1,0,38.8,division of Uganda,1,country_wd
Q32041973,Western Division,,1,0,38.8,division of Uganda,1,country_wd
Q32041998,Weswa,,1,0,38.8,sub-county of Uganda,1,country_wd
Q32042340,Willa,,1,0,38.8,sub-county of Uganda,1,country_wd
Q32043191,Wobulenzi Town Council,,1,0,38.8,town council of Uganda,1,country_wd
Q32043213,Wol,,1,0,38.8,sub-county of Uganda,1,country_wd
Q32058629,Yumbe Town Council,,1,0,38.8,town council of Uganda,1,country_wd
Q32058744,Zesui,,1,0,38.8,sub-county of Uganda,1,country_wd
Q32058747,Zeu,,1,0,38.8,sub-county of Uganda,1,country_wd
Q32058812,Zirobwe,,1,0,38.8,sub-county of Uganda,1,country_wd
Q32058814,Ziru Point,,1,0,38.8,point,1,country_wd
Q32058828,Zombo Town Council,,1,0,38.8,town council of Uganda,1,country_wd
Q32147055,Acha,,1,0,38.8,river,1,country_wd
Q32147070,Acha,,1,0,38.8,river,1,country_wd
Q32148328,Achwera,,1,0,38.8,river,1,country_wd
Q32148343,Achwera,,1,0,38.8,river,1,country_wd
Q32204545,Alalam,,1,0,38.8,river,1,country_wd
Q32211488,Aloda,,1,0,38.8,river,1,country_wd
Q32211500,Aloda,,1,0,38.8,river,1,country_wd
Q32226673,Anaka,,1,0,38.8,river,1,country_wd
Q32232432,Apeduru,,1,0,38.8,river,1,country_wd
Q32288568,Aswa,,1,0,38.8,river,1,country_wd
Q32289639,Ateng,,1,0,38.8,river,1,country_wd
Q32297658,Ayila,,1,0,38.8,river,1,country_wd
Q32297668,Ayila,,1,0,38.8,river,1,country_wd
Q32357133,Aii-Vu,,1,0,38.8,sub-county of Uganda,1,country_wd
Q32357202,Akeriau,,1,0,38.8,sub-county of Uganda,1,country_wd
Q32360974,Anyiribu,,1,0,38.8,sub-county of Uganda,1,country_wd
Q32361548,Arivu,,1,0,38.8,sub-county of Uganda,1,country_wd
Q32374861,Bubutu,,1,0,38.8,sub-county of Uganda,1,country_wd
Q32374867,Bubyangu,,1,0,38.8,sub-county of Uganda,1,country_wd
Q32375242,Buhugu,,1,0,38.8,sub-county of Uganda,1,country_wd
Q32375379,Bukhofu,,1,0,38.8,sub-county of Uganda,1,country_wd
Q32375493,Bukuuku,,1,0,38.8,sub-county of Uganda,1,country_wd
Q32376481,Busaru,,1,0,38.8,sub-county of Uganda,1,country_wd
Q32376609,Busiu,,1,0,38.8,sub-county of Uganda,1,country_wd
Q32376701,Butenga,,1,0,38.8,sub-county of Uganda,1,country_wd
Q32376730,Butiru,,1,0,38.8,sub-county of Uganda,1,country_wd
Q32377029,Bwesumbu,,1,0,38.8,sub-county of Uganda,1,country_wd
Q32404315,Dadamu,,1,0,38.8,sub-county of Uganda,1,country_wd
Q32411999,Engaju,,1,0,38.8,sub-county of Uganda,1,country_wd
Q32445159,Kadungulu,,1,0,38.8,sub-county of Uganda,1,country_wd
Q32445501,Kagumu,,1,0,38.8,sub-county of Uganda,1,country_wd
Q32445662,Kakanju,,1,0,38.8,sub-county of Uganda,1,country_wd
Q32448568,Karugutu,,1,0,38.8,sub-county of Uganda,1,country_wd
Q32453258,Kirugu,,1,0,38.8,sub-county of Uganda,1,country_wd
Q32453416,Kitholhu,,1,0,38.8,sub-county of Uganda,1,country_wd
Q32457009,Kobulubulu,,1,0,38.8,sub-county of Uganda,1,country_wd
Q32466892,Lalogi,,1,0,38.8,sub-county of Uganda,1,country_wd
Q32472748,Lugusulu,,1,0,38.8,sub-county of Uganda,1,country_wd
Q32474633,Maddu,,1,0,38.8,sub-county of Uganda,1,country_wd
Q32490301,Mugusu,,1,0,38.8,sub-county of Uganda,1,country_wd
Q32490481,Mukuju,,1,0,38.8,sub-county of Uganda,1,country_wd
Q32491795,Munkunyu,,1,0,38.8,sub-county of Uganda,1,country_wd
Q32491822,Muntu,,1,0,38.8,sub-county of Uganda,1,country_wd
Q32493925,Nabweru,,1,0,38.8,sub-county of Uganda,1,country_wd
Q32493933,Nabwigulu,,1,0,38.8,sub-county of Uganda,1,country_wd
Q32494280,Nakapelimoru,,1,0,38.8,sub-county of Uganda,1,country_wd
Q32494499,Nalutuntu,,1,0,38.8,sub-county of Uganda,1,country_wd
Q32495603,Nawanjofu,,1,0,38.8,sub-county of Uganda,1,country_wd
Q32499906,Nyakiyumbu,,1,0,38.8,sub-county of Uganda,1,country_wd
Q32504873,Odravu,,1,0,38.8,sub-county of Uganda,1,country_wd
Q32505465,Osukuru,,1,0,38.8,sub-county of Uganda,1,country_wd
Q32530441,Rwamucucu,,1,0,38.8,sub-county of Uganda,1,country_wd
Q32538523,Shuuku,,1,0,38.8,sub-county of Uganda,1,country_wd
Q32555713,Tsekululu,,1,0,38.8,sub-county of Uganda,1,country_wd
Q32562647,Bwenkwanzi,,1,0,38.8,river,1,country_wd
Q32562656,Bwenkwanzi,,1,0,38.8,river,1,country_wd
Q32603481,Yivu,,1,0,38.8,sub-county of Uganda,1,country_wd
Q32627976,Chambura,,1,0,38.8,river,1,country_wd
Q32627984,Chambura,,1,0,38.8,river,1,country_wd
Q32747924,Dure,,1,0,38.8,river,1,country_wd
Q32750996,Eradji,,1,0,38.8,river,1,country_wd
Q32750997,Eradji,,1,0,38.8,river,1,country_wd
Q32939590,Tony Nyangweso,Tony Nyangweso,1,0,38.8,human,1,birth_death_wd
Q330709,Abraham Wogute,,1,0,38.8,human,1,citizenship_wd
Q3380385,Philippe Millot,,1,0,38.8,human,1,birth_death_wd
Q3405188,list of football matches Botswana - Uganda,,1,0,38.8,Wikimedia list article,1,country_wd
Q34640969,Achebe,,1,0,38.8,river,1,country_wd
Q34640975,Achebe,,1,0,38.8,river,1,country_wd
Q34642493,Agweng,,1,0,38.8,river,1,country_wd
Q34643185,Akworo,,1,0,38.8,river,1,country_wd
Q34643191,Akworo,,1,0,38.8,river,1,country_wd
Q34647124,Anaka,,1,0,38.8,river,1,country_wd
Q34649191,Apobo,,1,0,38.8,river,1,country_wd
Q34649197,Apobo,,1,0,38.8,river,1,country_wd
Q34650017,Arika,,1,0,38.8,river,1,country_wd
Q34650025,Arika,,1,0,38.8,river,1,country_wd
Q34664738,Degeya Swamp,,1,0,38.8,marsh,1,country_wd
Q34668399,Awac,,1,0,38.8,river,1,country_wd
Q34668406,Awac,,1,0,38.8,river,1,country_wd
Q34668443,Awer,,1,0,38.8,river,1,country_wd
Q34668451,Awer,,1,0,38.8,river,1,country_wd
Q34668482,Awic,,1,0,38.8,river,1,country_wd
Q34668491,Awic,,1,0,38.8,river,1,country_wd
Q34668595,Ayago,,1,0,38.8,river,1,country_wd
Q34668602,Ayago,,1,0,38.8,river,1,country_wd
Q34668609,Ayago,,1,0,38.8,river,1,country_wd
Q34668798,Ayugi,,1,0,38.8,river,1,country_wd
Q34668807,Ayugi,,1,0,38.8,river,1,country_wd
Q34668830,Aywelu,,1,0,38.8,river,1,country_wd
Q34668837,Aywelu,,1,0,38.8,river,1,country_wd
Q34673673,Baram,,1,0,38.8,river,1,country_wd
Q34673681,Baram,,1,0,38.8,river,1,country_wd
Q34674149,Iborogya Falls,,1,0,38.8,waterfall,1,country_wd
Q34721070,Lake Alakaituk,,1,0,38.8,marsh,1,country_wd
Q34721251,Lake Okolitorom,,1,0,38.8,marsh,1,country_wd
Q34735735,Mabamba Swamp,,1,0,38.8,marsh,1,country_wd
Q34744773,Muguswa Plain,,1,0,38.8,marsh,1,country_wd
Q34745213,Munyere Swamp,,1,0,38.8,marsh,1,country_wd
Q34749874,Busowa Falls,,1,0,38.8,waterfall,1,country_wd
Q34755149,Acha Swamp,,1,0,38.8,swamp,1,country_wd
Q34755465,Ala Swamp,,1,0,38.8,swamp,1,country_wd
Q34757120,Ayila,,1,0,38.8,marsh,1,country_wd
Q34758351,Balala Swamp,,1,0,38.8,marsh,1,country_wd
Q34787991,Busembatia,,1,0,38.8,human settlement,1,country_wd
Q34788136,Byakabanda,,1,0,38.8,human settlement,1,country_wd
Q34788910,Ziru Island,,1,0,38.8,island,1,country_wd
Q34788917,Ziru Island,,1,0,38.8,island,1,country_wd
Q34807010,Banga Point,,1,0,38.8,point,1,country_wd
Q34807018,Banga Point,,1,0,38.8,point,1,country_wd
Q34808058,Bega Point,,1,0,38.8,point,1,country_wd
Q34819880,Bugazi Point,,1,0,38.8,point,1,country_wd
Q34819939,Bugonga Point,,1,0,38.8,point,1,country_wd
Q34820041,Bukatebe Point,,1,0,38.8,point,1,country_wd
Q34820943,Bulemezi Point,,1,0,38.8,point,1,country_wd
Q34822082,Businoko Point,,1,0,38.8,point,1,country_wd
Q34822269,Butale Point,,1,0,38.8,point,1,country_wd
Q34822491,Buwuka Point,,1,0,38.8,point,1,country_wd
Q34822566,Bwagwe Point,,1,0,38.8,point,1,country_wd
Q34822619,Bwembe Point,,1,0,38.8,point,1,country_wd
Q34847741,Thompson Glacier,,1,0,38.8,glacier,1,country_wd
Q34848767,Oliva Falls,,1,0,38.8,waterfall,1,country_wd
Q34850160,Diimu Point,,1,0,38.8,point,1,country_wd
Q34857262,Wesikire,,1,0,38.8,river,1,country_wd
Q34868612,Fishermans Point,,1,0,38.8,point,1,country_wd
Q34886668,Nyundo,,1,0,38.8,mountain,1,country_wd
Q34892601,Galanga Point,,1,0,38.8,point,1,country_wd
Q34902132,Goru Point,,1,0,38.8,point,1,country_wd
Q34952498,Kabagala Point,,1,0,38.8,point,1,country_wd
Q34953623,Kakunyu Point,,1,0,38.8,point,1,country_wd
Q34956387,Kampende Point,,1,0,38.8,point,1,country_wd
Q34958935,Kasamba Point,,1,0,38.8,point,1,country_wd
Q34958977,Tedua,,1,0,38.8,river,1,country_wd
Q34958984,Kasawo Point,,1,0,38.8,point,1,country_wd
Q34959374,Katosi Point,,1,0,38.8,point,1,country_wd
Q34959509,Buranga Hot Springs,,1,0,38.8,spring,1,country_wd
Q34959863,Katungulu Point,,1,0,38.8,point,1,country_wd
Q34960382,Kazigo Point,,1,0,38.8,point,1,country_wd
Q34961398,Kibanga Point,,1,0,38.8,point,1,country_wd
Q34961514,Kifudwe Point,,1,0,38.8,point,1,country_wd
Q34962741,Kirudu Point,,1,0,38.8,point,1,country_wd
Q34962762,Kisasa Point,,1,0,38.8,point,1,country_wd
Q34962792,Kisigala Point,,1,0,38.8,point,1,country_wd
Q34963021,Kisu Point,,1,0,38.8,point,1,country_wd
Q34963297,Kiulwe Point,,1,0,38.8,point,1,country_wd
Q35290581,Ruhewa,,1,0,38.8,stream,1,country_wd
Q35326512,Sowa,,1,0,38.8,stream,1,country_wd
Q35346427,Lokokorai,,1,0,38.8,stream,1,country_wd
Q35346440,Lokokorai,,1,0,38.8,stream,1,country_wd
Q35346505,Lokom,,1,0,38.8,stream,1,country_wd
Q35346679,Lokoyot,,1,0,38.8,stream,1,country_wd
Q35346692,Lokoyot,,1,0,38.8,stream,1,country_wd
Q35346783,Lokulas,,1,0,38.8,stream,1,country_wd
Q35346825,Lokupoi,,1,0,38.8,stream,1,country_wd
Q35347862,Lomaler,,1,0,38.8,stream,1,country_wd
Q35347875,Lomaler,,1,0,38.8,stream,1,country_wd
Q35367458,Kayanja,,1,0,38.8,stream,1,country_wd
Q35367472,Kayanja,,1,0,38.8,stream,1,country_wd
Q35367522,Kayanja,,1,0,38.8,stream,1,country_wd
Q35367628,Lopur,,1,0,38.8,stream,1,country_wd
Q35367642,Lopur,,1,0,38.8,stream,1,country_wd
Q35378119,Kazirandindi,,1,0,38.8,stream,1,country_wd
Q35378412,Kazizi,,1,0,38.8,stream,1,country_wd
Q35378429,Kazizi,,1,0,38.8,stream,1,country_wd
Q35392889,Lugogo,,1,0,38.8,stream,1,country_wd
Q35393722,Lugwang,,1,0,38.8,stream,1,country_wd
Q35393736,Lugwang,,1,0,38.8,stream,1,country_wd
Q35413070,Lwalakwar,,1,0,38.8,stream,1,country_wd
Q35430016,Mabengere,,1,0,38.8,stream,1,country_wd
Q35435018,Machundu,,1,0,38.8,stream,1,country_wd
Q35531682,Kisoma,,1,0,38.8,stream,1,country_wd
Q35531686,Kisoma,,1,0,38.8,stream,1,country_wd
Q35692646,Buvuma Channel,,1,0,38.8,,1,country_wd
Q35692649,Dagusi Passage,,1,0,38.8,,1,country_wd
Q35692652,Damba Channel,,1,0,38.8,lake channel,1,country_wd
Q35694727,Kome Channel,,1,0,38.8,channel,1,country_wd
Q35694741,Lutoboka Channel,,1,0,38.8,lake channel,1,country_wd
Q35694761,Nabisukiro,,1,0,38.8,lake channel,1,country_wd
Q35694864,Rosebery Channel,,1,0,38.8,,1,country_wd
Q35694892,Salisbury Channel,,1,0,38.8,lake channel,1,country_wd
Q35694973,Ugana Passage,,1,0,38.8,,1,country_wd
Q35696137,Kigorobya,,1,0,38.8,human settlement,1,country_wd
Q35696522,Kireka,,1,0,38.8,human settlement,1,country_wd
Q35720849,Amiene,,1,0,38.8,marsh,1,country_wd
Q35720856,Aminonger,,1,0,38.8,marsh,1,country_wd
Q35722385,Aroca,,1,0,38.8,marsh,1,country_wd
Q35724694,Margherita,,1,0,38.8,human settlement,1,country_wd
Q35735508,Muhororo,,1,0,38.8,human settlement,1,country_wd
Q36423495,Phillip Omondi stadium,,1,0,38.8,stadium,1,country_wd
Q38249534,Kaweweta,Kaweweta,1,0,38.8,human-geographic territorial entity,1,country_wd
Q38249727,"Kasenyi, Buliisa","Kasenyi, Buliisa",1,0,38.8,human-geographic territorial entity,1,country_wd
Q38251393,Luweero–Butalangu Road,Luweero–Butalangu Road,1,0,38.8,road,1,country_wd
Q38251726,Nakawa Vocational Training Institute,Nakawa Vocational Training Institute,1,0,38.8,institute,1,country_wd
Q3838585,Luciano Fulvi,,1,0,38.8,human,1,birth_death_wd
Q39057536,"Uganda v Commissioner of Prisons, Ex Parte Matovu","Uganda v Commissioner of Prisons, Ex Parte Matovu",1,0,38.8,,2,country_wd|keyword_title
Q39058961,Uganda Co-operative Bank,Uganda Co-operative Bank,1,0,38.8,,2,country_wd|keyword_title
Q39086342,Ugandan records in Olympic weightlifting,List of Ugandan records in Olympic weightlifting,1,0,38.8,,2,country_wd|keyword_title
Q4100746,Mikhail Buyanov,,1,0,38.8,human,1,birth_death_wd
Q415058,Akadinda,,1,0,38.8,,1,country_wd
Q41992753,Bunya County,,1,0,38.8,county of Uganda,1,country_wd
Q42011436,Chua County,,1,0,38.8,county of Uganda,1,country_wd
Q42199938,Dunstan Odeke,,1,0,38.8,human,2,birth_death_wd|citizenship_wd
Q42309481,Uganda lion,Uganda lion,1,0,38.8,,1,country_wd
Q42417388,Abryanz Style and Fashion Awards 2017,Abryanz Style and Fashion Awards 2017,1,0,38.8,award ceremony,1,country_wd
Q42529251,2017 Uganda Marburg virus outbreak,2017 Uganda Marburg virus outbreak,1,0,38.8,disease outbreak,2,country_wd|keyword_title
Q42914064,Uganda at the 2028 Summer Olympics,,1,0,38.8,Olympic delegation,1,country_wd
Q43082782,Uganda Manufacturers' Association,Uganda Manufacturers' Association,1,0,38.8,business,2,country_wd|keyword_title
Q43381187,Richard Otto,Richard Otto (military officer),1,0,38.8,human,1,birth_death_wd
Q44643852,Gavas Mugyenyi,Gavas Mugyenyi,1,0,38.8,human,2,birth_death_wd|citizenship_wd
Q45311516,Remmy Kasule,Remmy Kasule,1,0,38.8,human,2,birth_death_wd|citizenship_wd
Q45791611,Barishaki Cheborion,Barishaki Cheborion,1,0,38.8,human,2,birth_death_wd|citizenship_wd
Q4650127,ABC Bank,ABC Bank (Uganda),1,0,38.8,business,2,country_wd|keyword_title
Q4693318,Agofe,Agofe,1,0,38.8,noble title,1,country_wd
Q47004277,Mathias Behangana,,1,0,38.8,human,1,citizenship_wd
Q47162867,Peter Kimbowa,Peter Kimbowa,1,0,38.8,human,1,birth_death_wd
Q4726633,Alikua Pyramid,Alikua Pyramid,1,0,38.8,,1,country_wd
Q47492791,Uganda Tennis Association,Uganda Tennis Association,1,0,38.8,"sport association, sports governing body",2,country_wd|keyword_title
Q4766092,Ankole sub-region,Ankole sub-region,1,0,38.8,sub-region of Uganda,2,country_wd|keyword_title
Q4790342,Kabi River,Kabi River,1,0,38.8,river,1,country_wd
Q4802610,Arya Samaj in Uganda,Arya Samaj in Uganda,1,0,38.8,Arya Samaj of an area,2,country_wd|keyword_title
Q4810102,Association of Uganda Professional Women in Agriculture and Environment,Association of Uganda Professional Women in Agriculture and Environment,1,0,38.8,voluntary association,2,country_wd|keyword_title
Q4830765,Aya Group,Aya Group,1,0,38.8,business,1,country_wd
Q48342882,Kampala Flyover Road Project,Kampala Flyover Road Project,1,0,38.8,road engineering project,2,country_wd|keyword_title
Q4836227,BOSCO-Uganda,BOSCO-Uganda,1,0,38.8,business,2,country_wd|keyword_title
Q4856055,Bank of Baroda Uganda Limited,Bank of Baroda Uganda Limited,1,0,38.8,business,2,country_wd|keyword_title
Q4856128,Bank of India (Uganda),Bank of India (Uganda),1,0,38.8,business,2,country_wd|keyword_title
Q4856354,banking in Uganda,Banking in Uganda,1,0,38.8,aspect in a geographic region,2,country_wd|keyword_title
Q4860712,Barifa Forest,Barifa Forest,1,0,38.8,forest reserve,1,country_wd
Q48732700,Cannabis in Uganda,Cannabis in Uganda,1,0,38.8,aspect in a geographic region,2,country_wd|keyword_title
Q48791981,Karuma–Kawanda High Voltage Power Line,Karuma–Kawanda High Voltage Power Line,1,0,38.8,overhead power line,1,country_wd
Q48792663,Bujagali–Tororo–Lessos High Voltage Power Line,Bujagali–Tororo–Lessos High Voltage Power Line,1,0,38.8,overhead power line,1,country_wd
Q48798441,Horns of the cattle monument,Horns of the cattle monument,1,0,38.8,,1,country_wd
Q48800968,Uganda National Pipeline Company,Uganda National Pipeline Company,1,0,38.8,business,2,country_wd|keyword_title
Q48807274,Nkenda–Fort Portal–Hoima High Voltage Power Line,Nkenda–Fort Portal–Hoima High Voltage Power Line,1,0,38.8,overhead power line,1,country_wd
Q48811599,Tororo–Opuyo–Lira High Voltage Power Line,Tororo–Opuyo–Lira High Voltage Power Line,1,0,38.8,overhead power line,1,country_wd
Q48811981,Nkenda–Mpondwe–Beni High Voltage Power Line,Nkenda–Mpondwe–Beni High Voltage Power Line,1,0,38.8,overhead power line,1,country_wd
Q48812005,Nkenda,Nkenda,1,0,38.8,human settlement,1,country_wd
Q48813338,Masaka–Mutukula–Mwanza High Voltage Power Line,Masaka–Mutukula–Mwanza High Voltage Power Line,1,0,38.8,overhead power line,1,country_wd
Q48814179,Lira–Gulu–Nebbi–Arua High Voltage Power Line,Lira–Gulu–Nebbi–Arua High Voltage Power Line,1,0,38.8,overhead power line,1,country_wd
Q48815991,Maya,"Maya, Uganda",1,0,38.8,human settlement,2,country_wd|keyword_title
Q48818194,Mbalwa,Mbalwa,1,0,38.8,human settlement,1,country_wd
Q48840517,7th Pearl International Film Festival,7th Pearl International Film Festival,1,0,38.8,film festival edition,1,country_wd
Q4907110,Biharwe F.C.,Biharwe FC,1,0,38.8,association football club,1,country_wd
Q49101454,Bukomansimbi District,,1,0,38.8,sub-county of Uganda,1,country_wd
Q49129845,Buranga Pass,,1,0,38.8,col,1,country_wd
Q49129954,Bwamba Pass,,1,0,38.8,col,1,country_wd
Q49133662,Freshfield Pass,,1,0,38.8,col,1,country_wd
Q49139902,Komakatae Pass,,1,0,38.8,col,1,country_wd
Q49181113,Buvumbo Swamp,,1,0,38.8,marsh,1,country_wd
Q49197140,Izizi,,1,0,38.8,marsh,1,country_wd
Q49198165,Kabalongo,,1,0,38.8,swamp,1,country_wd
Q49198222,Kakono Swamp,,1,0,38.8,marsh,1,country_wd
Q49198652,Kanyamusanga Swamp,,1,0,38.8,marsh,1,country_wd
Q49199165,Kasanga Swamp,,1,0,38.8,marsh,1,country_wd
Q49199169,Kasasa Swamp,,1,0,38.8,marsh,1,country_wd
Q49199182,Kasoa,,1,0,38.8,,1,country_wd
Q49199447,Kibona Swamp,,1,0,38.8,marsh,1,country_wd
Q49199452,Kichumbi Swamp,,1,0,38.8,marsh,1,country_wd
Q49199461,Kihai,,1,0,38.8,swamp,1,country_wd
Q49199707,Kisimbi Swamp,,1,0,38.8,marsh,1,country_wd
Q49199775,Kiwolwe Swamp,,1,0,38.8,marsh,1,country_wd
Q49199778,Kiyanja,,1,0,38.8,swamp,1,country_wd
Q49203455,Kyamunaku,,1,0,38.8,swamp,1,country_wd
Q49208542,Lugongo Plain,,1,0,38.8,marsh,1,country_wd
Q49208544,Lugunga Swamp,,1,0,38.8,marsh,1,country_wd
Q49208869,Lutindo Swamp,,1,0,38.8,marsh,1,country_wd
Q49208876,Lwamunda Swamp,,1,0,38.8,marsh,1,country_wd
Q49209548,Makokobe Swamp,,1,0,38.8,marsh,1,country_wd
Q49211743,Nambigirwa Swamp,,1,0,38.8,marsh,1,country_wd
Q49211750,Namiro Swamp,,1,0,38.8,marsh,1,country_wd
Q49211762,Nanda,,1,0,38.8,marsh,1,country_wd
Q49211789,Nassara Plain,,1,0,38.8,marsh,1,country_wd
Q4921229,Black Mamba,Black Mamba (group),1,0,38.8,organization,1,country_wd
Q49213908,Ntoma,,1,0,38.8,swamp,1,country_wd
Q49213954,Nyabikonko,,1,0,38.8,swamp,1,country_wd
Q49214118,Obei Swamp,,1,0,38.8,swamp,1,country_wd
Q49214129,Ocen,,1,0,38.8,marsh,1,country_wd
Q49221650,Sangwe,,1,0,38.8,swamp,1,country_wd
Q49222291,Semunya Swamp,,1,0,38.8,marsh,1,country_wd
Q49222663,Siba,,1,0,38.8,swamp,1,country_wd
Q49238351,Waiga,,1,0,38.8,marsh,1,country_wd
Q49238359,Waka Swamp,,1,0,38.8,marsh,1,country_wd
Q49238637,Zirimiti Swamp,,1,0,38.8,marsh,1,country_wd
Q49239996,Bulombeganiza,,1,0,38.8,intermittent wetland,1,country_wd
Q49240107,Itongo,,1,0,38.8,intermittent wetland,1,country_wd
Q49240113,Jwamba,,1,0,38.8,intermittent wetland,1,country_wd
Q49240115,Kabega,,1,0,38.8,intermittent wetland,1,country_wd
Q49240122,Kayebe,,1,0,38.8,intermittent wetland,1,country_wd
Q49240128,Kiizi,,1,0,38.8,intermittent wetland,1,country_wd
Q49240133,Kitumo,,1,0,38.8,intermittent wetland,1,country_wd
Q49240144,Kulcheke,,1,0,38.8,intermittent wetland,1,country_wd
Q49240148,Kyankara,,1,0,38.8,intermittent wetland,1,country_wd
Q49240158,Lukoma,,1,0,38.8,intermittent wetland,1,country_wd
Q49240161,Lwakungi,,1,0,38.8,intermittent wetland,1,country_wd
Q49240163,Maizia,,1,0,38.8,intermittent wetland,1,country_wd
Q49240188,Nagamigo,,1,0,38.8,intermittent wetland,1,country_wd
Q49240216,Nyakabingo,,1,0,38.8,intermittent wetland,1,country_wd
Q49240219,Nyakafunjo,,1,0,38.8,intermittent wetland,1,country_wd
Q49240221,Nyama,,1,0,38.8,intermittent wetland,1,country_wd
Q49240223,Nyamerwu,,1,0,38.8,intermittent wetland,1,country_wd
Q49240225,Nyarwera,,1,0,38.8,intermittent wetland,1,country_wd
Q49240236,Oloolo,,1,0,38.8,intermittent wetland,1,country_wd
Q49240239,Oporowie,,1,0,38.8,intermittent wetland,1,country_wd
Q49240242,Orakol,,1,0,38.8,intermittent wetland,1,country_wd
Q49240331,Yeka,,1,0,38.8,intermittent wetland,1,country_wd
Q49277713,Kibale,,1,0,38.8,,1,country_wd
Q49277727,Kitgum,,1,0,38.8,,1,country_wd
Q49277777,Kumi,,1,0,38.8,,1,country_wd
Q49277844,Luwero,,1,0,38.8,human settlement,1,country_wd
Q49277880,Mayuge,,1,0,38.8,,1,country_wd
Q49278028,Pader,,1,0,38.8,,1,country_wd
Q49295404,Jinja,,1,0,38.8,,1,country_wd
Q49297977,Agago County,,1,0,38.8,county of Uganda,1,country_wd
Q49297980,Amuria County,,1,0,38.8,county of Uganda,1,country_wd
Q49297983,Aringa County,,1,0,38.8,county of Uganda,1,country_wd
Q49297986,Arua Municipality,,1,0,38.8,municipality of Uganda,1,country_wd
Q49297988,Aruu County,,1,0,38.8,county of Uganda,1,country_wd
Q49297989,Aswa County,,1,0,38.8,county of Uganda,1,country_wd
Q49297991,Ayivu County,,1,0,38.8,county of Uganda,1,country_wd
Q49297992,Bamunanika County,,1,0,38.8,county of Uganda,1,country_wd
Q49297995,Bokora County,,1,0,38.8,county of Uganda,1,country_wd
Q49297997,Bubulo West County,,1,0,38.8,county of Uganda,1,country_wd
Q49297998,Budadiri County,,1,0,38.8,county of Uganda,1,country_wd
Q49297999,Budaka County,,1,0,38.8,county of Uganda,1,country_wd
Q49298000,Budiope County,,1,0,38.8,county of Uganda,1,country_wd
Q49298001,Bufumbira County,,1,0,38.8,county of Uganda,1,country_wd
Q49298002,Bugabula County,,1,0,38.8,county of Uganda,1,country_wd
Q49298003,Bugahya County,,1,0,38.8,county of Uganda,1,country_wd
Q49298005,Bugangaizi County,,1,0,38.8,county of Uganda,1,country_wd
Q49298006,Bughendera County,,1,0,38.8,county of Uganda,1,country_wd
Q49298008,Bugweri County,,1,0,38.8,county of Uganda,1,country_wd
Q49298009,Buhaguzi County,,1,0,38.8,county of Uganda,1,country_wd
Q49298011,Buhweju County,,1,0,38.8,county of Uganda,1,country_wd
Q49298012,Buikwe County,,1,0,38.8,county of Uganda,1,country_wd
Q49298013,Bujenje County,,1,0,38.8,county of Uganda,1,country_wd
Q49298014,Bujjumba County,,1,0,38.8,county of Uganda,1,country_wd
Q49298015,Bujumbura County,,1,0,38.8,county of Uganda,1,country_wd
Q49298016,Bukanga County,,1,0,38.8,county of Uganda,1,country_wd
Q49298017,Bukedea County,,1,0,38.8,county of Uganda,1,country_wd
Q49298018,Bukonjo County,,1,0,38.8,county of Uganda,1,country_wd
Q49298019,Bukooli County,,1,0,38.8,county of Uganda,1,country_wd
Q49298020,Bukoto County West,,1,0,38.8,"electoral unit, county of Uganda",1,country_wd
Q49298022,Bulambuli County,,1,0,38.8,county of Uganda,1,country_wd
Q49298023,Bulamogi County,,1,0,38.8,county of Uganda,1,country_wd
Q49298024,Buliisa County,,1,0,38.8,county of Uganda,1,country_wd
Q49298025,Bungokho County,,1,0,38.8,county of Uganda,1,country_wd
Q49298027,Bunyangabu County,,1,0,38.8,county of Uganda,1,country_wd
Q49298028,Bunyaruguru County,,1,0,38.8,county of Uganda,1,country_wd
Q49298030,Bunyole County,,1,0,38.8,county of Uganda,1,country_wd
Q49298031,Burahya County,,1,0,38.8,county of Uganda,1,country_wd
Q49298034,Buruli County,,1,0,38.8,county of Uganda,1,country_wd
Q49298035,Buruuli County,,1,0,38.8,county of Uganda,1,country_wd
Q49298037,Busiki County,,1,0,38.8,county of Uganda,1,country_wd
Q49298038,Busiro County,,1,0,38.8,county of Uganda,1,country_wd
Q49298040,Busongora County,,1,0,38.8,county of Uganda,1,country_wd
Q49298041,Busujju County,,1,0,38.8,county of Uganda,1,country_wd
Q49298042,Butambala County,,1,0,38.8,county of Uganda,1,country_wd
Q49298043,Butebo County,,1,0,38.8,county of Uganda,1,country_wd
Q49298044,Butembe County,,1,0,38.8,county of Uganda,1,country_wd
Q49298046,Buvuma County,,1,0,38.8,county of Uganda,1,country_wd
Q49298047,Buwekula County,,1,0,38.8,county of Uganda,1,country_wd
Q49298049,Buyaga County,,1,0,38.8,county of Uganda,1,country_wd
Q49298050,Buyanja County,,1,0,38.8,county of Uganda,1,country_wd
Q49298051,Buzaaya County,,1,0,38.8,county of Uganda,1,country_wd
Q49298052,Bwamba County,,1,0,38.8,county of Uganda,1,country_wd
Q49298059,Chekwii County,,1,0,38.8,county of Uganda,1,country_wd
Q49298119,Dodoth County,,1,0,38.8,county of Uganda,1,country_wd
Q49298120,Dokolo County,,1,0,38.8,county of Uganda,1,country_wd
Q49298123,East Moyo County,,1,0,38.8,county of Uganda,1,country_wd
Q49298126,Entebbe Municipality,,1,0,38.8,"administrative territorial entity, electoral unit, municipality of Uganda",1,country_wd
Q49298129,Fort Portal Municipality,,1,0,38.8,municipality of Uganda,1,country_wd
Q49298135,Gulu Municipality,,1,0,38.8,municipality of Uganda,1,country_wd
Q49298138,Hoima Municipality,,1,0,38.8,municipality of Uganda,1,country_wd
Q49298140,Ibanda County,,1,0,38.8,county of Uganda,1,country_wd
Q49298141,Iganga Municipality,,1,0,38.8,"administrative territorial entity, electoral unit, municipality of Uganda",1,country_wd
Q49298142,Igara County,,1,0,38.8,county of Uganda,1,country_wd
Q49298143,Isingiro County,,1,0,38.8,county of Uganda,1,country_wd
Q49298144,Jie County,,1,0,38.8,county of Uganda,1,country_wd
Q49298146,Jonam County,,1,0,38.8,county of Uganda,1,country_wd
Q49298148,Kabale Municipality,,1,0,38.8,"administrative territorial entity, electoral unit, municipality of Uganda",1,country_wd
Q49298150,Kaberamaido County,,1,0,38.8,county of Uganda,1,country_wd
Q49298152,Kabula County,,1,0,38.8,county of Uganda,1,country_wd
Q49298153,Kagoma County,,1,0,38.8,county of Uganda,1,country_wd
Q49298154,Kajara County,,1,0,38.8,county of Uganda,1,country_wd
Q49298155,Kakuuto County,,1,0,38.8,county of Uganda,1,country_wd
Q49298156,Kalaki County,,1,0,38.8,county of Uganda,1,country_wd
Q49298158,Kalungu County,,1,0,38.8,county of Uganda,1,country_wd
Q49298159,Kampala Capital City,,1,0,38.8,sub-county of Uganda,1,country_wd
Q49298160,Kapelebyong County,,1,0,38.8,county of Uganda,1,country_wd
Q49298161,Kasambya County,,1,0,38.8,county of Uganda,1,country_wd
Q49298162,Kasese Municipality,,1,0,38.8,"administrative territorial entity, electoral unit, municipality of Uganda",1,country_wd
Q49298163,Kashari County,,1,0,38.8,county of Uganda,1,country_wd
Q49298164,Kasilo County,,1,0,38.8,county of Uganda,1,country_wd
Q49298166,Kassanda County,,1,0,38.8,county of Uganda,1,country_wd
Q49298167,Katikamu County,,1,0,38.8,county of Uganda,1,country_wd
Q49298168,Kazo County,,1,0,38.8,county of Uganda,1,country_wd
Q49298170,Kibanda County,,1,0,38.8,county of Uganda,1,country_wd
Q49298171,Kiboga County,,1,0,38.8,county of Uganda,1,country_wd
Q49298172,Kibuku County,,1,0,38.8,county of Uganda,1,country_wd
Q49298173,Kigulu County,,1,0,38.8,county of Uganda,1,country_wd
Q49298174,Kilak County,,1,0,38.8,county of Uganda,1,country_wd
Q49298180,Kinkiizi County,,1,0,38.8,county of Uganda,1,country_wd
Q49298181,Kioga County,,1,0,38.8,county of Uganda,1,country_wd
Q49298183,Kitagwenda County,,1,0,38.8,county of Uganda,1,country_wd
Q49298185,Koboko County,,1,0,38.8,county of Uganda,1,country_wd
Q49298186,Kole County,,1,0,38.8,county of Uganda,1,country_wd
Q49298188,Kongasis County,,1,0,38.8,county of Uganda,1,country_wd
Q49298189,Kooki County,,1,0,38.8,county of Uganda,1,country_wd
Q49298190,Kumi County,,1,0,38.8,county of Uganda,1,country_wd
Q49298191,Kwania County,,1,0,38.8,county of Uganda,1,country_wd
Q49298192,Kween County,,1,0,38.8,county of Uganda,1,country_wd
Q49298193,Kyadondo County,,1,0,38.8,county of Uganda,1,country_wd
Q49298195,Kyaka County,,1,0,38.8,county of Uganda,1,country_wd
Q49298197,Kyamuswa County,,1,0,38.8,county of Uganda,1,country_wd
Q49298198,Kyotera County,,1,0,38.8,county of Uganda,1,country_wd
Q49298199,Labwor County,,1,0,38.8,county of Uganda,1,country_wd
Q49298201,Lamwo County,,1,0,38.8,county of Uganda,1,country_wd
Q49298205,Luuka County,,1,0,38.8,county of Uganda,1,country_wd
Q49298210,Manjiya County,,1,0,38.8,county of Uganda,1,country_wd
Q49298212,Maracha County,,1,0,38.8,county of Uganda,1,country_wd
Q49298213,Maruzi County,,1,0,38.8,county of Uganda,1,country_wd
Q49298214,Masaka Municipality,,1,0,38.8,municipality of Uganda,1,country_wd
Q49298216,Masindi Municipality,,1,0,38.8,"administrative territorial entity, electoral unit, municipality of Uganda",1,country_wd
Q49298218,Matheniko County,,1,0,38.8,county of Uganda,1,country_wd
Q49298220,Mawokota County,,1,0,38.8,"human settlement, county of Uganda",1,country_wd
Q49298221,Mbale Municipality,,1,0,38.8,municipality of Uganda,1,country_wd
Q49298222,Mbarara Municipality,,1,0,38.8,municipality of Uganda,1,country_wd
Q49298223,Mityana County,,1,0,38.8,county of Uganda,1,country_wd
Q49298224,Moroto County,,1,0,38.8,county of Uganda,1,country_wd
Q49298225,Moroto Municipality,,1,0,38.8,"administrative territorial entity, electoral unit, municipality of Uganda",1,country_wd
Q49298226,Mukono County,,1,0,38.8,county of Uganda,1,country_wd
Q49298227,Mukono Municipality,,1,0,38.8,"administrative territorial entity, electoral unit, municipality of Uganda",1,country_wd
Q49298229,Mwenge County,,1,0,38.8,county of Uganda,1,country_wd
Q49298230,Nakaseke County,,1,0,38.8,county of Uganda,1,country_wd
Q49298231,Nakifuma County,,1,0,38.8,county of Uganda,1,country_wd
Q49298235,Ndorwa County,,1,0,38.8,county of Uganda,1,country_wd
Q49298236,Ngora County,,1,0,38.8,county of Uganda,1,country_wd
Q49298241,Ntoroko County,,1,0,38.8,county of Uganda,1,country_wd
Q49298242,Ntungamo Municipality,,1,0,38.8,"administrative territorial entity, electoral unit, municipality of Uganda",1,country_wd
Q49298244,Nwoya County,,1,0,38.8,county of Uganda,1,country_wd
Q49298249,Okoro County,,1,0,38.8,county of Uganda,1,country_wd
Q49298250,Omoro County,,1,0,38.8,county of Uganda,1,country_wd
Q49298252,Otuke County,,1,0,38.8,county of Uganda,1,country_wd
Q49298253,Oyam County,,1,0,38.8,county of Uganda,1,country_wd
Q49298254,Padyere County,,1,0,38.8,county of Uganda,1,country_wd
Q49298255,Pallisa County,,1,0,38.8,county of Uganda,1,country_wd
Q49298258,Pian County,,1,0,38.8,county of Uganda,1,country_wd
Q49298259,Pokot County,,1,0,38.8,county of Uganda,1,country_wd
Q49298263,Rubabo County,,1,0,38.8,county of Uganda,1,country_wd
Q49298264,Rubanda County,,1,0,38.8,county of Uganda,1,country_wd
Q49298265,Ruhaama County,,1,0,38.8,county of Uganda,1,country_wd
Q49298266,Ruhinda County,,1,0,38.8,county of Uganda,1,country_wd
Q49298267,Rukiga County,,1,0,38.8,county of Uganda,1,country_wd
Q49298269,Rukungiri Municipality,,1,0,38.8,"administrative territorial entity, electoral unit, municipality of Uganda",1,country_wd
Q49298270,Rushenyi County,,1,0,38.8,county of Uganda,1,country_wd
Q49298271,Rwampara County,,1,0,38.8,county of Uganda,1,country_wd
Q49298274,Samia-Bugwe County,,1,0,38.8,county of Uganda,1,country_wd
Q49298278,Serere County,,1,0,38.8,county of Uganda,1,country_wd
Q49298280,Sheema County,,1,0,38.8,county of Uganda,1,country_wd
Q49298285,Soroti County,,1,0,38.8,county of Uganda,1,country_wd
Q49298286,Soroti Municipality,,1,0,38.8,municipality of Uganda,1,country_wd
Q49298288,Terego County,,1,0,38.8,county of Uganda,1,country_wd
Q49298290,Tingey County,,1,0,38.8,county of Uganda,1,country_wd
Q49298291,Toroma County,,1,0,38.8,county of Uganda,1,country_wd
Q49298292,Tororo County,,1,0,38.8,county of Uganda,1,country_wd
Q49298293,Tororo Municipality,,1,0,38.8,"administrative territorial entity, electoral unit, municipality of Uganda",1,country_wd
Q49298298,Usuk County,,1,0,38.8,county of Uganda,1,country_wd
Q49298300,Vurra County,,1,0,38.8,county of Uganda,1,country_wd
Q49298303,West Budama (Kisolo) County,,1,0,38.8,county of Uganda,1,country_wd
Q49298304,West Moyo County,,1,0,38.8,county of Uganda,1,country_wd
Q49325411,Agata-Akimenga,,1,0,38.8,forest,1,country_wd
Q49325472,Atigo-Angutewere,,1,0,38.8,forest,1,country_wd
Q49325474,Atiya,,1,0,38.8,forest,1,country_wd
Q49325482,Ayugi Forest,,1,0,38.8,forest,1,country_wd
Q49325516,Barituku,,1,0,38.8,forest,1,country_wd
Q49325581,BetWadelai&Mahagi,,1,0,38.8,forest,1,country_wd
Q49325606,Binze,,1,0,38.8,forest,1,country_wd
Q49327989,Bugondo Hill,,1,0,38.8,forest,1,country_wd
Q49327990,Buhungiro,,1,0,38.8,forest,1,country_wd
Q49327992,Bukaibale,,1,0,38.8,forest,1,country_wd
Q49327997,Bulopa-Nsese,,1,0,38.8,forest,1,country_wd
Q49327998,Bunjazi,,1,0,38.8,"forest, forest reserve",1,country_wd
Q49328008,Butamira,,1,0,38.8,forest,1,country_wd
Q49328011,Buuka Forest,,1,0,38.8,forest,1,country_wd
Q49328013,Byante Forest,,1,0,38.8,forest,1,country_wd
Q49328083,Chahi Forest,,1,0,38.8,forest,1,country_wd
Q49328097,Chelima Forest,,1,0,38.8,forest,1,country_wd
Q49328141,Chwi,,1,0,38.8,forest,1,country_wd
Q49328429,Era,,1,0,38.8,forest,1,country_wd
Q49329928,Got Gweno Forest Reserve,,1,0,38.8,forest,1,country_wd
Q49330149,Ibambalo,,1,0,38.8,forest,1,country_wd
Q49330153,Igwe,,1,0,38.8,forest,1,country_wd
Q49330154,Ihimbo Forest,,1,0,38.8,forest,1,country_wd
Q49330160,Impenetrable Forest,,1,0,38.8,forest,1,country_wd
Q49330175,Itwara Forest,,1,0,38.8,forest,1,country_wd
Q49330177,Izeru,,1,0,38.8,forest,1,country_wd
Q49330218,Jubiya Forest,,1,0,38.8,forest,1,country_wd
Q49330220,Junjubaire,,1,0,38.8,forest,1,country_wd
Q49330231,Kadam Forest Reserve,,1,0,38.8,forest,1,country_wd
Q49330232,Kaduku,,1,0,38.8,forest,1,country_wd
Q49330240,Kahurukobwire,,1,0,38.8,forest,1,country_wd
Q49330242,Kaiso Forest,,1,0,38.8,forest,1,country_wd
Q49330244,Kajonde Forest,,1,0,38.8,forest,1,country_wd
Q49330246,Kajunjo,,1,0,38.8,forest,1,country_wd
Q49330255,Kalua,,1,0,38.8,forest,1,country_wd
Q49330257,Kamalinga Forest,,1,0,38.8,forest,1,country_wd
Q49330264,Kanangalo,,1,0,38.8,forest,1,country_wd
Q49330266,Kandanda,,1,0,38.8,forest,1,country_wd
Q49330285,Kasa Forest,,1,0,38.8,forest,1,country_wd
Q49330287,Kasato-Nankalangi Forest,,1,0,38.8,forest,1,country_wd
Q49330288,Kasenda,,1,0,38.8,forest,1,country_wd
Q49330289,Kashoya-Kitomi,,1,0,38.8,forest,1,country_wd
Q49330297,Kaweri,,1,0,38.8,forest,1,country_wd
Q49330317,Keyo Forest Reserve,,1,0,38.8,forest,1,country_wd
Q49330328,Kibale Forest,,1,0,38.8,forest,1,country_wd
Q49330330,Kibega,,1,0,38.8,forest,1,country_wd
Q49330331,Kifu Forest,,1,0,38.8,forest,1,country_wd
Q49330335,Kigona Forest,,1,0,38.8,forest,1,country_wd
Q49330342,Kinyange,,1,0,38.8,forest,1,country_wd
Q49330345,Kirala Forest,,1,0,38.8,forest,1,country_wd
Q49330353,Kitechura,,1,0,38.8,forest,1,country_wd
Q49330354,Kitubulu Forest,,1,0,38.8,forest,1,country_wd
Q49330396,Kuzito Forest,,1,0,38.8,forest,1,country_wd
Q49330399,Kyabatwa,,1,0,38.8,forest,1,country_wd
Q49330400,Kyambogo,,1,0,38.8,forest,1,country_wd
Q49330401,Kyekokoto Forest,,1,0,38.8,forest,1,country_wd
Q49330404,Kyerwa Forest,,1,0,38.8,forest,1,country_wd
Q49330440,Labwor Hills Forest,,1,0,38.8,forest,1,country_wd
Q49330595,Lira Plantations,,1,0,38.8,forest,1,country_wd
Q49330596,Liru,,1,0,38.8,forest,1,country_wd
Q49330630,Loro,,1,0,38.8,forest,1,country_wd
Q49330637,Lotim and Pota,,1,0,38.8,forest,1,country_wd
Q49330645,Lubanyi,,1,0,38.8,forest,1,country_wd
Q49330660,Luvunya,,1,0,38.8,forest,1,country_wd
Q49330661,Luzade,,1,0,38.8,forest,1,country_wd
Q49330662,Lwamunda,,1,0,38.8,forest,1,country_wd
Q49330671,Madi Opei,,1,0,38.8,forest,1,country_wd
Q49330672,Mafuga Forest,,1,0,38.8,forest,1,country_wd
Q49330681,Malabigambo Forest,,1,0,38.8,forest,1,country_wd
Q49330763,Matete,,1,0,38.8,forest,1,country_wd
Q49330766,Matiri,,1,0,38.8,forest,1,country_wd
Q49330781,Mbale Plantation,,1,0,38.8,forest,1,country_wd
Q49330812,Mgahinga Forest,,1,0,38.8,forest,1,country_wd
Q49330960,Mount Elgon Central Forest Reserve,,1,0,38.8,forest,1,country_wd
Q49330961,Mount Elgon Forest Reserve,,1,0,38.8,forest,1,country_wd
Q49330964,Mount Kei,,1,0,38.8,forest,1,country_wd
Q49330986,Mpologoma North,,1,0,38.8,forest,1,country_wd
Q49330988,Mpologoma South,,1,0,38.8,forest,1,country_wd
Q49331000,Mujuzi Forest,,1,0,38.8,forest,1,country_wd
Q49331003,Mukihani,,1,0,38.8,forest,1,country_wd
Q49331005,Mulabe,,1,0,38.8,forest,1,country_wd
Q49331012,Musamya Forest,,1,0,38.8,forest,1,country_wd
Q49331015,Musoli Forest,,1,0,38.8,forest,1,country_wd
Q49331017,Muwawu Forest,,1,0,38.8,forest,1,country_wd
Q49331237,Nakalongo,,1,0,38.8,forest,1,country_wd
Q49331239,Nakigesi Forest,,1,0,38.8,forest,1,country_wd
Q49331240,Nakiza Forest,,1,0,38.8,forest,1,country_wd
Q49331245,Namalala Forest,,1,0,38.8,forest,1,country_wd
Q49331247,Namavundu,,1,0,38.8,forest,1,country_wd
Q49331253,Namukupa Forest,,1,0,38.8,forest,1,country_wd
Q49331257,Napono Forest,,1,0,38.8,forest,1,country_wd
Q49331264,Natonko Forest,,1,0,38.8,forest,1,country_wd
Q49331267,Nawandigi,,1,0,38.8,forest,1,country_wd
Q49331293,Nile Bank,,1,0,38.8,forest,1,country_wd
Q49331298,Nkera,,1,0,38.8,forest,1,country_wd
Q49331299,Nkongwe Forest,,1,0,38.8,forest,1,country_wd
Q49331315,North Ruwenzori,,1,0,38.8,forest,1,country_wd
Q49331338,Ntali,,1,0,38.8,forest,1,country_wd
Q49331339,Nyabigungu,,1,0,38.8,forest,1,country_wd
Q49331364,Ogom,,1,0,38.8,forest,1,country_wd
Q49331375,Olubu,,1,0,38.8,forest,1,country_wd
Q49331383,Opaka Forest Reserve,,1,0,38.8,forest,1,country_wd
Q49331386,Opit Forest Reserve,,1,0,38.8,forest,1,country_wd
Q49331407,Otrevu,,1,0,38.8,forest,1,country_wd
Q49331410,Otukei,,1,0,38.8,forest,1,country_wd
Q49331414,Otzi,,1,0,38.8,forest,1,country_wd
Q49331524,Pigire,,1,0,38.8,forest,1,country_wd
Q49332188,Rwenzori Forest Reserve,,1,0,38.8,forest,1,country_wd
Q49332233,Sala,,1,0,38.8,forest,1,country_wd
Q49332332,Semliki,,1,0,38.8,forest,1,country_wd
Q49332340,Sezibwa Forest,,1,0,38.8,forest,1,country_wd
Q49332395,Sitambogo,,1,0,38.8,forest,1,country_wd
Q49332573,Telwa,,1,0,38.8,forest,1,country_wd
Q49332581,Tero Forest,,1,0,38.8,forest,1,country_wd
Q49332665,Towa Forest,,1,0,38.8,forest,1,country_wd
Q49332688,Tumbi,,1,0,38.8,forest,1,country_wd
Q49332745,Wabinyomo,,1,0,38.8,forest,1,country_wd
Q49332808,Walulumbu,,1,0,38.8,forest,1,country_wd
Q49332809,Wamango,,1,0,38.8,forest,1,country_wd
Q49332811,Wambabya,,1,0,38.8,forest,1,country_wd
Q49355794,Kajansi,,1,0,38.8,human settlement,1,country_wd
Q49358462,Ntungamo,,1,0,38.8,human settlement,1,country_wd
Q49358505,Nyachera,,1,0,38.8,human settlement,1,country_wd
Q49359770,Pader Palwo,,1,0,38.8,human settlement,1,country_wd
Q49374233,Buda Bay,,1,0,38.8,bay,1,country_wd
Q49374248,Buhuka South Bay,,1,0,38.8,bay,1,country_wd
Q49374340,Bumangi Bay,,1,0,38.8,bay,1,country_wd
Q49374343,Bunjako Bay,,1,0,38.8,bay,1,country_wd
Q49374386,Busi Bay,,1,0,38.8,bay,1,country_wd
Q49374412,Buwuka Bay,,1,0,38.8,bay,1,country_wd
Q49374414,Buyaga Bay,,1,0,38.8,bay,1,country_wd
Q49374423,Bwembe Bay,,1,0,38.8,bay,1,country_wd
Q49377054,Entebbe Bay,,1,0,38.8,bay,1,country_wd
Q49377211,Feilding Bay,,1,0,38.8,bay,1,country_wd
Q49378065,Gobero Bay,,1,0,38.8,bay,1,country_wd
Q49378359,Grant Bay,,1,0,38.8,bay,1,country_wd
Q49378977,Hannington Bay,,1,0,38.8,bay,1,country_wd
Q49380213,Idokwe Bay,,1,0,38.8,bay,1,country_wd
Q49380220,Igalalo Bay,,1,0,38.8,bay,1,country_wd
Q49381094,Kamugalula,,1,0,38.8,bay,1,country_wd
Q49381136,Kanyomozi Bay,,1,0,38.8,bay,1,country_wd
Q49381586,Kibanga Bay,,1,0,38.8,bay,1,country_wd
Q49381724,Kinyu,,1,0,38.8,bay,1,country_wd
Q49381763,Kisubi Bay,,1,0,38.8,bay,1,country_wd
Q49381998,Kopine Bay,,1,0,38.8,bay,1,country_wd
Q49383948,Lugambo Bay,,1,0,38.8,bay,1,country_wd
Q49384032,Macdonald Bay,,1,0,38.8,bay,1,country_wd
Q49384305,Manga Bay,,1,0,38.8,bight,1,country_wd
Q49385880,Murchison Bay,,1,0,38.8,bay,1,country_wd
Q49386086,Namirembe,,1,0,38.8,bay,1,country_wd
Q49386134,Napoleon Gulf,,1,0,38.8,bay,1,country_wd
Q49386472,Nkandaga Bay,,1,0,38.8,bay,1,country_wd
Q49386822,Nsonga Bay,,1,0,38.8,bay,1,country_wd
Q49386859,Nyimu Bay,,1,0,38.8,bay,1,country_wd
Q49387989,Pilkington Bay,,1,0,38.8,bay,1,country_wd
Q49388859,Pringle Bay,,1,0,38.8,bay,1,country_wd
Q49391062,Sango Bay,,1,0,38.8,bay,1,country_wd
Q49391613,Senyi Bay,,1,0,38.8,bay,1,country_wd
Q49392094,Sinze Bay,,1,0,38.8,bay,1,country_wd
Q49393639,Tende Bay,,1,0,38.8,bay,1,country_wd
Q49393853,Thruston Bay,,1,0,38.8,bay,1,country_wd
Q49393986,Tome Bay,,1,0,38.8,bay,1,country_wd
Q49393988,Tomi Bay,,1,0,38.8,bay,1,country_wd
Q49394618,Vumba Bay,,1,0,38.8,bight,1,country_wd
Q49394694,Walya Bay,,1,0,38.8,bay,1,country_wd
Q49394831,Wazimenya Bay,,1,0,38.8,bay,1,country_wd
Q49394885,Wera Bay,,1,0,38.8,bay,1,country_wd
Q49395199,Williams Bay,,1,0,38.8,bay,1,country_wd
Q49395591,Zinga Bay,,1,0,38.8,bay,1,country_wd
Q49460634,Aber,,1,0,38.8,sub-county of Uganda,1,country_wd
Q49460645,Acaba,,1,0,38.8,sub-county of Uganda,1,country_wd
Q49460651,Acholi-Bur Sub-County,,1,0,38.8,sub-county of Uganda,1,country_wd
Q49460656,Adekokwok,,1,0,38.8,sub-county of Uganda,1,country_wd
Q49460662,Adwari,,1,0,38.8,sub-county of Uganda,1,country_wd
Q49460670,Agoro,,1,0,38.8,sub-county of Uganda,1,country_wd
Q49460700,Akura,,1,0,38.8,sub-county of Uganda,1,country_wd
Q49460701,Akwang Sub-County,,1,0,38.8,sub-county of Uganda,1,country_wd
Q49460704,Akworo,,1,0,38.8,sub-county of Uganda,1,country_wd
Q49460717,Alero,,1,0,38.8,sub-county of Uganda,1,country_wd
Q49460733,Amach,,1,0,38.8,sub-county of Uganda,1,country_wd
Q49460741,Amuru,,1,0,38.8,sub-county of Uganda,1,country_wd
Q49460742,Anaka,,1,0,38.8,sub-county of Uganda,1,country_wd
Q49460757,Angagura Sub-County,,1,0,38.8,sub-county of Uganda,1,country_wd
Q49460796,Apac,,1,0,38.8,sub-county of Uganda,1,country_wd
Q49460843,Aromo,,1,0,38.8,sub-county of Uganda,1,country_wd
Q49460893,Atanga Sub-County,,1,0,38.8,sub-county of Uganda,1,country_wd
Q49460897,Atiak,,1,0,38.8,sub-county of Uganda,1,country_wd
Q49460949,Awach,,1,0,38.8,sub-county of Uganda,1,country_wd
Q49460954,Ayer Sub-County,,1,0,38.8,sub-county of Uganda,1,country_wd
Q49461062,Barr,,1,0,38.8,sub-county of Uganda,1,country_wd
Q49461199,Birere Sub-County,,1,0,38.8,sub-county of Uganda,1,country_wd
Q49461231,Bobi,,1,0,38.8,sub-county of Uganda,1,country_wd
Q49461416,Bubandi,,1,0,38.8,sub-county of Uganda,1,country_wd
Q49461418,Bubare,,1,0,38.8,sub-county of Uganda,1,country_wd
Q49461423,Bufundi Sub-County,,1,0,38.8,sub-county of Uganda,1,country_wd
Q49461424,Bufunju,,1,0,38.8,sub-county of Uganda,1,country_wd
Q49461427,Buginyanya,,1,0,38.8,sub-county of Uganda,1,country_wd
Q49461430,Buhanika Sub-County,,1,0,38.8,sub-county of Uganda,1,country_wd
Q49461432,Buhunga Sub-County,,1,0,38.8,sub-county of Uganda,1,country_wd
Q49461433,Bukanga Sub-County,,1,0,38.8,sub-county of Uganda,1,country_wd
Q49461435,Bukhalu,,1,0,38.8,sub-county of Uganda,1,country_wd
Q49461438,Buliisa,,1,0,38.8,sub-county of Uganda,1,country_wd
Q49461439,Buluguyu,,1,0,38.8,sub-county of Uganda,1,country_wd
Q49461441,Bumanya,,1,0,38.8,sub-county of Uganda,1,country_wd
Q49461442,Bumbaire Sub-County,,1,0,38.8,sub-county of Uganda,1,country_wd
Q49461450,Burunga,,1,0,38.8,sub-county of Uganda,1,country_wd
Q49461451,Busaba Sub-County,,1,0,38.8,sub-county of Uganda,1,country_wd
Q49461452,Buseruka,,1,0,38.8,sub-county of Uganda,1,country_wd
Q49461454,Busoba Sub-County,,1,0,38.8,sub-county of Uganda,1,country_wd
Q49461464,Butaleja Town Council,,1,0,38.8,town council of Uganda,1,country_wd
Q49461465,Butemba,,1,0,38.8,sub-county of Uganda,1,country_wd
Q49461466,Butemba Town Council,,1,0,38.8,town council of Uganda,1,country_wd
Q49461467,Butiiti,,1,0,38.8,sub-county of Uganda,1,country_wd
Q49461468,Butoloogo Sub-County,,1,0,38.8,sub-county of Uganda,1,country_wd
Q49461470,Butunduuzi Town Council,,1,0,38.8,town council of Uganda,1,country_wd
Q49461471,Buwunga,,1,0,38.8,sub-county of Uganda,1,country_wd
Q49461473,Buyobo Sub-County,,1,0,38.8,sub-county of Uganda,1,country_wd
Q49461478,Bwambara Sub-County,,1,0,38.8,sub-county of Uganda,1,country_wd
Q49461629,Cegere,,1,0,38.8,sub-county of Uganda,1,country_wd
Q49461633,Central Division,,1,0,38.8,division of Uganda,1,country_wd
Q49461780,Chema,,1,0,38.8,sub-county of Uganda,1,country_wd
Q49462248,Dufile subcounty,,1,0,38.8,sub-county of Uganda,1,country_wd
Q49462267,Endinzi Sub-County,,1,0,38.8,sub-county of Uganda,1,country_wd
Q49462464,Galiraya Sub-County,,1,0,38.8,sub-county of Uganda,1,country_wd
Q49462706,Hamurwa Sub-County,,1,0,38.8,sub-county of Uganda,1,country_wd
Q49462714,Hapuyo Sub-County,,1,0,38.8,sub-county of Uganda,1,country_wd
Q49462717,Harugali,,1,0,38.8,sub-county of Uganda,1,country_wd
Q49462782,Himutu,,1,0,38.8,sub-county of Uganda,1,country_wd
Q49462881,Ibuje,,1,0,38.8,sub-county of Uganda,1,country_wd
Q49462882,Ibulanku Sub-county,,1,0,38.8,sub-county of Uganda,1,country_wd
Q49462904,Ishongororo Sub-County,,1,0,38.8,sub-county of Uganda,1,country_wd
Q49462916,Iyolwa,,1,0,38.8,sub-county of Uganda,1,country_wd
Q49463044,Kaato Sub-County,,1,0,38.8,sub-county of Uganda,1,country_wd
Q49463045,Kabeywa,,1,0,38.8,sub-county of Uganda,1,country_wd
Q49463047,Kabweri,,1,0,38.8,sub-county of Uganda,1,country_wd
Q49463048,Kagango Sub-County,,1,0,38.8,sub-county of Uganda,1,country_wd
Q49463050,Kakitekile,,1,0,38.8,sub-county of Uganda,1,country_wd
Q49463053,Kalongo Sub-County,,1,0,38.8,sub-county of Uganda,1,country_wd
Q49463054,Kamwenge Town Council Sub-County,,1,0,38.8,sub-county of Uganda,1,country_wd
Q49463056,Kanaba,,1,0,38.8,sub-county of Uganda,1,country_wd
Q49463059,Kanyaryeru Sub-County,,1,0,38.8,sub-county of Uganda,1,country_wd
Q49463060,Kapyanga,,1,0,38.8,sub-county of Uganda,1,country_wd
Q49463062,Karita,,1,0,38.8,sub-county of Uganda,1,country_wd
Q49463063,Kasilo Town Council,,1,0,38.8,town council of Uganda,1,country_wd
Q49463065,Kasodo,,1,0,38.8,sub-county of Uganda,1,country_wd
Q49463067,Kassanda,,1,0,38.8,sub-county of Uganda,1,country_wd
Q49463069,Kateta Sub-County,,1,0,38.8,sub-county of Uganda,1,country_wd
Q49463071,Katoke Town Council,,1,0,38.8,town council of Uganda,1,country_wd
Q49463072,Katwe/Butego Division,,1,0,38.8,division of Uganda,1,country_wd
Q49463074,Kawempe,,1,0,38.8,sub-county of Uganda,1,country_wd
Q49463075,Kebisoni Sub-County,,1,0,38.8,sub-county of Uganda,1,country_wd
Q49463080,Kenshunga,,1,0,38.8,sub-county of Uganda,1,country_wd
Q49463098,Kibiito Town Council,,1,0,38.8,town council of Uganda,1,country_wd
Q49463100,Kigaraale,,1,0,38.8,sub-county of Uganda,1,country_wd
Q49463101,Kikatsi Sub-County,,1,0,38.8,sub-county of Uganda,1,country_wd
Q49463104,Kikyenkye,,1,0,38.8,sub-county of Uganda,1,country_wd
Q49463105,Kisoko,,1,0,38.8,sub-county of Uganda,1,country_wd
Q49463107,Kisomoro,,1,0,38.8,sub-county of Uganda,1,country_wd
Q49463109,Kitanda,,1,0,38.8,sub-county of Uganda,1,country_wd
Q49463111,Kitgum Matidi Sub-County,,1,0,38.8,sub-county of Uganda,1,country_wd
Q49463112,Kitgum Town Council,,1,0,38.8,town council of Uganda,1,country_wd
Q49463114,Kkome Islands Sub-County,,1,0,38.8,sub-county of Uganda,1,country_wd
Q49463118,Koch,,1,0,38.8,sub-county of Uganda,1,country_wd
Q49463121,Kucwiny,,1,0,38.8,sub-county of Uganda,1,country_wd
Q49463122,Kumi County,,1,0,38.8,sub-county of Uganda,1,country_wd
Q49463129,Kyabugimbi Sub-County,,1,0,38.8,sub-county of Uganda,1,country_wd
Q49463131,Kyalulangira Sub-County,,1,0,38.8,sub-county of Uganda,1,country_wd
Q49463134,Kyankwanzi,,1,0,38.8,sub-county of Uganda,1,country_wd
Q49463136,Kyarusozi,,1,0,38.8,sub-county of Uganda,1,country_wd
Q49463137,Kyarusozi Town Council,,1,0,38.8,town council of Uganda,1,country_wd
Q49463139,Kyesiiga,,1,0,38.8,sub-county of Uganda,1,country_wd
Q49463344,Labongo-Amida Sub-County,,1,0,38.8,sub-county of Uganda,1,country_wd
Q49463346,Labongo-Layamo Sub-County,,1,0,38.8,sub-county of Uganda,1,country_wd
Q49463360,Lagoro Sub-County,,1,0,38.8,sub-county of Uganda,1,country_wd
Q49463363,Laguti Sub-County,,1,0,38.8,sub-county of Uganda,1,country_wd
Q49463376,Lamogi,,1,0,38.8,sub-county of Uganda,1,country_wd
Q49463382,Lamwo Parish,,1,0,38.8,parish of Uganda,1,country_wd
Q49463454,Lapul Sub-County,,1,0,38.8,sub-county of Uganda,1,country_wd
Q49463478,Latanya Sub-County,,1,0,38.8,sub-county of Uganda,1,country_wd
Q49463816,Lokung,,1,0,38.8,sub-county of Uganda,1,country_wd
Q49463875,Loregae,,1,0,38.8,sub-county of Uganda,1,country_wd
Q49463879,Loro,,1,0,38.8,sub-county of Uganda,1,country_wd
Q49463932,Lukole,,1,0,38.8,sub-county of Uganda,1,country_wd
Q49463957,Luwero Sub-County,,1,0,38.8,sub-county of Uganda,1,country_wd
Q49463990,Madi-Opei Sub-County,,1,0,38.8,sub-county of Uganda,1,country_wd
Q49464011,Makuutu Sub-county,,1,0,38.8,sub-county of Uganda,1,country_wd
Q49464020,Maliba,,1,0,38.8,sub-county of Uganda,1,country_wd
Q49464035,Manibe,,1,0,38.8,sub-county of Uganda,1,country_wd
Q49464066,Masha Sub-County,,1,0,38.8,sub-county of Uganda,1,country_wd
Q49464189,Minakulu,,1,0,38.8,sub-county of Uganda,1,country_wd
Q49464370,Mpeefu,,1,0,38.8,sub-county of Uganda,1,country_wd
Q49464371,Mpungu Sub-County,,1,0,38.8,sub-county of Uganda,1,country_wd
Q49464372,Muchwini Sub-County,,1,0,38.8,sub-county of Uganda,1,country_wd
Q49464374,Muduma Sub-County,,1,0,38.8,sub-county of Uganda,1,country_wd
Q49464377,Mugiti,,1,0,38.8,sub-county of Uganda,1,country_wd
Q49464382,Muko Sub-County,,1,0,38.8,sub-county of Uganda,1,country_wd
Q49464397,Myene,,1,0,38.8,sub-county of Uganda,1,country_wd
Q49464408,Nabukalu,,1,0,38.8,sub-county of Uganda,1,country_wd
Q49464410,Nadunget,,1,0,38.8,sub-county of Uganda,1,country_wd
Q49464414,Nakawa,,1,0,38.8,sub-county of Uganda,1,country_wd
Q49464415,Namayumba Sub-County,,1,0,38.8,sub-county of Uganda,1,country_wd
Q49464452,Nebbi,,1,0,38.8,sub-county of Uganda,1,country_wd
Q49464461,Ngai,,1,0,38.8,sub-county of Uganda,1,country_wd
Q49464462,Ngarama Sub-County,,1,0,38.8,sub-county of Uganda,1,country_wd
Q49464463,Ngariam,,1,0,38.8,sub-county of Uganda,1,country_wd
Q49464464,Ngora subcounty,,1,0,38.8,sub-county of Uganda,1,country_wd
Q49464465,Ngora Town Council,,1,0,38.8,town council of Uganda,1,country_wd
Q49464474,Nkoma,,1,0,38.8,sub-county of Uganda,1,country_wd
Q49464506,Nsambya,,1,0,38.8,sub-county of Uganda,1,country_wd
Q49464507,Ntungamo Sub-County,,1,0,38.8,sub-county of Uganda,1,country_wd
Q49464508,Ntwetwe,,1,0,38.8,sub-county of Uganda,1,country_wd
Q49464513,Nyakabande,,1,0,38.8,sub-county of Uganda,1,country_wd
Q49464514,Nyakagyeme Sub-County,,1,0,38.8,sub-county of Uganda,1,country_wd
Q49464516,Nyakwae,,1,0,38.8,sub-county of Uganda,1,country_wd
Q49464517,Nyaravur,,1,0,38.8,sub-county of Uganda,1,country_wd
Q49464518,Nyendo/Senyange Division,,1,0,38.8,division of Uganda,1,country_wd
Q49464526,Odek,,1,0,38.8,sub-county of Uganda,1,country_wd
Q49464527,Offaka,,1,0,38.8,sub-county of Uganda,1,country_wd
Q49464529,Ogalai,,1,0,38.8,sub-county of Uganda,1,country_wd
Q49464532,Ogili Sub-County,,1,0,38.8,sub-county of Uganda,1,country_wd
Q49464534,Ogoko,,1,0,38.8,sub-county of Uganda,1,country_wd
Q49464536,Ojwina,,1,0,38.8,sub-county of Uganda,1,country_wd
Q49464548,Omiya Pachua,,1,0,38.8,sub-county of Uganda,1,country_wd
Q49464551,Ongako Sub-County,,1,0,38.8,sub-county of Uganda,1,country_wd
Q49464566,Orungo,,1,0,38.8,sub-county of Uganda,1,country_wd
Q49464588,Pabbo,,1,0,38.8,sub-county of Uganda,1,country_wd
Q49464591,Pader Town Council Sub-County,,1,0,38.8,sub-county of Uganda,1,country_wd
Q49464592,Padibe East Sub-County,,1,0,38.8,sub-county of Uganda,1,country_wd
Q49464594,Padibe West,,1,0,38.8,sub-county of Uganda,1,country_wd
Q49464597,Paicho Sub-County,,1,0,38.8,sub-county of Uganda,1,country_wd
Q49464598,Paidha,,1,0,38.8,sub-county of Uganda,1,country_wd
Q49464605,Pajule Sub-County,,1,0,38.8,sub-county of Uganda,1,country_wd
Q49464606,Pajulu,,1,0,38.8,sub-county of Uganda,1,country_wd
Q49464607,Pakwach Town,,1,0,38.8,town council of Uganda,1,country_wd
Q49464608,Palabek Gem,,1,0,38.8,sub-county of Uganda,1,country_wd
Q49464609,Palabek-Kal Sub-County,,1,0,38.8,sub-county of Uganda,1,country_wd
Q49464611,Palaro,,1,0,38.8,sub-county of Uganda,1,country_wd
Q49464616,Paloga Sub-County,,1,0,38.8,sub-county of Uganda,1,country_wd
Q49464633,Panyango,,1,0,38.8,sub-county of Uganda,1,country_wd
Q49464654,Pawach Parish,,1,0,38.8,parish of Uganda,1,country_wd
Q49465108,Rhino Camp,,1,0,38.8,sub-county of Uganda,1,country_wd
Q49465181,Rubaya,,1,0,38.8,sub-county of Uganda,1,country_wd
Q49465185,Rugando,,1,0,38.8,sub-county of Uganda,1,country_wd
Q49465186,Rugyeyo Sub-County,,1,0,38.8,sub-county of Uganda,1,country_wd
Q49465187,Ruhaama Sub-County,,1,0,38.8,sub-county of Uganda,1,country_wd
Q49465189,Rumogi Sub-County,,1,0,38.8,sub-county of Uganda,1,country_wd
Q49465191,Rupa,,1,0,38.8,sub-county of Uganda,1,country_wd
Q49465194,Rwemikoma Sub-County,,1,0,38.8,sub-county of Uganda,1,country_wd
Q49466007,Sanga,,1,0,38.8,sub-county of Uganda,1,country_wd
Q49466370,Tapac,,1,0,38.8,sub-county of Uganda,1,country_wd
Q49466684,Wadelai,,1,0,38.8,sub-county of Uganda,1,country_wd
Q49466691,Wanale Sub-county,,1,0,38.8,sub-county of Uganda,1,country_wd
Q49509094,Kabalega Falls National Park,,1,0,38.8,park,1,country_wd
Q49540565,Ezekiel Muhanguzi,Ezekiel Muhanguzi,1,0,38.8,human,1,citizenship_wd
Q4957775,Salome Kabengano,,1,0,38.8,human,1,citizenship_wd
Q49598908,Narongole Plain,,1,0,38.8,plain,1,country_wd
Q49627751,Isimba Hydropower Project,,1,0,38.8,,1,country_wd
Q49656266,Makusu Island,,1,0,38.8,island,1,country_wd
Q49741881,Amar,,1,0,38.8,hot spring,1,country_wd
Q49743486,Lopederu,,1,0,38.8,,1,country_wd
Q4986092,Bugabula,Bugabula,1,0,38.8,,1,country_wd
Q4986119,Bugala Power Station,Bugala Thermal Power Station,1,0,38.8,thermal power station,1,country_wd
Q4986229,Bugoloobi,Bugolobi,1,0,38.8,neighborhood,2,country_wd|keyword_title
Q4986282,Bugweri kingdom,Bugweri kingdom,1,0,38.8,,1,country_wd
Q4986697,Buima,Buima,1,0,38.8,chiefdom,1,country_wd
Q4987000,Bukono kingdom,Bukono kingdom,1,0,38.8,,1,country_wd
Q4987001,Bukooli kingdom,Bukooli Chiefdom,1,0,38.8,,1,country_wd
Q4987158,Bukwanga Kiki,Bukwanga Kiki,1,0,38.8,,1,country_wd
Q4987204,Bulamogi,Bulamogi,1,0,38.8,,1,country_wd
Q4996445,Bulingugwe Island,Bulingugwe Island,1,0,38.8,island,1,country_wd
Q4997973,Bunyaruguru,Bunyaruguru,1,0,38.8,,1,country_wd
Q4997983,Bunyole,Bunyole,1,0,38.8,,1,country_wd
Q4997984,Bunyoro sub-region,Bunyoro sub-region,1,0,38.8,sub-region of Uganda,2,country_wd|keyword_title
Q5001642,Busiki,Busiki,1,0,38.8,chiefdom,1,country_wd
Q5002004,Busoga College,Busoga College,1,0,38.8,boarding school,2,country_wd|keyword_title
Q5002005,Busoga sub-region,Busoga sub-region,1,0,38.8,sub-region of Uganda,2,country_wd|keyword_title
Q5002334,Butabika,Butabika,1,0,38.8,human settlement,1,country_wd
Q5002496,Butembe,Butembe,1,0,38.8,,1,country_wd
Q5003685,Bwindi Community Hospital,Bwindi Community Hospital,1,0,38.8,hospital,1,country_wd
Q5013933,CRO FC,CRO FC,1,0,38.8,association football club,1,country_wd
Q5035614,Capital Markets Authority,Capital Markets Authority of Uganda,1,0,38.8,government agency,3,country_wd|keyword_title|part_of_wd
Q50701530,Samantha Nassolo,,1,0,38.8,human,1,birth_death_wd
Q5097098,Chiefdom of Bunya,Chiefdom of Bunya,1,0,38.8,,1,country_wd
Q51079104,National Environment Management Authority of Uganda,National Environment Management Authority,1,0,38.8,government agency,1,country_wd
Q5124427,Civil Aviation Authority of Uganda,Uganda Civil Aviation Authority,1,0,38.8,"government agency, air navigation service provider",2,country_wd|keyword_title
Q5152465,Commercial Bank of Africa,Commercial Bank of Africa (Uganda),1,0,38.8,business,2,country_wd|keyword_title
Q5153428,Common Man's Charter,Common Man's Charter,1,0,38.8,,2,country_wd|keyword_title
Q51683036,Wabigalo–Nakasongola–Sasira Road,Wabigalo–Nakasongola–Sasira Road,1,0,38.8,road,1,country_wd
Q51685571,Patric Ronnie,,1,0,38.8,human,1,citizenship_wd
Q5181995,Crane Bank,Crane Bank,1,0,38.8,business,1,country_wd
Q51879359,Melvin Kakooza,,1,0,38.8,human,1,birth_death_wd
Q5204903,DFCU House,DFCU House,1,0,38.8,built structure,1,country_wd
Q52340448,Joy Tukahirwa,,1,0,38.8,human,1,citizenship_wd
Q5270937,Diamond Trust Bank (Uganda) Limited,Diamond Trust Bank (Uganda),1,0,38.8,business,2,country_wd|keyword_title
Q5326819,Early history of Uganda,Early history of Uganda,1,0,38.8,historical period,2,country_wd|keyword_title
Q5327647,East African Airlines,,1,0,38.8,airline,1,country_wd
Q5338321,Ediofe Hills FC,Ediofe Hills FC,1,0,38.8,association football club,1,country_wd
Q5380121,Entebbe-Kampala Highway,Entebbe–Kampala Expressway,1,0,38.8,road,2,country_wd|keyword_title
Q5393119,Ernest Gerald Gibbins,Ernest Gibbins,1,0,38.8,human,1,birth_death_wd
Q5445205,Feroz Abbasi,Feroz Abbasi,1,0,38.8,human,2,birth_death_wd|citizenship_wd
Q5471866,Fort Portal Hospital,Fort Portal Hospital,1,0,38.8,hospital,1,country_wd
Q54805373,Ronnie Iloya,,1,0,38.8,human,1,citizenship_wd
Q55063291,Achi,,1,0,38.8,human,1,citizenship_wd
Q55074874,Restoration Gateway Hospital,Restoration Gateway Hospital,1,0,38.8,hospital,1,country_wd
Q55075072,Mbarara Regional Cancer Centre,Mbarara Regional Cancer Centre,1,0,38.8,built structure,1,country_wd
Q55075074,Arua Regional Cancer Centre,Arua Regional Cancer Centre,1,0,38.8,built structure,1,country_wd
Q55075130,Uganda Microfinance Regulatory Authority,Uganda Microfinance Regulatory Authority,1,0,38.8,government agency,2,country_wd|keyword_title
Q55142254,geology of Uganda,Geology of Uganda,1,0,38.8,,2,country_wd|keyword_title
Q5528732,Gayaza-Ziroobwe Road,Gayaza–Ziroobwe Road,1,0,38.8,road,1,country_wd
Q55357001,Don Nabasa,Don Nabasa,1,0,38.8,human,2,birth_death_wd|citizenship_wd
Q55391880,2018 Uganda Cup,2018 Uganda Cup,1,0,38.8,sports season,2,country_wd|keyword_title
Q55391881,2017 Uganda Cup,2017 Uganda Cup,1,0,38.8,sports season,2,country_wd|keyword_title
Q55392271,City House Jinja,City House Jinja,1,0,38.8,building,1,country_wd
Q55394577,Moroto Ateker Cement Company Limited,Moroto Ateker Cement Company Limited,1,0,38.8,company,1,country_wd
Q55528297,Acholi,,1,0,38.8,tribal area,1,country_wd
Q55528389,Acwa Lolim Game Reserve,,1,0,38.8,,1,country_wd
Q55530611,Ajai Game Reserve,,1,0,38.8,,1,country_wd
Q55576870,Bugungu Hippopotamus and Elephant Sanctuary,,1,0,38.8,,1,country_wd
Q55603106,Abryanz Style and Fashion Awards 2016,Abryanz Style and Fashion Awards 2016,1,0,38.8,award ceremony,1,country_wd
Q55604326,Asset allocation among commercial banks in Uganda,Asset allocation among commercial banks in Uganda,1,0,38.8,,1,country_wd
Q55614362,Imvepi Refugee Settlement,Imvepi Refugee Settlement,1,0,38.8,"human settlement, refugee camp",1,country_wd
Q55614400,Independence Day,Independence Day (Uganda),1,0,38.8,public holiday,2,country_wd|keyword_title
Q55614506,Insurance Towers,Insurance Towers,1,0,38.8,building,1,country_wd
Q55614546,International Specialized Hospital of Uganda,International Specialized Hospital of Uganda,1,0,38.8,hospital,2,country_wd|keyword_title
Q55615979,Kijabijo,Kijabijo,1,0,38.8,human settlement,1,country_wd
Q55624895,Ndejje University FC,Ndejje University FC,1,0,38.8,association football club,1,country_wd
Q55627163,Nyumanzi Refugee Settlement,Nyumanzi Refugee Settlement,1,0,38.8,human settlement,1,country_wd
Q55627374,Oil companies in Uganda,Oil companies in Uganda,1,0,38.8,Wikimedia list article,2,country_wd|keyword_title
Q55628478,Palorinya Refugee Settlement,Palorinya Refugee Settlement,1,0,38.8,"human settlement, refugee camp",1,country_wd
Q55630465,Prime minister of Rwenzururu,Prime Minister of Rwenzururu,1,0,38.8,position,1,country_wd
Q55636455,Uganda Relationships Commission,Uganda Relationships Commission,1,0,38.8,,2,country_wd|keyword_title
Q55636456,Uganda men's national lacrosse team,Uganda men's national lacrosse team,1,0,38.8,national sports team,2,country_wd|keyword_title
Q55641551,Reach A Hand Uganda,Reach a Hand Uganda,1,0,38.8,nonprofit organization,2,country_wd|keyword_title
Q55642404,Top Finance Bank Uganda Limited,Salaam Bank Uganda,1,0,38.8,,2,country_wd|keyword_title
Q55642462,Uganda People's Defence Force Land forces,Uganda People's Defence Force Land forces,1,0,38.8,,1,country_wd
Q55655150,Burkina Faso–Uganda relations,,1,0,38.8,bilateral relation,1,country_wd
Q5570701,Global Trust Bank,Global Trust Bank (Uganda),1,0,38.8,business,2,country_wd|keyword_title
Q55887086,Kampala–Gulu Highway,Kampala–Gulu Highway,1,0,38.8,road,2,country_wd|keyword_title
Q55887869,Thobani Centre,Thobani Centre,1,0,38.8,building,1,country_wd
Q55888356,Uganda National Medical Stores,Uganda National Medical Stores,1,0,38.8,,2,country_wd|keyword_title
Q56064396,Archbishop Janani Luwum Day,Archbishop Janani Luwum Day,1,0,38.8,public holiday,1,country_wd
Q56065559,Leah Kagasa,Leah Kagasa,1,0,38.8,human,2,birth_death_wd|citizenship_wd
Q5617904,Gulu-Nimule Road,Gulu–Nimule Road,1,0,38.8,road,1,country_wd
Q56276041,Lwensinga,Lwensinga,1,0,38.8,human settlement,1,country_wd
Q56276212,Bishop Ceaser Asili Memorial Hospital,Bishop Ceaser Asili Memorial Hospital,1,0,38.8,hospital,1,country_wd
Q56276494,Buhimba–Nalweyo–Kakindu–Bulamagi Road,Buhimba–Nalweyo–Kakindu–Bulamagi Road,1,0,38.8,road,1,country_wd
Q56276625,Bulamagi–Igayaza–Kakumiro Road,Bulamagi–Igayaza–Kakumiro Road,1,0,38.8,road,1,country_wd
Q56276791,Tanzania–Uganda Natural Gas Pipeline,Tanzania–Uganda Natural Gas Pipeline,1,0,38.8,built structure,2,country_wd|keyword_title
Q56277932,Robert Ssentongo,Robert Ssentongo (surgeon),1,0,38.8,human,2,birth_death_wd|citizenship_wd
Q56278464,Busitema Solar Power Station,Busitema Solar Power Station,1,0,38.8,photovoltaic power station,1,country_wd
Q56280402,Uganda Medical Association,Uganda Medical Association,1,0,38.8,"organization, medical association",2,country_wd|keyword_title
Q56280529,Chief of Defence Force,Chief of Defence Forces (Uganda),1,0,38.8,position,2,country_wd|keyword_title
Q56437663,Aruya,,1,0,38.8,stream,1,country_wd
Q56437664,Aruya,,1,0,38.8,,1,country_wd
Q56437666,Aruya,,1,0,38.8,,1,country_wd
Q56437961,Ateng,,1,0,38.8,,1,country_wd
Q56489384,Patrice Njojo,Patrice Njojo,1,0,38.8,human,1,birth_death_wd
Q56544217,Dufile Animal Sanctuary,,1,0,38.8,wildlife park,1,country_wd
Q56544742,Dure,,1,0,38.8,,1,country_wd
Q56590829,Elephant Nature Park,,1,0,38.8,,1,country_wd
Q56605107,National Theatre,,1,0,38.8,"theatre building, movie theater",1,country_wd
Q56605115,Nommo Gallery,,1,0,38.8,art museum,1,country_wd
Q56628196,Wikimedia Community User Group Uganda,,1,0,38.8,Wikimedia user group,1,country_wd
Q56629194,aircraft in Ugandan service,,1,0,38.8,aircraft fleet,1,country_wd
Q56647930,aircraft in Ugandan military service,,1,0,38.8,aircraft fleet,1,country_wd
Q56811167,Thorold Masefield,Thorold Masefield,1,0,38.8,human,1,birth_death_wd
Q56823052,2018 African Tchoukball Championships,,1,0,38.8,sports season,1,country_wd
Q57312681,Uganda at the 2018 African Championships in Athletics,,1,0,38.8,nation at sport competition,1,country_wd
Q57332707,Grace Ndagire,,1,0,38.8,human,1,citizenship_wd
Q5877791,Hoima Hospital,Hoima Hospital,1,0,38.8,hospital,1,country_wd
Q5916124,,Housing Finance Bank,1,0,38.8,business,1,country_wd
Q59290367,British High Commission Kampala,"High Commission of the United Kingdom, Kampala",1,0,38.8,high commission,3,country_wd|keyword_title|part_of_wd
Q59291689,"Embassy of Germany, Kampala",,1,0,38.8,embassy,2,country_wd|part_of_wd
Q5945844,Arne Lemberg,,1,0,38.8,human,1,birth_death_wd
Q5998719,Joseph Muweke,,1,0,38.8,human,1,birth_death_wd
Q6006634,Imperial Hotels Group,Imperial Hotels Group,1,0,38.8,business,1,country_wd
Q6018651,Index of Uganda-related articles,,1,0,38.8,Wikimedia list article,1,country_wd
Q60193442,Opuyo–Moroto High Voltage Power Line,Opuyo–Moroto High Voltage Power Line,1,0,38.8,overhead power line,1,country_wd
Q60455140,Stephen Twinoburyo,Stephen Twinoburyo,1,0,38.8,human,2,birth_death_wd|citizenship_wd
Q6050002,International Criminal Court investigation in Uganda,International Criminal Court investigation in Uganda,1,0,38.8,,2,country_wd|keyword_title
Q6051972,International Medical Group,International Medical Group (Uganda),1,0,38.8,business,2,country_wd|keyword_title
Q60524458,Battle of Tororo,Battle of Tororo,1,0,38.8,battle,1,country_wd
Q60586297,Narendra Nathwani,Narendra Nathwani,1,0,38.8,human,1,birth_death_wd
Q60617085,Churchill Lukwiya Onen,Churchill Lukwiya Onen,1,0,38.8,human,2,birth_death_wd|citizenship_wd
Q60651142,1985 in Uganda,,1,0,38.8,events in a specific year or time period,1,country_wd
Q60676048,John Boscoe Waigo,John Boscoe Waigo,1,0,38.8,human,1,citizenship_wd
Q60676087,Kasmiro Omona,Kasmiro Omona,1,0,38.8,human,1,citizenship_wd
Q60676661,Abdul Tebazalwa,Abdul Tebazalwa,1,0,38.8,human,1,citizenship_wd
Q60744436,Student movements in Uganda,Student movements in Uganda,1,0,38.8,,2,country_wd|keyword_title
Q60744887,Kigorobya,Kigorobya,1,0,38.8,human settlement,1,country_wd
Q60745286,Biso,"Biso, Uganda",1,0,38.8,human settlement,2,country_wd|keyword_title
Q60746495,Uganda National Examinations Board,Uganda National Examinations Board,1,0,38.8,government agency,2,country_wd|keyword_title
Q60746767,Uganda National Teachers Union,Uganda National Teachers Union,1,0,38.8,government agency,2,country_wd|keyword_title
Q60753937,Kagulu Hill,Kagulu Hill,1,0,38.8,mountain,1,country_wd
Q60756114,"People Power, Our Power","People Power, Our Power",1,0,38.8,"pressure group, political movement",1,country_wd
Q60763482,Hot Pink Catwalk,Hot Pink Catwalk,1,0,38.8,,1,country_wd
Q60772796,Abryanz Style and Fashion Awards 2018,Abryanz Style and Fashion Awards 2018,1,0,38.8,award ceremony,1,country_wd
Q6079935,Ishaka Adventist Hospital,Ishaka Adventist Hospital,1,0,38.8,hospital,1,country_wd
Q60846288,Our Lady of Victory Abbey,,1,0,38.8,Trappist monastery,1,country_wd
Q60960567,Nicholas Okwir,Nicholas Okwir,1,0,38.8,human,2,birth_death_wd|citizenship_wd
Q61014536,Nkonge Solar Power Station,Nkonge Solar Power Station,1,0,38.8,photovoltaic power station,1,country_wd
Q61082251,Carolyne Ekyarisiima,,1,0,38.8,human,1,citizenship_wd
Q6110703,Jachan Mandir Omach,Jachan Mandir Omach,1,0,38.8,human,1,citizenship_wd
Q61438585,Kigo,"Kigo, Uganda",1,0,38.8,human settlement,2,country_wd|keyword_title
Q61438898,Nabbingo,Nabbingo,1,0,38.8,human settlement,1,country_wd
Q61439268,Mbale Regional Cancer Centre,Mbale Regional Cancer Centre,1,0,38.8,built structure,1,country_wd
Q61439271,Gulu Regional Cancer Centre,Gulu Regional Cancer Centre,1,0,38.8,built structure,1,country_wd
Q61659745,Kenneth Ocen Obwot,Kenneth Ocen Obwot,1,0,38.8,human,2,birth_death_wd|citizenship_wd
Q61896466,Karuma–Juba High Voltage Power Line,Karuma–Juba High Voltage Power Line,1,0,38.8,overhead power line,1,country_wd
Q61932776,Private Sector Foundation Uganda,Private Sector Foundation Uganda,1,0,38.8,organization,2,country_wd|keyword_title
Q61934134,Uganda Association of Women Lawyers,Uganda Association of Women Lawyers (FIDA-U),1,0,38.8,"nonprofit organization, women's organization",2,country_wd|keyword_title
Q62023488,Sanga Island,,1,0,38.8,island,1,country_wd
Q62129062,Ivan Magomu,Ivan Magomu,1,0,38.8,human,1,citizenship_wd
Q62396169,Scovia Ayikoru,,1,0,38.8,human,1,birth_death_wd
Q62481250,Buganda Road Primary School,Buganda Road Primary School,1,0,38.8,primary school,2,country_wd|keyword_title
Q62592153,Chris Mukiza,Chris Mukiza,1,0,38.8,human,2,birth_death_wd|citizenship_wd
Q62629775,Peninnah Tukamwesiga,Peninnah Tukamwesiga,1,0,38.8,human,2,birth_death_wd|citizenship_wd
Q63022114,Francis Katamba,Francis Katamba,1,0,38.8,human,1,birth_death_wd
Q6309994,Julius Ocwinyo,Julius Ocwinyo,1,0,38.8,human,2,birth_death_wd|citizenship_wd
Q63101179,Jim Beesigye Owoyesigire,Jim Beesigye Owoyesigire,1,0,38.8,human,2,birth_death_wd|citizenship_wd
Q63197659,Ernest Obitre Gama,Ernest Obitre Gama,1,0,38.8,human,1,citizenship_wd
Q63253690,Ntungwe,,1,0,38.8,river,1,country_wd
Q63346719,Hoima–Kinyara–Kafu High Voltage Power Line,Hoima–Kinyara–Kafu High Voltage Power Line,1,0,38.8,high-voltage power line,1,country_wd
Q6346357,Kagando Hospital,Kagando Hospital,1,0,38.8,hospital,1,country_wd
Q6349473,Kakira Power Station,Kakira Thermal Power Station,1,0,38.8,"combined heat and power station, biomass-fired power station",1,country_wd
Q6350660,Kalapata sub-county,Kalapata sub-county,1,0,38.8,human settlement,1,country_wd
Q6351915,Kaleerwe,Kaleerwe,1,0,38.8,neighborhood,1,country_wd
Q6354247,Kalongo Hospital,Kalongo Hospital,1,0,38.8,hospital,1,country_wd
Q6359095,Kampala Associated Advocates,Kampala Associated Advocates,1,0,38.8,law firm,2,country_wd|keyword_title
Q6359102,Kampala Hill,Kampala Hill,1,0,38.8,neighborhood,2,country_wd|keyword_title
Q6359104,Kampala Hilton Hotel,The Pearl of Africa Hotel Kampala,1,0,38.8,hotel,2,country_wd|keyword_title
Q6359109,Kampala Intercontinental Hotel,Kampala Kingdom Hotel,1,0,38.8,hotel,2,country_wd|keyword_title
Q6359120,Kampala Northern Bypass Highway,Kampala Northern Bypass Highway,1,0,38.8,road,2,country_wd|keyword_title
Q6359840,Kamuli Hospital,Kamuli General Hospital,1,0,38.8,hospital,1,country_wd
Q6359842,Kamuli Mission Hospital,Kamuli Mission Hospital,1,0,38.8,hospital,1,country_wd
Q6359912,Kamwookya,Kamwookya,1,0,38.8,neighborhood,1,country_wd
Q6365673,Kanungu Power Station,Kanungu Hydroelectric Power Station,1,0,38.8,hydroelectric power station,1,country_wd
Q6366536,Kapedo sub-county,Kapedo sub-county,1,0,38.8,human settlement,1,country_wd
Q6370159,Karenga Community Wildlife Management Area,Karenga Community Wildlife Management Area,1,0,38.8,protected area,1,country_wd
Q6370160,Karenga sub-county,Karenga sub-county,1,0,38.8,human settlement,1,country_wd
Q6376620,Kathile sub-county,Kathile sub-county,1,0,38.8,human settlement,1,country_wd
Q6379411,Kawaala,Kawaala,1,0,38.8,neighborhood,2,country_wd|keyword_title
Q6379968,Kawempe,Kawempe,1,0,38.8,neighborhood,1,country_wd
Q63968038,Angola–Uganda relations,,1,0,38.8,bilateral relation,1,country_wd
Q63969588,Eritrea–Uganda relations,,1,0,38.8,bilateral relation,1,country_wd
Q63978549,Liechtenstein–Uganda relations,,1,0,38.8,bilateral relation,1,country_wd
Q63979111,Bolivia–Uganda relations,,1,0,38.8,bilateral relation,1,country_wd
Q63979630,Mozambique–Uganda relations,,1,0,38.8,bilateral relation,1,country_wd
Q63980321,Albania–Uganda relations,,1,0,38.8,bilateral relation,1,country_wd
Q63980665,Belgium–Uganda relations,,1,0,38.8,bilateral relation,1,country_wd
Q63981154,Ethiopia–Uganda relations,,1,0,38.8,bilateral relation,1,country_wd
Q63987119,Tajikistan–Uganda relations,,1,0,38.8,bilateral relation,1,country_wd
Q63990292,Romania–Uganda relations,,1,0,38.8,bilateral relation,1,country_wd
Q63991560,Argentina–Uganda relations,,1,0,38.8,bilateral relation,1,country_wd
Q63992806,Cyprus–Uganda relations,,1,0,38.8,bilateral relation,1,country_wd
Q63993332,Sierra Leone–Uganda relations,,1,0,38.8,bilateral relation,1,country_wd
Q63993897,Nepal–Uganda relations,,1,0,38.8,bilateral relation,1,country_wd
Q63994762,Liberia–Uganda relations,,1,0,38.8,bilateral relation,1,country_wd
Q63998124,Czech Republic–Uganda relations,,1,0,38.8,bilateral relation,1,country_wd
Q64004078,Myanmar–Uganda relations,,1,0,38.8,bilateral relation,1,country_wd
Q64010490,Amos Wekesa,Amos Wekesa,1,0,38.8,human,2,birth_death_wd|citizenship_wd
Q6403924,Kibaale Community Schools,Kibaale Community Schools,1,0,38.8,,1,country_wd
Q6404080,Kibuli,Kibuli,1,0,38.8,neighborhood,1,country_wd
Q6404090,Kibuye,"Kibuye, Uganda",1,0,38.8,neighborhood,2,country_wd|keyword_title
Q6405936,Kigezi sub-region,Kigezi sub-region,1,0,38.8,sub-region of Uganda,1,country_wd
Q6405968,Kigoowa,Kigoowa,1,0,38.8,neighborhood,1,country_wd
Q6406198,Kikaaya,Kikaaya,1,0,38.8,neighborhood,1,country_wd
Q6406203,Kikagati Power Station,Kikagati Hydroelectric Power Station,1,0,38.8,hydroelectric power station,1,country_wd
Q64138407,Saudi Arabia–Uganda relations,,1,0,38.8,bilateral relation,1,country_wd
Q64141263,Uganda–Zimbabwe relations,,1,0,38.8,bilateral relation,1,country_wd
Q6414271,Kinshasa Highway,Kinshasa Highway,1,0,38.8,road,1,country_wd
Q6414458,Kinyara Power Station,Kinyara Thermal Power Station,1,0,38.8,"combined heat and power station, biomass-fired power station",1,country_wd
Q6414460,Kinyara Sugar Works Limited,Kinyara Sugar Works Limited,1,0,38.8,business,1,country_wd
Q64148152,Palau–Uganda relations,,1,0,38.8,bilateral relation,1,country_wd
Q64148710,Mali–Uganda relations,,1,0,38.8,bilateral relation,1,country_wd
Q64149093,Nigeria–Uganda relations,,1,0,38.8,bilateral relation,1,country_wd
Q64151807,Uganda–Yemen relations,,1,0,38.8,bilateral relation,1,country_wd
Q64152427,Uganda–Vanuatu relations,,1,0,38.8,bilateral relation,1,country_wd
Q64152806,Gabon–Uganda relations,,1,0,38.8,bilateral relation,1,country_wd
Q64153224,Panama–Uganda relations,,1,0,38.8,bilateral relation,1,country_wd
Q64153608,Cuba–Uganda relations,,1,0,38.8,bilateral relation,1,country_wd
Q64154249,Georgia–Uganda relations,,1,0,38.8,bilateral relation,1,country_wd
Q64156860,Tunisia–Uganda relations,,1,0,38.8,bilateral relation,1,country_wd
Q64157174,North Korea–Uganda relations,,1,0,38.8,bilateral relation,1,country_wd
Q64160637,Nauru–Uganda relations,,1,0,38.8,bilateral relation,1,country_wd
Q6416374,Kisaasi,Kisaasi,1,0,38.8,neighborhood,1,country_wd
Q6416720,Kisiizi Power Station,Kisiizi Hydroelectric Power Station,1,0,38.8,hydroelectric power station,1,country_wd
Q64169446,Uganda–Zambia relations,,1,0,38.8,bilateral relation,1,country_wd
Q64172910,Fiji–Uganda relations,,1,0,38.8,bilateral relation,1,country_wd
Q64174037,Marshall Islands–Uganda relations,,1,0,38.8,bilateral relation,1,country_wd
Q64176294,Sudan–Uganda relations,,1,0,38.8,bilateral relation,1,country_wd
Q64176668,Kuwait–Uganda relations,,1,0,38.8,bilateral relation,1,country_wd
Q64180576,Republic of the Congo–Uganda relations,,1,0,38.8,bilateral relation,1,country_wd
Q6418216,Kitikifumba,Kitikifumba,1,0,38.8,human settlement,1,country_wd
Q6418278,Kitojo Hospital,Kitojo Hospital,1,0,38.8,hospital,1,country_wd
Q6418640,Kitukutwe,Kitukutwe,1,0,38.8,human settlement,1,country_wd
Q64186747,Dominican Republic–Uganda relations,,1,0,38.8,bilateral relation,1,country_wd
Q6418842,Kiwaatule,Kiwaatule,1,0,38.8,"neighborhood, human settlement",1,country_wd
Q6418933,Kiwoko,Kiwoko,1,0,38.8,human settlement,1,country_wd
Q6418934,Kiwoko Hospital,Kiwoko Hospital,1,0,38.8,hospital,1,country_wd
Q64194532,Grenada–Uganda relations,,1,0,38.8,bilateral relation,1,country_wd
Q64204592,Costa Rica–Uganda relations,,1,0,38.8,bilateral relation,1,country_wd
Q6426498,Kojo Nana Obiri-Yeboah,Kojo Nana Obiri-Yeboah,1,0,38.8,human,1,citizenship_wd
Q6430555,Kooki,Kooki,1,0,38.8,kingdom,1,country_wd
Q6442775,Kulambiro,Kulambiro,1,0,38.8,neighborhood,1,country_wd
Q6450632,Kyabazinga of Busoga,Kyabazinga of Busoga,1,0,38.8,noble title,2,country_wd|keyword_title
Q6450651,Kyagalanyi Coffee Limited,Kyagalanyi Coffee Limited,1,0,38.8,business,1,country_wd
Q6450894,Kyebando,Kyebando,1,0,38.8,neighborhood,1,country_wd
Q64747733,Yusuf Gowon,Yusuf Gowon,1,0,38.8,human,1,citizenship_wd
Q64748284,James Birungi,James Birungi,1,0,38.8,human,2,birth_death_wd|citizenship_wd
Q64755718,Katete,Katete (Uganda),1,0,38.8,village,2,country_wd|keyword_title
Q64781736,Ivan Massa,,1,0,38.8,human,2,birth_death_wd|citizenship_wd
Q6478264,Lake Victoria Serena Resort,Lake Victoria Serena Resort,1,0,38.8,hotel,1,country_wd
Q64918753,Armenia–Uganda relations,,1,0,38.8,bilateral relation,1,country_wd
Q64918953,Honduras–Uganda relations,,1,0,38.8,bilateral relation,1,country_wd
Q64919130,Eswatini–Uganda relations,,1,0,38.8,bilateral relation,1,country_wd
Q64919359,Ecuador–Uganda relations,,1,0,38.8,bilateral relation,1,country_wd
Q64919801,Lesotho–Uganda relations,,1,0,38.8,bilateral relation,1,country_wd
Q64920197,Botswana–Uganda relations,,1,0,38.8,bilateral relation,1,country_wd
Q64920571,Singapore–Uganda relations,,1,0,38.8,bilateral relation,1,country_wd
Q64920788,Latvia–Uganda relations,,1,0,38.8,bilateral relation,1,country_wd
Q64921190,Guyana–Uganda relations,,1,0,38.8,bilateral relation,1,country_wd
Q64921758,Slovenia–Uganda relations,,1,0,38.8,bilateral relation,1,country_wd
Q64922294,Central African Republic–Uganda relations,,1,0,38.8,bilateral relation,1,country_wd
Q64923647,Federated States of Micronesia–Uganda relations,,1,0,38.8,bilateral relation,1,country_wd
Q64924205,Laos–Uganda relations,,1,0,38.8,bilateral relation,1,country_wd
Q64924930,Slovakia–Uganda relations,,1,0,38.8,bilateral relation,1,country_wd
Q64925399,Estonia–Uganda relations,,1,0,38.8,bilateral relation,1,country_wd
Q64925954,Burundi–Uganda relations,,1,0,38.8,bilateral relation,1,country_wd
Q64926437,Bahrain–Uganda relations,,1,0,38.8,bilateral relation,1,country_wd
Q64926440,Lebanon–Uganda relations,,1,0,38.8,bilateral relation,1,country_wd
Q64926446,Syria–Uganda relations,,1,0,38.8,bilateral relation,1,country_wd
Q64926452,Guinea–Uganda relations,,1,0,38.8,bilateral relation,1,country_wd
Q64926454,Finland–Uganda relations,,1,0,38.8,bilateral relation,1,country_wd
Q64926456,Senegal–Uganda relations,,1,0,38.8,bilateral relation,1,country_wd
Q64926461,Cambodia–Uganda relations,,1,0,38.8,bilateral relation,1,country_wd
Q64926472,Belize–Uganda relations,,1,0,38.8,bilateral relation,1,country_wd
Q64926475,Iceland–Uganda relations,,1,0,38.8,bilateral relation,1,country_wd
Q64926490,Peru–Uganda relations,,1,0,38.8,bilateral relation,1,country_wd
Q64926492,Bosnia and Herzegovina–Uganda relations,,1,0,38.8,bilateral relation,1,country_wd
Q64926497,Tuvalu–Uganda relations,,1,0,38.8,bilateral relation,1,country_wd
Q64926501,Ghana–Uganda relations,,1,0,38.8,bilateral relation,1,country_wd
Q64926503,Niger–Uganda relations,,1,0,38.8,bilateral relation,1,country_wd
Q64926510,Mongolia–Uganda relations,,1,0,38.8,bilateral relation,1,country_wd
Q64926526,Croatia–Uganda relations,,1,0,38.8,bilateral relation,1,country_wd
Q64926532,Iraq–Uganda relations,,1,0,38.8,bilateral relation,1,country_wd
Q64926534,Qatar–Uganda relations,,1,0,38.8,bilateral relation,1,country_wd
Q64926536,Pakistan–Uganda relations,,1,0,38.8,bilateral relation,1,country_wd
Q64926539,Jamaica–Uganda relations,,1,0,38.8,bilateral relation,1,country_wd
Q64926542,Morocco–Uganda relations,,1,0,38.8,bilateral relation,1,country_wd
Q64926558,Guatemala–Uganda relations,,1,0,38.8,bilateral relation,1,country_wd
Q64926563,Moldova–Uganda relations,,1,0,38.8,bilateral relation,1,country_wd
Q64926566,Sri Lanka–Uganda relations,,1,0,38.8,bilateral relation,1,country_wd
Q64926568,Egypt–Uganda relations,,1,0,38.8,bilateral relation,1,country_wd
Q64926572,Mauritania–Uganda relations,,1,0,38.8,bilateral relation,1,country_wd
Q64926586,South Africa–Uganda relations,,1,0,38.8,bilateral relation,1,country_wd
Q64926596,Austria–Uganda relations,,1,0,38.8,bilateral relation,1,country_wd
Q64926599,Norway–Uganda relations,,1,0,38.8,bilateral relation,1,country_wd
Q64926613,Luxembourg–Uganda relations,,1,0,38.8,bilateral relation,1,country_wd
Q64926616,Ireland–Uganda relations,,1,0,38.8,bilateral relation,1,country_wd
Q64926626,New Zealand–Uganda relations,,1,0,38.8,bilateral relation,1,country_wd
Q64926638,Bhutan–Uganda relations,,1,0,38.8,bilateral relation,1,country_wd
Q64926640,Kiribati–Uganda relations,,1,0,38.8,bilateral relation,1,country_wd
Q64926645,Samoa–Uganda relations,,1,0,38.8,bilateral relation,1,country_wd
Q64926657,Libya–Uganda relations,,1,0,38.8,bilateral relation,1,country_wd
Q64926661,Somalia–Uganda relations,,1,0,38.8,bilateral relation,1,country_wd
Q64926668,Bulgaria–Uganda relations,,1,0,38.8,bilateral relation,1,country_wd
Q64926687,Djibouti–Uganda relations,,1,0,38.8,bilateral relation,1,country_wd
Q64926701,Kyrgyzstan–Uganda relations,,1,0,38.8,bilateral relation,1,country_wd
Q64926702,Madagascar–Uganda relations,,1,0,38.8,bilateral relation,1,country_wd
Q64926704,Barbados–Uganda relations,,1,0,38.8,bilateral relation,1,country_wd
Q64926705,Iran–Uganda relations,,1,0,38.8,bilateral relation,1,country_wd
Q64926726,Philippines–Uganda relations,,1,0,38.8,bilateral relation,1,country_wd
Q64926744,Oman–Uganda relations,,1,0,38.8,bilateral relation,1,country_wd
Q64926754,Afghanistan–Uganda relations,,1,0,38.8,bilateral relation,1,country_wd
Q64926758,Suriname–Uganda relations,,1,0,38.8,bilateral relation,1,country_wd
Q64926765,Benin–Uganda relations,,1,0,38.8,bilateral relation,1,country_wd
Q64926770,Sweden–Uganda relations,,1,0,38.8,bilateral relation,1,country_wd
Q64926781,Namibia–Uganda relations,,1,0,38.8,bilateral relation,1,country_wd
Q64926785,Dominica–Uganda relations,,1,0,38.8,bilateral relation,1,country_wd
Q64926794,Chad–Uganda relations,,1,0,38.8,bilateral relation,1,country_wd
Q64926801,Malta–Uganda relations,,1,0,38.8,bilateral relation,1,country_wd
Q64926809,Jordan–Uganda relations,,1,0,38.8,bilateral relation,1,country_wd
Q64926814,Andorra–Uganda relations,,1,0,38.8,bilateral relation,1,country_wd
Q64926839,North Macedonia–Uganda relations,,1,0,38.8,bilateral relation,1,country_wd
Q64926854,Maldives–Uganda relations,,1,0,38.8,bilateral relation,1,country_wd
Q64926866,Seychelles–Uganda relations,,1,0,38.8,bilateral relation,1,country_wd
Q64926868,Nicaragua–Uganda relations,,1,0,38.8,bilateral relation,1,country_wd
Q64926883,Hungary–Uganda relations,,1,0,38.8,bilateral relation,1,country_wd
Q64926896,Colombia–Uganda relations,,1,0,38.8,bilateral relation,1,country_wd
Q64926912,Mauritius–Uganda relations,,1,0,38.8,bilateral relation,1,country_wd
Q64926943,Bahamas–Uganda relations,,1,0,38.8,bilateral relation,1,country_wd
Q64930760,Cameroon–Uganda relations,,1,0,38.8,bilateral relation,1,country_wd
Q65013902,Ndeezi Alex,,1,0,38.8,human,1,citizenship_wd
Q65040874,Karugutu,"Karugutu, Uganda",1,0,38.8,human settlement,2,country_wd|keyword_title
Q65041761,Legal practice in Uganda,Legal practice in Uganda,1,0,38.8,,2,country_wd|keyword_title
Q65043493,Uganda Specialized Nursing University,Uganda Specialized Nursing University,1,0,38.8,academic institution,2,country_wd|keyword_title
Q65044670,2019 Ugandan landslide,2019 Ugandan landslide,1,0,38.8,landslide,1,country_wd
Q65044888,Uganda Joint Medical Store,Uganda Joint Medical Store,1,0,38.8,,2,country_wd|keyword_title
Q65052298,NSSF Mbarara Complex,NSSF Mbarara Complex,1,0,38.8,building,1,country_wd
Q65056549,Mutolere,Mutolere,1,0,38.8,human settlement,1,country_wd
Q65056919,Busengo,"Busengo, Uganda",1,0,38.8,border city,2,country_wd|keyword_title
Q65057060,Naluwerere,Naluwerere,1,0,38.8,human settlement,1,country_wd
Q65059170,Uganda Land Commission,Uganda Land Commission,1,0,38.8,,2,country_wd|keyword_title
Q65062396,Kahunge,Kahunge,1,0,38.8,human settlement,1,country_wd
Q65063774,National Planning Authority of Uganda,National Planning Authority of Uganda,1,0,38.8,regulatory agency,2,country_wd|keyword_title
Q65065734,BRAC Uganda Bank Limited,BRAC Uganda Bank Limited,1,0,38.8,,2,country_wd|keyword_title
Q65065878,Fisheries Survey of Lake Victoria,Fisheries Survey of Lake Victoria,1,0,38.8,,1,country_wd
Q65066092,Battle of Karuma Falls,Battle of Karuma Falls,1,0,38.8,battle,1,country_wd
Q65066326,Kampala Hilton Garden Inn,Hilton Garden Inn Kampala,1,0,38.8,hotel,2,country_wd|keyword_title
Q65067317,Semliki Airstrip,Semliki Airstrip,1,0,38.8,"aerodrome, commercial traffic aerodrome",1,country_wd
Q65067556,Battle of Bombo,Battle of Bombo,1,0,38.8,battle,1,country_wd
Q65068993,Battle of Bondo,Battle of Bondo,1,0,38.8,battle,1,country_wd
Q65072528,Wairaka,"Wairaka, Uganda",1,0,38.8,human settlement,2,country_wd|keyword_title
Q65074492,Uganda Sugar Manufacturers' Association,Uganda Sugar Manufacturers' Association,1,0,38.8,organization,2,country_wd|keyword_title
Q65074904,Garuga,"Garuga, Uganda",1,0,38.8,human settlement,2,country_wd|keyword_title
Q65074984,Mbarara–Kisangani Road,Mbarara–Kisangani Road,1,0,38.8,road,1,country_wd
Q65077472,Battle of Lira,Battle of Lira,1,0,38.8,battle,1,country_wd
Q65082127,Kabale–Lake Bunyonyi Road,Kabale–Lake Bunyonyi Road,1,0,38.8,road,1,country_wd
Q65083753,Battle of Jinja,Battle of Jinja,1,0,38.8,battle,1,country_wd
Q65085173,Midsocbank,Midsocbank,1,0,38.8,,1,country_wd
Q65087052,Masindi–Biso Road,Masindi–Biso Road,1,0,38.8,road,1,country_wd
Q65121050,Kabuga Hill,Kabuga Hill,1,0,38.8,hill,1,country_wd
Q65121447,Lodonga,Lodonga,1,0,38.8,human settlement,1,country_wd
Q65200387,borders of Uganda,,1,0,38.8,"political border, international border",2,country_wd|part_of_wd
Q65245946,Lutheran Church of Uganda,,1,0,38.8,Christian Church,1,country_wd
Q65325730,Kahama,,1,0,38.8,stream,1,country_wd
Q65503040,Amirali Karmali,Amirali Karmali,1,0,38.8,human,2,birth_death_wd|citizenship_wd
Q6557580,Lira Hospital,Lira Hospital,1,0,38.8,hospital,1,country_wd
Q65589511,Juma Miiro,,1,0,38.8,human,1,citizenship_wd
Q65699339,Tororo Cemetery,,1,0,38.8,Commonwealth War Graves Commission maintained cemetery,1,country_wd
Q66023173,Uganda at the 2019 African Games,Uganda at the 2019 African Games,1,0,38.8,nation at sport competition,2,country_wd|keyword_title
Q6627093,list of mammals of Uganda,List of mammals of Uganda,1,0,38.8,Wikimedia list article,2,country_wd|keyword_title
Q6627869,list of medical schools in Uganda,List of medical schools in Uganda,1,0,38.8,Wikimedia list article,2,country_wd|keyword_title
Q6668886,Lolelia sub-county,Lolelia sub-county,1,0,38.8,human settlement,1,country_wd
Q6678858,Lord's Resistance Army insurgency,Lord's Resistance Army insurgency (1987–1994),1,0,38.8,,1,country_wd
Q6694624,Loyoro,"Loyoro, Uganda",1,0,38.8,human settlement,2,country_wd|keyword_title
Q6699714,Luganda Society,Luganda Society,1,0,38.8,voluntary association,1,country_wd
Q6704348,Lungujja,Lungujja,1,0,38.8,neighborhood,1,country_wd
Q6705208,Lusoga Language Authority,Lusoga Language Authority,1,0,38.8,,1,country_wd
Q67151586,Ugandan Knuckles,Ugandan Knuckles,1,0,38.8,"comics character, video game character, internet meme",1,citizenship_wd
Q6719899,MV Pemba,MV Pemba,1,0,38.8,train ferry,1,country_wd
Q6727579,Madhvani Group,Madhvani Group,1,0,38.8,business,1,country_wd
Q67510915,Speke Monument (Uganda),,1,0,38.8,"obelisk, monument, memorial",1,country_wd
Q67512734,Uganda Bookshop,,1,0,38.8,shop,1,country_wd
Q67513144,Komuge rock art site,,1,0,38.8,prehistoric archaeological site,1,country_wd
Q67513871,CHOGM Monument,,1,0,38.8,monument,1,country_wd
Q67516315,Entebbe Cinema Hall,,1,0,38.8,building,1,country_wd
Q67756415,Father Aloysius Ngobya Memorial,,1,0,38.8,tomb,1,country_wd
Q6782422,Masaka Hospital,Masaka Regional Referral Hospital,1,0,38.8,hospital,1,country_wd
Q6783286,Masindi Hotel,Masindi Hotel,1,0,38.8,hotel,1,country_wd
Q6786624,maternal health in Uganda,Maternal health in Uganda,1,0,38.8,aspect in a geographic region,2,country_wd|keyword_title
Q6786914,Matheniko Wildlife Reserve,Matheniko Wildlife Reserve,1,0,38.8,wildlife reserve,1,country_wd
Q67912258,Shree Sanatan Dhama Mandal temple,,1,0,38.8,temple,1,country_wd
Q6791958,Matugga-Kapeeka Road,Matugga–Kapeeka Road,1,0,38.8,road,1,country_wd
Q6799627,Mbarara-Kikagati Road,Mbarara–Kikagati Road,1,0,38.8,road,1,country_wd
Q6857645,military history of Uganda,Military history of Uganda,1,0,38.8,,2,country_wd|keyword_title
Q6862814,Minakulu County,Minakulu,1,0,38.8,county of Uganda,1,country_wd
Q6867106,Ministry of Health Building,Ministry of Health Uganda Headquarters,1,0,38.8,built structure,1,country_wd
Q6867594,"Ministry of Trade, Industry and Cooperatives","Ministry of Trade, Industry and Cooperatives (Uganda)",1,0,38.8,ministry,2,country_wd|keyword_title
Q68789223,Muzinga Square,,1,0,38.8,"artillery, monument",1,country_wd
Q6915834,Moses Kalanzi,,1,0,38.8,human,2,birth_death_wd|citizenship_wd
Q6926595,Movement House,Movement House,1,0,38.8,built structure,1,country_wd
Q6928210,Mpanga,Mpanga,1,0,38.8,human settlement,1,country_wd
Q6928242,Mpererwe,Mpererwe,1,0,38.8,neighborhood,1,country_wd
Q6930885,Mubende Hospital,Mubende Hospital,1,0,38.8,hospital,1,country_wd
Q6933682,Mukwano Group,Mukwano Group,1,0,38.8,business,1,country_wd
Q6933715,Mulago,Mulago,1,0,38.8,hill,2,country_wd|keyword_title
Q6944234,Mutundwe,Mutundwe,1,0,38.8,neighborhood,1,country_wd
Q6954249,NIAAD,NIAAD,1,0,38.8,,1,country_wd
Q6956533,Naalya,Naalya,1,0,38.8,human settlement,1,country_wd
Q6957748,Nadiket seminary,"St. Mary's Seminary, Nadiket",1,0,38.8,Catholic seminary,1,country_wd
Q6958373,Nagalama,Nagalama,1,0,38.8,human settlement,1,country_wd
Q6959082,Naguru,"Naguru, Uganda",1,0,38.8,geographical feature,2,country_wd|keyword_title
Q6959083,Naguru General Hospital,Naguru General Hospital,1,0,38.8,hospital,1,country_wd
Q6960008,Najjanankumbi,Najjanankumbi,1,0,38.8,neighborhood,1,country_wd
Q6960009,Najjera,Najjera,1,0,38.8,human settlement,1,country_wd
Q6960313,Nakaseke Hospital,Nakaseke General Hospital,1,0,38.8,hospital,1,country_wd
Q6960364,Nakawa,Nakawa,1,0,38.8,neighborhood,1,country_wd
Q6960368,Nakawa Division,Nakawa Division,1,0,38.8,administrative territorial entity,1,country_wd
Q6961293,Namanve Thermal Power Station,Namanve Thermal Power Station,1,0,38.8,oil-fired power station,1,country_wd
Q6961898,Namirembe Hill Side High School,Namirembe Hill Side High School,1,0,38.8,secondary school,1,country_wd
Q6962122,Namungoona,Namungoona,1,0,38.8,neighborhood,1,country_wd
Q6962138,Namuwongo,Namuwongo,1,0,38.8,neighborhood,1,country_wd
Q6970895,National Bank of Commerce,National Bank of Commerce (Uganda),1,0,38.8,business,2,country_wd|keyword_title
Q6971097,National Book Trust of Uganda,National Book Trust of Uganda,1,0,38.8,organization,2,country_wd|keyword_title
Q6973428,National Housing and Construction Company,National Housing and Construction Company,1,0,38.8,business,1,country_wd
Q6973781,National Insurance Corporation,National Insurance Corporation,1,0,38.8,"business, enterprise",1,country_wd
Q6983724,Ndejje,Ndejje,1,0,38.8,human settlement,1,country_wd
Q70348636,Muzamiru Kibeedi Mutangula,Muzamiru Kibeedi Mutangula,1,0,38.8,human,2,birth_death_wd|citizenship_wd
Q7041563,Rukiga,,1,0,38.8,city,1,country_wd
Q7067544,Nsambya,Nsambya,1,0,38.8,neighborhood,1,country_wd
Q7067545,Nsambya Home Care,Nsambya Home Care,1,0,38.8,,1,country_wd
Q7067548,Nsangi,Nsangi,1,0,38.8,human settlement,1,country_wd
Q7067550,Nsasa,Nsasa,1,0,38.8,human settlement,1,country_wd
Q7070790,Nyagak Power Station,Nyagak Hydroelectric Power Station,1,0,38.8,"dam, hydroelectric power station",1,country_wd
Q7071349,Nzizi Power Station,Nzizi Thermal Power Station,1,0,38.8,natural gas-fired power station,1,country_wd
Q7075611,Obwera,Obwera,1,0,38.8,,1,country_wd
Q7090792,Omugabe,Omugabe,1,0,38.8,noble title,1,country_wd
Q7098598,Opportunity Uganda Limited,Opportunity Bank Uganda Limited,1,0,38.8,business,2,country_wd|keyword_title
Q7099208,Oraba,Oraba,1,0,38.8,"human settlement, border city",1,country_wd
Q7112498,outline of Uganda,Outline of Uganda,1,0,38.8,Wikimedia outline article,2,country_wd|keyword_title
Q7120908,PS Speke,PS Speke,1,0,38.8,ship,1,country_wd
Q7121526,Pabbo,Pabbo,1,0,38.8,human settlement,1,country_wd
Q71315164,Patrick Kawuma,Patrick Kawuma,1,0,38.8,human,1,citizenship_wd
Q7135482,Paranga,"Paranga, Uganda",1,0,38.8,town,2,country_wd|keyword_title
Q7158032,Pearl Air Services,,1,0,38.8,airline,1,country_wd
Q7164761,Pension Towers,Pension Towers,1,0,38.8,built structure,1,country_wd
Q7167923,Perezi Kamunanwire,Perezi Kamunanwire,1,0,38.8,human,2,birth_death_wd|citizenship_wd
Q71728124,Second Obote Cabinet,,1,0,38.8,Cabinet of Uganda,2,country_wd|part_of_wd
Q7226395,polygamy in Uganda,Polygamy in Uganda,1,0,38.8,aspect in a geographic region,2,country_wd|keyword_title
Q7233607,PostBank Uganda,Pearl Bank,1,0,38.8,business,2,country_wd|keyword_title
Q7268724,Quality Chemical Industries Limited,Quality Chemical Industries Limited,1,0,38.8,business,1,country_wd
Q7284308,Railway stations in Uganda,Railway stations in Uganda,1,0,38.8,Wikimedia list article,2,country_wd|keyword_title
Q7284651,Rainbow International School,Rainbow International School,1,0,38.8,boarding school,1,country_wd
Q7366148,Roofings Limited,Roofings Group,1,0,38.8,business,1,country_wd
Q7380186,Rupa gold mine,Rupa gold mine,1,0,38.8,mine,1,country_wd
Q7380469,Rural Agency for Sustainable Development,Rural Agency for Sustainable Development,1,0,38.8,,1,country_wd
Q7383717,Rwakitura,Rwakitura,1,0,38.8,human settlement,1,country_wd
Q7418059,Sango Bay Estates Limited,Sango Bay Estates Limited,1,0,38.8,business,1,country_wd
Q7438495,Scouting and Guiding in Uganda,Scouting and Guiding in Uganda,1,0,38.8,aspect in a geographic region,2,country_wd|keyword_title
Q7509455,Sidok sub-county,Sidok sub-county,1,0,38.8,human settlement,1,country_wd
Q7516610,Silver upholders,,1,0,38.8,organization,1,country_wd
Q7550624,Social Democrats of Uganda,Social Democrats of Uganda,1,0,38.8,political party,2,country_wd|keyword_title
Q7563658,Soroti Hospital,Soroti Hospital,1,0,38.8,hospital,1,country_wd
Q7579789,Sports TV Uganda Limited,Sports TV Uganda Limited,1,0,38.8,,2,country_wd|keyword_title
Q7588327,St. Henry's College Kitovu,St. Henry's College Kitovu,1,0,38.8,boarding school,1,country_wd
Q7592215,StGiNU,StGiNU,1,0,38.8,,1,country_wd
Q7598202,Standard Chartered Uganda,Standard Chartered Uganda,1,0,38.8,business,2,country_wd|keyword_title
Q7604065,Statewide Insurance Company,Statewide Insurance Company,1,0,38.8,business,1,country_wd
Q7630601,sub-county of Uganda,Sub-counties of Uganda,1,0,38.8,,2,country_wd|keyword_title
Q7675881,Taibah College School,Taibah College School,1,0,38.8,boarding school,1,country_wd
Q7685155,Tara Subcounty,Tara Subcounty,1,0,38.8,,1,country_wd
Q7696696,Telephone numbers in Uganda,Telephone numbers in Uganda,1,0,38.8,telephone numbering plan,2,country_wd|keyword_title
Q7771039,Uganda Buddhist Centre,The Uganda Buddhist Centre,1,0,38.8,vihāra,2,country_wd|keyword_title
Q77869778,Deborah Odong,,1,0,38.8,human,1,citizenship_wd
Q78047411,Abryanz Style and Fashion Awards 2019,Abryanz Style and Fashion Awards 2019,1,0,38.8,award ceremony,1,country_wd
Q7805777,timeline of Kampala history,Timeline of Kampala,1,0,38.8,Wikimedia timeline,2,country_wd|keyword_title
Q7826175,Tooro sub-region,Tooro sub-region,1,0,38.8,sub-region of Uganda,1,country_wd
Q7826697,Tororo Priory,Tororo Priory,1,0,38.8,monastery,1,country_wd
Q7845759,Tropical Bank,Tropical Bank,1,0,38.8,business,1,country_wd
Q7856754,Tushar Makwana,Tushar Makwana,1,0,38.8,human,2,birth_death_wd|citizenship_wd
Q7864511,Uganda Freight Forwarders Association,Uganda Freight Forwarders Association,1,0,38.8,association,2,country_wd|keyword_title
Q7864601,UGAFODE Microfinance Limited,UGAFODE Microfinance Limited,1,0,38.8,business,1,country_wd
Q7865449,uNight,UNight,1,0,38.8,,1,country_wd
Q7877585,Uganda Certificate of Education,Uganda Certificate of Education,1,0,38.8,"school, document, academic degree",3,country_wd|keyword_title|part_of_wd
Q7877587,Uganda Commercial Bank,Uganda Commercial Bank,1,0,38.8,"bank, business",2,country_wd|keyword_title
Q7877594,Uganda Export Promotion Board,Uganda Export Promotion Board,1,0,38.8,government agency,2,country_wd|keyword_title
Q7877595,Uganda Finance Trust Limited,Finance Trust Bank,1,0,38.8,business,2,country_wd|keyword_title
Q7877599,Uganda Independence Medal,Uganda Independence Medal,1,0,38.8,award,2,country_wd|keyword_title
Q7877600,Uganda Insurance Commission,Uganda Insurance Commission,1,0,38.8,,1,country_wd
Q7877603,Uganda Landmine Survivors Association,Uganda Landmine Survivors Association,1,0,38.8,,2,country_wd|keyword_title
Q7877626,Uganda Program on Cancer and Infectious Diseases,Uganda Program on Cancer and Infectious Diseases,1,0,38.8,,1,country_wd
Q7877637,Uganda YMCA,Uganda YMCA,1,0,38.8,,2,country_wd|keyword_title
Q7877646,Uganda at the 1994 Commonwealth Games,Uganda at the 1994 Commonwealth Games,1,0,38.8,nation at sport competition,2,country_wd|keyword_title
Q7877650,Uganda at the 2002 Commonwealth Games,Uganda at the 2002 Commonwealth Games,1,0,38.8,nation at sport competition,2,country_wd|keyword_title
Q7877652,Uganda at the 2006 Commonwealth Games,Uganda at the 2006 Commonwealth Games,1,0,38.8,nation at sport competition,2,country_wd|keyword_title
Q7877659,Uganda cricket team in Bermuda in 2009,Uganda cricket team in Bermuda in 2009,1,0,38.8,sports season,1,country_wd
Q7877666,Uganda space program,Ugandan space initiatives,1,0,38.8,space program,2,country_wd|keyword_title
Q7877678,Ugandan booby trap,Ugandan booby trap,1,0,38.8,,2,country_wd|keyword_title
Q7877691,Ugandan nationalism,Ugandan nationalism,1,0,38.8,political ideology,1,country_wd
Q7887506,United Bank for Africa,United Bank for Africa Uganda Limited,1,0,38.8,business,2,country_wd|keyword_title
Q7933160,Violent Crime Crack Unit of Uganda,Violent Crime Crack Unit of Uganda,1,0,38.8,,2,country_wd|keyword_title
Q79859730,1986 in Uganda,,1,0,38.8,events in a specific year or time period,1,country_wd
Q7994138,Whitaker scandal,Whitaker scandal,1,0,38.8,,1,country_wd
Q8017966,William S. Kalema,William S. Kalema,1,0,38.8,human,2,birth_death_wd|citizenship_wd
Q8065519,Zalmai Araa,,1,0,38.8,human,1,birth_death_wd
Q83688343,Joseph Kaddu Kutfesa,Joseph Kaddu Kutfesa,1,0,38.8,human,1,citizenship_wd
Q84507497,Patrick R. Rubaihayo,Patrick Rubaihayo,1,0,38.8,human,2,birth_death_wd|citizenship_wd
Q85749511,Bunagana–Rutshuru Road,Bunagana–Rutshuru–Goma Road,1,0,38.8,road,1,country_wd
Q85763958,Goli–Bunia Road,Goli–Mahagi–Bunia Road,1,0,38.8,road,1,country_wd
Q85783368,Makerere University Teaching Hospital,Makerere University Teaching Hospital,1,0,38.8,university hospital,1,country_wd
Q85784465,Mayanja Memorial Hospital,Mayanja Memorial Hospital,1,0,38.8,hospital,1,country_wd
Q85789956,Ntara,Ntara,1,0,38.8,human settlement,1,country_wd
Q85805400,Team University,Team University,1,0,38.8,university,1,country_wd
Q85810055,Tondeka Metro Bus Service,Tondeka Metro Bus Service,1,0,38.8,bus company,1,country_wd
Q85810378,trade unions in Uganda,Trade unions in Uganda,1,0,38.8,aspect in a geographic region,2,country_wd|keyword_title
Q85811750,Uganda Road Fund,Uganda Road Fund,1,0,38.8,,2,country_wd|keyword_title
Q85845970,Fun Factory Uganda,Fun Factory Uganda,1,0,38.8,business,2,country_wd|keyword_title
Q85852330,Uganda and the World Bank,Uganda and the World Bank,1,0,38.8,,2,country_wd|keyword_title
Q85875050,Macuenda,,1,0,38.8,human,1,birth_death_wd
Q85875771,Mucassa,,1,0,38.8,human,1,birth_death_wd
Q860230,Charles Masembe,,1,0,38.8,human,1,citizenship_wd
Q86752717,Mulawa,"Mulawa, Uganda",1,0,38.8,human settlement,2,country_wd|keyword_title
Q86754401,Buwalasi Theological College,Buwalasi Theological College,1,0,38.8,,1,country_wd
Q86756725,Buhugu,Buhugu,1,0,38.8,human settlement,1,country_wd
Q88265298,Evaristo Muyinda,,1,0,38.8,human,1,birth_death_wd
Q9147089,Alex Cherop,,1,0,38.8,human,1,citizenship_wd
Q9286301,Happy Mary Bacia,,1,0,38.8,human,1,citizenship_wd
Q9396155,Jehovah's Witnesses in Uganda,,1,0,38.8,Jehovah's Witnesses of an area,1,country_wd
Q96195087,Drake Muyodi,,1,0,38.8,human,1,citizenship_wd
Q96210199,Uganda at the 2019 Summer Universiade,Uganda at the 2019 Summer Universiade,1,0,38.8,nation at sport competition,2,country_wd|keyword_title
Q96379090,Ganyenda,Ganyenda,1,0,38.8,human settlement,1,country_wd
Q96385269,Kamwenge Subcounty,Kamwenge Subcounty,1,0,38.8,,1,country_wd
Q96385546,Kayunga–Busaana–Nabuganyi Road,Kayunga–Busaana–Nabuganyi Road,1,0,38.8,road,1,country_wd
Q96386489,Kyabandara,Kyabandara,1,0,38.8,,1,country_wd
Q96394501,Mvara Secondary School,Mvara Secondary School,1,0,38.8,school,1,country_wd
Q96395932,Nkongoro,Nkongoro,1,0,38.8,parish of Uganda,1,country_wd
Q96395935,Nkumba,Nkumba,1,0,38.8,urban area,1,country_wd
Q96404816,"Saints Andrew and Philip Cathedral, Mukono","Saints Andrew and Philip Cathedral, Mukono",1,0,38.8,,1,country_wd
Q96404940,Sango Bay forests,Sango Bay forests,1,0,38.8,,1,country_wd
Q96406340,St. Joseph’s College Ombaci,"St. Joseph's College, Ombaci",1,0,38.8,,1,country_wd
Q96406374,"St Andrew's Cathedral, Namukozi","St Andrew's Cathedral, Namukozi",1,0,38.8,,1,country_wd
Q96411805,UCU Canons,UCU Canons,1,0,38.8,"basketball team, basketball club",1,country_wd
Q96412038,Uganda Film Festival Award for Best Actor in a Television Drama,Uganda Film Festival Award for Best Actor in a Television Drama,1,0,38.8,class of award,2,country_wd|keyword_title
Q96412063,Bernhard Perceval von Wattenwyl,,1,0,38.8,human,1,birth_death_wd
Q96412120,Uganda at the 2003 All-Africa Games,Uganda at the 2003 All-Africa Games,1,0,38.8,nation at sport competition,2,country_wd|keyword_title
Q96412124,Uganda at the 2007 All-Africa Games,Uganda at the 2007 All-Africa Games,1,0,38.8,nation at sport competition,2,country_wd|keyword_title
Q96415694,Xsabo Lira Solarline,Xsabo Lira Solarline,1,0,38.8,photovoltaic power station,1,country_wd
Q96475187,Achola Rosario,,1,0,38.8,human,1,citizenship_wd
Q96633783,Success and Failure Based on Reason and Reality,Success and Failure Based on Reason and Reality,1,0,38.8,literary work,1,country_wd
Q96782752,Ivan Bwowe,Ivan Bwowe,1,0,38.8,human,2,birth_death_wd|citizenship_wd
Q97177552,Atiak–Laropi Road,Atiak–Laropi Road,1,0,38.8,road,1,country_wd
Q97257819,Kasulu,,1,0,38.8,,1,country_wd
Q97277431,Makerere University School of Law,Makerere University School of Law,1,0,38.8,university,1,country_wd
Q97354784,legal education in Uganda,Legal education in Uganda,1,0,38.8,aspect in a geographic region,2,country_wd|keyword_title
Q97355520,WBS Television,WBS Television,1,0,38.8,,1,country_wd
Q97355775,list of television stations in Uganda,List of television stations in Uganda,1,0,38.8,Wikimedia list article,2,country_wd|keyword_title
Q97357027,2020 in Uganda,2020 in Uganda,1,0,38.8,events in a specific year or time period,2,country_wd|keyword_title
Q97357495,Traditional and Modern Health Practitioners Together Against AIDS,Traditional and Modern Health Practitioners Together Against AIDS,1,0,38.8,"non-governmental organization, health charity",1,country_wd
Q97359658,Anglican dioceses of Rwenzori,Anglican dioceses of Rwenzori,1,0,38.8,,2,country_wd|keyword_title
Q97359660,Anglican dioceses of Ankole and Kigezi,Anglican dioceses of Ankole and Kigezi,1,0,38.8,,2,country_wd|keyword_title
Q97359661,Anglican dioceses of Northern Uganda,Anglican dioceses of Northern Uganda,1,0,38.8,,2,country_wd|keyword_title
Q97359664,Anglican dioceses of Eastern Uganda,Anglican dioceses of Eastern Uganda,1,0,38.8,,2,country_wd|keyword_title
Q97393690,Ssemagulu Royal Museum,Ssemagulu Royal Museum,1,0,38.8,museum,1,country_wd
Q97487779,Madi-Okollo District,,1,0,38.8,district of Uganda,1,country_wd
Q97516128,Multiracial Ugandans in Uganda,Multiracial Ugandans in Uganda,1,0,38.8,,2,country_wd|keyword_title
Q97781970,Visit Africa,,1,0,38.8,"website, tourism, brand",1,country_wd
Q99285630,Kampala International University - Western Campus,,1,0,38.8,campus,1,country_wd
Q99311315,Satish Brahmbhatt,,1,0,38.8,human,1,birth_death_wd
Q99430251,Agojo Refugee Settlement,Agojo refugee settlement,1,0,38.8,human settlement,2,country_wd|part_of_wd
Q99472359,Elema Refugee settlement,Elema Refugee Settlement,1,0,38.8,"human settlement, refugee camp",2,country_wd|part_of_wd
Q99521297,Olua I Refugee Settlement,Olua I Refugee settlement,1,0,38.8,"human settlement, refugee camp",1,country_wd
Q99543535,Olua II Refugee settlement,Olua II Refugee settlement,1,0,38.8,"human settlement, refugee camp",1,country_wd
Q99630821,Uganda men's national road cycling team,,1,0,38.8,elite national cycling team,1,country_wd
Q99631681,Uganda women's national cycling team,,1,0,38.8,elite national cycling team,1,country_wd
Q99642048,Uganda men's U23 national cycling team,,1,0,38.8,under-23 national cycling team,1,country_wd
Q99642571,Uganda women's U23 national cycling team,,1,0,38.8,under-23 national cycling team,1,country_wd
Q99643011,Uganda men's U19 national cycling team,,1,0,38.8,junior national cycling team,1,country_wd
Q99646263,Uganda women's U19 national cycling team,,1,0,38.8,junior national cycling team,1,country_wd
Q99646833,Uganda national cycling team,,1,0,38.8,national cycling team,1,country_wd
