qitem,label,en_title,sitelink_count,views,priority,type_labels,num_strategies,strategies
Q318413,Yonatan Netanyahu,Yonatan Netanyahu,37,395978,100.0,human,1,birth_death_wd
Q932289,Congo Basin,Congo Basin,46,62093,99.9,drainage basin,1,country_wd
Q108462,Lord's Resistance Army,Lord's Resistance Army,42,127927,99.9,"religious organization, terrorist organization, guerrilla organization",2,country_wd|keyword_title
Q139821980,2026 Ituri Province Ebola epidemic,2026 Ebola epidemic,35,337975,99.9,"disease outbreak, public health emergency of international concern",1,country_wd
Q987355,English-speaking world,English-speaking world,33,148495,99.9,"language area, language community, group of humans",1,country_wd
Q372613,Phill Lewis,Phill Lewis,32,171826,99.9,human,2,birth_death_wd|citizenship_wd
Q103037,National flag of Uganda,Flag of Uganda,62,37234,99.8,national flag,3,country_wd|keyword_title|part_of_wd
Q913972,Order of Friars Minor,Order of Friars Minor,32,47025,99.8,"mendicant order, organization",1,country_wd
Q106406402,Whitney Peak,Whitney Peak (actress),22,200032,99.8,human,1,birth_death_wd
Q495475,Murchison Falls,Murchison Falls,35,21480,99.7,waterfall,1,country_wd
Q356026,Muteesa II of Buganda,Mutesa II of Buganda,33,25687,99.7,human,4,birth_death_wd|citizenship_wd|keyword_title|language_wd
Q62481397,Nabbanja Robinah,Robinah Nabbanja,32,26855,99.7,human,2,birth_death_wd|citizenship_wd
Q18204367,President of Uganda,President of Uganda,24,40251,99.7,public office,3,country_wd|keyword_title|part_of_wd
Q497412,Paulo Muwanga,Paulo Muwanga,23,54735,99.7,human,2,birth_death_wd|citizenship_wd
Q889912,Tooro Kingdom,Tooro Kingdom,21,73126,99.7,"realm, historical country",2,country_wd|keyword_title
Q112317318,2027 Africa Cup of Nations,2027 Africa Cup of Nations,20,371296,99.7,sports season,1,country_wd
Q2736096,Rukidi IV of Toro,Rukidi IV of Tooro,20,221639,99.7,human,2,birth_death_wd|citizenship_wd
Q751607,Virunga Mountains,Virunga Mountains,45,16386,99.6,mountain range,1,country_wd
Q452024,Yusuf Lule,Yusuf Lule,24,25802,99.6,human,2,birth_death_wd|citizenship_wd
Q1075380,Uganda People's Defence Force,Uganda People's Defence Force,19,86367,99.6,armed forces,2,country_wd|keyword_title
Q112070734,2022–2023 mpox outbreak,2022–2023 mpox outbreak,42,15880,99.5,"disease outbreak, public health emergency of international concern",1,country_wd
Q2052850,Parliament of Uganda,Parliament of Uganda,22,19647,99.5,unicameral legislature,3,country_wd|keyword_title|part_of_wd
Q496202,Movement for the Restoration of the Ten Commandments of God,Movement for the Restoration of the Ten Commandments of God,20,31221,99.5,free church,2,country_wd|keyword_title
Q17308306,Pepe Julian Onziema,Pepe Julian Onziema,17,70021,99.5,human,2,birth_death_wd|citizenship_wd
Q6153522,Janet Kataaha Museveni,Janet Museveni,17,50946,99.5,human,2,birth_death_wd|citizenship_wd
Q6933076,Muhoozi Kainerugaba,Muhoozi Kainerugaba,16,142194,99.5,human,1,citizenship_wd
Q553089,David Kato,David Kato,24,13913,99.4,human,2,birth_death_wd|citizenship_wd
Q812677,Bazilio Olara-Okello,Bazilio Olara-Okello,22,14910,99.4,human,2,birth_death_wd|citizenship_wd
Q55887234,2018–2020 Kivu Ebola epidemic,Kivu Ebola epidemic,21,19651,99.4,"epidemic, public health emergency of international concern",1,country_wd
Q1331145,Elizabeth Nyabongo,Princess Elizabeth of Tooro,18,23868,99.4,human,2,birth_death_wd|citizenship_wd
Q3119017,Ugandan Bush War,Ugandan Bush War,17,46090,99.4,civil war,2,country_wd|keyword_title
Q382674,National Resistance Movement,National Resistance Movement,17,35986,99.4,political party,1,country_wd
Q4207409,expulsion of Asians from Uganda,Expulsion of Asians from Uganda,16,86417,99.4,"deportation, forced displacement, persecution",2,country_wd|keyword_title
Q61989847,Sheila Atim,Sheila Atim,16,95196,99.4,human,2,birth_death_wd|citizenship_wd
Q5220343,Danny Faure,Danny Faure,37,8853,99.3,human,1,birth_death_wd
Q438374,Banyarwanda,Banyarwanda,18,19498,99.3,ethnic group,1,country_wd
Q1893242,Murchison Falls National Park,Murchison Falls National Park,30,7111,99.2,national park of Uganda,1,country_wd
Q761083,Uganda Premier League,Uganda Premier League,24,8624,99.2,"association football competition, association football league, recurring sporting event",2,country_wd|keyword_title
Q951522,Scott Hicks,Scott Hicks (director),23,9636,99.2,human,1,birth_death_wd
Q659324,SC Villa,SC Villa,20,12530,99.2,"association football club, sports club",1,country_wd
Q445494,Shekhar Mehta,Shekhar Mehta,19,14401,99.2,human,2,birth_death_wd|citizenship_wd
Q2118355,Simon Kuper,Simon Kuper,18,15479,99.2,human,1,birth_death_wd
Q2840596,LGBT rights in Uganda,LGBTQ rights in Uganda,18,14868,99.2,LGBT rights by country or territory,2,country_wd|keyword_title
Q6187078,Alupo Jessica Rose Epel,Jessica Alupo,15,26909,99.2,human,2,birth_death_wd|citizenship_wd
Q139236054,Ngogo chimpanzee war,Ngogo chimpanzee war,13,150446,99.2,"civil war, conflict",1,country_wd
Q1779750,Geography of Uganda,Geography of Uganda,26,5212,99.1,geography of geographic location,2,country_wd|keyword_title
Q1602764,Mangbetu people,Mangbetu people,18,9861,99.1,ethnic group,1,country_wd
Q707775,Mwanga II of Buganda,Mwanga II of Buganda,16,17421,99.1,human,4,birth_death_wd|citizenship_wd|keyword_title|language_wd
Q1701158,John Mugabi,John Mugabi,15,21153,99.1,human,2,birth_death_wd|citizenship_wd
Q1740843,Ruhakana Rugunda,Ruhakana Rugunda,25,4823,99.0,human,2,birth_death_wd|citizenship_wd
Q2462330,Prime Minister of Uganda,Prime Minister of Uganda,18,9175,99.0,position,3,country_wd|keyword_title|part_of_wd
Q101499718,2021 Ugandan general election,2021 Ugandan general election,17,10421,99.0,Ugandan general election,3,country_wd|keyword_title|part_of_wd
Q14324339,Brandon Davies,Brandon Davies,15,17992,99.0,human,1,citizenship_wd
Q1133743,Allied Democratic Forces,Allied Democratic Forces,13,34368,99.0,"armed organization, guerrilla organization",1,country_wd
Q2402758,Richard Gibson,Richard Gibson,13,32314,99.0,human,2,birth_death_wd|citizenship_wd
Q3482121,Shimit Amin,Shimit Amin,13,29498,99.0,human,1,birth_death_wd
Q375485,Federation of Uganda Football Associations,Federation of Uganda Football Associations,23,4732,98.9,association football federation,2,country_wd|keyword_title
Q57873,Amama Mbabazi,Amama Mbabazi,22,4740,98.9,human,2,birth_death_wd|citizenship_wd
Q2311898,KCCA FC,Kampala Capital City Authority FC,19,5176,98.9,association football club,2,country_wd|keyword_title
Q305721,Abayudaya,Abayudaya,16,9367,98.9,"ethnic group, Jewish community",2,country_wd|keyword_title
Q20002690,Wakaliwood,Wakaliwood,15,14054,98.9,film studio,1,country_wd
Q710806,Kizza Besigye Kifeefe,Kizza Besigye,14,18040,98.9,human,2,birth_death_wd|citizenship_wd
Q105199030,2026 Ugandan general election,2026 Ugandan general election,12,43443,98.9,Ugandan general election,3,country_wd|keyword_title|part_of_wd
Q60467181,Among Anita Annet,Anita Among,12,38854,98.9,human,2,birth_death_wd|citizenship_wd
Q487300,Bank of Uganda,Bank of Uganda,20,4721,98.8,central bank,2,country_wd|keyword_title
Q200453,Bari people,Bari people,18,5083,98.8,ethnic group,1,country_wd
Q1027090,Betty Okino,Betty Okino,17,5777,98.8,human,1,birth_death_wd
Q2187095,Uganda People's Congress,Uganda People's Congress,14,14590,98.8,political party,2,country_wd|keyword_title
Q3653895,1971 Ugandan coup d'état,1971 Ugandan coup d'état,12,26104,98.8,coup d'état,2,country_wd|keyword_title
Q1792727,Kunyaza,Kunyaza,11,80447,98.8,human sexual behavior,1,country_wd
Q4022677,Kampala Mosque,Uganda National Mosque,18,4366,98.7,mosque,2,country_wd|keyword_title
Q15056380,Melvyn Lorenzen,Melvyn Lorenzen,17,4603,98.7,human,1,citizenship_wd
Q267234,Shailesh Vara,Shailesh Vara,15,8256,98.7,human,1,birth_death_wd
Q7877661,Uganda national cricket team,Uganda national cricket team,15,7154,98.7,national cricket team,2,country_wd|keyword_title
Q3261029,Nkole people,Nkole people,14,9110,98.7,ethnic group,1,country_wd
Q56222379,Allan Okello,Allan Okello,12,18973,98.7,human,2,birth_death_wd|citizenship_wd
Q1949128,Moses Ali,Moses Ali,11,48356,98.7,human,2,birth_death_wd|citizenship_wd
Q3345980,Ntare Mwine,Ntare Guma Mbaho Mwine,11,50754,98.7,human,1,citizenship_wd
Q58240,Sam Kutesa,Sam Kutesa,15,5678,98.6,human,2,birth_death_wd|citizenship_wd
Q2928157,Vipers SC,Vipers SC,14,6893,98.6,"association football club, sports club",1,country_wd
Q431624,Miria Obote,Miria Obote,13,10484,98.6,human,2,birth_death_wd|citizenship_wd
Q3074760,religion in Uganda,Religion in Uganda,11,21713,98.6,religion of an area,2,country_wd|keyword_title
Q3086949,Fred Rwigyema,Fred Rwigyema,11,21201,98.6,human,1,citizenship_wd
Q65086967,,Uganda Airlines,11,24934,98.6,airline,2,country_wd|keyword_title
Q510152,Uganda at the Olympics,Uganda at the Olympics,33,2151,98.5,Olympic delegation,2,country_wd|keyword_title
Q511779,Mount Sabyinyo,Mount Sabyinyo,28,2292,98.5,"mountain, extinct volcano",1,country_wd
Q1277379,30th meridian east,30th meridian east,22,2470,98.5,meridian,1,country_wd
Q714662,Martin Mutumba,Martin Kayongo-Mutumba,19,2799,98.5,human,1,citizenship_wd
Q5329451,East Sudanian Savanna,East Sudanian savanna,17,3386,98.5,WWF ecoregion,1,country_wd
Q1113362,p’Bitek Okot,Okot p'Bitek,16,4120,98.5,human,2,birth_death_wd|citizenship_wd
Q27107066,Elio Capradossi,Elio Capradossi,16,3866,98.5,human,2,birth_death_wd|citizenship_wd
Q3488894,Soga,Soga people,16,3997,98.5,"ethnic group, people",1,country_wd
Q4711890,Albertine Rift montane forests,Albertine Rift montane forests,15,4708,98.5,WWF ecoregion,1,country_wd
Q804430,Kiga people,Kiga people,14,6240,98.5,ethnic group,1,citizenship_wd
Q16202368,Uche Ikpeazu,Uche Ikpeazu,12,10732,98.5,human,1,citizenship_wd
Q1967703,National Resistance Army,National Resistance Army,12,11685,98.5,armed organization,1,country_wd
Q3809108,John Brisker,John Brisker,12,9594,98.5,human,1,birth_death_wd
Q65087995,Ish Wainright,Ish Wainright,12,11063,98.5,human,1,citizenship_wd
Q11990282,Mustafa Adrisi,Mustafa Adrisi,11,17326,98.5,human,2,birth_death_wd|citizenship_wd
Q78424,Wilfried Böse,Wilfried Böse,10,31151,98.5,human,1,birth_death_wd
Q320005,Apolo Nsibambi,Apolo Nsibambi,28,2065,98.4,human,2,birth_death_wd|citizenship_wd
Q4795033,Gladys Kalema-Zikusoka,Gladys Kalema-Zikusoka,23,2316,98.4,human,3,birth_death_wd|citizenship_wd|language_wd
Q487912,Ripon Falls,Ripon Falls,16,3492,98.4,waterfall,1,country_wd
Q6697142,administrative territorial entity of Uganda,Administrative divisions of Uganda,14,4549,98.4,,2,country_wd|keyword_title
Q2887548,Nile basin,Nile Basin,12,7304,98.4,drainage basin,1,country_wd
Q2915867,Rift Valley lakes,Rift Valley lakes,12,8553,98.4,group of lakes,1,country_wd
Q889311,Muteesa I of Buganda,Muteesa I of Buganda,12,7580,98.4,human,2,birth_death_wd|keyword_title
Q984093,Vincent Otti,Vincent Otti,10,24664,98.4,human,2,birth_death_wd|citizenship_wd
Q6357128,list of World Heritage Sites in Uganda,List of World Heritage Sites in Uganda,24,1852,98.3,Wikimedia list article,2,country_wd|keyword_title
Q519453,Frank Mugisha,Frank Mugisha,20,2122,98.3,human,2,birth_death_wd|citizenship_wd
Q3067079,Uganda women's national football team,Uganda women's national football team,16,2781,98.3,"national association football team, women's national association football team",2,country_wd|keyword_title
Q492755,Moses Isegawa,Moses Isegawa,15,3519,98.3,human,2,birth_death_wd|citizenship_wd
Q36388,Nubi,Nubi language,14,4486,98.3,"creole, natural language, language",1,country_wd
Q23062600,Isaac Nabwana,Nabwana I.G.G.,11,10827,98.3,human,2,birth_death_wd|citizenship_wd
Q7877575,Commonwealth realm of Uganda,Uganda (1962–1963),11,9492,98.3,historical country,2,country_wd|keyword_title
Q2065351,Paul Sherwen,Paul Sherwen,10,16619,98.3,human,1,birth_death_wd
Q20179441,Sarah Kyolaba,Sarah Kyolaba,9,64178,98.3,human,2,birth_death_wd|citizenship_wd
Q43122,.ug,.ug,93,1544,98.2,country code top-level domain,1,country_wd
Q895930,nodding disease,Nodding disease,15,2919,98.2,rare disease,1,country_wd
Q7877723,cinema of Uganda,Cinema of Uganda,11,8701,98.2,cinema by country or region,2,country_wd|keyword_title
Q82871,Martin Ssempa,Martin Ssempa,9,28224,98.2,human,2,birth_death_wd|citizenship_wd
Q696437,Ibrahim Sekagya,Ibrahim Sekagya,17,2105,98.1,human,2,birth_death_wd|citizenship_wd
Q88263719,2020 COVID-19 pandemic in Uganda,COVID-19 pandemic in Uganda,16,2290,98.1,disease outbreak,2,country_wd|keyword_title
Q514030,Mbarara University of Science and Technology,Mbarara University,13,3050,98.1,university,1,country_wd
Q1709493,July 2010 Kampala attacks,2010 Kampala bombings,12,4522,98.1,suicide bombing,2,country_wd|keyword_title
Q2738248,Uganda National Liberation Front,Uganda National Liberation Front,11,6083,98.1,political organization,2,country_wd|keyword_title
Q5473101,Forum for Democratic Change,Forum for Democratic Change,11,5929,98.1,political party,1,country_wd
Q5724541,Henry Kyemba,Henry Kyemba,11,5632,98.1,human,2,birth_death_wd|citizenship_wd
Q96758100,Salma Lakhani,Salma Lakhani,9,20463,98.1,human,2,birth_death_wd|citizenship_wd
Q5158982,Islamic University in Uganda,Islamic University in Uganda,14,2570,98.0,Islamic university,2,country_wd|keyword_title
Q488982,Nalubaale Hydroelectric Power Station,Nalubaale Hydroelectric Power Station,13,2890,98.0,"dam, hydroelectric power station",1,country_wd
Q1793381,"Shriti Vadera, Baroness Vadera","Shriti Vadera, Baroness Vadera",11,5044,98.0,human,1,birth_death_wd
Q2795682,Rwenzururu Kingdom,Rwenzururu,11,4816,98.0,"region, realm, historical country",1,country_wd
Q954747,East African Airways,East African Airways,11,4882,98.0,airline,1,country_wd
Q16960307,Allied Democratic Forces insurgency,Allied Democratic Forces insurgency,9,17292,98.0,rebellion,1,country_wd
Q87019,Brigitte Kuhlmann,Brigitte Kuhlmann,9,16470,98.0,human,1,birth_death_wd
Q407874,,Air Uganda,18,1652,97.9,airline,2,country_wd|keyword_title
Q1429741,Semuliki National Park,Semuliki National Park,16,1828,97.9,national park of Uganda,1,country_wd
Q706635,James Hannington,James Hannington,12,3122,97.9,human,1,birth_death_wd
Q1723759,Church of Uganda,Church of Uganda,10,6392,97.9,Anglican province,2,country_wd|keyword_title
Q4157645,Democratic Party,Democratic Party (Uganda),10,6029,97.9,political party,2,country_wd|keyword_title
Q5003686,Bwindi Impenetrable Forest,Bwindi Impenetrable Forest,10,6075,97.9,forest,1,country_wd
Q17061030,Jumià,Jumia,9,15391,97.9,"e-commerce, public company, business",1,country_wd
Q2512714,Marcel Theroux,Marcel Theroux,8,112160,97.9,human,1,birth_death_wd
Q116783438,Uganda at the 2024 Summer Olympics,Uganda at the 2024 Summer Olympics,23,1138,97.8,Olympic delegation,2,country_wd|keyword_title
Q838875,Mount Speke,Mount Speke,17,1629,97.8,mountain,1,country_wd
Q581297,Eagle Air,Eagle Air (Uganda),14,1972,97.8,airline,2,country_wd|keyword_title
Q1175948,David Obua,David Obua,13,2332,97.8,human,2,birth_death_wd|citizenship_wd
Q24572619,Betty Amongi,Betty Amongi,12,2739,97.8,human,2,birth_death_wd|citizenship_wd
Q960312,Express F.C.,Express FC,12,2692,97.8,association football club,1,country_wd
Q22276503,2016 Ugandan general election,2016 Ugandan general election,10,5188,97.8,Ugandan general election,3,country_wd|keyword_title|part_of_wd
Q721339,Ayub Kalule,Ayub Kalule,10,5237,97.8,human,2,birth_death_wd|citizenship_wd
Q20684444,Aamito Lagum,Aamito Lagum,9,9343,97.8,human,2,birth_death_wd|citizenship_wd
Q24872105,Sheebah Karungi,Sheebah Karungi,9,10186,97.8,human,3,birth_death_wd|citizenship_wd|language_wd
Q1430399,ISO 3166-2:UG,ISO 3166-2:UG,21,1082,97.7,data set of a specific country,1,country_wd
Q5617915,Gulu Airport,Gulu Airport,13,1997,97.7,"international airport, airport, commercial traffic aerodrome",1,country_wd
Q1353883,Majid Musisi,Majid Musisi,11,2914,97.7,human,2,birth_death_wd|citizenship_wd
Q4867416,Basilica of the Uganda Martyrs,"Basilica of the Uganda Martyrs, Namugongo",11,2985,97.7,minor basilica,2,country_wd|keyword_title
Q486865,,Uganda Airlines (1976–2001),11,2887,97.7,airline,2,country_wd|keyword_title
Q5345394,Edward Ssekandi,Edward Ssekandi,10,4031,97.7,human,2,birth_death_wd|citizenship_wd
Q2614835,Karamoja,Karamoja,9,6956,97.7,sub-region of Uganda,2,country_wd|keyword_title
Q105903578,Helen Nakimuli,Helen Nakimuli,8,24501,97.7,human,2,birth_death_wd|citizenship_wd
Q29043485,Uganda People's Defence Air Force,Uganda Air Force,8,23500,97.7,air force,2,country_wd|keyword_title
Q1186289,1st parallel north,1st parallel north,21,1067,97.6,circle of latitude,1,country_wd
Q460865,Kasha Nabagesera,Kasha Nabagesera,20,1033,97.6,human,2,birth_death_wd|citizenship_wd
Q1315903,35th meridian east,35th meridian east,19,1124,97.6,meridian,1,country_wd
Q932175,Mount Gahinga,Mount Gahinga,18,1167,97.6,"volcano, mountain, summit",1,country_wd
Q1406553,Lagos–Mombasa Highway,Lagos–Mombasa Highway,13,1897,97.6,"road, highway",1,country_wd
Q3346711,Nyoro people,Nyoro people,13,1743,97.6,ethnic group,1,country_wd
Q4793893,Maggie Kigozi,Maggie Kigozi,12,2154,97.6,human,3,birth_death_wd|citizenship_wd|language_wd
Q3197533,Kiswahili,Kiswahili,10,3414,97.6,"dialect, language, standard language",1,country_wd
Q3556899,Vice President of Uganda,Vice President of Uganda,10,3340,97.6,"vice president, position",3,country_wd|keyword_title|part_of_wd
Q708027,Daudi Cwa II of Buganda,Daudi Cwa II of Buganda,9,6629,97.6,human,3,birth_death_wd|citizenship_wd|keyword_title
Q1186520,33rd meridian east,33rd meridian east,15,1357,97.5,meridian,1,country_wd
Q941273,Bugala Island,Bugala Island,15,1279,97.5,island,1,country_wd
Q3315580,Minority Rights Group International,Minority Rights Group International,12,1929,97.5,"nonprofit organization, advocacy group",1,country_wd
Q7058261,Northern Congolian forest-savanna mosaic,Northern Congolian forest–savanna mosaic,12,1993,97.5,WWF ecoregion,1,country_wd
Q344941,Samson Kisekka,Samson Kisekka,10,3214,97.5,human,2,birth_death_wd|citizenship_wd
Q7022514,ngoma,Ngoma drums,10,3089,97.5,,2,country_wd|keyword_title
Q18637131,Anne Kansiime,Anne Kansiime,9,4848,97.5,human,2,birth_death_wd|citizenship_wd
Q29479762,Toby Sibbick,Toby Sibbick,9,4812,97.5,human,1,citizenship_wd
Q16204177,Dominic Ongwen,Dominic Ongwen,8,13123,97.5,human,2,birth_death_wd|citizenship_wd
Q6087828,Israel–Uganda relations,Israel–Uganda relations,8,14522,97.5,bilateral relation,2,country_wd|keyword_title
Q13125467,Aloisea Inyumba,Aloisea Inyumba,12,1665,97.4,human,2,birth_death_wd|citizenship_wd
Q2587755,East African Plateau,East African Plateau,12,1684,97.4,mountain range,1,country_wd
Q2202407,Catholic Church in Uganda,Catholic Church in Uganda,11,2006,97.4,Catholic Church of an area,2,country_wd|keyword_title
Q486859,Paul Kawanga Ssemogerere,Paul Ssemogerere (politician),11,2065,97.4,human,2,birth_death_wd|citizenship_wd
Q7877613,Uganda Museum,Uganda Museum,11,2038,97.4,museum,2,country_wd|keyword_title
Q2473859,Uganda Christian University,Uganda Christian University,10,2654,97.4,"university, church college",2,country_wd|keyword_title
Q6672465,Sipi Falls,Sipi Falls,10,2611,97.4,waterfall,1,country_wd
Q7877695,Ugandan passport,Ugandan passport,10,2806,97.4,,2,country_wd|keyword_title
Q6318370,Lumumba Justine Kasule,Justine Lumumba Kasule,9,4214,97.4,human,2,birth_death_wd|citizenship_wd
Q7877583,"Uganda Anti-Homosexuality Act, 2014","Anti-Homosexuality Act, 2014",9,4443,97.4,act of parliament,3,country_wd|keyword_title|part_of_wd
Q137561637,James Bogere,James Bogere,8,12738,97.4,human,2,birth_death_wd|citizenship_wd
Q6828319,Micheal Azira,Micheal Azira,17,918,97.3,human,2,birth_death_wd|citizenship_wd
Q1186645,31st meridian east,31st meridian east,15,1126,97.3,meridian,1,country_wd
Q555028,Cyprian Kizito Lwanga,Cyprian Kizito Lwanga,15,1106,97.3,human,2,birth_death_wd|citizenship_wd
Q672826,Uganda Revenue Authority SC,Uganda Revenue Authority FC,15,1070,97.3,association football club,2,country_wd|keyword_title
Q1681437,Kintu Musoke,Kintu Musoke,12,1563,97.3,human,2,birth_death_wd|citizenship_wd
Q105503232,Aziz Kayondo,Aziz Kayondo,9,3582,97.3,human,1,birth_death_wd
Q4273151,Inspector-general of police,Inspector-general of police,8,7834,97.3,"position, Wikimedia list article",1,country_wd
Q56401973,Musa Baluku,Musa Baluku,8,7315,97.3,human,2,birth_death_wd|citizenship_wd
Q142745,Uganda at the 2004 Summer Olympics,Uganda at the 2004 Summer Olympics,15,1017,97.2,Olympic delegation,2,country_wd|keyword_title
Q104839796,Tito Okello,Tito Okello (footballer),10,2244,97.2,human,1,birth_death_wd
Q119616154,Mpondwe school massacre,Mpondwe school massacre,10,2266,97.2,"terrorist attack, school massacre",2,country_wd|keyword_title
Q1407972,2001 Ugandan presidential election,2001 Ugandan presidential election,9,3089,97.2,presidential election,3,country_wd|keyword_title|part_of_wd
Q1895698,Police FC,Police FC (Uganda),9,3006,97.2,association football club,2,country_wd|keyword_title
Q1625351,Holy Spirit Movement,Holy Spirit Movement,8,6329,97.2,"religious organization, armed organization",1,country_wd
Q215347,Gottfried Lessing,Gottfried Lessing,8,6971,97.2,human,1,birth_death_wd
Q4280983,Mao Norbert,Norbert Mao,8,7257,97.2,human,3,birth_death_wd|citizenship_wd|language_wd
Q50413578,Lydia Mugambe,Lydia Mugambe,8,6372,97.2,human,2,birth_death_wd|citizenship_wd
Q6024156,Indians in Uganda,Indians in Uganda,7,51954,97.2,ethnic group,2,country_wd|keyword_title
Q506513,Andrew Mwesigwa,Andrew Mwesigwa,15,961,97.1,human,2,birth_death_wd|citizenship_wd
Q6761316,Maria Kiwanuka,Maria Kiwanuka,12,1168,97.1,human,2,birth_death_wd|citizenship_wd
Q328785,George Cosmas Adyebo,George Cosmas Adyebo,11,1553,97.1,human,2,birth_death_wd|citizenship_wd
Q5534730,Geoffrey Kizito,Geoffrey Kizito,11,1584,97.1,human,2,birth_death_wd|citizenship_wd
Q3082639,Frank Habineza,Frank Habineza,10,1837,97.1,human,1,birth_death_wd
Q662173,Mabira Forest,Mabira Forest,10,1855,97.1,forest reserve,1,country_wd
Q42914066,Uganda at the 2020 Summer Olympics,Uganda at the 2020 Summer Olympics,21,589,97.0,Olympic delegation,2,country_wd|keyword_title
Q71979350,Cleopatra Kambugu Kentaro,Cleopatra Kambugu Kentaro,16,745,97.0,human,1,citizenship_wd
Q982587,Simba F.C. (Uganda),UPDF FC,14,957,97.0,association football club,1,country_wd
Q3381092,Phillip Omondi,Phillip Omondi,13,991,97.0,human,2,birth_death_wd|citizenship_wd
Q16213674,Mariam Ndagire,Mariam Ndagire,11,1393,97.0,human,2,birth_death_wd|citizenship_wd
Q3873733,Uganda men's national basketball team,Uganda men's national basketball team,10,1677,97.0,men's national basketball team,2,country_wd|keyword_title
Q1711861,Uganda Railways Corporation,Uganda Railways Corporation,9,2477,97.0,"railway company, national railway",2,country_wd|keyword_title
Q3105642,Gilbert Bukenya,Gilbert Bukenya,9,2538,97.0,human,2,birth_death_wd|citizenship_wd
Q3316583,Miss Uganda,Miss Uganda,9,2536,97.0,female beauty pageant,2,country_wd|keyword_title
Q22704264,Arif Virani,Arif Virani,8,4110,97.0,human,1,birth_death_wd
Q2997511,Cornelius Boza Edwards,Cornelius Boza-Edwards,8,4710,97.0,human,2,birth_death_wd|citizenship_wd
Q5341172,education in Uganda,Education in Uganda,8,4488,97.0,education in country or region,2,country_wd|keyword_title
Q5866990,history of Uganda,Second Republic of Uganda,7,23425,97.0,aspect of history,2,country_wd|keyword_title
Q85770139,Islamic State – Central Africa Province,Islamic State – Central Africa Province,7,18048,97.0,"terrorist organization, armed organization",1,country_wd
Q97627856,National Unity Platform,National Unity Platform,7,21109,97.0,political party,1,country_wd
Q1186530,32nd meridian east,32nd meridian east,15,747,96.9,meridian,1,country_wd
Q6915910,Moses Oloya,Moses Oloya,13,909,96.9,human,2,birth_death_wd|citizenship_wd
Q5617918,Gulu University,Gulu University,10,1643,96.9,university,1,country_wd
Q619536,Apollo Kaggwa,Apollo Kaggwa,9,2223,96.9,human,3,birth_death_wd|citizenship_wd|language_wd
Q6702541,Nakadama Rukia Isanga,Lukia Isanga Nakadama,9,2244,96.9,human,2,birth_death_wd|citizenship_wd
Q1074974,Kassim Ouma,Kassim Ouma,8,3942,96.9,human,2,birth_death_wd|citizenship_wd
Q1164175,2011 Ugandan general election,2011 Ugandan general election,8,3819,96.9,Ugandan general election,3,country_wd|keyword_title|part_of_wd
Q1668903,2006 Ugandan general election,2006 Ugandan general election,8,3867,96.9,Ugandan general election,3,country_wd|keyword_title|part_of_wd
Q6176542,Odongo Jeje Abubakhar,Jeje Odongo,8,3690,96.9,human,2,birth_death_wd|citizenship_wd
Q105587935,War in Uganda (1986–1994),War in Uganda (1986–1994),7,15949,96.9,civil war,2,country_wd|keyword_title
Q508335,Taban lo Liyong,Taban Lo Liyong,11,1114,96.8,human,2,birth_death_wd|citizenship_wd
Q19898617,Susie Tharu,Susie Tharu,10,1497,96.8,human,1,birth_death_wd
Q8031502,women in Uganda,Women in Uganda,9,1950,96.8,aspect in a geographic region,2,country_wd|keyword_title
Q50316336,Elvis Bwomono,Elvis Bwomono,7,11013,96.8,human,1,birth_death_wd
Q923489,Credonia Mwerinde,Credonia Mwerinde,7,12093,96.8,human,1,citizenship_wd
Q140650,Uganda at the 2012 Summer Olympics,Uganda at the 2012 Summer Olympics,22,458,96.7,Olympic delegation,2,country_wd|keyword_title
Q1390765,1st parallel south,1st parallel south,20,461,96.7,circle of latitude,1,country_wd
Q492993,Leo Rwabwogo,Leo Rwabwogo,17,533,96.7,human,2,birth_death_wd|citizenship_wd
Q96622031,Wiki Loves Folklore,Wiki Loves Folklore,13,776,96.7,"organization, recurring event, WikiProject",1,country_wd
Q22138769,Zika Forest,Zika Forest,11,1025,96.7,forest,1,country_wd
Q2902777,Arua Airport,Arua Airport,11,998,96.7,"international airport, airport, commercial traffic aerodrome",1,country_wd
Q124423647,Simon Peter Engurait,Simon Peter Engurait,9,1759,96.7,human,1,birth_death_wd
Q484802,Otema Allimadi,Otema Allimadi,9,1650,96.7,human,2,birth_death_wd|citizenship_wd
Q1173623,Bahati David,David Bahati,8,2695,96.7,human,2,birth_death_wd|citizenship_wd
Q1929454,Sexual Minorities Uganda,Sexual Minorities Uganda,8,2766,96.7,"non-governmental organization, LGBTQ+ rights organization",2,country_wd|keyword_title
Q111530547,Nyamutoro Phiona,Phiona Nyamutoro,7,9099,96.7,human,2,birth_death_wd|citizenship_wd
Q5434722,Farah Damji,Farah Damji,7,8697,96.7,human,2,birth_death_wd|citizenship_wd
Q1388124,Sammy Kitwara,Sammy Kitwara,10,1081,96.6,human,1,citizenship_wd
Q19668599,Beti Kamya-Turwomwe,Beti Kamya,9,1569,96.6,human,1,citizenship_wd
Q4711148,Albert Ruskin Cook,Albert Ruskin Cook,9,1531,96.6,human,1,birth_death_wd
Q4731734,Allen Kagina,Allen Kagina,8,2396,96.6,human,1,birth_death_wd
Q6359130,Kampala University,Kampala University,8,2319,96.6,university,2,country_wd|keyword_title
Q168528,Uganda Olympic Committee,Uganda Olympic Committee,15,527,96.5,National Olympic Committee,2,country_wd|keyword_title
Q588927,Maracha District,Maracha District,13,642,96.5,district of Uganda,1,country_wd
Q1373193,Eugene Sepuya,Eugene Sseppuya,12,700,96.5,human,2,birth_death_wd|citizenship_wd
Q17580348,Mary Okwakol,Mary Okwakol,10,1064,96.5,human,2,birth_death_wd|citizenship_wd
Q5327671,East African montane moorlands,East African montane moorlands,10,1073,96.5,"ecoregion, WWF ecoregion",1,country_wd
Q4215039,Othman Karim,Othman Karim,8,2287,96.5,human,1,birth_death_wd
Q5001978,Busitema University,Busitema University,8,2275,96.5,university,1,country_wd
Q47359700,Spice Diana,Spice Diana,7,5769,96.5,human,2,birth_death_wd|citizenship_wd
Q7877621,Uganda Patriotic Movement,Uganda Patriotic Movement,7,5215,96.5,political party,2,country_wd|keyword_title
Q143898,Uganda at the 1972 Summer Olympics,Uganda at the 1972 Summer Olympics,16,464,96.4,Olympic delegation,2,country_wd|keyword_title
Q6779980,Mary Karooro Okurut,Mary Karooro Okurut,10,982,96.4,human,2,birth_death_wd|citizenship_wd
Q6961899,Namirembe Bitamazire,Namirembe Bitamazire,9,1273,96.4,human,2,birth_death_wd|citizenship_wd
Q16899506,Rubaga Cathedral,Lubaga Cathedral,8,1809,96.4,Catholic cathedral,1,country_wd
Q3439570,Walter D'Souza,Walter de Sousa,13,523,96.3,human,1,birth_death_wd
Q4937331,Doreen Baingana,Doreen Baingana,12,619,96.3,human,2,birth_death_wd|citizenship_wd
Q994754,John Baptist Odama,John Baptist Odama,12,589,96.3,human,2,birth_death_wd|citizenship_wd
Q1706475,Joseph Anthony Zziwa,Joseph Anthony Zziwa,11,726,96.3,human,2,birth_death_wd|citizenship_wd
Q55583703,Joyce Mpanga,Joyce Mpanga,11,729,96.3,human,2,birth_death_wd|citizenship_wd
Q60615160,Fadilah Mohamed Rafi,Fadilah Mohamed Rafi,10,842,96.3,human,1,citizenship_wd
Q2184364,Uganda Cup,Uganda Cup,8,1701,96.3,"national association football cup, association football league",2,country_wd|keyword_title
Q4859206,Barbara Oundo Nekesa,Barbara Nekesa Oundo,8,1705,96.3,human,2,birth_death_wd|citizenship_wd
Q19969360,Uganda at the 2016 Summer Olympics,Uganda at the 2016 Summer Olympics,23,330,96.2,Olympic delegation,2,country_wd|keyword_title
Q1666577,Lambert Bainomugisha,Lambert Bainomugisha,11,639,96.2,human,2,birth_death_wd|citizenship_wd
Q7659743,Syda Bbumba,Syda Bbumba,9,1005,96.2,human,2,birth_death_wd|citizenship_wd
Q5373353,Emmanuel Tumusiime-Mutebile,Emmanuel Tumusiime-Mutebile,8,1618,96.2,human,2,birth_death_wd|citizenship_wd
Q1636788,Kintu,Kintu,7,3422,96.2,"human, mythical character",1,citizenship_wd
Q24572733,Namuganza Persis Princess,Persis Namuganza,7,3055,96.2,human,2,birth_death_wd|citizenship_wd
Q5468560,Foreign relations of Uganda,Foreign relations of Uganda,7,3123,96.2,foreign relations,2,country_wd|keyword_title
Q117456750,Mariam Nabatanzi,Mariam Nabatanzi,6,69043,96.2,human,2,birth_death_wd|keyword_title
Q128784663,Simon Kaggwa Njala,Simon Kaggwa Njala,6,45845,96.2,human,1,citizenship_wd
Q7086867,Olimi III of Tooro,Olimi III of Tooro,6,61452,96.2,human,2,birth_death_wd|citizenship_wd
Q1186295,4th parallel north,4th parallel north,18,332,96.1,circle of latitude,1,country_wd
Q22007123,Josephine Nambooze,Josephine Nambooze,13,436,96.1,human,2,birth_death_wd|citizenship_wd
Q6761446,Maria Mutagamba,Maria Mutagamba,12,503,96.1,human,2,birth_death_wd|citizenship_wd
Q18589967,2017 IAAF World Cross Country Championships,2017 IAAF World Cross Country Championships,11,596,96.1,"World Athletics Cross Country Championships, recurring sporting event edition",1,country_wd
Q28858649,Victoria Kawesa,Victoria Kawesa,10,729,96.1,human,1,birth_death_wd
Q99361654,Catherine Nakalembe,Catherine Nakalembe,10,730,96.1,human,2,birth_death_wd|citizenship_wd
Q6186189,Richard Sseruwagi,Richard Sseruwagi,9,995,96.1,human,1,birth_death_wd
Q2605033,Betty Oyella Bigombe,Betty Oyella Bigombe,8,1510,96.1,human,2,birth_death_wd|citizenship_wd
Q2967735,Owen Falls,Owen Falls,8,1403,96.1,waterfall,1,country_wd
Q96362788,Dorothy Kisaka,Dorothy Kisaka,8,1460,96.1,human,2,birth_death_wd|citizenship_wd
Q134697017,2025 Rugby Africa Cup,2025 Rugby Africa Cup,7,2855,96.1,season of the rugby union African Cup,1,country_wd
Q136693453,Abraham Luzzi,Abraham Luzzi,7,2910,96.1,human,1,citizenship_wd
Q2851484,Annet Negesa,Annet Negesa,7,2897,96.1,human,1,citizenship_wd
Q393388,Aggrey Awori,Aggrey Awori,7,2894,96.1,human,2,birth_death_wd|citizenship_wd
Q135934925,David Owori,David Owori,6,42665,96.1,human,2,birth_death_wd|citizenship_wd
Q49493702,Zari Hassan,Zari Hassan,6,28379,96.1,human,2,birth_death_wd|citizenship_wd
Q1186214,2nd parallel north,2nd parallel north,19,298,96.0,circle of latitude,1,country_wd
Q2901878,Jinja Airport,Jinja Airport,10,661,96.0,airport,1,country_wd
Q19276819,Cecilia Ogwal,Cecilia Ogwal,9,825,96.0,human,2,birth_death_wd|citizenship_wd
Q4877118,Atim Beatrice Anywar,Beatrice Atim Anywar,9,875,96.0,human,2,birth_death_wd|citizenship_wd
Q652825,Mbarara Airport,Mbarara Airport,9,802,96.0,airport,1,country_wd
Q20746335,Munyonyo Martyrs Shrine,Munyonyo Martyrs' Shrine,8,1276,96.0,church building,2,country_wd|keyword_title
Q3589850,Uganda national rugby union team,Uganda national rugby union team,8,1180,96.0,national rugby union team,2,country_wd|keyword_title
Q1059582,Charles Mumbere,Charles Mumbere,7,2667,96.0,human,2,birth_death_wd|citizenship_wd
Q114247826,2022 Uganda Ebola outbreak,2022–2023 Uganda Ebola outbreak,7,2410,96.0,disease outbreak,2,country_wd|keyword_title
Q5290463,Dominic Barton,Dominic Barton,6,19104,96.0,human,1,birth_death_wd
Q7633814,Sudhir Ruparelia,Sudhir Ruparelia,6,19109,96.0,human,2,birth_death_wd|citizenship_wd
Q142193,Uganda at the 2000 Summer Olympics,Uganda at the 2000 Summer Olympics,15,366,95.9,Olympic delegation,2,country_wd|keyword_title
Q143889,Uganda at the 1996 Summer Olympics,Uganda at the 1996 Summer Olympics,15,344,95.9,Olympic delegation,2,country_wd|keyword_title
Q41768539,Agnes Atim Apea,Agnes Atim Apea,14,389,95.9,human,2,birth_death_wd|citizenship_wd
Q16235521,Luwagga Kizito,Luwagga Kizito,12,422,95.9,human,2,birth_death_wd|citizenship_wd
Q16236524,Yunus Sentamu,Yunus Sentamu,10,616,95.9,human,2,birth_death_wd|citizenship_wd
Q16300996,Henry Kisekka,Henry Kisekka,8,1104,95.9,human,2,birth_death_wd|citizenship_wd
Q4716143,Alengot Oromait,Alengot Oromait,8,1085,95.9,human,2,birth_death_wd|citizenship_wd
Q520214,New Vision,New Vision,7,2185,95.9,newspaper,1,country_wd
Q52615829,Nabakooba Judith Nalule,Judith Nabakooba,7,2367,95.9,human,2,birth_death_wd|citizenship_wd
Q1503049,Geoffrey Sserunkuma,Geoffrey Sserunkuma,11,459,95.8,human,2,birth_death_wd|citizenship_wd
Q450406,China Keitetsi,China Keitetsi,11,438,95.8,human,2,birth_death_wd|citizenship_wd
Q983488,Edwin Ekiring,Edwin Ekiring,11,472,95.8,human,2,birth_death_wd|citizenship_wd
Q106300446,Raphael P’Mony Wokorach,Raphael p'Mony Wokorach,10,543,95.8,human,1,citizenship_wd
Q55761109,Moses Opondo,Moses Opondo,9,730,95.8,human,2,birth_death_wd|citizenship_wd
Q1779859,Acholiland,Acholiland,8,1067,95.8,territory,1,country_wd
Q3813980,Katonda,Katonda (mythology),8,1040,95.8,creator deity,1,country_wd
Q6116472,Southern Acacia-Commiphora bushlands and thickets,Southern Acacia–Commiphora bushlands and thickets,8,1059,95.8,WWF ecoregion,1,country_wd
Q62090361,Herbert Bockhorn,Herbert Bockhorn,7,2083,95.8,human,2,birth_death_wd|citizenship_wd
Q106743286,1972 invasion of Uganda,1972 invasion of Uganda,6,13714,95.8,invasion,2,country_wd|keyword_title
Q5432160,Fall of Kampala,Fall of Kampala,6,11231,95.8,battle,2,country_wd|keyword_title
Q58304913,Shafiq Zia,Shafiq Zia,6,11614,95.8,human,1,birth_death_wd
Q623206,Presidential Commission of Uganda,Presidential Commission of Uganda,6,12551,95.8,council,2,country_wd|keyword_title
Q143842,Uganda at the 1968 Summer Olympics,Uganda at the 1968 Summer Olympics,16,279,95.7,Olympic delegation,2,country_wd|keyword_title
Q329269,Eridadi Mukwanga,Eridadi Mukwanga,15,292,95.7,human,2,birth_death_wd|citizenship_wd
Q2158297,Robert Muhiirwa,Robert Muhiirwa,11,410,95.7,human,1,citizenship_wd
Q43375707,Akello Lucy,Lucy Akello,9,682,95.7,human,2,birth_death_wd|citizenship_wd
Q105890715,Esther Afoyochan,Esther Afoyochan,8,950,95.7,human,2,birth_death_wd|citizenship_wd
Q338138,John Ssebaana Kizito,John Ssebaana Kizito,8,944,95.7,human,2,birth_death_wd|citizenship_wd
Q123046119,Kitara FC,Kitara F.C.,7,1829,95.7,association football club,1,country_wd
Q130313949,Denis Omedi,Denis Omedi,7,1765,95.7,human,2,birth_death_wd|citizenship_wd
Q16954344,Budongo Forest,Budongo Forest,7,1711,95.7,"forest, protected area",1,country_wd
Q3815047,Kiara Kabukuru,Kiara Kabukuru,7,1790,95.7,human,2,birth_death_wd|citizenship_wd
Q7067602,Ntare School,Ntare School,7,1773,95.7,"secondary school, boarding school",1,country_wd
Q7071070,Nyero Rockpaintings,Nyero rock paintings,7,1706,95.7,petroglyphic site,1,country_wd
Q1186278,3rd parallel north,3rd parallel north,18,241,95.6,circle of latitude,1,country_wd
Q147515,Uganda at the 2008 Summer Olympics,Uganda at the 2008 Summer Olympics,17,255,95.6,Olympic delegation,2,country_wd|keyword_title
Q5238267,David Otti,David Otti,10,472,95.6,human,2,birth_death_wd|citizenship_wd
Q9138168,Abel Dhaira,Abel Dhaira,10,475,95.6,human,2,birth_death_wd|citizenship_wd
Q1323390,Charles Livingstone Mbabazi,Charles Livingstone Mbabazi,9,629,95.6,human,2,birth_death_wd|citizenship_wd
Q22282555,Abdu Lumala,Abdu Lumala,9,618,95.6,human,1,citizenship_wd
Q5257448,Denis Obua,Denis Obua (footballer),9,601,95.6,human,2,birth_death_wd|citizenship_wd
Q6374123,Kasese Airport,Kasese Airport,9,591,95.6,"airport, commercial traffic aerodrome",1,country_wd
Q7877589,Uganda Cricket Association,Uganda Cricket Association,9,586,95.6,"sport association, cricket federation",2,country_wd|keyword_title
Q1027333,Callistus Rubaramira,Callistus Rubaramira,8,923,95.6,human,1,birth_death_wd
Q24572738,Mary Goretti Kitutu,Mary Goretti Kitutu,8,902,95.6,human,2,birth_death_wd|citizenship_wd
Q50379529,Rhoda Kalema,Rhoda Kalema,8,813,95.6,human,2,birth_death_wd|citizenship_wd
Q6343791,Kabakumba Masiko,Kabakumba Masiko,8,864,95.6,human,2,birth_death_wd|citizenship_wd
Q14949498,Claver Gatete,Claver Gatete,7,1621,95.6,human,2,birth_death_wd|citizenship_wd
Q15979884,Maroons FC,Maroons FC,7,1607,95.6,association football club,2,country_wd|keyword_title
Q113560811,Basil Tuma,Basil Tuma,6,7987,95.6,human,2,birth_death_wd|citizenship_wd
Q28457520,Rolex,Rolex (food),6,6461,95.6,type of food or dish,1,country_wd
Q6787393,Kasaija Matia,Matia Kasaija,6,8257,95.6,human,3,birth_death_wd|citizenship_wd|language_wd
Q434560,Christine Magnusson,Christine Magnusson,11,387,95.5,human,1,birth_death_wd
Q118316106,2023 Africa floods,2023 Africa floods,9,549,95.5,flood,1,country_wd
Q24572655,Joyce Moriku,Joyce Moriku,8,805,95.5,human,2,birth_death_wd|citizenship_wd
Q7877677,Ugandan Sign Language,Ugandan Sign Language,8,807,95.5,"sign language, modern language",2,country_wd|keyword_title
Q4986155,Bugema University,Bugema University,7,1526,95.5,"university, church college",1,country_wd
Q5558471,Victoria Basin forest-savanna mosaic,Victoria Basin forest–savanna mosaic,7,1478,95.5,WWF ecoregion,1,country_wd
Q6359113,Kampala International University,Kampala International University,6,5152,95.5,university,2,country_wd|keyword_title
Q146120,Uganda at the 1980 Summer Olympics,Uganda at the 1980 Summer Olympics,16,230,95.4,Olympic delegation,2,country_wd|keyword_title
Q146153,Uganda at the 1988 Summer Olympics,Uganda at the 1988 Summer Olympics,14,276,95.4,Olympic delegation,2,country_wd|keyword_title
Q143789,Uganda at the 1956 Summer Olympics,Uganda at the 1956 Summer Olympics,13,281,95.4,Olympic delegation,2,country_wd|keyword_title
Q18176372,Ronald Mukiibi,Ronald Mukiibi,11,364,95.4,human,1,citizenship_wd
Q21505670,Rose Akol,Rose Akol,10,399,95.4,human,2,birth_death_wd|citizenship_wd
Q58099869,Bettinah Tianah,Bettinah Tianah,8,740,95.4,human,2,birth_death_wd|citizenship_wd
Q105951053,Sarah Mateke Nyirabashitsi,Sarah Mateke Nyirabashitsi,7,1312,95.4,human,2,birth_death_wd|citizenship_wd
Q123061462,NEC FC,National Enterprises Corporation FC,7,1372,95.4,association football club,1,country_wd
Q21035644,Uganda national under-20 football team,Uganda national under-20 football team,7,1291,95.4,national association football team,2,country_wd|keyword_title
Q7021931,Ngamba Island Chimpanzee Sanctuary,Ngamba Island Chimpanzee Sanctuary,7,1368,95.4,animal sanctuary,1,country_wd
Q131705982,Allan Oyirwoth,Allan Oyirwoth,6,5011,95.4,human,1,citizenship_wd
Q16932365,Wilfred de Souza,Wilfred de Souza,6,5011,95.4,human,1,birth_death_wd
Q7146898,Patrick Karegeya,Patrick Karegeya,6,4512,95.4,human,1,birth_death_wd
Q7877609,Uganda Martyrs University,Uganda Martyrs University,6,4735,95.4,university,2,country_wd|keyword_title
Q39183854,Lillian Tibatemwa-Ekirikubinza,Lillian Tibatemwa-Ekirikubinza,9,453,95.3,human,2,birth_death_wd|citizenship_wd
Q42529036,Barbara Mulwana,Barbara Mulwana,9,471,95.3,human,2,birth_death_wd|citizenship_wd
Q16837082,BUL FC,BUL Jinja FC,8,696,95.3,"association football club, sports club",2,country_wd|keyword_title
Q3769958,Giuseppe Ambrosoli,Giuseppe Ambrosoli,8,654,95.3,human,1,birth_death_wd
Q330695,Abraham Waligo,Abraham Waligo,7,1227,95.3,human,2,birth_death_wd|citizenship_wd
Q335479,George Wilberforce Kakoma,George Wilberforce Kakoma,7,1210,95.3,human,2,birth_death_wd|citizenship_wd
Q43387704,Leilah Babirye,Leilah Babirye,7,1178,95.3,human,2,birth_death_wd|citizenship_wd
Q5481588,Francis K. Butagira,Francis K. Butagira,7,1120,95.3,human,2,birth_death_wd|citizenship_wd
Q6116471,Northern Acacia-Commiphora bushlands and thickets,Northern Acacia–Commiphora bushlands and thickets,7,1166,95.3,WWF ecoregion,1,country_wd
Q6374005,Kasangati,Kasangati,7,1157,95.3,human settlement,1,country_wd
Q3868597,music of Uganda,Music of Uganda,6,3947,95.3,"music genre, music by country or region",2,country_wd|keyword_title
Q6119076,Jacob Oulanyah,Jacob Oulanyah,6,4463,95.3,human,2,birth_death_wd|citizenship_wd
Q7126083,Pakuba Airport,Pakuba Airfield,9,429,95.2,"airport, commercial traffic aerodrome",1,country_wd
Q146134,Uganda at the 1984 Summer Olympics,Uganda at the 1984 Summer Olympics,15,205,95.1,Olympic delegation,2,country_wd|keyword_title
Q24852059,Clare Byarugaba,Clare Byarugaba,10,339,95.1,human,1,citizenship_wd
Q50378444,Moses Waiswa,Moses Waiswa,10,333,95.1,human,2,birth_death_wd|citizenship_wd
Q47455860,Charles Kagimu,Charles Kagimu,9,397,95.1,human,2,birth_death_wd|citizenship_wd
Q1086787,Christopher Kakooza,Christopher Kakooza,8,583,95.1,human,1,birth_death_wd
Q1714359,Rukwanzi Island,Rukwanzi Island,8,557,95.1,"island, disputed territory",1,country_wd
Q7877665,Uganda national women's cricket team,Uganda women's national cricket team,7,976,95.1,women's national cricket team,2,country_wd|keyword_title
Q123986370,Susan Nsibirwa,Susan Nsibirwa,6,2905,95.1,human,1,citizenship_wd
Q338125,Semei Kakungulu,Semei Kakungulu,6,2916,95.1,human,3,birth_death_wd|citizenship_wd|keyword_title
Q64920686,Turkey–Uganda relations,Turkey–Uganda relations,6,2854,95.1,bilateral relation,2,country_wd|keyword_title
Q7383142,Ruth Nankabirwa,Ruth Nankabirwa,6,2769,95.1,human,2,birth_death_wd|citizenship_wd
Q98733574,Musenero Monica Masanza,Monica Musenero,6,2796,95.1,human,2,birth_death_wd|citizenship_wd
Q60566718,Lilly Ajarova,Lilly Ajarova,8,514,95.0,human,2,birth_death_wd|citizenship_wd
Q15243329,Mabamba Bay,Mabamba Bay,7,930,95.0,body of water,1,country_wd
Q19666615,Lilian Mbabazi,Lillian Mbabazi,7,916,95.0,human,2,birth_death_wd|citizenship_wd
Q7877696,1996 Ugandan presidential election,1996 Ugandan presidential election,6,2751,95.0,presidential election,3,country_wd|keyword_title|part_of_wd
Q7563660,Soroti Airport,Soroti Airport,8,452,94.9,airport,1,country_wd
Q18407456,Tanda pits,Tanda pits,7,801,94.9,"archaeological site, cultural property",1,country_wd
Q7519223,Simon Lokodo,Simon Lokodo,7,863,94.9,human,2,birth_death_wd|citizenship_wd
Q89552274,Abhay Bhardwaj,Abhay Bharadwaj,7,798,94.9,human,1,birth_death_wd
Q14956750,Mulago Hospital,Mulago National Specialised Hospital,6,2216,94.9,hospital,1,country_wd
Q16951936,corruption in Uganda,Corruption in Uganda,6,2376,94.9,aspect in a geographic region,2,country_wd|keyword_title
Q143770,Uganda at the 1960 Summer Olympics,Uganda at the 1960 Summer Olympics,14,184,94.8,Olympic delegation,2,country_wd|keyword_title
Q24954405,Edrisa Lubega,Edrisa Lubega,9,317,94.8,human,2,birth_death_wd|citizenship_wd
Q75093787,Joseph Kizito,Joseph Kizito (bishop),9,338,94.8,human,2,birth_death_wd|citizenship_wd
Q1743419,Okello Oculi,Okello Oculi,8,416,94.8,human,1,birth_death_wd
Q3543317,2010 Ugandan landslide,2010 Ugandan landslide,8,441,94.8,landslide,2,country_wd|keyword_title
Q106912339,Nicholas Opiyo,Nicholas Opiyo,7,765,94.8,human,2,birth_death_wd|citizenship_wd
Q18352352,Doris Akol,Doris Akol,7,764,94.8,human,2,birth_death_wd|citizenship_wd
Q6178659,Jennifer Musisi,Jennifer Musisi,6,1971,94.8,human,2,birth_death_wd|citizenship_wd
Q143774,Uganda at the 1964 Summer Olympics,Uganda at the 1964 Summer Olympics,13,183,94.7,Olympic delegation,2,country_wd|keyword_title
Q146070,Uganda at the 1992 Summer Olympics,Uganda at the 1992 Summer Olympics,13,181,94.7,Olympic delegation,2,country_wd|keyword_title
Q6200572,Jimmy Kirunda,Jimmy Kirunda,9,297,94.7,human,3,birth_death_wd|citizenship_wd|language_wd
Q19667552,Annet Nakawunde Mulindwa,Annet Nakawunde Mulindwa,8,399,94.7,human,2,birth_death_wd|citizenship_wd
Q17198106,Dilma Dila,Dilman Dila,7,711,94.7,human,2,birth_death_wd|citizenship_wd
Q24572753,Rosemary Seninde,Rosemary Seninde,7,725,94.7,human,2,birth_death_wd|citizenship_wd
Q5064251,Cerinah Nebanda,Cerinah Nebanda,7,717,94.7,human,2,birth_death_wd|citizenship_wd
Q58042684,Veronica Babirye Kadogo,Veronica Kadogo,7,660,94.7,human,2,birth_death_wd|citizenship_wd
Q109974085,Babirye Milly Babalanda,Milly Babalanda,6,1893,94.7,human,2,birth_death_wd|citizenship_wd
Q16895659,Namirembe Cathedral,Namirembe Cathedral,6,1787,94.7,"church building, Anglican or Episcopal cathedral",1,country_wd
Q5377151,energy in Uganda,Energy in Uganda,6,1781,94.7,aspect in a geographic region,2,country_wd|keyword_title
Q6075178,Iryn Namubiru,Iryn Namubiru,6,1806,94.7,human,3,birth_death_wd|citizenship_wd|language_wd
Q1713184,Ibrahim Juma,Ibrahim Juma (footballer),8,391,94.6,human,2,birth_death_wd|citizenship_wd
Q43143394,Zahara Nampewo,Zahara Nampewo,8,384,94.6,human,2,birth_death_wd|citizenship_wd
Q5111140,Christine Ondoa,Christine Ondoa,8,382,94.6,human,2,birth_death_wd|citizenship_wd
Q55584067,Sylvia Rwabogo,Sylvia Rwabogo,8,389,94.6,human,2,birth_death_wd|citizenship_wd
Q618252,National Library of Uganda,National Library of Uganda,8,391,94.6,national library,2,country_wd|keyword_title
Q24572620,Florence Nakiwala Kiyingi,Florence Nakiwala Kiyingi,7,627,94.6,human,2,birth_death_wd|citizenship_wd
Q55984275,Malaika,Malaika (actress),7,631,94.6,human,2,birth_death_wd|citizenship_wd
Q58883876,Akite Agnes,Akite Agnes,7,637,94.6,human,2,birth_death_wd|citizenship_wd
Q595684,Mountains of the Moon University,Mountains of the Moon University,6,1657,94.6,university,1,country_wd
Q5981209,Ian Clarke,Ian Clarke (physician),6,1630,94.6,human,1,citizenship_wd
Q6416282,Kirunda Kivejinja,Kirunda Kivejinja,6,1658,94.6,human,2,birth_death_wd|citizenship_wd
Q1243586,Dora Bloch,Murder of Dora Bloch,5,59236,94.6,human,1,birth_death_wd
Q203173,Mike Sserumaga,Mike Sserumaga,12,179,94.5,human,2,birth_death_wd|citizenship_wd
Q111914231,Anita Pendo,Anita Pendo,8,379,94.5,human,1,birth_death_wd
Q16194600,Dorothy Samali Hyuha,Dorothy Hyuha,8,376,94.5,human,2,birth_death_wd|citizenship_wd
Q5111001,Christine Dranzoa,Christine Dranzoa,8,367,94.5,human,2,birth_death_wd|citizenship_wd
Q105951153,Taban Aate Sharifah,Taban Sharifah Aate,7,577,94.5,human,2,birth_death_wd|citizenship_wd
Q12876727,Uganda Women's National Basketball Team,Uganda women's national basketball team,7,606,94.5,women's national basketball team,2,country_wd|keyword_title
Q10589456,Moru people,Moru people,6,1580,94.5,ethnic group,1,country_wd
Q19667316,Rachael Magoola,Rachael Magoola,6,1528,94.5,human,2,birth_death_wd|citizenship_wd
Q42664267,Winnie Kiiza,Winnie Kiiza,6,1483,94.5,human,2,birth_death_wd|citizenship_wd
Q664830,East and Central Africa cricket team,East and Central Africa cricket team,6,1491,94.5,cricket team,1,country_wd
Q16736668,Alex Kakuba,Alex Kakuba,10,210,94.4,human,2,birth_death_wd|citizenship_wd
Q47006461,Anita Asiimwe,Anita Asiimwe,10,216,94.4,human,1,birth_death_wd
Q1065469,Charles Martin Wamika,Charles Martin Wamika,9,253,94.4,human,2,birth_death_wd|citizenship_wd
Q16745180,Beatrice Lamwaka,Beatrice Lamwaka,9,252,94.4,human,2,birth_death_wd|citizenship_wd
Q455113,Ruth Kasirye,Ruth Kasirye,9,253,94.4,human,1,birth_death_wd
Q83611984,Margaret Sekaggya,Margaret Sekaggya,9,258,94.4,human,2,birth_death_wd|citizenship_wd
Q105965987,Abeja Susan Jolly,Susan Jolly Abeja,8,343,94.4,human,2,birth_death_wd|citizenship_wd
Q16200545,Jennifer Namuyangu,Jenipher Namuyangu,7,548,94.4,human,2,birth_death_wd|citizenship_wd
Q18001471,Joy Kwesiga,Joy Kwesiga,7,543,94.4,human,2,birth_death_wd|citizenship_wd
Q43299945,Patricia Akello,Patricia Akello,7,515,94.4,human,2,birth_death_wd|citizenship_wd
Q4729602,All Saints University,All Saints University,7,518,94.4,university,1,country_wd
Q58030252,Julianne Mweheire,Julianne Mweheire,7,539,94.4,human,2,birth_death_wd|citizenship_wd
Q16730445,Joseph Mpande,Joseph Mpande,6,1276,94.4,human,2,birth_death_wd|citizenship_wd
Q45354341,Kemiyondo Coutinho,Kemiyondo Coutinho,6,1429,94.4,human,2,birth_death_wd|citizenship_wd
Q6024345,India–Uganda relations,India–Uganda relations,6,1446,94.4,bilateral relation,2,country_wd|keyword_title
Q6343817,Kabale University,Kabale University,6,1306,94.4,university,1,country_wd
Q545009,Military Ordinariate of Uganda,Military Ordinariate of Uganda,10,198,94.3,military ordinariate,2,country_wd|keyword_title
Q111418134,Jane Frances Kuka,Jane Frances Kuka,9,239,94.3,human,2,birth_death_wd|citizenship_wd
Q17003268,Barbara Birungi,Barbara Birungi,9,246,94.3,human,1,citizenship_wd
Q105962114,Prossy Akampurira,Prossy Akampurira,8,302,94.3,human,2,birth_death_wd|citizenship_wd
Q1680912,James Odongo,James Odongo,8,306,94.3,human,2,birth_death_wd|citizenship_wd
Q3132041,Henri Streicher,Henri Streicher,8,314,94.3,human,1,birth_death_wd
Q20684295,Julius Kaganzi Kaggwa,Julius Kaggwa,7,501,94.3,human,2,birth_death_wd|citizenship_wd
Q43033100,Milton Karisa,Milton Karisa,7,508,94.3,human,2,birth_death_wd|citizenship_wd
Q44480089,Jay Mulucha,Jay Mulucha,6,1233,94.3,human,1,citizenship_wd
Q4917719,Bishop Stuart University,Bishop Stuart University,6,1162,94.3,university,1,country_wd
Q6417868,Kitara,Runyakitara language,6,1243,94.3,"constructed language, standard language",1,country_wd
Q113004679,David Onama,David Onama,5,16423,94.3,human,1,citizenship_wd
Q123483135,Barugahara Balaam,Balaam Barugahara,5,17244,94.3,human,2,birth_death_wd|citizenship_wd
Q3185163,Joseph Kibweteere,Joseph Kibweteere,5,15310,94.3,human,2,birth_death_wd|citizenship_wd
Q18027848,Shafik Batambuze,Shafik Batambuze,9,222,94.2,human,2,birth_death_wd|citizenship_wd
Q6588606,Tororo Airport,Tororo Airport,9,225,94.2,airport,1,country_wd
Q105944681,Mary Begumisa,Mary Begumisa,8,287,94.2,human,2,birth_death_wd|citizenship_wd
Q20898439,Sam Odaka,Sam Odaka,7,439,94.2,human,2,birth_death_wd|citizenship_wd
Q105759549,Akello Beatrice Akori,Beatrice Akello Akori,6,1070,94.2,human,2,birth_death_wd|citizenship_wd
Q113673749,Sadat Anaku,Sadat Anaku,6,1072,94.2,human,2,birth_death_wd|citizenship_wd
Q100717966,Arnold Oceng,Arnold Oceng,5,13193,94.2,human,2,birth_death_wd|citizenship_wd
Q16148206,Cabinet of Uganda,Cabinet of Uganda,5,13709,94.2,,3,country_wd|keyword_title|part_of_wd
Q71184204,Judith Bakirya,Judith Bakirya,12,140,94.1,human,2,birth_death_wd|citizenship_wd
Q24905046,Amakula International Film Festival,Amakula International Film Festival,9,206,94.1,film festival,1,country_wd
Q6557577,Lira Airport,Lira Airport,9,206,94.1,airport,1,country_wd
Q4689587,Africa One,AfricaOne (Uganda),8,278,94.1,airline,2,country_wd|keyword_title
Q1023260,1973 CECAFA Cup,1973 CECAFA Cup,7,417,94.1,"CECAFA Cup, sports season",1,country_wd
Q105945785,Stella Isodo Apolot,Stella Isodo Apolot,7,409,94.1,human,2,birth_death_wd|citizenship_wd
Q124241594,Larakaraka,Larakaraka,7,414,94.1,type of dance,1,country_wd
Q17748538,Amina Sewali,Amina Sewali,7,409,94.1,human,1,birth_death_wd
Q16954386,Bugoma Central Forest reserve,Bugoma Forest,6,1018,94.1,"forest, protected area",1,country_wd
Q3366253,Conservative Party,Conservative Party (Uganda),6,987,94.1,political party,2,country_wd|keyword_title
Q4804355,Ash Amin,Ash Amin,6,1034,94.1,human,1,birth_death_wd
Q6450907,Kyengera,Kyengera,6,996,94.1,human settlement,1,country_wd
Q7568584,South Sudan–Uganda relations,South Sudan–Uganda relations,6,998,94.1,bilateral relation,2,country_wd|keyword_title
Q4261446,West Nile sub-region,West Nile sub-region,5,8166,94.1,sub-region of Uganda,1,country_wd
Q3430474,Richard Arnold Dümmer,Richard Arnold Dümmer,12,126,94.0,human,1,birth_death_wd
Q57829968,Faith Alupo,Faith Alupo,9,194,94.0,human,2,birth_death_wd|citizenship_wd
Q105666074,Rosemary Nyakikongoro,Rosemary Nyakikongoro,8,263,94.0,human,2,birth_death_wd|citizenship_wd
Q105746321,Halid Lwaliwa,Halid Lwaliwa,8,260,94.0,human,2,birth_death_wd|citizenship_wd
Q16146388,Allan Kyambadde,Allan Kyambadde,8,269,94.0,human,2,birth_death_wd|citizenship_wd
Q1681432,Jamila Lunkuse,Jamila Lunkuse,8,256,94.0,human,1,citizenship_wd
Q373266,Adrian Kivumbi Ddungu,Adrian Kivumbi Ddungu,8,266,94.0,human,2,birth_death_wd|citizenship_wd
Q16187230,Hope Mwesigye,Hope Mwesigye,7,391,94.0,human,2,birth_death_wd|citizenship_wd
Q16846150,Nile Breweries FC,Nile Breweries FC,7,393,94.0,association football club,1,country_wd
Q28038580,Sarah Kisawuzi,Sarah Kisawuzi,7,397,94.0,human,1,citizenship_wd
Q48798123,Uganda women's national rugby sevens team,Uganda women's national rugby sevens team,7,389,94.0,women's national rugby sevens team,2,country_wd|keyword_title
Q50768046,Joel Ayeko,Joel Ayeko,7,387,94.0,human,1,citizenship_wd
Q7877664,Uganda national rugby union team (sevens),Uganda national rugby sevens team,7,392,94.0,national rugby sevens team,2,country_wd|keyword_title
Q29440061,Anita Fabiola,Anita Fabiola,6,969,94.0,human,1,citizenship_wd
Q62564573,Eleanor Nabwiso,Eleanor Nabwiso,6,929,94.0,human,1,citizenship_wd
Q90916518,Sekindi Aisha,Aisha Sekindi,6,880,94.0,human,2,birth_death_wd|citizenship_wd
Q2473898,Uganda women's national volleyball team,Uganda women's national volleyball team,8,245,93.9,women’s national volleyball team,2,country_wd|keyword_title
Q5442939,Femrite,Femrite,8,241,93.9,non-governmental organization,2,country_wd|keyword_title
Q1665794,Sanctus L. Wanok,Sanctus Lino Wanok,7,366,93.9,human,1,citizenship_wd
Q6271902,Jonah Lwanga,Jonah Lwanga,7,373,93.9,human,2,birth_death_wd|citizenship_wd
Q1613565,Joseph Kiwanuka,Joseph Kiwánuka,6,863,93.9,human,1,citizenship_wd
Q3825255,St. Mary's Hospital Lacor,St. Mary's Hospital Lacor,6,797,93.9,hospital,1,country_wd
Q43197930,Sophia Namutebi,Sophia Namutebi,6,803,93.9,human,2,birth_death_wd|citizenship_wd
Q43267627,Joy Atim,Joy Atim,8,229,93.8,human,2,birth_death_wd|citizenship_wd
Q104629341,Paul Etyang,Paul Etiang,7,339,93.8,human,2,birth_death_wd|citizenship_wd
Q17510024,African Rural University,African Rural University,7,356,93.8,university,1,country_wd
Q24572633,Esther Mbulakubuza Mbayo,Esther Mbulakubuza Mbayo,7,351,93.8,human,2,birth_death_wd|citizenship_wd
Q361423,Daniel David Ntanda Nsereko,Daniel Nsereko,7,335,93.8,human,1,citizenship_wd
Q126305705,2024 Rugby Africa Cup,2024 Rugby Africa Cup,6,755,93.8,season of the rugby union African Cup,1,country_wd
Q17108270,Muyombo Thomas,Tom Close,6,745,93.8,human,1,birth_death_wd
Q24668795,Peace Mutuuzo,Peace Mutuuzo,6,764,93.8,human,2,birth_death_wd|citizenship_wd
Q50728314,Robinson Opong,Robinson Opong,6,741,93.8,human,1,citizenship_wd
Q6405975,Kigumba,Kigumba,6,732,93.8,"human settlement, sub-county of Uganda",1,country_wd
Q25040426,MTN Uganda,MTN Uganda,5,4379,93.8,"telecommunications company, business",2,country_wd|keyword_title
Q25226889,Kiira Motors Corporation,Kiira Motors Corporation,5,4549,93.8,business,1,country_wd
Q3887953,Moroto Airport,Moroto Airport,9,161,93.7,airport,1,country_wd
Q2224462,Sarah Nambawa,Sarah Nambawa,8,210,93.7,human,2,birth_death_wd|citizenship_wd
Q36174745,Dorcus Ajok,Dorcus Ajok,8,215,93.7,human,2,birth_death_wd|citizenship_wd
Q5338069,Edigold Monday,Edigold Monday,8,213,93.7,human,2,birth_death_wd|citizenship_wd
Q1910323,Matthias Ssekamaanya,Matthias Ssekamaanya,7,318,93.7,human,1,citizenship_wd
Q3428107,Kennedy Katende,Kennedy Katende,7,314,93.7,human,2,birth_death_wd|citizenship_wd
Q67080123,Everlyn Chemutai,Everlyn Chemutai,7,316,93.7,human,2,birth_death_wd|citizenship_wd
Q7301855,Rebecca Otengo Amuge,Rebecca Amuge Otengo,7,330,93.7,human,2,birth_death_wd|citizenship_wd
Q105904398,Chemutai Phyllis,Phyllis Chemutai,6,715,93.7,human,2,birth_death_wd|citizenship_wd
Q24572671,Ntabazi Harriet,Harriet Ntabazi,6,674,93.7,human,2,birth_death_wd|citizenship_wd
Q4747514,Amon Bazira,Amon Bazira,6,691,93.7,human,1,citizenship_wd
Q56043365,Aol Betty Ocan,Betty Aol Ochan,6,687,93.7,human,2,birth_death_wd|citizenship_wd
Q1053192,Celtel,Celtel,5,3777,93.7,"business, enterprise",1,country_wd
Q25407834,Uganda national under-17 football team,Uganda national under-17 football team,5,3511,93.7,"sports club, national association football team",2,country_wd|keyword_title
Q4022189,Srikanto Acharya,Srikanta Acharya,5,3746,93.7,human,1,birth_death_wd
Q1187467,Denis Kiwanuka Lote,Denis Kiwanuka Lote,9,154,93.6,human,1,birth_death_wd
Q105966150,Judith Peace Achan,Judith Peace Achan,8,197,93.6,human,2,birth_death_wd|citizenship_wd
Q16236803,Savio Kabugo,Savio Kabugo,7,303,93.6,human,2,birth_death_wd|citizenship_wd
Q4353103,Stephen Bengo,Stephen Bengo,7,288,93.6,human,2,birth_death_wd|citizenship_wd
Q124333764,Ekitaguriro,Ekitaguriro,6,646,93.6,type of dance,1,country_wd
Q125053476,Gloria Muzito,Gloria Muzito,6,648,93.6,human,1,citizenship_wd
Q105965226,Shartsi Musherure Kuteesa,Shartsi Kutesa Musherure,5,3235,93.6,human,2,birth_death_wd|citizenship_wd
Q2920348,Uganda People's Democratic Army,Uganda People's Democratic Army,5,2984,93.6,,2,country_wd|keyword_title
Q3784984,Henry Oryem Okello,Henry Oryem Okello,5,3359,93.6,human,2,birth_death_wd|citizenship_wd
Q1135899,Uganda Davis Cup team,Uganda Davis Cup team,8,185,93.5,Davis Cup team,2,country_wd|keyword_title
Q257903,Masindi Airport,Masindi Airport,8,183,93.5,airport,1,country_wd
Q37122067,Emma Boona,Emma Boona,8,183,93.5,human,2,birth_death_wd|citizenship_wd
Q106401908,Apolot Christine,Christine Apolot,7,278,93.5,human,2,birth_death_wd|citizenship_wd
Q21130799,Yasmin Shariff,Yasmin Shariff,7,278,93.5,human,2,birth_death_wd|citizenship_wd
Q3886345,Moyo Airport,Moyo Airport,7,277,93.5,"airport, commercial traffic aerodrome",1,country_wd
Q4877205,Beatrice Wabudeya,Beatrice Wabudeya,7,276,93.5,human,2,birth_death_wd|citizenship_wd
Q105942809,Obigah Rose,Rose Obinga,6,559,93.5,human,2,birth_death_wd|citizenship_wd
Q27688647,Nabilah Naggayi Sempala,Nabilah Naggayi Sempala,6,577,93.5,human,1,citizenship_wd
Q62323991,Edith Mary Bataringaya,Edith Mary Bataringaya,6,574,93.5,human,2,birth_death_wd|citizenship_wd
Q89386752,Mathew Nabwiso,Mathew Nabwiso,6,608,93.5,human,3,birth_death_wd|citizenship_wd|language_wd
Q42563115,Lydia Jazmine,Lydia Jazmine,5,2682,93.5,human,2,birth_death_wd|citizenship_wd
Q65984578,Catheline Ndamira Atwakiire,Ndamira Catherine Atwikiire,9,138,93.4,human,2,birth_death_wd|citizenship_wd
Q10284512,Francis Nyangweso,Frank Nyangweso,7,271,93.4,human,2,birth_death_wd|citizenship_wd
Q16229798,Brian Majwega,Brian Majwega,7,270,93.4,human,2,birth_death_wd|citizenship_wd
Q16727413,Jackee Budesta Batanda,Jackee Budesta Batanda,7,264,93.4,human,2,birth_death_wd|citizenship_wd
Q673883,Cyprien Biyehima Kihangire,Cipriano Biyehima Kihangire,7,259,93.4,human,2,birth_death_wd|citizenship_wd
Q7877633,Uganda Under-19 cricket team,Uganda national under-19 cricket team,7,263,93.4,cricket team,2,country_wd|keyword_title
Q105956330,Auma Linda Agnes,Linda Agnes Auma,6,534,93.4,human,2,birth_death_wd|citizenship_wd
Q108544296,Entebbe Cricket Oval,Entebbe Cricket Oval,6,553,93.4,"cricket field, sports venue",2,country_wd|keyword_title
Q124304573,2023–24 Uganda Premier League,2023–24 Uganda Premier League,6,518,93.4,sports season,2,country_wd|keyword_title
Q131290889,Calvin Kabuye,Calvin Kabuye,5,2417,93.4,human,1,citizenship_wd
Q14556956,Rumi Verjee,Rumi Verjee,5,2569,93.4,human,1,birth_death_wd
Q1495779,King's College Budo,"King's College, Budo",5,2578,93.4,"secondary school, boarding school",2,country_wd|keyword_title
Q28223289,Ministry of Health,Ministry of Health (Uganda),5,2628,93.4,"ministry of health, ministry of Uganda",3,country_wd|keyword_title|part_of_wd
Q3445761,Erinayo Wilson Oryema,Erinayo Wilson Oryema,5,2518,93.4,human,1,citizenship_wd
Q105906038,Avako Melsa Naima Gule,Naima Melsa Gule Avako,7,256,93.3,human,2,birth_death_wd|citizenship_wd
Q3885838,Bundibugyo Airport,Bundibugyo Airport,7,247,93.3,airport,1,country_wd
Q43235048,Florence Nsubuga,Florence Nsubuga,7,246,93.3,human,2,birth_death_wd|citizenship_wd
Q4693003,Agnes Akiror,Agnes Akiror,7,247,93.3,human,2,birth_death_wd|citizenship_wd
Q5110904,Christine Amongin Aporu,Christine Amongin Aporu,7,253,93.3,human,2,birth_death_wd|citizenship_wd
Q6187188,Jessica Eriyo,Jessica Eriyo,7,248,93.3,human,2,birth_death_wd|citizenship_wd
Q1106804,Coffee Kakira SC,Coffee United SC,6,478,93.3,"association football club, sports club",1,country_wd
Q119442612,Lake Nyabihoko,Lake Nyabihoko,6,491,93.3,body of water,1,country_wd
Q16509091,Acquirino Francis Kibira,Francis Aquirinus Kibira,6,496,93.3,human,1,citizenship_wd
Q20985719,Rose Rwakasisi,Rose Rwakasisi,6,515,93.3,human,2,birth_death_wd|citizenship_wd
Q60059435,Lorna Magara,Lorna Magara,6,508,93.3,human,2,birth_death_wd|citizenship_wd
Q6404035,Kibiro,Kibiro,6,469,93.3,village,1,country_wd
Q98502288,Emma Naluyima,Emma Naluyima,6,471,93.3,human,2,birth_death_wd|citizenship_wd
Q115681462,Bobosi Byaruhanga,Bobosi Byaruhanga,5,2149,93.3,human,1,citizenship_wd
Q131620096,Kenneth Semakula,Kenneth Semakula,5,2271,93.3,human,1,citizenship_wd
Q17580312,Maud Kamatenesi Mugisha,Maud Kamatenesi Mugisha,8,156,93.2,human,2,birth_death_wd|citizenship_wd
Q57828013,Lilly Adong,Lilly Adong,8,162,93.2,human,2,birth_death_wd|citizenship_wd
Q11299485,Kuldip Singh Bhogal,Kuldip Singh Bhogal,7,235,93.2,human,2,birth_death_wd|citizenship_wd
Q18045197,Barbara Ntambirweki,Barbara Ntambirweki,7,236,93.2,human,2,birth_death_wd|citizenship_wd
Q280436,Victors FC,Victors FC,7,235,93.2,association football club,2,country_wd|keyword_title
Q24572730,Ruth Achieng,Ruth Achieng,6,433,93.2,human,1,citizenship_wd
Q28478241,Ivy Claire Amoko,Ivy Claire Amoko,6,434,93.2,human,1,citizenship_wd
Q3851994,Matt Bish,Matt Bish,6,437,93.2,human,2,birth_death_wd|citizenship_wd
Q27690245,Diana Atwine,Diana Atwine,5,2059,93.2,human,2,birth_death_wd|citizenship_wd
Q4696656,Aidah Nantaba,Idah Nantaba,5,1992,93.2,human,3,birth_death_wd|citizenship_wd|language_wd
Q1949171,Moses Kibet,Moses Kibet,7,224,93.1,human,2,birth_death_wd|citizenship_wd
Q24851770,Sarah Kanyike,Sarah Kanyike,7,211,93.1,human,2,birth_death_wd|citizenship_wd
Q106421070,Hellen Auma Wandera,Hellen Auma Wandera,6,404,93.1,human,1,citizenship_wd
Q109105744,Barbara Allimadi,Barbara Allimadi,6,422,93.1,human,2,birth_death_wd|citizenship_wd
Q123605082,Owiny Hakim,Owiny Hakim,6,412,93.1,human,2,birth_death_wd|citizenship_wd
Q125218089,Joy Cheptoyek,Joy Cheptoyek,6,407,93.1,human,1,citizenship_wd
Q42764305,Agnes Konde,Agnes Konde,6,406,93.1,human,2,birth_death_wd|citizenship_wd
Q67501169,Lamwaka Catherine,Catherine Lamwaka,6,410,93.1,human,2,birth_death_wd|citizenship_wd
Q7151183,Paul Hasule,Paul Hasule,6,409,93.1,human,2,birth_death_wd|citizenship_wd
Q7927031,Victoria Sekitoleko,Victoria Sekitoleko,6,408,93.1,human,1,citizenship_wd
Q104863725,Victoria Microplate,Victoria microplate,5,1713,93.1,tectonic plate,1,country_wd
Q1648254,Paul Ssemogerere,Paul Ssemogerere (bishop),5,1785,93.1,human,2,birth_death_wd|citizenship_wd
Q71240652,Purity Wako,Purity Wako,9,82,93.0,human,1,citizenship_wd
Q6434053,Kotido Airport,Kotido Airport,8,137,93.0,airport,1,country_wd
Q10844841,Adjumani Airport,Adjumani Airport,7,208,93.0,airport,1,country_wd
Q5471875,Fort Portal Airport,Fort Portal Airport,7,202,93.0,airport,1,country_wd
Q62481961,Jane Nabulindo Kwoba,Jane Nabulindo Kwoba,7,202,93.0,human,2,birth_death_wd|citizenship_wd
Q1264499,Tenywa Bonseu,Tenywa Bonseu,6,401,93.0,human,2,birth_death_wd|citizenship_wd
Q42872836,Florence Muranga,Florence Muranga,6,391,93.0,human,2,birth_death_wd|citizenship_wd
Q81306294,Ruth Sebatindira,Ruth Sebatindira,6,403,93.0,human,2,birth_death_wd|citizenship_wd
Q10853684,Kampala Airport,Kampala Airport,5,1587,93.0,airport,2,country_wd|keyword_title
Q14629102,New Jinja Bridge,Source of the Nile Bridge,5,1609,93.0,bridge,1,country_wd
Q3491230,Lango sub-region,Lango sub-region,5,1603,93.0,sub-region of Uganda,1,country_wd
Q26260174,Joshua Tibatemwa,Joshua Tibatemwa,7,191,92.9,human,2,birth_death_wd|citizenship_wd
Q5567335,Glaydah Namukasa,Glaydah Namukasa,6,366,92.9,human,2,birth_death_wd|citizenship_wd
Q7635937,Sula Matovu,Sula Matovu,6,373,92.9,human,2,birth_death_wd|citizenship_wd
Q19667631,Tumwesigye Elioda,Elioda Tumwesigye,5,1419,92.9,human,2,birth_death_wd|citizenship_wd
Q2536086,Medical Mission Sisters,Medical Mission Sisters,5,1467,92.9,"religious congregation, Catholic religious institute",1,country_wd
Q3565504,Kigezi District,Kigezi District,5,1436,92.9,"district of Uganda, former administrative territorial entity",1,country_wd
Q43817461,Edith Nakalema,Edith Nakalema,5,1507,92.9,human,1,birth_death_wd
Q17306325,Damalie Nagitta-Musoke,Damalie Nagitta-Musoke,8,113,92.8,human,2,birth_death_wd|citizenship_wd
Q5221774,Daphrose Gahakwa,Daphrose Gahakwa,7,183,92.8,human,1,birth_death_wd
Q6213808,Joel Olwenyi,Joel Olwenyi,7,182,92.8,human,2,birth_death_wd|citizenship_wd
Q7459446,Sezi Mbaguta,Sezi Mbaguta,7,180,92.8,human,2,birth_death_wd|citizenship_wd
Q15462700,Elvania Namukwaya Zirimu,Elvania Namukwaya Zirimu,6,340,92.8,human,3,birth_death_wd|citizenship_wd|language_wd
Q16234005,Brian Masaba,Brian Masaba,6,339,92.8,human,2,birth_death_wd|citizenship_wd
Q16730835,Joyce Kakuramatsi Kikafunda,Joyce Kakuramatsi Kikafunda,6,353,92.8,human,2,birth_death_wd|citizenship_wd
Q18749082,Harriet Mayanja-Kizza,Harriet Mayanja-Kizza,6,336,92.8,human,2,birth_death_wd|citizenship_wd
Q20029899,John Munduga,John Munduga,6,355,92.8,human,2,birth_death_wd|citizenship_wd
Q59654484,Hope Ekudu,Hope Ekudu,6,350,92.8,human,2,birth_death_wd|citizenship_wd
Q76790372,Milka Irene,Milka Irene,6,350,92.8,human,2,birth_death_wd|citizenship_wd
Q1606997,Henry Luke Orombi,Henry Luke Orombi,5,1259,92.8,human,2,birth_death_wd|citizenship_wd
Q42806525,Ingrid Turinawe,Ingrid Turinawe,5,1308,92.8,human,2,birth_death_wd|citizenship_wd
Q10514379,Manfred Kizito,Manfred Kizito,7,173,92.7,human,1,birth_death_wd
Q11689929,Charles Lubulwa,Charles Lubulwa,7,168,92.7,human,2,birth_death_wd|citizenship_wd
Q17308883,Tete Chelangat,Tete Chelangat,7,174,92.7,human,1,citizenship_wd
Q18205099,Angella Emurwon,Angella Emurwon,7,165,92.7,human,1,citizenship_wd
Q19609645,Lillian Aujo,Lillian Aujo,7,166,92.7,human,2,birth_death_wd|citizenship_wd
Q2005711,Assani Bajope,Assani Bajope,7,165,92.7,human,2,birth_death_wd|citizenship_wd
Q35999816,Stella Ford Mugabo,Stella Ford Mugabo,7,165,92.7,human,1,birth_death_wd
Q105956270,Acora Nancy Odonga,Nancy Acora,6,325,92.7,human,2,birth_death_wd|citizenship_wd
Q23304315,Nuwa Wamala Nnyanzi,Nuwa Wamala Nnyanzi,6,333,92.7,human,2,birth_death_wd|citizenship_wd
Q60169391,Sala Senkayi,Sala Senkayi,6,312,92.7,human,1,birth_death_wd
Q7358695,Roger Mukasa,Roger Mukasa,6,328,92.7,human,2,birth_death_wd|citizenship_wd
Q104698321,Terego District,Terego District,5,1150,92.7,administrative territorial entity,1,country_wd
Q116759316,Ibrahim Kasule,Ibrahim Kasule,5,1161,92.7,human,2,birth_death_wd|citizenship_wd
Q19664772,Levixone,Levixone,5,1176,92.7,human,2,birth_death_wd|citizenship_wd
Q24907953,Lira University,Lira University,5,1167,92.7,university,1,country_wd
Q3974755,transport in Uganda,Transport in Uganda,5,1139,92.7,transport by country or region,2,country_wd|keyword_title
Q4804789,Ashe Mukasa,Ashe Mukasa,7,158,92.6,human,2,birth_death_wd|citizenship_wd
Q5045178,Caroline Okao Amali,Caroline Amali Okao,7,163,92.6,human,2,birth_death_wd|citizenship_wd
Q105760576,Agnes Taaka,Agnes Taaka,6,294,92.6,human,1,citizenship_wd
Q111439072,Ninsiima Ronah Rita,Ninsiima Ronah Rita,6,295,92.6,human,1,citizenship_wd
Q15628715,Victoria University SC,SC Victoria University,6,308,92.6,association football club,1,country_wd
Q23772016,Robert Kakeeto,Robert Kakeeto,6,297,92.6,human,2,birth_death_wd|citizenship_wd
Q58003789,Awor Betty Engola,Betty Awori Engola,6,291,92.6,human,2,birth_death_wd|citizenship_wd
Q6419236,Kizito Maria Kasule,Kizito Maria Kasule,6,292,92.6,human,2,birth_death_wd|citizenship_wd
Q111678611,climate change in Uganda,Climate change in Uganda,5,1037,92.6,climate change by country or territory,2,country_wd|keyword_title
Q13188765,Peter Miles,Peter Miles (musician),5,1074,92.6,human,2,birth_death_wd|citizenship_wd
Q18392310,Geraldine Ssali Busuulwa,Geraldine Ssali Busuulwa,5,1087,92.6,human,2,birth_death_wd|citizenship_wd
Q113826237,2022 Kasese District landslides,2022 Kasese District landslides,7,155,92.5,landslide,1,country_wd
Q57825270,Molly Lanyero,Molly Lanyero,7,147,92.5,human,2,birth_death_wd|citizenship_wd
Q61996991,Josephine Lalam,Josephine Joyce Lalam,7,155,92.5,human,2,birth_death_wd|citizenship_wd
Q7378868,Rukiya Chekamondo,Rukiya Chekamondo,7,146,92.5,human,2,birth_death_wd|citizenship_wd
Q1023287,2000 CECAFA Cup,2000 CECAFA Cup,6,284,92.5,"CECAFA Cup, sports season",1,country_wd
Q106312357,Monicah Amoding,Monicah Amoding,6,280,92.5,human,1,citizenship_wd
Q32538609,Rwakimari Beatrice,Beatrice Rwakimari,6,279,92.5,human,2,birth_death_wd|citizenship_wd
Q3866501,Vincent Kayizi,Vincent Kayizzi,6,286,92.5,human,2,birth_death_wd|citizenship_wd
Q55615747,Katosi Water Works,Katosi Water Works,6,276,92.5,built structure,1,country_wd
Q65083922,Kyambogo Cricket Oval,Kyambogo Cricket Oval,6,278,92.5,"cricket field, sports venue",1,country_wd
Q1569686,Nasser Sebaggala,Nasser Sebaggala,5,1003,92.5,human,2,birth_death_wd|citizenship_wd
Q18686131,Fille Mutoni,Fille Mutoni,5,950,92.5,human,2,birth_death_wd|citizenship_wd
Q2609208,Uganda at the Commonwealth Games,Uganda at the Commonwealth Games,5,981,92.5,Commonwealth Games delegation,2,country_wd|keyword_title
Q43885547,Catherine Nyongesa,Catherine Nyongesa,5,972,92.5,human,1,birth_death_wd
Q101115022,Leila Nakabira,Leila Nakabira,7,143,92.4,human,2,birth_death_wd|citizenship_wd
Q15630989,Shamim Bangi,Bridget Shamim Bangi,7,141,92.4,human,2,birth_death_wd|citizenship_wd
Q26834260,Uganda at the 2016 Summer Paralympics,Uganda at the 2016 Summer Paralympics,7,144,92.4,"Paralympics team, Paralympics delegation",2,country_wd|keyword_title
Q105944500,Florence Nambozo Wamala,Florence Nambozo Wamala,6,268,92.4,human,2,birth_death_wd|citizenship_wd
Q108861170,Charles Lukwago,Charles Lukwago,6,275,92.4,human,2,birth_death_wd|citizenship_wd
Q16966538,Bangladesh–Uganda relations,Bangladesh–Uganda relations,6,275,92.4,bilateral relation,2,country_wd|keyword_title
Q24572652,Kwiyucwiny Grace Freedom,Grace Kwiyucwiny,6,273,92.4,human,2,birth_death_wd|citizenship_wd
Q3897757,Patrick Ochan,Patrick Ochan (footballer),6,273,92.4,human,2,birth_death_wd|citizenship_wd
Q5645336,Hamis Kiiza,Hamis Kiiza,6,269,92.4,human,2,birth_death_wd|citizenship_wd
Q58003275,Evarlyne Buregyeya Asiimwe,Asiimwe Evarlyne Buregyeya,6,269,92.4,human,2,birth_death_wd|citizenship_wd
Q7589068,"St. Joseph's Cathedral, Gulu","St. Joseph's Cathedral, Gulu",6,275,92.4,Catholic cathedral,1,country_wd
Q104119284,Mercy Kainobwisho,Mercy Kainobwisho,5,866,92.4,human,2,birth_death_wd|citizenship_wd
Q105883547,Victoria Rusoke Businge,Victoria Rusoke Businge,5,916,92.4,human,2,birth_death_wd|citizenship_wd
Q246855,Benjamin Joses Odoki,Benjamin Josses Odoki,5,891,92.4,human,2,birth_death_wd|citizenship_wd
Q4700406,Akbar Baig,Akbar Baig,5,853,92.4,human,1,citizenship_wd
Q58414928,Allan Kateregga,Allan Kateregga,6,258,92.3,human,1,birth_death_wd
Q6264419,John Willis,John Willis (bishop),6,246,92.3,human,2,citizenship_wd|keyword_title
Q7368409,Rosemary Najjemba,Mariam Najjemba,6,252,92.3,human,2,birth_death_wd|citizenship_wd
Q7877658,Uganda at the Paralympics,Uganda at the Paralympics,6,247,92.3,Paralympics delegation,2,country_wd|keyword_title
Q109262723,2021 Uganda bombings,2021 Uganda bombings,5,808,92.3,terrorist attack,2,country_wd|keyword_title
Q119442564,Lake Nkugute,Lake Nkugute,5,779,92.3,lake,1,country_wd
Q18688038,Joanita Kawalya,Joanita Kawalya,5,786,92.3,human,2,birth_death_wd|citizenship_wd
Q3200300,Kuku,Kuku dialect,5,764,92.3,language,1,country_wd
Q37851737,Housen Mushema,Housen Mushema,5,782,92.3,human,1,citizenship_wd
Q48856654,Bukalasa Agricultural Training Institute,Bukalasa Agricultural Training Institute,5,801,92.3,school,1,country_wd
Q51939713,Marie Solome Nassiwa,Marie Solome Nassiwa,7,121,92.2,human,2,birth_death_wd|citizenship_wd
Q9374829,William Galiwango,William Galiwango,7,124,92.2,human,2,birth_death_wd|citizenship_wd
Q111536223,Aisa Black Agaba,Aisa Black Agaba,6,241,92.2,human,2,citizenship_wd|language_wd
Q64707046,Mexico–Uganda relations,Mexico–Uganda relations,6,234,92.2,bilateral relation,2,country_wd|keyword_title
Q715843,Kitahimbwa of Bunyoro,Kitahimbwa of Bunyoro,6,241,92.2,human,2,citizenship_wd|keyword_title
Q1023302,2012 CECAFA Cup,2012 CECAFA Cup,5,725,92.2,sports season,1,country_wd
Q111577318,Rumina Velshi,Rumina Velshi,5,755,92.2,human,1,birth_death_wd
Q16587973,Perry Petty,Perry Petty,5,727,92.2,human,1,citizenship_wd
Q105962720,JulietBashiishaAgasha,Juliet Bashiisha Agasha,6,219,92.1,human,2,birth_death_wd|citizenship_wd
Q113626201,Val Kalende,Val Kalende,6,223,92.1,human,1,citizenship_wd
Q24572755,Benna Namugwanya,Benna Namugwanya,6,226,92.1,human,2,birth_death_wd|citizenship_wd
Q6022529,Shadrach Odhiambo,Shadrach Odhiambo,6,224,92.1,human,1,birth_death_wd
Q7088025,Olivia Aya Nakitanda,Olivia Aya Nakitanda,6,222,92.1,human,2,birth_death_wd|citizenship_wd
Q107076209,Deng Geu,Deng Geu,5,664,92.1,human,2,birth_death_wd|citizenship_wd
Q109422654,Gloria Nansubuga,Gloria Nansubuga,5,686,92.1,human,1,citizenship_wd
Q111180875,Mugasa Grace Mary,Grace Mary Mugasa,5,693,92.1,human,2,birth_death_wd|citizenship_wd
Q2473903,Uganda Red Cross Society,Uganda Red Cross Society,5,650,92.1,National Red Cross and Red Crescent society,2,country_wd|keyword_title
Q2538700,Wadelai,Wadelai,5,677,92.1,human settlement,1,country_wd
Q29569937,Victor Mukasa,Victor Mukasa,5,692,92.1,human,1,citizenship_wd
Q5553347,Gertrude Kayaga Mulindwa,Gertrude Kayaga Mulindwa,7,87,92.0,human,2,birth_death_wd|citizenship_wd
Q7877640,Uganda at the 1976 Summer Paralympics,Uganda at the 1976 Summer Paralympics,7,86,92.0,Paralympics delegation,2,country_wd|keyword_title
Q61820210,Jacqueline Musiitwa,Jacqueline Musiitwa,6,199,92.0,human,2,birth_death_wd|citizenship_wd
Q98078432,St. Mary's Stadium-Kitende,St. Mary's Stadium (Kitende),6,207,92.0,stadium,2,country_wd|keyword_title
Q11311961,Stanley Ocitti,Stanley Ocitti,5,616,92.0,human,2,birth_death_wd|citizenship_wd
Q140562592,,Bonaventure Bosco Gubazire,5,639,92.0,human,2,birth_death_wd|citizenship_wd
Q15993247,Stephen Mallinga,Stephen Mallinga,5,616,92.0,human,2,birth_death_wd|citizenship_wd
Q16837001,SOLTILO Bright Stars FC,Bright Stars FC,5,640,92.0,association football club,1,country_wd
Q100309454,Atuhaire Ambala,Atuhaire Ambala,6,198,91.9,human,1,citizenship_wd
Q105962523,Rita Atukwasa,Rita Atukwasa,6,186,91.9,human,2,birth_death_wd|citizenship_wd
Q105964879,Annet Nyakecho,Annet Nyakecho,6,189,91.9,human,2,birth_death_wd|citizenship_wd
Q115633121,Loice Chekwemoi,Loice Chekwemoi,6,189,91.9,human,1,citizenship_wd
Q126363916,Lake Bujuku,Lake Bujuku,6,192,91.9,lake,1,country_wd
Q16730087,Ivan Ntege,Ivan Ntege,6,198,91.9,human,2,birth_death_wd|citizenship_wd
Q20807037,Brandon Sebirumbi,Brandon Sebirumbi,6,193,91.9,human,1,citizenship_wd
Q48812334,2017–18 Uganda Super League,2017–18 Uganda Premier League,6,184,91.9,sports season,2,country_wd|keyword_title
Q56875897,Ruth Doreen Mutebe,Ruth Doreen Mutebe,6,184,91.9,human,2,birth_death_wd|citizenship_wd
Q6541516,Muhamed Kizito,Muhamed Kizito,6,189,91.9,human,1,citizenship_wd
Q105950862,Christine Nakimwero Kaaya,Christine Nakimwero Kaaya,5,555,91.9,human,2,birth_death_wd|citizenship_wd
Q14201706,Ajai Wildlife Reserve,Ajai Wildlife Reserve,5,594,91.9,protected area,1,country_wd
Q25183702,Tanzania–Uganda relations,Tanzania–Uganda relations,5,582,91.9,bilateral relation,2,country_wd|keyword_title
Q331402,Peter Okhello,Okello Peter,5,595,91.9,human,2,birth_death_wd|citizenship_wd
Q105955382,Rose Emma Cherukut,Rose Emma Cherukut,6,183,91.8,human,2,birth_death_wd|citizenship_wd
Q111317423,Rose Mwebaza,Rose Mwebaza,6,176,91.8,human,1,citizenship_wd
Q139792314,Jones Kyazze,Jones Kyazze,6,183,91.8,human,1,citizenship_wd
Q16849141,Saidi Kyeyune,Saidi Kyeyune,6,180,91.8,human,2,birth_death_wd|citizenship_wd
Q19666505,Mariam Nalubega,Mariam Nalubega,6,179,91.8,human,2,birth_death_wd|citizenship_wd
Q42868219,Grace Tubwita,Grace Tubwita,6,182,91.8,human,2,birth_death_wd|citizenship_wd
Q105942528,Akello Rose Lilly,Rose Lilly Akello,5,527,91.8,human,2,birth_death_wd|citizenship_wd
Q106368301,Florence Namayanja,Florence Namayanja,5,509,91.8,human,1,citizenship_wd
Q16116838,John Ssebuwufu,John Ssebuwufu,5,524,91.8,human,2,birth_death_wd|citizenship_wd
Q18386326,Pamela Mbabazi,Pamela Mbabazi,5,516,91.8,human,2,birth_death_wd|citizenship_wd
Q21520259,Kizito Keziron,Kizito Keziron,5,521,91.8,human,2,birth_death_wd|citizenship_wd
Q30323704,Nelson Senkatuka,Nelson Senkatuka,5,534,91.8,human,2,birth_death_wd|citizenship_wd
Q111014610,Barbara Kasekende,Barbara Kasekende,6,167,91.7,human,2,birth_death_wd|citizenship_wd
Q11833693,Rajinder Singh Sandhu,Rajinder Singh Sandhu,6,167,91.7,human,1,citizenship_wd
Q15962441,2014 African Cross Country Championships,2014 African Cross Country Championships,6,173,91.7,recurring sporting event edition,1,country_wd
Q16733676,Francis Olaki,Francis Olaki,6,174,91.7,human,2,birth_death_wd|citizenship_wd
Q17466332,Phillip Kiplimo,Phillip Kiplimo,6,167,91.7,human,2,birth_death_wd|citizenship_wd
Q111180208,Alice Alaso,Alice Alaso,5,468,91.7,human,1,citizenship_wd
Q2473864,Uganda International Badminton Championships,Uganda International,5,498,91.7,recurring sporting event,2,country_wd|keyword_title
Q3162261,Jaqee,Jaqee,5,468,91.7,human,1,birth_death_wd
Q111512355,Prudence Ukkonika,Prudence Ukkonika,6,164,91.6,human,2,birth_death_wd|citizenship_wd
Q204778,Martin Luluga,Martin Luluga,6,162,91.6,human,1,birth_death_wd
Q4670515,Abubaker Tabula,Abubaker Tabula,6,162,91.6,human,2,birth_death_wd|citizenship_wd
Q55433704,Rita Musamali,Rita Musamali,6,160,91.6,human,1,citizenship_wd
Q5576477,Godfrey Kisitu,Godfrey Kisitu,6,161,91.6,human,2,birth_death_wd|citizenship_wd
Q62177117,Bernard Agele,Bernard Agele,6,165,91.6,human,1,birth_death_wd
Q7877642,Uganda at the 1976 Winter Paralympics,Uganda at the 1976 Winter Paralympics,6,160,91.6,Paralympics delegation,2,country_wd|keyword_title
Q111333319,Aisha Kabanda,Aisha Kabanda,5,429,91.6,human,1,citizenship_wd
Q1553721,1958 Ugandan general election,1958 Ugandan general election,5,420,91.6,Ugandan general election,3,country_wd|keyword_title|part_of_wd
Q18720263,Sam Ssimbwa,Sam Ssimbwa,5,437,91.6,human,2,birth_death_wd|citizenship_wd
Q25093046,Engalabi,Engalabi,5,447,91.6,type of musical instrument,1,country_wd
Q105903344,Jennifer Ayoo,Jennifer Ayoo,6,150,91.5,human,2,birth_death_wd|citizenship_wd
Q105904450,Atuto Jacinta,Jacinta Atuto,6,156,91.5,human,2,birth_death_wd|citizenship_wd
Q11784646,Mohamed Muruli,Mohamed Muruli,6,151,91.5,human,2,birth_death_wd|citizenship_wd
Q16868894,Adilang,Adilang,6,147,91.5,"town, sub-county of Uganda",1,country_wd
Q3109754,Godfrey Kateregga,Godfrey Kateregga,6,157,91.5,human,2,birth_death_wd|citizenship_wd
Q7279324,Rachel Mayanja,Rachel Mayanja,6,146,91.5,human,2,birth_death_wd|citizenship_wd
Q9149387,Amarjit Singh Sandhu,Amarjit Singh Sandhu,6,150,91.5,human,1,citizenship_wd
Q110798566,Moses Nsereko,Moses Nsereko,5,416,91.5,human,1,citizenship_wd
Q16238490,Domestic violence in Uganda,Domestic violence in Uganda,5,407,91.5,,2,country_wd|keyword_title
Q120997718,Uganda at the 2023 World Athletics Championships,Uganda at the 2023 World Athletics Championships,6,144,91.4,nation at the World Athletics Championships,2,country_wd|keyword_title
Q129721048,Uganda at the 2024 Summer Paralympics,Uganda at the 2024 Summer Paralympics,6,140,91.4,Paralympics delegation,2,country_wd|keyword_title
Q1493731,Ganzi Mugula,Ganzi Mugula,6,142,91.4,human,2,birth_death_wd|citizenship_wd
Q16223706,Jolly Katongole,Jolly Katongole,6,144,91.4,human,2,birth_death_wd|citizenship_wd
Q63228590,Beatrice Byenkya,Beatrice Byenkya,6,143,91.4,human,2,birth_death_wd|citizenship_wd
Q107643387,Kirabo Namutebi,Kirabo Namutebi,5,392,91.4,human,1,citizenship_wd
Q12785032,Apostolic Nunciature to Uganda,Apostolic Nunciature to Uganda,5,385,91.4,apostolic nunciature,3,country_wd|keyword_title|part_of_wd
Q20684950,Florence Nebanda,Florence Nebanda,5,393,91.4,human,2,birth_death_wd|citizenship_wd
Q30070354,Mariam Naigaga,Mariam Naigaga,5,393,91.4,human,2,birth_death_wd|citizenship_wd
Q3530331,Tofiri Kibuuka,Tofiri Kibuuka,5,385,91.4,human,1,birth_death_wd
Q47269451,Irene Mulyagonja,Irene Mulyagonja,5,392,91.4,human,1,birth_death_wd
Q11716054,Jagdish Singh Kapoor,Jagdish Singh Kapoor,6,128,91.3,human,1,citizenship_wd
Q20742492,Uganda national beach soccer team,Uganda national beach soccer team,6,128,91.3,national beach soccer team,2,country_wd|keyword_title
Q55433689,Concy Aweko,Concy Aweko,6,133,91.3,human,1,citizenship_wd
Q61440306,Frances Akello,Frances Akello,6,126,91.3,human,2,birth_death_wd|citizenship_wd
Q6395592,Keturah Kamugasa,Keturah Kamugasa,6,133,91.3,human,2,birth_death_wd|citizenship_wd
Q6418185,Kitgum Airport,Kitgum Airport,6,127,91.3,airport,1,country_wd
Q10470429,Henry Kalungi,Henry Kalungi,5,381,91.3,human,2,birth_death_wd|citizenship_wd
Q115476441,2022–23 Uganda Premier League,2022–23 Uganda Premier League,5,376,91.3,sports season,2,country_wd|keyword_title
Q121464134,Aga Khan Mosque,Aga Khan Mosque,5,370,91.3,mosque,1,country_wd
Q22005842,Vincent Kirabo,Vincent Kirabo,5,358,91.3,human,2,birth_death_wd|citizenship_wd
Q106312282,Lydia Chekwel,Lydia Chekwel,6,115,91.2,human,1,citizenship_wd
Q11813624,Paul Adiga,Paul Adiga,6,117,91.2,human,1,citizenship_wd
Q24885904,Geoffrey Ogwaro,Geoffrey Ogwaro,6,118,91.2,human,2,birth_death_wd|citizenship_wd
Q43356759,Specioza Kimera Ndagire,Specioza Kimera Ndagire,6,117,91.2,human,2,birth_death_wd|citizenship_wd
Q4726655,Alimansi Kadogo,Alimansi Kadogo,6,122,91.2,human,2,birth_death_wd|citizenship_wd
Q55433679,Kevin Awino,Kevin Awino,6,124,91.2,human,1,citizenship_wd
Q55433711,Stephanie Nampiina,Stephani Nampiina,6,116,91.2,human,1,citizenship_wd
Q56948405,Agnes Nalwanga,Agnes Nalwanga,6,120,91.2,human,2,birth_death_wd|citizenship_wd
Q62099975,Loy Katali,Loy Katali,6,116,91.2,human,2,birth_death_wd|citizenship_wd
Q1023282,1995 CECAFA Cup,1995 CECAFA Cup,5,348,91.2,"CECAFA Cup, sports season",1,country_wd
Q1023299,2008 CECAFA Cup,2008 CECAFA Cup,5,331,91.2,"CECAFA Cup, sports season",1,country_wd
Q22280394,Erisa Ssekisambu,Erisa Ssekisambu,5,351,91.2,human,1,birth_death_wd
Q111449795,Mpiima Dorothy Christine,Mpiima Dorothy Christine,6,109,91.1,human,1,citizenship_wd
Q113002856,Uganda at the 2022 World Athletics Championships,Uganda at the 2022 World Athletics Championships,6,106,91.1,nation at the World Athletics Championships,2,country_wd|keyword_title
Q11771649,Matthias Ouma,Matthias Ouma,6,104,91.1,human,2,birth_death_wd|citizenship_wd
Q14621386,Uganda at the 2013 World Championships in Athletics,Uganda at the 2013 World Championships in Athletics,6,104,91.1,nation at the World Athletics Championships,2,country_wd|keyword_title
Q1514173,Uganda at the 2008 Summer Paralympics,Uganda at the 2008 Summer Paralympics,6,114,91.1,Paralympics delegation,2,country_wd|keyword_title
Q2612973,Uganda at the 2010 Summer Youth Olympics,Uganda at the 2010 Summer Youth Olympics,6,106,91.1,nation at sport competition,2,country_wd|keyword_title
Q27978724,Aisha Nakiyemba,Aisha Nakiyemba,6,104,91.1,human,2,birth_death_wd|citizenship_wd
Q35085587,Uganda at the 2017 World Championships in Athletics,Uganda at the 2017 World Championships in Athletics,6,114,91.1,nation at the World Athletics Championships,2,country_wd|keyword_title
Q48610057,Uganda at the 2018 Summer Youth Olympics,Uganda at the 2018 Summer Youth Olympics,6,102,91.1,nation at sport competition,2,country_wd|keyword_title
Q9142939,Ajit Singh Bhogal,Ajit Singh Bhogal,6,110,91.1,human,1,citizenship_wd
Q9368601,Vicky Byarugaba,Vicky Byarugaba,6,102,91.1,human,1,citizenship_wd
Q105965895,Santa Okot,Santa Okot,5,313,91.1,human,2,birth_death_wd|citizenship_wd
Q110912589,2022 African Men's and Women's Team Badminton Championships,2022 All Africa Men's and Women's Team Badminton Championships,5,300,91.1,Africa Men's and Women's Team Badminton Championships,1,country_wd
Q16605763,Mbale Heroes FC,Mbale Heroes FC,5,328,91.1,association football club,1,country_wd
Q18021013,Iddi Batambuze,Iddi Batambuze,5,310,91.1,human,2,birth_death_wd|citizenship_wd
Q42754393,Cissy Kityo,Cissy Kityo,5,324,91.1,human,3,birth_death_wd|citizenship_wd|language_wd
Q105106300,Janet Wesonga,Janet Wesonga,6,98,91.0,human,1,citizenship_wd
Q107360654,Uganda at the 2020 Summer Paralympics,Uganda at the 2020 Summer Paralympics,6,94,91.0,Paralympics delegation,2,country_wd|keyword_title
Q111439705,Nakabira Gertrude,Gertrude Nakabira,6,93,91.0,human,3,birth_death_wd|citizenship_wd|language_wd
Q11728190,Jonathan Kiriisa,Jonathan Kiriisa,6,85,91.0,human,1,citizenship_wd
Q18683782,Concy Aciro,Concy Aciro,6,95,91.0,human,1,citizenship_wd
Q55433713,Immaculate Nakisuuyi,Immaculate Nakisuuyi,6,100,91.0,human,1,citizenship_wd
Q58041847,Dorothy Azairwe Nshaija Kabaraitsya,Dorothy Azairwe Nshaija Kabaraitsya,6,100,91.0,human,2,birth_death_wd|citizenship_wd
Q9208469,Dodovic Owiny,Dodovic Owiny,6,98,91.0,human,1,citizenship_wd
Q9267028,Geofrey Nyeko,Geofrey Nyeko,6,83,91.0,human,1,citizenship_wd
Q9374856,William Lobo,Willie Lobo,6,83,91.0,human,1,citizenship_wd
Q111530895,Kanushu Laura,Laura Kanushu,5,288,91.0,human,1,citizenship_wd
Q116923278,Husina Kobugabe,Husina Kobugabe,5,281,91.0,human,1,citizenship_wd
Q21390537,Ellinor Catherine Cunningham-van Someren,Ellinor Catherine Cunningham van Someren,5,289,91.0,human,1,birth_death_wd
Q42122025,Doreen Amule,Doreen Amule,5,293,91.0,human,2,birth_death_wd|citizenship_wd
Q42899070,Jolly Kaguhangire,Jolly Kaguhangire,5,281,91.0,human,2,birth_death_wd|citizenship_wd
Q764672,August Wilhelm Schynse,August Schynse,6,81,90.9,human,1,birth_death_wd
Q7877647,Uganda at the 1996 Summer Paralympics,Uganda at the 1996 Summer Paralympics,6,77,90.9,Paralympics delegation,2,country_wd|keyword_title
Q105966758,Zawedde Victorious,Victorious Zawedde,5,280,90.9,human,2,birth_death_wd|citizenship_wd
Q131327713,Constantine Rupiny,Constantine Rupiny,5,274,90.9,human,2,birth_death_wd|citizenship_wd
Q2781127,Skyjet Airlines,Skyjet Airlines,5,276,90.9,airline,1,country_wd
Q26243802,John Mikloth Magoola Luwuliza-Kirunda,John Mikloth Magoola Luwuliza-Kirunda,5,258,90.8,human,2,birth_death_wd|citizenship_wd
Q16198140,Lukyamuzi Bashir,Lukyamuzi Bashir,5,243,90.7,human,2,birth_death_wd|citizenship_wd
Q1771533,Bertrand Besigye,Bertrand Besigye,5,254,90.7,human,1,birth_death_wd
Q107688911,Kavuma Ssemujju,David Ssemujju,5,230,90.6,human,2,birth_death_wd|citizenship_wd
Q107822187,Keiran Zziwa,Keiran Zziwa,5,239,90.6,human,1,citizenship_wd
Q111353679,Victoria Kakoko Sebagereka,Victoria Kakoko Sebagereka,5,230,90.6,human,1,citizenship_wd
Q111946185,The Environmental Conservation Trust of Uganda,Environmental Conservation Trust of Uganda,5,228,90.6,"non-governmental organization, environmental non-governmental organization",2,country_wd|keyword_title
Q18349169,Henry Ssenyondo,Henry Ssenyondo,5,229,90.6,human,2,birth_death_wd|citizenship_wd
Q33103054,Nimisha Jayant Madhvani,Nimisha Jayant Madhvani,5,235,90.6,human,1,birth_death_wd
Q49846890,Jane Kiggundu,Jane Kiggundu,5,233,90.6,human,2,birth_death_wd|citizenship_wd
Q1023269,1982 CECAFA Cup,1982 CECAFA Cup,5,213,90.5,"CECAFA Cup, sports season",1,country_wd
Q1023273,1984 CECAFA Cup,1984 CECAFA Cup,5,222,90.5,sports season,1,country_wd
Q104632155,Alexis Bbakka,Alexis Bbakka,5,212,90.5,human,1,citizenship_wd
Q105627879,Nandagire Christine Ndiwalana,Nandagire Christine Ndiwalana,5,209,90.5,human,2,birth_death_wd|citizenship_wd
Q137988692,Arinaitwe Jeniva,Jeniva Arinaitwe,5,224,90.5,human,2,birth_death_wd|citizenship_wd
Q15949078,Malaysia–Uganda relations,Malaysia–Uganda relations,5,223,90.5,bilateral relation,2,country_wd|keyword_title
Q4867401,"Basilica of the Blessed Virgin Mary, Lodonga","Basilica of the Blessed Virgin Mary, Lodonga",5,216,90.5,minor basilica,1,country_wd
Q13577666,Sam Rukundo,Sam Rukundo,5,204,90.4,human,2,birth_death_wd|citizenship_wd
Q1528870,Mweya Airport,Mweya Airport,5,198,90.4,"airport, commercial traffic aerodrome",1,country_wd
Q16224941,Deusdedit Muhumuza,Deusdedit Muhumuza,5,201,90.4,human,2,birth_death_wd|citizenship_wd
Q24251159,Judy Obitre–Gama,Judy Obitre–Gama,5,198,90.4,human,1,birth_death_wd
Q24852450,Sarah Kiguli,Sarah Kiguli,5,206,90.4,human,2,birth_death_wd|citizenship_wd
Q42759362,Angelline Osegge,Angelline Osegge,5,198,90.4,human,2,birth_death_wd|citizenship_wd
Q101085725,Abbas Kaijuka,Abbas Kaijuka,5,188,90.3,human,2,birth_death_wd|citizenship_wd
Q1023279,1991 CECAFA Cup,1991 CECAFA Cup,5,197,90.3,"CECAFA Cup, sports season",1,country_wd
Q111081529,Christine Abia Bako,Bako Christine Abia,5,183,90.3,human,1,citizenship_wd
Q100449863,Grace Ndeezi,Grace Ndeezi,5,175,90.2,human,1,citizenship_wd
Q108117638,Goretti Masadde,Goretti Masadde,5,176,90.2,human,2,birth_death_wd|citizenship_wd
Q108703410,Neema Iyer,Neema Iyer,5,176,90.2,human,1,citizenship_wd
Q115631930,Titus Ssematimba,Titus Ssematimba,5,174,90.2,human,2,birth_death_wd|citizenship_wd
Q106263496,Christine Ayo Achen,Christine Ayo Achen,5,173,90.1,human,1,citizenship_wd
Q110912526,2022 African Badminton Championships,2022 African Badminton Championships,5,166,90.1,recurring sporting event edition,1,country_wd
Q111179575,Eudia Kwizera,Kwizera Eudia,5,171,90.1,human,2,birth_death_wd|citizenship_wd
Q118436298,Lake Nakuwa Wetland system,Lake Nakuwa Wetland System,5,164,90.1,wetland,1,country_wd
Q124670638,Priscilla Abey,Priscilla Abey,5,168,90.1,human,1,citizenship_wd
Q126736976,Lake Kayumbu,Lake Kayumbu,5,168,90.1,lake,1,country_wd
Q24851772,Judith Tukahirwa,Judith Tukahirwa,5,164,90.1,human,2,birth_death_wd|citizenship_wd
Q3565261,Namulonge Airport,Namulonge Airport,5,166,90.1,airport,1,country_wd
Q10514977,Simon Sserunkuma,Simon Sserunkuma,5,161,90.0,human,2,birth_death_wd|citizenship_wd
Q106095223,Agnes Namyalo,Agnes Namyalo,5,161,90.0,human,2,birth_death_wd|citizenship_wd
Q111017137,Julia Clare Oyet,Julia Clare Oyet,5,159,90.0,human,2,birth_death_wd|citizenship_wd
Q11727987,John Siryakibbe,John Siryakibbe,5,159,90.0,human,1,citizenship_wd
Q12010788,World Forum of Fish Harvesters and Fish Workers,World Forum of Fish Harvesters and Fish Workers,5,161,90.0,organization,1,country_wd
Q105956578,Driwaru Jennifer,Jennifer Driwaru,5,153,89.9,human,2,birth_death_wd|citizenship_wd
Q16234791,Martin Mpuga,Martin Mpuga,5,150,89.9,human,2,birth_death_wd|citizenship_wd
Q20649220,George Stanley Nsamba,George Stanley Nsamba,5,144,89.9,human,2,birth_death_wd|citizenship_wd
Q28474496,Jimmy Kidega,Jimmy Kidega,5,150,89.9,human,1,birth_death_wd
Q4889051,Benjamin Musoke,Benjamin Musoke,5,155,89.9,human,2,birth_death_wd|citizenship_wd
Q105760812,Resty Nanteza,Resty Nanteza,5,142,89.8,human,2,birth_death_wd|citizenship_wd
Q109070836,2021 African Badminton Championships,2021 African Badminton Championships,5,136,89.8,recurring sporting event edition,1,country_wd
Q111434407,Iriama Rose,Iriama Rose,5,137,89.8,human,1,citizenship_wd
Q111507048,Sarah Kiyingi Kyama,Sarah Kiyingi Musoke,5,134,89.8,human,3,birth_death_wd|citizenship_wd|language_wd
Q124339531,Naleyo,Naleyo,5,137,89.8,type of dance,1,country_wd
Q1463059,Ronald Serugo,Ronald Serugo,5,143,89.8,human,2,citizenship_wd|language_wd
Q16196528,Evelyn Kaabule,Evelyn Kaabule,5,134,89.8,human,2,birth_death_wd|citizenship_wd
Q16574255,Malkit Singh Sondh,Malkit Singh Sondh,5,143,89.8,human,2,birth_death_wd|citizenship_wd
Q17305642,Deborah Asiimwe GKashugi,Asiimwe Deborah GKashugi,5,141,89.8,human,2,birth_death_wd|citizenship_wd
Q21285582,Joseph Kenneth Ssebaggala,Joseph Kenneth Ssebaggala,5,141,89.8,human,1,citizenship_wd
Q43054185,Christine Nyangoma,Christine Nyangoma,5,134,89.8,human,1,birth_death_wd
Q105962932,Atyang Stella,Stella Atyang,5,128,89.7,human,2,birth_death_wd|citizenship_wd
Q105966644,Sarah Kayaki Netalisile,Sarah Kayaki Netalisile,5,124,89.7,human,2,birth_death_wd|citizenship_wd
Q11716780,James Odwori,James Odwori,5,129,89.7,human,1,citizenship_wd
Q11813529,Patrick Lihanda,Patrick Lihanda,5,133,89.7,human,1,citizenship_wd
Q16222038,Laurence Sematimba,Laurence Sematimba,5,131,89.7,human,2,birth_death_wd|citizenship_wd
Q16526852,Ajaip Singh Matharu,Ajaip Singh Matharu,5,133,89.7,human,1,citizenship_wd
Q16560812,Jackson Kiprop,Jackson Kiprop,5,126,89.7,human,1,citizenship_wd
Q42857831,Catherine Amusugut,Catherine Amusugut,5,125,89.7,human,2,birth_death_wd|citizenship_wd
Q48264226,Sarah Walusimbi,Sarah Walusimbi,5,130,89.7,human,2,birth_death_wd|citizenship_wd
Q105760249,Suzan Achola Engola,Susan Achola Engola,5,117,89.6,human,1,citizenship_wd
Q1066117,Charles Ssekyaaya,Charles Ssekyaaya,5,121,89.6,human,2,citizenship_wd|language_wd
Q115944619,Andrew Kwemoi,Andrew Rotich Kwemoi,5,120,89.6,human,1,citizenship_wd
Q1606436,Henry Apaloryamam Ssentongo,Henry Ssentongo,5,123,89.6,human,2,birth_death_wd|citizenship_wd
Q16821638,1977 Uganda National League,1977 Uganda National League,5,115,89.6,sports season,2,country_wd|keyword_title
Q20857094,Uganda at the 2015 World Championships in Athletics,Uganda at the 2015 World Championships in Athletics,5,114,89.6,nation at the World Athletics Championships,2,country_wd|keyword_title
Q100869668,Miriam Muwanga,Miriam Muwanga,5,106,89.5,human,2,birth_death_wd|citizenship_wd
Q105942517,Jacinta Athieno Ayo,Jacinta Athieno Ayo,5,101,89.5,human,2,birth_death_wd|citizenship_wd
Q111434932,Iriama Margaret,Iriama Margaret,5,110,89.5,human,1,citizenship_wd
Q124670599,Maria Najjuma,Maria Najjuma,5,98,89.5,human,1,citizenship_wd
Q126680881,Lake Nyaguo,Lake Nyaguo,5,100,89.5,lake,1,country_wd
Q17108471,Yenga,"Yenga, Uganda",5,97,89.5,human settlement,2,country_wd|keyword_title
Q11727963,John Opio,John Opio,5,86,89.4,human,1,citizenship_wd
Q11786528,Muharud Mukasa,Muharud Mukasa,5,48,89.4,human,1,citizenship_wd
Q11815895,Peter Odhiambo,"Peter Odhiambo (boxer, born 1950)",5,63,89.4,human,2,citizenship_wd|keyword_title
Q11815896,Peter Okumu,Peter Okumu,5,85,89.4,human,1,citizenship_wd
Q23883497,Frank Kisekka,Frank Kisekka,5,87,89.4,human,1,citizenship_wd
Q24572836,Adrian Tibaleka,Adrian Tibaleka,5,86,89.4,human,1,citizenship_wd
Q1244814,Bernardo Sartori,,8,0,70.3,human,1,birth_death_wd
Q3088800,Democratic Republic of the Congo–Uganda border,,7,0,69.6,"border, international border, land boundary",2,country_wd|part_of_wd
Q3088803,Tanzania–Uganda border,,7,0,69.6,"border, international border, land boundary",2,country_wd|part_of_wd
Q1627543,Yoweri Hunter Wacha-Olwol,,6,0,68.6,human,1,citizenship_wd
Q3088801,Rwanda–Uganda border,,6,0,68.6,"border, international border, land boundary",2,country_wd|part_of_wd
Q3088804,South Sudan–Uganda border,,6,0,68.6,"border, international border, land boundary",2,country_wd|part_of_wd
Q3089101,Kenya–Uganda border,,6,0,68.6,"border, international border, land boundary",2,country_wd|part_of_wd
Q110343741,Diocese of South Africa,,5,0,67.0,Eastern Orthodox eparchy,1,country_wd
Q124340110,Edonga,,5,0,67.0,type of dance,1,country_wd
Q16655101,Jeronymos,,5,0,67.0,human,1,birth_death_wd
Q2927681,Bufumbira,,5,0,67.0,mountain,1,country_wd
Q4987220,Bulange,Bulange,5,0,67.0,building,1,country_wd
Q5052905,Catherine Samali Kavuma,Catherine Samali Kavuma,5,0,67.0,human,2,birth_death_wd|citizenship_wd
Q50967048,Musa Mudde,Musa Mudde,5,0,67.0,human,1,birth_death_wd
Q5100283,China–Uganda relations,China–Uganda relations,5,0,67.0,bilateral relation,2,country_wd|keyword_title
Q51844074,Hellen Kahunde,Hellen Kahunde,5,0,67.0,human,2,birth_death_wd|citizenship_wd
Q5186066,Kiyonga Cwcb,Crispus Kiyonga,5,0,67.0,human,2,birth_death_wd|citizenship_wd
Q5214068,Dan Mubiru,Dan Mubiru,5,0,67.0,human,2,birth_death_wd|citizenship_wd
Q5217806,Daniel Kipkorir Chepyegon,Daniel Kipkorir Chepyegon,5,0,67.0,human,1,citizenship_wd
Q52314489,Uganda Fed Cup team,Uganda Billie Jean King Cup team,5,0,67.0,national tennis team,2,country_wd|keyword_title
Q52433205,Emily Nanziri,Emily Nanziri,5,0,67.0,human,1,citizenship_wd
Q5258067,Denmark–Uganda relations,Denmark–Uganda relations,5,0,67.0,bilateral relation,2,country_wd|keyword_title
Q5345277,Edward Semwanga,Edward Semwanga,5,0,67.0,human,2,birth_death_wd|citizenship_wd
Q5354641,list of Roman Catholic dioceses in Uganda,List of Catholic dioceses in Uganda,5,0,67.0,Wikimedia list article,2,country_wd|keyword_title
Q5354856,elections in Uganda,Elections in Uganda,5,0,67.0,aspect in a geographic region,2,country_wd|keyword_title
Q53707363,Jacqueline Amongin,Jacqueline Amongin,5,0,67.0,human,1,citizenship_wd
Q5385927,Erias Lukwago,Erias Lukwago,5,0,67.0,human,3,birth_death_wd|citizenship_wd|language_wd
Q54224710,Ssebugwawo Joyce Juliet,Joyce Nabbosa Ssebugwawo,5,0,67.0,human,1,citizenship_wd
Q54233867,Victoria Mwaka,Victoria Mwaka,5,0,67.0,human,2,birth_death_wd|citizenship_wd
Q5427654,Fabian Kizito,Fabian Kizito,5,0,67.0,human,2,birth_death_wd|citizenship_wd
Q5488712,Frank Nsubuga,Frank Nsubuga,5,0,67.0,human,2,birth_death_wd|citizenship_wd
Q5495981,Fred Muteweta,Fred Mutuweta,5,0,67.0,human,2,birth_death_wd|citizenship_wd
Q5505867,Front for National Salvation,Front for National Salvation,5,0,67.0,military unit,2,country_wd|keyword_title
Q55310161,Jessica Naiga,Jessica Naiga,5,0,67.0,human,2,birth_death_wd|citizenship_wd
Q55433795,Racheal Ntono,Racheal Ntono,5,0,67.0,human,1,citizenship_wd
Q55584118,Dinesh Nakrani,Dinesh Nakrani,5,0,67.0,human,1,citizenship_wd
Q55655274,Germany–Uganda relations,Germany–Uganda relations,5,0,67.0,bilateral relation,2,country_wd|keyword_title
Q5576549,Godfrey Ssali,Godfrey Ssali,5,0,67.0,human,2,birth_death_wd|citizenship_wd
Q5580584,Patrick Bogere,Patrick Bogere,5,0,67.0,human,1,birth_death_wd
Q56065160,Quiin Abenakyo,Quiin Abenakyo,5,0,67.0,human,1,birth_death_wd
Q56161726,Stellah Nantumbwe,Stellah Nantumbwe,5,0,67.0,human,1,citizenship_wd
Q5636781,Habib Kavuma,Habib Kavuma,5,0,67.0,human,2,birth_death_wd|citizenship_wd
Q56402302,Jamil Mukulu,Jamil Mukulu,5,0,67.0,human,2,birth_death_wd|citizenship_wd
Q5649199,Hannington Kalyesubula,Hannington Kalyesubula,5,0,67.0,human,2,birth_death_wd|citizenship_wd
Q56949745,Sylvia Nayebale,Sylvia Nayebale,5,0,67.0,human,2,birth_death_wd|citizenship_wd
Q5726558,Henry Osinde,Henry Osinde,5,0,67.0,human,2,birth_death_wd|citizenship_wd
Q57825400,Nabayiga Idah,Idah Nabayiga,5,0,67.0,human,2,birth_death_wd|citizenship_wd
Q57825425,Tophace Kaahwa,Tophace Kaahwa,5,0,67.0,human,2,birth_death_wd|citizenship_wd
Q57829781,Margaret Aachilla Aleper,Margaret Aachilla Aleper,5,0,67.0,human,2,birth_death_wd|citizenship_wd
Q57830246,Alyek Judith,Judith Alyek,5,0,67.0,human,2,birth_death_wd|citizenship_wd
Q57883753,Annettee Nakimuli,Annettee Nakimuli,5,0,67.0,human,1,citizenship_wd
Q58041343,Rama Jacqueline Aol,Rama Jacqueline Aol,5,0,67.0,human,2,birth_death_wd|citizenship_wd
Q58494894,Theopista Sekitto Ntale,Theopista Sekitto Ntale,5,0,67.0,human,2,birth_death_wd|citizenship_wd
Q5866987,history of Uganda,History of Uganda (1979–1986),5,0,67.0,aspect of history,2,country_wd|keyword_title
Q59379942,Nesta Rugumayo,Nesta Rugumayo,5,0,67.0,human,2,citizenship_wd|ethnic_group_wd
Q5984384,Ibra Sekajja,Ibra Sekajja,5,0,67.0,human,1,birth_death_wd
Q6022573,Okot Odhiambo,Okot Odhiambo,5,0,67.0,human,1,birth_death_wd
Q60527012,2018–19 Uganda Premier League,2018–19 Uganda Premier League,5,0,67.0,sports season,2,country_wd|keyword_title
Q6054150,International University of East Africa,International University of East Africa,5,0,67.0,university,1,country_wd
Q6081090,Isimba Power Station,Isimba Hydroelectric Power Station,5,0,67.0,hydroelectric power station,1,country_wd
Q61439289,Bunyamwera,Bunyamwera,5,0,67.0,human settlement,1,country_wd
Q62099508,Susan Amero,Susan Amero,5,0,67.0,human,2,birth_death_wd|citizenship_wd
Q62100890,Grace Kesande Bataringaya,Grace Kesande Bataringaya,5,0,67.0,human,2,birth_death_wd|citizenship_wd
Q62118399,Peninnah Kasule,Peninnah Kasule,5,0,67.0,human,2,birth_death_wd|citizenship_wd
Q62129175,Lowila Cd Oketayot,Lowila CD Oketayot,5,0,67.0,human,2,birth_death_wd|citizenship_wd
Q62129230,Margaret Mbeiza Kisira,Margaret Mbeiza Kisira,5,0,67.0,human,2,birth_death_wd|citizenship_wd
Q62129269,Mirembe Lydia Daphine,Lydia Daphine Mirembe,5,0,67.0,human,2,birth_death_wd|citizenship_wd
Q6213635,Joel Kitamirike,Joel Kitamirike,5,0,67.0,human,1,birth_death_wd
Q6250124,John Nagenda,John Nagenda,5,0,67.0,human,2,birth_death_wd|citizenship_wd
Q62519673,Mariam Luyombo,Mariam Luyombo,5,0,67.0,human,2,citizenship_wd|language_wd
Q6284482,Joseph Kabagambe,Joseph Kabagambe,5,0,67.0,human,1,citizenship_wd
Q6285046,Joseph Lubega,Joseph Lubega,5,0,67.0,human,2,birth_death_wd|citizenship_wd
Q6310750,Juma Oris,Juma Oris,5,0,67.0,human,2,birth_death_wd|citizenship_wd
Q6313317,Junior Kwebiha,Junior Kwebiha,5,0,67.0,human,1,citizenship_wd
Q6343813,Kabale Airport,Kabale Airport,5,0,67.0,airport,1,country_wd
Q6343826,Kabalega Falls Airport,,5,0,67.0,airport,1,country_wd
Q6349020,Kajjansi Airport,Kajjansi Airfield,5,0,67.0,airport,1,country_wd
Q6349472,Kakira Airport,Kakira Airport,5,0,67.0,airport,1,country_wd
Q6373628,Karuma Power Station,Karuma Hydroelectric Power Station,5,0,67.0,"dam, hydroelectric power station",1,country_wd
Q6390297,Kenneth Kamyuka,Kenneth Kamyuka,5,0,67.0,human,2,birth_death_wd|citizenship_wd
Q6392929,Kenya–Uganda relations,Kenya–Uganda relations,5,0,67.0,bilateral relation,2,country_wd|keyword_title
Q6404741,Kidepo Airport,Kidepo Airport,5,0,67.0,"airport, commercial traffic aerodrome",1,country_wd
Q6406092,Kiira Hydroelectric Power Station,Kiira Hydroelectric Power Station,5,0,67.0,hydroelectric power station,1,country_wd
Q6416850,Kisoro Airport,Kisoro Airport,5,0,67.0,"airport, commercial traffic aerodrome",1,country_wd
Q64495988,Ameede Agnes,Agnes Ameede,5,0,67.0,human,2,birth_death_wd|citizenship_wd
Q6471047,Laeticia Kikonyogo,Laeticia Kikonyogo,5,0,67.0,human,1,birth_death_wd
Q64926678,Uganda–United Kingdom relations,Uganda–United Kingdom relations,5,0,67.0,bilateral relation,2,country_wd|keyword_title
Q66606322,Gudula Naiga Basaza,Gudula Naiga Basaza,5,0,67.0,human,3,birth_death_wd|citizenship_wd|language_wd
Q67500811,Margaret Lamwaka,Margaret Lamwaka Odwar,5,0,67.0,human,2,birth_death_wd|citizenship_wd
Q6776240,Martin Muwanga,Martin Muwanga,5,0,67.0,human,2,birth_death_wd|citizenship_wd
Q6776753,Martin Toroitich,Martin Toroitich,5,0,67.0,human,2,birth_death_wd|citizenship_wd
Q6787125,Mathias Kiwanuka,Mathias Kiwanuka,5,0,67.0,human,1,citizenship_wd
Q6790901,Matthew Lukwiya,Matthew Lukwiya,5,0,67.0,human,2,birth_death_wd|citizenship_wd
Q67935040,Uganda at the 2019 World Athletics Championships,Uganda at the 2019 World Athletics Championships,5,0,67.0,nation at the World Athletics Championships,2,country_wd|keyword_title
Q6799639,Mbarara High School,Mbarara High School,5,0,67.0,secondary school,1,country_wd
Q6848155,Mike Mutyaba,Mike Mutyaba,5,0,67.0,human,2,birth_death_wd|citizenship_wd
Q68780095,Kibuli Mosque,Kibuli Mosque,5,0,67.0,mosque,1,country_wd
Q68980508,Rachael Zena Chebet,Rachael Zena Chebet,5,0,67.0,human,1,citizenship_wd
Q69145880,Abu Salim Mayanja,Salim Abu Mayanja,5,0,67.0,human,1,citizenship_wd
Q6933087,Muhumusa,Muhumusa,5,0,67.0,human,1,birth_death_wd
Q6943779,Muteesa I Royal University,Muteesa I Royal University,5,0,67.0,"school, university",1,country_wd
Q7047359,Noerine Kaleeba,Noerine Kaleeba,5,0,67.0,human,2,birth_death_wd|citizenship_wd
Q7090794,Omukama of Toro,Omukama of Tooro,5,0,67.0,noble title,1,country_wd
Q7114537,Owen Kasule,Kasule Owen,5,0,67.0,human,2,birth_death_wd|citizenship_wd
Q71595853,2020 Uganda Cricket World Cup Challenge League B,2022 Cricket World Cup Challenge League B (Uganda),5,0,67.0,sports season,2,country_wd|keyword_title
Q7185818,Phillip Ssozi,Phillip Ssozi,5,0,67.0,human,2,birth_death_wd|citizenship_wd
Q7186495,Mother Temple of Africa,,5,0,67.0,Bahá'í temple,1,country_wd
Q7251087,prostitution in Uganda,Prostitution in Uganda,5,0,67.0,prostitution by region,2,country_wd|keyword_title
Q7304559,Masai,Red Maasai sheep,5,0,67.0,sheep breed,1,country_wd
Q7404586,Salim Saleh,Salim Saleh,5,0,67.0,human,2,birth_death_wd|citizenship_wd
Q7412872,Samuel Walusimbi,Samuel Walusimbi,5,0,67.0,human,1,citizenship_wd
Q7422470,Sarah Kataike,Sarah Kataike,5,0,67.0,human,2,birth_death_wd|citizenship_wd
Q7422653,Sarah Opendi Achieng,Sarah Achieng Opendi,5,0,67.0,human,2,birth_death_wd|citizenship_wd
Q745658,Uganda at the 2012 Summer Paralympics,Uganda at the 2012 Summer Paralympics,5,0,67.0,Paralympics delegation,2,country_wd|keyword_title
Q7517619,Simeon Masaba,Simeon Masaba,5,0,67.0,human,2,birth_death_wd|citizenship_wd
Q7635964,Sulaiman Kyebakoze Madada,Sulaiman Madada,5,0,67.0,human,2,birth_death_wd|citizenship_wd
Q7807045,Timothy Batabaire,Timothy Batabaire,5,0,67.0,human,2,birth_death_wd|citizenship_wd
Q7823093,Tony Odur,Tony Odur,5,0,67.0,human,2,birth_death_wd|citizenship_wd
Q7826698,Tororo Rock,Tororo Rock,5,0,67.0,"mountain, geographical feature",1,country_wd
Q7877578,Uganda Air Cargo Corporation,Uganda Air Cargo,5,0,67.0,airline,2,country_wd|keyword_title
Q7877581,Uganda Broadcasting Corporation,Uganda Broadcasting Corporation,5,0,67.0,broadcaster,2,country_wd|keyword_title
Q7877635,Uganda Wildlife Authority,Uganda Wildlife Authority,5,0,67.0,government agency,2,country_wd|keyword_title
Q7877639,Uganda at the 1972 Summer Paralympics,Uganda at the 1972 Summer Paralympics,5,0,67.0,Paralympics delegation,2,country_wd|keyword_title
Q7877649,Uganda at the 2000 Summer Paralympics,Uganda at the 2000 Summer Paralympics,5,0,67.0,Paralympics delegation,2,country_wd|keyword_title
Q7877651,Uganda at the 2004 Summer Paralympics,Uganda at the 2004 Summer Paralympics,5,0,67.0,Paralympics delegation,2,country_wd|keyword_title
Q7877684,1980 Ugandan general election,1980 Ugandan general election,5,0,67.0,Ugandan general election,3,country_wd|keyword_title|part_of_wd
Q7877702,Uganda–United States relations,Uganda–United States relations,5,0,67.0,bilateral relation,2,country_wd|keyword_title
Q7954017,WOUGNET,WOUGNET,5,0,67.0,"non-governmental organization, nonprofit organization, women's organization",2,country_wd|keyword_title
Q80776096,Judith Heard,Judith Heard,5,0,67.0,human,1,citizenship_wd
Q82213,Dolar Popat,Dolar Popat,5,0,67.0,human,1,birth_death_wd
Q84004959,Maria Auma,,5,0,67.0,human,2,birth_death_wd|citizenship_wd
Q85811747,Uganda Film Festival Awards,Uganda Film Festival Awards,5,0,67.0,film festival,2,country_wd|keyword_title
Q86372390,Anne Juuko,Anne Juuko,5,0,67.0,human,2,birth_death_wd|citizenship_wd
Q89370497,Rose Kabagyeni,Rose Kabagyenyi,5,0,67.0,human,2,birth_death_wd|citizenship_wd
Q9091624,Busoga University,Busoga University,5,0,67.0,university,2,country_wd|keyword_title
Q90926112,Christine Nakwang Tubo,Christine Nakwang Tubo,5,0,67.0,human,2,birth_death_wd|citizenship_wd
Q90932356,Anifa Bangirana,Bangirana Kawooya Anifa,5,0,67.0,human,2,birth_death_wd|citizenship_wd
Q9254662,Ernest Buule,Ernest Buule,5,0,67.0,human,1,citizenship_wd
Q9366903,Upkar Singh Kapoor,Upkar Singh Kapoor,5,0,67.0,human,2,birth_death_wd|citizenship_wd
Q9374797,William Bagonza,William Bagonza,5,0,67.0,human,1,citizenship_wd
Q938484,Kabaka of Buganda,,5,0,67.0,noble title,1,country_wd
Q96194971,Malende Shamim,Shamim Malende,5,0,67.0,human,2,birth_death_wd|citizenship_wd
Q96402072,River Manafwa,River Manafwa,5,0,67.0,river,1,country_wd
Q97826143,Anne Kabagambe,Anne Kabagambe,5,0,67.0,human,2,birth_death_wd|citizenship_wd
Q97958856,Nadine Byarugaba,Nadine Byarugaba,5,0,67.0,human,2,birth_death_wd|citizenship_wd
Q98637883,Husnah Kukundakwe,Husnah Kukundakwe,5,0,67.0,human,2,birth_death_wd|citizenship_wd
Q98716518,Elizabeth Mwesigwa,Elizabeth Mwesigwa,5,0,67.0,human,2,birth_death_wd|citizenship_wd
Q1002168,Bufuka,Bufuka,4,0,64.6,human settlement,1,country_wd
Q100702093,Abby Mukiibi Nkaaga,Abby Mukiibi Nkaaga,4,0,64.6,human,3,birth_death_wd|citizenship_wd|language_wd
Q100728299,Ivan Wani,Ivan Wani,4,0,64.6,human,1,birth_death_wd
Q10384328,Robert Ssejjemba,Robert Ssejjemba,4,0,64.6,human,1,birth_death_wd
Q104480466,Metropolitan International University,Metropolitan International University,4,0,64.6,educational institution,1,country_wd
Q104835651,Save Uganda Movement,Save Uganda Movement,4,0,64.6,paramilitary organization,2,country_wd|keyword_title
Q104859936,Nexus International University,Nexus International University,4,0,64.6,,1,country_wd
Q105496739,Ibrahim Orit,Ibrahim Orit,4,0,64.6,human,2,birth_death_wd|citizenship_wd
Q105548511,Andrew Buteera,Andrew Buteera,4,0,64.6,human,1,birth_death_wd
Q105760963,Veronica Namaganda Nanyondo,Veronica Namaganda Nanyondo,4,0,64.6,human,2,birth_death_wd|citizenship_wd
Q105825829,Katusiime Annet Mugisha,Annet Katusiime Mugisha,4,0,64.6,human,2,birth_death_wd|citizenship_wd
Q105825933,Namujju Cissy Dionizia,Cissy Dionizia Namujju,4,0,64.6,human,2,birth_death_wd|citizenship_wd
Q105839516,Susan Mugabi Nakaziba,Susan Mugabi Nakaziba,4,0,64.6,human,2,birth_death_wd|citizenship_wd
Q105839631,Mugisa Margaret Muhanga,Margaret Annet Muhanga Mugisa,4,0,64.6,human,2,birth_death_wd|citizenship_wd
Q105903749,Namukuta Brenda,Brenda Namukuta,4,0,64.6,human,2,birth_death_wd|citizenship_wd
Q105904215,Kinshaba Patience Nkunda,Patience Nkunda Kinshaba,4,0,64.6,human,2,birth_death_wd|citizenship_wd
Q105944722,Jenifer Abaho Muheesi,Jenifer Abaho Muheesi,4,0,64.6,human,2,birth_death_wd|citizenship_wd
Q105951002,Natumanya Flora,Flora Natumanya,4,0,64.6,human,2,birth_death_wd|citizenship_wd
Q105951016,Jovanice Twinobusingye,Jovanice Twinobusingye,4,0,64.6,human,1,citizenship_wd
Q105951100,Nyakato Dorothy,Dorothy Nyakato,4,0,64.6,human,2,birth_death_wd|citizenship_wd
Q105955461,Flavia Rwabuhoro Kabahenda,Flavia Rwabuhoro Kabahenda,4,0,64.6,human,2,birth_death_wd|citizenship_wd
Q105956412,Nabukenya Brenda,Brenda Nabukenya,4,0,64.6,human,2,birth_death_wd|citizenship_wd
Q105958189,Molly Musiime Asiimwe,Molly Musiime Asiimwe,4,0,64.6,human,2,birth_death_wd|citizenship_wd
Q105962464,Juliet Kyinyamatama Suubi,Juliet Kyinyamatama Suubi,4,0,64.6,human,2,birth_death_wd|citizenship_wd
Q105962661,Margret Rwebyambu,Margaret Rwebyambu,4,0,64.6,human,1,citizenship_wd
Q105963047,Nambooze Teddy,Teddy Nambooze,4,0,64.6,human,2,birth_death_wd|citizenship_wd
Q105965509,Kevin Ojinga Kaala,Kevin Ojinga Kaala,4,0,64.6,human,2,birth_death_wd|citizenship_wd
Q105966087,Zomura Manezo,Zomura Manezo,4,0,64.6,human,2,birth_death_wd|citizenship_wd
Q105966258,Josyline Kamateneti,Josyline Kamateneti,4,0,64.6,human,2,birth_death_wd|citizenship_wd
Q105966392,Anne Mary Kobugabe Tumwine,Anne Mary Kobugabe Tumwine,4,0,64.6,human,2,birth_death_wd|citizenship_wd
Q105966555,Faith Nakut,Faith Nakut,4,0,64.6,human,2,birth_death_wd|citizenship_wd
Q106029262,Hanifa Nabukeera,Hanifa Nabukeera,4,0,64.6,human,2,birth_death_wd|citizenship_wd
Q106139107,Aber Lillian,Lillian Aber,4,0,64.6,human,2,birth_death_wd|citizenship_wd
Q106265557,Akello Judith Franca,Akello Judith Franca,4,0,64.6,human,1,citizenship_wd
Q106271438,Cindy Magara,Cindy Magara,4,0,64.6,human,1,citizenship_wd
Q106330906,Gavin Kizito,Gavin Kizito,4,0,64.6,human,1,citizenship_wd
Q106368084,Jalia Bintu,Jalia Bintu,4,0,64.6,human,1,citizenship_wd
Q106647739,Sophie Kyagulanyi,Sophie Kyagulanyi,4,0,64.6,human,1,citizenship_wd
Q106778471,Refugee Law Project,Refugee Law Project,4,0,64.6,human rights organization,1,country_wd
Q106818828,Jonathan Komagum,Jonathan Komagum,4,0,64.6,human,1,citizenship_wd
Q106859660,1977 invasion of Uganda,1977 invasion of Uganda,4,0,64.6,invasion,2,country_wd|keyword_title
Q106936743,Kabale Regional Museum,Kabale Regional Museum,4,0,64.6,"museum, cultural center",1,country_wd
Q107234894,Hood Kaweesa,Hood Kaweesa,4,0,64.6,human,1,birth_death_wd
Q107289268,Freda Mubanda,Freda Mubanda Kasse,4,0,64.6,human,1,citizenship_wd
Q107484961,Grace Nambatya Kyeyune,Grace Nambatya Kyeyune,4,0,64.6,human,1,citizenship_wd
Q107555227,Julius Ssekitoleko,Julius Ssekitoleko,4,0,64.6,human,2,birth_death_wd|citizenship_wd
Q107579975,Kosovo–Uganda relations,Kosovo–Uganda relations,4,0,64.6,bilateral relation,2,country_wd|keyword_title
Q107639593,Busia Water Supply and Sanitation Project,Busia Water Supply and Sanitation Project,4,0,64.6,,1,country_wd
Q108328674,Arthur Kaluma,Arthur Kaluma,4,0,64.6,human,1,citizenship_wd
Q108607671,Gulu Water Supply and Sanitation Project,Gulu Water Supply and Sanitation Project,4,0,64.6,,1,country_wd
Q108861206,Enock Walusimbi,Enock Walusimbi,4,0,64.6,human,1,birth_death_wd
Q109282724,Loukman Ali,Loukman Ali,4,0,64.6,human,2,birth_death_wd|citizenship_wd
Q110128741,Uganda women's national field hockey team,Uganda women's national field hockey team,4,0,64.6,,2,country_wd|keyword_title
Q110236042,Operation Mafuta Mingi,Operation Mafuta Mingi,4,0,64.6,attempted coup d'état,1,country_wd
Q110836871,Gorretti Byomire,Gorretti Byomire,4,0,64.6,human,1,citizenship_wd
Q111094566,Godfrey Pereza Ahabwe,Perez Ahabwe,4,0,64.6,human,2,birth_death_wd|citizenship_wd
Q111293515,Misi Kabanda,Minsa Kabanda,4,0,64.6,human,2,birth_death_wd|citizenship_wd
Q111319472,Diana Nankunda Mutasingwa,Diana Nankunda Mutasingwa,4,0,64.6,human,1,citizenship_wd
Q111362760,Juliet Rainer Kafiire,Juliet Rainer Kafiire,4,0,64.6,human,1,citizenship_wd
Q111363094,Esther Opoti Dhugira,Esther Opoti Dhugira,4,0,64.6,human,1,citizenship_wd
Q111438956,Nakato Kyabangi Katusime,Nakato Kyabangi Katusiime,4,0,64.6,human,1,citizenship_wd
Q111439077,Manjeri Kyebakutika,Manjeri Kyebakutika,4,0,64.6,human,1,citizenship_wd
Q111443805,Mpabwa Sarah Patience,Mpabwa Sarah Patience,4,0,64.6,human,2,birth_death_wd|citizenship_wd
Q111444396,Auma Juliana Modest,Juliana Modesta Auma,4,0,64.6,human,2,birth_death_wd|citizenship_wd
Q111487131,Jeninah Ntabgoba,Jeninah Ntabgoba,4,0,64.6,human,1,citizenship_wd
Q111524946,Victor Nekesa,Victor Nekesa,4,0,64.6,human,1,citizenship_wd
Q111524966,Charity Bainababo,Charity Bainababo,4,0,64.6,human,1,citizenship_wd
Q111530886,Deborah Kasente,Deborah Kasente,4,0,64.6,human,1,citizenship_wd
Q111531031,Alleluya Rosette Ikote,Alleluya Rosette Ikote,4,0,64.6,human,1,citizenship_wd
Q111534333,Agnes Nabirye,Agnes Nabirye,4,0,64.6,human,2,birth_death_wd|citizenship_wd
Q111536421,Jennifer Alanyo,Jennifer Alanyo,4,0,64.6,human,1,citizenship_wd
Q111582439,Teresa Akenga,Teresa Akenga,4,0,64.6,human,1,citizenship_wd
Q111730167,William Frederick Blick,William Frederick Blick,4,0,64.6,human,1,citizenship_wd
Q111781189,Kiiza Eron,Kiiza Eron,4,0,64.6,human,2,birth_death_wd|citizenship_wd
Q111949926,BAR Aviation Uganda,BAR Aviation Uganda,4,0,64.6,airline,2,country_wd|keyword_title
Q112042728,Kayinga Muddu Yisito,Kayinga Muddu Yisito,4,0,64.6,human,1,citizenship_wd
Q112743299,Fred Charles Oweyegha-Afunaduula,Oweyegha-Afunaduula Fred Charles,4,0,64.6,human,2,birth_death_wd|citizenship_wd
Q113561622,CIYOTA,CIYOTA,4,0,64.6,organization,1,country_wd
Q114141172,Shamirah Nabadda,Shamirah Nabadda,4,0,64.6,human,2,birth_death_wd|citizenship_wd
Q114558586,Piuss Coxwell Achanga,Pius Coxwell Achanga,4,0,64.6,human,1,citizenship_wd
Q114930176,Stacey Gillian Abe,,4,0,64.6,human,2,birth_death_wd|citizenship_wd
Q116153684,source of the Nile,Source of the Nile,4,0,64.6,"geographic location, river source",1,country_wd
Q116275543,King Saha,King Saha,4,0,64.6,human,1,citizenship_wd
Q116603638,Angwech Colline,Angwech Colline,4,0,64.6,human,2,birth_death_wd|citizenship_wd
Q116607996,Esther Nakajjigo,Esther Nakajjigo,4,0,64.6,human,1,citizenship_wd
Q116792365,HemDee Kiwanuka,HemDee Kiwanuka,4,0,64.6,human,2,birth_death_wd|citizenship_wd
Q11693886,Deogratias Musoke,Deogratias Musoke,4,0,64.6,human,1,citizenship_wd
Q11714101,Isaac Chirwa,Isaac Chirwa,4,0,64.6,human,1,citizenship_wd
Q11727854,John Baptist Rubara Bashobora,John Baptist Bashobora,4,0,64.6,human,2,birth_death_wd|citizenship_wd
Q11727914,John Kakooza,John Kakooza,4,0,64.6,human,1,citizenship_wd
Q11728446,Joseph Kagimu,Joseph Kagimu,4,0,64.6,human,1,citizenship_wd
Q11729665,Justin Juuko,Justin Juuko,4,0,64.6,human,2,birth_death_wd|citizenship_wd
Q117477457,Joy Lehai Kanyarutokye,Joy Lehai Kanyarutokye,4,0,64.6,human,2,birth_death_wd|citizenship_wd
Q11822983,Polycarp Pereira,Polycarp Pereira,4,0,64.6,human,1,citizenship_wd
Q118969711,Naira Ali,Naira Ali,4,0,64.6,human,2,birth_death_wd|citizenship_wd
Q119549249,Jane Asinde,Jane Asinde,4,0,64.6,human,1,citizenship_wd
Q119998933,Lake Mburo- Nakivali Wetland System,Lake Mburo–Nakivali Wetland System,4,0,64.6,wetland,1,country_wd
Q121090670,Grace Oburu,Grace Oburu,4,0,64.6,human,1,citizenship_wd
Q123594643,John Paul Dembe,John Paul Dembe,4,0,64.6,human,1,citizenship_wd
Q123982026,Knight Aciru,Knight Aciru,4,0,64.6,human,1,citizenship_wd
Q124248341,Ugandan folklore,Ugandan folklore,4,0,64.6,folklore,2,country_wd|keyword_title
Q124250794,Ekikibi,Ekikibi,4,0,64.6,"performing arts genre, type of dance",1,country_wd
Q124317106,Thomas Kwoyelo,Thomas Kwoyelo,4,0,64.6,human,1,citizenship_wd
Q124338507,Otole dance,Otole dance,4,0,64.6,type of dance,2,country_wd|ethnic_group_wd
Q124338556,Ekizino,,4,0,64.6,type of dance,1,country_wd
Q124340063,Tamena Ibuga,Tamena Ibuga,4,0,64.6,"African dance, type of dance",1,country_wd
Q124358238,Bobby Lash B2C,Bobby Lash B2C,4,0,64.6,human,1,birth_death_wd
Q124519924,Firinda,Firinda,4,0,64.6,"food, sauce",1,country_wd
Q124616026,Brenda Ekone,Brenda Ekone,4,0,64.6,human,1,citizenship_wd
Q124675355,Ritah Imanishimwe,Ritah Imanishimwe,4,0,64.6,human,1,citizenship_wd
Q124675397,Lydia Babirye,Lydia Babirye,4,0,64.6,human,1,citizenship_wd
Q125301153,Dan Kibet,Dan Kibet,4,0,64.6,human,2,birth_death_wd|citizenship_wd
Q125341759,Florence Hashaka Kabahweza,Hashaka Kabahweza Florence,4,0,64.6,human,2,birth_death_wd|citizenship_wd
Q125717606,Clare Mugumya,Clare Mugumya,4,0,64.6,human,1,citizenship_wd
Q126415859,Juma Miyagi,Juma Miyagi,4,0,64.6,human,1,birth_death_wd
Q126415860,Robinson Obuya,Robinson Obuya,4,0,64.6,human,1,birth_death_wd
Q126490630,Lake Nyabikere,Lake Nyabikere,4,0,64.6,lake,1,country_wd
Q126737038,Lake Nyamusingire,Lake Nyamusingire,4,0,64.6,lake,1,country_wd
Q126737096,River Bujuku,River Bujuku,4,0,64.6,river,1,country_wd
Q126810954,Lake Saka,Lake Saka,4,0,64.6,lake,1,country_wd
Q126894711,Lake Kyema,Lake Kyema,4,0,64.6,lake,1,country_wd
Q126910355,Lake Kibwera,Lake Kibwera,4,0,64.6,lake,1,country_wd
Q1276232,West Nile Bank Front,West Nile Bank Front,4,0,64.6,,1,country_wd
Q13026205,Jackson Asiku,Jackson Asiku,4,0,64.6,human,2,birth_death_wd|citizenship_wd
Q130386106,Kinaawa High School Kawempe,Kinaawa High School Kawempe,4,0,64.6,"secondary school, boarding school",1,country_wd
Q130724580,Kwagalana Group,Kwagalana Group,4,0,64.6,"agency, business",1,country_wd
Q1307960,Ken Lukyamuzi,Ken Lukyamuzi,4,0,64.6,human,2,birth_death_wd|citizenship_wd
Q13114535,capital punishment in Uganda,Capital punishment in Uganda,4,0,64.6,aspect in a geographic region,2,country_wd|keyword_title
Q131379434,Sandra Kwikiriza,Sandra Kwikiriza,4,0,64.6,human,1,citizenship_wd
Q133571287,Shaka Ssali,Shaka Ssali,4,0,64.6,human,2,birth_death_wd|citizenship_wd
Q133810038,Esther Okello Lutwa,Esther Okello Lutwa,4,0,64.6,human,2,birth_death_wd|citizenship_wd
Q133828122,Cotilda Nakate Kikomeko,Cotilda Nakate Kikomeko,4,0,64.6,human,2,citizenship_wd|language_wd
Q1340475,tube fiddle,Endingidi,4,0,64.6,type of musical instrument,1,country_wd
Q137860199,2026 Ugandan protests,2026 Ugandan protests,4,0,64.6,protest,2,country_wd|keyword_title
Q137991462,Lanyero Christine Awany,Christine Lanyero Awany,4,0,64.6,human,2,birth_death_wd|citizenship_wd
Q138000596,Pedun Josephine,Josephine Pedun,4,0,64.6,human,2,birth_death_wd|citizenship_wd
Q138005525,Esther Majambere Musoke,Esther Majambere Musoke,4,0,64.6,human,2,birth_death_wd|citizenship_wd
Q1472550,Uganda men's national volleyball team,,4,0,64.6,men’s national volleyball team,1,country_wd
Q1475486,Saulo Musoke,,4,0,64.6,human,2,birth_death_wd|citizenship_wd
Q14956798,Mengo Hospital,Mengo Hospital,4,0,64.6,hospital,1,country_wd
Q15261310,Ndejje University,Ndejje University,4,0,64.6,"university, association football team",1,country_wd
Q1528625,Nakasongola Airport,Nakasongola Airport,4,0,64.6,airport,1,country_wd
Q1529143,Mutukula Airport,Mutukula Airport,4,0,64.6,airport,1,country_wd
Q15556545,2012-13 Uganda Super League,2012–13 Uganda Super League,4,0,64.6,sports season,2,country_wd|keyword_title
Q1564286,Mount Luigi di Savoia,,4,0,64.6,mountain,1,country_wd
Q15974750,Ragesh Asthana,Ragesh Asthana,4,0,64.6,human,1,birth_death_wd
Q15989716,Francis Kitaka,Francis Kitaka,4,0,64.6,human,2,birth_death_wd|citizenship_wd
Q16003896,George Oywello,George Oywello,4,0,64.6,human,1,citizenship_wd
Q16106496,Gordon Wavamunno,Gordon Wavamunno,4,0,64.6,human,1,citizenship_wd
Q16107082,Jitendra Patel,Jitendra Patel,4,0,64.6,human,1,citizenship_wd
Q16145569,Muhwezi Jim Katugugu,Jim Muhwezi,4,0,64.6,human,2,birth_death_wd|citizenship_wd
Q16146257,Ali Kimera,Ali Kimera,4,0,64.6,human,2,birth_death_wd|citizenship_wd
Q16152010,Samuel Turyagyenda,Samuel Turyagyenda,4,0,64.6,human,2,birth_death_wd|citizenship_wd
Q16186361,Mbabazi Jacqueline,Jacqueline Mbabazi,4,0,64.6,human,2,birth_death_wd|citizenship_wd
Q16193057,Alex Coutinho,Alex Coutinho,4,0,64.6,human,1,citizenship_wd
Q16194632,Emmanuel Katongole,Emmanuel Katongole (businessman),4,0,64.6,human,2,birth_death_wd|citizenship_wd
Q16196173,David Muhoozi,David Muhoozi,4,0,64.6,human,2,birth_death_wd|citizenship_wd
Q16196479,Ayelet Gneezy,Ayelet Gneezy,4,0,64.6,human,1,birth_death_wd
Q16201815,Franco Wanyama,Franco Wanyama,4,0,64.6,human,2,birth_death_wd|citizenship_wd
Q16202910,Christopher Evans,Christopher Evans (musician),4,0,64.6,human,2,birth_death_wd|citizenship_wd
Q16203647,Musasizi Henry Ariganyira,Henry Musasizi,4,0,64.6,human,2,birth_death_wd|citizenship_wd
Q16218630,Edgar Luberenga,Edgar Luberenga,4,0,64.6,human,1,citizenship_wd
Q16222051,Supra Singhal,Supra Singhal,4,0,64.6,human,2,birth_death_wd|citizenship_wd
Q16224957,Abram Mutyagaba,Lepono Ndhlovu,4,0,64.6,human,2,birth_death_wd|citizenship_wd
Q16225059,Faruk Ochimi,Faruk Ochimi,4,0,64.6,human,2,birth_death_wd|citizenship_wd
Q16231733,Katende Joram,Katende Joram,4,0,64.6,human,2,birth_death_wd|citizenship_wd
Q16252532,human trafficking in Uganda,Human trafficking in Uganda,4,0,64.6,human trafficking by country or territory,2,country_wd|keyword_title
Q16259629,Uganda women's national rugby union team,Uganda women's national rugby union team,4,0,64.6,women's national rugby union team,2,country_wd|keyword_title
Q16530769,Avtar Singh Bhurji,Avtar Singh Bhurji,4,0,64.6,human,1,citizenship_wd
Q1657361,Ignatius K. Musaazi,Ignatius K. Musaazi,4,0,64.6,human,1,citizenship_wd
Q16730485,Julius Ntambi,Julius Ntambi,4,0,64.6,human,2,birth_death_wd|citizenship_wd
Q16732954,Peter Mugyenyi,Peter Mugyenyi,4,0,64.6,human,2,birth_death_wd|citizenship_wd
Q16735185,Richard Kasagga,Richard Kasagga,4,0,64.6,human,2,birth_death_wd|citizenship_wd
Q16751142,Jeremy Lawrance,Jeremy Lawrance,4,0,64.6,human,1,birth_death_wd
Q16820585,list of football clubs in Uganda,List of football clubs in Uganda,4,0,64.6,Wikimedia list article,2,country_wd|keyword_title
Q16821441,1970 Uganda National First Division League,1970 Uganda National First Division League,4,0,64.6,sports season,2,country_wd|keyword_title
Q16821475,1971 Uganda National First Division League,1971 Uganda National First Division League,4,0,64.6,sports season,2,country_wd|keyword_title
Q16821542,1974 Uganda National League,1974 Uganda National League,4,0,64.6,sports season,2,country_wd|keyword_title
Q16821562,1975 Uganda National League,1975 Uganda National League,4,0,64.6,sports season,2,country_wd|keyword_title
Q16821607,1976 Uganda National League,1976 Uganda National League,4,0,64.6,sports season,2,country_wd|keyword_title
Q16821667,1978 Uganda National League,1978 Uganda National League,4,0,64.6,sports season,2,country_wd|keyword_title
Q16821756,1981 Uganda National League,1981 Uganda National League,4,0,64.6,sports season,2,country_wd|keyword_title
Q16821786,1982 Uganda Super League,1982 Uganda Super League,4,0,64.6,sports season,2,country_wd|keyword_title
Q16821822,1983 Uganda Super League,1983 Uganda Super League,4,0,64.6,sports season,2,country_wd|keyword_title
Q16821871,1985 Uganda Super League,1985 Uganda Super League,4,0,64.6,sports season,2,country_wd|keyword_title
Q16821912,1986 Uganda Super League,1986 Uganda Super League,4,0,64.6,sports season,2,country_wd|keyword_title
Q16821947,1987 Uganda Super League,1987 Uganda Super League,4,0,64.6,sports season,2,country_wd|keyword_title
Q16822029,1989 Uganda Super League,1989 Uganda Super League,4,0,64.6,sports season,2,country_wd|keyword_title
Q16822059,1990 Uganda Super League,1990 Uganda Super League,4,0,64.6,sports season,2,country_wd|keyword_title
Q16822107,1991 Uganda Super League,1991 Uganda Super League,4,0,64.6,sports season,2,country_wd|keyword_title
Q16822153,1992 Uganda Super League,1992 Uganda Super League,4,0,64.6,sports season,2,country_wd|keyword_title
Q16822219,1993 Uganda Super League,1993 Uganda Super League,4,0,64.6,sports season,2,country_wd|keyword_title
Q16822251,1994 Uganda Super League,1994 Uganda Super League,4,0,64.6,sports season,2,country_wd|keyword_title
Q16822315,1995 Uganda Super League,1995 Uganda Super League,4,0,64.6,sports season,2,country_wd|keyword_title
Q16822383,1996 Uganda Super League,1996 Uganda Super League,4,0,64.6,sports season,2,country_wd|keyword_title
Q16822427,1997 Uganda Super League,1997 Uganda Super League,4,0,64.6,sports season,2,country_wd|keyword_title
Q16822465,1998 Uganda Super League,1998 Uganda Super League,4,0,64.6,sports season,2,country_wd|keyword_title
Q16822508,1999 Uganda Super League,1999 Uganda Super League,4,0,64.6,sports season,2,country_wd|keyword_title
Q16822685,2000 Uganda Super League,2000 Uganda Super League,4,0,64.6,sports season,2,country_wd|keyword_title
Q16822755,2001 Uganda Super League,2001 Uganda Super League,4,0,64.6,sports season,1,country_wd
Q16822799,2002 Uganda Super League,2002 Uganda Super League,4,0,64.6,sports season,2,country_wd|keyword_title
Q16822824,2002–03 Uganda Super League,2002–03 Uganda Super League,4,0,64.6,sports season,2,country_wd|keyword_title
Q16822930,2005 Uganda Super League,2005 Uganda Super League,4,0,64.6,sports season,2,country_wd|keyword_title
Q16822967,2006 Uganda Super League,2006 Uganda Super League,4,0,64.6,sports season,2,country_wd|keyword_title
Q16822983,2006–07 Uganda Super League,2006–07 Uganda Super League,4,0,64.6,sports season,2,country_wd|keyword_title
Q16823026,2007–08 Uganda Super League,2007–08 Uganda Super League,4,0,64.6,sports season,2,country_wd|keyword_title
Q16823075,2008–09 Uganda Super League,2008–09 Uganda Super League,4,0,64.6,sports season,2,country_wd|keyword_title
Q16823104,2009–10 Uganda Super League,2009–10 Uganda Super League,4,0,64.6,sports season,2,country_wd|keyword_title
Q16823151,2010–11 Uganda Super League,2010–11 Uganda Super League,4,0,64.6,sports season,2,country_wd|keyword_title
Q16823217,2011–12 Uganda Super League,2011–12 Uganda Super League,4,0,64.6,sports season,2,country_wd|keyword_title
Q16823494,2013–14 Uganda Super League,2013–14 Uganda Super League,4,0,64.6,sports season,2,country_wd|keyword_title
Q16823904,3rd Pearl International Film Festival,3rd Pearl International Film Festival,4,0,64.6,film festival edition,1,country_wd
Q16836837,Bitumastic FC,Bitumastic FC,4,0,64.6,association football club,1,country_wd
Q16844775,Mbarara United FC,Mbarara United FC,4,0,64.6,association football club,1,country_wd
Q16848971,Ronnie Kisekka,Ronnie Kiseka,4,0,64.6,human,2,birth_death_wd|citizenship_wd
Q16850099,Simon Okwi,Simon Okwi,4,0,64.6,human,2,birth_death_wd|citizenship_wd
Q16850332,Tooro United FC,Tooro United F.C.,4,0,64.6,association football club,1,country_wd
Q16887144,Yasser Mugerwa,Yasser Mugerwa,4,0,64.6,human,2,birth_death_wd|citizenship_wd
Q16894374,Lubigi,Lubigi,4,0,64.6,wetland,1,country_wd
Q16896028,Nyakasura School,Nyakasura School,4,0,64.6,boarding school,1,country_wd
Q16901899,Toro-Semliki Wildlife Reserve,Semliki Wildlife Reserve,4,0,64.6,"protected area, forest reserve",1,country_wd
Q16949915,1984 Uganda Super League,1984 Uganda Super League,4,0,64.6,sports season,2,country_wd|keyword_title
Q16951590,2004 Uganda Super League,2004 Uganda Super League,4,0,64.6,sports season,2,country_wd|keyword_title
Q16960912,Abstinence-only sex education in Uganda,Abstinence-only sex education in Uganda,4,0,64.6,education in country or region,2,country_wd|keyword_title
Q17020396,Oliver Wonekha,Oliver Wonekha,4,0,64.6,human,2,birth_death_wd|citizenship_wd
Q17069334,Pearl International Film Festival,Pearl International Film Festival,4,0,64.6,film festival,1,country_wd
Q1707665,Mugenyi Joseph,Joseph Mugenyi Sabiiti,4,0,64.6,human,1,birth_death_wd
Q17086416,visa policy of Uganda,Visa policy of Uganda,4,0,64.6,visa policy,2,country_wd|keyword_title
Q17108392,Savannah Airstrip,Savannah Airstrip,4,0,64.6,"airstrip, commercial traffic aerodrome",1,country_wd
Q17108424,Uganda National Oil Company,Uganda National Oil Company,4,0,64.6,business,2,country_wd|keyword_title
Q17306042,Hussein Shire,Hussein Shire,4,0,64.6,human,1,birth_death_wd
Q17379952,St. Augustine International University,King Ceasor University,4,0,64.6,university,1,country_wd
Q18163367,Bukomero,Bukomero,4,0,64.6,"human settlement, sub-county of Uganda",1,country_wd
Q18242796,Innocentios Byakatonda,,4,0,64.6,human,1,birth_death_wd
Q18356337,Frederick Kayanja,Frederick Kayanja,4,0,64.6,human,2,birth_death_wd|citizenship_wd
Q18357644,Hamu Kayondo,Hamu Kayondo,4,0,64.6,human,2,birth_death_wd|citizenship_wd
Q18392766,Jonathan Sebanja,Jonathan Ssebanja,4,0,64.6,human,1,citizenship_wd
Q18637534,Leah Kalanguka,Leah Kalanguka,4,0,64.6,human,2,birth_death_wd|citizenship_wd
Q18637737,Paddy Man,Paddyman,4,0,64.6,human,2,birth_death_wd|citizenship_wd
Q18685795,Drito Martin Andi,Martin Drito,4,0,64.6,human,2,birth_death_wd|citizenship_wd
Q18712301,Habib Medical School,Habib Medical School,4,0,64.6,medical school,1,country_wd
Q18763734,Mac Elvis,Mac Elvis,4,0,64.6,human,2,birth_death_wd|citizenship_wd
Q18986021,Christine H. Sophie Kabuye,Christine H. Sophie Kabuye,4,0,64.6,human,1,citizenship_wd
Q19276649,Mondo Kagonyera,Mondo Kagonyera,4,0,64.6,human,2,birth_death_wd|citizenship_wd
Q19519530,Danniel Ruyange,Danniel Ruyange,4,0,64.6,human,2,birth_death_wd|citizenship_wd
Q19662610,Margaret Mungherera,Margaret Mungherera,4,0,64.6,human,2,birth_death_wd|citizenship_wd
Q19662714,Desire Luzinda,Desire Luzinda,4,0,64.6,human,2,birth_death_wd|citizenship_wd
Q19666755,Juma Kisaame,Juma Kisaame,4,0,64.6,human,2,birth_death_wd|citizenship_wd
Q19667652,Wilson Bugembe,Wilson Bugembe,4,0,64.6,human,1,citizenship_wd
Q19667656,Fabian Kasi,Fabian Kasi,4,0,64.6,human,2,birth_death_wd|citizenship_wd
Q19668441,Ibrahim Ssemujju Nganda,Ibrahim Ssemujju Nganda,4,0,64.6,human,2,birth_death_wd|citizenship_wd
Q19668508,St. Nelly-Sade,St. Nelly-Sade,4,0,64.6,human,2,birth_death_wd|citizenship_wd
Q19829171,Angelina Acheng Atyam,Angelina Atyam,4,0,64.6,human,2,birth_death_wd|citizenship_wd
Q19893521,Mike Mukula,Mike Mukula,4,0,64.6,human,2,birth_death_wd|citizenship_wd
Q19903271,Fountain Publishers,Fountain Publishers,4,0,64.6,"book publisher, publishing house",1,country_wd
Q20195317,John Abdallah Wambere,John Abdallah Wambere,4,0,64.6,human,2,birth_death_wd|citizenship_wd
Q20684666,Nandala Mafabi,Nandala Mafabi,4,0,64.6,human,1,citizenship_wd
Q20685030,Francis Omaswa,Francis Omaswa,4,0,64.6,human,2,birth_death_wd|citizenship_wd
Q20806399,2017 ICC World Cricket League Division Three,2017 ICC World Cricket League Division Three,4,0,64.6,sports competition,1,country_wd
Q20810427,Patricia Apolot,Patricia Apolot,4,0,64.6,human,2,birth_death_wd|citizenship_wd
Q21066327,Hamza Muwonge,Hamza Muwonge,4,0,64.6,human,2,birth_death_wd|citizenship_wd
Q21178944,Uganda Electricity Transmission Company Limited,Uganda Electricity Transmission Company Limited,4,0,64.6,state-owned enterprise,2,country_wd|keyword_title
Q21511381,2014–15 Uganda Super League,2014–15 Uganda Super League,4,0,64.6,sports season,2,country_wd|keyword_title
Q21642884,Richard Okia,Richard Okia,4,0,64.6,human,2,birth_death_wd|citizenship_wd
Q22082389,Majanji,Majanji,4,0,64.6,sub-county of Uganda,1,country_wd
Q22162720,Frank Kalanda,Frank Kalanda,4,0,64.6,human,2,birth_death_wd|citizenship_wd
Q22935583,Atuheire Kipson,Atuheire Kipson,4,0,64.6,human,1,birth_death_wd
Q23007554,Sister Charity,Sister Charity,4,0,64.6,human,2,birth_death_wd|citizenship_wd
Q23007693,Ali-Shah Jivraj,Ali-Shah Jivraj,4,0,64.6,human,2,birth_death_wd|citizenship_wd
Q23023458,Sikander Lalani,Sikander Lalani,4,0,64.6,human,2,birth_death_wd|citizenship_wd
Q23023727,"Uganda Technical College, Kichwamba","Uganda Technical College, Kichwamba",4,0,64.6,academic institution,2,country_wd|keyword_title
Q23541032,Sarah Nabukalu Kiyimba,Sarah Nabukalu Kiyimba,4,0,64.6,human,2,birth_death_wd|citizenship_wd
Q2368307,Supreme Court of Uganda,Supreme Court of Uganda,4,0,64.6,supreme court,3,country_wd|keyword_title|part_of_wd
Q23816422,Jane Kaberuka,Jane Kaberuka,4,0,64.6,human,1,citizenship_wd
Q24054195,Sango Bay,Sango Bay,4,0,64.6,village,1,country_wd
Q24176156,Regina Amollo,Regina Amollo,4,0,64.6,human,2,birth_death_wd|citizenship_wd
Q2442835,Tony Strong,,4,0,64.6,human,1,birth_death_wd
Q24690841,Peace Proscovia,Peace Proscovia,4,0,64.6,human,1,citizenship_wd
Q2473854,Uganda Bureau of Statistics,Uganda Bureau of Statistics,4,0,64.6,statistical service,3,country_wd|keyword_title|part_of_wd
Q2473869,Uganda Communications Commission,Uganda Communications Commission,4,0,64.6,"government agency, regulatory agency",2,country_wd|keyword_title
Q24851651,Charles Engola,Charles Engola,4,0,64.6,human,2,birth_death_wd|citizenship_wd
Q24896277,Herbert Kabafunzaki,Herbert Kabafunzaki,4,0,64.6,human,2,birth_death_wd|citizenship_wd
Q24958519,University of Kisubi,University of Kisubi,4,0,64.6,academic institution,1,country_wd
Q25039660,Joshua Wanume Kibedi,Joshua Wanume Kibedi,4,0,64.6,human,1,citizenship_wd
Q25045570,Uganda men's national under-18 basketball team,Uganda men's national under-18 basketball team,4,0,64.6,national basketball team,2,country_wd|keyword_title
Q25052870,Kigezi College Butobere,Kigezi College Butobere,4,0,64.6,school,1,country_wd
Q257787,Kabaka Yekka,Kabaka Yekka,4,0,64.6,political party,1,country_wd
Q26211023,Mc Norman,Mc Norman,4,0,64.6,human,2,birth_death_wd|citizenship_wd
Q27916309,Haruna Mawa,Haruna Mawa,4,0,64.6,human,1,birth_death_wd
Q28056625,Spain–Uganda relations,,4,0,64.6,bilateral relation,1,country_wd
Q28128067,2016–17 Uganda Super League,2016–17 Uganda Premier League,4,0,64.6,sports season,2,country_wd|keyword_title
Q28223337,Ministry of Water and Environment,Ministry of Water and Environment (Uganda),4,0,64.6,"environment ministry, ministry of Uganda",3,country_wd|keyword_title|part_of_wd
Q28433206,Rwenzururu movement,Rwenzururu movement,4,0,64.6,,1,country_wd
Q28446366,Electoral Commission of Uganda,Electoral Commission of Uganda,4,0,64.6,government agency,2,country_wd|keyword_title
Q28446441,Africa Renewal University,Africa Renewal University,4,0,64.6,academic institution,1,country_wd
Q28447659,Mbarara City F.C.,Mbarara City FC,4,0,64.6,association football club,1,country_wd
Q2878500,Bachwezi,Chwezi,4,0,64.6,ethnic group,1,country_wd
Q2986564,Uganda Human Rights Commission,Uganda Human Rights Commission,4,0,64.6,human rights commission,2,country_wd|keyword_title
Q30150061,Richard Gafabusa,Richard Gafabusa,4,0,64.6,human,2,birth_death_wd|citizenship_wd
Q3016016,Nebbi Airport,Nebbi Airport,4,0,64.6,airport,1,country_wd
Q30262100,Uganda National Academy of Sciences,Uganda National Academy of Sciences,4,0,64.6,government agency,2,country_wd|keyword_title
Q30323658,Jacklet Atuhaire,Jacklet Atuhaire,4,0,64.6,human,2,birth_death_wd|citizenship_wd
Q30557450,Adonia Ayebare,Adonia Ayebare,4,0,64.6,human,2,birth_death_wd|citizenship_wd
Q30589023,City Oilers,City Oilers,4,0,64.6,"basketball team, basketball club",2,country_wd|keyword_title
Q30899710,Jastine Ayebazibwe,Justine Ayebazibwe,4,0,64.6,human,2,birth_death_wd|citizenship_wd
Q318253,Abed Bwanika,Abed Bwanika,4,0,64.6,human,2,birth_death_wd|citizenship_wd
Q3193685,Kasenyi,"Kasenyi, Kasese",4,0,64.6,human settlement,1,country_wd
Q33830294,Avice Meya,Avice Meya,4,0,64.6,human,2,birth_death_wd|citizenship_wd
Q3417573,Rahim Jaffer,Rahim Jaffer,4,0,64.6,human,1,birth_death_wd
Q35311081,Robert Chemonges,Robert Chemonges,4,0,64.6,human,2,birth_death_wd|citizenship_wd
Q3543156,Uganda men's national field hockey team,Uganda men's national field hockey team,4,0,64.6,national field hockey team,2,country_wd|keyword_title
Q368665,Gershom Sizomu,Gershom Sizomu,4,0,64.6,human,1,citizenship_wd
Q3726249,National Botanical Gardens (Uganda),National Botanical Gardens (Uganda),4,0,64.6,"park, botanical garden",2,country_wd|keyword_title
Q376642,Justice Forum,Justice Forum,4,0,64.6,political party,1,country_wd
Q3877580,Noah Babadi Kasule,Noah Babadi Kasule,4,0,64.6,human,2,birth_death_wd|citizenship_wd
Q38943710,Johnston Busingye,Johnston Busingye,4,0,64.6,human,1,birth_death_wd
Q389651,Bunyaruguru,,4,0,64.6,mountain,1,country_wd
Q391085,Freedom & Roam Uganda,Freedom & Roam Uganda,4,0,64.6,"nonprofit organization, lesbian organization",2,country_wd|keyword_title
Q4024590,Ziwa Rhino Sanctuary,Ziwa Rhino Sanctuary,4,0,64.6,protected area,1,country_wd
Q41410530,The Ben,The Ben,4,0,64.6,human,1,birth_death_wd
Q42307041,Isaac Kiprop,Isaac Kiprop,4,0,64.6,human,2,birth_death_wd|citizenship_wd
Q42530235,Catherine Bamugemereire,Catherine Bamugemereire,4,0,64.6,human,2,birth_death_wd|citizenship_wd
Q42853966,Proscovia Nabbanja,Proscovia Nabbanja,4,0,64.6,human,2,birth_death_wd|citizenship_wd
Q42889891,Olive Kazaarwe Mukwaya,Olive Kazaarwe Mukwaya,4,0,64.6,human,2,birth_death_wd|citizenship_wd
Q42971148,Florence Ndagire,Florence Ndagire,4,0,64.6,human,1,birth_death_wd
Q43384475,Victoria Walusansa,Victoria Walusansa,4,0,64.6,human,1,birth_death_wd
Q43901321,David J. Steiner,David J. Steiner,4,0,64.6,human,1,birth_death_wd
Q4641234,"The Buganda Agreement, 1955",Buganda Agreement (1955),4,0,64.6,treaty,2,country_wd|keyword_title
Q4663606,Abayita Ababiri,Abayita Ababiri,4,0,64.6,human settlement,1,country_wd
Q4665890,Abdulla Nasur,Abdulla Nasur,4,0,64.6,human,2,birth_death_wd|citizenship_wd
Q4667114,Aberi Balya,Aberi Balya,4,0,64.6,human,2,birth_death_wd|citizenship_wd
Q4689708,African Bible College,African Bible University (Uganda),4,0,64.6,"university, private university",2,country_wd|keyword_title
Q4694091,agriculture in Uganda,Agriculture in Uganda,4,0,64.6,agriculture by country or territory,2,country_wd|keyword_title
Q47015016,Keturah Katunguka,Keturah Katunguka,4,0,64.6,human,2,birth_death_wd|citizenship_wd
Q4717580,Alex Onzima,Alex Onzima,4,0,64.6,human,2,birth_death_wd|citizenship_wd
Q4719712,Alexander Murdoch Mackay,Alexander Murdoch Mackay,4,0,64.6,human,1,birth_death_wd
Q4723540,Alfred Tucker,Alfred Tucker,4,0,64.6,human,1,citizenship_wd
Q4730882,Allan Musoke,Allan Musoke,4,0,64.6,human,1,citizenship_wd
Q4732280,Alliance Air,Alliance Air (Uganda),4,0,64.6,airline,2,country_wd|keyword_title
Q47367608,David Guwatudde,David Guwatudde,4,0,64.6,human,2,birth_death_wd|citizenship_wd
Q47483751,Battle of Semuliki,2017 Semuliki attack,4,0,64.6,battle,1,country_wd
Q47531290,Olive Kigongo,Olive Kigongo,4,0,64.6,human,2,birth_death_wd|citizenship_wd
Q4766090,Ankole Western University,Ankole Western University,4,0,64.6,university,2,country_wd|keyword_title
Q4799369,Arthur Kisenyi,Arthur Kisenyi,4,0,64.6,human,1,citizenship_wd
Q4799403,Arthur Kyobe,Arthur Kyobe,4,0,64.6,human,2,birth_death_wd|citizenship_wd
Q4800286,Arthur Simeon,Arthur Simeon,4,0,64.6,human,2,birth_death_wd|citizenship_wd
Q4810985,Aston Kajara,Aston Kajara,4,0,64.6,human,2,birth_death_wd|citizenship_wd
Q4815754,Atiak massacre,Atiak massacre,4,0,64.6,massacre,1,country_wd
Q4856016,Bank of Africa,Bank of Africa Uganda,4,0,64.6,business,2,country_wd|keyword_title
Q48741701,University of the Sacred Heart Gulu,University of the Sacred Heart Gulu,4,0,64.6,university,1,country_wd
Q48773720,Battle of Lukaya,Battle of Lukaya,4,0,64.6,battle,1,country_wd
Q48800708,Rank insignia of the Ugandan People's Defense Force,Military ranks of Uganda,4,0,64.6,,2,country_wd|keyword_title
Q49328394,Echuya Central Forest Reserve,Echuya Central Forest Reserve,4,0,64.6,"forest, forest reserve",1,country_wd
Q4964635,Brian Mayanja,Brian Mayanja,4,0,64.6,human,1,citizenship_wd
Q4986802,Bukakata,Bukakata,4,0,64.6,"human settlement, sub-county of Uganda",1,country_wd
Q4987192,Bulaimu Muwanga Kibirige,Bulaimu Muwanga Kibirige,4,0,64.6,human,2,birth_death_wd|citizenship_wd
Q5016995,Caesar Okhuti,Caesar Okhuti,4,0,64.6,human,2,birth_death_wd|citizenship_wd
Q5017765,Cairo International Bank,Cairo Bank Uganda,4,0,64.6,business,2,country_wd|keyword_title
Q50378462,Tom Masiko,Tom Masiko,4,0,64.6,human,2,birth_death_wd|citizenship_wd
Q5052840,Catherine Namono,Catherine Namono,4,0,64.6,human,2,birth_death_wd|citizenship_wd
Q5055032,Cavendish University Uganda,Cavendish University Uganda,4,0,64.6,university,2,country_wd|keyword_title
Q5075388,Charles Bakkabulindi,Charles Bakkabulindi,4,0,64.6,human,2,birth_death_wd|citizenship_wd
Q5082949,Charles Tibingana,Charles Tibingana,4,0,64.6,human,1,birth_death_wd
Q5083296,Charles Waiswa,Charles Waiswa,4,0,64.6,human,2,birth_death_wd|citizenship_wd
Q5097920,child sacrifice in Uganda,Child sacrifice in Uganda,4,0,64.6,,2,country_wd|keyword_title
Q5113215,Christopher Senyonjo,Christopher Senyonjo,4,0,64.6,human,1,citizenship_wd
Q5118438,Chwa I of Buganda,Chwa I of Buganda,4,0,64.6,human,2,birth_death_wd|keyword_title
Q5134607,Clive Johnstone,Clive Johnstone,4,0,64.6,human,1,birth_death_wd
Q51765147,Nataliey Bitature,Nataliey Bitature,4,0,64.6,human,1,citizenship_wd
Q51858052,Leo Adraa,Leo Adraa,4,0,64.6,human,1,birth_death_wd
Q5227877,Daudi Migereko,Daudi Migereko,4,0,64.6,human,2,birth_death_wd|citizenship_wd
Q52315563,Simon Ssesazi,Simon Ssesazi,4,0,64.6,human,1,birth_death_wd
Q5241838,Davis Arinaitwe,Davis Arinaitwe,4,0,64.6,human,2,birth_death_wd|citizenship_wd
Q5373252,Emmanuel Isaneez,Emmanuel Isaneez,4,0,64.6,human,2,birth_death_wd|citizenship_wd
Q5466362,football in Uganda,Football in Uganda,4,0,64.6,sport in a geographic region,2,country_wd|keyword_title
Q54874973,Ibrahim Abiriga,Ibrahim Abiriga,4,0,64.6,human,2,birth_death_wd|citizenship_wd
Q5496029,Fred Omach,Fred Omach,4,0,64.6,human,2,birth_death_wd|citizenship_wd
Q54988717,Chile–Uganda relations,,4,0,64.6,bilateral relation,1,country_wd
Q5528733,Gayaza High School,Gayaza High School,4,0,64.6,"secondary school, boarding school",1,country_wd
Q55365858,Brian Ahumuza,Abryanz,4,0,64.6,human,2,birth_death_wd|citizenship_wd
Q55433692,Saidati Kemigisha,Saidati Kemigisha,4,0,64.6,human,1,citizenship_wd
Q55433706,Franklin Najjumba,Franklin Najjumba,4,0,64.6,human,1,citizenship_wd
Q55433715,Carol Namugenyi,Carol Namugenyi,4,0,64.6,human,1,citizenship_wd
Q55433728,Mary Nalule,Mary Nalule,4,0,64.6,human,1,citizenship_wd
Q55433754,Prico Nakitende,Prico Nakitende,4,0,64.6,human,1,citizenship_wd
Q55625253,Nile University of Uganda,Nile University of Uganda,4,0,64.6,university,2,country_wd|keyword_title
Q55979061,Cesare Asili,Cesare Asili,4,0,64.6,human,1,birth_death_wd
Q56249960,Rhoda Wanyenze,Rhoda Wanyenze,4,0,64.6,human,1,birth_death_wd
Q56513342,Joyce Kavuma,Joyce Kavuma,4,0,64.6,human,2,birth_death_wd|citizenship_wd
Q56522611,Cornelia Sabiiti,Cornelia Sabiiti,4,0,64.6,human,2,birth_death_wd|citizenship_wd
Q5679759,Hassan Mubiru,Hassan Mubiru,4,0,64.6,human,1,citizenship_wd
Q56812360,Sarah Ssali,Sarah Ssali,4,0,64.6,human,1,birth_death_wd
Q5702203,Helen Epstein,Helen Epstein (journalist),4,0,64.6,human,1,citizenship_wd
Q57585556,Sabrina Kitaka,Sabrina Kitaka,4,0,64.6,human,2,birth_death_wd|citizenship_wd
Q5766713,Hinduism in Uganda,Hinduism in Uganda,4,0,64.6,Hinduism of an area,2,country_wd|keyword_title
Q57824490,Rosette Kajungu Mutambi,Rosette Kajungu Mutambi,4,0,64.6,human,1,citizenship_wd
Q57825185,Sheila Mwine Kabaije,Sheila Mwine Kabaije,4,0,64.6,human,2,birth_death_wd|citizenship_wd
Q57828421,Ajilo Elogu Maria Goretti,Ajilo Elogu Maria Goretti,4,0,64.6,human,2,birth_death_wd|citizenship_wd
Q57829630,Alum Santa Sandra Ogwang,Alum Sandra Ogwang Santa,4,0,64.6,human,2,birth_death_wd|citizenship_wd
Q57864764,Joshua Sikhu Okonya,Joshua Sikhu Okonya,4,0,64.6,human,1,citizenship_wd
Q58003644,Avur Jane Pacuto,Jane Avur Pacuto,4,0,64.6,human,2,birth_death_wd|citizenship_wd
Q58009325,A'Darius Pegues,A'Darius Pegues,4,0,64.6,human,1,citizenship_wd
Q58041487,Rose Atima Ayaka,Rose Atima Ayaka,4,0,64.6,human,2,birth_death_wd|citizenship_wd
Q58042319,Babirye Kityo Sarah,Sarah Babirye Kityo,4,0,64.6,human,2,birth_death_wd|citizenship_wd
Q58042467,Mary Babirye Kabanda,Mary Babirye Kabanda,4,0,64.6,human,1,citizenship_wd
Q58495007,Pius Adome,Pius Adome,4,0,64.6,human,2,birth_death_wd|citizenship_wd
Q5866984,history of Uganda,History of Uganda (1963–1971),4,0,64.6,aspect of history,2,country_wd|keyword_title
Q5980509,Jimmy Mayanja,Jimmy Mayanja,4,0,64.6,human,1,birth_death_wd
Q6050884,International Health Sciences University,Clarke International University,4,0,64.6,university,1,country_wd
Q60734928,Ronak Patel,Ronak Patel,4,0,64.6,human,1,birth_death_wd
Q60793003,Itanda Falls,Itanda Falls,4,0,64.6,"waterfall, rapids",1,country_wd
Q6096678,Ivan Koreta,Ivan Koreta,4,0,64.6,human,2,birth_death_wd|citizenship_wd
Q6129213,James Baba,James Baba,4,0,64.6,human,2,birth_death_wd|citizenship_wd
Q6140434,James Nsaba Buturo,James Nsaba Buturo,4,0,64.6,human,2,birth_death_wd|citizenship_wd
Q6147735,Jamil Kasirye,Jamil Kasirye,4,0,64.6,human,1,citizenship_wd
Q61696432,Susan Lakot,Susan Lakot,4,0,64.6,human,1,birth_death_wd
Q62016429,Rebbeca Mpagi,Rebecca Mpagi,4,0,64.6,human,1,birth_death_wd
Q62060614,Zaitun Driwaru,Zaitun Driwaru,4,0,64.6,human,2,birth_death_wd|citizenship_wd
Q62067646,Veronica Isala Eragu Bichetero,Veronica Isala Eragu Bichetero,4,0,64.6,human,2,birth_death_wd|citizenship_wd
Q62076449,Barbie Itungo Kyagulanyi,Barbie Kyagulanyi,4,0,64.6,human,2,birth_death_wd|citizenship_wd
Q62091852,Stephen Omony,Stephen Omony,4,0,64.6,human,2,birth_death_wd|citizenship_wd
Q62100397,Oliver Katwesigye Koyekyenga,Oliver Katwesigye Koyekyenga,4,0,64.6,human,2,birth_death_wd|citizenship_wd
Q6211628,Joe Oloka-Onyango,Joe Oloka-Onyango,4,0,64.6,human,1,citizenship_wd
Q62129047,Jovah Kamateeka,Jovah Kamateeka,4,0,64.6,human,2,birth_death_wd|citizenship_wd
Q62129125,Noeline Kisembo Basemera,Noeline Kisembo Basemera,4,0,64.6,human,1,citizenship_wd
Q62129326,Mutonyi Rose Masaaba,Rose Mutonyi Masaaba,4,0,64.6,human,2,birth_death_wd|citizenship_wd
Q6224194,John Byabagambi,John Byabagambi,4,0,64.6,human,2,birth_death_wd|citizenship_wd
Q6228923,John Ddumba Ssentamu,John Ddumba Ssentamu,4,0,64.6,human,2,birth_death_wd|citizenship_wd
Q62480234,Stella Namoe Nyomera,Stella Namoe Nyomera,4,0,64.6,human,2,birth_death_wd|citizenship_wd
Q62480909,Julie Mukoda Zabwe,Julie Mukoda Zabwe,4,0,64.6,human,2,birth_death_wd|citizenship_wd
Q62487344,Najjuma Sarah,Sarah Najjuma,4,0,64.6,human,2,birth_death_wd|citizenship_wd
Q62519498,Regina Mukiibi,Regina Mukiibi,4,0,64.6,human,2,birth_death_wd|citizenship_wd
Q62697266,Vanessa Erogbogbo,Vanessa Erogbogbo,4,0,64.6,human,2,birth_death_wd|citizenship_wd
Q6287007,James Simpson,James Simpson (Ugandan politician),4,0,64.6,human,2,citizenship_wd|keyword_title
Q63100313,Olive Kobusingye,Olive Kobusingye,4,0,64.6,human,1,birth_death_wd
Q63135990,Julian Adyeri Omalla,Julian Adyeri Omalla,4,0,64.6,human,1,citizenship_wd
Q6346972,Otafiire Kahinda,Kahinda Otafiire,4,0,64.6,human,2,birth_death_wd|citizenship_wd
Q6359111,Kampala International School,Kampala International School,4,0,64.6,"school, international school",2,country_wd|keyword_title
Q6359123,Sheraton Kampala Hotel,Sheraton Kampala Hotel,4,0,64.6,hotel,2,country_wd|keyword_title
Q6374115,Kasenyi  Airport,Kasenyi Airport,4,0,64.6,airstrip,1,country_wd
Q63831113,ISBAT University,ISBAT University,4,0,64.6,university,1,country_wd
Q64009522,Vanita Kayiwa,Vanita Kayiwa,4,0,64.6,human,1,citizenship_wd
Q64009526,Tina Drazu,Tina Drazu,4,0,64.6,human,2,birth_death_wd|citizenship_wd
Q6404081,Kibuli Secondary School,Kibuli Secondary School,4,0,64.6,school,1,country_wd
Q6417691,Kitagata,"Kitagata, Uganda",4,0,64.6,"human settlement, sub-county of Uganda",2,country_wd|keyword_title
Q6417694,Kitagata Hot Springs,Kitagata Hot Springs,4,0,64.6,hot spring,1,country_wd
Q64210812,Flavia Namakula,Flavia Namakula,4,0,64.6,human,2,birth_death_wd|citizenship_wd
Q6427485,Kololo Senior Secondary School,Kololo Senior Secondary School,4,0,64.6,school,1,country_wd
Q6450357,Kwete,Kwete,4,0,64.6,,1,country_wd
Q64971706,Poland–Uganda relations,Poland–Uganda relations,4,0,64.6,bilateral relation,2,country_wd|keyword_title
Q6504582,Lawrence Segawa,Lawrence Segawa,4,0,64.6,human,2,birth_death_wd|citizenship_wd
Q65486221,Sarah Arapta,Sarah Arapta,4,0,64.6,human,1,birth_death_wd
Q66685096,Edward Kalungi,Edward Kalungi,4,0,64.6,human,1,birth_death_wd
Q66817359,Stephen Kaziimba,Stephen Kaziimba,4,0,64.6,human,1,birth_death_wd
Q6687538,Louis Kasekende,Louis Kasekende,4,0,64.6,human,2,birth_death_wd|citizenship_wd
Q6706611,Luzira,Luzira,4,0,64.6,neighborhood,1,country_wd
Q6706613,Luzira Maximum Security Prison,Luzira Maximum Security Prison,4,0,64.6,prison,1,country_wd
Q67080169,Mukisa Robina Hope,Robina Hope Mukisa,4,0,64.6,human,2,birth_death_wd|citizenship_wd
Q6727658,Madi-Okollo County,Madi-Okollo,4,0,64.6,county of Uganda,1,country_wd
Q6739284,Makerere College School,Makerere College School,4,0,64.6,school,1,country_wd
Q6741517,Malawi–Uganda relations,Malawi–Uganda relations,4,0,64.6,bilateral relation,2,country_wd|keyword_title
Q6754736,Maramagambo Forest,Maramagambo Forest,4,0,64.6,forest,1,country_wd
Q6782423,Masaka Secondary School,Masaka Secondary School,4,0,64.6,"school, boarding school",1,country_wd
Q6817018,Mengo,"Mengo, Uganda",4,0,64.6,neighborhood,2,country_wd|keyword_title
Q6830161,Michael Ezra,Michael Ezra,4,0,64.6,human,2,birth_death_wd|citizenship_wd
Q6867037,Ministry of Foreign Affairs of the Republic of Uganda,Ministry of Foreign Affairs (Uganda),4,0,64.6,"foreign affairs ministry, ministry of Uganda",3,country_wd|keyword_title|part_of_wd
Q6960316,Nakasero Market,Nakasero Market,4,0,64.6,"market, human-geographic territorial entity",1,country_wd
Q6963321,Nandikishore Patel,Nandikishore Patel,4,0,64.6,human,1,citizenship_wd
Q6979352,National Water and Sewerage Corporation,National Water and Sewerage Corporation,4,0,64.6,"public utility, business",1,country_wd
Q6987756,Nehal Bibodi,Nehal Bibodi,4,0,64.6,human,1,citizenship_wd
Q6990732,Nelson Sewankambo,Nelson Sewankambo,4,0,64.6,human,2,birth_death_wd|citizenship_wd
Q7042657,Nkumba University,Nkumba University,4,0,64.6,university,1,country_wd
Q7083109,Olara Otunnu,Olara Otunnu,4,0,64.6,human,1,citizenship_wd
Q7093636,Onegi Obel,Onegi Obel,4,0,64.6,human,1,citizenship_wd
Q7173111,Peter Byaruhanga,Peter Byaruhanga,4,0,64.6,human,2,birth_death_wd|citizenship_wd
Q7175509,Peter Lokeris,Peter Lokeris,4,0,64.6,human,2,birth_death_wd|citizenship_wd
Q7176053,Peter Nazareth,Peter Nazareth,4,0,64.6,human,2,birth_death_wd|citizenship_wd
Q71976585,Brenda Katwesigye,Brenda Katwesigye,4,0,64.6,human,1,citizenship_wd
Q7234414,Postnet Omony,Postnet Omony,4,0,64.6,human,2,birth_death_wd|citizenship_wd
Q7272863,Quorn Handley,Quorn Handley,4,0,64.6,human,1,birth_death_wd
Q7299051,Raymond Otim,Raymond Otim,4,0,64.6,human,2,birth_death_wd|citizenship_wd
Q7324513,Richard Byarugaba,Richard Byarugaba,4,0,64.6,human,2,birth_death_wd|citizenship_wd
Q7349692,Robert Serumaga,Robert Serumaga,4,0,64.6,human,2,birth_death_wd|citizenship_wd
Q7382331,Russia–Uganda relations,Russia–Uganda relations,4,0,64.6,bilateral relation,2,country_wd|keyword_title
Q7395791,Saba Saba,Saba Saba,4,0,64.6,human,2,birth_death_wd|citizenship_wd
Q7407949,Sam Musenze,Sam Musenze,4,0,64.6,human,2,birth_death_wd|citizenship_wd
Q7412588,Samuel Sejjaaka,Samuel Sejjaaka,4,0,64.6,human,2,birth_death_wd|citizenship_wd
Q7445952,Seeta,"Seeta, Uganda",4,0,64.6,human settlement,2,country_wd|keyword_title
Q7489660,Sharif Bogere,Sharif Bogere,4,0,64.6,human,2,birth_death_wd|citizenship_wd
Q7518558,Simon D'Ujanga,Simon D'Ujanga,4,0,64.6,human,2,birth_death_wd|citizenship_wd
Q7518688,Simon Ejua,Simon Ejua,4,0,64.6,human,2,birth_death_wd|citizenship_wd
Q7563661,Soroti University,Soroti University,4,0,64.6,university,1,country_wd
Q7608889,Stephen Chebrot,Stephen Chebrot,4,0,64.6,human,2,birth_death_wd|citizenship_wd
Q7610110,Stephen Nsereko,Stephen Nsereko,4,0,64.6,human,2,birth_death_wd|citizenship_wd
Q76778764,Diana Nabatanzi,Diana Nabatanzi,4,0,64.6,human,1,citizenship_wd
Q7703215,Terrafrica partnership,Terrafrica partnership,4,0,64.6,,1,country_wd
Q77308962,Ekwaro Obuku,Ekwaro Obuku,4,0,64.6,human,1,citizenship_wd
Q7807601,Timothy Wangusa,Timothy Wangusa,4,0,64.6,human,1,citizenship_wd
Q7877598,Uganda Green Party,Uganda Green Party,4,0,64.6,green party,2,country_wd|keyword_title
Q7877619,Uganda National Rescue Front,Uganda National Rescue Front,4,0,64.6,,2,country_wd|keyword_title
Q7877620,Uganda Pentecostal University,Uganda Pentecostal University,4,0,64.6,university,2,country_wd|keyword_title
Q7877634,Uganda Virus Research Institute,Uganda Virus Research Institute,4,0,64.6,research institute,2,country_wd|keyword_title
Q7877643,Uganda at the 1980 Winter Paralympics,Uganda at the 1980 Winter Paralympics,4,0,64.6,Paralympics delegation,2,country_wd|keyword_title
Q7877663,Uganda national netball team,Uganda national netball team,4,0,64.6,Q131785111,2,country_wd|keyword_title
Q7877674,Ugandan English,Ugandan English,4,0,64.6,dialect,2,country_wd|keyword_title
Q7877682,1961 Ugandan general election,1961 Ugandan general election,4,0,64.6,Ugandan general election,3,country_wd|keyword_title|part_of_wd
Q7877683,1962 Ugandan general election,1962 Ugandan general election,4,0,64.6,Ugandan general election,3,country_wd|keyword_title|part_of_wd
Q7877688,"Ugandan multi-party referendum, 2005",2005 Ugandan multi-party referendum,4,0,64.6,referendum,2,country_wd|keyword_title
Q7974756,Watoto Church,Watoto Church,4,0,64.6,church building,2,country_wd|keyword_title
Q8023150,Wilson Muruuli Mukasa,Wilson Muruli Mukasa,4,0,64.6,human,2,birth_death_wd|citizenship_wd
Q83613975,Simon Peter Kinobe,Simon Peter Kinobe,4,0,64.6,human,1,citizenship_wd
Q84348596,Geoffrey Wasswa,Geoffrey Wasswa,4,0,64.6,human,2,birth_death_wd|citizenship_wd
Q84702556,Denis Obua,Denis Obua (politician),4,0,64.6,human,2,birth_death_wd|citizenship_wd
Q84969744,Ugandan cricket team in Qatar in 2019–20,Ugandan cricket team in Qatar in 2019–20,4,0,64.6,,2,country_wd|keyword_title
Q85020286,Maria G. N. Musoke,Maria Musoke,4,0,64.6,human,1,citizenship_wd
Q85250508,Faith Kakembo,Faith Kakembo,4,0,64.6,human,1,birth_death_wd
Q85851550,Nyege Nyege,Nyege Nyege,4,0,64.6,"festival, party",1,country_wd
Q86212210,Doreen Nyanjura,Doreen Nyanjura,4,0,64.6,human,2,birth_death_wd|citizenship_wd
Q86754228,Paul Masaba,Paul Masaba,4,0,64.6,human,1,citizenship_wd
Q86846344,James Bukomeko,James Bukomeko,4,0,64.6,human,1,birth_death_wd
Q87349870,Johnson Twinomujuni,Johnson Twinomujuni,4,0,64.6,human,2,birth_death_wd|citizenship_wd
Q87451176,Benon Magezi,Benon Magezi,4,0,64.6,human,2,birth_death_wd|citizenship_wd
Q88651719,Chukwuemeka Jude Diji,Chukwuemeka Jude Diji,4,0,64.6,human,1,birth_death_wd
Q89276979,Jane Frances Abodo,Jane Frances Abodo,4,0,64.6,human,2,birth_death_wd|citizenship_wd
Q89410552,Michael Atingi-Ego,Michael Atingi-Ego,4,0,64.6,human,2,birth_death_wd|citizenship_wd
Q90139168,Naomi Kayondo,Naome Bagenda,4,0,64.6,human,1,citizenship_wd
Q90914975,Safia Juuko Nalule,Safia Juuko Nalule,4,0,64.6,human,2,birth_death_wd|citizenship_wd
Q90920801,Rosemary Nauwat,Rosemary Nauwat,4,0,64.6,human,2,birth_death_wd|citizenship_wd
Q90923330,Bigirwa Norah Nyendwoha,Norah Bigirwa-Nyendwoha,4,0,64.6,human,2,birth_death_wd|citizenship_wd
Q90927411,Baguma Spellanza Muhenda,Spellanza Baguma Muhenda,4,0,64.6,human,2,birth_death_wd|citizenship_wd
Q90929827,Osoru Mourine,Mourine Osoru,4,0,64.6,human,1,birth_death_wd
Q9201397,Daniel Mulumba,Daniel Mulumba,4,0,64.6,human,1,citizenship_wd
Q9202628,David Jackson,David Jackson (Ugandan boxer),4,0,64.6,human,3,birth_death_wd|citizenship_wd|keyword_title
Q9252924,Elly Kitamireke,Elly Kitamireke,4,0,64.6,human,1,citizenship_wd
Q9267271,George Moraes,George Moraes (field hockey),4,0,64.6,human,1,citizenship_wd
Q9291377,Herbert Kajumba,Herbert Kajumba,4,0,64.6,human,1,citizenship_wd
Q93491663,Sam Bagenda,Sam Bagenda,4,0,64.6,human,2,birth_death_wd|citizenship_wd
Q95478877,Sharifu Kiragga Tusuubira,Sharifu Kiragga Tusuubira,4,0,64.6,human,2,birth_death_wd|citizenship_wd
Q95746953,Wekomba Sarah Nambozo,Sarah Nambozo Wekomba,4,0,64.6,human,1,birth_death_wd
Q95918194,Janet Grace Akech Okori-Moe,Janet Grace Akech Okori-Moe,4,0,64.6,human,2,birth_death_wd|citizenship_wd
Q96370224,2020 East Africa floods,2020 East Africa floods,4,0,64.6,flood,1,country_wd
Q96377582,FUFA Women Super League,FUFA Women Super League,4,0,64.6,"association football league, recurring sporting event",2,country_wd|keyword_title
Q96474815,Anne Nasimiyu Wasike,Anne Nasimiyu Wasike,4,0,64.6,human,1,citizenship_wd
Q96742223,Jacqueline Asiimwe,Jacqueline Asiimwe,4,0,64.6,human,1,birth_death_wd
Q96769674,Tayebwa Thomas,Thomas Tayebwa,4,0,64.6,human,2,birth_death_wd|citizenship_wd
Q96787826,Barbara Saben,Barbara Saben,4,0,64.6,human,1,citizenship_wd
Q97499254,Abubakar Kasule,Abubakar Kasule,4,0,64.6,human,2,birth_death_wd|citizenship_wd
Q100172714,Yusuf Mukisa,Yusuf Mukisa,3,0,60.9,human,2,birth_death_wd|citizenship_wd
Q100173920,Lawrence Nduga,Lawrence Nduga,3,0,60.9,human,2,birth_death_wd|citizenship_wd
Q100257515,Charles Oluka,Charles Oluka,3,0,60.9,human,2,birth_death_wd|citizenship_wd
Q100287994,Shaban Opolot,Shaban Opolot,3,0,60.9,human,1,birth_death_wd
Q100307846,BigTril,BigTril,3,0,60.9,human,1,citizenship_wd
Q100884652,Dane Miller Jr.,Dane Miller Jr.,3,0,60.9,human,1,citizenship_wd
Q101095774,Samuel Wambuzi,Samuel Wako Wambuzi,3,0,60.9,human,2,birth_death_wd|citizenship_wd
Q102182713,Raphael Magyezi,Raphael Magyezi,3,0,60.9,human,1,citizenship_wd
Q104037541,Kalaki District,Kalaki District,3,0,60.9,district of Uganda,1,country_wd
Q104857551,Mahathi Fuel Transport and Storage Depot,Mahathi Fuel Transport and Storage Depot,3,0,60.9,,1,country_wd
Q104858222,Arua Hill Sports Club,Arua Hill S.C.,3,0,60.9,"association football club, sports organization",1,country_wd
Q104869924,Arube uprising,Arube uprising,3,0,60.9,attempted coup d'état,2,country_wd|keyword_title
Q10490978,Joseph Fotso,Joseph Fotso,3,0,60.9,human,2,birth_death_wd|citizenship_wd
Q105038407,Operation Dada Idi,Operation Dada Idi,3,0,60.9,military operation,1,country_wd
Q105038459,Uganda–Yugoslavia relations,Uganda–Yugoslavia relations,3,0,60.9,bilateral relation,2,country_wd|keyword_title
Q105273154,Fox Odoi-Oywelowo,Fox Odoi-Oywelowo,3,0,60.9,human,1,citizenship_wd
Q105442136,Action for Development,Action for Development,3,0,60.9,"non-governmental organization, women's organization",1,country_wd
Q105760454,Patrick Oboi Amuriat,Patrick Amuriat,3,0,60.9,human,2,birth_death_wd|citizenship_wd
Q105761146,Bebona Josephine Babungi,Babungi Josephine Bebona,3,0,60.9,human,2,birth_death_wd|citizenship_wd
Q105839727,Nyakato Asinansi,Asinansi Nyakato,3,0,60.9,human,2,birth_death_wd|citizenship_wd
Q105883328,Sauda Kauma,Sauda Kauma,3,0,60.9,human,2,birth_death_wd|citizenship_wd
Q105905593,Uganda Women Parliamentary Association,Uganda Women Parliamentary Association,3,0,60.9,parliamentary group,2,country_wd|keyword_title
Q105942699,Flavia Nabagabe Kalule,Flavia Nabagabe Kalule,3,0,60.9,human,1,citizenship_wd
Q105955350,Auma Kenny,Kenny Auma,3,0,60.9,human,2,birth_death_wd|citizenship_wd
Q105956689,Juliet Kakande Nakabuye,Juliet Kakande Nakabuye,3,0,60.9,human,1,citizenship_wd
Q105956858,Asiimwe Florence Akiiki,Florence Akiiki Asiimwe,3,0,60.9,human,2,birth_death_wd|citizenship_wd
Q105958498,Medius Kaharata Natukunda,Medius Kaharata Natukunda,3,0,60.9,human,2,birth_death_wd|citizenship_wd
Q105962427,Mukhaye Miriam,Miriam Mukhaye,3,0,60.9,human,2,birth_death_wd|citizenship_wd
Q105963103,Nakazibwe Hope Grania,Hope Nakazibwe Grania,3,0,60.9,human,2,birth_death_wd|citizenship_wd
Q105966714,Margret Okunga Makoha,Margret Okunga Makoha,3,0,60.9,human,2,birth_death_wd|citizenship_wd
Q106095789,Harriet Businge,Harriet Businge,3,0,60.9,human,2,birth_death_wd|citizenship_wd
Q106315112,Violet A. Akurut,Violet A. Akurut,3,0,60.9,human,1,citizenship_wd
Q106424937,Sylvia Cheptoris,Sylvia Cheptoris,3,0,60.9,human,1,citizenship_wd
Q106452769,Birungi Carolyn Nanyondo,Nanyondo Birungi Carolyn,3,0,60.9,human,3,birth_death_wd|citizenship_wd|language_wd
Q106452785,Stella Kizza,Stella Kizza,3,0,60.9,human,1,citizenship_wd
Q106536169,Edward Kizza,Edward Kizza,3,0,60.9,human,2,birth_death_wd|citizenship_wd
Q106611197,Florence Tumuhairwe,Tumuheirwe Florence,3,0,60.9,human,2,birth_death_wd|citizenship_wd
Q106611291,Cathy Patra,Cathy Patra,3,0,60.9,human,1,citizenship_wd
Q106612689,Irene Linda Mugisha,Irene Linda Mugisha,3,0,60.9,human,2,birth_death_wd|citizenship_wd
Q10686009,"Embassy of Sweden, Kampala",,3,0,60.9,embassy,2,country_wd|part_of_wd
Q106936816,Ham Mukasa Museum,Ham Mukasa Museum,3,0,60.9,museum,1,country_wd
Q106991171,Kabaka's Lake,Kabaka's Lake,3,0,60.9,"heritage site, artificial lake",1,country_wd
Q107119994,Denis Rukundo,Denis Rukundo,3,0,60.9,human,1,birth_death_wd
Q107169463,Kiryowa Kiwanuka,Kiryowa Kiwanuka,3,0,60.9,human,1,citizenship_wd
Q107289275,Robina Ssentongo,Robina Sentongo,3,0,60.9,human,1,citizenship_wd
Q107359923,Iddi Basajjabalaba Memorial Library,The Iddi Basajjabalaba Memorial Library,3,0,60.9,academic library,1,country_wd
Q107453272,Betty Mpeka,Betty Mpeka,3,0,60.9,human,2,birth_death_wd|citizenship_wd
Q107456695,Patrick Ogwang,Patrick Ogwang,3,0,60.9,human,1,citizenship_wd
Q107548288,James Okello,James Okello,3,0,60.9,human,2,birth_death_wd|citizenship_wd
Q107711205,Aminah Zawedde,Aminah Zawedde,3,0,60.9,human,2,citizenship_wd|language_wd
Q107717839,Catherine Nanziri,Catherine Nanziri,3,0,60.9,human,1,birth_death_wd
Q108114402,Davis Kamukama,Davis Kamukama,3,0,60.9,human,1,citizenship_wd
Q108314425,Grace Muliisa,Grace Muliisa,3,0,60.9,human,1,citizenship_wd
Q108336637,Moses Okot Jr,Moses Okot Jr,3,0,60.9,human,2,birth_death_wd|citizenship_wd
Q108364967,Morris Ogenga Latigo,Morris Ogenga Latigo,3,0,60.9,human,2,birth_death_wd|citizenship_wd
Q108602397,Ronald Reagan Okumu,Ronald Reagan Okumu,3,0,60.9,human,1,citizenship_wd
Q10874237,ambassador of China to Uganda,List of ambassadors of China to Uganda,3,0,60.9,position,3,country_wd|keyword_title|part_of_wd
Q108899143,Isingiro Water Supply and Sanitation Project,Isingiro Water Supply and Sanitation Project,3,0,60.9,,1,country_wd
Q109058900,Former Uganda National Army,Former Uganda National Army,3,0,60.9,guerrilla organization,2,country_wd|keyword_title
Q109529927,Suzan Mweheire Kitariko,Suzan Mweheire Kitariko,3,0,60.9,human,1,citizenship_wd
Q109536816,Kichwamba massacre,Kichwamba massacre,3,0,60.9,massacre,1,country_wd
Q109546702,Uganda at the African Games,Uganda at the African Games,3,0,60.9,nation at sport competition,2,country_wd|keyword_title
Q109752034,Emmanuel Iyamulemye,Emmanuel Iyamulemye,3,0,60.9,human,1,citizenship_wd
Q110538780,Sylvia Jagwe Owachi,Sylvia Jagwe Owachi,3,0,60.9,human,1,citizenship_wd
Q110608385,Ray G,Ray G,3,0,60.9,human,1,citizenship_wd
Q110884991,Evelyn Namara,Evelyn Namara,3,0,60.9,human,1,citizenship_wd
Q110915789,Sarah Kagingo,Sarah Kagingo,3,0,60.9,human,1,birth_death_wd
Q110982815,Nectarios Kabuye,,3,0,60.9,human,2,birth_death_wd|citizenship_wd
Q110999044,Judy Rugasira Kyanda,Judy Rugasira Kyanda,3,0,60.9,human,1,citizenship_wd
Q111082010,Babiiha Jane Alisemera,Babiiha Jane Alisemera,3,0,60.9,human,1,citizenship_wd
Q111089868,Acen Rhoda,Acen Rhoda,3,0,60.9,human,1,citizenship_wd
Q111091947,Margaret Angufiru,Angufiru Margaret,3,0,60.9,human,1,citizenship_wd
Q111178116,Kyokuhairwa Kyaka Viccy,Kyokuhairwa Kyaka Vicky,3,0,60.9,human,1,citizenship_wd
Q111292264,Ruth Tuma,Ruth Tuma,3,0,60.9,human,1,citizenship_wd
Q111293047,Jacqueline Kyatuheire,Jacqueline Kyatuheire,3,0,60.9,human,2,birth_death_wd|citizenship_wd
Q111322940,Kaboyo Alice,Alice Kaboyo,3,0,60.9,human,1,citizenship_wd
Q111335873,Nvumetta Ruth Kavuma,Nvumetta Ruth Kavuma,3,0,60.9,human,1,citizenship_wd
Q111349310,Joyce Kwebiha,Kwebiha Joyce,3,0,60.9,human,1,citizenship_wd
Q111372379,Namaganda Susan,Namaganda Susan,3,0,60.9,human,2,birth_death_wd|citizenship_wd
Q111383137,Grace Isingoma Byarugaba,Byarugaba Grace Isingoma,3,0,60.9,human,1,citizenship_wd
Q111383455,Florence Kintu,Kintu Florence,3,0,60.9,human,1,citizenship_wd
Q111418019,Auru Anne,Auru Anne,3,0,60.9,human,1,citizenship_wd
Q111422299,Acayo Christine Cwinya,Acayo Christine Cwinya,3,0,60.9,human,1,citizenship_wd
Q111439647,Nangoli Gerald,Gerald Nangoli,3,0,60.9,human,2,birth_death_wd|citizenship_wd
Q111441060,Nabulya Theopista Sssentongo,Nabulya Theopista Ssentongo,3,0,60.9,human,1,citizenship_wd
Q111462677,Joy Ruth Acheng,Joy Ruth Acheng,3,0,60.9,human,1,citizenship_wd
Q111524978,Busingye Peninah Kabingani,Busingye Peninah Kabingani,3,0,60.9,human,1,citizenship_wd
Q111530450,Winnie Nwagi,Winnie Nwagi,3,0,60.9,human,3,birth_death_wd|citizenship_wd|language_wd
Q111540606,Winifred Kiryabwire,Winifred Kiryabwire,3,0,60.9,human,1,citizenship_wd
Q111685296,Zambaali Bulasio Mukasa,Bulasio Mukasa,3,0,60.9,human,2,birth_death_wd|citizenship_wd
Q111700178,Juliet Sekabunga,Juliet Sekabunga Nalwanga,3,0,60.9,human,1,citizenship_wd
Q111843572,Lawrence Kasadha,Lawrence Kasadha,3,0,60.9,human,1,citizenship_wd
Q111924939,Uganda Railway Museum,Uganda Railway Museum,3,0,60.9,"museum, railway museum",2,country_wd|keyword_title
Q111943001,Uganda at the 2022 Commonwealth Games,Uganda at the 2022 Commonwealth Games,3,0,60.9,nation at sport competition,2,country_wd|keyword_title
Q111948204,Masaka–Mbarara Water Supply and Sanitation Project,Masaka–Mbarara Water Supply and Sanitation Project,3,0,60.9,,1,country_wd
Q112078133,Uganda Wildlife Conservation Education Center,Uganda Wildlife Conservation Education Centre,3,0,60.9,"zoo, Conservation Education Centre",2,country_wd|keyword_title
Q112124781,Uganda Forestry Working Group,Uganda Forestry Working Group,3,0,60.9,organization,2,country_wd|keyword_title
Q112317778,Janat Chemusto,Janat Chemusto,3,0,60.9,human,1,citizenship_wd
Q112648868,Rukungiri Water Supply and Sanitation Project,Rukungiri Water Supply and Sanitation Project,3,0,60.9,,1,country_wd
Q113549921,Flavia Senkubuge,Flavia Senkubuge,3,0,60.9,human,1,birth_death_wd
Q113840926,She Corporate Football Club,She Corporate FC,3,0,60.9,association football club,1,country_wd
Q114263461,Busega Martyrs Memorial,Busega Martyrs Memorial,3,0,60.9,"heritage site, church building, monument",1,country_wd
Q114554350,Fort Lugard,Fort Lugard,3,0,60.9,"museum, fort",2,country_wd|keyword_title
Q115941035,Bathsheba Okwenje,Bathsheba Okwenje,3,0,60.9,human,1,citizenship_wd
Q116603765,Aguti Sarah,Sarah Aguti Nyangkori,3,0,60.9,human,2,birth_death_wd|citizenship_wd
Q116890347,Lawrence Lorot,,3,0,60.9,human,2,birth_death_wd|citizenship_wd
Q116911283,Annet Chemengich Chelangat,,3,0,60.9,human,1,citizenship_wd
Q117265856,"Anti-Homosexuality Bill, 2023","Anti-Homosexuality Act, 2023",3,0,60.9,act of parliament,3,country_wd|keyword_title|part_of_wd
Q11727172,Jildo Irwa,,3,0,60.9,human,1,birth_death_wd
Q11727920,John Kyazze,John Kyazze,3,0,60.9,human,1,citizenship_wd
Q117476533,Joram Muzira,Joram Muzira,3,0,60.9,human,1,citizenship_wd
Q118365777,Sandra Aceng,Sandra Aceng,3,0,60.9,human,1,citizenship_wd
Q118411924,Tom Okia Okurut,Tom Okurut,3,0,60.9,human,2,birth_death_wd|citizenship_wd
Q119149376,Aruu Falls,Aruu Falls,3,0,60.9,waterfall,1,country_wd
Q119396766,Paul Kato Lubwama,Kato Lubwama,3,0,60.9,human,3,birth_death_wd|citizenship_wd|language_wd
Q119546666,Jannon Otto,Jannon Otto,3,0,60.9,human,1,citizenship_wd
Q120082755,Ugandan cricket team in Namibia in 2023,Ugandan cricket team in Namibia in 2023,3,0,60.9,sports tour,2,country_wd|keyword_title
Q120629782,Management and Conservation of Wetlands In Uganda,Management and conservation of wetlands in Uganda,3,0,60.9,,2,country_wd|keyword_title
Q120973040,Art Gallery Uganda,Afriart Gallery,3,0,60.9,,2,country_wd|keyword_title
Q121501039,Wamala Tombs,Wamala Tombs,3,0,60.9,tomb,1,country_wd
Q121538523,Miriadua waterfalls,Miriadua Falls,3,0,60.9,waterfall,1,country_wd
Q121608394,Uganda at the 2021 Summer World University Games,Uganda at the 2021 Summer World University Games,3,0,60.9,nation at sport competition,2,country_wd|keyword_title
Q122023112,Irene Eyaru,Irene Eyaru,3,0,60.9,human,1,citizenship_wd
Q122909956,Disability in Uganda,Disability in Uganda,3,0,60.9,aspect in a geographic region,2,country_wd|keyword_title
Q123002698,Allan Enyou,Allan Enyou,3,0,60.9,human,1,citizenship_wd
Q123200540,Uganda Muslim Supreme Council,Uganda Muslim Supreme Council,3,0,60.9,Islamic organization,2,country_wd|keyword_title
Q12327985,Mustapha Wasajja,,3,0,60.9,human,2,birth_death_wd|citizenship_wd
Q123459616,Young African Refugees for Integral Development,Young African Refugees for Integral Development,3,0,60.9,"non-governmental organization, charitable organization",1,country_wd
Q123506765,Jovia Mutesi,Jovia Mutesi,3,0,60.9,human,3,birth_death_wd|citizenship_wd|ethnic_group_wd
Q123584790,Ruth Kalibbala Bwanika,Ruth Kalibbala Bwanika,3,0,60.9,human,2,citizenship_wd|language_wd
Q123608985,Kiwumulo Cave,Kiwumulo Cave,3,0,60.9,cave,1,country_wd
Q123677388,Ramz Kawooya,Ramz Kawooya,3,0,60.9,human,2,birth_death_wd|citizenship_wd
Q123717333,Hoima Sports Stadium,Hoima City Stadium,3,0,60.9,"stadium, sports venue, association football venue",1,country_wd
Q124051887,Mr. Lee B2C,Mr. Lee B2C,3,0,60.9,human,2,birth_death_wd|citizenship_wd
Q124250858,Kadodi,,3,0,60.9,type of dance,1,country_wd
Q124251084,Orunyege-Ntogoro,Orunyege-Ntogoro,3,0,60.9,type of dance,1,country_wd
Q124339480,Dingi Dingi dance,,3,0,60.9,type of dance,1,country_wd
Q124352993,Ebyevugo,Ebyevugo,3,0,60.9,,1,country_wd
Q124394995,Steven Kabuye,Steven Kabuye,3,0,60.9,human,1,citizenship_wd
Q124474913,Lugave Clan,Lugave Clan,3,0,60.9,clan,1,country_wd
Q124486458,Uganda at the 2024 World Aquatics Championships,Uganda at the 2024 World Aquatics Championships,3,0,60.9,nation at sport competition,2,country_wd|keyword_title
Q124616075,Hope Akello,Hope Akello,3,0,60.9,human,1,citizenship_wd
Q124625598,Nte Clan,Nte Clan,3,0,60.9,clan,1,country_wd
Q124632941,Ngeye Clan,Ngeye Clan,3,0,60.9,clan,1,country_wd
Q124719669,Jovan Kiryabwire,Jovan Kiryabwire,3,0,60.9,human,2,birth_death_wd|citizenship_wd
Q125280005,Ajok Lucy,Ajok Lucy,3,0,60.9,human,1,citizenship_wd
Q125317431,Stephen Kiggundu,Stephen Kiggundu,3,0,60.9,human,1,citizenship_wd
Q125338138,Akumu Catherine Mavenjina,Akumu Catherine Mavenjina,3,0,60.9,human,2,birth_death_wd|citizenship_wd
Q125361348,Lillian Bagala,Lillian Bagala,3,0,60.9,human,1,citizenship_wd
Q1253858,list of ambassadors of Israel to Uganda,List of ambassadors of Israel to Uganda,3,0,60.9,Wikimedia list of persons by position held,3,country_wd|keyword_title|part_of_wd
Q125635170,Soft Ground Wrestling,Soft Ground Wrestling,3,0,60.9,"wrestling, professional wrestling, planned event",1,country_wd
Q125750504,Ekwau Ibi Florence,Ekwau Ibi Florence,3,0,60.9,human,1,citizenship_wd
Q125750514,Grace Namara,Grace Namara,3,0,60.9,human,1,citizenship_wd
Q126477627,River Ayago,River Ayago,3,0,60.9,river,1,country_wd
Q126721549,Lake Rwizongo,Lake Rwizongo,3,0,60.9,volcanic crater lake,1,country_wd
Q126908167,Lake Nshenyi,Lake Nshenyi,3,0,60.9,lake,1,country_wd
Q126915619,Lake Kamunzuku,Lake Kamunzuku,3,0,60.9,lake,1,country_wd
Q127693492,Pamela Enyonu,Pamela Enyonu,3,0,60.9,human,1,citizenship_wd
Q127784750,Crispin Kaheru,Crispin Kaheru,3,0,60.9,human,1,citizenship_wd
Q127785174,Lamex Omara Apitta,Lamex Omara Apitta,3,0,60.9,human,1,citizenship_wd
Q127790894,Simeo Muwanga Nsubuga,Simeo Muwanga Nsubuga,3,0,60.9,human,1,citizenship_wd
Q12858655,John Ruganda,John Ruganda,3,0,60.9,human,2,birth_death_wd|citizenship_wd
Q129772535,Makerere University WFC,Makerere University WFC,3,0,60.9,association football club,1,country_wd
Q129778271,Lady Doves WFC,Lady Doves FC,3,0,60.9,"association football club, women's association football club",1,country_wd
Q129978915,Jinja North United FC,Jinja North United FC,3,0,60.9,"association football club, sports club",1,country_wd
Q130314223,Kiiza Arafat Usama,Arafat Kiza Usama,3,0,60.9,human,1,citizenship_wd
Q130347757,Jack Komakech,Jack Komakech,3,0,60.9,human,1,citizenship_wd
Q130406068,Isaac Zebra Jr,Isaac Zebra Jr,3,0,60.9,human,2,birth_death_wd|citizenship_wd
Q130438301,Uganda women's national under-19 cricket team,Uganda women's national under-19 cricket team,3,0,60.9,,2,country_wd|keyword_title
Q130553897,Paul Lomuria,,3,0,60.9,human,2,birth_death_wd|citizenship_wd
Q130725763,Dennis Kasumba,Dennis Kasumba,3,0,60.9,human,2,birth_death_wd|citizenship_wd
Q131105408,Olivia Mary Nantongo,Olivia Mary Nantongo,3,0,60.9,human,2,birth_death_wd|citizenship_wd
Q131179358,Wilton Sebastian Kezala,Wilton Sebastian Kezala,3,0,60.9,human,3,birth_death_wd|citizenship_wd|language_wd
Q131267963,Fatumah Asha,Fatumah Asha,3,0,60.9,human,1,citizenship_wd
Q131277807,Sasha Ferguson,Sasha Ferguson,3,0,60.9,human,2,citizenship_wd|language_wd
Q131301500,Anny Katabaazi Bwengye,Anny Katabaazi Bwengye,3,0,60.9,human,1,citizenship_wd
Q131401843,Doreck Ankunda,Doreck Ankunda,3,0,60.9,human,2,birth_death_wd|citizenship_wd
Q131414564,Asha Noppeney,Asha Noppeney,3,0,60.9,"human, African people, person of color",2,birth_death_wd|citizenship_wd
Q131443328,River Enyau,River Enyau,3,0,60.9,,1,country_wd
Q133154856,Abairo Falls,Abairo Falls,3,0,60.9,waterfall,1,country_wd
Q133816901,Sarah Wasagali Kanaabi,Sarah Wasagali Kanaabi,3,0,60.9,human,2,birth_death_wd|citizenship_wd
Q133820056,Lydia Mungherera,Lydia Mungherera,3,0,60.9,human,1,citizenship_wd
Q133824254,Madina Amin,Madina Amin,3,0,60.9,human,1,citizenship_wd
Q134042986,Eunice Lubega Posnansky,Eunice Lubega Posnansky,3,0,60.9,human,1,citizenship_wd
Q135916392,Amos Nyathirombo,Amos Nyathirombo,3,0,60.9,human,1,citizenship_wd
Q136236857,Uganda at the 2025 World Athletics Championships,Uganda at the 2025 World Athletics Championships,3,0,60.9,nation at sport competition,2,country_wd|keyword_title
Q136346072,2025–26 Uganda Premier League,2025–26 Uganda Premier League,3,0,60.9,sports season,2,country_wd|keyword_title
Q136663956,Nancy Chepkwurui,Nancy Chepkwurui,3,0,60.9,human,1,citizenship_wd
Q137972068,Rose Nalubowa,Rose Nalubowa,3,0,60.9,human,2,citizenship_wd|language_wd
Q137972159,Patricia Magara,Patricia Magara,3,0,60.9,human,2,citizenship_wd|language_wd
Q137972245,Harriet Nakwedde,Harriet Nakwedde,3,0,60.9,human,3,birth_death_wd|citizenship_wd|language_wd
Q137988497,Nakku Fiona,Fiona Nakku,3,0,60.9,human,2,birth_death_wd|citizenship_wd
Q137988549,Nassolo Eugenia,Eugenia Nassolo,3,0,60.9,human,3,birth_death_wd|citizenship_wd|language_wd
Q137988585,Charity Lenia,Charity Lenia,3,0,60.9,human,2,birth_death_wd|citizenship_wd
Q137988668,Namatovu Mastula,Mastula Namatovu,3,0,60.9,human,2,birth_death_wd|citizenship_wd
Q137993772,Pamela Annet Kirungi,Pamela Annet Kirungi,3,0,60.9,human,2,birth_death_wd|citizenship_wd
Q137995601,Ibaseret Josephine,Josephine Ibaseret,3,0,60.9,human,2,birth_death_wd|citizenship_wd
Q138005806,Nyasio Mudimi,Nyasio Mudimi,3,0,60.9,human,2,birth_death_wd|citizenship_wd
Q138024590,Nameere Justine,Justine Nameere,3,0,60.9,human,3,birth_death_wd|citizenship_wd|language_wd
Q138115966,Darlyne Komukama,Darlyne Komukama,3,0,60.9,human,1,citizenship_wd
Q139501379,Salaamu Musumba,Salaamu Musumba,3,0,60.9,human,2,birth_death_wd|citizenship_wd
Q1408749,Festo Kivengere,Festo Kivengere,3,0,60.9,human,1,citizenship_wd
Q14475298,Royal Daisy Airlines,Royal Daisy Airlines,3,0,60.9,airline,1,country_wd
Q1485280,Paraa,Paraa,3,0,60.9,human settlement,1,country_wd
Q14949166,Justinian Tamusuza,Justinian Tamusuza,3,0,60.9,human,1,citizenship_wd
Q14956789,,Nsambya Hospital,3,0,60.9,"hospital, business",1,country_wd
Q15224125,Hima Cement Limited,Hima Cement Limited,3,0,60.9,business,1,country_wd
Q15233586,Kapeeka,Kapeeka,3,0,60.9,"human settlement, sub-county of Uganda",1,country_wd
Q15243147,Lutembe Bay,Lutembe Bay,3,0,60.9,body of water,1,country_wd
Q15243170,Lweeza,Lweeza,3,0,60.9,human settlement,1,country_wd
Q15244001,Makerere University School of Medicine,Makerere University School of Medicine,3,0,60.9,medical school,1,country_wd
Q15252352,Muvumbe Hydroelectric Power Station,Muvumbe Hydroelectric Power Station,3,0,60.9,hydroelectric power station,1,country_wd
Q15488561,Jeremy Bolt,Jeremy Bolt,3,0,60.9,human,1,birth_death_wd
Q15845131,Bweranyangi Girls' Secondary School,Bweranyangi Girls' Senior Secondary School,3,0,60.9,"secondary school, boarding school, girls' school",1,country_wd
Q15924972,John Kabaireho,John Kabaireho,3,0,60.9,human,2,birth_death_wd|citizenship_wd
Q15971032,Umar Semata,Umar Semata,3,0,60.9,human,2,birth_death_wd|citizenship_wd
Q16017445,Jimmy Katumba,Jimmy Katumba,3,0,60.9,human,2,birth_death_wd|citizenship_wd
Q16019740,Matthew Power,Matthew Power,3,0,60.9,human,1,birth_death_wd
Q16106755,Charles Olweny,Charles Olweny,3,0,60.9,human,2,birth_death_wd|citizenship_wd
Q16146560,Joe Atuhaire,Joe Atuhaire,3,0,60.9,human,2,birth_death_wd|citizenship_wd
Q16147044,Stella Arach-Amoko,Stella Arach-Amoko,3,0,60.9,human,1,birth_death_wd
Q16186459,Rwamirama Bright Kanyontore,Bright Rwamirama,3,0,60.9,human,2,birth_death_wd|citizenship_wd
Q16192611,Benon Biraaro,Benon Biraaro,3,0,60.9,human,2,birth_death_wd|citizenship_wd
Q16193010,Kamanda Bataringaya,Kamanda Bataringaya,3,0,60.9,human,2,birth_death_wd|citizenship_wd
Q16193765,Halima Namakula,Halima Namakula,3,0,60.9,human,2,birth_death_wd|citizenship_wd
Q16194624,Kakooza James,James Kakooza,3,0,60.9,human,2,birth_death_wd|citizenship_wd
Q16194682,Charles Mayiga,Charles Mayiga,3,0,60.9,human,2,birth_death_wd|citizenship_wd
Q16194683,Mbadi Wilson Mbasu,Wilson Mbadi,3,0,60.9,human,2,birth_death_wd|citizenship_wd
Q16203739,National Army for the Liberation of Uganda,National Army for the Liberation of Uganda,3,0,60.9,guerrilla organization,2,country_wd|keyword_title
Q16229408,Daisuke Ssegwanyi,Daisuke Ssegwanyi,3,0,60.9,human,1,citizenship_wd
Q16254592,Okada,Okada (motorcycle taxi),3,0,60.9,mode of transport,1,country_wd
Q16729239,George Baguma,George Baguma,3,0,60.9,human,2,birth_death_wd|citizenship_wd
Q16729327,GNL Zamba,GNL Zamba,3,0,60.9,human,2,birth_death_wd|citizenship_wd
Q16733664,Julius Oketta,Julius Oketta,3,0,60.9,human,2,birth_death_wd|citizenship_wd
Q16821393,1968–69 Uganda National First Division League,1968–69 Uganda National First Division League,3,0,60.9,sports season,2,country_wd|keyword_title
Q16821416,1969 Uganda National First Division League,1969 Uganda National First Division League,3,0,60.9,sports season,2,country_wd|keyword_title
Q16821469,1971 Uganda Cup,1971 Uganda Cup,3,0,60.9,sports season,2,country_wd|keyword_title
Q16821633,1977 Uganda Cup,1977 Uganda Cup,3,0,60.9,sports season,2,country_wd|keyword_title
Q16821691,1979 Uganda Cup,1979 Uganda Cup,3,0,60.9,sports season,2,country_wd|keyword_title
Q16821695,1979 Uganda National League,1979 Uganda National League,3,0,60.9,sports season,2,country_wd|keyword_title
Q16821730,1980 Uganda National League,1980 Uganda National League,3,0,60.9,sports season,2,country_wd|keyword_title
Q16821781,1982 Uganda Cup,1982 Uganda Cup,3,0,60.9,sports season,2,country_wd|keyword_title
Q16821817,1983 Uganda Cup,1983 Uganda Cup,3,0,60.9,sports season,2,country_wd|keyword_title
Q16821837,1984 Uganda Cup,1984 Uganda Cup,3,0,60.9,sports season,2,country_wd|keyword_title
Q16821866,1985 Uganda Cup,1985 Uganda Cup,3,0,60.9,sports season,2,country_wd|keyword_title
Q16821907,1986 Uganda Cup,1986 Uganda Cup,3,0,60.9,sports season,2,country_wd|keyword_title
Q16821942,1987 Uganda Cup,1987 Uganda Cup,3,0,60.9,sports season,2,country_wd|keyword_title
Q16821989,1988 Uganda Cup,1988 Uganda Cup,3,0,60.9,sports season,2,country_wd|keyword_title
Q16821993,1988 Uganda Super League,1988 Uganda Super League,3,0,60.9,sports season,2,country_wd|keyword_title
Q16822055,1990 Uganda Cup,1990 Uganda Cup,3,0,60.9,sports season,2,country_wd|keyword_title
Q16822102,1991 Uganda Cup,1991 Uganda Cup,3,0,60.9,sports season,2,country_wd|keyword_title
Q16822148,1992 Uganda Cup,1992 Uganda Cup,3,0,60.9,sports season,2,country_wd|keyword_title
Q16822214,1993 Uganda Cup,1993 Uganda Cup,3,0,60.9,sports season,2,country_wd|keyword_title
Q16822246,1994 Uganda Cup,1994 Uganda Cup,3,0,60.9,sports season,2,country_wd|keyword_title
Q16822310,1995 Uganda Cup,1995 Uganda Cup,3,0,60.9,sports season,2,country_wd|keyword_title
Q16822422,1997 Uganda Cup,1997 Uganda Cup,3,0,60.9,sports season,2,country_wd|keyword_title
Q16822460,1998 Uganda Cup,1998 Uganda Cup,3,0,60.9,sports season,2,country_wd|keyword_title
Q16822680,2000 Uganda Cup,2000 Uganda Cup,3,0,60.9,sports season,2,country_wd|keyword_title
Q16822751,2001 Uganda Cup,2001 Uganda Cup,3,0,60.9,sports season,2,country_wd|keyword_title
Q16841163,Aziz Azion,Aziz Azion,3,0,60.9,human,2,birth_death_wd|citizenship_wd
Q16844696,Masaka Local Council FC,Masaka Local Council FC,3,0,60.9,association football club,1,country_wd
Q16848090,Proline FC,Proline FC,3,0,60.9,association football club,1,country_wd
Q16852425,Order of Katonga,Order of Katonga,3,0,60.9,military decoration,1,country_wd
Q16868935,Angal Hospital,Angal Hospital,3,0,60.9,hospital,1,country_wd
Q16875907,Chris Baryomunsi,Chris Baryomunsi,3,0,60.9,human,2,birth_death_wd|citizenship_wd
Q16893522,Kitante Hill Secondary School,Kitante Hill Secondary School,3,0,60.9,school,1,country_wd
Q16894888,Mbarara University School of Medicine,Mbarara University School of Medicine,3,0,60.9,medical school,1,country_wd
Q16895628,Nakasero,Nakasero,3,0,60.9,"neighborhood, central business district",2,country_wd|keyword_title
Q16895898,Nkokonjeru Hospital,St. Francis Hospital Nkokonjeru,3,0,60.9,hospital,1,country_wd
Q16900248,Siti I Hydroelectric Power Station,Siti I Hydroelectric Power Station,3,0,60.9,hydroelectric power station,1,country_wd
Q16929592,Godfrey Mugisha,Godfrey Mugisha,3,0,60.9,human,1,citizenship_wd
Q16934764,Uganda at the 2014 Summer Youth Olympics,Uganda at the 2014 Summer Youth Olympics,3,0,60.9,nation at sport competition,2,country_wd|keyword_title
Q16950097,1989 Uganda Cup,1989 Uganda Cup,3,0,60.9,sports season,2,country_wd|keyword_title
Q16954390,Bugoye,Bugoye,3,0,60.9,"municipality, sub-county of Uganda",1,country_wd
Q16954661,Busitema University School of Medicine,Busitema University Faculty of Health Sciences,3,0,60.9,medical school,1,country_wd
Q16966812,People's Progressive Party,People's Progressive Party (Uganda),3,0,60.9,political party,2,country_wd|keyword_title
Q16968452,Reformed Presbyterian Church in Africa,Reformed Presbyterian Church in Africa (Uganda),3,0,60.9,Christian denomination,2,country_wd|keyword_title
Q16976247,Nyamuliro mine,Nyamuliro mine,3,0,60.9,mine,1,country_wd
Q16979846,Bonnie Lubega,Bonnie Lubega,3,0,60.9,human,2,birth_death_wd|citizenship_wd
Q17018406,Serere Township Secondary School,Serere Township Secondary School,3,0,60.9,boarding school,1,country_wd
Q17037392,Eneriko Seruma,Eneriko Seruma,3,0,60.9,human,2,birth_death_wd|citizenship_wd
Q17078643,HiveColab,HiveColab,3,0,60.9,"workplace, business incubator",1,country_wd
Q17095853,Mbazzi,Mbazzi,3,0,60.9,human settlement,1,country_wd
Q17108228,Elgon Cup (men's),Elgon Cup,3,0,60.9,"recurring sporting event, international rugby union competition",1,country_wd
Q17108317,Medical school in Uganda,Medical school in Uganda,3,0,60.9,,2,country_wd|keyword_title
Q17108352,Movie Furnace,Movie Furnace,3,0,60.9,film festival,1,country_wd
Q17108374,National Forestry Authority,National Forestry Authority,3,0,60.9,government agency,1,country_wd
Q17306357,Dick Olum,Dick Olum,3,0,60.9,human,2,birth_death_wd|citizenship_wd
Q1734676,Karuma Falls,,3,0,60.9,waterfall,1,country_wd
Q17402507,Edward Rugumayo,Edward Rugumayo,3,0,60.9,human,2,birth_death_wd|citizenship_wd
Q17747272,Caesar Achellam,Caesar Achellam,3,0,60.9,human,1,citizenship_wd
Q1802286,Mparo,"Mparo, Hoima",3,0,60.9,human-geographic territorial entity,1,country_wd
Q18044661,Eriabu Lugujjo,Eriabu Lugujjo,3,0,60.9,human,2,birth_death_wd|citizenship_wd
Q18045200,John Ntambirweki,John Ntambirweki,3,0,60.9,human,2,birth_death_wd|citizenship_wd
Q18085680,Hannington Sengendo,Hannington Sengendo,3,0,60.9,human,2,birth_death_wd|citizenship_wd
Q18115451,Arthur Sserwanga,Arthur Sserwanga,3,0,60.9,human,2,birth_death_wd|citizenship_wd
Q18205376,Bwesigye bwa Mwesigire,Bwesigye bwa Mwesigire,3,0,60.9,human,2,birth_death_wd|citizenship_wd
Q18350615,David Lutalo,David Lutalo,3,0,60.9,human,1,citizenship_wd
Q18350879,Luwero Secondary School,Luweero Secondary School,3,0,60.9,school,1,country_wd
Q18351458,Infectious Diseases Institute,Infectious Diseases Institute,3,0,60.9,"school, research institute",1,country_wd
Q18353233,Nick Nola,Nick Nola,3,0,60.9,human,1,citizenship_wd
Q18353895,Kavuma Samuel,Sam Kavuma,3,0,60.9,human,2,birth_death_wd|citizenship_wd
Q18378910,Nabisunsa Girls Secondary School,Nabisunsa Girls' Secondary School,3,0,60.9,boarding school,1,country_wd
Q18379731,Navio,Navio (rapper),3,0,60.9,human,2,birth_death_wd|citizenship_wd
Q18386821,Kampala Central Division,Kampala Central Division,3,0,60.9,"administrative territorial entity, division of Uganda, Ugandan Parliamentary constituency",2,country_wd|keyword_title
Q18387320,Katwe craters,Katwe craters,3,0,60.9,,1,country_wd
Q18388270,Phillimon Selowa,Phillimon Selowa,3,0,60.9,human,1,citizenship_wd
Q18389188,Martin Aliker,Martin Aliker,3,0,60.9,human,2,birth_death_wd|citizenship_wd
Q18394920,Universal Technology and Management University,Universal Technology and Management University,3,0,60.9,university,2,country_wd|keyword_title
Q1844482,African Bible Colleges,African Bible Colleges,3,0,60.9,"higher education institution, Bible college",1,country_wd
Q18530572,Paulo Kavuma,Paulo Kavuma,3,0,60.9,human,1,birth_death_wd
Q18565568,Wycliffe Kiyingi,Wycliffe Kiyingi,3,0,60.9,human,2,birth_death_wd|citizenship_wd
Q18637164,Miraj Barot,Miraj Barot,3,0,60.9,human,1,citizenship_wd
Q18637519,Leslie 'Lee' Kasumba,Leslie 'Lee' Kasumba,3,0,60.9,human,2,birth_death_wd|citizenship_wd
Q18645729,Elly Wamala,Elly Wamala,3,0,60.9,human,2,birth_death_wd|citizenship_wd
Q18645803,James Mulwana,James Mulwana,3,0,60.9,human,2,birth_death_wd|citizenship_wd
Q18645870,Tumusiime Rushedge,Tumusiime Rushedge,3,0,60.9,human,2,birth_death_wd|citizenship_wd
Q18684119,Angella Katatumba,Angella Katatumba,3,0,60.9,human,2,birth_death_wd|citizenship_wd
Q18686245,Arthur Gakwandi,Arthur Gakwandi,3,0,60.9,human,2,birth_death_wd|citizenship_wd
Q18686569,Charles Hamya,Charles Hamya,3,0,60.9,human,2,birth_death_wd|citizenship_wd
Q18687943,Isaiah Katumwa,Isaiah Katumwa,3,0,60.9,human,2,birth_death_wd|citizenship_wd
Q18705268,Holy Keane Amooti,,3,0,60.9,human,2,birth_death_wd|citizenship_wd
Q18719302,Benon Mugumbya,Benon Mugumbya,3,0,60.9,human,2,birth_death_wd|citizenship_wd
Q18763759,Sera,,3,0,60.9,human,2,birth_death_wd|citizenship_wd
Q18764119,Henry Tigan,Henry Tigan,3,0,60.9,human,2,birth_death_wd|citizenship_wd
Q18764146,Jackie Chandiru,Jackie Chandiru,3,0,60.9,human,2,birth_death_wd|citizenship_wd
Q19276816,Pen-Mogi Nyeko,Pen-Mogi Nyeko,3,0,60.9,human,2,birth_death_wd|citizenship_wd
Q19281660,Venansius Baryamureeba,Venansius Baryamureeba,3,0,60.9,human,2,birth_death_wd|citizenship_wd
Q19353865,Mike Mutebi,Mike Mutebi,3,0,60.9,human,1,birth_death_wd
Q19383574,"Embassy of Norway, Kampala",,3,0,60.9,embassy,2,country_wd|part_of_wd
Q19592377,Mary Lewis,Mary Lewis (Canadian actress),3,0,60.9,human,1,birth_death_wd
Q19609550,Allan Toniks,Allan Toniks,3,0,60.9,human,1,birth_death_wd
Q19664280,Sophie Gombya,Sophie Gombya,3,0,60.9,human,1,birth_death_wd
Q19664521,Viboyo,Viboyo,3,0,60.9,human,1,citizenship_wd
Q19664732,Phina Mugerwa,Phina Mugerwa,3,0,60.9,human,1,birth_death_wd
Q19665800,Vampino,Vampino,3,0,60.9,human,2,birth_death_wd|citizenship_wd
Q19666265,Michael Ross Kakooza,Michael Ross Kakooza,3,0,60.9,human,2,birth_death_wd|citizenship_wd
Q19666374,Vincent Ssempijja,Vincent Ssempijja,3,0,60.9,human,2,birth_death_wd|citizenship_wd
Q19666433,Elly Katunguka,Elly Katunguka,3,0,60.9,human,2,birth_death_wd|citizenship_wd
Q19667342,Herman Kasekende,Herman Kasekende,3,0,60.9,human,2,birth_death_wd|citizenship_wd
Q19667665,Richard Kanyerezi,Richard Kanyerezi,3,0,60.9,human,2,birth_death_wd|citizenship_wd
Q19667761,Innocent Oula,Innocent Oula,3,0,60.9,human,2,birth_death_wd|citizenship_wd
Q19668415,Hakim Sendagire,Hakim Sendagire,3,0,60.9,human,2,birth_death_wd|citizenship_wd
Q19668419,Raphael Owor,Raphael Owor,3,0,60.9,human,2,birth_death_wd|citizenship_wd
Q19668647,Ronald Ssemanda,Ronald Ssemanda,3,0,60.9,human,2,birth_death_wd|citizenship_wd
Q19757734,A Pass,A Pass,3,0,60.9,human,2,birth_death_wd|citizenship_wd
Q19842997,Selestino Babungi,Selestino Babungi,3,0,60.9,human,2,birth_death_wd|citizenship_wd
Q19893338,Philemon Mateke,Philemon Mateke,3,0,60.9,human,2,birth_death_wd|citizenship_wd
Q19895681,Kyebambe Girls' Secondary School,Kyebambe Girls' Secondary School,3,0,60.9,school,1,country_wd
Q20127943,Mugira James,James Mugira,3,0,60.9,human,2,birth_death_wd|citizenship_wd
Q20311252,1998 in Uganda,1998 in Uganda,3,0,60.9,events in a specific year or time period,2,country_wd|keyword_title
Q20311715,2005 in Uganda,2005 in Uganda,3,0,60.9,events in a specific year or time period,2,country_wd|keyword_title
Q20312598,1971 in Uganda,1971 in Uganda,3,0,60.9,events in a specific year or time period,2,country_wd|keyword_title
Q20644568,Sylver Kyagulanyi,Sylver Kyagulanyi,3,0,60.9,human,1,birth_death_wd
Q20744995,Ivan Lumanyika,Ivan Lumanyika,3,0,60.9,human,1,citizenship_wd
Q20746253,International School of Uganda,International School of Uganda,3,0,60.9,school,2,country_wd|keyword_title
Q20746259,Kabwoya,Kabwoya,3,0,60.9,sub-county of Uganda,1,country_wd
Q20746286,Mara Wetland,Mara Wetland,3,0,60.9,,1,country_wd
Q20965925,UMEME FC,,3,0,60.9,association football club,1,country_wd
Q20981442,Shukri Conrad,Shukri Conrad,3,0,60.9,human,1,citizenship_wd
Q2102750,Polycarp Nyamuchoncho,,3,0,60.9,human,1,citizenship_wd
Q21642673,Giovanni Kiyingi,Giovanni Kiyingi,3,0,60.9,human,1,citizenship_wd
Q21974275,Chobe Safari Lodge Airport,Chobe Safari Lodge Airport,3,0,60.9,"airport, commercial traffic aerodrome",1,country_wd
Q21974285,Ishasha River Camp Airport,Ishasha River Camp Airport,3,0,60.9,airport,1,country_wd
Q22082371,Buwenda,Buwenda,3,0,60.9,hill,1,country_wd
Q22082398,Nakaloke,Nakaloke,3,0,60.9,sub-county of Uganda,1,country_wd
Q22670087,Lwemiyaga County,Lwemiyaga County,3,0,60.9,county of Uganda,1,country_wd
Q22672637,African College Of Commerce and Technology,African College of Commerce and Technology,3,0,60.9,vocational school,1,country_wd
Q22935610,Jane Mulemwa,Jane Mulemwa,3,0,60.9,human,2,birth_death_wd|citizenship_wd
Q22935615,Kassim Nakibinge,Kassim Nakibinge,3,0,60.9,human,2,birth_death_wd|citizenship_wd
Q23013693,Kaazi,Kaazi,3,0,60.9,,1,country_wd
Q23013933,Uganda women's national handball team,Uganda women's national handball team,3,0,60.9,women's national handball team,2,country_wd|keyword_title
Q23058233,2015–16 Uganda Super League,2015–16 Uganda Premier League,3,0,60.9,sports season,2,country_wd|keyword_title
Q23058502,Nsaka University,Nsaka University,3,0,60.9,academic institution,1,country_wd
Q23409627,Elvis Sekyanzi,Elvis Sekyanzi,3,0,60.9,human,2,birth_death_wd|citizenship_wd
Q23409751,Tendo Mbazzi,Tendo Mbazzi,3,0,60.9,human,1,birth_death_wd
Q23416724,Michael Ondoga,Michael Ondoga,3,0,60.9,human,2,birth_death_wd|citizenship_wd
Q23416827,Keith Legesi,Keith Legesi,3,0,60.9,human,1,birth_death_wd
Q23541022,Alykhan Karmali,Alykhan Karmali,3,0,60.9,human,2,birth_death_wd|citizenship_wd
Q23541100,Michael Ndiko,Michael Ndiko,3,0,60.9,human,1,birth_death_wd
Q23759575,Ramanan Laxminarayan,Ramanan Laxminarayan,3,0,60.9,human,1,birth_death_wd
Q23772450,Gaetano Batanyenda,Gaetano Batanyenda,3,0,60.9,human,1,citizenship_wd
Q23808605,Soroti University School of Health Sciences,Soroti University School of Medicine and Health Sciences,3,0,60.9,academic institution,1,country_wd
Q23887989,Ivan Thawithemwira,Ivan Thawithemwira,3,0,60.9,human,1,birth_death_wd
Q23927055,Karuma Falls,Karuma Falls,3,0,60.9,village,1,country_wd
Q24004852,Sandy Soul,Sandra Nankoma,3,0,60.9,human,2,birth_death_wd|citizenship_wd
Q24006415,John Walugembe,John Walugembe,3,0,60.9,human,2,birth_death_wd|citizenship_wd
Q24039853,Anne Atai Omoruto,Anne Atai Omoruto,3,0,60.9,human,1,birth_death_wd
Q24054203,Kisubi,Kisubi,3,0,60.9,human settlement,1,country_wd
Q24054205,Kilembe,"Kilembe, Uganda",3,0,60.9,human settlement,2,country_wd|keyword_title
Q24258753,Arthur Ziraba,Arthur Ziraba,3,0,60.9,human,1,birth_death_wd
Q24565886,Baltazar Kasirivu-Atwooki,Baltazar Kasirivu-Atwooki,3,0,60.9,human,2,birth_death_wd|citizenship_wd
Q24572841,Kyeyune Haruna Kasolo,Haruna Kasolo Kyeyune,3,0,60.9,human,2,birth_death_wd|citizenship_wd
Q2473886,Uganda National Bureau of Standards,Uganda National Bureau of Standards,3,0,60.9,government agency,2,country_wd|keyword_title
Q24851611,Frederick Ngobi Gume,Frederick Ngobi Gume,3,0,60.9,human,1,citizenship_wd
Q24894892,Rhino Camp Refugee Settlement,Rhino Camp Refugee Settlement,3,0,60.9,"human settlement, refugee camp",1,country_wd
Q24915341,Kamuli Sugar Limited,Kamuli Sugar Limited,3,0,60.9,business,1,country_wd
Q25051453,"St. Leo’s College, Kyegobe","St. Leo's College, Kyegobe",3,0,60.9,school,1,country_wd
Q25100954,Mpanga Central Forest Reserve,Mpanga Central Forest Reserve,3,0,60.9,"heritage site, forest reserve",1,country_wd
Q25101401,Matany Airstrip,Matany Airstrip,3,0,60.9,aerodrome,1,country_wd
Q25104059,Uganda Christian University School of Medicine,Uganda Christian University School of Medicine,3,0,60.9,academic institution,2,country_wd|keyword_title
Q25112522,Joseph Mugisha,Joseph Mugisha,3,0,60.9,human,2,birth_death_wd|citizenship_wd
Q25226960,Milege World Music Festival,Milege Festival,3,0,60.9,music festival,1,country_wd
Q25377325,Uganda at the Deaflympics,Uganda at the Deaflympics,3,0,60.9,nation at sport competition,2,country_wd|keyword_title
Q26792851,David Marus,David Marus,3,0,60.9,human,1,citizenship_wd
Q26822218,Simon Ayeko,Simon Ayeko,3,0,60.9,human,2,birth_death_wd|citizenship_wd
Q2687826,Constitution of Uganda,Constitution of Uganda,3,0,60.9,constitution,3,country_wd|keyword_title|part_of_wd
Q2776848,Moses Aliwa,Moses Aliwa,3,0,60.9,human,1,citizenship_wd
Q27826938,William Kisaalita,William Kisaalita,3,0,60.9,human,1,birth_death_wd
Q27830972,Peter Odeke,Peter Odeke,3,0,60.9,human,1,birth_death_wd
Q27973946,Oboth Marksons Jacob,Jacob Oboth-Oboth,3,0,60.9,human,2,birth_death_wd|citizenship_wd
Q27981566,Manuel Pinto,Manuel Pinto (Scouting),3,0,60.9,human,1,citizenship_wd
Q28134986,"Ministry of Gender, Labour and Social Development (Uganda)","Ministry of Gender, Labour and Social Development (Uganda)",3,0,60.9,government agency,2,country_wd|keyword_title
Q28223344,Ministry of Disaster Preparedness and Refugees,Ministry of Disaster Preparedness and Refugees (Uganda),3,0,60.9,ministry of Uganda,3,country_wd|keyword_title|part_of_wd
Q28231896,Zoka Forest,Zoka Forest,3,0,60.9,forest,1,country_wd
Q28232201,Uganda Electricity Distribution Company Limited,Uganda Electricity Distribution Company Limited,3,0,60.9,business,2,country_wd|keyword_title
Q28404009,Attorney General of Uganda,Attorney General of Uganda,3,0,60.9,position,3,country_wd|keyword_title|part_of_wd
Q28408173,Teacher Mpamire,Teacher Mpamire,3,0,60.9,human,1,citizenship_wd
Q2841772,"Embassy of France, Kampala",,3,0,60.9,embassy,2,country_wd|part_of_wd
Q28446262,Mawogola County,Mawogola County,3,0,60.9,county of Uganda,1,country_wd
Q28456603,Kyanamukaaka,Kyanamukaaka,3,0,60.9,sub-county of Uganda,1,country_wd
Q28478797,Christine Namaganda,Christine Namaganda,3,0,60.9,human,1,citizenship_wd
Q28494675,list of UNESCO Intangible Cultural Heritage elements in Uganda,,3,0,60.9,Wikimedia list article,1,country_wd
Q28595346,Ragga Dee,Ragga Dee,3,0,60.9,human,1,birth_death_wd
Q28661855,Waswa Balunywa,Waswa Balunywa,3,0,60.9,human,2,birth_death_wd|citizenship_wd
Q29453338,Humphrey Nabimanya,Humphrey Nabimanya,3,0,60.9,human,1,citizenship_wd
Q29467360,Donald Kingdon,Donald Kingdon,3,0,60.9,human,1,citizenship_wd
Q29569933,Onduparaka FC,Onduparaka FC,3,0,60.9,association football club,1,country_wd
Q29618018,Alex Ruhunda,Alex Ruhunda,3,0,60.9,human,2,birth_death_wd|citizenship_wd
Q29876765,Young Baganda Association,Young Baganda Association,3,0,60.9,political party,1,country_wd
Q29947195,Otto Edward Makmot,Makmot Otto,3,0,60.9,human,2,birth_death_wd|citizenship_wd
Q30228752,Deo Rwabiita,Deo Rwabiita,3,0,60.9,human,1,citizenship_wd
Q30347337,Proscovia Nalweyiso,Proscovia Nalweyiso,3,0,60.9,human,1,birth_death_wd
Q30624741,Kagitumba river,Kagitumba river,3,0,60.9,border river,1,country_wd
Q30639488,Intersex rights in Uganda,Intersex rights in Uganda,3,0,60.9,Intersexuation by geographical area,2,country_wd|keyword_title
Q30641591,Uganda women's national 3x3 team,Uganda women's national 3x3 team,3,0,60.9,national basketball team,2,country_wd|keyword_title
Q3077985,Fort Portal,,3,0,60.9,"volcano, mountain",1,country_wd
Q30945317,Rosemary Tumusiime,Rosemary Tumusiime,3,0,60.9,human,2,birth_death_wd|citizenship_wd
Q31296000,Azerbaijan–Uganda relations,,3,0,60.9,bilateral relation,1,country_wd
Q31930311,Katabi,,3,0,60.9,sub-county of Uganda,1,country_wd
Q3194269,Katunga,,3,0,60.9,mountain,1,country_wd
Q3194272,Katwe-Kikorongo,,3,0,60.9,mountain,1,country_wd
Q31966187,Nagojje,Nagojje,3,0,60.9,sub-county of Uganda,1,country_wd
Q3200888,Kyatwa,,3,0,60.9,"volcano, mountain",1,country_wd
Q32540570,Paulson Luttamaguzi,Paulson Luttamaguzi,3,0,60.9,human,3,birth_death_wd|citizenship_wd|language_wd
Q32541189,Jackie Akello,Jackie Akello,3,0,60.9,human,2,birth_death_wd|language_wd
Q3335467,Namilyango,Namilyango,3,0,60.9,human settlement,1,country_wd
Q33919632,Luboyera Azake,Azake Luboyera,3,0,60.9,human,2,birth_death_wd|citizenship_wd
Q34134312,Davis Lusimbo,Davis Lusimbo,3,0,60.9,human,2,birth_death_wd|citizenship_wd
Q34345124,Boban Zirintusa,Boban Zirintusa,3,0,60.9,human,1,citizenship_wd
Q34345403,Mulongo Simon,Simon Mulongo,3,0,60.9,human,2,birth_death_wd|citizenship_wd
Q3460820,Dick Watling,Dick Watling,3,0,60.9,human,1,birth_death_wd
Q3667995,Uganda Episcopal Conference,Uganda Episcopal Conference,3,0,60.9,episcopal conference,2,country_wd|keyword_title
Q36824970,Lawrence Mangusho,Lawrence Mangusho,3,0,60.9,human,1,citizenship_wd
Q3707404,HIV/AIDS in Uganda,HIV/AIDS in Uganda,3,0,60.9,HIV/AIDS in a geographical region,2,country_wd|keyword_title
Q3741172,Uganda Basketball Federation,,3,0,60.9,sports governing body,1,country_wd
Q3741374,Uganda Rugby Union,Uganda Rugby Union,3,0,60.9,rugby union governing body,2,country_wd|keyword_title
Q38250495,"Pope John Paul II College, Gulu","Pope John Paul II College, Gulu",3,0,60.9,school,1,country_wd
Q38251542,Vule Airways,Vule Airways,3,0,60.9,airline,1,country_wd
Q389615,Bahá'í Faith in Uganda,Baháʼí Faith in Uganda,3,0,60.9,Baháʼí Faith of an area,2,country_wd|keyword_title
Q39060927,Achwa 2 Hydroelectric Power Station,Achwa 2 Hydroelectric Power Station,3,0,60.9,hydroelectric power station,1,country_wd
Q39311739,Faith Mwondha,Faith Mwondha,3,0,60.9,human,2,birth_death_wd|citizenship_wd
Q39337161,Uganda at the 2017 World Games,,3,0,60.9,nation at sport competition,1,country_wd
Q41796411,Muhammad Nsereko,Muhammad Nsereko,3,0,60.9,human,2,birth_death_wd|citizenship_wd
Q42955948,Elizabeth Mpagi Bahigeine,Elizabeth Mpagi Bahigeine,3,0,60.9,human,2,birth_death_wd|citizenship_wd
Q43195171,Harriet Magala,Harriet Magala,3,0,60.9,human,2,birth_death_wd|citizenship_wd
Q4501469,Christianity in Uganda,,3,0,60.9,Christianity of an area,1,country_wd
Q45322031,Hellen Obura,Hellen Obura,3,0,60.9,human,2,birth_death_wd|citizenship_wd
Q4618776,2010 Victoria Cup,2010 Victoria Cup,3,0,60.9,sports season,1,country_wd
Q4665198,Abdu Katuntu,Abdu Katuntu,3,0,60.9,human,1,citizenship_wd
Q4668228,Aboke abductions,Aboke abductions,3,0,60.9,,1,country_wd
Q4681160,Addil Somani,Addil Somani,3,0,60.9,human,1,birth_death_wd
Q4684139,Adolf Mwesige,Adolf Mwesige,3,0,60.9,human,2,birth_death_wd|citizenship_wd
Q47007281,Angelina Kakooza Mwesige,Angelina Kakooza Mwesige,3,0,60.9,human,2,birth_death_wd|citizenship_wd
Q47306530,Andrew Felix Kaweesi,Andrew Felix Kaweesi,3,0,60.9,human,2,birth_death_wd|citizenship_wd
Q4757583,Andrew Kayiira,Andrew Kayiira,3,0,60.9,human,2,birth_death_wd|citizenship_wd
Q4811869,Asuman Kiyingi,Asuman Kiyingi,3,0,60.9,human,2,birth_death_wd|citizenship_wd
Q48119456,Percy Tuhaise,Percy Tuhaise,3,0,60.9,human,2,birth_death_wd|citizenship_wd
Q48182192,"Access to Satellite TV for 10,000 African Villages","Access to Satellite TV for 10,000 African Villages",3,0,60.9,"cooperation, international aid",1,country_wd
Q4821505,Augustus Nuwagaba,Augustus Nuwagaba,3,0,60.9,human,2,birth_death_wd|citizenship_wd
Q4830815,Ayago Power Station,Ayago Hydroelectric Power Station,3,0,60.9,hydroelectric power station,1,country_wd
Q4845076,Pearl of Africa Rally,Pearl of Africa Rally,3,0,60.9,recurring sporting event,2,country_wd|keyword_title
Q48608041,Uganda at the 2018 Commonwealth Games,Uganda at the 2018 Commonwealth Games,3,0,60.9,nation at sport competition,2,country_wd|keyword_title
Q4861194,Barlonyo,Barlonyo,3,0,60.9,human settlement,1,country_wd
Q4865086,Bart Magunda Katureebe,Bart Magunda Katureebe,3,0,60.9,human,2,birth_death_wd|citizenship_wd
Q48803129,Stafford University Uganda,Stafford University Uganda,3,0,60.9,"educational institution, academic institution",2,country_wd|keyword_title
Q48814783,Great Lakes Regional University,Great Lakes Regional University,3,0,60.9,academic institution,1,country_wd
Q48815606,Kabale University School of Medicine,Kabale University School of Medicine,3,0,60.9,academic institution,1,country_wd
Q49464635,Panyimur,Panyimur,3,0,60.9,sub-county of Uganda,1,country_wd
Q4984009,Budadiri,Budadiri,3,0,60.9,human settlement,1,country_wd
Q4986130,Buganda Agreement of 1900,Buganda Agreement (1900),3,0,60.9,,2,country_wd|keyword_title
Q4986200,Bugisu sub-region,Bugisu sub-region,3,0,60.9,sub-region of Uganda,1,country_wd
Q4987203,Bulambuli,Bulambuli,3,0,60.9,human settlement,1,country_wd
Q5001325,Busega,Busega,3,0,60.9,neighborhood,1,country_wd
Q5001332,Kabalega Hydroelectric Power Station,Kabalega Hydroelectric Power Station,3,0,60.9,hydroelectric power station,1,country_wd
Q5001974,Busingye Kabumba,Busingye Kabumba,3,0,60.9,human,2,birth_death_wd|citizenship_wd
Q5003690,Bwizibwera,Bwizibwera,3,0,60.9,human settlement,1,country_wd
Q50147533,Andrew Bashaija,Andrew Bashaija,3,0,60.9,human,2,birth_death_wd|citizenship_wd
Q50378460,Dennis Okot,Dennis Okot,3,0,60.9,human,1,birth_death_wd
Q5059068,Centenary Bank Uganda,Centenary Bank,3,0,60.9,"bank, business",1,country_wd
Q5079276,Charles Ingabire,Charles Ingabire,3,0,60.9,human,1,birth_death_wd
Q5080763,Charles Mbire,Charles Mbire,3,0,60.9,human,2,birth_death_wd|citizenship_wd
Q5081373,Charles Onyango-Obbo,Charles Onyango-Obbo,3,0,60.9,human,2,birth_death_wd|citizenship_wd
Q5140961,Coffee production in Uganda,Coffee production in Uganda,3,0,60.9,"economic production, aspect in a geographic region",2,country_wd|keyword_title
Q51457526,Ian Rukunya,Ian Rukunya,3,0,60.9,human,2,birth_death_wd|citizenship_wd
Q5154216,Communications in Uganda,Communications in Uganda,3,0,60.9,,2,country_wd|keyword_title
Q51558144,Elizabeth Kabanda,Elizabeth Kabanda,3,0,60.9,human,2,birth_death_wd|citizenship_wd
Q52106766,Alex Muhangi,Alex Muhangi,3,0,60.9,human,1,birth_death_wd
Q5217758,Daniel Kalinaki,Daniel Kalinaki,3,0,60.9,human,3,birth_death_wd|citizenship_wd|language_wd
Q5238288,David Oyite-Ojok,David Oyite-Ojok,3,0,60.9,human,1,citizenship_wd
Q5239645,David Serwadda,David Serwadda,3,0,60.9,human,2,birth_death_wd|citizenship_wd
Q5240436,David Tinyefunza,David Sejusa,3,0,60.9,human,1,citizenship_wd
Q5240772,David Wakikona,David Wakikona,3,0,60.9,human,2,birth_death_wd|citizenship_wd
Q5312410,Dufile,Dufile,3,0,60.9,human settlement,1,country_wd
Q5357806,Electricity Regulatory Authority,Electricity Regulatory Authority,3,0,60.9,government agency,2,country_wd|keyword_title
Q5360372,Eliaba James Surur,Eliaba James Surur,3,0,60.9,human,1,birth_death_wd
Q5360972,Elijah Mushemeza,Elijah Mushemeza,3,0,60.9,human,2,birth_death_wd|citizenship_wd
Q5373123,Emmanuel Amey Ojara,Emmanuel Amey Ojara,3,0,60.9,human,1,citizenship_wd
Q5373324,Emmanuel Otala,Emmanuel Otiam Otala,3,0,60.9,human,2,birth_death_wd|citizenship_wd
Q5379317,Enoch Olinga,Enoch Olinga,3,0,60.9,human,2,birth_death_wd|citizenship_wd
Q5382289,Kamuntu Ephraim,Ephraim Kamuntu,3,0,60.9,human,2,birth_death_wd|citizenship_wd
Q5393381,Ernest Kiiza,Ernest Kiiza,3,0,60.9,human,2,birth_death_wd|citizenship_wd
Q5401242,Esther Mayambala Kisaakye,Esther Mayambala Kisaakye,3,0,60.9,human,2,birth_death_wd|citizenship_wd
Q54224492,Esther Kalenzi,Esther Kalenzi,3,0,60.9,human,2,birth_death_wd|citizenship_wd
Q54228209,Amanda Tumusiime,Amanda Tumusiime,3,0,60.9,human,2,birth_death_wd|citizenship_wd
Q5423415,Ezra Suruma,Ezra Suruma,3,0,60.9,human,2,birth_death_wd|citizenship_wd
Q54326028,Stephen Musota,Stephen Musota,3,0,60.9,human,1,birth_death_wd
Q5447084,Field marshal,Field marshal (Uganda),3,0,60.9,,2,country_wd|keyword_title
Q5455058,Fishing in Uganda,Fishing industry in Uganda,3,0,60.9,,2,country_wd|keyword_title
Q5471796,Baker's Fort,Fort Patiko,3,0,60.9,fort,1,country_wd
Q5490025,Tumwebaze Frank Kagyigyi,Frank Tumwebaze,3,0,60.9,human,2,birth_death_wd|citizenship_wd
Q5495976,Fred Mukisa,Fred Mukisa,3,0,60.9,human,2,birth_death_wd|citizenship_wd
Q55075075,Simba Cement Uganda Limited,Simba Cement Uganda Limited,3,0,60.9,,2,country_wd|keyword_title
Q5515776,Gabriel Opio,Gabriel Opio,3,0,60.9,human,2,birth_death_wd|citizenship_wd
Q5516694,Gaetano Kagwa,Gaetano Kagwa,3,0,60.9,human,2,birth_death_wd|citizenship_wd
Q55175723,Richard Idro,Richard Idro,3,0,60.9,human,2,birth_death_wd|citizenship_wd
Q5534801,Geoffrey Onegi Obel,Geoffrey Onegi Obel,3,0,60.9,human,2,birth_death_wd|citizenship_wd
Q55390233,Daudi Okello,Daudi Okello,3,0,60.9,human,1,birth_death_wd
Q5541362,George Kirya,George Kirya,3,0,60.9,human,2,birth_death_wd|citizenship_wd
Q5549595,Gerald Ssendaula,Gerald Ssendaula,3,0,60.9,human,2,birth_death_wd|citizenship_wd
Q55536098,Peter Waiswa,Peter Kyobe Waiswa,3,0,60.9,human,1,citizenship_wd
Q55603136,Achwa 1 Hydroelectric Power Station,Achwa 1 Hydroelectric Power Station,3,0,60.9,hydroelectric power station,1,country_wd
Q55606095,Bugoloobi Wastewater Treatment Plant,Bugolobi Wastewater Treatment Plant,3,0,60.9,wastewater treatment plant,1,country_wd
Q55615994,Killing of disabled children in Uganda,Killing of disabled children in Uganda,3,0,60.9,,2,country_wd|keyword_title
Q55616054,Busoga United Football Club,Busoga United FC,3,0,60.9,association football club,2,country_wd|keyword_title
Q55617483,list of Uganda women Twenty20 International cricketers,List of Uganda women Twenty20 International cricketers,3,0,60.9,Wikimedia list article,2,country_wd|keyword_title
Q55631379,refugees of Uganda,Refugees in Uganda,3,0,60.9,aspect in a geographic region,2,country_wd|keyword_title
Q5580911,Golola Moses,Moses Golola,3,0,60.9,human,1,citizenship_wd
Q5585579,Gordon Morgan,Gordon Morgan (English cricketer),3,0,60.9,human,1,birth_death_wd
Q55956368,Flavia Anglin Senoga,Flavia Anglin Senoga,3,0,60.9,human,1,birth_death_wd
Q56043246,Sophie Alal,Sophie Alal,3,0,60.9,human,2,birth_death_wd|citizenship_wd
Q56063794,Joe Opio,Joe Opio,3,0,60.9,human,1,birth_death_wd
Q56223086,Lawrence Kazibwe,Lawrence Kazibwe,3,0,60.9,human,2,birth_death_wd|citizenship_wd
Q56223126,Nehemiah Katusiime,Nehemiah Katusiime,3,0,60.9,human,1,birth_death_wd
Q56249790,Pauline Byakika,Pauline Byakika,3,0,60.9,human,1,birth_death_wd
Q56283378,William Bazeyo,William Bazeyo,3,0,60.9,human,2,birth_death_wd|citizenship_wd
Q56339960,Angelo Tarantino,,3,0,60.9,human,1,birth_death_wd
Q56340414,Angelo Negri,,3,0,60.9,human,1,birth_death_wd
Q56340417,Vincent Billington,Vincent Billington,3,0,60.9,human,1,citizenship_wd
Q5643863,Ham Mukasa,Ham Mukasa,3,0,60.9,human,1,citizenship_wd
Q5717682,Bagiire Aggrey Henry,Henry Bagiire,3,0,60.9,human,2,birth_death_wd|citizenship_wd
Q5717757,Henry Banyenzaki,Henry Banyenzaki,3,0,60.9,human,2,birth_death_wd|citizenship_wd
Q5724197,Henry Kajura,Henry Kajura,3,0,60.9,human,2,birth_death_wd|citizenship_wd
Q57272302,U-Report,U-Report,3,0,60.9,organization,1,country_wd
Q5729361,Henry Tumukunde,Henry Tumukunde,3,0,60.9,human,2,birth_death_wd|citizenship_wd
Q57447297,Thomas Aisu,Thomas Aisu,3,0,60.9,human,1,citizenship_wd
Q57825011,Winnie Matsiko,Masiko Winifred Komuhangi,3,0,60.9,human,1,citizenship_wd
Q57825394,Hanifa Kawooya,Hanifa Kawooya,3,0,60.9,human,1,citizenship_wd
Q57828964,Achiro Lucy Otim,Lucy Achiro Otim,3,0,60.9,human,2,birth_death_wd|citizenship_wd
Q5900255,Baker Karim,,3,0,60.9,human,1,birth_death_wd
Q59180446,Umar Kakumba,Umar Kakumba,3,0,60.9,human,3,birth_death_wd|citizenship_wd|language_wd
Q59263895,Emmanuel Bwayo Wakhweya,Emmanuel Bwayo Wakhweya,3,0,60.9,human,2,birth_death_wd|citizenship_wd
Q59268641,Paul Musamali,Paul Musamali,3,0,60.9,human,2,birth_death_wd|citizenship_wd
Q59308948,Beatrice Ayuru Byaruhanga,Beatrice Ayuru Byaruhanga,3,0,60.9,human,1,citizenship_wd
Q59655867,Grace Ibingira,Grace Ibingira,3,0,60.9,human,2,birth_death_wd|citizenship_wd
Q59656040,Alex Odhiambo,Alex Odhiambo,3,0,60.9,human,2,birth_death_wd|citizenship_wd
Q5994700,Ihimba Hot Springs,Ihimba Hot Springs,3,0,60.9,hot spring,1,country_wd
Q60379207,Pete Pearson,"P. C. ""Pete"" Pearson",3,0,60.9,human,1,birth_death_wd
Q60439524,Camilla Barungi,Camilla Barungi,3,0,60.9,human,1,citizenship_wd
Q6050951,International Hospital Kampala,International Hospital Kampala,3,0,60.9,hospital,2,country_wd|keyword_title
Q60685089,Emmanuel Nsubuga,Emmanuel Nsubuga (boxer),3,0,60.9,human,1,citizenship_wd
Q60687388,Kassim Napa Adam,Kassim Napa Adam,3,0,60.9,human,1,citizenship_wd
Q60747298,New Karuma Bridge,New Karuma Bridge,3,0,60.9,bridge,1,country_wd
Q6076821,Isaac Musumba,Isaac Musumba,3,0,60.9,human,2,birth_death_wd|citizenship_wd
Q60785094,Ndrulo,Ndrulo language,3,0,60.9,"modern language, languoid",1,country_wd
Q6136290,Susan Muwonge,Susan Muwonge,3,0,60.9,human,1,citizenship_wd
Q6140211,James Mutende,James Mutende,3,0,60.9,human,2,birth_death_wd|citizenship_wd
Q6140276,James Nangwala,James Nangwala,3,0,60.9,human,2,birth_death_wd|citizenship_wd
Q61584859,Patience Tumusiime Rubagumya,Patience Tumusiime Rubagumya,3,0,60.9,human,2,birth_death_wd|citizenship_wd
Q61662345,Flavia Byekwaso,Flavia Byekwaso,3,0,60.9,human,1,birth_death_wd
Q61710195,Stephen Kusasira,Stephen Kusasira,3,0,60.9,human,2,birth_death_wd|citizenship_wd
Q61750045,Badru Kateregga,Badru Kateregga,3,0,60.9,human,2,birth_death_wd|citizenship_wd
Q6180999,Jeremiah Twa-Twa,Jeremiah Twa-Twa,3,0,60.9,human,2,birth_death_wd|citizenship_wd
Q618454,Busolwe Public Library,Busolwe Public Library,3,0,60.9,public library,1,country_wd
Q61934137,Uganda Media Women’s Association,Uganda Media Women's Association,3,0,60.9,"non-governmental organization, nonprofit organization",2,country_wd|keyword_title
Q61996747,Mahesh Champaklal,Mahesh Champaklal,3,0,60.9,human,1,birth_death_wd
Q6202524,Jinja College,Jinja College,3,0,60.9,school,1,country_wd
Q62034806,Christine Alalo,Christine Alalo,3,0,60.9,human,1,citizenship_wd
Q62067701,Pamela Nasiyo Kamugo,Pamela Nasiyo Kamugo,3,0,60.9,human,2,citizenship_wd|language_wd
Q62068243,Elizabeth Beikiriize Karungi,Elizabeth Beikiriize Karungi,3,0,60.9,human,2,birth_death_wd|citizenship_wd
Q62100579,Pauline Kemirembe Kyaka,Pauline Kemirembe Kyaka,3,0,60.9,human,2,birth_death_wd|citizenship_wd
Q62101151,Justine Khainza,Justine Khainza,3,0,60.9,human,2,birth_death_wd|citizenship_wd
Q62129102,Caroline Kamusiime,Caroline Kamusiime,3,0,60.9,human,2,birth_death_wd|citizenship_wd
Q62129115,Naome Kibaaju,Naome Kibaaju,3,0,60.9,human,2,birth_death_wd|citizenship_wd
Q62129153,Agnes Kunihira,Agnes Kunihira,3,0,60.9,human,2,birth_death_wd|citizenship_wd
Q62129191,Janepher Mbabazi Kyomuhendo,Janepher Mbabazi Kyomuhendo,3,0,60.9,human,2,birth_death_wd|citizenship_wd
Q62562759,Paul Lokech,Paul Lokech,3,0,60.9,human,2,birth_death_wd|citizenship_wd
Q6269087,Joint Anti-Terrorist Task Force of Uganda,Joint Anti-Terrorist Task Force of Uganda,3,0,60.9,,2,country_wd|keyword_title
Q6272783,Jonathan Clayden,Jonathan Clayden,3,0,60.9,human,1,birth_death_wd
Q6344551,Kabwoya Wildlife Reserve,Kabwoya Wildlife Reserve,3,0,60.9,wildlife reserve,1,country_wd
Q6352055,Kalema of Buganda,Kalema of Buganda,3,0,60.9,human,2,birth_death_wd|keyword_title
Q6359115,Kampala International University School of Health Sciences,Kampala International University School of Health Sciences,3,0,60.9,university,2,country_wd|keyword_title
Q6359126,Speke Hotel,Kampala Speke Hotel,3,0,60.9,hotel,2,country_wd|keyword_title
Q6377743,Kato Kintu,Kato Kintu,3,0,60.9,human,2,birth_death_wd|keyword_title
Q6377753,Kato Serwanga,Kato Serwanga,3,0,60.9,human,2,birth_death_wd|citizenship_wd
Q6378469,Katwe,Katwe,3,0,60.9,neighborhood,1,country_wd
Q63968700,South Korea–Uganda relations,,3,0,60.9,bilateral relation,1,country_wd
Q63986504,Belarus–Uganda relations,,3,0,60.9,bilateral relation,1,country_wd
Q6404030,Kibirige Mayanja,Kibirige Mayanja,3,0,60.9,human,1,citizenship_wd
Q6404079,Kibuli Hospital,Kibuli Hospital,3,0,60.9,hospital,1,country_wd
Q6405935,Kigezi Wildlife Reserve,Kigezi Wildlife Reserve,3,0,60.9,wildlife reserve,1,country_wd
Q6410068,Kimera of Buganda,Kimera of Buganda,3,0,60.9,human,2,birth_death_wd|keyword_title
Q6415051,Kireka,Kireka,3,0,60.9,human settlement,1,country_wd
Q64159593,Japan–Uganda relations,,3,0,60.9,bilateral relation,1,country_wd
Q6416719,Kisiizi Hospital,Kisiizi Hospital,3,0,60.9,hospital,1,country_wd
Q6427484,Kololo,Kololo,3,0,60.9,neighborhood,2,country_wd|keyword_title
Q6443863,Kumi University,Kumi University,3,0,60.9,university,1,country_wd
Q6450648,Kyadondo Rugby Club,Kyadondo Rugby Club,3,0,60.9,"sports venue, rugby union field",1,country_wd
Q6450702,Kyambura Game Reserve,Kyambura Game Reserve,3,0,60.9,national park,1,country_wd
Q64757636,Magogo Moses Hassim,Moses Magogo Hassim,3,0,60.9,human,2,birth_death_wd|citizenship_wd
Q6478266,Lake Victoria ferries,Lake Victoria ferries,3,0,60.9,transport network,1,country_wd
Q6486380,Lango College,Lango College,3,0,60.9,"school, secondary school",1,country_wd
Q64920406,Rwanda–Uganda relations,,3,0,60.9,bilateral relation,1,country_wd
Q65030260,Patrick Salvador Idringi,Patrick Salvado Idringi,3,0,60.9,human,2,birth_death_wd|citizenship_wd
Q65067795,MAF Uganda,MAF Uganda,3,0,60.9,airline,2,country_wd|keyword_title
Q65084585,Alliance for National Transformation,Alliance for National Transformation,3,0,60.9,political party,1,country_wd
Q65090785,Gold Scandal,Gold Scandal,3,0,60.9,political scandal,1,country_wd
Q65122303,Catherine Adipo,Catherine Adipo,3,0,60.9,human,1,citizenship_wd
Q65499007,Flavia Oketcho,Flavia Oketcho,3,0,60.9,human,2,birth_death_wd|citizenship_wd
Q6623706,list of hospitals in Uganda,List of hospitals in Uganda,3,0,60.9,Wikimedia list article,2,country_wd|keyword_title
Q66724929,Paul Mucureezi,Paul Mucureezi,3,0,60.9,human,2,birth_death_wd|citizenship_wd
Q6695057,Lubaga,Lubaga,3,0,60.9,"town, neighborhood",1,country_wd
Q6702607,Lukwata,Lukwata,3,0,60.9,,1,country_wd
Q6702958,Lulume Bayiga,Michael Lulume Bayigga,3,0,60.9,human,2,birth_death_wd|citizenship_wd
Q6706136,Luwero triangle,Luwero Triangle,3,0,60.9,territory,1,country_wd
Q6728451,Madoxx,Madoxx Ssemanda Sematimba,3,0,60.9,human,1,birth_death_wd
Q67368419,Ali Kitonsa,Ali Kitonsa,3,0,60.9,human,1,birth_death_wd
Q6739281,Makerere,Makerere,3,0,60.9,neighborhood,1,country_wd
Q6739286,Makerere University Business School,Makerere University Business School,3,0,60.9,public university,1,country_wd
Q6739292,Makerere University School of Public Health,Makerere University School of Public Health,3,0,60.9,faculty,1,country_wd
Q6739550,Makindye,Makindye,3,0,60.9,neighborhood,1,country_wd
Q6739552,Makindye Division,Makindye Division,3,0,60.9,sub-county of Uganda,1,country_wd
Q6739556,Makindye Prison,Makindye Prison,3,0,60.9,"prison, military prison",1,country_wd
Q67758661,Independence Monument,Independence Monument (Uganda),3,0,60.9,"statue, monument, memorial",2,country_wd|keyword_title
Q67917076,Twekobe Palace,Twekobe,3,0,60.9,palace,1,country_wd
Q6799628,Mbarara Hospital,Mbarara Hospital,3,0,60.9,hospital,1,country_wd
Q68013579,Baptist Union of Uganda,Baptist Union of Uganda,3,0,60.9,religious organization,2,country_wd|keyword_title
Q6847499,Mike Kennedy Sebalu,Mike Kennedy Sebalu,3,0,60.9,human,1,citizenship_wd
Q6872384,Miracle Centre Cathedral,Miracle Centre Cathedral,3,0,60.9,"megachurch, Protestant church building",1,country_wd
Q68794636,Our Lady of Sorrows Cathedral – Kitovu,,3,0,60.9,Catholic cathedral,1,country_wd
Q6887337,Mobina Jaffer,Mobina Jaffer,3,0,60.9,human,1,birth_death_wd
Q6936076,Muni University,Muni University,3,0,60.9,university,1,country_wd
Q6939908,Musa Ecweru,Musa Ecweru,3,0,60.9,human,2,birth_death_wd|citizenship_wd
Q6944729,Mwesigwa Rukutana,Mwesigwa Rukutana,3,0,60.9,human,2,birth_death_wd|citizenship_wd
Q69514728,Patricia Chepkwemoi,Patricia Chepkwemoi,3,0,60.9,human,1,citizenship_wd
Q6960635,Nakifuma,Nakifuma,3,0,60.9,human settlement,1,country_wd
Q6961863,Namilyango College,Namilyango College,3,0,60.9,boarding school,1,country_wd
Q6962116,Namugongo Martyrs Shrine,Namugongo,3,0,60.9,"human settlement, monument",1,country_wd
Q6974699,National Organization of Trade Unions,National Organization of Trade Unions,3,0,60.9,labor union,1,country_wd
Q7036952,Nile Bank Limited,Nile Bank Limited,3,0,60.9,business,1,country_wd
Q7042663,Nkuutu Memorial Secondary School,Nkuutu Memorial Secondary School,3,0,60.9,school,1,country_wd
Q7045634,Nobel Mayombo,Nobel Mayombo,3,0,60.9,human,2,birth_death_wd|citizenship_wd
Q7067630,Ntinda,Ntinda,3,0,60.9,neighborhood,1,country_wd
Q7070788,Nyagak III Power Station,Nyagak III Hydroelectric Power Station,3,0,60.9,hydroelectric power station,1,country_wd
Q7089874,Omara Atubo,Omara Atubo,3,0,60.9,human,2,birth_death_wd|citizenship_wd
Q7102281,Orient Bank,I&M Bank Uganda,3,0,60.9,"commercial bank, business",2,country_wd|keyword_title
Q7126074,Pakuba,Pakuba,3,0,60.9,human settlement,1,country_wd
Q71315646,Haruna Nsubuga,Haruna Nsubuga,3,0,60.9,human,1,citizenship_wd
Q7146120,Patrick Bitature,Patrick Bitature,3,0,60.9,human,2,birth_death_wd|citizenship_wd
Q7150081,Paul D'Arbela,Paul D'Arbela,3,0,60.9,human,2,birth_death_wd|citizenship_wd
Q7155240,Paul Job Kafeero,Paulo Kafeero,3,0,60.9,human,2,birth_death_wd|citizenship_wd
Q7177240,Peter Takirambudde,Peter Takirambudde,3,0,60.9,human,1,citizenship_wd
Q7190050,Pian Upe Wildlife Reserve,Pian Upe Wildlife Reserve,3,0,60.9,"protected area, forest reserve",1,country_wd
Q72219492,Solomon Serwanjja,Solomon Serwanjja,3,0,60.9,human,1,birth_death_wd
Q7229726,Popular Resistance Army,Popular Resistance Army,3,0,60.9,,1,country_wd
Q7233761,Posta Uganda,Posta Uganda,3,0,60.9,business,2,country_wd|keyword_title
Q7240751,Presbyterian Church in Uganda,Presbyterian Church in Uganda,3,0,60.9,Christian denomination,2,country_wd|keyword_title
Q7257845,public holidays in Uganda,Public holidays in Uganda,3,0,60.9,Wikimedia list article,2,country_wd|keyword_title
Q7285869,Rajat Neogy,Rajat Neogy,3,0,60.9,human,1,citizenship_wd
Q7328008,Richard Nduhura,Richard Nduhura,3,0,60.9,human,2,birth_death_wd|citizenship_wd
Q7329499,Richard Todwong,Richard Todwong,3,0,60.9,human,2,birth_death_wd|citizenship_wd
Q7346274,Robert Kayanja,Robert Kayanja,3,0,60.9,human,3,birth_death_wd|citizenship_wd|language_wd
Q73493086,Paul Waako,Paul Waako,3,0,60.9,human,3,birth_death_wd|citizenship_wd|language_wd
Q7361215,Rolling Stone magazine,Rolling Stone (Uganda),3,0,60.9,newspaper,2,country_wd|keyword_title
Q7365019,Ronald Kibuule,Ronald Kibuule,3,0,60.9,human,2,birth_death_wd|citizenship_wd
Q7376002,Ruben Spartas Mukasa,Ruben Spartas Mukasa,3,0,60.9,human,2,birth_death_wd|citizenship_wd
Q7380213,Ruparelia Group,Ruparelia Group,3,0,60.9,business,1,country_wd
Q73882446,,George Openjuru,3,0,60.9,human,2,birth_death_wd|citizenship_wd
Q7397613,Sadat Tebazaalwa,Sadat Tebazaalwa,3,0,60.9,human,1,citizenship_wd
Q7407448,Engola Sam,Sam Engola,3,0,60.9,human,2,birth_death_wd|citizenship_wd
Q7451221,Senteza Kajubi,Senteza Kajubi,3,0,60.9,human,2,birth_death_wd|citizenship_wd
Q7452728,Serapio Rukundo,Serapio Rukundo,3,0,60.9,human,2,birth_death_wd|citizenship_wd
Q7522011,Sinclair Beiles,Sinclair Beiles,3,0,60.9,human,1,birth_death_wd
Q75854027,Kin Kariisa,Kin Kariisa,3,0,60.9,human,1,citizenship_wd
Q7590247,St. Mary's College Kisubi,St. Mary's College Kisubi,3,0,60.9,boarding school,1,country_wd
Q7598001,Stanbic Bank Uganda Limited,Stanbic Bank Uganda,3,0,60.9,"commercial bank, business, enterprise",2,country_wd|keyword_title
Q7686751,Tarsis Kabwegyere,Tarsis Kabwegyere,3,0,60.9,human,2,birth_death_wd|citizenship_wd
Q7703950,terrorism in Uganda,Terrorism in Uganda,3,0,60.9,aspect in a geographic region,2,country_wd|keyword_title
Q7705542,Teso sub-region,Teso sub-region,3,0,60.9,sub-region of Uganda,1,country_wd
Q7771041,The Uganda Scouts Association,The Uganda Scouts Association,3,0,60.9,scouting,2,country_wd|keyword_title
Q7781207,Thembo Nyombi,Thembo Nyombi,3,0,60.9,human,2,birth_death_wd|citizenship_wd
Q7826692,Tororo Cement Limited,Tororo Cement Limited,3,0,60.9,business,1,country_wd
Q7842710,Trinity College Nabbingo,Trinity College Nabbingo,3,0,60.9,boarding school,1,country_wd
Q7877602,Uganda Junior Staff College,Uganda Junior Staff College,3,0,60.9,staff college,2,country_wd|keyword_title
Q7877604,Uganda Law Society,Uganda Law Society,3,0,60.9,organization,2,country_wd|keyword_title
Q7877611,Uganda Martyrs University School of Medicine,Uganda Martyrs University School of Medicine,3,0,60.9,university,2,country_wd|keyword_title
Q7877616,Uganda National Cultural Centre,Uganda National Cultural Centre,3,0,60.9,"theatre building, institution",2,country_wd|keyword_title
Q7877631,Uganda Senior Command and Staff College,Uganda Senior Command and Staff College,3,0,60.9,staff college,2,country_wd|keyword_title
Q7877654,Uganda at the 2009 World Championships in Athletics,Uganda at the 2009 World Championships in Athletics,3,0,60.9,nation at the World Athletics Championships,2,country_wd|keyword_title
Q7877656,Uganda at the 2011 World Championships in Athletics,Uganda at the 2011 World Championships in Athletics,3,0,60.9,nation at the World Athletics Championships,2,country_wd|keyword_title
Q7877660,Uganda national baseball team,Uganda national baseball team,3,0,60.9,"national sports team, national baseball team",2,country_wd|keyword_title
Q7877670,FUFA Big League,FUFA Big League,3,0,60.9,sports league,2,country_wd|keyword_title
Q7877685,1989 Ugandan general election,1989 Ugandan general election,3,0,60.9,Ugandan general election,3,country_wd|keyword_title|part_of_wd
Q7877689,"Ugandan multi-party referendum, 2000",2000 Ugandan multi-party referendum,3,0,60.9,referendum,2,country_wd|keyword_title
Q7881483,Umeme,Umeme,3,0,60.9,business,1,country_wd
Q7895784,University of Military Science and Technology,Uganda Military Engineering College,3,0,60.9,military university,2,country_wd|keyword_title
Q7900065,Urban Tibamanya,Urban Tibamanya,3,0,60.9,human,2,birth_death_wd|citizenship_wd
Q7931970,Vincent Nyanzi,Vincent Nyanzi,3,0,60.9,human,2,birth_death_wd|citizenship_wd
Q7967174,Wandegeya,Wandegeya,3,0,60.9,neighborhood,1,country_wd
Q7983291,Werikhe Kafabusa,Werikhe Kafabusa,3,0,60.9,human,2,birth_death_wd|citizenship_wd
Q799195,2010 African Badminton Championships,2010 African Badminton Championships,3,0,60.9,recurring sporting event edition,1,country_wd
Q8001444,wildlife of Uganda,Wildlife of Uganda,3,0,60.9,,2,country_wd|keyword_title
Q8069664,Zerubabel Nyiira,Zerubabel Nyiira,3,0,60.9,human,2,birth_death_wd|citizenship_wd
Q84354218,Stecia Mayanja,Stecia Mayanja,3,0,60.9,human,2,birth_death_wd|citizenship_wd
Q84509987,Livingstone Luboobi,Livingstone Luboobi,3,0,60.9,human,2,birth_death_wd|citizenship_wd
Q84558223,Ogwang Peter,Peter Ogwang,3,0,60.9,human,2,birth_death_wd|citizenship_wd
Q85775202,Kyetume FC,Kyetume FC,3,0,60.9,association football club,1,country_wd
Q85814179,Wakiso Giants FC,Wakiso Giants FC,3,0,60.9,association football club,1,country_wd
Q859697,Bigo Bya Mugenyi,Bigo bya Mugenyi,3,0,60.9,"archaeological site, cultural property",1,country_wd
Q86536788,Dusman Sabuni,Dusman Sabuni,3,0,60.9,human,2,birth_death_wd|citizenship_wd
Q86682147,Sam Egesa,Sam Egesa,3,0,60.9,human,1,birth_death_wd
Q86756981,Michael Senyimba,Michael Senyimba,3,0,60.9,human,2,citizenship_wd|language_wd
Q86756987,Paul Luzinda,Paul Luzinda,3,0,60.9,human,1,citizenship_wd
Q86849593,Zac Niringiye,Zac Niringiye,3,0,60.9,human,1,citizenship_wd
Q86849772,Godfrey Makumbi,Godfrey Makumbi,3,0,60.9,human,2,birth_death_wd|citizenship_wd
Q87310825,Elizabeth Lwanga,Elizabeth Lwanga,3,0,60.9,human,1,citizenship_wd
Q87451663,Patrick Tugume Tusingwire,Patrick Tugume Tusingwire,3,0,60.9,human,1,citizenship_wd
Q87451979,Edward Muhima,Edward Muhima,3,0,60.9,human,1,citizenship_wd
Q87454024,Yostus Ruhindi,Yostus Ruhindi,3,0,60.9,human,2,birth_death_wd|citizenship_wd
Q87758031,Biddemu Bazil Mwotta,Biddemu Bazil Mwotta,3,0,60.9,human,1,birth_death_wd
Q87758345,Eliphaz Maari,Eliphaz Maari,3,0,60.9,human,1,citizenship_wd
Q87758408,Samuel Kahuma,Sam Kahuma,3,0,60.9,human,2,birth_death_wd|citizenship_wd
Q87898054,Boniface Abel Sikowo,Boniface Abel Sikowo,3,0,60.9,human,1,citizenship_wd
Q88358871,97.7 Record FM,97.7 Record FM,3,0,60.9,radio station,1,country_wd
Q88393104,Nathan Kyamanywa,Nathan Kyamanywa,3,0,60.9,human,2,birth_death_wd|citizenship_wd
Q88866822,John Charles Odurkami,Charles Odurkami,3,0,60.9,human,2,birth_death_wd|citizenship_wd
Q88870489,Charles Collins Andaku,Charles Collins Andaku,3,0,60.9,human,1,birth_death_wd
Q89046286,Wilberforce Kityo Luwalira,Wilberforce Kityo Luwalira,3,0,60.9,human,1,citizenship_wd
Q89115926,Johnson Gakumba,Johnson Gakumba,3,0,60.9,human,2,birth_death_wd|citizenship_wd
Q89401777,Amos Betungura,Amos Betungura,3,0,60.9,human,2,birth_death_wd|citizenship_wd
Q89402144,Joseph Abura,Joseph Abura,3,0,60.9,human,1,citizenship_wd
Q89411249,Edward Bamucwanira,Edward Bamucwanira,3,0,60.9,human,1,birth_death_wd
Q89430044,Benjamin Ojwang,Benjamin Ojwang,3,0,60.9,human,1,citizenship_wd
Q89432935,Alfred Acur Okodi,Alfred Acur,3,0,60.9,human,1,birth_death_wd
Q90805964,Hellen Grace Asamo,Hellen Asamo,3,0,60.9,human,2,birth_death_wd|citizenship_wd
Q90932931,Kaliisa Jovrine Kyomukama,Jovrine Kyomukama Kaliisa,3,0,60.9,human,2,birth_death_wd|citizenship_wd
Q9162091,Augustine Nsumba,Augustine Nsumba,3,0,60.9,human,1,birth_death_wd
Q91654325,Yonasani Rwakaikara,Yonasani Rwakaikara,3,0,60.9,human,2,birth_death_wd|citizenship_wd
Q91980193,Benson Masanda,Benson Masanda,3,0,60.9,human,1,citizenship_wd
Q9202518,Daudi Okelo,,3,0,60.9,human,1,birth_death_wd
Q9263589,Fred Bunjo,Fred Bunjo,3,0,60.9,human,1,citizenship_wd
Q93398298,George Kasangaki,George Kasangaki,3,0,60.9,human,2,birth_death_wd|citizenship_wd
Q96007164,Ephraim Adrale,Ephraim Adrale,3,0,60.9,human,2,birth_death_wd|citizenship_wd
Q96007232,Samuel Ssekkadde,Samuel Balagadde Ssekkadde,3,0,60.9,human,3,birth_death_wd|citizenship_wd|language_wd
Q96007261,Dunstan Nsubuga,Dunstan Nsubuga,3,0,60.9,human,2,citizenship_wd|language_wd
Q96163738,Philippa Musoke,Philippa Musoke,3,0,60.9,human,1,citizenship_wd
Q96361598,Robert Kabushenga,Robert Kabushenga,3,0,60.9,human,2,birth_death_wd|citizenship_wd
Q96376795,Fauziah Nakiboneka,Fauziah Nakiboneka,3,0,60.9,human,1,birth_death_wd
Q96384747,Joseph Konde-Lule,Joseph Konde-Lule,3,0,60.9,human,1,citizenship_wd
Q96406394,"St Paul's Cathedral, Kako","St Paul's Cathedral, Kako",3,0,60.9,Anglican or Episcopal cathedral,1,country_wd
Q96412032,Uganda Film Festival Award for Best Actor in Film,Uganda Film Festival Award for Best Actor in Film,3,0,60.9,class of award,2,country_wd|keyword_title
Q96412042,Uganda Film Festival Award for Best Actress in a Feature Film,Uganda Film Festival Award for Best Actress in a Feature Film,3,0,60.9,class of award,2,country_wd|keyword_title
Q96412051,Uganda Film Festival Award for Best Cinematography,Uganda Film Festival Award for Best Cinematography,3,0,60.9,"class of award, award for best photography",2,country_wd|keyword_title
Q96412097,Uganda Film Festival Award for Best Director,Uganda Film Festival Award for Best Director,3,0,60.9,class of award,2,country_wd|keyword_title
Q96412101,Uganda Film Festival Award for Best Feature Film,Uganda Film Festival Award for Best Feature Film,3,0,60.9,class of award,2,country_wd|keyword_title
Q96412116,Uganda Film Festival Award for Best Television Drama,Uganda Film Festival Award for Best Television Drama,3,0,60.9,class of award,2,country_wd|keyword_title
Q96438690,Alice Nabatanzi,Alice Nabatanzi,3,0,60.9,human,1,citizenship_wd
Q96627201,Mary Mugyenyi,Mary Mugyenyi,3,0,60.9,human,1,citizenship_wd
Q96693867,Linet Toroitich Chebet,Linet Toroitich Chebet,3,0,60.9,human,1,citizenship_wd
Q96869957,Tendo Mukalazi,Tendo Mukalazi,3,0,60.9,human,1,citizenship_wd
Q97069809,Susan Okalany,Susan Okalany,3,0,60.9,human,2,birth_death_wd|citizenship_wd
Q97446723,Mary Musoke,Mary Musoke,3,0,60.9,human,1,citizenship_wd
Q97702429,Solomon Walusimbi,Solomon Walusimbi,3,0,60.9,human,2,birth_death_wd|citizenship_wd
Q98539247,Kathleen Grace Noble,Kathleen Grace Noble,3,0,60.9,human,2,birth_death_wd|citizenship_wd
Q98603458,Gabrielle McMullin,Gabrielle McMullin,3,0,60.9,human,1,birth_death_wd
Q98636340,Shadir Musa Bwogi,Shadir Musa Bwogi,3,0,60.9,human,2,birth_death_wd|citizenship_wd
Q98930719,Adha Munguleya,Adha Munguleya,3,0,60.9,human,1,citizenship_wd
Q99735292,Pheona Wall,Pheona Wall,3,0,60.9,human,2,birth_death_wd|citizenship_wd
Q100136959,Esther Ruth Mbabazi,,2,0,54.5,human,1,citizenship_wd
Q100308123,Mirjam Blaak,Mirjam Blaak,2,0,54.5,human,1,citizenship_wd
Q100637489,Abdallah Nasur,Abdallah Nasur,2,0,54.5,human,1,citizenship_wd
Q104050242,Asan Kasingye,Asan Kasingye,2,0,54.5,human,1,birth_death_wd
Q104300518,Aaron Mushengyezi,Aaron Mushengyezi,2,0,54.5,human,1,citizenship_wd
Q104359369,Andrew Kambugu,Andrew Kambugu,2,0,54.5,human,1,citizenship_wd
Q104668229,Deputy Prime Minister of Uganda,Deputy Prime Minister of Uganda,2,0,54.5,position,3,country_wd|keyword_title|part_of_wd
Q104717556,Doreen Kabareebe,Doreen Kabareebe,2,0,54.5,human,2,birth_death_wd|citizenship_wd
Q104867778,Nubians,Nubians (Uganda),2,0,54.5,,2,country_wd|keyword_title
Q104871978,Uganda Inspectorate of Government Towers,Uganda Inspectorate of Government Towers,2,0,54.5,,2,country_wd|keyword_title
Q105044448,Jezza,"Jezza, Uganda",2,0,54.5,"village, administrative territorial entity",2,country_wd|keyword_title
Q105457011,Ssenyonyi Joel Besekezi,Joel Ssenyonyi,2,0,54.5,human,1,birth_death_wd
Q105635635,embassy of the United States in Uganda,"Embassy of the United States, Kampala",2,0,54.5,Embassy of the United States,2,country_wd|part_of_wd
Q105729903,Mamawi James,James Mamawi,2,0,54.5,human,2,birth_death_wd|citizenship_wd
Q105730111,Lagen David Atuka,Lagen David Atuka,2,0,54.5,human,1,citizenship_wd
Q105759499,Anywar Ricky Richard,Ricky Richard Anywar,2,0,54.5,human,2,birth_death_wd|citizenship_wd
Q105759717,Lolem Micah Akasile,Micah Akasile Lolem,2,0,54.5,human,2,birth_death_wd|citizenship_wd
Q105760383,Paparu Lillian Obiale,Lillian Obiale Paparu,2,0,54.5,human,2,birth_death_wd|citizenship_wd
Q105839579,Mary Annet Nakato,Mary Annet Nakato,2,0,54.5,human,2,birth_death_wd|citizenship_wd
Q105839707,Sharon Balmoi Laker,Sharon Balmoi Laker,2,0,54.5,human,2,birth_death_wd|citizenship_wd
Q105883266,Jane Kabajungu Bainomugisha,Jane Kabajungu Bainomugisha,2,0,54.5,human,2,birth_death_wd|citizenship_wd
Q105883576,Jane Awich,Jane Awich,2,0,54.5,human,2,birth_death_wd|citizenship_wd
Q105904137,Sylvia Bahireira Tumwekwase,Sylvia Bahireira Tumwekwase,2,0,54.5,human,2,birth_death_wd|citizenship_wd
Q105955426,Christine Bukenya Ssendawula,Christine Bukenya Ssendawula,2,0,54.5,human,3,birth_death_wd|citizenship_wd|language_wd
Q105955492,Faith Philo Kunihira,Faith Kunihira Philo,2,0,54.5,human,2,birth_death_wd|citizenship_wd
Q105955511,Nantongo Fortunate Rose,Fortunate Nantongo,2,0,54.5,human,2,birth_death_wd|citizenship_wd
Q105955552,Akullo Aabuka,Okullo Aabuka Jallon Anthony,2,0,54.5,human,1,citizenship_wd
Q105956483,Okia Joanne Aniku,Joanne Aniku Okia,2,0,54.5,human,2,birth_death_wd|citizenship_wd
Q105964981,Acom Alobo Joan,Joan Acom Alobo,2,0,54.5,human,2,birth_death_wd|citizenship_wd
Q105966331,Kabasharira Naome,Naome Kabasharira,2,0,54.5,human,2,birth_death_wd|citizenship_wd
Q105966807,Sylvia Vicky Awas,Sylvia Vicky Awas,2,0,54.5,human,2,birth_death_wd|citizenship_wd
Q105966841,Achia Remigio,Achia Remegio,2,0,54.5,human,2,birth_death_wd|citizenship_wd
Q106028285,Mwiru Paul,Paul Mwiru,2,0,54.5,human,2,birth_death_wd|citizenship_wd
Q106070421,Radiko,,2,0,54.5,human,2,birth_death_wd|citizenship_wd
Q106199631,Sitenda Sebalu,Sitenda Sebalu,2,0,54.5,human,1,citizenship_wd
Q106282844,Natasha Museveni Karugire,Natasha Museveni Karugire,2,0,54.5,human,1,citizenship_wd
Q106338475,Margaret Rwabushaija,Margaret Rwabushaija,2,0,54.5,human,1,citizenship_wd
Q106342176,foreign support of Uganda in the Uganda–Tanzania War,Foreign support of Uganda in the Uganda–Tanzania War,2,0,54.5,,2,country_wd|keyword_title
Q106351056,Turyahikayo Kebirungi Mary Paula,Mary Paula Kebirungi Turyahikayo,2,0,54.5,human,2,birth_death_wd|citizenship_wd
Q106351678,Peace Kusasira,Peace Kusasira,2,0,54.5,human,1,citizenship_wd
Q106368814,Aogon Silas,Silas Aogon,2,0,54.5,human,2,birth_death_wd|citizenship_wd
Q106431116,Annie Logiel,Annie Logiel,2,0,54.5,human,1,citizenship_wd
Q106538246,Uganda national football team results,Uganda national football team results (2020–present),2,0,54.5,Wikimedia list article,2,country_wd|keyword_title
Q106575340,2021 Uganda International Badminton Championships,,2,0,54.5,Uganda International Badminton Championships,1,country_wd
Q106589959,Imelda Namutebi,Imelda Namutebi,2,0,54.5,human,3,birth_death_wd|citizenship_wd|language_wd
Q106626684,Joseph Owino,Joseph Owino (footballer),2,0,54.5,human,1,birth_death_wd
Q106670288,Robert Kasule Sebunya,Robert Kasule Sebunya,2,0,54.5,human,1,citizenship_wd
Q106707448,Maro Uganda,Maro Uganda,2,0,54.5,human,2,citizenship_wd|keyword_title
Q106772775,Jimmy Lwanga,Jimmy Lwanga,2,0,54.5,human,1,citizenship_wd
Q106774575,Geofrey Ssolo Kayemba,Geofrey Kayemba,2,0,54.5,human,2,birth_death_wd|citizenship_wd
Q106797105,Entebbe Children's Surgical Hospital,Entebbe Children's Surgical Hospital,2,0,54.5,children's hospital,2,country_wd|keyword_title
Q106867463,Bugiri Sugar Factory,Bugiri Sugar Factory,2,0,54.5,company,1,country_wd
Q106880618,Naggalabi Buddo,Naggalabi Buddo,2,0,54.5,,1,country_wd
Q106936739,Karamoja Regional Museum,Karamoja Regional Museum,2,0,54.5,"museum, cultural center",2,country_wd|keyword_title
Q106936769,Uganda Martyrs Museum,Uganda Martyrs Museum,2,0,54.5,museum,2,country_wd|keyword_title
Q106936822,Cultural Research Centre Museum Jinja,Cultural Research Centre Museum-Jinja,2,0,54.5,"museum, community organization, cultural center",1,country_wd
Q106936881,St. Luke Community Museum,St. Luke Community Museum,2,0,54.5,"museum, cultural center",1,country_wd
Q106937496,Kigulu Cultural Museum-Iganga,Kigulu Cultural Museum,2,0,54.5,museum,1,country_wd
Q106962116,Rosemary Kisembo,Rosemary Kisembo,2,0,54.5,human,1,citizenship_wd
Q107056724,"Sexual Offenses Bill, 2019","Sexual Offences Bill, 2019",2,0,54.5,statute,1,country_wd
Q107234902,Dan Wagaluka,Dan Wagaluka,2,0,54.5,human,2,birth_death_wd|citizenship_wd
Q107234914,Herman Wasswa,Herman Wasswa,2,0,54.5,human,1,birth_death_wd
Q107333472,Bash Mutumba,,2,0,54.5,human,2,citizenship_wd|ethnic_group_wd
Q107337069,Orone Derrick,Derrick Orone,2,0,54.5,human,2,birth_death_wd|citizenship_wd
Q107380106,Sebamala Richard,Richard Sebamala,2,0,54.5,human,2,birth_death_wd|citizenship_wd
Q107639688,Uganda Nationalist Organization,Uganda Nationalist Organization,2,0,54.5,armed organization,2,country_wd|keyword_title
Q107639959,Giles Muhame,Giles Muhame,2,0,54.5,human,1,citizenship_wd
Q107669924,Joseph Kabuleta,Joseph Kabuleta,2,0,54.5,human,1,citizenship_wd
Q107669926,Willy Mayambala,Willy Mayambala,2,0,54.5,human,1,citizenship_wd
Q108030086,Dan Kimosho,Dan Kimosho,2,0,54.5,human,1,citizenship_wd
Q108049610,Barnabas Tinkasimire,Barnabas Tinkasimire,2,0,54.5,human,1,citizenship_wd
Q108113389,Amos Okot,Amos Okot,2,0,54.5,human,1,citizenship_wd
Q108127346,Ocan Patrick,Patrick Ocan,2,0,54.5,human,2,birth_death_wd|citizenship_wd
Q108127691,Maxwell Akora,Maxwell Akora,2,0,54.5,human,1,citizenship_wd
Q108140312,Olanya Gilbert,Gilbert Olanya,2,0,54.5,human,2,birth_death_wd|citizenship_wd
Q108140336,Akol Anthony,Anthony Akol,2,0,54.5,human,2,birth_death_wd|citizenship_wd
Q108148064,Arthur Waako Mboizi,Arthur Waako Mboizi,2,0,54.5,human,3,birth_death_wd|citizenship_wd|language_wd
Q108148065,Yovan Adriko,Yovan Adriko,2,0,54.5,human,1,citizenship_wd
Q108215500,Geoffrey Feta,Geoffrey Feta,2,0,54.5,human,1,citizenship_wd
Q108247826,Derrick Nyeko,Derrick Nyeko,2,0,54.5,human,2,birth_death_wd|citizenship_wd
Q108265847,Apollo Ofwono,Apollo Ofwono,2,0,54.5,human,1,citizenship_wd
Q108289986,East Africa School of Library and Information Science,East African School of Library and Information Science,2,0,54.5,institute,1,country_wd
Q108367147,Silwany Solomon,Solomon Silwany,2,0,54.5,human,2,birth_death_wd|citizenship_wd
Q108367154,Asuman Basalirwa,Asuman Basalirwa,2,0,54.5,human,1,citizenship_wd
Q108367160,Nambeshe John Baptist,John Nambeshe,2,0,54.5,human,2,birth_death_wd|citizenship_wd
Q108435602,Denis Nyangweso,Denis Nyangweso,2,0,54.5,human,1,citizenship_wd
Q108435630,Geoffrey Macho,Geoffrey Macho,2,0,54.5,human,1,citizenship_wd
Q108435746,Yusuf Mutembuli,Yusuf Mutembuli,2,0,54.5,human,1,citizenship_wd
Q108436234,John Mulimba,John Mulimba,2,0,54.5,human,1,citizenship_wd
Q108461677,Muhammad Ssegirinya,Muhammad Ssegirinya,2,0,54.5,human,2,birth_death_wd|citizenship_wd
Q108532105,Jimbricky Norman Ochero,Jimbricky Norman Ochero,2,0,54.5,human,1,citizenship_wd
Q108538175,Migadde Robert Ndugwa,Robert Migadde,2,0,54.5,human,2,birth_death_wd|citizenship_wd
Q108538309,Felix Ogong,Felix Ogong,2,0,54.5,human,2,birth_death_wd|citizenship_wd
Q108538693,Muwanga Kivumbi,Muwanga Kivumbi,2,0,54.5,human,1,citizenship_wd
Q108660876,Moyo Water Supply and Sanitation System,Moyo Water Supply and Sanitation System,2,0,54.5,,1,country_wd
Q108687547,Aubrey Hodges,Aubrey Hodges (cricketer),2,0,54.5,human,1,birth_death_wd
Q108760136,Moses Ogwal,Moses Ogwal,2,0,54.5,human,1,citizenship_wd
Q108782015,Ojara Martin Mapenduzi,Mapenduzi Ojara,2,0,54.5,human,2,birth_death_wd|citizenship_wd
Q108782034,Charles Onen,Charles Onen,2,0,54.5,human,1,citizenship_wd
Q108895816,Amanda Ngabirano,Amanda Ngabirano,2,0,54.5,human,1,citizenship_wd
Q109224642,Pius Bigirimana,Pius Bigirimana,2,0,54.5,human,1,citizenship_wd
Q109265406,Anna Talia Oze,Anna Talia Oze,2,0,54.5,human,1,citizenship_wd
Q109801897,Pela Commodities,Pela Commodities,2,0,54.5,business,1,country_wd
Q109802110,West Nile campaign,West Nile campaign (October 1980),2,0,54.5,military campaign,1,country_wd
Q109943655,Francis Mwijukye,Francis Mwijukye,2,0,54.5,human,1,citizenship_wd
Q109967869,Aloysius Mukasa,Aloysius Mukasa,2,0,54.5,human,1,citizenship_wd
Q110065116,Kambale Ferigo,Kambale Ferigo,2,0,54.5,human,2,birth_death_wd|citizenship_wd
Q110078450,Ayume Charles,Charles Ayume,2,0,54.5,human,2,birth_death_wd|citizenship_wd
Q110094700,Cotilda Inapo,Cotilda Inapo,2,0,54.5,human,1,citizenship_wd
Q110197504,Morris Mugisha,Morris Mugisha,2,0,54.5,human,1,citizenship_wd
Q110239833,Namuwongo Blazers,Namuwongo Blazers,2,0,54.5,"basketball team, men's basketball, basketball club",1,country_wd
Q110242743,Patrick Kimumwe,Patrick Kimumwe,2,0,54.5,human,1,citizenship_wd
Q110257569,Isaac Ssemakadde,Isaac Ssemakadde,2,0,54.5,human,1,citizenship_wd
Q110320314,road signs in Uganda,Road signs in Uganda,2,0,54.5,aspect in a geographic region,2,country_wd|keyword_title
Q110361604,Ephraim Biraaro,Ephraim Biraaro,2,0,54.5,human,1,citizenship_wd
Q110367654,Kakwenza Rukirabashaija,Kakwenza Rukirabashaija,2,0,54.5,human,2,birth_death_wd|citizenship_wd
Q110397360,Alice Komuhangi Khaukha,Alice Komuhangi Khaukha,2,0,54.5,human,1,citizenship_wd
Q110413318,Canaan Gents,Canaan Gents,2,0,54.5,musical group,1,country_wd
Q110500297,Robert Mwesigwa,Robert Mwesigwa,2,0,54.5,human,1,citizenship_wd
Q110517270,2000 Uganda mass deaths,Kanungu cult massacre,2,0,54.5,mass murder,1,country_wd
Q110588576,A.G. Mehta,A. G. Mehta,2,0,54.5,human,1,birth_death_wd
Q110604850,Aida Vee,,2,0,54.5,human,3,birth_death_wd|citizenship_wd|language_wd
Q110723008,Sanyuka TV Uganda,Sanyuka TV Uganda,2,0,54.5,television channel,2,country_wd|keyword_title
Q110800467,Ponsiano Lwakataka,Ponsiano Lwakataka,2,0,54.5,human,3,birth_death_wd|citizenship_wd|language_wd
Q110895849,Elizabeth Ntege,Elizabeth Ntege,2,0,54.5,human,2,citizenship_wd|language_wd
Q110897598,Bashir Kazibwe,Bashir Kazibwe,2,0,54.5,human,3,birth_death_wd|citizenship_wd|language_wd
Q110945334,Lawrence Coreta Muganga,Lawrence Coreta Muganga,2,0,54.5,human,2,birth_death_wd|citizenship_wd
Q110991191,2022 Uganda International Badminton Championships,,2,0,54.5,Uganda International Badminton Championships,1,country_wd
Q111036236,Patrick Edrin Kyamanywa,Patrick Edrin Kyamanywa,2,0,54.5,human,1,citizenship_wd
Q111180419,Nakawuki Susan Nsambu,Susan Nakawuki,2,0,54.5,human,2,birth_death_wd|citizenship_wd
Q111181361,Oleru Huda Abason,Huda Abason Oleru,2,0,54.5,human,2,birth_death_wd|citizenship_wd
Q111192252,Betty Nakibuka,Betty Nakibuuka,2,0,54.5,human,2,citizenship_wd|language_wd
Q111199119,Jackie Senyonjo,Jackie Senyonjo,2,0,54.5,human,1,citizenship_wd
Q111203409,Sumy Sadurni,Sumy Sadurni,2,0,54.5,human,1,birth_death_wd
Q111272117,Shilla Omuriwe Buyungo,Shilla Omuriwe Buyungo,2,0,54.5,human,1,citizenship_wd
Q111300617,Farida Charity,,2,0,54.5,human,1,citizenship_wd
Q111325662,Magode Ikuya,Maggie Magode Ikuya,2,0,54.5,human,2,birth_death_wd|citizenship_wd
Q111327988,Mugisha Muhanga Margaret,Mugisha Muhanga Margaret,2,0,54.5,human,1,citizenship_wd
Q111350557,Lukwago Rebecca Nalwanga,Lukwago Rebecca Nalwanga,2,0,54.5,human,1,citizenship_wd
Q111359838,Ssinabulya Sylvia Namabidde,Ssinabulya Sylvia Namabidde,2,0,54.5,human,1,citizenship_wd
Q111363446,Kiboijana Margaret N,Kiboijana Margaret N,2,0,54.5,human,1,citizenship_wd
Q111421163,Lanyero Sarah Ochieng,Lanyero Sarah Ochieng,2,0,54.5,human,1,citizenship_wd
Q111441905,Teddy Nakimuli,Teddy Nakimuli,2,0,54.5,human,3,birth_death_wd|citizenship_wd|language_wd
Q111449851,Rachael Mwine Arinaitwe,Rachael Mwine Arinaitwe,2,0,54.5,human,2,birth_death_wd|citizenship_wd
Q111472818,Justine Nabbosa,Justine Nabbosa,2,0,54.5,human,3,birth_death_wd|citizenship_wd|language_wd
Q111512363,Nayiga Florence Ssekabira,Nayiga Florence Ssekabira,2,0,54.5,human,1,citizenship_wd
Q111517476,Grace Bantebya Kyomuhendo,Grace Bantebya Kyomuhendo,2,0,54.5,human,2,birth_death_wd|citizenship_wd
Q111524969,Agnes Kirabo,Agnes Kirabo,2,0,54.5,human,1,citizenship_wd
Q111530434,Vinka,Vinka (musician),2,0,54.5,human,3,citizenship_wd|keyword_title|language_wd
Q111530555,Irene Manjeri,Irene Manjeri,2,0,54.5,human,2,citizenship_wd|language_wd
Q111533756,Rosemary Kerwegi,Rosemary Kerwegi,2,0,54.5,human,1,citizenship_wd
Q111730247,Eddy Yawe,Eddy Yawe,2,0,54.5,human,3,birth_death_wd|citizenship_wd|language_wd
Q111893895,Festo Karwemera,Festo Karwemera,2,0,54.5,human,2,birth_death_wd|citizenship_wd
Q111904516,Madi Community Museum,Madi Community Museum,2,0,54.5,"museum, community museum",1,country_wd
Q111917813,Franc kamugyisha,Franc Kamugyisha,2,0,54.5,human,1,citizenship_wd
Q111941214,Baba TV Uganda,Baba TV Uganda,2,0,54.5,"brand, television station",2,country_wd|keyword_title
Q111947335,Nyamwamba II Hydroelectric Power Station,Nyamwamba II Hydroelectric Power Station,2,0,54.5,hydroelectric power station,1,country_wd
Q111951640,violence against women in Uganda,Violence against women in Uganda,2,0,54.5,"delict, aspect in a geographic region",2,country_wd|keyword_title
Q111973023,Uganda Conservation Foundation,Uganda Conservation Foundation,2,0,54.5,organization,2,country_wd|keyword_title
Q111975540,Royal Mparo Tombs of Bunyoro Kingdom,Mparo Royal Tombs,2,0,54.5,"heritage site, tomb, monument",1,country_wd
Q111982390,Joint Energy Environment Projects (JEEP),Joint Energy Environment Projects,2,0,54.5,non-governmental organization,1,country_wd
Q112133146,Gideon Badagawa,Gideon Badagawa,2,0,54.5,human,1,citizenship_wd
Q112633680,Barkcloth making in Uganda,,2,0,54.5,clothmaking,1,country_wd
Q112811534,LASPNET,LASPNET,2,0,54.5,non-governmental organization,1,country_wd
Q112861241,Uganda at the 2022 World Aquatics Championships,Uganda at the 2022 World Aquatics Championships,2,0,54.5,nation at sport competition,2,country_wd|keyword_title
Q113110938,Ndyomugyenyi Roland Bish,Ndyomugyenyi Roland Bish,2,0,54.5,human,1,citizenship_wd
Q113130475,Francis Mwebesa,Francis Mwebesa,2,0,54.5,human,1,citizenship_wd
Q113130476,Fred Bwiino Kyakulaga,Fred Bwino Kyakulaga,2,0,54.5,human,2,birth_death_wd|citizenship_wd
Q113130517,Mayanja Sam,Sam Mayanja,2,0,54.5,human,1,birth_death_wd
Q113202991,2023 Uganda International Badminton Championships,,2,0,54.5,Uganda International Badminton Championships,1,country_wd
Q113369226,Buhoma,"Buhoma, Uganda",2,0,54.5,"administrative territorial entity, human settlement",2,country_wd|keyword_title
Q113372170,Uganda at the 2021 Islamic Solidarity Games,Uganda at the 2021 Islamic Solidarity Games,2,0,54.5,nation at sport competition,2,country_wd|keyword_title
Q113376149,Mathias Mpuuga,Mathias Mpuuga,2,0,54.5,human,1,citizenship_wd
Q113429090,Ssendi Mosh Afrikan,Ssendi Mosh Afrikan,2,0,54.5,human,1,citizenship_wd
Q113499585,Angololo Multipurpose Dam,Angololo Multipurpose Dam,2,0,54.5,"dam, hydroelectric power station",1,country_wd
Q113512387,Abel Chebet,,2,0,54.5,human,1,citizenship_wd
Q113524429,Johnson Omuhunde Rwashote Byabashaija,Johnson Byabashaija,2,0,54.5,human,1,citizenship_wd
Q113671753,2024 Uganda International Badminton Championships,,2,0,54.5,Uganda International Badminton Championships,1,country_wd
Q114339799,Africa Institute for Energy Governance,,2,0,54.5,"nonprofit organization, environmental organization",1,country_wd
Q114565937,Wilberforce Nadiope,Wilberforce Nadiope,2,0,54.5,human,2,birth_death_wd|citizenship_wd
Q114567453,John Massa Kasenene,John Massa Kasenene,2,0,54.5,human,1,citizenship_wd
Q114740622,Victoria Nile,,2,0,54.5,watercourse,1,country_wd
Q115018094,2023 in Uganda,2023 in Uganda,2,0,54.5,events in a specific year or time period,2,country_wd|keyword_title
Q115115053,Samuel Kibet,,2,0,54.5,human,1,citizenship_wd
Q115241692,The Uganda Society,The Uganda Society,2,0,54.5,"library, cultural institution, research center",3,country_wd|keyword_title|part_of_wd
Q115300765,Ngompek Linos,Linos Ngompek,2,0,54.5,human,2,birth_death_wd|citizenship_wd
Q115511904,Elphas Toroitich Ndiwa,,2,0,54.5,human,1,citizenship_wd
Q115626368,Oswaldo Ocira,,2,0,54.5,human,1,citizenship_wd
Q115696554,Robert Katera,Robert Kateera,2,0,54.5,human,2,birth_death_wd|citizenship_wd
Q115707753,Jack Odur Lutanywa,Jack Odur Lutanywa,2,0,54.5,human,1,citizenship_wd
Q115756677,Ernest Hausmann,Ernest Hausmann,2,0,54.5,human,1,birth_death_wd
Q115783748,Jimmy Akena Obote,Jimmy Akena Obote,2,0,54.5,human,2,birth_death_wd|citizenship_wd
Q115804798,John Baptist Mukasa,John Baptist Mukasa,2,0,54.5,human,2,birth_death_wd|citizenship_wd
Q115806022,Voice of Africa FM,Voice of Africa FM (Uganda),2,0,54.5,radio station,2,country_wd|keyword_title
Q115812528,1520 AD Biharwe Eclipse Monument,Biharwe Eclipse Monument,2,0,54.5,monument,1,country_wd
Q115816173,Uganda Boxing Federation,Uganda Boxing Federation,2,0,54.5,"federation, sports governing body, sports organization",2,country_wd|keyword_title
Q115988085,non-permanent members of the United Nations Security Council,Non-permanent members of the United Nations Security Council,2,0,54.5,legal status,1,country_wd
Q116077684,Hadija Namanda,Hadija Namanda,2,0,54.5,human,1,citizenship_wd
Q116214386,Daniel Nkata,Daniel Nkata,2,0,54.5,human,2,birth_death_wd|citizenship_wd
Q116245296,Muhammad Kirumira,Muhammad Kirumira,2,0,54.5,human,2,citizenship_wd|language_wd
Q116257607,Lydia Nabunya Nsaale Kitayimbwa,Lydia Nabunya Nsaale Kitayimbwa,2,0,54.5,human,3,birth_death_wd|citizenship_wd|language_wd
Q116604516,Eunice Otuko Apio,Eunice Otuko Apio,2,0,54.5,human,2,birth_death_wd|citizenship_wd
Q116646844,Sulaiman Segawa,Sulaiman Segawa,2,0,54.5,human,1,citizenship_wd
Q116679358,Samuel Okwir,Samuel Okwir,2,0,54.5,human,2,birth_death_wd|citizenship_wd
Q116759395,Frank Ssebuufu,Frank Ssebuufu,2,0,54.5,human,2,birth_death_wd|citizenship_wd
Q116790009,Sara Mulindwa,Sara Mulindwa,2,0,54.5,human,1,birth_death_wd
Q116923781,Rose Christine Adikini,Rose Christine Adikini,2,0,54.5,human,1,citizenship_wd
Q117064817,Rosemary Salmon,Rosemary Salmon,2,0,54.5,human,1,citizenship_wd
Q117222261,Akiki Nyabongo,Akiki Nyabongo,2,0,54.5,human,1,birth_death_wd
Q117266355,Moses Kizza Musaazi,Moses Kizza Musaazi,2,0,54.5,human,1,citizenship_wd
Q117371389,David Lewis Rubongoya,David Lewis Rubongoya,2,0,54.5,human,1,citizenship_wd
Q117389732,Masturah Mosque,,2,0,54.5,mosque,1,country_wd
Q117488194,Kampala Queens Women Football Club,Kampala Queens FC,2,0,54.5,"association football, association football club, sports team",2,country_wd|keyword_title
Q117599329,Medard Lubega Sseggona,Medard Lubega Sseggona,2,0,54.5,human,1,citizenship_wd
Q118278863,Jane Ajilo,,2,0,54.5,human,1,citizenship_wd
Q118338902,Echuya Forest reserve,Echuya Forest Reserve,2,0,54.5,"Important Bird Area, forest reserve",1,country_wd
Q118382781,Wambabya Central Forest Reserve,Wambabya Central Forest Reserve,2,0,54.5,forest,1,country_wd
Q118398411,Maureen Nantume,Maureen Nantume,2,0,54.5,human,2,citizenship_wd|language_wd
Q118591622,Kisiizi Falls,,2,0,54.5,"heritage site, waterfall",1,country_wd
Q118697470,Eco Activists For Governance And Law Enforcement,EAGLE (organization),2,0,54.5,non-governmental organization,1,country_wd
Q118713200,Sisiyi Falls,,2,0,54.5,waterfall,1,country_wd
Q11877483,Uganda at the Summer Olympics,Uganda at the Summer Olympics,2,0,54.5,Olympic delegation,1,country_wd
Q118902931,Afriyea Golf Academy,Afriyea Golf Academy,2,0,54.5,,1,country_wd
Q118903097,Pius Obuya,Pius Obuya,2,0,54.5,human,1,citizenship_wd
Q118939324,Patricia Munabi,Patricia Munabi Babiiha,2,0,54.5,human,1,citizenship_wd
Q118976300,Kyewaga Central Forest Reserve,Kyewaga Central Forest Reserve,2,0,54.5,protected area,1,country_wd
Q118976862,Arua Central Forest Reserve,Arua Central Forest Reserve,2,0,54.5,"forest, protected area, forest reserve",1,country_wd
Q118985387,Laker Jolly Grace Andruvile Okot,Laker Jolly Grace Andruvile Okot,2,0,54.5,human,2,birth_death_wd|citizenship_wd
Q119140770,Rwoho Central Forest Reserve,Rwoho Central Forest Reserve,2,0,54.5,protected area,1,country_wd
Q1191478,Makerere University School of Women and Gender Studies,Makerere University School of Women and Gender Studies,2,0,54.5,university,1,country_wd
Q119294640,Karuma Wildlife Reserve,Karuma Wildlife Reserve,2,0,54.5,protected area,1,country_wd
Q119362009,Rogers Kibet,,2,0,54.5,human,1,citizenship_wd
Q119571794,Omugave Ndugwa,Omugave Ndugwa,2,0,54.5,human,1,citizenship_wd
Q11979347,Joseph Mubiru,Joseph Mary Mubiru,2,0,54.5,human,2,birth_death_wd|citizenship_wd
Q119843716,Peace Oliver Amuge,Peace Oliver Amuge,2,0,54.5,human,3,birth_death_wd|citizenship_wd|language_wd
Q119960906,Olobo James Dubai,James Dubai Olobo,2,0,54.5,human,2,birth_death_wd|citizenship_wd
Q119998499,Charlie Lubega,Charlie Lubega,2,0,54.5,human,3,birth_death_wd|citizenship_wd|language_wd
Q119998661,Jolly Twebaze Ngabirano,Jolly Twebaze Ngabirano,2,0,54.5,human,2,birth_death_wd|citizenship_wd
Q120246375,Mayanja Kyompitira Sebalu,Mayanja Kyompitira Sebalu,2,0,54.5,human,2,birth_death_wd|citizenship_wd
Q120280011,Democratic Republic of the Congo–Uganda relations,,2,0,54.5,bilateral relation,1,country_wd
Q120355540,Arua nightclub shooting,Arua nightclub shooting,2,0,54.5,mass shooting,1,country_wd
Q120636048,Francis Miiro,Francis Miiro,2,0,54.5,human,1,birth_death_wd
Q120663217,Uganda at the 2023 World Aquatics Championships,Uganda at the 2023 World Aquatics Championships,2,0,54.5,nation at sport competition,2,country_wd|keyword_title
Q120801343,Adonia Katungisa,Adonia Katungisa,2,0,54.5,human,1,citizenship_wd
Q120931244,"Cathedral of Our Lady Queen of Peace, Lugazi",,2,0,54.5,Catholic cathedral,1,country_wd
Q12099156,mining industry of Uganda,Mining industry of Uganda,2,0,54.5,aspect in a geographic region,2,country_wd|keyword_title
Q121311381,2023 Uganda International Challenge,,2,0,54.5,Uganda International Challenge,1,country_wd
Q121315987,William Serwadda,William Serwadda,2,0,54.5,human,1,citizenship_wd
Q121365577,Miss Grand Uganda,Miss Grand Uganda,2,0,54.5,organization,2,country_wd|keyword_title
Q121404326,2023 Kampala International Badminton Championships,,2,0,54.5,Kampala International Badminton Championships,1,country_wd
Q121435248,Ivory Tower,Ivory Tower Building,2,0,54.5,building,1,country_wd
Q121435657,Mapeera Church,Nabulagala Mapeera church,2,0,54.5,church building,1,country_wd
Q121435683,Cathedral of the Sacred Heart of Jesus,,2,0,54.5,Catholic cathedral,1,country_wd
Q122143017,Butikkiro,Butikkiro,2,0,54.5,"house, dwelling",1,country_wd
Q122143447,Katoosa martyrs shrine,Katoosa Martyrs Shrine,2,0,54.5,"shrine, monument",1,country_wd
Q122168650,Kabuye Frank Kibirige,Kabuye Frank Kibirige,2,0,54.5,human,1,citizenship_wd
Q122184418,Stella Nekuusa,Stella Nekuusa,2,0,54.5,human,1,citizenship_wd
Q122638663,Afri art fashion show,Afri Art Fashion Show,2,0,54.5,recurring event,1,country_wd
Q122649296,Phan Lê Isaac,Isaac Mulyanga,2,0,54.5,human,1,citizenship_wd
Q122801619,Roy Mubiru,Roy Mubiru,2,0,54.5,human,1,citizenship_wd
Q122811671,Barlonyo Memorial Site,Barlonyo Memorial Site,2,0,54.5,memorial,1,country_wd
Q122935034,Jerry Sesanga,Sesanga Jerry,2,0,54.5,human,1,citizenship_wd
Q122971838,Bash Luks,,2,0,54.5,human,3,birth_death_wd|citizenship_wd|language_wd
Q123021081,Robert Wakhweya,Robert Wakhweya,2,0,54.5,human,1,citizenship_wd
Q123135788,Bright Tom Amooti,Tom Bright,2,0,54.5,human,2,birth_death_wd|citizenship_wd
Q123200224,Allan Children's Foundation,Allan Children's Foundation,2,0,54.5,organization,1,country_wd
Q123254196,Ateker Community Museum,Ateker Cultural Centre,2,0,54.5,"museum, community museum",1,country_wd
Q123351505,2024 Uganda International Challenge,,2,0,54.5,Uganda International Challenge,1,country_wd
Q123351531,2024 Kampala International Badminton Championships,,2,0,54.5,Kampala International Badminton Championships,1,country_wd
Q123741043,Wikijunior:Countries A-Z/Uganda/Image,,2,0,54.5,,1,country_wd
Q123998037,Ugandan Special Forces Command,Ugandan Special Forces Command,2,0,54.5,military unit,2,country_wd|keyword_title
Q124125054,Gabie Ntaate,Gabie Ntaate,2,0,54.5,human,2,citizenship_wd|language_wd
Q124129599,Winnie Nantongo,,2,0,54.5,human,1,citizenship_wd
Q124171249,Balyeku Moses Grace,Balyeku Moses Grace,2,0,54.5,human,1,citizenship_wd
Q124213720,Enkwanzi,Enkwanzi,2,0,54.5,musical instrument,1,country_wd
Q124251128,Entogoro,Entogoro,2,0,54.5,type of dance,1,country_wd
Q124255199,Yosam Odur Ebii,Yosam Odur Ebii,2,0,54.5,human,2,birth_death_wd|citizenship_wd
Q124311897,Brian Lubega,Brian Lubega,2,0,54.5,human,2,citizenship_wd|language_wd
Q124344588,Ekisaakaate,Ekisaakaate,2,0,54.5,training,1,country_wd
Q124348180,Anas Kaliisa,Anas Kaliisa,2,0,54.5,human,1,citizenship_wd
Q124357724,Ronald Martin,Ronald Martin (footballer),2,0,54.5,human,1,citizenship_wd
Q124448968,sombe,Sombe,2,0,54.5,"cuisine, stew",1,country_wd
Q124504647,Emmanuel Lumu,Emmanuel Lumu,2,0,54.5,human,1,citizenship_wd
Q124526790,Thereza Piloya,Thereza Piloya,2,0,54.5,human,1,citizenship_wd
Q124526936,Uganda women's national under-17 football team,Uganda women's national under-17 football team,2,0,54.5,national association football team,2,country_wd|keyword_title
Q124611513,International Postage Meter Stamp Catalog/Uganda,,2,0,54.5,,1,country_wd
Q124625748,Njovu Clan,Njovu Clan,2,0,54.5,clan,1,country_wd
Q124632322,Ntalaganya Clan,Ntalaganya Clan,2,0,54.5,clan,1,country_wd
Q124632446,Butiko Clan,Butiko Clan,2,0,54.5,clan,1,country_wd
Q124632499,Ffumbe Clan,Ffumbe Clan,2,0,54.5,clan,1,country_wd
Q124632587,Njaza Clan,Njaza Clan,2,0,54.5,clan,1,country_wd
Q124632982,Kibe Clan,Kibe Clan,2,0,54.5,clan,1,country_wd
Q124654897,Andrew Tendo,Andrew Tendo,2,0,54.5,human,1,citizenship_wd
Q124670525,Claire Lamunu,Claire Lamunu,2,0,54.5,human,2,birth_death_wd|citizenship_wd
Q124749959,Constantinos Mbonabingi,,2,0,54.5,human,2,birth_death_wd|citizenship_wd
Q124857332,Kokoro Janda,Kokoro Janda,2,0,54.5,human,1,citizenship_wd
Q124883282,Anne Nassanga,Anne Nassanga,2,0,54.5,human,1,citizenship_wd
Q124958065,Esther Wamala,Esther Wamala,2,0,54.5,human,2,birth_death_wd|citizenship_wd
Q124984566,Nsamba Patrick Oshabe,Patrick Nsamba Oshabe,2,0,54.5,human,1,birth_death_wd
Q125055446,Haron Adoli,,2,0,54.5,human,1,citizenship_wd
Q125167129,Uganda at the 2023 African Games,Uganda at the 2023 African Games,2,0,54.5,nation at sport competition,2,country_wd|keyword_title
Q125202808,2020–21 Uganda Premier League,2020–21 Uganda Premier League,2,0,54.5,sports season,2,country_wd|keyword_title
Q125362345,Judith Mary Amoit,Judith Mary Amoit,2,0,54.5,human,1,citizenship_wd
Q125363328,Christine Akello,Christine Akello,2,0,54.5,human,1,citizenship_wd
Q125388701,Okeme,Okeme,2,0,54.5,,1,country_wd
Q125744665,Daniel Bumba,,2,0,54.5,human,1,citizenship_wd
Q125763440,Herbert Kanabi Nsubuga,Herbert Kanabi Nsubuga,2,0,54.5,human,1,citizenship_wd
Q125918997,John William Kibukamusoke,John William Kibukamusoke,2,0,54.5,human,1,citizenship_wd
Q126119996,Latibu Muwonge,Latibu Muwonge,2,0,54.5,human,1,citizenship_wd
Q126165407,Joshua Baraka,Joshua Baraka,2,0,54.5,human,2,birth_death_wd|citizenship_wd
Q126284821,Kitgum–Kidepo Road,Kitgum–Kidepo Road,2,0,54.5,road,1,country_wd
Q126318653,1985 Ugandan coup d'état,1985 Ugandan coup d'état,2,0,54.5,coup d'état,2,country_wd|keyword_title
Q126326927,St. Noa Mawaggali Cathedral,,2,0,54.5,Catholic cathedral,1,country_wd
Q126362445,Caritas Uganda,Caritas Uganda,2,0,54.5,"organization, charitable organization",2,country_wd|keyword_title
Q126405491,Patricia Ochan Okiria,Patricia Ochan Okiria,2,0,54.5,human,1,citizenship_wd
Q126405520,Barbara Kemigisa,Barbara Kemigisa,2,0,54.5,human,1,citizenship_wd
Q126617502,Lawrence Kiiza,Lawrence Kiiza,2,0,54.5,human,1,citizenship_wd
Q126668016,Christopher George Frederick Frampton Melmoth,Christopher George Frederick Frampton Melmoth,2,0,54.5,human,1,citizenship_wd
Q126810661,Kibale Forest National Park,Kibale Forest National Park,2,0,54.5,forest reserve,1,country_wd
Q126811435,Jennifer Mwijukye,Jennifer Mwijukye,2,0,54.5,human,1,citizenship_wd
Q126889057,Gerald Kasaato,Gerald Kasaato,2,0,54.5,human,1,citizenship_wd
Q126924183,Barirega Akankwasah,Barirega Akankwasah,2,0,54.5,human,1,citizenship_wd
Q126938137,John F. Mugisha,John F. Mugisha,2,0,54.5,human,1,citizenship_wd
Q1272398,Koki Lakes,,2,0,54.5,lake,1,country_wd
Q127244252,BRIMS Heritage Resource Centre,BRIMS Heritage Resource Centre,2,0,54.5,"heritage centre, community museum, resource center",1,country_wd
Q127273652,Yako Bank Uganda Limited,Yako Bank Uganda Limited,2,0,54.5,company,2,country_wd|keyword_title
Q127683789,Kawempe Muslim LFC,Kawempe Muslim LFC,2,0,54.5,association football club,1,country_wd
Q12804215,Tom Priestly,,2,0,54.5,human,1,birth_death_wd
Q128596535,Paolino Tomaino,Paolino Tomaino,2,0,54.5,human,1,citizenship_wd
Q128800588,Abdul Karim Watambala,Abdul Karim Watambala,2,0,54.5,human,3,birth_death_wd|citizenship_wd|language_wd
Q129690646,Kamurasi-Baker Monument,Kamurasi-Baker Monument,2,0,54.5,monument,1,country_wd
Q130095197,Ibrahim Mugulusi,Ibrahim Mugulusi,2,0,54.5,human,2,birth_death_wd|citizenship_wd
Q130125993,Vienna College Namugongo,Vienna College Namugongo,2,0,54.5,international school,1,country_wd
Q130134109,Ssozi Shaka,Ssozi Shaka,2,0,54.5,human,1,citizenship_wd
Q130141348,David Bagoole,David Bagoole,2,0,54.5,human,1,citizenship_wd
Q130219984,Rosemary Byanyima,Rosemary Byanyima,2,0,54.5,human,1,citizenship_wd
Q130226191,Morley Byekwaso,Morley Byekwaso,2,0,54.5,human,1,citizenship_wd
Q130236241,Baker Mbowa,Baker Mbowa,2,0,54.5,human,1,citizenship_wd
Q130305807,Alex Isabirye Musongola,Alex Isabirye,2,0,54.5,human,1,citizenship_wd
Q130306996,Bruno Bunyaga,Bruno Bunyaga,2,0,54.5,human,2,birth_death_wd|citizenship_wd
Q130307006,James Begisa Penza,James Begisa,2,0,54.5,human,2,birth_death_wd|citizenship_wd
Q130313792,Saidi Mayanja,Saidi Mayanja,2,0,54.5,human,1,citizenship_wd
Q130313962,Julius Poloto,Julius Poloto,2,0,54.5,human,1,citizenship_wd
Q130314222,Emmanuel Alex Wasswa,Emmanuel Wasswa,2,0,54.5,human,1,citizenship_wd
Q130314342,James Mubezi,James Mubezi,2,0,54.5,human,1,citizenship_wd
Q130314345,Fillbert Obenchan,Filbert Obenchan,2,0,54.5,human,1,citizenship_wd
Q130324044,Shafik Kwikiriza,Shafik Nana Kwikiriza,2,0,54.5,human,1,citizenship_wd
Q130324129,Dan Birikwalira,Dan Birikwalira,2,0,54.5,human,2,birth_death_wd|citizenship_wd
Q130336242,Kabwoya–Buhuka Road,Kabwoya–Buhuka Road,2,0,54.5,road,1,country_wd
Q130348222,Denis Kiggundu,Denis Kiggundu,2,0,54.5,human,1,citizenship_wd
Q130348353,Hilary Mukundane,Hilary Mukundane,2,0,54.5,human,1,citizenship_wd
Q130348354,Isa Mubiru,Isa Mubiru,2,0,54.5,human,1,citizenship_wd
Q130348452,Marvin Joseph Youngman,Marvin Joseph Youngman,2,0,54.5,human,1,citizenship_wd
Q130368357,Lugazi FC,,2,0,54.5,association football club,1,country_wd
Q130372843,James Ssemambo,James Ssemambo,2,0,54.5,human,1,citizenship_wd
Q130378109,Kiwanuka Sulaiman,Kiwanuka Sulaiman,2,0,54.5,human,2,birth_death_wd|citizenship_wd
Q130388058,Nakayima tree,Nakayima Tree,2,0,54.5,"cultural heritage, shrine, remarkable tree",1,country_wd
Q130446942,Alexander David Ssimbwa,Alexander David Ssimbwa,2,0,54.5,human,1,citizenship_wd
Q130448895,John Baptist Walusimbi,John Baptist Walusimbi,2,0,54.5,human,1,citizenship_wd
Q130529837,Arnold Odong,Arnold Odong,2,0,54.5,human,1,citizenship_wd
Q130541128,Kaddu Sebunya,Kaddu Sebunya,2,0,54.5,human,1,citizenship_wd
Q130550879,Josephine Ahikire,Josephine Ahikire,2,0,54.5,human,1,citizenship_wd
Q130600929,Akbar Adoko Nekyon,Akbar Adoko Nekyon,2,0,54.5,human,2,birth_death_wd|citizenship_wd
Q130668126,Jude Ssemugabi,Jude Ssemugabi,2,0,54.5,human,1,citizenship_wd
Q130724203,Abdallah Mubiru,Abdallah Mubiru,2,0,54.5,human,1,citizenship_wd
Q130729564,Joshua Lubwama,Joshua Lubwama,2,0,54.5,human,2,birth_death_wd|citizenship_wd
Q130943413,Fred Kajoba,Fred Kajoba,2,0,54.5,human,1,citizenship_wd
Q130981490,Tom Ikara,Tom Ikara,2,0,54.5,human,2,birth_death_wd|citizenship_wd
Q131010851,Ronald Otti,Ronald Otti,2,0,54.5,human,1,citizenship_wd
Q131065098,Jonah Patrick Kakande,,2,0,54.5,human,1,citizenship_wd
Q131105789,Lydia Mugambi,Lydia Mugambi,2,0,54.5,human,1,citizenship_wd
Q131191143,Esther Nakaziba,Esther Nakaziba,2,0,54.5,human,3,birth_death_wd|citizenship_wd|language_wd
Q131192031,Teira John,John Teira,2,0,54.5,human,2,birth_death_wd|citizenship_wd
Q131228429,Natasha Nyonyozi,Natasha Nyonyozi,2,0,54.5,human,2,birth_death_wd|citizenship_wd
Q131313234,George Mukasa,George Mukasa,2,0,54.5,human,1,citizenship_wd
Q131363499,Ssekiganda Ronald,Ronald Ssekiganda,2,0,54.5,human,2,birth_death_wd|citizenship_wd
Q131388503,Asuman Lubowa,Asuman Lubowa,2,0,54.5,human,1,citizenship_wd
Q131440696,Sammy Ssebaduka,Sammy Ssebaduka,2,0,54.5,human,2,birth_death_wd|citizenship_wd
Q131466348,Nasejje Jalia,Nasejje Jalia,2,0,54.5,human,1,citizenship_wd
Q131544984,Frank Nabwiso,Frank Nabwiso,2,0,54.5,human,1,citizenship_wd
Q131737552,Uganda men's national under-16 basketball team,Uganda men's national under-16 basketball team,2,0,54.5,national basketball team,2,country_wd|keyword_title
Q131823698,Ham Serunjogi,Ham Serunjogi,2,0,54.5,human,1,citizenship_wd
Q13188389,Harry George Galt,Harry George Galt,2,0,54.5,human,1,birth_death_wd
Q131927666,Abubakar Muhammad Moki,Abubakar Muhammad Moki,2,0,54.5,human,1,citizenship_wd
Q132125850,Basamia,Basamia,2,0,54.5,ethnic group,1,country_wd
Q132129979,Geoffrey Mutiwa,Geoffrey Mutiwa,2,0,54.5,human,2,citizenship_wd|language_wd
Q132129985,Xavier Kyooma,Xavier Kyooma,2,0,54.5,human,1,citizenship_wd
Q132152222,Enock Nyongore,Enock Nyongore,2,0,54.5,human,2,citizenship_wd|language_wd
Q132158705,Stephen Sserubula,Stephen Sserubula,2,0,54.5,human,1,citizenship_wd
Q132529272,Batagwenda,Batagwenda,2,0,54.5,ethnic group,1,country_wd
Q132680551,Ensaasi,Ensaasi,2,0,54.5,,1,country_wd
Q132712321,2025 Uganda International Badminton Championships,,2,0,54.5,Uganda International Badminton Championships,1,country_wd
Q132861138,Fort Portal College of Health Sciences,Fort Portal College of Health Sciences,2,0,54.5,public institution,1,country_wd
Q133268144,Dennis Ngabirano,Dennis Ngabirano,2,0,54.5,human,1,citizenship_wd
Q133272910,Luyimbazi Nalukoola Elias,Luyimbazi Elias Nalukoola,2,0,54.5,human,3,birth_death_wd|citizenship_wd|language_wd
Q133459975,Margret Baagala,Margaret Baagala,2,0,54.5,human,1,citizenship_wd
Q133460290,Zahara Nandawula,Zahara Nandawula,2,0,54.5,human,2,citizenship_wd|language_wd
Q133460420,Naava Grey,Asha Naava Zziwa,2,0,54.5,human,1,citizenship_wd
Q133462738,Falidah Kadondi,Faridah Kadondi,2,0,54.5,human,2,birth_death_wd|citizenship_wd
Q133502704,Betty Muzanira,Betty Muzanira,2,0,54.5,human,2,birth_death_wd|citizenship_wd
Q133525514,Hadija Namale,Hadija Namale,2,0,54.5,human,3,birth_death_wd|citizenship_wd|language_wd
Q133530719,Susan Kabonero Muhwezi,Susan Kabonero Muhwezi,2,0,54.5,human,1,citizenship_wd
Q133567055,Stella Nanteza,Stella Nanteza,2,0,54.5,human,1,citizenship_wd
Q133690266,Ibrahim Juma,,2,0,54.5,human,2,birth_death_wd|citizenship_wd
Q133800416,Damalie Kisosonkole,Damalie Kisosonkole,2,0,54.5,human,2,citizenship_wd|language_wd
Q133816475,Josephine Kasya,Josephine Kasya,2,0,54.5,human,2,birth_death_wd|citizenship_wd
Q133817591,Elizabeth Paula Napeyok,Elizabeth Paula Napeyok,2,0,54.5,human,2,birth_death_wd|citizenship_wd
Q133819933,Malyamu Amin,Malyamu Amin,2,0,54.5,human,2,birth_death_wd|citizenship_wd
Q133821411,Brenda Maraka,Brenda Maraka,2,0,54.5,human,2,birth_death_wd|citizenship_wd
Q133824398,Norah Amin,Norah Amin,2,0,54.5,human,1,citizenship_wd
Q133828172,Prosperous Nankindu Kavuma,Prosperous Nankindu Kavuma,2,0,54.5,human,2,citizenship_wd|language_wd
Q133828187,Joan Rwabyomere,Joan Rwabyomere,2,0,54.5,human,1,citizenship_wd
Q133830126,Elizabeth Muwanga,Elizabeth Muwanga,2,0,54.5,human,2,citizenship_wd|language_wd
Q133833461,Ruth Mukama,Ruth Mukama,2,0,54.5,human,1,citizenship_wd
Q133835773,Martha Kyoshaba,Martha Kyoshaba,2,0,54.5,human,1,citizenship_wd
Q133836482,Margaret Ssebagereka,Margaret Ssebagereka,2,0,54.5,human,1,citizenship_wd
Q133858820,Bernadette Nambi,Bernadette Nambi,2,0,54.5,human,1,citizenship_wd
Q133861224,Gladyce Kachope,Gladyce Kachope,2,0,54.5,human,2,birth_death_wd|citizenship_wd
Q133862367,Buhimba United Saints F.C.,,2,0,54.5,association football club,1,country_wd
Q133864830,Aisha Naluzze Batala,Aisha Naluzze Batala,2,0,54.5,human,1,citizenship_wd
Q133868272,Juliet Muzoora Atuhairwe,Juliet Muzoora,2,0,54.5,human,1,citizenship_wd
Q133879190,Chance Nalubega,Chance Nalubega,2,0,54.5,human,2,citizenship_wd|language_wd
Q133881066,Catherine Ainembabazi,Catherine Ainembabazi,2,0,54.5,human,1,citizenship_wd
Q133883278,Fred Nyanzi Ssentamu,Fred Nyanzi Ssentamu,2,0,54.5,human,2,citizenship_wd|language_wd
Q133931136,Maggie Kathewera Banda,Maggie Kathewera Banda,2,0,54.5,human,1,birth_death_wd
Q133933796,Katherine Namuddu,Katherine Namuddu,2,0,54.5,human,2,citizenship_wd|language_wd
Q133933916,Gloria Seruwagi,Gloria Seruwagi,2,0,54.5,human,2,citizenship_wd|language_wd
Q133934002,Rose Nakasi,Rose Nakasi,2,0,54.5,human,2,citizenship_wd|language_wd
Q133980867,Shamim Mayanja,Shamim Mayanja,2,0,54.5,human,1,citizenship_wd
Q134083095,Olivia Wawire,Olivia Wawire,2,0,54.5,human,2,birth_death_wd|citizenship_wd
Q134087849,Sherifah Tumusiime,Sherifah Tumusiime,2,0,54.5,human,1,citizenship_wd
Q134109053,Tembuzi dynasty,Tembuzi,2,0,54.5,,1,country_wd
Q134184129,Beatrice Ayikoru,Beatrice Ayikoru,2,0,54.5,human,1,citizenship_wd
Q134239125,John Bashaija Kazoora,John Bashaija Kazoora,2,0,54.5,human,2,birth_death_wd|citizenship_wd
Q134267589,Omega 256,Shamim Murerwa,2,0,54.5,human,2,birth_death_wd|citizenship_wd
Q134274413,Peace Mbabazi Kyamukongwire,Peace Mbabazi Kyamukongwire,2,0,54.5,human,1,citizenship_wd
Q134275957,Sandra Nabaggala,Sandra Nabaggala,2,0,54.5,human,1,citizenship_wd
Q134285433,Lilian Ruteraho,Lilian Ruteraho,2,0,54.5,human,1,citizenship_wd
Q134307866,East African Revival Museum,East African Revival Museum,2,0,54.5,"museum, community museum",1,country_wd
Q134308011,Semei Kakungulu Museum,Semei Kakungulu Museum,2,0,54.5,"museum, community museum",1,country_wd
Q134389622,Recognition of same-sex unions in Uganda,Recognition of same-sex unions in Uganda,2,0,54.5,same-sex marriage in a geographic region,2,country_wd|keyword_title
Q134549681,Juliana Kaggwa,Juliana Kagwa,2,0,54.5,human,2,citizenship_wd|language_wd
Q134611565,Ali Kony,Ali Kony,2,0,54.5,human,2,birth_death_wd|citizenship_wd
Q134612357,Matthias Magoola,Matthias Magoola,2,0,54.5,human,1,citizenship_wd
Q134732645,Godfrey Kabbyanga,,2,0,54.5,human,2,birth_death_wd|citizenship_wd
Q134883464,Ivan Muhwezi,Ivan Muhwezi,2,0,54.5,human,1,citizenship_wd
Q135034549,Nimisha Madhvani,Nimisha Madhvani,2,0,54.5,human,1,citizenship_wd
Q135110095,Zam Seera,Zam Seera,2,0,54.5,human,1,citizenship_wd
Q135116412,Jovia Nakagolo,Jovia Nakagolo,2,0,54.5,human,1,citizenship_wd
Q135404154,Mbale Secondary School,Mbale Secondary School,2,0,54.5,school,1,country_wd
Q135437535,Yvonne Mpambara,Yvonne Mpambara,2,0,54.5,human,2,birth_death_wd|citizenship_wd
Q135439069,Najib Yiga,Najib Yiga,2,0,54.5,human,1,citizenship_wd
Q135472130,Ssekajugo Elvis,Ssekajugo Elvis,2,0,54.5,human,1,citizenship_wd
Q135479058,Byanyima Nathan,Nathan Byanyima,2,0,54.5,human,2,birth_death_wd|citizenship_wd
Q135488104,Emmanuel Kalyowa,Emmanuel Kalyowa,2,0,54.5,human,1,citizenship_wd
Q135581491,Apollo Kagogwe,Apollo Kagogwe,2,0,54.5,human,1,citizenship_wd
Q135733866,Nkunyingi Muwada,Muwada Nkunyingi,2,0,54.5,human,2,birth_death_wd|citizenship_wd
Q135785417,Joel Mutakubwa,Joel Mutakubwa,2,0,54.5,human,2,birth_death_wd|citizenship_wd
Q135788244,Reagan Mpande,Reagan Mpande,2,0,54.5,human,1,citizenship_wd
Q135788960,Elvis Ngondwe,Elvis Ngonde,2,0,54.5,human,1,citizenship_wd
Q135790583,Joel Sserunjogi,Joel Sserunjogi,2,0,54.5,human,1,citizenship_wd
Q135831037,Ronald Ssebuguzi,Ronald Ssebuguzi,2,0,54.5,human,1,citizenship_wd
Q135842456,Rogers Ochaki Torach,Rogers Torach,2,0,54.5,human,1,citizenship_wd
Q135901374,Nyege Nyege,Nyege Nyege (collective),2,0,54.5,artist collective,1,country_wd
Q135907525,Lwanga Charles,Lwanga Charles,2,0,54.5,human,1,citizenship_wd
Q135914394,Ivan Ahimbisibwe,Ivan Ahimbisibwe,2,0,54.5,human,1,citizenship_wd
Q135923016,Chrispas Kusiima,Chrispas Kusiima,2,0,54.5,human,1,citizenship_wd
Q135969357,Nicholas Mwere,Nicholas Mwere,2,0,54.5,human,1,citizenship_wd
Q135975716,Mutwalibu Mugolofa,Mutwalibu Mugolofa,2,0,54.5,human,1,citizenship_wd
Q135988693,Enock Ssebaggala,Enock Ssebaggala,2,0,54.5,human,1,citizenship_wd
Q135999610,Umar Lutalo,Umar Lutalo,2,0,54.5,human,1,citizenship_wd
Q136004862,Igongo Cultural Centre Museum,Igongo Cultural Centre and Museum,2,0,54.5,"museum, cultural center",1,country_wd
Q136051139,Hannington Ssebwalunyo,Hannington Ssebwalunyo,2,0,54.5,human,1,citizenship_wd
Q136135178,Nkuubi Brian,Brian Nkuubi,2,0,54.5,human,2,birth_death_wd|citizenship_wd
Q136147256,Ndugwa Abraham,Ndugwa Abraham,2,0,54.5,human,2,birth_death_wd|citizenship_wd
Q136160150,Clement Kiggundu,Clement Kiggundu,2,0,54.5,human,2,birth_death_wd|citizenship_wd
Q136230068,Ashraf Mandela,Ashraf Mandela,2,0,54.5,human,1,citizenship_wd
Q136305016,2025 Kampala International Badminton Championships,,2,0,54.5,Kampala International Badminton Championships,1,country_wd
Q136339618,Michael Moses Odongo Okune,Odongo Okune,2,0,54.5,human,2,birth_death_wd|citizenship_wd
Q136350170,Rwot David Onen Acana II,Rwot Acana,2,0,54.5,human,2,citizenship_wd|ethnic_group_wd
Q136357064,Grace Lubega,Grace Lubega,2,0,54.5,human,2,citizenship_wd|language_wd
Q136394263,2025 Uganda International Challenge,,2,0,54.5,Uganda International Challenge,1,country_wd
Q136412979,Rogers Semitala,Rogers Semitala,2,0,54.5,human,2,citizenship_wd|language_wd
Q136463694,American Football Federation of Uganda,American Football Federation of Uganda,2,0,54.5,sports governing body,2,country_wd|keyword_title
Q136529124,,Munyagwa Mubarak Sserunga,2,0,54.5,human,2,birth_death_wd|citizenship_wd
Q136555930,Tonny Awany,Tonny Awany,2,0,54.5,human,1,citizenship_wd
Q136602136,Moses Muhwezi,Moses Muhwezi,2,0,54.5,human,1,citizenship_wd
Q136602155,Kasibante Robert,Kasibante Robert,2,0,54.5,human,2,birth_death_wd|citizenship_wd
Q136670356,Elton Joseph Mabirizi,Elton Joseph Mabirizi,2,0,54.5,human,2,citizenship_wd|language_wd
Q136674050,Tina Wamala,Tina Wamala,2,0,54.5,human,1,citizenship_wd
Q136682385,Tibasiimwa Joram Ruranga,Tibasiimwa Joram Ruranga,2,0,54.5,human,2,birth_death_wd|citizenship_wd
Q136682387,Ayoo Tonny,Ayoo Tonny,2,0,54.5,human,1,citizenship_wd
Q136682452,Henry Maurice Kibalya,Kibalya Henry Maurice,2,0,54.5,human,2,birth_death_wd|citizenship_wd
Q136682664,Lokwang Hillary,Lokwang Hillary,2,0,54.5,human,3,birth_death_wd|citizenship_wd|language_wd
Q136682871,Bulira Frank Kabinga,Frank Bulira Kabinga,2,0,54.5,human,2,citizenship_wd|language_wd
Q136718424,Emmanuel Anyama,Emmanuel Anyama,2,0,54.5,human,1,citizenship_wd
Q136759823,Jacklyn Jolly Tukamushaba,Jacklyn Jolly Tukamushaba,2,0,54.5,human,2,birth_death_wd|citizenship_wd
Q136765280,Jude T Lubega,Jude T Lubega,2,0,54.5,human,1,citizenship_wd
Q136769420,Balimwezo Ronald Nsubuga,Ronald Nsubuga Balimwezo,2,0,54.5,human,2,citizenship_wd|language_wd
Q136785114,Drake P Mirembe,Drake P Mirembe,2,0,54.5,human,1,citizenship_wd
Q136821745,Laika,Laika Umuhoza,2,0,54.5,human,2,birth_death_wd|citizenship_wd
Q136842498,Geoffrey Lutaaya,Geoffrey Lutaaya,2,0,54.5,human,2,citizenship_wd|language_wd
Q136892528,Nakivubo Channel,Nakivubo Channel,2,0,54.5,"drainage basin, watercourse",1,country_wd
Q136910579,Ssewungu Joseph Gonzaga,Joseph Gonzaga Ssewungu,2,0,54.5,human,2,birth_death_wd|citizenship_wd
Q136932628,Kayogera Yona,Kayogera Yona,2,0,54.5,human,1,birth_death_wd
Q136954178,Juliet Zawedde,Juliet Zawedde,2,0,54.5,human,2,birth_death_wd|citizenship_wd
Q137015708,Kampala German Language School,Kampala German Language School,2,0,54.5,school,2,country_wd|keyword_title
Q137115163,Death of Monic Karungi,Death of Monic Karungi,2,0,54.5,,1,country_wd
Q137274362,Jackline Katusiime,Jackline Katusiime,2,0,54.5,human,1,citizenship_wd
Q137291796,Ramathan Ggoobi,Ramathan Ggoobi,2,0,54.5,human,1,citizenship_wd
Q137299185,Uganda in World War II,Uganda in World War II,2,0,54.5,nation at occurrence,2,country_wd|keyword_title
Q137473439,Walinda Jonathan,Walinda Jonathan,2,0,54.5,human,1,citizenship_wd
Q137606124,Sheila Tusiime,Sheila Tusiime,2,0,54.5,human,1,citizenship_wd
Q137732933,Rebecca Alitwala Mubezi,Rebecca Alitwala Mubezi,2,0,54.5,human,2,birth_death_wd|citizenship_wd
Q137735743,Felister Chekwemoi,Felister Chekwemoi,2,0,54.5,human,1,citizenship_wd
Q137735744,Brenda Chekwemoi,Brenda Chekwemoi,2,0,54.5,human,1,citizenship_wd
Q137755846,Bentalin Yeko,Bentalin Yeko,2,0,54.5,human,1,citizenship_wd
Q137856119,Muyonjo Hussein,Hussein Muyonjo Swengere,2,0,54.5,human,2,birth_death_wd|citizenship_wd
Q137885754,Maseruka Robert,Robert Maseruka,2,0,54.5,human,2,birth_death_wd|citizenship_wd
Q137991249,Namatende Eunice,Eunice Namatende,2,0,54.5,human,2,birth_death_wd|citizenship_wd
Q137994254,Enid Origumisiriza,Enid Origumisiriza,2,0,54.5,human,2,birth_death_wd|citizenship_wd
Q138001320,Acom Esther,Esther Lucy Acom,2,0,54.5,human,2,birth_death_wd|citizenship_wd
Q138127827,Alinaitwe Sylvia Tumuheirwe,Sylvia Tumuheirwe Alinaitwe,2,0,54.5,human,1,birth_death_wd
Q138423579,2026 Uganda International Challenge,,2,0,54.5,Uganda International Challenge,1,country_wd
Q138426758,James Rwanyarare,James Rwanyarare,2,0,54.5,human,1,citizenship_wd
Q138457142,Komakech Christopher,Christopher Komakech,2,0,54.5,human,2,birth_death_wd|citizenship_wd
Q138460898,Lugwar Benson,Benson Lugwar,2,0,54.5,human,1,birth_death_wd
Q138480753,Ssebugga Kimeze,Ssebugga Kimeze,2,0,54.5,human,2,birth_death_wd|citizenship_wd
Q138498787,Christopher Kasozi,Christopher Kasozi,2,0,54.5,human,1,citizenship_wd
Q138504850,Jalameso Fred,Fred Jalameso,2,0,54.5,human,1,birth_death_wd
Q138510825,Muhammadi Lubega Kisambira,Muhammadi Lubega Kisambira,2,0,54.5,human,1,citizenship_wd
Q138515252,Ediau Samuel,Samuel Ediau,2,0,54.5,human,2,birth_death_wd|citizenship_wd
Q138515254,Twaha Kagabo,Twaha Kagabo,2,0,54.5,human,3,birth_death_wd|citizenship_wd|language_wd
Q138539067,George Didi Bhoka,George Didi Bhoka,2,0,54.5,human,1,citizenship_wd
Q138577188,Lukyamuzi David Kalwanga,David Kalwanga Lukyamuzi,2,0,54.5,human,2,birth_death_wd|citizenship_wd
Q138581266,Damoni Kitabire,Damoni Kitabire,2,0,54.5,human,1,citizenship_wd
Q138583087,Kyeyune Ivan,Ivan Kyeyune,2,0,54.5,human,3,birth_death_wd|citizenship_wd|language_wd
Q138666034,Manuel Muranga John Kamugisha,Manuel Muranga,2,0,54.5,human,1,citizenship_wd
Q138717575,Joseph Almeida,Joseph Almeida (educator),2,0,54.5,human,1,citizenship_wd
Q138751304,Acan Joyce Okeny,Acan Joyce Okeny,2,0,54.5,human,1,citizenship_wd
Q138755482,Anne K. Rweyora,Anne K. Rweyora,2,0,54.5,human,1,citizenship_wd
Q138787843,Olum Lornah Afoyomungu,Olum Lornah Afoyomungu,2,0,54.5,human,1,citizenship_wd
Q138792888,Benedicta Nanyonga,Benedicta Nanyonga,2,0,54.5,human,2,birth_death_wd|citizenship_wd
Q139120079,Alfred Muhoozi,Alfred Muhoozi,2,0,54.5,human,1,citizenship_wd
Q139148702,Mathew Rukikaire,Mathew Rukikaire,2,0,54.5,human,2,birth_death_wd|citizenship_wd
Q139535769,Emperor Orlandoh,Emperor Orlandoh,2,0,54.5,human,2,citizenship_wd|language_wd
Q139550109,Menton Summer,Menton Summer,2,0,54.5,human,3,birth_death_wd|citizenship_wd|language_wd
Q139554840,Echodu David Calvin,David Calvin Echodu,2,0,54.5,human,2,birth_death_wd|citizenship_wd
Q139554865,Kabanda David,David Kabanda,2,0,54.5,human,2,birth_death_wd|citizenship_wd
Q139554871,Kaka Lubega Ismail Uthuman,Kaka Lubega Ismail Uthuman,2,0,54.5,human,3,birth_death_wd|citizenship_wd|language_wd
Q139554921,Lakisa Mercy Faith,Mercy Faith Lakisa,2,0,54.5,human,2,birth_death_wd|citizenship_wd
Q139554925,Lokii John Baptist,Lokii John Baptist,2,0,54.5,human,2,birth_death_wd|citizenship_wd
Q139554958,Modoi Isaac,Isaac Modoi,2,0,54.5,human,2,birth_death_wd|citizenship_wd
Q139554998,Ssewagudde Robert,Robert Ssewagudde,2,0,54.5,human,1,citizenship_wd
Q139555015,Ogwang Patrick Obura,Patrick Ogwang Obura,2,0,54.5,human,2,birth_death_wd|citizenship_wd
Q139555018,Okaasai Sidronius Opolot,Okaasai Sidronius Opolot,2,0,54.5,human,3,birth_death_wd|citizenship_wd|language_wd
Q139555039,Opolot-okwalinga Simon Peter,Opolot-Okwalinga Simon Peter,2,0,54.5,human,3,birth_death_wd|citizenship_wd|language_wd
Q139623379,Sarah Kizito,Sarah Kizito,2,0,54.5,human,1,citizenship_wd
Q139659797,Esther Kyozira,Esther Kyozira,2,0,54.5,human,1,citizenship_wd
Q139719426,Wasswa Lule,Wasswa Lule,2,0,54.5,human,1,citizenship_wd
Q139759016,Prudence Nyamishana,Prudence Nyamishana,2,0,54.5,human,1,citizenship_wd
Q139780505,Mable Amuron,Mable Amuron,2,0,54.5,human,1,citizenship_wd
Q139845233,Sanyu Penelope,Sanyu Penelope,2,0,54.5,human,1,citizenship_wd
Q1399431,Uganda at the 2011 World Aquatics Championships,Uganda at the 2011 World Aquatics Championships,2,0,54.5,nation at sport competition,2,country_wd|keyword_title
Q140142364,,Musaazi Charles Kalooli,2,0,54.5,human,1,citizenship_wd
Q1405067,Patrick Lawino,,2,0,54.5,human,2,birth_death_wd|citizenship_wd
Q140607334,David Kasura Kyomukama,David Kasura Kyomukama,2,0,54.5,human,1,citizenship_wd
Q140619745,Joshua Karamagi,Joshua Karamagi,2,0,54.5,human,1,citizenship_wd
Q140647002,Herbert Edmund Ariko,Herbert Edmund Ariko,2,0,54.5,human,1,citizenship_wd
Q140674943,Patrick Bernard Ogwel,Patrick Bernard Ogwel,2,0,54.5,human,1,citizenship_wd
Q140679741,Charles Olaro,Charles Olaro,2,0,54.5,human,2,birth_death_wd|citizenship_wd
Q140766150,2026 U20 Barthés Trophy,2026 U20 Barthés Trophy,2,0,54.5,sports season,1,country_wd
Q140996306,Julius Victor Nkeramihigo,Julius Victor Nkeramihigo,2,0,54.5,human,1,citizenship_wd
Q141005299,Robert Mukiza,Robert Mukiza,2,0,54.5,human,1,citizenship_wd
Q141072786,David Nahamya,David Nahamya,2,0,54.5,human,1,citizenship_wd
Q141117610,James Nkamwesiga Kasigwa,James Nkamwesiga Kasigwa,2,0,54.5,human,1,citizenship_wd
Q141124420,Andrew G. Naimanye,Andrew G. Naimanye,2,0,54.5,human,1,citizenship_wd
Q141136993,Geofrey Arinaitwe,Geofrey Arinaitwe,2,0,54.5,human,1,citizenship_wd
Q141174566,,Obote Clement Kenneth,2,0,54.5,human,1,citizenship_wd
Q141189043,William Banage,William Banage,2,0,54.5,human,1,citizenship_wd
Q141189395,Stephen Besweri Akabway,Stephen Besweri Akabway,2,0,54.5,human,2,birth_death_wd|citizenship_wd
Q141204437,,John Bosco Tumusiime Bamuturaki,2,0,54.5,human,1,citizenship_wd
Q15060213,Sukulu,,2,0,54.5,hill,1,country_wd
Q15076442,Namasuba,,2,0,54.5,human settlement,1,country_wd
Q15205537,Buddu,Buddu,2,0,54.5,"administrative territorial entity, human settlement",1,country_wd
Q15228847,Ishasha,"Ishasha, Uganda",2,0,54.5,"human settlement, border city",2,country_wd|keyword_title
Q15238486,Kimaka,Kimaka,2,0,54.5,human settlement,1,country_wd
Q15244000,Makerere University School of Health Sciences,Makerere University School of Health Sciences,2,0,54.5,academic institution,1,country_wd
Q15253033,Mengo Senior School,Mengo Senior School,2,0,54.5,school,1,country_wd
Q15260165,Mubuku III Power Station,Mubuku III Hydroelectric Power Station,2,0,54.5,hydroelectric power station,1,country_wd
Q15260271,Munyonyo,Munyonyo,2,0,54.5,neighborhood,1,country_wd
Q15260736,Nabumali High School,Nabumali High School,2,0,54.5,secondary school,1,country_wd
Q15260890,Namirembe hill,Namirembe Hill,2,0,54.5,human settlement,1,country_wd
Q15261089,Nateete,Nateete,2,0,54.5,neighborhood,1,country_wd
Q15261267,Nazigo,Nazigo,2,0,54.5,"human settlement, sub-county of Uganda",1,country_wd
Q15262424,Nkozi,Nkozi,2,0,54.5,"town, sub-county of Uganda",1,country_wd
Q15262880,Nshungyezi Hydroelectric Power Station,Nshungyezi Hydroelectric Power Station,2,0,54.5,hydroelectric power station,1,country_wd
Q15276092,Sentema,Sentema,2,0,54.5,human settlement,1,country_wd
Q15429947,Anne Merriman,Anne Merriman,2,0,54.5,human,1,birth_death_wd
Q15436717,Fridolin Pflüger,,2,0,54.5,human,1,birth_death_wd
Q15831580,2014 Uganda International Badminton Championships,,2,0,54.5,Uganda International Badminton Championships,1,country_wd
Q15838608,Gloria Najjuka,,2,0,54.5,human,1,citizenship_wd
Q15917578,East African Business Week,East African Business Week,2,0,54.5,newspaper,1,country_wd
Q15993141,Patrick Kankiriho,Patrick Kankiriho,2,0,54.5,human,2,birth_death_wd|citizenship_wd
Q16017325,Christopher Henry Muwanga Barlow,Christopher Henry Muwanga Barlow,2,0,54.5,human,1,citizenship_wd
Q16019437,Peter Kerim,Peter Kerim,2,0,54.5,human,2,birth_death_wd|citizenship_wd
Q1606303,Den tyske Emin Pascha-Expedition,,2,0,54.5,expedition,1,country_wd
Q16146212,Andrew Gutti,Andrew Gutti,2,0,54.5,human,2,birth_death_wd|citizenship_wd
Q16148125,Charles Angina,Charles Angina,2,0,54.5,human,2,birth_death_wd|citizenship_wd
Q16151792,Daniel Kajumba,Danny Kajumba,2,0,54.5,human,2,birth_death_wd|citizenship_wd
Q16158157,list of ambassadors of Russia to Uganda,List of ambassadors of Russia to Uganda,2,0,54.5,Wikimedia list article,3,country_wd|keyword_title|part_of_wd
Q16194148,Augustine Kyazze,Augustine Kyazze,2,0,54.5,human,2,birth_death_wd|citizenship_wd
Q16205563,Kushaba Moses Mworeko,Kushaba Moses Mworeko,2,0,54.5,human,1,citizenship_wd
Q16205724,Suuna I of Buganda,Suuna I of Buganda,2,0,54.5,human,2,birth_death_wd|keyword_title
Q16207596,Exodus,Exodus (musician),2,0,54.5,human,2,birth_death_wd|citizenship_wd
Q16209992,Dickson Huru,Dickson Huru,2,0,54.5,human,2,birth_death_wd|citizenship_wd
Q16257735,Kiira College Butiki,Kiira College Butiki,2,0,54.5,secondary school,1,country_wd
Q16669597,Peter Okee,,2,0,54.5,human,2,birth_death_wd|citizenship_wd
Q16727969,Francis Chemonges,Francis Chemonges,2,0,54.5,human,1,citizenship_wd
Q16729092,Frederick Kitaka,Frederick Kitaka,2,0,54.5,human,2,birth_death_wd|citizenship_wd
Q16730624,Mathias Katamba,Mathias Katamba,2,0,54.5,human,2,birth_death_wd|citizenship_wd
Q16730662,Steven Kavuma,Steven Kavuma,2,0,54.5,human,2,birth_death_wd|citizenship_wd
Q16731135,Leopold Kyanda,Leopold Kyanda,2,0,54.5,human,2,birth_death_wd|citizenship_wd
Q16732952,John Mugyenyi,John Mugyenyi,2,0,54.5,human,2,birth_death_wd|citizenship_wd
Q16735283,Robert Rusoke,Robert Rusoke,2,0,54.5,human,1,citizenship_wd
Q16745020,Stanislaus Okurut,Stanislaus Okurut,2,0,54.5,human,1,citizenship_wd
Q16821603,1976 Uganda Cup,1976 Uganda Cup,2,0,54.5,sports season,2,country_wd|keyword_title
Q16821662,1978 Uganda Cup,1978 Uganda Cup,2,0,54.5,sports season,2,country_wd|keyword_title
Q16821726,1980 Uganda Cup,1980 Uganda Cup,2,0,54.5,sports season,2,country_wd|keyword_title
Q16821751,1981 Uganda Cup,1981 Uganda Cup,2,0,54.5,sports season,2,country_wd|keyword_title
Q16822377,1996 Uganda Cup,1996 Uganda Cup,2,0,54.5,sports season,2,country_wd|keyword_title
Q16822502,1999 Uganda Cup,1999 Uganda Cup,2,0,54.5,sports season,2,country_wd|keyword_title
Q16823489,2013–14 Uganda Cup,2013–14 Uganda Cup,2,0,54.5,sports season,2,country_wd|keyword_title
Q16824941,Buluba Hospital,Buluba Hospital,2,0,54.5,hospital,1,country_wd
Q16841255,Gulu University School of Medicine,Gulu University School of Medicine,2,0,54.5,medical school,1,country_wd
Q16842693,Kilembe Mines FC,Kilembe Mines FC,2,0,54.5,association football club,1,country_wd
Q16846821,Mulumba Ivan Matthias,Ivan Matthias Mulumba,2,0,54.5,human,2,birth_death_wd|citizenship_wd
Q16848841,Bukedde,Bukedde,2,0,54.5,daily newspaper,2,country_wd|language_wd
Q16853359,Austin Bukenya,Austin Bukenya,2,0,54.5,human,2,birth_death_wd|citizenship_wd
Q16886225,Jotham Tumwesigye,Jotham Tumwesigye,2,0,54.5,human,1,birth_death_wd
Q16886238,Amos Twinomujuni,Amos Twinomujuni,2,0,54.5,human,2,birth_death_wd|citizenship_wd
Q16890556,Jordan Lutalo Evora,Jordan Lutalo Evora,2,0,54.5,human,1,birth_death_wd
Q16893518,Kitovu Hospital,Kitovu Hospital,2,0,54.5,hospital,1,country_wd
Q16894747,Matany Hospital,Matany Hospital,2,0,54.5,hospital,1,country_wd
Q16895753,Nengo Bridge Hydropower Station,Nengo Bridge Hydroelectric Power Station,2,0,54.5,hydroelectric power station,1,country_wd
Q16896022,Nyenga,"Nyenga, Uganda",2,0,54.5,human settlement,2,country_wd|keyword_title
Q16899525,Rwimi Power Station,Rwimi Hydroelectric Power Station,2,0,54.5,hydroelectric power station,1,country_wd
Q16902646,Victoria University,Victoria University Uganda,2,0,54.5,"university, association football team",2,country_wd|keyword_title
Q16902740,Villa Maria Hospital,Villa Maria Hospital,2,0,54.5,hospital,1,country_wd
Q16902833,Wakyaato,Wakyaato,2,0,54.5,human settlement,1,country_wd
Q16915598,Filipinos in Uganda,Filipinos in Uganda,2,0,54.5,,2,country_wd|keyword_title
Q16930494,Mifumi,Mifumi,2,0,54.5,human settlement,1,country_wd
Q16930899,Kisubi Mapeera Secondary School,Kisubi Mapeera Secondary School,2,0,54.5,school,1,country_wd
Q16937152,Ministry of Works and Transport,Ministry of Works and Transport (Uganda),2,0,54.5,government agency,2,country_wd|keyword_title
Q16948093,LGBTQ history in Uganda,LGBTQ history in Uganda,2,0,54.5,LGBTQ history in a geographic region,2,country_wd|keyword_title
Q16953562,Order of the Pearl of Africa,Most Excellent Order of the Pearl of Africa,2,0,54.5,"order, award",1,country_wd
Q16954491,Buloba,Buloba,2,0,54.5,human settlement,1,country_wd
Q16954638,Busaana Modern Academy,Busaana Modern Academy,2,0,54.5,,1,country_wd
Q16963722,Evangelical Presbyterian Church in Uganda,Evangelical Presbyterian Church in Uganda,2,0,54.5,Christian denomination,2,country_wd|keyword_title
Q16965297,Uganda AIDS Commission,Uganda AIDS Commission,2,0,54.5,,2,country_wd|keyword_title
Q16966289,poverty in Uganda,Poverty in Uganda,2,0,54.5,aspect in a geographic region,2,country_wd|keyword_title
Q16966926,Wazalendo Savings and Credit Cooperative Society,Wazalendo Savings and Credit Cooperative Society,2,0,54.5,"business, Savings and Credit Cooperative Society",1,country_wd
Q16968993,New Life Presbyterian Church,New Life Presbyterian Church,2,0,54.5,Christian denomination,1,country_wd
Q16980102,Kayanja Muhanga,Kayanja Muhanga,2,0,54.5,human,2,birth_death_wd|citizenship_wd
Q16991766,K2 Telecom,K2 Telecom,2,0,54.5,business,1,country_wd
Q17007094,Kaikuzi,Kaikuzi,2,0,54.5,deity,2,citizenship_wd|country_wd
Q17017261,Women At Work International,Women At Work International,2,0,54.5,organization,2,country_wd|keyword_title
Q17037526,Richard Carl Ntiru,Richard Carl Ntiru,2,0,54.5,human,2,birth_death_wd|citizenship_wd
Q17041232,Omukama of Bunyoro,Omukama of Bunyoro,2,0,54.5,noble title,2,country_wd|keyword_title
Q17067633,LivingStone International University,LivingStone International University,2,0,54.5,university,1,country_wd
Q17068478,"Ministry of Finance, Planning and Economic Development","Ministry of Finance, Planning and Economic Development (Uganda)",2,0,54.5,"planning ministry, finance ministry, ministry of Uganda",3,country_wd|keyword_title|part_of_wd
Q17069105,The Observer,The Observer (Uganda),2,0,54.5,"newspaper, weekly newspaper",2,country_wd|keyword_title
Q17070912,The Independent magazine,The Independent (Uganda),2,0,54.5,newspaper,2,country_wd|keyword_title
Q17077129,Makerere University Library,Makerere University Library,2,0,54.5,"academic library, depository library",1,country_wd
Q17080820,Lubwa p'Chong,Lubwa p'Chong,2,0,54.5,human,2,birth_death_wd|citizenship_wd
Q17082235,Irreligion in Uganda,Irreligion in Uganda,2,0,54.5,aspect in a geographic region,2,country_wd|keyword_title
Q17103676,Uganda at the 2013 World Aquatics Championships,Uganda at the 2013 World Aquatics Championships,2,0,54.5,nation at sport competition,2,country_wd|keyword_title
Q17108330,"Ministry of Trade, Tourism and Industry","Ministry of Tourism, Wildlife and Antiquities (Uganda)",2,0,54.5,"tourism ministry, ministry of Uganda",3,country_wd|keyword_title|part_of_wd
Q17108338,Moroto Cement Limited,Moroto Cement Limited,2,0,54.5,business,1,country_wd
Q17108345,Move to the Left,Move to the Left,2,0,54.5,,1,country_wd
Q17108406,Soroti Flying School,East African Civil Aviation Academy,2,0,54.5,academic institution,1,country_wd
Q17108413,Uganda Investment Authority,Uganda Investment Authority,2,0,54.5,business,2,country_wd|keyword_title
Q17108484,Youth in Uganda,Youth in Uganda,2,0,54.5,aspect in a geographic region,2,country_wd|keyword_title
Q17118982,Princess Jane Mpologoma Nabanakulya,Jane Mpologoma Nabanakulya,2,0,54.5,human,2,citizenship_wd|language_wd
Q17155793,Alokolum,Alokolum,2,0,54.5,human settlement,1,country_wd
Q17385762,Papa Cidy,Papa Cidy,2,0,54.5,human,1,citizenship_wd
Q17402870,Clovis Kalyebara,Clovis Kalyebara,2,0,54.5,human,2,birth_death_wd|citizenship_wd
Q1743886,Kitoba,,2,0,54.5,"human settlement, sub-county of Uganda",1,country_wd
Q17510439,Alam Group,Alam Group,2,0,54.5,business,1,country_wd
Q17512678,Bujagali Energy Limited,Bujagali Energy Limited,2,0,54.5,business,1,country_wd
Q17624378,Ugandan national road cycling championships,,2,0,54.5,national road cycling championship,1,country_wd
Q17747138,Alphonse Lamola,Alphonse Lamola,2,0,54.5,human,1,citizenship_wd
Q18001359,Stephen Isabalija,Stephen Isabalija,2,0,54.5,human,2,birth_death_wd|citizenship_wd
Q18098045,DJ Shiru,DJ Shiru,2,0,54.5,human,1,citizenship_wd
Q18128923,Uganda at the 2014 Commonwealth Games,Uganda at the 2014 Commonwealth Games,2,0,54.5,nation at sport competition,2,country_wd|keyword_title
Q18157922,John Senyonyi,John Senyonyi,2,0,54.5,human,2,birth_death_wd|citizenship_wd
Q18158340,Ahmad Ssengendo,Ahmad Ssengendo,2,0,54.5,human,1,citizenship_wd
Q18162062,Nile Breweries Limited,Nile Breweries Limited,2,0,54.5,business,1,country_wd
Q18205104,Bake Robert Tumuhaise,Bake Robert Tumuhaise,2,0,54.5,human,1,citizenship_wd
Q18206342,DAS Handling Limited,DAS Handling Limited,2,0,54.5,company,1,country_wd
Q18209648,Association of Real Estate Agents,Association of Real Estate Agents Uganda,2,0,54.5,organization,2,country_wd|keyword_title
Q18210376,St. Denis Ssebugwawo Secondary School,St. Denis Ssebugwawo Secondary School,2,0,54.5,boarding school,1,country_wd
Q18331078,Fazil Kaggwa,Fazil Kaggwa,2,0,54.5,human,1,citizenship_wd
Q18350719,Lubilia Hydroelectric Power Station,Lubilia Hydroelectric Power Station,2,0,54.5,hydroelectric power station,1,country_wd
Q18350894,Lweza FC,Lweza FC,2,0,54.5,association football club,1,country_wd
Q18356038,Uganda Dental Association,Uganda Dental Association,2,0,54.5,organization,2,country_wd|keyword_title
Q18356048,Uganda National Roads Authority,Uganda National Roads Authority,2,0,54.5,government agency,2,country_wd|keyword_title
Q18378283,Munyonyo Commonwealth Resort,Munyonyo Commonwealth Resort,2,0,54.5,building,1,country_wd
Q18386110,Sugar & Allied Industries Limited,Sugar & Allied Industries Limited,2,0,54.5,business,1,country_wd
Q18386752,Swangz Avenue,Swangz Avenue,2,0,54.5,,1,country_wd
Q18387055,Patrick Mangeni,Patrick Mangeni,2,0,54.5,human,2,birth_death_wd|citizenship_wd
Q18388161,"Kibulala, Ssingo","Kibulala, Ssingo",2,0,54.5,human-geographic territorial entity,1,country_wd
Q18388719,Teso College Aloet,Teso College Aloet,2,0,54.5,school,1,country_wd
Q18389856,Quality Supermarkets,Quality Supermarkets,2,0,54.5,business,1,country_wd
Q18393051,"Kibulala, Hoima","Kibulala, Hoima",2,0,54.5,human-geographic territorial entity,1,country_wd
Q18394628,Watoto Child Care Ministries,Watoto Child Care Ministries,2,0,54.5,,1,country_wd
Q18395177,Winyi of Kibulala,Winyi of Kibulala,2,0,54.5,human,1,birth_death_wd
Q1854661,list of high commissioners of the United Kingdom to Uganda,List of high commissioners of the United Kingdom to Uganda,2,0,54.5,Wikimedia list article,3,country_wd|keyword_title|part_of_wd
Q18575905,Albert Lloyd,,2,0,54.5,human,1,birth_death_wd
Q18685944,Ernest Bazanye,Ernest Bazanye,2,0,54.5,human,2,birth_death_wd|citizenship_wd
Q18686196,Frank Mbalire,Frank Mbalire,2,0,54.5,human,2,birth_death_wd|citizenship_wd
Q18687990,Jason Ntaro,Jason Ntaro,2,0,54.5,human,2,birth_death_wd|citizenship_wd
Q18747781,A.F. Odut,,2,0,54.5,human,1,citizenship_wd
Q18763790,Shakoor Ahmed,Shakoor Ahmed,2,0,54.5,human,1,birth_death_wd
Q18764043,Enygma,Enygma,2,0,54.5,human,2,birth_death_wd|citizenship_wd
Q18808318,Fred Masagazi,Fred Masagazi,2,0,54.5,human,2,birth_death_wd|citizenship_wd
Q18921944,Robert Ikoja-Odongo,Robert Ikoja-Odongo,2,0,54.5,human,2,birth_death_wd|citizenship_wd
Q1895254,Margherita Peak,,2,0,54.5,summit,1,country_wd
Q18977763,Jaberi Bidandi Ssali,Jaberi Bidandi Ssali,2,0,54.5,human,1,citizenship_wd
Q19059293,Julius Kakeeto,Julius Kakeeto,2,0,54.5,human,1,birth_death_wd
Q19061066,Martin Mubiru,Martin Mubiru,2,0,54.5,human,1,citizenship_wd
Q19276794,Moses Matovu,Moses Matovu,2,0,54.5,human,2,birth_death_wd|citizenship_wd
Q19355345,2015 Uganda International Badminton Championships,,2,0,54.5,Uganda International Badminton Championships,1,country_wd
Q19364579,Sam Otada,Sam Otada,2,0,54.5,human,2,birth_death_wd|citizenship_wd
Q19622038,Uganda Volleyball Federation,,2,0,54.5,sports governing body,1,country_wd
Q19664488,Sam Gombya,Sam Gombya,2,0,54.5,human,1,birth_death_wd
Q19665032,Samuel Iga Zinunula,Samuel Iga Zinunula,2,0,54.5,human,2,birth_death_wd|citizenship_wd
Q19665835,Ruyonga,Ruyonga,2,0,54.5,human,1,birth_death_wd
Q19667032,John Maviiri,John Maviiri,2,0,54.5,human,2,birth_death_wd|citizenship_wd
Q19667556,Bharat Masrani,Bharat Masrani,2,0,54.5,human,1,birth_death_wd
Q19668408,Adison Kakuru,Adison Kakuru,2,0,54.5,human,1,citizenship_wd
Q19766691,Rock art of Uganda,Rock art of Uganda,2,0,54.5,,2,country_wd|keyword_title
Q19843183,Kisubi Hospital,Kisubi Hospital,2,0,54.5,hospital,1,country_wd
Q19873032,Banyala,Banyala,2,0,54.5,ethnic group,1,country_wd
Q19892030,Shem Bageine,Shem Bageine,2,0,54.5,human,1,citizenship_wd
Q19894543,Rwamwanja refugee settlement,Rwamwanja Refugee Settlement,2,0,54.5,"refugee camp, human-geographic territorial entity",1,country_wd
Q19903463,MK Publishers,MK Publishers,2,0,54.5,education company,1,country_wd
Q19904223,Hoima–Kampala Petroleum Products Pipeline,Hoima–Kampala Petroleum Products Pipeline,2,0,54.5,piping,2,country_wd|keyword_title
Q19938163,AK 47 Mayanja,AK 47 Mayanja,2,0,54.5,human,2,birth_death_wd|citizenship_wd
Q1994378,Lake Nkuruba,,2,0,54.5,volcanic crater lake,1,country_wd
Q19968623,Flex D'Paper,Flex D'Paper,2,0,54.5,human,2,birth_death_wd|citizenship_wd
Q20006866,Opiyo Oloya,Opiyo Oloya,2,0,54.5,human,1,citizenship_wd
Q20047273,Nakasero Hospital,Nakasero Hospital,2,0,54.5,hospital,1,country_wd
Q2021369,Olwiyo,Olwiyo,2,0,54.5,human settlement,1,country_wd
Q20311283,1999 in Uganda,1999 in Uganda,2,0,54.5,events in a specific year or time period,2,country_wd|keyword_title
Q20311289,Auschwitz Institute for the Prevention of Genocide and Mass Atrocities,Auschwitz Institute for the Prevention of Genocide and Mass Atrocities,2,0,54.5,nonprofit organization,1,country_wd
Q20311326,91.3 Capital FM,91.3 Capital FM,2,0,54.5,radio station,1,country_wd
Q20311569,2001 ICC Africa Under-19 Championship,2001 ICC Africa Under-19 Championship,2,0,54.5,sports season,1,country_wd
Q20312367,2013 ICC Africa Under-19 Championship Division One,2013 ICC Africa Under-19 Championship Division One,2,0,54.5,sports season,1,country_wd
Q20312965,The AIDS Support Organization,The AIDS Support Organization,2,0,54.5,organization,1,country_wd
Q20684303,Anatoli Kamugisha,Anatoli Kamugisha,2,0,54.5,human,2,birth_death_wd|citizenship_wd
Q20684365,David Kibikyo,David Kibikyo,2,0,54.5,human,2,birth_death_wd|citizenship_wd
Q20684447,Nakibus Lakara,Nakibus Lakara,2,0,54.5,human,2,birth_death_wd|citizenship_wd
Q20685066,Pallaso,Pallaso,2,0,54.5,human,3,birth_death_wd|citizenship_wd|language_wd
Q20744790,William Gabula,William Gabula,2,0,54.5,human,2,birth_death_wd|citizenship_wd
Q20746233,Bujerere,Bujerere,2,0,54.5,"human settlement, border city",1,country_wd
Q20746245,École Française Les Grands Lacs,École Française Les Grands Lacs,2,0,54.5,school,1,country_wd
Q20746261,Kagamba,Kagamba,2,0,54.5,human settlement,1,country_wd
Q20746265,Katanga Slum,Katanga Slum,2,0,54.5,human settlement,1,country_wd
Q20746274,Kisoga,"Kisoga, Mukono",2,0,54.5,human settlement,1,country_wd
Q20746282,Makerere Kikoni,Makerere Kikoni,2,0,54.5,human settlement,1,country_wd
Q20746292,Mulago Women's Referral Hospital,Mulago Women's Referral Hospital,2,0,54.5,hospital,1,country_wd
Q20746341,Wanseko,Wanseko,2,0,54.5,human settlement,1,country_wd
Q20921609,Uganda Chess Federation,Uganda Chess Federation,2,0,54.5,"organization, sports governing body",2,country_wd|keyword_title
Q20984515,Besueri Kiwanuka Lusse Mulondo,Besueri Kiwanuka Lusse Mulondo,2,0,54.5,human,1,citizenship_wd
Q21062608,Andrew Rugasira,Andrew Rugasira,2,0,54.5,human,2,birth_death_wd|citizenship_wd
Q21063718,Henry Malinga,Henry Malinga,2,0,54.5,human,1,citizenship_wd
Q21067659,list of government ministries of Uganda,List of government ministries of Uganda,2,0,54.5,Wikimedia list article,2,country_wd|keyword_title
Q21241047,Uganda at the 2015 World Aquatics Championships,Uganda at the 2015 World Aquatics Championships,2,0,54.5,nation at sport competition,2,country_wd|keyword_title
Q21603909,Charles Oboth Ofumbi,Charles Oboth Ofumbi,2,0,54.5,human,2,birth_death_wd|citizenship_wd
Q21782698,R. J. Anderson,R. J. Anderson,2,0,54.5,human,1,birth_death_wd
Q21974272,Bugungu Airstrip,Bugungu Airstrip,2,0,54.5,"aerodrome, commercial traffic aerodrome",1,country_wd
Q21997857,Master Blaster,Master Blaster (musician),2,0,54.5,human,1,citizenship_wd
Q22005780,Suzan Kerunen,Suzan Kerunen,2,0,54.5,human,1,citizenship_wd
Q22007181,Diana Nkesiga,Diana Nkesiga,2,0,54.5,human,2,birth_death_wd|citizenship_wd
Q22080944,Uganda Road Sector Support Initiative,Uganda Road Sector Support Initiative,2,0,54.5,organization,2,country_wd|keyword_title
Q22082379,Kamdini,Kamdini,2,0,54.5,human settlement,1,country_wd
Q22082383,Kimwanyi,Kimwanyi,2,0,54.5,human settlement,1,country_wd
Q22082384,Kisoga,"Kisoga, Gomba",2,0,54.5,human settlement,2,country_wd|keyword_title
Q22082397,Muyembe,Muyembe,2,0,54.5,human settlement,1,country_wd
Q22082402,Nyamitanga Division,Nyamitanga Division,2,0,54.5,division of Uganda,1,country_wd
Q22082407,Rubindi,Rubindi,2,0,54.5,human settlement,1,country_wd
Q22082408,Rwekunye,Rwekunye,2,0,54.5,human settlement,1,country_wd
Q22082416,Suam,"Suam, Uganda",2,0,54.5,border city,2,country_wd|keyword_title
Q22082418,Tonya,"Tonya, Uganda",2,0,54.5,human settlement,2,country_wd|keyword_title
Q22082419,Villa Maria,"Villa Maria, Uganda",2,0,54.5,human settlement,2,country_wd|keyword_title
Q22082420,Vurra,Vurra,2,0,54.5,border city,1,country_wd
Q22809593,Ngora High School,Ngora High School,2,0,54.5,secondary school,1,country_wd
Q22909524,Uganda Joint Christian Council,Uganda Joint Christian Council,2,0,54.5,non-governmental organization,2,country_wd|keyword_title
Q22935586,Aaron Kirunda,Aaron Kirunda,2,0,54.5,human,1,birth_death_wd
Q22935628,"Aga Khan University Hospital, Kampala","Aga Khan University Hospital, Kampala",2,0,54.5,"hospital, proposed entity",2,country_wd|keyword_title
Q23013379,Uganda Women’s Network,Uganda Women's Network,2,0,54.5,organization,2,country_wd|keyword_title
Q23013740,Maryhill High School,Maryhill High School,2,0,54.5,high school,1,country_wd
Q23111544,Busunju,Busunju,2,0,54.5,human settlement,1,country_wd
Q23302030,Arthur Isiko,Arthur Isiko,2,0,54.5,human,2,birth_death_wd|citizenship_wd
Q23304415,Ponsiano Ngabirano,Ponsiano Ngabirano,2,0,54.5,human,2,birth_death_wd|citizenship_wd
Q23304619,Sebastian Munulo,Sebastian Munulo,2,0,54.5,human,2,birth_death_wd|citizenship_wd
Q23305700,Eskom Uganda Limited,Eskom Uganda,2,0,54.5,privately held company,2,country_wd|keyword_title
Q23409655,Isaac Mulindwa Jr.,Isaac Mulindwa Jr.,2,0,54.5,human,2,birth_death_wd|citizenship_wd
Q23415683,Mukesh Shukla,Mukesh Shukla,2,0,54.5,human,2,birth_death_wd|citizenship_wd
Q23418968,James Nyakuni,James Nyakuni,2,0,54.5,human,2,birth_death_wd|citizenship_wd
Q23540897,Mohammed Alibhai,Mohammed Alibhai,2,0,54.5,human,2,birth_death_wd|citizenship_wd
Q23540924,Hassan Basajjabalaba,Hassan Basajjabalaba,2,0,54.5,human,1,birth_death_wd
Q23541013,Ibrahim Kironde Kabanda,Ibrahim Kironde Kabanda,2,0,54.5,human,2,birth_death_wd|citizenship_wd
Q23541031,Godfrey Kirumira,Godfrey Kirumira,2,0,54.5,human,2,birth_death_wd|citizenship_wd
Q23581953,"Ministry of Agriculture, Animal Industry and Fisheries","Ministry of Agriculture, Animal Industry and Fisheries (Uganda)",2,0,54.5,"ministry of agriculture, ministry of fisheries, ministry of Uganda",3,country_wd|keyword_title|part_of_wd
Q23808160,Uganda Performing Right Society,Uganda Performing Right Society,2,0,54.5,organization,2,country_wd|keyword_title
Q23815886,2016 Uganda International Badminton Championships,,2,0,54.5,Uganda International Badminton Championships,1,country_wd
Q23880769,Martin Ondeko,Martin Ondeko,2,0,54.5,human,1,birth_death_wd
Q23894978,Uganda Railway MS class,UR MS class,2,0,54.5,locomotive class,1,country_wd
Q23900819,Auguste Achte,,2,0,54.5,human,1,birth_death_wd
Q23926483,Kitgum Hospital,Kitgum Hospital,2,0,54.5,hospital,1,country_wd
Q24007711,Richard Musani,Richard Musani,2,0,54.5,human,2,birth_death_wd|citizenship_wd
Q24041317,Masindi General Hospital,Masindi General Hospital,2,0,54.5,hospital,1,country_wd
Q24053515,Keith Kalyegira,Keith Kalyegira,2,0,54.5,human,1,birth_death_wd
Q24053532,Grace Kavuma,Grace Kavuma,2,0,54.5,human,1,birth_death_wd
Q24054194,Kisozi,Kisozi,2,0,54.5,human settlement,1,country_wd
Q24054197,Tirinyi,Tirinyi,2,0,54.5,human settlement,1,country_wd
Q24054199,Afoji,Afoji,2,0,54.5,border city,1,country_wd
Q24054201,Akright City,Akright City,2,0,54.5,human settlement,1,country_wd
Q24054202,Kabojja,Kabojja,2,0,54.5,human settlement,1,country_wd
Q24054204,Wampeewo,Wampeewo,2,0,54.5,human settlement,1,country_wd
Q24062567,Edward Katongole-Mbidde,Edward Katongole-Mbidde,2,0,54.5,human,1,birth_death_wd
Q24062570,Jackson Orem,Jackson Orem,2,0,54.5,human,2,birth_death_wd|citizenship_wd
Q2417162,Metropolitan Theodhoros Nankyama,,2,0,54.5,human,2,birth_death_wd|citizenship_wd
Q24185305,Bwera General Hospital,Bwera General Hospital,2,0,54.5,hospital,1,country_wd
Q24185307,Nyenga Mission Hospital,Nyenga Mission Hospital,2,0,54.5,hospital,1,country_wd
Q24185308,Women's Hospital International and Fertility Centre,Women's Hospital International and Fertility Centre,2,0,54.5,hospital,1,country_wd
Q24236553,Kikorongo,Kikorongo,2,0,54.5,human settlement,1,country_wd
Q24236557,Galilee Community General Jewish Hospital of Uganda,Galilee Community General Jewish Hospital of Uganda,2,0,54.5,"hospital, community hospital",2,country_wd|keyword_title
Q24236563,Institute of Petroleum Studies Kampala,Institute of Petroleum Studies Kampala,2,0,54.5,educational institution,2,country_wd|keyword_title
Q24565843,Sam Cheptoris,Sam Cheptoris,2,0,54.5,human,2,birth_death_wd|citizenship_wd
Q24572252,John Omagino,John Omagino,2,0,54.5,human,1,birth_death_wd
Q24572355,Kevinah Taaka Wanaha Wandera,Kevinah Taaka Wanaha Wandera,2,0,54.5,human,1,citizenship_wd
Q24572629,Abdul Nadduli,Abdul Nadduli,2,0,54.5,human,2,birth_death_wd|citizenship_wd
Q24572683,Moses Kizige,Moses Kizige,2,0,54.5,human,2,birth_death_wd|citizenship_wd
Q24572701,David Karubanga,David Karubanga,2,0,54.5,human,1,citizenship_wd
Q24572740,Christopher Kibanzanga,Christopher Kibanzanga,2,0,54.5,human,1,citizenship_wd
Q24572842,Ismael Orot,Ismael Orot,2,0,54.5,human,1,citizenship_wd
Q2473876,2009 Uganda International Badminton Championships,,2,0,54.5,Uganda International Badminton Championships,1,country_wd
Q24807572,Katakwi General Hospital,Katakwi General Hospital,2,0,54.5,hospital,1,country_wd
Q24807579,St. Charles Lwanga Buikwe Hospital,St. Charles Lwanga Buikwe Hospital,2,0,54.5,hospital,2,country_wd|keyword_title
Q24851613,Godfrey Kiwanda,Godfrey Kiwanda,2,0,54.5,human,2,birth_death_wd|citizenship_wd
Q24852428,Charles Ibingira,Charles Ibingira,2,0,54.5,human,2,birth_death_wd|citizenship_wd
Q24883501,Achol-Pii Refugee Settlement,Achol-Pii Refugee Settlement,2,0,54.5,"human settlement, human-geographic territorial entity",1,country_wd
Q24887705,Lakeside Dairy Limited,Lakeside Dairy Limited,2,0,54.5,privately held company,1,country_wd
Q24892187,Lwamata,Lwamata,2,0,54.5,sub-county of Uganda,1,country_wd
Q24894992,Kyaka II Refugee Settlement,Kyaka II Refugee Settlement,2,0,54.5,"human settlement, refugee camp",1,country_wd
Q24898896,Jinja–Iganga–Bugiri–Tororo Road,Jinja–Iganga–Bugiri–Tororo Road,2,0,54.5,road,1,country_wd
Q24957803,Uganda Radio Network,Uganda Radio Network,2,0,54.5,company,2,country_wd|keyword_title
Q24958518,GM Sugar Uganda Limited,GM Sugar Uganda Limited,2,0,54.5,business,2,country_wd|keyword_title
Q24994173,François-Xavier Lacoursière,,2,0,54.5,human,1,birth_death_wd
Q25001532,94.8 XFM,94.8 XFM,2,0,54.5,radio station,1,country_wd
Q25001533,CBS FM Buganda,CBS FM Buganda,2,0,54.5,radio station,2,country_wd|keyword_title
Q25041100,Uganda Martyrs' Secondary School Namugongo,Uganda Martyrs' Secondary School Namugongo,2,0,54.5,school,2,country_wd|keyword_title
Q25051457,Namugoga Solar Power Station,Namugoga Solar Power Station,2,0,54.5,photovoltaic power station,1,country_wd
Q25051947,Kamukuzi Division,Kamukuzi Division,2,0,54.5,division of Uganda,1,country_wd
Q25051948,Kakoba Division,Kakoba Division,2,0,54.5,division of Uganda,1,country_wd
Q25052004,Mukono–Kyetume–Katosi–Nyenga Road,Mukono–Kyetume–Katosi–Nyenga Road,2,0,54.5,road,1,country_wd
Q25052037,music education in Uganda,Music education in Uganda,2,0,54.5,aspect in a geographic region,2,country_wd|keyword_title
Q25052479,Kilembe Mines,Kilembe Mines,2,0,54.5,mine,1,country_wd
Q25052697,Vurra–Arua–Koboko–Oraba Road,Vurra–Arua–Koboko–Oraba Road,2,0,54.5,road,1,country_wd
Q25052801,Moroto–Nakapiripirit Road,Moroto–Nakapiripirit Road,2,0,54.5,road,1,country_wd
Q25052873,Acholibur–Gulu–Olwiyo Road,Acholibur–Gulu–Olwiyo Road,2,0,54.5,road,1,country_wd
Q25060106,GBK Dairy Products Limited,GBK Dairy Products Limited,2,0,54.5,privately held company,1,country_wd
Q25067857,Uganda Coffee Development Authority,Uganda Coffee Development Authority,2,0,54.5,organization,2,country_wd|keyword_title
Q25112894,St. John Fisher Ibanda Secondary School,St. John Fisher Ibanda Secondary School,2,0,54.5,,1,country_wd
Q25168632,Nyanza Textile Industries Limited,Nyanza Textile Industries Limited,2,0,54.5,company,1,country_wd
Q25226775,Ntusi (site),Ntusi,2,0,54.5,archaeological site,1,country_wd
Q25226926,Kampala–Busunju Expressway,Kampala–Busunju Expressway,2,0,54.5,road,2,country_wd|keyword_title
Q25227050,Kampala–Entebbe Road,Kampala–Entebbe Road,2,0,54.5,road,2,country_wd|keyword_title
Q25227067,Entebbe General Hospital,Entebbe General Hospital,2,0,54.5,hospital,2,country_wd|keyword_title
Q25227072,Mityana Hospital,Mityana Hospital,2,0,54.5,hospital,1,country_wd
Q25227078,Kiryandongo General Hospital,Kiryandongo General Hospital,2,0,54.5,hospital,1,country_wd
Q25227096,Kawolo General Hospital,Kawolo General Hospital,2,0,54.5,hospital,1,country_wd
Q25227100,Iganga General Hospital,Iganga General Hospital,2,0,54.5,hospital,1,country_wd
Q25227116,Masaka–Mutukula Road,Masaka–Mutukula Road,2,0,54.5,road,1,country_wd
Q25227121,Kagadi General Hospital,Kagadi General Hospital,2,0,54.5,hospital,1,country_wd
Q25247812,Munsa (site),Munsa,2,0,54.5,archaeological site,1,country_wd
Q25340059,Upper Mulago Regional Referral Hospital,Upper Mulago Regional Referral Hospital,2,0,54.5,hospital,1,country_wd
Q25340073,National Basketball League,National Basketball League (Uganda),2,0,54.5,basketball league,2,country_wd|keyword_title
Q25701957,Southern and Eastern African Trade Information and Negotiations Institute,,2,0,54.5,advocacy group,1,country_wd
Q25755641,Felix Kulayigye,Felix Kulayigye,2,0,54.5,human,2,birth_death_wd|citizenship_wd
Q25858376,Mark Ouma,Mark Ouma,2,0,54.5,human,1,birth_death_wd
Q26465391,Ronnie Balya,Ronnie Balya,2,0,54.5,human,1,birth_death_wd
Q26828668,Yowabu Magada Kawaluuko,Yowabu Magada Kawaluuko,2,0,54.5,human,1,citizenship_wd
Q26844748,Stephen Onyango,,2,0,54.5,human,2,birth_death_wd|citizenship_wd
Q26869862,Ismail Katamba,Ismail Katamba,2,0,54.5,human,1,citizenship_wd
Q26879379,Kitalya Maximum Security Prison,Kitalya Maximum Security Prison,2,0,54.5,prison,1,country_wd
Q26923155,"Jitesh Gadhia, Baron Gadhia","Jitesh Gadhia, Baron Gadhia",2,0,54.5,human,1,birth_death_wd
Q27244656,Godfrey Baligeya,Godfrey Baligeya,2,0,54.5,human,1,citizenship_wd
Q27275034,2010 Thomas & Uber Cups Preliminaries for Africa,2010 Thomas & Uber Cups Preliminaries for Africa,2,0,54.5,badminton event,1,country_wd
Q27518122,2016 CECAFA Women's Championship,2016 CECAFA Women's Championship,2,0,54.5,CECAFA Women's Championship,1,country_wd
Q27524827,Elijah Emojong,Elijah Emojong,2,0,54.5,human,1,citizenship_wd
Q27662809,Benon Mutambi,Benon Mutambi,2,0,54.5,human,2,birth_death_wd|citizenship_wd
Q27688878,African Queens and Women Cultural Leaders Network,African Queens and Women Cultural Leaders Network,2,0,54.5,"organization, network",1,country_wd
Q27832632,Harrison Mutikanga,Harrison Mutikanga,2,0,54.5,human,2,birth_death_wd|citizenship_wd
Q27899264,Haka Mukiga,Haka Mukiga,2,0,54.5,human,1,birth_death_wd
Q27916452,Kagayi Peter,Peter Kagayi,2,0,54.5,human,2,birth_death_wd|citizenship_wd
Q27919832,Samuel Mukooza,Samuel Mukooza,2,0,54.5,human,2,birth_death_wd|citizenship_wd
Q27924185,Uagadou,Uagadou,2,0,54.5,wizard school in Harry Potter universe,1,country_wd
Q27962137,Parombo,Parombo,2,0,54.5,town,1,country_wd
Q27962197,St. Kaggwa Bushenyi High School,St. Kaggwa Bushenyi High School,2,0,54.5,built structure,1,country_wd
Q27963295,Tegeres,Tegeres,2,0,54.5,sub-county of Uganda,1,country_wd
Q27975230,Dickson Ssentongo,Dickson Ssentongo,2,0,54.5,human,2,birth_death_wd|citizenship_wd
Q28113003,Tom Voltaire Okwalinga,Tom Voltaire Okwalinga,2,0,54.5,human,1,citizenship_wd
Q28129219,ALTX East Africa Exchange,ALTX East Africa Exchange,2,0,54.5,business,1,country_wd
Q28135348,Ministry of East African Community Affairs,Ministry of East African Community Affairs (Uganda),2,0,54.5,government agency,2,country_wd|keyword_title
Q28136300,Kirya Balaki Kebba,Kirya Balaki Kebba,2,0,54.5,human,1,citizenship_wd
Q28162708,Mateete,Mateete,2,0,54.5,"human settlement, sub-county of Uganda",1,country_wd
Q28223064,Basimba people,Basimba people,2,0,54.5,,1,country_wd
Q28223343,Ministry for Karamoja,Ministry for Karamoja Affairs (Uganda),2,0,54.5,ministry of Uganda,2,country_wd|keyword_title
Q28231516,Bukasa Inland Port,Bukasa Inland Port,2,0,54.5,inland port,1,country_wd
Q28366219,Hanif Lalani,Hanif Lalani,2,0,54.5,human,1,birth_death_wd
Q28457538,Leader of Opposition,Leader of the Opposition (Uganda),2,0,54.5,"title, official, position",2,country_wd|keyword_title
Q28481226,Zziwa Kennedy,Zziwa Kennedy,2,0,54.5,human,1,birth_death_wd
Q28868302,2017 in Uganda,2017 in Uganda,2,0,54.5,events in a specific year or time period,1,country_wd
Q29016445,Badru Lusambya,Badru Lusambya,2,0,54.5,human,1,birth_death_wd
Q29331368,Jehoash Mayanja Nkangi,Jehoash Mayanja Nkangi,2,0,54.5,human,2,birth_death_wd|citizenship_wd
Q29353394,Lieutenant General Frank Mushyo Kamanzi,Frank Mushyo Kamanzi,2,0,54.5,human,1,birth_death_wd
Q29640743,Serbia–Uganda relations,,2,0,54.5,bilateral relation,1,country_wd
Q29898231,Vincent Woboya,Vincent Woboya,2,0,54.5,human,2,birth_death_wd|citizenship_wd
Q29913996,Baryayanga Andrew Aja,Andrew Baryayanga,2,0,54.5,human,2,birth_death_wd|citizenship_wd
Q29917557,Paul Amoru,Paul Amoru,2,0,54.5,human,2,birth_death_wd|citizenship_wd
Q29963755,Michael Tusiime,Michael Tusiime,2,0,54.5,human,2,birth_death_wd|citizenship_wd
Q30007236,Mandy Juruni,Mandy Juruni,2,0,54.5,human,2,birth_death_wd|citizenship_wd
Q30058178,Ivan Semwanga,Ivan Semwanga,2,0,54.5,human,1,citizenship_wd
Q30091390,Allan Ssewanyana,Allan Ssewanyana,2,0,54.5,human,2,birth_death_wd|citizenship_wd
Q30110261,Akugizibwe Lawrence,Lawrence Akugizibwe,2,0,54.5,human,2,birth_death_wd|citizenship_wd
Q30234278,Daudi Ochieng,Daudi Ochieng,2,0,54.5,human,1,citizenship_wd
Q30261670,Association for Strengthening Agricultural Research in Eastern and Central Africa,Association for Strengthening Agricultural Research in Eastern and Central Africa,2,0,54.5,nonprofit organization,1,country_wd
Q30302621,Jack Sabiiti,Jack Sabiiti,2,0,54.5,human,2,birth_death_wd|citizenship_wd
Q30307252,Ssewa Ssewa,Ssewa Ssewa,2,0,54.5,human,2,birth_death_wd|citizenship_wd
Q30323559,Sam Bitangaro,Sam Bitangaro,2,0,54.5,human,2,birth_death_wd|citizenship_wd
Q30323636,Byibesho Sam,Sam Byibesho,2,0,54.5,human,2,birth_death_wd|citizenship_wd
Q30323685,Boaz Ninsiima,Boaz Ninsiima,2,0,54.5,human,2,birth_death_wd|citizenship_wd
Q30332912,Eric Adriko,Eric Adriko,2,0,54.5,human,2,birth_death_wd|citizenship_wd
Q30524693,Ugandan lost counties referendum of 1964,1964 Ugandan lost counties referendum,2,0,54.5,local referendum,2,country_wd|keyword_title
Q30688546,science and technology in Uganda,Science and technology in Uganda,2,0,54.5,aspect in a geographic region,2,country_wd|keyword_title
Q30905495,Elly Katabira,,2,0,54.5,human,1,citizenship_wd
Q30913458,Akii Bua Stadium,Akii Bua Stadium,2,0,54.5,"stadium, sports venue, association football venue",1,country_wd
Q30946646,2017 Uganda International Badminton Championships,,2,0,54.5,Uganda International Badminton Championships,1,country_wd
Q31153326,Ismail Ogama,Ismail Ogama,2,0,54.5,human,2,birth_death_wd|citizenship_wd
Q31213353,Moses Adome,Moses Adome,2,0,54.5,human,2,birth_death_wd|citizenship_wd
Q31349118,2019 in Uganda,2019 in Uganda,2,0,54.5,events in a specific year or time period,2,country_wd|keyword_title
Q31395898,Portal Peaks,,2,0,54.5,summit,1,country_wd
Q31396103,Kololo,,2,0,54.5,hill,1,country_wd
Q31527098,Natera Hills,,2,0,54.5,mountain range,1,country_wd
Q31528168,Langia Mountains,,2,0,54.5,mountain range,1,country_wd
Q31528250,Labwor Hills,,2,0,54.5,mountain range,1,country_wd
Q31530564,Nangeya Mountains,,2,0,54.5,mountain range,1,country_wd
Q31880352,Biguli,,2,0,54.5,"town, sub-county of Uganda",1,country_wd
Q31884630,Buhehe,,2,0,54.5,sub-county of Uganda,1,country_wd
Q31885656,Bulumbi,,2,0,54.5,sub-county of Uganda,1,country_wd
Q31886332,Busiime,,2,0,54.5,sub-county of Uganda,1,country_wd
Q31886529,Buteba,,2,0,54.5,sub-county of Uganda,1,country_wd
Q31886853,Buyanga,,2,0,54.5,sub-county of Uganda,1,country_wd
Q31887059,Bwera,,2,0,54.5,"town, sub-county of Uganda",1,country_wd
Q31909571,Dabani,,2,0,54.5,sub-county of Uganda,1,country_wd
Q31932308,Kirundo,,2,0,54.5,sub-county of Uganda,1,country_wd
Q31943584,Lorengecora,Lorengecora,2,0,54.5,sub-county of Uganda,1,country_wd
Q31945095,Lunyo,,2,0,54.5,sub-county of Uganda,1,country_wd
Q31950761,Masaba,,2,0,54.5,sub-county of Uganda,1,country_wd
Q31951184,Masinyi,,2,0,54.5,sub-county of Uganda,1,country_wd
Q31974753,Nyapea,Nyapea,2,0,54.5,sub-county of Uganda,1,country_wd
Q32010554,Rugaaga,Rugaaga,2,0,54.5,town,1,country_wd
Q32017753,Sezibwa Falls,,2,0,54.5,,1,country_wd
Q32020104,Sikude,,2,0,54.5,sub-county of Uganda,1,country_wd
Q32479347,Masafu,,2,0,54.5,sub-county of Uganda,1,country_wd
Q32540023,Elizabeth Nantale Mulondo,Elizabeth Nantale Mulondo,2,0,54.5,human,1,citizenship_wd
Q33125043,Kassiano Wadri,Kassiano Wadri,2,0,54.5,human,2,birth_death_wd|citizenship_wd
Q33459947,Uganda at the 2017 World Aquatics Championships,Uganda at the 2017 World Aquatics Championships,2,0,54.5,nation at sport competition,2,country_wd|keyword_title
Q33978057,John Bosco Ikojo,John Bosco Ikojo,2,0,54.5,human,2,birth_death_wd|citizenship_wd
Q3431904,Rift Valley Railways Consortium,Rift Valley Railways,2,0,54.5,railway company,1,country_wd
Q36436262,Kasirye Ggwanga,Kasirye Ggwanga,2,0,54.5,human,2,birth_death_wd|citizenship_wd
Q36490457,Okin Ojara,Okin Ojara,2,0,54.5,human,2,birth_death_wd|citizenship_wd
Q3744806,Daughters of Mary,,2,0,54.5,Catholic religious institute,1,country_wd
Q38085690,National Cultural Site of Uganda,National Cultural Sites of Uganda,2,0,54.5,built structure,2,country_wd|keyword_title
Q38249626,"Muhanga, Rukiga","Muhanga, Rukiga",2,0,54.5,human-geographic territorial entity,1,country_wd
Q38251659,Siti II Hydroelectric Power Station,Siti II Hydroelectric Power Station,2,0,54.5,hydroelectric power station,1,country_wd
Q38251687,Nkusi Hydroelectric Power Station,Nkusi Hydroelectric Power Station,2,0,54.5,hydroelectric power station,1,country_wd
Q38367025,Susan Aneno,,2,0,54.5,human,1,citizenship_wd
Q3850433,Mary Asiride,,2,0,54.5,human,1,birth_death_wd
Q38587500,Kiiza Andrew Namitego Kaluya,Andrew Kaluya,2,0,54.5,human,2,birth_death_wd|citizenship_wd
Q38789592,Our Lady Queen of Poland Catholic Church,Our Lady Queen of Poland Catholic Church,2,0,54.5,Catholic church building,1,country_wd
Q39059042,Augustine Nshimye,Augustine Nshimye,2,0,54.5,human,2,birth_death_wd|citizenship_wd
Q39073765,Isaac Mulindwa,Isaac Mulindwa (politician),2,0,54.5,human,2,birth_death_wd|citizenship_wd
Q39791569,Eldad Mwangusya,Eldad Mwangusya,2,0,54.5,human,2,birth_death_wd|citizenship_wd
Q39908111,Richard Buteera,Richard Buteera,2,0,54.5,human,2,birth_death_wd|citizenship_wd
Q39909931,Paul Mugamba,Paul Mugamba,2,0,54.5,human,2,birth_death_wd|citizenship_wd
Q40729793,Arthur Kwizera,Arthur Kwizera,2,0,54.5,human,2,birth_death_wd|citizenship_wd
Q41634603,Rubby Opio Aweri,Rubby Opio Aweri,2,0,54.5,human,2,birth_death_wd|citizenship_wd
Q41693469,Nawe Molly Kamukama,Molly Nawe Kamukama,2,0,54.5,human,1,birth_death_wd
Q41913590,Robert Kasande,Robert Kasande,2,0,54.5,human,2,birth_death_wd|citizenship_wd
Q42075448,Emmanuel Karooro,Emmanuel Karooro,2,0,54.5,human,2,birth_death_wd|citizenship_wd
Q42290070,Richard Kabonero,Richard Kabonero,2,0,54.5,human,2,birth_death_wd|citizenship_wd
Q42296688,Moses Kamya,Moses Kamya,2,0,54.5,human,2,birth_death_wd|citizenship_wd
Q42309848,Patrick Ayota,Patrick Ayota,2,0,54.5,human,2,birth_death_wd|citizenship_wd
Q42530525,Annette Nkalubo,Annette Nkalubo,2,0,54.5,human,1,birth_death_wd
Q43302089,Enid Mirembe,Enid Mirembe,2,0,54.5,human,2,birth_death_wd|citizenship_wd
Q4376181,Eastern Orthodoxy in Uganda,Eastern Orthodoxy in Uganda,2,0,54.5,Eastern Orthodoxy of an area,2,country_wd|keyword_title
Q43844651,June Kyakobye,June Kyakobye,2,0,54.5,human,1,citizenship_wd
Q44106948,Emmanuel Katongole,Emmanuel Katongole (theologian),2,0,54.5,human,1,birth_death_wd
Q45322748,Elizabeth Musoke,Elizabeth Musoke,2,0,54.5,human,1,birth_death_wd
Q45380775,Kenneth Kakuru,Kenneth Kakuru,2,0,54.5,human,2,birth_death_wd|citizenship_wd
Q45904195,Simon Mugenyi Byabakama,Simon Mugenyi Byabakama,2,0,54.5,human,3,birth_death_wd|citizenship_wd|language_wd
Q4621348,2011 ICC World Cricket League Africa Region Twenty20 Division One,2011 Africa Twenty20 Division One,2,0,54.5,sports season,1,country_wd
Q47004197,Jean Sseninde,Jean Sseninde,2,0,54.5,human,2,birth_death_wd|citizenship_wd
Q4700611,Akena p'Ojok,Akena p'Ojok,2,0,54.5,human,1,citizenship_wd
Q47087871,Livingstone Mpalanyi Nkoyoyo,Livingstone Mpalanyi Nkoyoyo,2,0,54.5,human,2,birth_death_wd|citizenship_wd
Q47101761,Jimmy Enabu,Jimmy Enabu,2,0,54.5,human,2,birth_death_wd|citizenship_wd
Q4726787,Alintuma Nsambu,Alintuma Nsambu,2,0,54.5,human,1,citizenship_wd
Q4734205,Aloi,Aloi,2,0,54.5,human settlement,1,country_wd
Q4747929,Amos Nzeyi,Amos Nzeyi,2,0,54.5,human,2,birth_death_wd|citizenship_wd
Q4780326,Apollo Kironde,Apollo Kironde,2,0,54.5,human,1,citizenship_wd
Q4780420,Apolo Kivebulaya,Apolo Kivebulaya,2,0,54.5,human,1,citizenship_wd
Q4780676,Apostolic Vicariate of Northern Victoria Nyanza,Apostolic Vicariate of Northern Victoria Nyanza,2,0,54.5,diocese,1,country_wd
Q4784604,Arbade Bironze,,2,0,54.5,human,2,birth_death_wd|citizenship_wd
Q4795550,Aronda Nyakairima,Aronda Nyakairima,2,0,54.5,human,2,birth_death_wd|citizenship_wd
Q4801989,Arua Regional Referral Hospital,Arua Regional Referral Hospital,2,0,54.5,hospital,1,country_wd
Q4802307,Arusha Agreement,Arusha Agreement,2,0,54.5,treaty,1,country_wd
Q4811966,Aswa Dislocation,Aswa Dislocation,2,0,54.5,,1,country_wd
Q4859965,Absa Bank Uganda Limited,Absa Bank Uganda Limited,2,0,54.5,"bank, commercial bank",2,country_wd|keyword_title
Q4871713,Battle of Mengo Hill,Mengo Crisis,2,0,54.5,battle,2,country_wd|keyword_title
Q4875393,Bbaale County,Bbaale County,2,0,54.5,county of Uganda,1,country_wd
Q48785145,Kyambura Hydroelectric Power Station,Kyambura Hydroelectric Power Station,2,0,54.5,hydroelectric power station,1,country_wd
Q48790211,Kawanda–Birembo High Voltage Power Line,Kawanda–Birembo High Voltage Power Line,2,0,54.5,overhead power line,1,country_wd
Q48790718,Ibanda University,Ibanda University,2,0,54.5,academic institution,1,country_wd
Q48792949,Uganda Aviation School,Uganda Aviation School,2,0,54.5,academic institution,2,country_wd|keyword_title
Q48800989,Uganda Refinery Holding Company,Uganda Refinery Holding Company,2,0,54.5,,2,country_wd|keyword_title
Q48803883,Court of Appeal of Uganda,Court of Appeal of Uganda,2,0,54.5,court,3,country_wd|keyword_title|part_of_wd
Q48804890,Nyamagasani I Hydroelectric Power Station,Nyamagasani I Hydroelectric Power Station,2,0,54.5,hydroelectric power station,1,country_wd
Q48806598,Ndugutu Hydroelectric Power Station,Ndugutu Hydroelectric Power Station,2,0,54.5,hydroelectric power station,1,country_wd
Q48806690,Sindila Hydroelectric Power Station,Sindila Hydroelectric Power Station,2,0,54.5,hydroelectric power station,1,country_wd
Q48806813,Nyamagasani II Hydroelectric Power Station,Nyamagasani II Hydroelectric Power Station,2,0,54.5,hydroelectric power station,1,country_wd
Q48807394,Oriang Hydroelectric Power Station,Oriang Hydroelectric Power Station,2,0,54.5,hydroelectric power station,1,country_wd
Q48808065,Multitech Business School,Multitech Business School,2,0,54.5,academic institution,1,country_wd
Q48813560,2018 in Uganda,2018 in Uganda,2,0,54.5,events in a specific year or time period,2,country_wd|keyword_title
Q48814112,Valley University of Science and Technology,Valley University of Science and Technology,2,0,54.5,"university, private university, academic institution",1,country_wd
Q48816447,list of vocational colleges in Uganda,List of vocational colleges in Uganda,2,0,54.5,Wikimedia list article,2,country_wd|keyword_title
Q48816818,Uganda Business Facilitation Centre,Uganda Business Facilitation Centre,2,0,54.5,building,2,country_wd|keyword_title
Q48817219,Uganda Standard Gauge Railway,Uganda Standard Gauge Railway,2,0,54.5,"railway system, proposed entity",2,country_wd|keyword_title
Q48989165,Uganda Marathon,Uganda Marathon,2,0,54.5,"marathon, recurring sporting event",2,country_wd|keyword_title
Q4918001,Bishop of Uganda,Anglican dioceses of Buganda,2,0,54.5,position,2,country_wd|keyword_title
Q49298169,Kibale County,Kibale County,2,0,54.5,county of Uganda,1,country_wd
Q49298246,Nyabushozi County,Nyabushozi County,2,0,54.5,"administrative territorial entity, county of Uganda",1,country_wd
Q49330248,Kalinzu Central Forest Reserve,Kalinzu Central Forest Reserve,2,0,54.5,"forest, botanical garden, protected area",1,country_wd
Q49331415,Mount Otzi Central Forest Reserve,Mount Otzi Central Forest Reserve,2,0,54.5,"forest, forest reserve",1,country_wd
Q49332636,Timu Forest,Timu Forest,2,0,54.5,forest,1,country_wd
Q4941427,Bondo,"Bondo, Uganda",2,0,54.5,human settlement,2,country_wd|keyword_title
Q49465188,Rukiri Sub-County,,2,0,54.5,sub-county of Uganda,1,country_wd
Q4963626,Brian Duke,Brian Duke,2,0,54.5,human,1,citizenship_wd
Q4984755,Buddo hill,Buddo hill,2,0,54.5,human settlement,1,country_wd
Q4986232,Bugoye Power Station,Bugoye Hydroelectric Power Station,2,0,54.5,hydroelectric power station,1,country_wd
Q4987003,Bukoto,Bukoto,2,0,54.5,neighborhood,1,country_wd
Q4997181,Buluuli,Buruuli,2,0,54.5,human settlement,1,country_wd
Q4997413,Bunagana,"Bunagana, Uganda",2,0,54.5,"human settlement, border city",2,country_wd|keyword_title
Q5002003,Busobya,Busobya,2,0,54.5,human settlement,1,country_wd
Q5003687,Bwindi,Bwindi,2,0,54.5,geographic location,1,country_wd
Q5014715,CURE Children's Hospital of Uganda,CURE Children's Hospital of Uganda,2,0,54.5,hospital,2,country_wd|keyword_title
Q50231019,2018 Uganda International Badminton Championships,,2,0,54.5,Uganda International Badminton Championships,1,country_wd
Q50313997,Sukhpal Singh Ahluwalia,Sukhpal Singh Ahluwalia,2,0,54.5,human,1,birth_death_wd
Q50348562,Martin Okoth Ochola,Martin Okoth Ochola,2,0,54.5,human,1,citizenship_wd
Q50358655,Sabiiti Muzeyi,Sabiiti Muzeyi,2,0,54.5,human,2,birth_death_wd|citizenship_wd
Q50581148,Magid Kagimu,Magid Kagimu,2,0,54.5,human,2,birth_death_wd|citizenship_wd
Q5110233,Christian Upliftment School,Christian Upliftment School,2,0,54.5,,1,country_wd
Q5122454,Citibank Uganda,Citibank Uganda,2,0,54.5,business,2,country_wd|keyword_title
Q51458117,Michael Kawooya,Michael Kawooya (squash player),2,0,54.5,human,2,birth_death_wd|citizenship_wd
Q5153782,2007 Commonwealth Heads of Government Meeting,2007 Commonwealth Heads of Government Meeting,2,0,54.5,summit,1,country_wd
Q5162939,Conservation Through Public Health,Conservation Through Public Health,2,0,54.5,"nonprofit organization, conservation organization",1,country_wd
Q5162973,Conservation in Uganda,Conservation in Uganda,2,0,54.5,aspect in a geographic region,2,country_wd|keyword_title
Q5177124,county of Uganda,Counties of Uganda,2,0,54.5,,2,country_wd|keyword_title
Q5200889,Cyril Stuart,Cyril Stuart,2,0,54.5,human,1,citizenship_wd
Q5204902,DFCU Bank,DFCU Bank,2,0,54.5,business,1,country_wd
Q52157949,Sexual exploitation of Ugandan refugees,Sexual exploitation of refugees in Uganda,2,0,54.5,,2,country_wd|keyword_title
Q5227874,Daudi Kintu Wasajja,Daudi Kintu Wasajja,2,0,54.5,human,2,birth_death_wd|citizenship_wd
Q5312603,Duhaga of Bunyoro,Duhaga of Bunyoro,2,0,54.5,human,2,birth_death_wd|keyword_title
Q5331931,Ebony College Luwero,Ebony College Luwero,2,0,54.5,boarding school,1,country_wd
Q5333154,Ecobank Uganda,Ecobank Uganda,2,0,54.5,business,2,country_wd|keyword_title
Q5377366,Abner Nangwale,Abner Nangwale,2,0,54.5,human,1,citizenship_wd
Q5380123,Entebbe Wildlife Sanctuary,Entebbe Wildlife Sanctuary,2,0,54.5,protected area,2,country_wd|keyword_title
Q53835943,John Simpson Owen,John Simpson Owen,2,0,54.5,human,1,citizenship_wd
Q5384668,Equity Bank Uganda,Equity Bank Uganda Limited,2,0,54.5,"bank, business, enterprise",2,country_wd|keyword_title
Q54023457,Christopher Izama Madrama,Christopher Izama Madrama,2,0,54.5,human,2,birth_death_wd|citizenship_wd
Q5415677,Evangelical Free Church in Uganda,Evangelical Free Church in Uganda,2,0,54.5,Christian denomination,2,country_wd|keyword_title
Q54226255,Peninnah Kabenge,Peninah Kabenge,2,0,54.5,human,3,birth_death_wd|citizenship_wd|language_wd
Q5423169,Ezekiel Tenywa Wako of Busoga,Ezekiel Tenywa Wako of Busoga,2,0,54.5,human,3,birth_death_wd|citizenship_wd|keyword_title
Q5425825,FINCA Uganda Limited,FINCA Uganda Limited,2,0,54.5,business,2,country_wd|keyword_title
Q5430506,Fairland University,Fairland University,2,0,54.5,university,1,country_wd
Q5442289,Felix Onama,Felix Onama,2,0,54.5,human,1,citizenship_wd
Q5449333,Fina Bank,Guaranty Trust Bank (Uganda),2,0,54.5,business,2,country_wd|keyword_title
Q5458060,Flavia  Nabugere Munaaba,Flavia Munaaba,2,0,54.5,human,1,citizenship_wd
Q5469273,Forestry in Uganda,Forestry in Uganda,2,0,54.5,aspect in a geographic region,2,country_wd|keyword_title
Q5481808,Francis M. Ssekandi,Francis M. Ssekandi,2,0,54.5,human,1,citizenship_wd
Q5482091,Francis Okello,Francis Okello,2,0,54.5,human,1,citizenship_wd
Q54857247,"Embassy of Saudi Arabia, Kampala",,2,0,54.5,embassy,2,country_wd|part_of_wd
Q5496485,Fred Wabwire-Mangen,Fred Wabwire-Mangen,2,0,54.5,human,2,birth_death_wd|citizenship_wd
Q54981799,Brian Gitta,Brian Gitta,2,0,54.5,human,1,citizenship_wd
Q55063702,NTV Uganda,NTV Uganda,2,0,54.5,television station,2,country_wd|keyword_title
Q55065041,Joseph Musanyufu,Joseph Musanyufu,2,0,54.5,human,1,birth_death_wd
Q5516824,Gagawala Wambuzi,Gagawala Wambuzi,2,0,54.5,human,1,citizenship_wd
Q5518245,Galdino Moro Okello,Galdino Moro Okello,2,0,54.5,human,1,citizenship_wd
Q55234995,Crystal Newman,Crystal Newman,2,0,54.5,human,2,citizenship_wd|language_wd
Q55499739,East Timor–Uganda relations,,2,0,54.5,bilateral relation,1,country_wd
Q55584445,Kaka Bagyenda,Kaka Bagyenda,2,0,54.5,human,2,birth_death_wd|citizenship_wd
Q55613708,High Court of Uganda,High Court of Uganda,2,0,54.5,court,2,country_wd|keyword_title
Q55615550,Kabaka crisis,Kabaka crisis,2,0,54.5,,1,country_wd
Q55615662,Kansai Plascon FC,Kansai Plascon FC,2,0,54.5,association football club,1,country_wd
Q55615969,Kiba Hydroelectric Power Station,Kiba Hydroelectric Power Station,2,0,54.5,hydroelectric power station,1,country_wd
Q55622580,Mbiriizi,Mbiriizi,2,0,54.5,human settlement,1,country_wd
Q55624741,National Environment Management Authority of Uganda,National Environment Management Authority of Uganda,2,0,54.5,government agency,2,country_wd|keyword_title
Q55627149,Nyamityobora FC,Nyamityobora FC,2,0,54.5,association football club,1,country_wd
Q55627921,Oruchinga Refugee Settlement,Oruchinga Refugee Settlement,2,0,54.5,refugee camp,1,country_wd
Q55628363,Paidha Black Angels FC,Paidha Black Angels FC,2,0,54.5,"association football club, association football team",1,country_wd
Q55629328,Pearl Rhythm Festival,Pearl Rhythm Festival,2,0,54.5,music festival,1,country_wd
Q55634969,Terrewode Women’s Community Hospital,Terrewode Women's Community Hospital,2,0,54.5,hospital,1,country_wd
Q55636453,Uganda Muslim Liberation Army,Uganda Muslim Liberation Army,2,0,54.5,,2,country_wd|keyword_title
Q55636454,Uganda National Records Centre and Archives,Uganda National Records Centre and Archives,2,0,54.5,building,2,country_wd|keyword_title
Q55642571,Vehicle registration plates of Uganda,Vehicle registration plates of Uganda,2,0,54.5,,2,country_wd|keyword_title
Q55652359,Canada–Uganda relations,,2,0,54.5,bilateral relation,1,country_wd
Q55654960,Uganda–Uzbekistan relations,,2,0,54.5,bilateral relation,1,country_wd
Q55655242,Indonesia–Uganda relations,,2,0,54.5,bilateral relation,1,country_wd
Q55711376,NBS TV,NBS Television (Uganda),2,0,54.5,"television, television network, television station",2,country_wd|keyword_title
Q55759717,Ephraim Bagenda,Ephraim Bagenda,2,0,54.5,human,1,citizenship_wd
Q5580688,Goli,"Goli, Uganda",2,0,54.5,"human settlement, border city",2,country_wd|keyword_title
Q55859679,Yvette Mutumba,,2,0,54.5,human,1,citizenship_wd
Q5594671,Grand Imperial Hotel,Grand Imperial Hotel,2,0,54.5,"hotel, monument",1,country_wd
Q56065110,Jolly Nankunda,Jolly Nankunda,2,0,54.5,human,2,birth_death_wd|citizenship_wd
Q56073444,Charles Kabugo,Charles Kabugo,2,0,54.5,human,2,birth_death_wd|citizenship_wd
Q56073461,Richard Fishlock,Richard Fishlock,2,0,54.5,human,1,birth_death_wd
Q5617907,Gulu Hospital,Gulu Hospital,2,0,54.5,hospital,1,country_wd
Q5617911,Gulu United FC,Gulu United FC,2,0,54.5,association football club,1,country_wd
Q56222345,Annet Nandujja,Annet Nandujja,2,0,54.5,human,1,birth_death_wd
Q56247899,Apio Moro,Apio Moro,2,0,54.5,human,2,birth_death_wd|citizenship_wd
Q56278235,Soroti Secondary School,Soroti Secondary School,2,0,54.5,built structure,1,country_wd
Q5648194,Hanif Kara,Hanif Kara,2,0,54.5,human,1,birth_death_wd
Q56539940,,Mugabi,2,0,54.5,family name,1,country_wd
Q56544043,Rose Clarke Nanyonga,Rose Clarke Nanyonga,2,0,54.5,human,3,birth_death_wd|citizenship_wd|language_wd
Q56599964,Zahara Nakiyaga,Zahara Nakiyaga,2,0,54.5,human,1,birth_death_wd
Q56616505,Grace Nakibaala,Grace Nakibaala,2,0,54.5,human,1,birth_death_wd
Q56824717,Christine Obbo,Christine Obbo,2,0,54.5,human,1,citizenship_wd
Q5691063,health in Uganda,Health in Uganda,2,0,54.5,health by country or region,2,country_wd|keyword_title
Q57293372,Joseph Ssekandi,Joseph Ssekandi,2,0,54.5,human,1,birth_death_wd
Q5729756,Henry Wako Muloki,Henry Wako Muloki,2,0,54.5,human,2,birth_death_wd|citizenship_wd
Q57313316,Juma Butabika,Juma Butabika,2,0,54.5,human,2,birth_death_wd|citizenship_wd
Q57330730,Hamdan Lutaaya Sserwanga,,2,0,54.5,human,1,citizenship_wd
Q58416633,Justine Nakagiri Ssemwanga,Justine Nakagiri Ssemwanga,2,0,54.5,human,2,birth_death_wd|citizenship_wd
Q5869796,history of the Jews in Uganda,History of the Jews in Uganda,2,0,54.5,aspect of history,2,country_wd|keyword_title
Q5885659,Holy Innocents Children's Hospital,Holy Innocents Children's Hospital,2,0,54.5,"hospital, children's hospital",1,country_wd
Q5911457,Hotel Equatoria,Hotel Equatoria,2,0,54.5,hotel,1,country_wd
Q59155490,Mahoma Hydroelectric Power Station,Mahoma Hydroelectric Power Station,2,0,54.5,hydroelectric power station,1,country_wd
Q59240295,John Sentongo,John Sentongo,2,0,54.5,human,1,birth_death_wd
Q59240318,Tumubweine Twinemanzi,Tumubweine Twinemanzi,2,0,54.5,human,2,birth_death_wd|citizenship_wd
Q59306376,Grace Seruwagi,Grace Sseruwagi,2,0,54.5,human,1,citizenship_wd
Q59306389,Michael Nyarwa,Michael Nyarwa,2,0,54.5,human,2,birth_death_wd|citizenship_wd
Q59588502,Anthony Ochaya,Anthony Ochaya,2,0,54.5,human,2,birth_death_wd|citizenship_wd
Q59656084,Pontiano Kaleebu,Pontiano Kaleebu,2,0,54.5,human,2,birth_death_wd|citizenship_wd
Q59656216,Douglas Ogada,Douglas Ogada,2,0,54.5,human,2,birth_death_wd|citizenship_wd
Q59660296,Alex Ireeta,Alex Ireeta,2,0,54.5,human,1,citizenship_wd
Q59660435,Andrew Kajjo,Andrew Kajjo,2,0,54.5,human,2,birth_death_wd|citizenship_wd
Q59777608,Irene Ikomu,Irene Ikomu,2,0,54.5,human,1,citizenship_wd
Q59880799,Fred Nalugoda,Fred Nalugoda,2,0,54.5,human,1,citizenship_wd
Q6006376,Imperial Bank Uganda,Exim Bank (Uganda),2,0,54.5,business,2,country_wd|keyword_title
Q6006841,Imperial Resort Beach Hotel,Imperial Resort Beach Hotel,2,0,54.5,hotel,1,country_wd
Q6006852,Imperial Royale Hotel,Imperial Royale Hotel,2,0,54.5,hotel,1,country_wd
Q6008246,Imran Yusuf,Imran Yusuf,2,0,54.5,human,1,citizenship_wd
Q60194468,Samuel Sserunkuuma,Samuel Sserunkuuma,2,0,54.5,human,2,birth_death_wd|citizenship_wd
Q60195267,George Kabuto,George Kabuto,2,0,54.5,human,1,citizenship_wd
Q60316655,Mudathili Ali,,2,0,54.5,human,1,citizenship_wd
Q60316750,Sebastian Kigongo,,2,0,54.5,human,2,birth_death_wd|citizenship_wd
Q60384942,Edward Obewa,Edward Obewa,2,0,54.5,human,1,citizenship_wd
Q60521542,healthcare in Uganda,Healthcare in Uganda,2,0,54.5,healthcare by country or region,2,country_wd|keyword_title
Q60524397,Battle of Entebbe,Battle of Entebbe,2,0,54.5,battle,2,country_wd|keyword_title
Q60524415,Battle of Masaka,Battle of Masaka,2,0,54.5,battle,1,country_wd
Q6055076,International rankings of Uganda,International rankings of Uganda,2,0,54.5,International rankings by country,2,country_wd|keyword_title
Q60643201,Abigaba Cuthbert Mirembe,Abigaba Cuthbert Mirembe,2,0,54.5,human,2,birth_death_wd|citizenship_wd
Q60674753,Charles Kizza,Charles Kizza,2,0,54.5,human,1,citizenship_wd
Q60741610,Yumbe General Hospital,Yumbe General Hospital,2,0,54.5,hospital,1,country_wd
Q60745744,Basil Kiiza Bataringaya,Basil Kiiza Bataringaya,2,0,54.5,human,2,birth_death_wd|citizenship_wd
Q60752570,Sanga Moses,Sanga Moses,2,0,54.5,human,2,birth_death_wd|citizenship_wd
Q60753724,CoRSU Rehabilitation Hospital,CoRSU Rehabilitation Hospital,2,0,54.5,hospital,1,country_wd
Q60755801,Kayabwe,Kayabwe,2,0,54.5,human settlement,1,country_wd
Q60767482,Pader Airfield,Pader Airfield,2,0,54.5,aerodrome,1,country_wd
Q6087896,Israel Kibirige Ssebunya,Israel Kibirige Ssebunya,2,0,54.5,human,2,birth_death_wd|citizenship_wd
Q61242613,Ponsiano Ocama,Ponsiano Ocama,2,0,54.5,human,2,birth_death_wd|citizenship_wd
Q6137121,James Kazini,James Kazini,2,0,54.5,human,2,birth_death_wd|citizenship_wd
Q61629720,Simon Kagugube,Simon Kagugube,2,0,54.5,human,2,birth_death_wd|citizenship_wd
Q61642687,Zaake Francis,Francis Zaake,2,0,54.5,human,3,birth_death_wd|citizenship_wd|language_wd
Q6167781,Jayesh Manek,Jayesh Manek,2,0,54.5,human,1,citizenship_wd
Q61746869,Fik Fameica,Fik Fameica,2,0,54.5,human,1,birth_death_wd
Q6177088,Jemba of Buganda,Jemba of Buganda,2,0,54.5,human,2,birth_death_wd|keyword_title
Q6180892,Jeremiah Lucas Opira,Jeremiah Lucas Opira,2,0,54.5,human,1,citizenship_wd
Q618525,Kitengesa Community Library,Kitengesa Community Library,2,0,54.5,"library, library building",1,country_wd
Q61873226,Apollo Makubuya,Apollo Makubuya,2,0,54.5,human,2,birth_death_wd|citizenship_wd
Q61898729,2019 Uganda International Badminton Championships,,2,0,54.5,Uganda International Badminton Championships,1,country_wd
Q6199486,Jimmy Adar,Jimmy Adar,2,0,54.5,human,1,citizenship_wd
Q62001035,Michael Kawooya,Michael Kawooya (physician),2,0,54.5,human,2,birth_death_wd|citizenship_wd
Q6202525,Jinja Hospital,Jinja Hospital,2,0,54.5,hospital,1,country_wd
Q6203904,Jjunju of Buganda,Jjunju of Buganda,2,0,54.5,human,2,birth_death_wd|keyword_title
Q62067246,Egunyu Janepher Nantume,Egunyu Janepher Nantume,2,0,54.5,human,2,birth_death_wd|citizenship_wd
Q62086772,Michael Mugabi,Michael Mugabi,2,0,54.5,human,2,birth_death_wd|citizenship_wd
Q62087563,Arise Woman! Comedy Jam,Arise Woman! Comedy Jam,2,0,54.5,show,1,country_wd
Q62088833,Richard Wejuli Wabwire,Richard Wejuli Wabwire,2,0,54.5,human,2,birth_death_wd|citizenship_wd
Q6217344,John-Mary Kauzya,John-Mary Kauzya,2,0,54.5,human,1,citizenship_wd
Q6226097,Muyingo John Chrysostom,John Chrysestom Muyingo,2,0,54.5,human,2,birth_death_wd|citizenship_wd
Q62530124,Hudson Mukasa,Hudson Mukasa,2,0,54.5,human,2,birth_death_wd|citizenship_wd
Q6264555,John Wilson Nattubu Tsekoko,John Wilson Nattubu Tsekooko,2,0,54.5,human,1,birth_death_wd
Q62756850,Patrick Birungi,Patrick Birungi,2,0,54.5,human,2,birth_death_wd|citizenship_wd
Q63004552,Wilberforce Kisamba Mugerwa,Wilberforce Kisamba Mugerwa,2,0,54.5,human,2,birth_death_wd|citizenship_wd
Q63040415,Michael Etyang,Michael Etiang,2,0,54.5,human,2,birth_death_wd|citizenship_wd
Q63110750,Michael Kabango,Michael Kabango,2,0,54.5,human,2,birth_death_wd|citizenship_wd
Q63249359,Odonga Otto,Odonga Otto,2,0,54.5,human,2,birth_death_wd|citizenship_wd
Q63257287,Ali Kiiza,Ali Kiiza,2,0,54.5,human,1,birth_death_wd
Q63314320,Gad Gasatura,Gad Gasatura,2,0,54.5,human,2,birth_death_wd|citizenship_wd
Q63368239,Abdulatif Tiyua,Abdulatif Tiyua,2,0,54.5,human,1,birth_death_wd
Q6343803,Kabalagala,Kabalagala,2,0,54.5,neighborhood,1,country_wd
Q6343815,Kabale Hospital,Kabale Hospital,2,0,54.5,hospital,1,country_wd
Q6346684,Kagulu of Buganda,Kagulu of Buganda,2,0,54.5,human,2,birth_death_wd|keyword_title
Q6349476,Kakira Sugar Works,Kakira Sugar Works,2,0,54.5,business,1,country_wd
Q6351855,Kale Kayihura,Kale Kayihura,2,0,54.5,human,2,birth_death_wd|citizenship_wd
Q6354572,Kalule,Kalule,2,0,54.5,human settlement,1,country_wd
Q6355203,Kamaanya of Buganda,Kamaanya of Buganda,2,0,54.5,human,2,birth_death_wd|keyword_title
Q6359092,Kampala-Jinja Highway,Kampala–Jinja Highway,2,0,54.5,road,2,country_wd|keyword_title
Q6359099,Kampala Capital City Authority,Kampala Capital City Authority,2,0,54.5,local authority,2,country_wd|keyword_title
Q6359106,Kampala Industrial and Business Park,Kampala Industrial and Business Park,2,0,54.5,human settlement,2,country_wd|keyword_title
Q6359117,Kampala Kids League,Kampala Kids League,2,0,54.5,,2,country_wd|keyword_title
Q6359121,Kampala Serena Hotel,Kampala Serena Hotel,2,0,54.5,hotel,2,country_wd|keyword_title
Q6359128,Kampala Tower,Kampala Tower,2,0,54.5,skyscraper,2,country_wd|keyword_title
Q6359132,Kampala YMCA,Kampala YMCA,2,0,54.5,,2,country_wd|keyword_title
Q6359135,Kampala wedding massacre,Kampala wedding massacre,2,0,54.5,massacre,2,country_wd|keyword_title
Q6363784,list of Ramsar sites in Uganda,,2,0,54.5,Wikimedia list article,1,country_wd
Q6366692,Kapir Atiira,Kapir Atiira,2,0,54.5,human settlement,1,country_wd
Q6374012,Kasanje,"Kasanje, Uganda",2,0,54.5,human settlement,2,country_wd|keyword_title
Q6374864,Kasubi hill,Kasubi hill,2,0,54.5,neighborhood,1,country_wd
Q6375953,Kateregga of Buganda,Kateregga of Buganda,2,0,54.5,human,2,birth_death_wd|keyword_title
Q6377615,Katine,Katine,2,0,54.5,sub-county of Uganda,1,country_wd
Q6379969,Kawempe Division,Kawempe Division,2,0,54.5,administrative territorial entity,1,country_wd
Q6380553,Kayemba of Buganda,Kayemba of Buganda,2,0,54.5,human,2,birth_death_wd|keyword_title
Q6380577,Kayima of Buganda,Kayima of Buganda,2,0,54.5,human,2,birth_death_wd|keyword_title
Q63865908,Uganda National Liberation Army,,2,0,54.5,guerrilla organization,1,country_wd
Q6395424,Ketna Patel,Ketna Patel,2,0,54.5,human,1,citizenship_wd
Q63970214,Switzerland–Uganda relations,,2,0,54.5,bilateral relation,1,country_wd
Q63973962,Godfrey Serunkuma Lule,Godfrey Serunkuma Lule,2,0,54.5,human,2,birth_death_wd|citizenship_wd
Q63992311,Gambia–Uganda relations,,2,0,54.5,bilateral relation,1,country_wd
Q6405941,Kiggala of Buganda,Kiggala of Buganda,2,0,54.5,human,2,birth_death_wd|keyword_title
Q6405971,Kigulu,"Kigulu, Uganda",2,0,54.5,human settlement,2,country_wd|keyword_title
Q6405976,Kigumba Petroleum Institute,Kigumba Petroleum Institute,2,0,54.5,university,2,country_wd|keyword_title
Q6406181,Kijura,Kijura,2,0,54.5,human settlement,1,country_wd
Q6406200,Kikagati,Kikagati,2,0,54.5,"human settlement, border city",1,country_wd
Q6406415,Kikulwe of Buganda,Kikulwe of Buganda,2,0,54.5,human,2,birth_death_wd|keyword_title
Q6410030,Kimbugwe of Buganda,Kimbugwe of Buganda,2,0,54.5,human,2,birth_death_wd|keyword_title
Q6414662,Kipoi Tonny Nsubuga,Kipoi Tonny Nsubuga,2,0,54.5,human,2,citizenship_wd|language_wd
Q6415316,Kirinnya,Kirinnya,2,0,54.5,human settlement,1,country_wd
Q64159950,Italy–Uganda relations,,2,0,54.5,bilateral relation,1,country_wd
Q6416739,Kisizi,Kisizi,2,0,54.5,human settlement,1,country_wd
Q64168402,Australia–Uganda relations,,2,0,54.5,bilateral relation,1,country_wd
Q6418972,Kiyimba of Buganda,Kiyimba of Buganda,2,0,54.5,human,2,birth_death_wd|keyword_title
Q64190501,Brazil–Uganda relations,,2,0,54.5,bilateral relation,1,country_wd
Q64199974,Kazakhstan–Uganda relations,,2,0,54.5,bilateral relation,1,country_wd
Q6450630,Kyabaggu of Buganda,Kyabaggu of Buganda,2,0,54.5,human,2,birth_death_wd|keyword_title
Q6450699,Kyaliwajjala,Kyaliwajjala,2,0,54.5,human settlement,1,country_wd
Q6450892,Kyebambe IV of Bunyoro,Kyebambe IV of Bunyoro,2,0,54.5,human,2,citizenship_wd|keyword_title
Q64746226,Michael Chibita,Michael Chibita,2,0,54.5,human,1,citizenship_wd
Q64746587,Peter James Nkambo Mugerwa,Peter James Nkambo Mugerwa,2,0,54.5,human,2,birth_death_wd|citizenship_wd
Q64748622,Michael Kintu,Michael Kintu,2,0,54.5,human,1,citizenship_wd
Q64762067,Kenneth Kiyemba,Kenneth Kiyemba,2,0,54.5,human,2,birth_death_wd|citizenship_wd
Q64781743,Polly Namaye,Polly Namaye,2,0,54.5,human,2,birth_death_wd|citizenship_wd
Q64825267,Lucy Aber Okumu,,2,0,54.5,human,1,citizenship_wd
Q64853337,Shafik Kuchi Kagimu,Shafik Kuchi Kagimu,2,0,54.5,human,1,birth_death_wd
Q64919501,Portugal–Uganda relations,,2,0,54.5,bilateral relation,1,country_wd
Q64919945,Greece–Uganda relations,,2,0,54.5,bilateral relation,1,country_wd
Q64920948,France–Uganda relations,,2,0,54.5,bilateral relation,1,country_wd
Q64926698,Haiti–Uganda relations,,2,0,54.5,bilateral relation,1,country_wd
Q64926728,Lithuania–Uganda relations,,2,0,54.5,bilateral relation,1,country_wd
Q64926749,Uganda–United Arab Emirates relations,,2,0,54.5,bilateral relation,1,country_wd
Q64926790,Uganda–Ukraine relations,,2,0,54.5,bilateral relation,1,country_wd
Q64926826,Algeria–Uganda relations,,2,0,54.5,bilateral relation,1,country_wd
Q64926836,Uganda–Venezuela relations,,2,0,54.5,bilateral relation,1,country_wd
Q64926875,Uganda–Vietnam relations,,2,0,54.5,bilateral relation,1,country_wd
Q6503014,Law Development Centre,Law Development Centre,2,0,54.5,academic institution,1,country_wd
Q65046746,Fins Medical University,Fins Medical University,2,0,54.5,academic institution,1,country_wd
Q65048056,Jack Maumbe Mukhwana,Jack Maumbe Mukhwana,2,0,54.5,human,2,birth_death_wd|citizenship_wd
Q65048259,Moses Muhangi,Moses Muhangi,2,0,54.5,human,2,birth_death_wd|citizenship_wd
Q65048620,Ibrahim Mukiibi,Ibrahim Mukiibi,2,0,54.5,human,1,citizenship_wd
Q65049361,1962 Ugandan Independence Tournament,1962 Ugandan Independence Tournament,2,0,54.5,association football competition,2,country_wd|keyword_title
Q65063931,Uganda Free Zones Authority,Uganda Free Zones Authority,2,0,54.5,government agency,2,country_wd|keyword_title
Q65066025,Pangea Aviation Academy,Pangea Aviation Academy,2,0,54.5,academic institution,1,country_wd
Q65067109,Aerolink Uganda,Aerolink Uganda,2,0,54.5,airline,2,country_wd|keyword_title
Q65069640,Battle of Mutukula,Battle of Mutukula,2,0,54.5,battle,1,country_wd
Q65082212,Katuna–Muko Road,Katuna–Muko Road,2,0,54.5,road,1,country_wd
Q65085968,St. Aloysius College Nyapea,St. Aloysius College Nyapea,2,0,54.5,school,1,country_wd
Q65087690,"National Defence College, Uganda","National Defence College, Uganda",2,0,54.5,,2,country_wd|keyword_title
Q65090500,Kampala Hilton Hotel,Kampala Hilton Hotel,2,0,54.5,building,2,country_wd|keyword_title
Q6529449,Les Ebdon,Les Ebdon,2,0,54.5,human,1,citizenship_wd
Q6530671,Leslie Brown,Leslie Brown (bishop),2,0,54.5,human,1,citizenship_wd
Q6535447,Levi Karuhanga,Levi Karuhanga,2,0,54.5,human,2,birth_death_wd|citizenship_wd
Q65452511,Christopher  Sembuya,,2,0,54.5,human,1,citizenship_wd
Q65499922,Lillian Zawedde,Lillian Zawedde,2,0,54.5,human,1,citizenship_wd
Q65588628,Mary Cholhok Nuba,Mary Cholhok Nuba,2,0,54.5,human,1,citizenship_wd
Q65971455,Selina Katumba,Selina Katumba,2,0,54.5,human,1,citizenship_wd
Q6642246,list of tallest buildings in Kampala,List of tallest buildings in Kampala,2,0,54.5,Wikimedia list article,2,country_wd|keyword_title
Q6663985,local councils in Uganda,Local Council (Uganda),2,0,54.5,aspect in a geographic region,2,country_wd|keyword_title
Q6668682,Lokiriama Peace Accord,Lokiriama Peace Accord,2,0,54.5,peace treaty,1,country_wd
Q66809379,Peninah Nakabo,Peninah Nakabo,2,0,54.5,human,2,birth_death_wd|citizenship_wd
Q66901148,Harold Wanyama,Harold Wanyama,2,0,54.5,human,1,citizenship_wd
Q6694626,Loyoro sub-county,Loyoro sub-county,2,0,54.5,sub-county of Uganda,1,country_wd
Q6695059,Rubaga Division,Rubaga Division,2,0,54.5,administrative territorial entity,1,country_wd
Q6695337,Lubiri,Lubiri,2,0,54.5,palace,1,country_wd
Q6695601,Lubowa,Lubowa,2,0,54.5,human settlement,1,country_wd
Q6699741,Lugazi Power Station,Lugazi Thermal Power Station,2,0,54.5,biomass-fired power station,1,country_wd
Q6699743,Lugazi University,Lugazi University,2,0,54.5,university,1,country_wd
Q67001391,Gladys Mbabazi,,2,0,54.5,human,1,citizenship_wd
Q6702091,Luke Kercan Ofungi,Luke Kercan Ofungi,2,0,54.5,human,2,birth_death_wd|citizenship_wd
Q67131690,Stella Wonruku,Stella Wonruku,2,0,54.5,human,1,citizenship_wd
Q67196952,Stella Nanfuka,Stella Nanfuka,2,0,54.5,human,2,birth_death_wd|citizenship_wd
Q67196959,Lilian Ajio,Lilian Ajio,2,0,54.5,human,2,birth_death_wd|citizenship_wd
Q67197319,Muhayimina Namuwaya,Muhayimina Namuwaya,2,0,54.5,human,2,birth_death_wd|citizenship_wd
Q67197323,Joan Nampungu,Joan Nampungu,2,0,54.5,human,2,birth_death_wd|citizenship_wd
Q67197329,Jesca Achan,Jesca Achan,2,0,54.5,human,1,citizenship_wd
Q67197330,Betty Kizza,Betty Kizza,2,0,54.5,human,2,birth_death_wd|citizenship_wd
Q6724290,Mackay Memorial College,Mackay Memorial College,2,0,54.5,secondary school,1,country_wd
Q67312720,Ben Mary Muwanga,Ben Mary Muwanga,2,0,54.5,human,1,citizenship_wd
Q6739287,Makerere University School of Biomedical Sciences,Makerere University School of Biomedical Sciences,2,0,54.5,academic institution,1,country_wd
Q6739289,Makerere University College of Health Sciences,Makerere University College of Health Sciences,2,0,54.5,"medical school, constituent college",1,country_wd
Q67510645,The Arrow Boys Monument,Arrow Boys Monument,2,0,54.5,monument,1,country_wd
Q6753788,Mapeera House,Mapeera House,2,0,54.5,built structure,1,country_wd
Q6768406,Mark Kiyimba,Mark Kiyimba,2,0,54.5,human,1,citizenship_wd
Q6794350,Mawanda of Buganda,Mawanda of Buganda,2,0,54.5,human,2,birth_death_wd|keyword_title
Q6799592,Mbale Hospital,Mbale Hospital,2,0,54.5,hospital,1,country_wd
Q6799827,Mbuya,Mbuya,2,0,54.5,neighborhood,1,country_wd
Q6805813,media in Uganda,Mass media in Uganda,2,0,54.5,"aspect in a geographic region, media of country or region",2,country_wd|keyword_title
Q68101412,Kirpal Singh Bhardwaj,Kirpal Singh Bhardwaj,2,0,54.5,human,1,birth_death_wd
Q68144181,Beenie Gunter,Beenie Gunter,2,0,54.5,human,2,birth_death_wd|citizenship_wd
Q6828330,Michael B. Nsimbi,Michael B. Nsimbi,2,0,54.5,human,2,citizenship_wd|language_wd
Q6831792,Michael Kawalya Kagwa,Michael Kawalya-Kagwa,2,0,54.5,human,1,citizenship_wd
Q6832006,Michael Kyomya,Michael Kyomya,2,0,54.5,human,2,birth_death_wd|citizenship_wd
Q6866888,Ministry of Energy and Mineral Development,Ministry of Energy and Mineral Development (Uganda),2,0,54.5,ministry of Uganda,3,country_wd|keyword_title|part_of_wd
Q6913297,Moroto Hospital,Moroto Hospital,2,0,54.5,hospital,1,country_wd
Q6923419,St. Mary's College Namagunga,Mount Saint Mary's College Namagunga,2,0,54.5,"secondary school, boarding school, girls' school",1,country_wd
Q6924519,Mount Wati,Mount Wati,2,0,54.5,mountain,1,country_wd
Q6926260,Moustafa Ahmed Shebto,Moustafa Ahmed Shebto,2,0,54.5,human,1,citizenship_wd
Q6930904,Mubuku I Power Station,Mubuku I Hydroelectric Power Station,2,0,54.5,hydroelectric power station,1,country_wd
Q6933580,Mukotani Rugyendo,Mukotani Rugyendo,2,0,54.5,human,2,birth_death_wd|citizenship_wd
Q6933718,Mulago hospital murders,Mulago hospital murders,2,0,54.5,mass murder,1,country_wd
Q6934319,Mulondo of Buganda,Mulondo of Buganda,2,0,54.5,human,2,birth_death_wd|keyword_title
Q6943774,Mutebi I of Buganda,Mutebi I of Buganda,2,0,54.5,human,2,birth_death_wd|keyword_title
Q6944303,Muyanja Mbabaali,Muyanja Mbabaali,2,0,54.5,human,2,citizenship_wd|language_wd
Q6944462,Muzizi Power Station,Muzizi Hydroelectric Power Station,2,0,54.5,hydroelectric power station,1,country_wd
Q6944665,Mwanga I of Buganda,Mwanga I of Buganda,2,0,54.5,human,2,birth_death_wd|keyword_title
Q6944731,Mweya,Mweya,2,0,54.5,human settlement,1,country_wd
Q6953240,NC Bank Uganda,NCBA Bank Uganda,2,0,54.5,business,2,country_wd|keyword_title
Q6956521,Naakulabye,Naakulabye,2,0,54.5,neighborhood,1,country_wd
Q6959786,Java House,Java House,2,0,54.5,business,1,country_wd
Q6960633,Nakibinge of Buganda,Nakibinge of Buganda,2,0,54.5,human,2,birth_death_wd|keyword_title
Q6961291,Namanve,Namanve,2,0,54.5,human settlement,1,country_wd
Q6961319,Namasagali College,Namasagali College,2,0,54.5,boarding school,1,country_wd
Q6962111,Namuggala of Buganda,Namuggala of Buganda,2,0,54.5,human,2,birth_death_wd|keyword_title
Q6969249,Nathan Mugisha,Nathan Mugisha,2,0,54.5,human,2,birth_death_wd|citizenship_wd
Q69778305,Andrew Mukooza,Andrew Mukooza,2,0,54.5,human,1,birth_death_wd
Q6978490,National Social Security Fund,National Social Security Fund (Uganda),2,0,54.5,business,2,country_wd|keyword_title
Q6983713,Ndawula of Buganda,Ndawula of Buganda,2,0,54.5,human,2,birth_death_wd|keyword_title
Q6983720,Ndeeba,Ndeeba,2,0,54.5,neighborhood,1,country_wd
Q7022506,Ngoma,"Ngoma, Uganda",2,0,54.5,human settlement,2,country_wd|keyword_title
Q7042637,Nkozi Hospital,Nkozi Hospital,2,0,54.5,hospital,1,country_wd
Q7059091,Northern Ugandan Social Action Fund,Northern Ugandan Social Action Fund,2,0,54.5,,2,country_wd|keyword_title
Q7067611,Ntenjeru,Ntenjeru,2,0,54.5,"human settlement, sub-county of Uganda",1,country_wd
Q7067614,Ntenjeru County,Ntenjeru County,2,0,54.5,county of Uganda,1,country_wd
Q7070789,Nyagak II Power Station,Nyagak II Hydroelectric Power Station,2,0,54.5,hydroelectric power station,1,country_wd
Q70714506,Vincent Emmy Mugabo,Vincent Emmy Mugabo,2,0,54.5,human,2,birth_death_wd|citizenship_wd
Q70737484,Samallie Kiyingi,Samallie Kiyingi,2,0,54.5,human,2,birth_death_wd|citizenship_wd
Q7090795,African flute,Omukuli,2,0,54.5,type of musical instrument,1,country_wd
Q7090813,Omwony Ojwok,Omwony Ojwok,2,0,54.5,human,1,citizenship_wd
Q709648,Arthur Haggai Oder,,2,0,54.5,human,2,birth_death_wd|citizenship_wd
Q7146909,Patrick Kayemba,Patrick Kayemba,2,0,54.5,human,2,birth_death_wd|citizenship_wd
Q7147429,Patrick Ochan,Patrick Ochan (cricketer),2,0,54.5,human,1,birth_death_wd
Q7152719,Paul Ngologoza,Paul Ngologoza,2,0,54.5,human,1,citizenship_wd
Q7165737,People's Redemption Army,People's Redemption Army,2,0,54.5,,1,country_wd
Q7176147,Peter Nyombi,Peter Nyombi,2,0,54.5,human,2,birth_death_wd|citizenship_wd
Q7233921,Postage stamps and postal history of Uganda,Postage stamps and postal history of Uganda,2,0,54.5,postage stamps and postal history by jurisdiction,2,country_wd|keyword_title
Q72394455,Elly N. Sabiiti,Elly Sabiiti,2,0,54.5,human,1,citizenship_wd
Q7242787,Pride Bank,Pride Bank Limited,2,0,54.5,business,1,country_wd
Q7262176,Paranga,Putanga,2,0,54.5,human settlement,1,country_wd
Q7262473,"Putti, Uganda","Putti, Uganda",2,0,54.5,village,2,country_wd|keyword_title
Q7375768,Rubaga Community School,Rubaga Community School,2,0,54.5,,1,country_wd
Q7375770,Rubaga Hospital,Lubaga Hospital,2,0,54.5,hospital,1,country_wd
Q73763376,Vinand Nantulya,Vinand Nantulya,2,0,54.5,human,1,citizenship_wd
Q7378181,Rugby Football Union of East Africa,Rugby Football Union of East Africa,2,0,54.5,rugby union governing body,1,country_wd
Q7378662,Ruhinda of Ankole,Ruhinda,2,0,54.5,human,2,country_wd|keyword_title
Q7380808,Rushere,"Rushere, Uganda",2,0,54.5,human settlement,2,country_wd|keyword_title
Q7403915,Saleh Kamba,Saleh Kamba,2,0,54.5,human,1,citizenship_wd
Q7410815,Samuel Awich,Samuel Awich,2,0,54.5,human,1,citizenship_wd
Q74110435,Uganda at the 2019 World Aquatics Championships,Uganda at the 2019 World Aquatics Championships,2,0,54.5,nation at sport competition,2,country_wd|keyword_title
Q7411312,Samuel Egadu,Samuel Egadu,2,0,54.5,human,1,citizenship_wd
Q7417487,Sandy Stevens Tickodri-Togboa,Sandy Stevens Tickodri-Togboa,2,0,54.5,human,1,citizenship_wd
Q7447130,Sekamaanya of Buganda,Sekamaanya of Buganda,2,0,54.5,human,2,birth_death_wd|keyword_title
Q7448997,Semakookiro of Buganda,Semakookiro of Buganda,2,0,54.5,human,2,birth_death_wd|keyword_title
Q7460015,Shaban Bantariza,Shaban Bantariza,2,0,54.5,human,2,birth_death_wd|citizenship_wd
Q7497003,Shimoni Demonstration School,Shimoni Primary Teachers College,2,0,54.5,school,1,country_wd
Q7558703,Solomon Male,Solomon Male,2,0,54.5,human,2,birth_death_wd|citizenship_wd
Q7563659,Soroti Rock,Soroti Rock,2,0,54.5,"mountain, geographical feature",1,country_wd
Q7589504,St. Lawrence University,St. Lawrence University (Uganda),2,0,54.5,university,2,country_wd|keyword_title
Q7591350,St. Peter's College Tororo,St. Peter's College Tororo,2,0,54.5,boarding school,1,country_wd
Q7599828,Stanley Ntagali,Stanley Ntagali,2,0,54.5,human,2,birth_death_wd|citizenship_wd
Q7634782,Sugar Corporation of Uganda Limited,Sugar Corporation of Uganda Limited,2,0,54.5,business,2,country_wd|keyword_title
Q76453554,Sylvia Namutebi,Sylvia Namutebi,2,0,54.5,human,2,birth_death_wd|citizenship_wd
Q76611505,Zeddy Maruru,Zeddy Maruru,2,0,54.5,human,2,birth_death_wd|citizenship_wd
Q76854884,Dorrys Mutahunga,Dorrys Mutahunga,2,0,54.5,human,1,citizenship_wd
Q7686196,Tarique Ghaffur,Tarique Ghaffur,2,0,54.5,human,2,birth_death_wd|citizenship_wd
Q7692016,Tebandeke of Buganda,Tebandeke of Buganda,2,0,54.5,human,2,birth_death_wd|keyword_title
Q77026764,Michael Wawuyo,Michael Wawuyo,2,0,54.5,human,1,citizenship_wd
Q7722985,The Church of Jesus Christ of Latter-day Saints in Uganda,The Church of Jesus Christ of Latter-day Saints in Uganda,2,0,54.5,Mormonism of an area,2,country_wd|keyword_title
Q7731802,The Eliezah Foundation Initiative Uganda,Eliezah Foundation Initiative Uganda,2,0,54.5,organization,2,country_wd|keyword_title
Q77586230,Francis Takirwa,Francis Takirwa,2,0,54.5,human,2,birth_death_wd|citizenship_wd
Q7815151,Butime Tom,Tom Butime,2,0,54.5,human,2,birth_death_wd|citizenship_wd
Q7821706,Tonto (drink),Tonto (drink),2,0,54.5,alcoholic beverage,1,country_wd
Q7826694,Tororo Girls School,Tororo Girls School,2,0,54.5,boarding school,1,country_wd
Q7826695,Tororo Power Station,Tororo Thermal Power Station,2,0,54.5,oil-fired power station,1,country_wd
Q7826696,Tororo Inland Port,Tororo Inland Port,2,0,54.5,port,1,country_wd
Q78326454,Charles Okidi,Charles Okidi,2,0,54.5,human,2,birth_death_wd|citizenship_wd
Q7838817,Tress Bucyanayandi,Tress Bucyanayandi,2,0,54.5,human,2,birth_death_wd|citizenship_wd
Q7850457,Ttembo of Buganda,Ttembo of Buganda,2,0,54.5,human,2,birth_death_wd|keyword_title
Q7865288,UNIFAT,UNIFAT,2,0,54.5,,1,country_wd
Q78714702,Isaac Lumago,Isaac Lumago,2,0,54.5,human,2,birth_death_wd|citizenship_wd
Q7877584,Uganda Cancer Institute,Uganda Cancer Institute,2,0,54.5,"hospital, organization",2,country_wd|keyword_title
Q7877588,Uganda Clays Limited,Uganda Clays Limited,2,0,54.5,business,2,country_wd|keyword_title
Q7877591,Uganda Development Corporation,Uganda Development Corporation,2,0,54.5,government agency,2,country_wd|keyword_title
Q7877596,Uganda Freedom Fighters,Uganda Freedom Fighters,2,0,54.5,,2,country_wd|keyword_title
Q7877606,Uganda Legislative Council,Uganda Legislative Council,2,0,54.5,"organization, legislative house, legislative term",3,country_wd|keyword_title|part_of_wd
Q7877607,Uganda Local Governments Association,Uganda Local Governments Association,2,0,54.5,government agency,2,country_wd|keyword_title
Q7877612,Uganda Military Academy,Uganda Military Academy,2,0,54.5,military academy,2,country_wd|keyword_title
Q7877614,Uganda National Congress,Uganda National Congress,2,0,54.5,political party,2,country_wd|keyword_title
Q7877615,Uganda National Contemporary Ballet,Uganda National Contemporary Ballet,2,0,54.5,musical group,2,country_wd|keyword_title
Q7877622,Uganda People's Army,Uganda People's Army,2,0,54.5,,2,country_wd|keyword_title
Q7877625,Uganda Police Force,Uganda Police Force,2,0,54.5,"police, law enforcement agency",3,country_wd|keyword_title|part_of_wd
Q7877627,Uganda Revenue Authority,Uganda Revenue Authority,2,0,54.5,organization,2,country_wd|keyword_title
Q7877630,Uganda Salvation Front,Uganda Salvation Front,2,0,54.5,organization,2,country_wd|keyword_title
Q7877655,Uganda at the 2010 Commonwealth Games,Uganda at the 2010 Commonwealth Games,2,0,54.5,nation at sport competition,2,country_wd|keyword_title
Q7877673,1994 Ugandan Constituent Assembly election,1994 Ugandan Constituent Assembly election,2,0,54.5,Ugandan general election,3,country_wd|keyword_title|part_of_wd
Q7877692,1996 Ugandan parliamentary election,1996 Ugandan parliamentary election,2,0,54.5,Ugandan general election,3,country_wd|keyword_title|part_of_wd
Q7877693,2001 Ugandan parliamentary election,2001 Ugandan parliamentary election,2,0,54.5,Ugandan general election,3,country_wd|keyword_title|part_of_wd
Q7877697,Ugandan records in athletics,List of Ugandan records in athletics,2,0,54.5,Wikimedia list article,2,country_wd|keyword_title
Q7887367,United Airlines Limited,United Airlines Uganda,2,0,54.5,airline,2,country_wd|keyword_title
Q7889394,United States Ambassador to Uganda,List of ambassadors of the United States to Uganda,2,0,54.5,position,2,country_wd|keyword_title
Q7934814,Virika Hospital,Virika Hospital,2,0,54.5,hospital,1,country_wd
Q79388844,Ali Ngaimoko,Ali Ngaimoko,2,0,54.5,human,1,citizenship_wd
Q7961144,Waki Power Station,Waki Hydroelectric Power Station,2,0,54.5,hydroelectric power station,1,country_wd
Q7972789,Wasswa Serwanga,Wasswa Serwanga,2,0,54.5,human,2,birth_death_wd|citizenship_wd
Q8015909,William Mukama,William Mukama,2,0,54.5,human,1,citizenship_wd
Q80321415,Clive Okoth,Clive Okoth,2,0,54.5,human,2,birth_death_wd|citizenship_wd
Q80640735,Kenneth Kimuli,Kenneth Pablo Kimuli,2,0,54.5,human,2,birth_death_wd|citizenship_wd
Q80722626,1993 in Uganda,1993 in Uganda,2,0,54.5,events in a specific year or time period,2,country_wd|keyword_title
Q8072778,Ziroobwe,Ziroobwe,2,0,54.5,human settlement,1,country_wd
Q83166827,Emma Mutebi,Emma Mutebi,2,0,54.5,human,2,birth_death_wd|citizenship_wd
Q83784639,Geoffrey Tumusiime,Geoffrey Tumusiime,2,0,54.5,human,1,birth_death_wd
Q83960137,Naomi Karungi,Naomi Karungi,2,0,54.5,human,2,birth_death_wd|citizenship_wd
Q84598866,Theodore Ssekikubo,Theodore Ssekikubo,2,0,54.5,human,2,birth_death_wd|citizenship_wd
Q84755125,Kafuuzi Jackson Karugaba,Jackson Kafuuzi,2,0,54.5,human,2,birth_death_wd|citizenship_wd
Q84925001,James P. M. Ntozi,James P. M. Ntozi,2,0,54.5,human,3,birth_death_wd|citizenship_wd|keyword_title
Q84991115,Nakanyike B. Musisi,Nakanyike Musisi,2,0,54.5,human,1,citizenship_wd
Q85001860,Jeninah Karungi,Jeninah Karungi,2,0,54.5,human,1,citizenship_wd
Q85511499,Fresh Kid Uganda,Fresh Kid UG,2,0,54.5,human,3,birth_death_wd|citizenship_wd|keyword_title
Q85774756,Koch-Goma,Koch-Goma,2,0,54.5,human settlement,1,country_wd
Q85789162,Nile International Hospital,Nile International Hospital,2,0,54.5,hospital,1,country_wd
Q85801092,Siege of Masaka,Siege of Masaka,2,0,54.5,siege,1,country_wd
Q85802896,St. Joseph's College Layibi,St. Joseph's College Layibi,2,0,54.5,,1,country_wd
Q85814319,Wanyange Girls School,Wanyange Girls School,2,0,54.5,"school, girls' school",1,country_wd
Q85847877,Uganda Army,Uganda Army (1971–1980),2,0,54.5,army,2,country_wd|keyword_title
Q86073367,Lobule Refugee Settlement,Lobule Refugee Settlement,2,0,54.5,refugee camp,1,country_wd
Q86445289,Shafiq Arain,Shafiq Arain,2,0,54.5,human,1,citizenship_wd
Q86757130,Uganda Police Band,Uganda Police Band,2,0,54.5,,2,country_wd|keyword_title
Q87758418,Sheldon Mwesigwa,Sheldon Mwesigwa,2,0,54.5,human,2,birth_death_wd|citizenship_wd
Q88065614,Mouhammad Mpezamihigo,Mouhammad Mpezamihigo,2,0,54.5,human,2,birth_death_wd|citizenship_wd
Q88206629,2020 Uganda International Badminton Championships,,2,0,54.5,Uganda International Badminton Championships,1,country_wd
Q88693404,Eddie Wizzy,Eddie Wizzy,2,0,54.5,human,2,birth_death_wd|citizenship_wd
Q89017512,Misaeri Kauma,Misaeri Kauma,2,0,54.5,human,1,citizenship_wd
Q89876044,Mawanda Michael Maranga,Michael Mawanda,2,0,54.5,human,2,birth_death_wd|citizenship_wd
Q90020357,Asaba Ruyonga,Asaba Ruyonga,2,0,54.5,human,1,citizenship_wd
Q90924025,Milly Mugeni,Milly Mugeni,2,0,54.5,human,2,birth_death_wd|citizenship_wd
Q91031189,Lynnette Kyokunda,Lynnette Tumwine Kyokunda,2,0,54.5,human,1,citizenship_wd
Q91272577,Annet Kirabo,Annet Kirabo,2,0,54.5,human,1,citizenship_wd
Q92735294,Mull Katende,Mull Katende,2,0,54.5,human,1,citizenship_wd
Q94444841,Fred Mwesigye,Fred Mwesigye,2,0,54.5,human,1,citizenship_wd
Q94970375,Aloysius Bugingo,Aloysius Bugingo,2,0,54.5,human,3,birth_death_wd|citizenship_wd|language_wd
Q95113865,Elizabeth Ibanda–Nahamya,Elizabeth Ibanda-Nahamya,2,0,54.5,human,2,birth_death_wd|citizenship_wd
Q95451495,Mwine Mpaka Rwamirama,Mwine Mpaka Rwamirama,2,0,54.5,human,2,birth_death_wd|citizenship_wd
Q95976177,John Musinguzi Rujoki,John Musinguzi Rujoki,2,0,54.5,human,2,birth_death_wd|citizenship_wd
Q96100313,Eric Sakwa,Eric Sakwa,2,0,54.5,human,1,citizenship_wd
Q96107310,Caroline Asiimwe,Caroline Asiimwe,2,0,54.5,human,1,citizenship_wd
Q96286617,Adam Mugume,Adam Mugume,2,0,54.5,human,1,citizenship_wd
Q96347335,Robert Mwanga,Robert Mwanga,2,0,54.5,human,1,citizenship_wd
Q96359589,100.2 Fm Radio West,Radio West (Uganda),2,0,54.5,radio station,2,country_wd|keyword_title
Q96371787,"All Saints' Cathedral, Kampala","All Saints' Cathedral, Kampala",2,0,54.5,church building,2,country_wd|keyword_title
Q96373063,Bands of the Uganda People's Defence Force,Bands of the Uganda People's Defence Force,2,0,54.5,,2,country_wd|keyword_title
Q96376505,Doho Rice Scheme,Doho Rice Scheme,2,0,54.5,,1,country_wd
Q96377581,FUFA Women Elite League,FUFA Women Elite League,2,0,54.5,association football league,1,country_wd
Q96402220,Robert Mugabe Kakyebezi,Robert Mugabe Kakyebezi,2,0,54.5,human,1,citizenship_wd
Q96406388,"St Mark's Cathedral, Luweero","St Mark's Cathedral, Luweero",2,0,54.5,Anglican or Episcopal cathedral,1,country_wd
Q96412047,Uganda Film Festival Award for Best Actress in a Television Drama,Uganda Film Festival Award for Best Actress in a Television Drama,2,0,54.5,class of award,2,country_wd|keyword_title
Q96412105,Uganda Film Festival Award for Best Supporting Actor,Uganda Film Festival Award for Best Supporting Actor,2,0,54.5,"class of award, award for best supporting actor",2,country_wd|keyword_title
Q96412112,Uganda Film Festival Award for Best Supporting Actress,Uganda Film Festival Award for Best Supporting Actress,2,0,54.5,"class of award, award for best supporting actress",2,country_wd|keyword_title
Q96412128,Ugandan nationality law,Ugandan nationality law,2,0,54.5,nationality law,2,country_wd|keyword_title
Q96623204,Wilson Tumwine,Wilson Tumwine,2,0,54.5,human,2,birth_death_wd|citizenship_wd
Q96676330,Samson Kasumba,Samson Kasumba,2,0,54.5,human,1,birth_death_wd
Q96958851,Faridah Nambi,Faridah Nambi,2,0,54.5,human,2,birth_death_wd|citizenship_wd
Q97015199,Ali Fadhul,Ali Fadhul,2,0,54.5,human,1,citizenship_wd
Q97062217,Phionah Atuhebwe,Phionah Atuhebwe,2,0,54.5,human,2,birth_death_wd|citizenship_wd
Q97275451,MYDA FC,MYDA FC,2,0,54.5,association football club,1,country_wd
Q97452923,C.N. Kikonyogo Money Museum,C.N. Kikonyogo Money Museum,2,0,54.5,museum,1,country_wd
Q97457678,Nkulanga Enock,Nkulanga Enock,2,0,54.5,human,1,citizenship_wd
Q97574665,NTV Akawungeezi,NTV Akawungeezi,2,0,54.5,television program,1,country_wd
Q980489,Muhmed Ssegonga,,2,0,54.5,human,1,citizenship_wd
Q98081572,Lawrence Mulindwa,Lawrence Mulindwa,2,0,54.5,human,2,birth_death_wd|citizenship_wd
Q98098787,Alex Mukulu,Alex Mukulu,2,0,54.5,human,2,birth_death_wd|citizenship_wd
Q98114004,Uganda Argus,Uganda Argus,2,0,54.5,newspaper,2,country_wd|keyword_title
Q98608868,Sarah Langa Siu,Sarah Langa Siu,2,0,54.5,human,2,birth_death_wd|citizenship_wd
Q99002997,Joseph Kalias Ekemu,Joseph Ekemu,2,0,54.5,human,2,birth_death_wd|citizenship_wd
Q99197320,Gabriel K,Gabriel K,2,0,54.5,human,2,birth_death_wd|citizenship_wd
Q99421388,Esther Nabaasa,Esther Nabaasa,2,0,54.5,human,1,citizenship_wd
Q99517072,Mungula Refugee Settlement,Mungula refugee settlement,2,0,54.5,"human settlement, refugee camp",1,country_wd
Q100268084,"Embassy of Algeria, Kampala",,1,0,36.3,embassy,2,country_wd|part_of_wd
Q100919083,Eric Rwahwire,,1,0,36.3,human,1,citizenship_wd
Q100921447,Adam Seiko,,1,0,36.3,human,1,citizenship_wd
Q102035941,Kirizestom Ntambi,,1,0,36.3,human,2,birth_death_wd|citizenship_wd
Q104510834,Robert Hakiza,Robert Hakiza,1,0,36.3,human,1,citizenship_wd
Q104843746,Uganda Army,Uganda Army (1962–1971),1,0,36.3,army,2,country_wd|keyword_title
Q104848604,Mbale–Bulambuli–Siti Medium Voltage Power Line,Mbale–Bulambuli–Siti Medium Voltage Power Line,1,0,36.3,overhead power line,1,country_wd
Q104848631,Mbarara–Nkenda High Voltage Power Line,Mbarara–Nkenda High Voltage Power Line,1,0,36.3,overhead power line,1,country_wd
Q104848927,Kasese Municipal Health Centre III,Kasese Municipal Health Centre III,1,0,36.3,hospital,1,country_wd
Q104848986,Mirama–Kabale High Voltage Power Line,Mirama–Kabale High Voltage Power Line,1,0,36.3,overhead power line,1,country_wd
Q104849238,Mirama–Kikagati–Nsongezi High Voltage Power Line,Mirama–Kikagati–Nsongezi High Voltage Power Line,1,0,36.3,,1,country_wd
Q104851213,Geographic Centre of Uganda,Geographic centre of Uganda,1,0,36.3,aspect in a geographic region,2,country_wd|keyword_title
Q104855939,Kyaliwajjala–Kira–Kasangati–Matugga Road,Kyaliwajjala–Kira–Kasangati–Matugga Road,1,0,36.3,road,1,country_wd
Q104856267,Pearl Magic,Pearl Magic,1,0,36.3,,1,country_wd
Q104856578,Alere 2 Refugee settlement,Alere 2 Refugee settlement,1,0,36.3,refugee camp,1,country_wd
Q104856713,Baratuku refugee settlement,Baratuku refugee settlement,1,0,36.3,,1,country_wd
Q104859493,Oliji refugee settlement,Oliji refugee settlement,1,0,36.3,,1,country_wd
Q104859794,Ayilo 2 Refugee Settlement,Ayilo 2 refugee settlement,1,0,36.3,human settlement,1,country_wd
Q104860506,Maaji 2 refugee settlement,Maaji refugee settlements,1,0,36.3,,1,country_wd
Q104861109,Arua Hill Park,Arua Hill Park,1,0,36.3,"stadium, sports venue",1,country_wd
Q104861641,Kikuube,Kikuube,1,0,36.3,human settlement,1,country_wd
Q104867655,Child soldiers in Uganda,Child soldiers in Uganda,1,0,36.3,child soldier,2,country_wd|keyword_title
Q104872469,Uro Care Hospital,Uro Care Hospital,1,0,36.3,hospital,1,country_wd
Q104874525,Kabaddi Federation of Uganda,Kabaddi Federation of Uganda,1,0,36.3,,2,country_wd|keyword_title
Q104875951,Holy Family Hospital Nyapea,Holy Family Hospital Nyapea,1,0,36.3,hospital,1,country_wd
Q104876451,Pope John's Hospital Aber,Pope John's Hospital Aber,1,0,36.3,hospital,1,country_wd
Q104876664,Lwala Hospital Kaberamaido,Lwala Hospital Kaberamaido,1,0,36.3,hospital,1,country_wd
Q104878066,Uganda Martyrs' Hospital Ibanda,Uganda Martyrs' Hospital Ibanda,1,0,36.3,hospital,2,country_wd|keyword_title
Q104878305,St. Joseph’s Hospital Maracha,St. Joseph's Hospital Maracha,1,0,36.3,hospital,1,country_wd
Q104880338,Kashenyi–Mitooma Road,Kashenyi–Mitooma Road,1,0,36.3,road,1,country_wd
Q104903313,Pallisa General Hospital,Pallisa General Hospital,1,0,36.3,hospital,1,country_wd
Q104981015,embassy of Italy in Uganda,,1,0,36.3,embassy,2,country_wd|part_of_wd
Q105040979,2021 in Uganda,2021 in Uganda,1,0,36.3,events in a specific year or time period,2,country_wd|keyword_title
Q105199269,2026 Ugandan parliamentary election,,1,0,36.3,legislative election,2,country_wd|part_of_wd
Q105323438,Uganda Prisons Service,Uganda Prisons Service,1,0,36.3,"prison, organization, government agency",2,country_wd|keyword_title
Q105359169,Hannington Bugingo,Hannington Bugingo,1,0,36.3,human,1,birth_death_wd
Q105420405,Donald Rukare,Donald Rukare,1,0,36.3,human,2,birth_death_wd|citizenship_wd
Q10545898,Kitamba,,1,0,36.3,mythological king,1,country_wd
Q105563991,Serving His Children,Serving His Children,1,0,36.3,,1,country_wd
Q105605643,Ruharo Mission Hospital,Ruharo Mission Hospital,1,0,36.3,hospital,1,country_wd
Q105635671,embassy of Iceland in Uganda,,1,0,36.3,embassy,2,country_wd|part_of_wd
Q105676945,Futsal Association of Uganda,Futsal Association of Uganda,1,0,36.3,organization,2,country_wd|keyword_title
Q10589781,Mount Gessi,,1,0,36.3,mountain,1,country_wd
Q105906039,Kibuli Muslim Tower,Kibuli Muslim Tower,1,0,36.3,building,1,country_wd
Q105954229,embassy of Denmark in Uganda,,1,0,36.3,embassy,2,country_wd|part_of_wd
Q105973250,Bukedi District,Bukedi District,1,0,36.3,administrative territorial entity,1,country_wd
Q106032830,Faridah Nabaggala,,1,0,36.3,human,1,birth_death_wd
Q106040809,Banyole,Banyole,1,0,36.3,ethnic group,1,country_wd
Q106129833,Kasensero landing site,Kasensero landing site,1,0,36.3,administrative territorial entity,1,country_wd
Q106178728,Bubulo,Bubulo,1,0,36.3,administrative territorial entity,1,country_wd
Q106179462,Nabumali,Nabumali,1,0,36.3,administrative territorial entity,1,country_wd
Q106254017,Pearl Dairies Honey Factory,Pearl Dairies Honey Factory,1,0,36.3,company,1,country_wd
Q106462736,Prossy Mirembe,,1,0,36.3,human,2,birth_death_wd|citizenship_wd
Q106558183,Lynda Ddane,,1,0,36.3,human,2,citizenship_wd|language_wd
Q106617211,Paul Okello,,1,0,36.3,human,3,birth_death_wd|citizenship_wd|language_wd
Q106618226,Architect Tourism SMC,,1,0,36.3,"travel, company, hospitality industry",1,country_wd
Q106647360,Kubwa Five Safaris,,1,0,36.3,"website, tourism, vacation",1,country_wd
Q106648106,Joseph Aliganyira,,1,0,36.3,human,1,citizenship_wd
Q106770604,Kenyan-Ugandan border conflict,Kenyan–Ugandan border conflict,1,0,36.3,border conflict,2,country_wd|keyword_title
Q106781639,Constance Rwabiryagye,,1,0,36.3,human,1,citizenship_wd
Q106818868,ROKO Construction Company,ROKO Construction Company,1,0,36.3,company,1,country_wd
Q106900377,Mailo,Mailo,1,0,36.3,,2,country_wd|part_of_wd
Q106936332,Bulemba Museum,Bulemba Museum,1,0,36.3,museum,1,country_wd
Q106936364,Bunyoro Community Historical Museum Associates for Peace,,1,0,36.3,museum,1,country_wd
Q106936757,Uganda Revenue Authority Museum,,1,0,36.3,museum,1,country_wd
Q106936797,Igongo Cultural Centre,,1,0,36.3,"hotel, cultural center",1,country_wd
Q106946533,Squatting in Uganda,Squatting in Uganda,1,0,36.3,aspect in a geographic region,2,country_wd|keyword_title
Q106963665,So people,,1,0,36.3,ethnic minority group,1,country_wd
Q107175095,Morobi Refugee Settlement,Morobi Refugee Settlement,1,0,36.3,,1,country_wd
Q107210851,Dr. Obote College Boroboro,Dr. Obote College Boroboro,1,0,36.3,secondary school,1,country_wd
Q107282262,Reformed Theological College (Uganda),,1,0,36.3,university,1,country_wd
Q107324964,Uganda Volunteer Reserve,Uganda Volunteer Reserve,1,0,36.3,military unit,2,country_wd|keyword_title
Q107471388,Regina Awori,,1,0,36.3,human,1,citizenship_wd
Q107486281,Theresa Nakisuyi,,1,0,36.3,human,1,citizenship_wd
Q107570857,John Katumba,John Katumba,1,0,36.3,human,2,birth_death_wd|citizenship_wd
Q107587774,2000 in Uganda,2000 in Uganda,1,0,36.3,events in a specific year or time period,2,country_wd|keyword_title
Q107969863,Senatus of Uganda,Senatus of Uganda,1,0,36.3,lay movement,2,country_wd|keyword_title
Q108084383,Kamuli–Bukungu Road,Kamuli–Bukungu Road,1,0,36.3,road,1,country_wd
Q108456206,SEE TV UGANDA,SEE TV,1,0,36.3,television channel,2,country_wd|keyword_title
Q108542525,economic history of Uganda,Economic history of Uganda,1,0,36.3,,2,country_wd|keyword_title
Q108570002,Time in Uganda,Time in Uganda,1,0,36.3,,2,country_wd|keyword_title
Q108661174,Battle of Kabamba,Battle of Kabamba,1,0,36.3,battle,1,country_wd
Q108782171,Isingiro–Ntantamuki–Rakai Road,Isingiro–Ntantamuki–Rakai Road,1,0,36.3,road,1,country_wd
Q108822061,Blizz Uganda,Blizz Uganda,1,0,36.3,news website,2,country_wd|keyword_title
Q108857097,"High Commission of India, Kampala","High Commission of India, Kampala",1,0,36.3,,1,country_wd
Q108898250,Power Basketball Club,Power Basketball Club,1,0,36.3,"basketball team, basketball club",1,country_wd
Q108907364,Electricity Regulatory Authority House,Electricity Regulatory Authority House,1,0,36.3,,1,country_wd
Q109000452,Salam TV Uganda,Salam TV Uganda,1,0,36.3,television channel,2,country_wd|keyword_title
Q109066775,Isaac Mwesigwa,Isaac Mwesigwa,1,0,36.3,human,3,birth_death_wd|citizenship_wd|language_wd
Q109229862,Eastern Uganda campaign of 1979,Eastern Uganda campaign of 1979,1,0,36.3,military campaign,2,country_wd|keyword_title
Q109476534,Olive Birungi Lumonya,,1,0,36.3,human,1,citizenship_wd
Q110129517,Dott Services,Dott Services,1,0,36.3,company,1,country_wd
Q110223727,East African Medical Vitals,East African Medical Vitals,1,0,36.3,medical equipment manufacturer,1,country_wd
Q110301844,Uganda women's national under-20 football team,Uganda women's national under-20 football team,1,0,36.3,"national association football team, women's national association football team",2,country_wd|keyword_title
Q110397072,Moses Kawumi Kazibwe,Moses Kawumi Kazibwe,1,0,36.3,human,1,citizenship_wd
Q110445856,Alex Mubiru,Alex Mubiru,1,0,36.3,human,1,citizenship_wd
Q110588610,St Paul Biharwe High School,,1,0,36.3,school,1,country_wd
Q110763406,Gideon Nkojo,Gideon Nkojo,1,0,36.3,human,1,citizenship_wd
Q110765176,Mark Muyobo,Mark Muyobo,1,0,36.3,human,1,citizenship_wd
Q110952961,Hotel Triangle Mbarara,,1,0,36.3,hotel,1,country_wd
Q110975815,Hellen Obol,,1,0,36.3,human,1,citizenship_wd
Q111026480,Irene Kyamummi,,1,0,36.3,human,1,birth_death_wd
Q111083393,Aga Khan University,,1,0,36.3,university,1,country_wd
Q111083417,Limkokwing University of Creative Technology,,1,0,36.3,university,1,country_wd
Q111170060,Sarrai Group,Sarrai Group,1,0,36.3,company,1,country_wd
Q111344486,2022 in Uganda,2022 in Uganda,1,0,36.3,events in a specific year or time period,2,country_wd|keyword_title
Q111420850,Lematia Ruth Molly Ondoru,Lematia Ruth Molly Ondoru,1,0,36.3,human,2,birth_death_wd|citizenship_wd
Q111434014,Pinky (musician),,1,0,36.3,human,1,citizenship_wd
Q111488632,Owiny Akullu,Owiny Akullu,1,0,36.3,human,2,birth_death_wd|citizenship_wd
Q111534595,Karol Kasita,,1,0,36.3,human,2,citizenship_wd|language_wd
Q111855551,Lake Victoria Serena Golf Resort & Spa,,1,0,36.3,hotel,1,country_wd
Q111855574,Imperial Botanical Beach Hotel,,1,0,36.3,hotel,1,country_wd
Q111902048,Mt. Elgon Culture and History Museum,,1,0,36.3,museum,1,country_wd
Q111904369,Buddu Cultural Museum,,1,0,36.3,museum,1,country_wd
Q111904474,Bugungu Heritage and Cultural Information Centre,,1,0,36.3,museum,1,country_wd
Q111944213,Mutundwe–Entebbe High Voltage Power Line,Mutundwe–Entebbe High Voltage Power Line,1,0,36.3,overhead power line,2,country_wd|keyword_title
Q111944950,Uganda Internet Exchange Point,Uganda Internet Exchange Point,1,0,36.3,,2,country_wd|keyword_title
Q111967573,Great Lakes Museum,,1,0,36.3,museum,1,country_wd
Q111975821,Karambi Tombs of Tooro Kingdom,,1,0,36.3,heritage site,1,country_wd
Q112132023,Pro-Biodiversity Conservationist In Uganda,Pro-Biodiversity Conservationist In Uganda (PROBICOU),1,0,36.3,organization,1,country_wd
Q112420868,I. M. N. Kigongo-Bukenya,,1,0,36.3,human,2,citizenship_wd|language_wd
Q112623181,Centenary Group,Centenary Group,1,0,36.3,company,1,country_wd
Q112762481,NBS Sport,NBS Sport,1,0,36.3,television channel,1,country_wd
Q112811498,Raising Voices,Raising Voices,1,0,36.3,,1,country_wd
Q113003319,Paul Nkata,Paul Nkata,1,0,36.3,human,1,citizenship_wd
Q113016279,Silver Mugisha,Silver Mugisha,1,0,36.3,human,1,citizenship_wd
Q113039735,Hoima Specialized Referral Hospital,Hoima Specialized Referral Hospital,1,0,36.3,hospital,1,country_wd
Q113108739,Abdul-Samadu Musafiri,Abdul-Samadu Musafiri,1,0,36.3,human,1,citizenship_wd
Q113130236,Minister of Internal Affairs,,1,0,36.3,public office,2,country_wd|part_of_wd
Q11314449,Sebei,,1,0,36.3,region,1,country_wd
Q11334320,Bukedi,,1,0,36.3,,1,country_wd
Q113372302,Rushaga,,1,0,36.3,administrative territorial entity,1,country_wd
Q113374465,Nkuringo,,1,0,36.3,"administrative territorial entity, human settlement",1,country_wd
Q113374624,Buhoma Community Rest Camp,,1,0,36.3,"hotel, lodge",1,country_wd
Q113447593,Kenneth Mwambu,,1,0,36.3,human,1,citizenship_wd
Q113457191,Robert Freeman Mugabe,Robert Freeman Mugabe,1,0,36.3,human,1,citizenship_wd
Q113584119,Michael Taremwa Kananura,Michael Taremwa Kananura,1,0,36.3,human,1,citizenship_wd
Q113696376,Uganda at the 1983 World Championships in Athletics,Uganda at the 1983 World Championships in Athletics,1,0,36.3,nation at sport competition,2,country_wd|keyword_title
Q113696591,Golden Jubilee Medal of Uganda,Golden Jubilee Medal of Uganda,1,0,36.3,,2,country_wd|keyword_title
Q113696786,2022 NBL Uganda season,2022 NBL Uganda season,1,0,36.3,sports season,2,country_wd|keyword_title
Q113715131,2019 NBL Uganda season,2019 NBL Uganda season,1,0,36.3,sports season,2,country_wd|keyword_title
Q113993453,Lusalira–Nkonge–Lumegere–Sembabule Road,Lusalira–Nkonge–Lumegere–Sembabule Road,1,0,36.3,road,1,country_wd
Q114009144,Emmanuel Womala,,1,0,36.3,human,2,birth_death_wd|citizenship_wd
Q114024566,Nakawuka–Kasanje–Mpigi Road,Nakawuka–Kasanje–Mpigi Road,1,0,36.3,road,1,country_wd
Q114237002,"Statue of Mahtma Ghandi,  Jinja Eastern Uganda",,1,0,36.3,monument,1,country_wd
Q114243529,Kibubura Girls' Secondary School,,1,0,36.3,school building,1,country_wd
Q114243627,Constitutional Square,,1,0,36.3,"monument, land",1,country_wd
Q114261457,Mugaba Palace,,1,0,36.3,palace,1,country_wd
Q114451721,Karago,Karago,1,0,36.3,,1,country_wd
Q114695488,Duncan Mugabe,Duncan Mugabe,1,0,36.3,human,1,citizenship_wd
Q115196921,Bernard Rwehururu,Bernard Rwehururu,1,0,36.3,human,1,citizenship_wd
Q115480454,Vincent Magombe,,1,0,36.3,human,1,citizenship_wd
Q115569873,Anthony Kituuka,Anthony Kituuka,1,0,36.3,human,1,citizenship_wd
Q115571041,Acholi Queens FC,Acholi Queens FC,1,0,36.3,association football club,2,country_wd|keyword_title
Q115801037,Uganda Federal Alliance,Uganda Federal Alliance,1,0,36.3,political party,2,country_wd|keyword_title
Q115801251,Kulikulinga Town Council,Kulikulinga Town Council,1,0,36.3,,1,country_wd
Q115802568,Mount Napak,Mount Napak,1,0,36.3,,1,country_wd
Q115805502,Nuclear power in Uganda,Nuclear power in Uganda,1,0,36.3,aspect in a geographic region,2,country_wd|keyword_title
Q115805705,Rays Of Grace Academy,Rays of Grace Academy,1,0,36.3,sports academy,1,country_wd
Q115816659,2022 Uganda netball team tour of England,2022 England Uganda netball series,1,0,36.3,,2,country_wd|keyword_title
Q115826667,Western Uganda campaign of 1979,Western Uganda campaign of 1979,1,0,36.3,military campaign,2,country_wd|keyword_title
Q115866814,Bweyale Town,Bweyale Town,1,0,36.3,administrative territorial entity,1,country_wd
Q115933456,Amama Thornley,,1,0,36.3,human,1,birth_death_wd
Q115938880,Busoga Masaza Cup,Busoga Masaza Cup,1,0,36.3,"professional sports league, association football league",2,country_wd|keyword_title
Q115949285,Vitalis Bbege,,1,0,36.3,human,1,citizenship_wd
Q115957901,Kampala stampede,,1,0,36.3,stampede,1,country_wd
Q116029189,Ugandan cricket team in Kenya in 1955-56,Ugandan cricket team in Kenya in 1955–56,1,0,36.3,,2,country_wd|keyword_title
Q116029209,Ugandan cricket team in Kenya in 1952,Ugandan cricket team in Kenya in 1952,1,0,36.3,,2,country_wd|keyword_title
Q116244751,Juba - Yei - Morobo - Kaya Road,Juba - Yei - Morobo - Kaya Road,1,0,36.3,road,1,country_wd
Q116301523,Hope Keshubi,Hope Keshubi,1,0,36.3,human,2,birth_death_wd|citizenship_wd
Q116378798,Carol Nantongo,,1,0,36.3,human,2,citizenship_wd|language_wd
Q116482965,Clarke International University,,1,0,36.3,university,1,country_wd
Q116486082,King Ceasor University,,1,0,36.3,university,1,country_wd
Q116730444,Wiki Loves Monuments in Uganda,,1,0,36.3,recurring event,1,country_wd
Q116776953,No White Saviors,No White Saviors,1,0,36.3,media campaign,1,country_wd
Q116797321,Midigo,Midigo,1,0,36.3,administrative territorial entity,1,country_wd
Q116925810,Tracy Naluwooza,,1,0,36.3,human,1,citizenship_wd
Q116925811,Israel Wanagalya,,1,0,36.3,human,1,citizenship_wd
Q116980301,Uganda Netball Premier League,Netball Uganda National Women Super League,1,0,36.3,"sports league, recurring sporting event, netball league",2,country_wd|keyword_title
Q116980452,list of massacres in Uganda,List of massacres in Uganda,1,0,36.3,Wikimedia list article,2,country_wd|keyword_title
Q117021750,Florence Ebila,,1,0,36.3,human,1,citizenship_wd
Q117031950,Afro Mobile,,1,0,36.3,website,1,country_wd
Q117286607,Special Olympics Uganda,,1,0,36.3,association,1,country_wd
Q117314368,Paul Ssali,,1,0,36.3,human,1,citizenship_wd
Q117314371,Tom Lwanga,,1,0,36.3,human,1,citizenship_wd
Q117314372,Mike Kiganda,,1,0,36.3,human,1,citizenship_wd
Q117314375,Fred Isabirye,,1,0,36.3,human,1,citizenship_wd
Q117314376,Ahmed Abdullah Nasur,,1,0,36.3,human,1,citizenship_wd
Q117314377,Barnabas Mwesiga,,1,0,36.3,human,1,citizenship_wd
Q117377223,Walter Okas,Walter Okas,1,0,36.3,human,1,citizenship_wd
Q117405609,Imani Milele Choir,,1,0,36.3,"children's choir, dance troupe, Ugandans",1,country_wd
Q117445081,1st iKON Awards,1st iKON Awards,1,0,36.3,award ceremony,1,country_wd
Q117474177,Rebecca Margaret Nyegenye,Rebecca Margaret Nyegenye,1,0,36.3,human,1,citizenship_wd
Q117824943,Karim Watambala,,1,0,36.3,human,2,birth_death_wd|citizenship_wd
Q118121215,Bigodi Wetland Sanctuary,,1,0,36.3,nature reserve,1,country_wd
Q118130262,Alice Kibombo,,1,0,36.3,human,1,citizenship_wd
Q118210347,Mpunga Ward,,1,0,36.3,parish of Uganda,1,country_wd
Q118211981,Kasangombe,,1,0,36.3,human settlement,1,country_wd
Q118212181,Namusera,,1,0,36.3,human settlement,1,country_wd
Q118212934,Battle of Birembo,Battle of Birembo,1,0,36.3,battle,1,country_wd
Q118247623,Palestine–Uganda relations,,1,0,36.3,bilateral relation,1,country_wd
Q118342303,Kagombe Central Forest Reserve,Kagombe Central Forest Reserve,1,0,36.3,forest reserve,1,country_wd
Q118342361,Bujawe Central Forest Reserve,Bujawe Central Forest Reserve,1,0,36.3,"forest reserve, nature conservation",1,country_wd
Q118342538,Kasato Central Forest Reserve,Kasato Central Forest Reserve,1,0,36.3,forest reserve,1,country_wd
Q118347517,North Rwenzori Central Forest Reserve,North Rwenzori Central Forest Reserve,1,0,36.3,forest reserve,1,country_wd
Q118347595,Guramwa Central Forest Reserve,Guramwa Central Forest Reserve,1,0,36.3,protected area,1,country_wd
Q118383094,Ihimbo Central Forest Reserve,Ihimbo Central Forest Reserve,1,0,36.3,protected area,1,country_wd
Q118383331,Mesach Semakula,,1,0,36.3,human,2,birth_death_wd|citizenship_wd
Q118429351,Andrew Kyamagero,Andrew Kyamagero,1,0,36.3,human,1,citizenship_wd
Q118433974,Rwensambya Central Forest Reserve,Rwensambya Central Forest Reserve,1,0,36.3,forest,1,country_wd
Q118442030,Frank Walusimbi,Frank Walusimbi,1,0,36.3,human,2,birth_death_wd|citizenship_wd
Q118462201,Matiri Central Forest Reserve,Matiri Central Forest Reserve,1,0,36.3,forest reserve,1,country_wd
Q118465133,Rwensama Central Forest Reserve,Rwensama Central Forest Reserve,1,0,36.3,forest,1,country_wd
Q118492879,Rwengiri Central Forest Reserve,Rwengiri Central Forest Reserve,1,0,36.3,forest reserve,1,country_wd
Q118496164,Rwengeye Central Forest Reserve,Rwengeye Central Forest Reserve,1,0,36.3,forest reserve,1,country_wd
Q118496444,Rushaya Central Forest Reserve,Rushaya Central Forest Reserve,1,0,36.3,protected area,1,country_wd
Q118516379,Nyamakere Central Forest Reserve,Nyamakere Central Forest Reserve,1,0,36.3,forest reserve,1,country_wd
Q118533451,Ashraf Mugume,,1,0,36.3,human,1,citizenship_wd
Q118533537,George Kasonko,,1,0,36.3,human,3,birth_death_wd|citizenship_wd|language_wd
Q118556173,Nyakarongo Central Forest Reserve,Nyakarongo Central Forest Reserve,1,0,36.3,forest reserve,1,country_wd
Q118558287,Nyabyeya Central Forest Reserve,Nyabyeya Central Forest Reserve,1,0,36.3,forest reserve,1,country_wd
Q118583608,Kasyoha-Kitomi Central Forest Reserve,Kasyoha-Kitomi Central Forest Reserve,1,0,36.3,forest,1,country_wd
Q118611385,Mafuga Central Forest Reserve,Mafuga Central Forest Reserve,1,0,36.3,protected area,1,country_wd
Q118641125,Davis Niyoyita,,1,0,36.3,human,1,citizenship_wd
Q118679974,Ruzaire Central Forest Reserve,Ruzaire Central Forest Reserve,1,0,36.3,protected area,1,country_wd
Q118775165,Mubuku Central Forest Reserve,Mubuku Central Forest Reserve,1,0,36.3,forest,1,country_wd
Q118776002,Kitechura Central Forest reserve,Kitechura Central Forest Reserve,1,0,36.3,forest,1,country_wd
Q118778579,Kangombe Central Forest Reserve,Kangombe Central Forest Reserve,1,0,36.3,forest reserve,1,country_wd
Q118779722,Kasenyi Central Forest Reserve,Kasenyi Central Forest Reserve,1,0,36.3,forest reserve,1,country_wd
Q118779756,Namatale Central Forest Reserve,Namatale Central Forest Reserve,1,0,36.3,forest reserve,1,country_wd
Q118833112,Kapimpini Central Forest Reserve,Kapimpini Central Forest Reserve,1,0,36.3,protected area,1,country_wd
Q118869037,Lake Mahoma,,1,0,36.3,lake,1,country_wd
Q118869540,"Nnenda hill, Kagulu",,1,0,36.3,hill,1,country_wd
Q118869542,Budhumbula Royal Tombs and Mausoleum,,1,0,36.3,"cemetery, tomb",1,country_wd
Q118869685,Historic Muvule Tree,,1,0,36.3,remarkable tree,1,country_wd
Q118869732,Bumutoto Circumcision Site,,1,0,36.3,place,1,country_wd
Q118869743,Jinja catholic commonwealth cemetery,,1,0,36.3,cemetery,1,country_wd
Q118904213,Parish Development Model,Parish Development Model,1,0,36.3,,1,country_wd
Q118945362,Patience Nabukalu,Patience Nabukalu,1,0,36.3,human,1,citizenship_wd
Q118946885,Lillian Nalwoga,Lillian Nalwoga,1,0,36.3,human,2,birth_death_wd|citizenship_wd
Q118948244,Taala Central Forest Reserve,Taala Central Forest Reserve,1,0,36.3,protected area,1,country_wd
Q118948368,Kasagala Central Forest Reserve,Kasagala Central Forest Reserve,1,0,36.3,,1,country_wd
Q118948369,Kashoya-Kitomi Central Forest Reserve,Kashoya-Kitomi Central Forest Reserve,1,0,36.3,protected area,1,country_wd
Q118948427,Kikumiro Central Forest Reserve,Kikumiro Central Forest Reserve,1,0,36.3,protected area,1,country_wd
Q118948440,South Imaramagambo Central Forest Reserve,South Imaramagambo Central Forest Reserve,1,0,36.3,,1,country_wd
Q118952138,Kibiro salt gardens,,1,0,36.3,salt evaporation pond,1,country_wd
Q118952355,Nkokonjeru Tombs,,1,0,36.3,tomb,1,country_wd
Q118954874,Kapchorwa Central Forest Reserve,Kapchorwa Central Forest Reserve,1,0,36.3,forest reserve,1,country_wd
Q118955296,Sarah Kiden,Sarah Kiden,1,0,36.3,human,2,birth_death_wd|citizenship_wd
Q118971139,Gulu Central Forest Reserve,Gulu Central Forest Reserve,1,0,36.3,protected area,1,country_wd
Q118972399,Bukaleba Central Forest Reserve,Bukaleba Central Forest Reserve,1,0,36.3,protected area,1,country_wd
Q118976148,Gangu Central Forest Reserve,Gangu Central Forest Reserve,1,0,36.3,protected area,1,country_wd
Q118976280,Kitubulu Central Forest Reserve,Kitubulu Central Forest Reserve,1,0,36.3,protected area,1,country_wd
Q118976467,Bugonga Church,,1,0,36.3,church building,1,country_wd
Q118976474,Old airport Entebbe,,1,0,36.3,airport,1,country_wd
Q118976615,Lutoboka Central Forest Reserve,Lutoboka Central Forest Reserve,1,0,36.3,protected area,1,country_wd
Q118977205,Mt Kei Central Forest Reserve,Mount Kei Central Forest Reserve,1,0,36.3,protected area,1,country_wd
Q11899334,Uganda at the World Championships in Athletics,,1,0,36.3,nation at the World Athletics Championships,1,country_wd
Q119091381,Ibamba Central Forest Reserve,Ibamba Central Forest Reserve,1,0,36.3,protected area,1,country_wd
Q119140943,Muhangi Central Forest Reserve,Muhangi Central Forest Reserve,1,0,36.3,protected area,1,country_wd
Q119140983,Muhunga Central Forest Reserve,Muhunga Central Forest Reserve,1,0,36.3,protected area,1,country_wd
Q119141115,Musoma Central Forest Reserve,Musoma Central Forest Reserve,1,0,36.3,protected area,1,country_wd
Q119141970,Kebisoni Local Forest Reserve,Kebisoni Local Forest Reserve,1,0,36.3,protected area,1,country_wd
Q119142245,Bugungu Wildlife Reserve,Bugungu Wildlife Reserve,1,0,36.3,protected area,1,country_wd
Q119174972,Bugamba Central Forest Reserve,Bugamba Central Forest Reserve,1,0,36.3,forest reserve,1,country_wd
Q119292877,Katenta Local Forest Reserve,Katenta Local Forest Reserve,1,0,36.3,protected area,1,country_wd
Q119295750,East Madi Wildlife Reserve,East Madi Wildlife Reserve,1,0,36.3,protected area,1,country_wd
Q119346623,Nakindiba Central Forest Reserve,Nakindiba Central Forest Reserve,1,0,36.3,forest reserve,1,country_wd
Q119478171,Sempaya hot springs,,1,0,36.3,hot spring,1,country_wd
Q119478182,Amabere ga Nyina mwiru,,1,0,36.3,"cave, cultural heritage",1,country_wd
Q119478198,Banyabutumbi Tree in Kanungu,,1,0,36.3,remarkable tree,1,country_wd
Q119478212,Buhimba Heros Monument,,1,0,36.3,monument,1,country_wd
Q119478218,Galt Memorial,,1,0,36.3,memorial,1,country_wd
Q119478241,Kabusongora hill,,1,0,36.3,hill,1,country_wd
Q119478253,Kamurasi-Baker Monument,,1,0,36.3,monument,1,country_wd
Q119478271,Karegyeya Rock shelter,,1,0,36.3,rock shelter,1,country_wd
Q119478273,Katebwa mass grave,,1,0,36.3,mass grave,1,country_wd
Q119478278,Kibubura Church,,1,0,36.3,church building,1,country_wd
Q119478285,Kibubura Graves,,1,0,36.3,grave,1,country_wd
Q119478296,Magungo Fort,,1,0,36.3,fort,1,country_wd
Q119478303,Mpanga Market,,1,0,36.3,market,1,country_wd
Q119478314,Nuwa Mbaguta memorial,,1,0,36.3,memorial,1,country_wd
Q119478316,Omukama Palace,,1,0,36.3,palace,1,country_wd
Q119478317,Rwagimba Hot springs,,1,0,36.3,hot spring,1,country_wd
Q119478328,Tomb of Cwii Kabalega,,1,0,36.3,tomb,1,country_wd
Q119478338,Tooro Palace,,1,0,36.3,palace,1,country_wd
Q119480916,Nonve Central Forest Reserve,Nonve Central Forest Reserve,1,0,36.3,forest reserve,1,country_wd
Q119507589,Mugomba Central Forest Reserve,Mugomba Central Forest Reserve,1,0,36.3,forest reserve,1,country_wd
Q11963452,Charles Kikonyogo,,1,0,36.3,human,1,citizenship_wd
Q119752833,Nantawetwa Buganda Monument,,1,0,36.3,monument,1,country_wd
Q120137856,Uganda at the 2022 World Athletics Indoor Championships,,1,0,36.3,nation at sport competition,1,country_wd
Q120176305,Odek,Odek,1,0,36.3,administrative territorial entity,1,country_wd
Q120441764,Kiteezi landfill,Kiteezi Landfill,1,0,36.3,landfill,1,country_wd
Q120682650,"Afrexim Bank House, Kampala","Afrexim Bank House, Kampala",1,0,36.3,,2,country_wd|keyword_title
Q120702285,Jack Rollen,,1,0,36.3,human,3,birth_death_wd|citizenship_wd|language_wd
Q120703780,Presidential Guard Brigade,Presidential Guard Brigade (Uganda),1,0,36.3,military unit,2,country_wd|keyword_title
Q120737159,Kampala Sun,Kampala Sun,1,0,36.3,newspaper,2,country_wd|keyword_title
Q121143402,The Embassy of the Republic of South Sudan in Uganda,"Embassy of South Sudan, Kampala",1,0,36.3,embassy,2,country_wd|keyword_title
Q121310598,Uganda International Challenge,,1,0,36.3,recurring sporting event,1,country_wd
Q121404270,Kampala International Badminton Championships,,1,0,36.3,recurring sporting event,1,country_wd
Q121435656,Mackay Memorial Church,,1,0,36.3,church building,1,country_wd
Q121435658,Tefiro Kisosonkole church,,1,0,36.3,"church building, memorial",1,country_wd
Q121435659,"Kigungu, Monument and Church",,1,0,36.3,"church building, monument",1,country_wd
Q121435660,"St Johns Church, Entebbe",,1,0,36.3,church building,1,country_wd
Q121435661,Uganda Martyrs Church Namugongo,,1,0,36.3,church building,1,country_wd
Q121435662,"Villa Maria Catholic Church, Masaka",,1,0,36.3,church building,1,country_wd
Q121435684,"Emmanuel Cathedral, Mvara",,1,0,36.3,Anglican or Episcopal cathedral,1,country_wd
Q121464007,High Court building Nakasero,,1,0,36.3,building,1,country_wd
Q121464008,Parliamentary building (Uganda),,1,0,36.3,building,1,country_wd
Q121464010,Doset building,,1,0,36.3,building,1,country_wd
Q121464011,Ruparellia Building,,1,0,36.3,building,1,country_wd
Q121464012,LEGICO Assembly Building,,1,0,36.3,building,1,country_wd
Q121464046,Kololo hero monument,,1,0,36.3,monument,1,country_wd
Q121464047,Equator Monument,,1,0,36.3,monument,1,country_wd
Q121464049,Speke Monument,,1,0,36.3,monument,1,country_wd
Q121464062,Equator Monument,,1,0,36.3,monument,1,country_wd
Q121464135,Kasubi Masgid Tawahud Mosque,,1,0,36.3,mosque,1,country_wd
Q121464667,Igenge palace,Igenge Palace,1,0,36.3,palace,1,country_wd
Q121464670,Kyabazingas palace at Wanyange,,1,0,36.3,palace,1,country_wd
Q121464671,Wako Zibondos Mahomo ancestral palace.,,1,0,36.3,palace,1,country_wd
Q121494554,Basiima Bakyagaya House,,1,0,36.3,building,1,country_wd
Q121494555,Kisingiri's House,,1,0,36.3,"building, monument",1,country_wd
Q121494556,Sir Albert Cook's House,,1,0,36.3,building,1,country_wd
Q121494558,Mapeera Bakateyamba House Nalukolongo,,1,0,36.3,"building, monument",1,country_wd
Q121494559,Old Railway House (Uganda),,1,0,36.3,"building, monument",1,country_wd
Q121494560,Corner House,,1,0,36.3,building,1,country_wd
Q121494714,Imarai caves,,1,0,36.3,cave,1,country_wd
Q121494715,Mise Cave,,1,0,36.3,cave,1,country_wd
Q121494716,Munarya Caves,,1,0,36.3,cave,1,country_wd
Q121494718,Guru Gulu caves,,1,0,36.3,cave,1,country_wd
Q121494741,Source of the Nile,,1,0,36.3,monument,1,country_wd
Q121494746,Nyero Rock Paintings,,1,0,36.3,rock painting,1,country_wd
Q121494747,Obwini Rock Paintings,,1,0,36.3,rock painting,1,country_wd
Q121494748,Kapir Rock paintings,,1,0,36.3,rock painting,1,country_wd
Q121494750,Kakoro rock paintings,,1,0,36.3,rock painting,1,country_wd
Q121501035,Kololo Ceremonial Grounds,,1,0,36.3,airstrip,1,country_wd
Q121501036,St. Matia Mulumba,,1,0,36.3,"church building, monument",1,country_wd
Q121501037,Naguru communications mast,,1,0,36.3,transmitter mast,1,country_wd
Q121501038,Tulifanya Gallery,,1,0,36.3,art gallery,1,country_wd
Q121501040,Government Analytical Laboratory,,1,0,36.3,laboratory,1,country_wd
Q121501041,St Peter's Boys Nsambya,,1,0,36.3,monument,1,country_wd
Q121501042,"Kageri Hill, Wabinyoyi",,1,0,36.3,hill,1,country_wd
Q121501043,Macumu hill in Kikangula,,1,0,36.3,hill,1,country_wd
Q121501044,"Omuti gwe Ddembe, Entebbe",,1,0,36.3,remarkable tree,1,country_wd
Q121501046,Kalemas Komera Katereke,,1,0,36.3,prison,1,country_wd
Q121501047,Bishop Hannington resting place,,1,0,36.3,rock,1,country_wd
Q121501049,Bujjagali ancestral site,,1,0,36.3,cave,1,country_wd
Q121501050,Jinja African Commonwealth war Cemetery,,1,0,36.3,cemetery,1,country_wd
Q121501051,St Gonzaga Gonza shrine .,,1,0,36.3,shrine,1,country_wd
Q121501052,Kafamba Rock,,1,0,36.3,rock,1,country_wd
Q121501053,Olum Foot Prints Site,,1,0,36.3,archaeological site,1,country_wd
Q121501187,Kigulu Hills,,1,0,36.3,hill,1,country_wd
Q121501190,Spire memorial/Mpumudde hill,,1,0,36.3,hill,1,country_wd
Q121501191,Mwiri Hill,,1,0,36.3,hill,1,country_wd
Q121538537,Aruu falls scenic hills,,1,0,36.3,cultural property,1,country_wd
Q121538562,Amuru Hot Springs,,1,0,36.3,hot spring,1,country_wd
Q121538610,Kiweewa's Tombs,,1,0,36.3,"tomb, monument",1,country_wd
Q121541333,Kakungulus Tombs,,1,0,36.3,tomb,1,country_wd
Q121541334,Jinja Pier,,1,0,36.3,pier,1,country_wd
Q121541335,Kyafola Hot Springs,,1,0,36.3,hot spring,1,country_wd
Q121541336,Lokodi Memorial Massacre Site,,1,0,36.3,memorial,1,country_wd
Q121541339,Namasagali Landing Site,,1,0,36.3,fishing village,1,country_wd
Q121541340,Muhana Footprint - Mulanda Tororo,,1,0,36.3,cultural property,1,country_wd
Q121541341,"Aksum, Iriri fossil site",,1,0,36.3,paleontological site,1,country_wd
Q121541344,Kicwamba Mass Grave,,1,0,36.3,grave,1,country_wd
Q121541345,Gombe Memorial Cemetery,,1,0,36.3,"mass grave, memorial cemetery",1,country_wd
Q121541347,Kitale Rock Gong,,1,0,36.3,cultural property,1,country_wd
Q122143005,Independence Tablet,,1,0,36.3,cultural property,1,country_wd
Q122143012,St. Balikudembe market,,1,0,36.3,market,1,country_wd
Q122143016,Musa Body Metal Works,,1,0,36.3,cultural property,1,country_wd
Q122143019,Kampala Club,,1,0,36.3,cultural property,1,country_wd
Q122143020,Clock Tower,,1,0,36.3,"cultural property, monument",1,country_wd
Q122143024,Port Bell Pier,,1,0,36.3,pier,1,country_wd
Q122143036,Koja Polish Refugee camp,,1,0,36.3,refugee camp,1,country_wd
Q122143042,Wakyato War Memorial,,1,0,36.3,"mass grave, monument",1,country_wd
Q122143043,Kikamulo War Memorial,,1,0,36.3,"mass grave, monument",1,country_wd
Q122143044,Nakaseke War Memorial,,1,0,36.3,"mass grave, monument",1,country_wd
Q122143046,Semuto War Memorial,,1,0,36.3,"mass grave, monument",1,country_wd
Q122143052,Lunyo Well,,1,0,36.3,cultural property,1,country_wd
Q122143069,Jinja Rocks,,1,0,36.3,cultural property,1,country_wd
Q122143087,Dolwe Island,,1,0,36.3,cultural property,1,country_wd
Q122143094,Tororo Mines,,1,0,36.3,cultural property,1,country_wd
Q122143146,"Rukarango tilting rock, rock shelter and Gong",,1,0,36.3,cultural property,1,country_wd
Q122143267,Butuntumula War Memorial,,1,0,36.3,monument,1,country_wd
Q122143280,Rwanda Genocide Memorial,,1,0,36.3,memorial,1,country_wd
Q122143306,Sir Apollo Kagwa,,1,0,36.3,cultural property,1,country_wd
Q122143307,Entebbe za Mugula,,1,0,36.3,cultural property,1,country_wd
Q122143315,Mukura Memorial,Mukura Memorial,1,0,36.3,memorial,1,country_wd
Q122143334,Aboke Girls Memorial School,Aboke Girls Memorial,1,0,36.3,memorial,1,country_wd
Q122143391,Polish refuge camp,,1,0,36.3,cultural property,1,country_wd
Q122144614,Wiki Loves Monuments 2023 in Uganda,,1,0,36.3,recurring event edition,1,country_wd
Q122202529,Itambira Island,,1,0,36.3,island,1,country_wd
Q122202599,Akampene Island,,1,0,36.3,island,1,country_wd
Q122202786,Bushara Island,,1,0,36.3,island,1,country_wd
Q122365737,Precious Kaijuka,,1,0,36.3,human,2,birth_death_wd|citizenship_wd
Q122699222,Uganda Reinsurance Company,Uganda Reinsurance Company,1,0,36.3,,2,country_wd|keyword_title
Q1227776,Dirk Beuchler,,1,0,36.3,human,1,birth_death_wd
Q122782439,Heritage Hot Springs,,1,0,36.3,geographical feature,1,country_wd
Q122817316,Judith Nangonzi,,1,0,36.3,human,1,citizenship_wd
Q122899529,Environmental issues in Uganda,,1,0,36.3,aspect in a geographic region,1,country_wd
Q122920245,Uganda Catholic Television,Uganda Catholic Television,1,0,36.3,broadcast network,2,country_wd|keyword_title
Q122933018,Amansi and Mapeera monument,Fr. Mapeera and Brother Amansi monument in Uganda,1,0,36.3,monument,2,country_wd|keyword_title
Q122936977,Kigungu landing site,,1,0,36.3,human settlement,1,country_wd
Q122942801,Nyamwamba River,,1,0,36.3,river,1,country_wd
Q123003246,Hakim Magumba,,1,0,36.3,human,1,birth_death_wd
Q123028382,Paul Willa,,1,0,36.3,human,2,birth_death_wd|citizenship_wd
Q123050469,Luggo Cultural Forest,Luggo Cultural Forest,1,0,36.3,heritage site,1,country_wd
Q123055167,Virika Cathedral of Our Lady of Snows,,1,0,36.3,Catholic cathedral,1,country_wd
Q123055172,Former Cathedral of St. Peter,,1,0,36.3,Catholic cathedral,1,country_wd
Q123055174,Immaculate Heart of Mary Cathedral,,1,0,36.3,Catholic cathedral,1,country_wd
Q123055176,Immaculate Conception Cathedral,,1,0,36.3,Catholic cathedral,1,country_wd
Q123055181,Regina Mundi Cathedral,,1,0,36.3,Catholic cathedral,1,country_wd
Q123055183,Our Lady of Perpetual Help Cathedral,,1,0,36.3,Catholic cathedral,1,country_wd
Q123055190,Cathedral of the Uganda Martyrs,,1,0,36.3,Catholic cathedral,1,country_wd
Q123055201,Cathedral of the Holy Martyrs of Uganda,,1,0,36.3,Catholic cathedral,1,country_wd
Q123055202,Good Shepherd Cathedral,,1,0,36.3,Catholic cathedral,1,country_wd
Q123055208,Our Lady Mary of Assumption Cathedral,,1,0,36.3,Catholic cathedral,1,country_wd
Q123055209,Our Lady Queen of Peace Cathedral,,1,0,36.3,Catholic cathedral,1,country_wd
Q123190892,The White Fathers Mission in Uganda,The White Fathers Mission in Uganda,1,0,36.3,,2,country_wd|keyword_title
Q123191860,Lanie Banks,Lanie Banks,1,0,36.3,human,2,birth_death_wd|citizenship_wd
Q12327508,Mohammad Kawoya,,1,0,36.3,human,2,citizenship_wd|language_wd
Q123280214,The Uganda World War Cemeteries,Uganda World War Cemeteries,1,0,36.3,,2,country_wd|keyword_title
Q123311280,Lot Fire Records,,1,0,36.3,"record label, planned event",1,country_wd
Q123318935,Constituent Assembly of Uganda,,1,0,36.3,"constituent assembly, legislative term",1,country_wd
Q123418244,Kangai-Kabalega monument,The Kangai-Kabalega monument,1,0,36.3,monument,1,country_wd
Q123469201,Charles Barugahare,,1,0,36.3,human,1,birth_death_wd
Q123473096,Rhino Camp Extension Refugee settlement,Rhino Camp Extension Refugee settlement,1,0,36.3,"village, human settlement",2,country_wd|part_of_wd
Q123496224,Ayilo 1 Refugee Settlement,Ayilo 1 Refugee settlement,1,0,36.3,human settlement,1,country_wd
Q123532385,Record TV Uganda,RecordTV Uganda,1,0,36.3,mass media,2,country_wd|keyword_title
Q123747445,Men's rugby sevens at the 2022 Commonwealth Games - Uganda vs Sri Lanka,,1,0,36.3,,1,country_wd
Q124000128,St. Daniel Comboni Hospital Kyamuhunga,,1,0,36.3,hospital,1,country_wd
Q124005374,Uganda Ministry of Education Complex,Uganda Ministry of Education Complex,1,0,36.3,building,2,country_wd|keyword_title
Q124022698,BBS Terefayina,BBS Terefayina,1,0,36.3,television channel,2,country_wd|keyword_title
Q124047869,2024 in Uganda,2024 in Uganda,1,0,36.3,events in a specific year or time period,2,country_wd|keyword_title
Q124053979,Ituka Solar Power Station,Ituka Solar Power Station,1,0,36.3,solar power plant,1,country_wd
Q124069379,Coopy Bly,,1,0,36.3,human,1,citizenship_wd
Q124314015,Gaddafi FC,Entebbe UPPC,1,0,36.3,association football club,2,country_wd|keyword_title
Q124326359,Ugandan traditions,Ugandan traditions,1,0,36.3,culture,1,country_wd
Q124334917,Joseph Mutaka,Joseph Mutaka,1,0,36.3,human,1,citizenship_wd
Q124340460,Arinaitwe Rugyendo,Arinaitwe Rugyendo,1,0,36.3,human,1,citizenship_wd
Q124347950,Rogers Mugisha,,1,0,36.3,human,1,citizenship_wd
Q124392724,field hockey in Uganda,,1,0,36.3,sport in a geographic region,1,country_wd
Q124397549,BBS Terefayina,BBS Terefayina (Uganda),1,0,36.3,television channel,1,country_wd
Q124398687,Ethur (Tribe),Ethur,1,0,36.3,tribe,1,country_wd
Q124398792,So (Tepeth),So (Tepeth),1,0,36.3,tribe,1,country_wd
Q124412288,Vonoma Tribe,Vonoma,1,0,36.3,tribe,1,country_wd
Q124415561,Shana People,Shana people,1,0,36.3,tribe,1,country_wd
Q124416932,Bakenyi tribe,Bakenyi,1,0,36.3,tribe,1,country_wd
Q124528506,2023 NBL Uganda season,2023 NBL Uganda season,1,0,36.3,sports season,2,country_wd|keyword_title
Q124618783,Kogere Foundation Museum,,1,0,36.3,museum,1,country_wd
Q124634104,Ndere Centre,,1,0,36.3,cultural center,1,country_wd
Q124639330,Ugandan Callabash,Ugandan Callabash,1,0,36.3,,2,country_wd|keyword_title
Q124658847,2009 in Uganda,,1,0,36.3,,1,country_wd
Q124659378,2011 in Uganda,,1,0,36.3,,1,country_wd
Q124669868,Kkobe Clan,,1,0,36.3,clan,1,country_wd
Q124815085,George Masika,George Masika,1,0,36.3,human,1,citizenship_wd
Q124827870,Christopher Sharp,,1,0,36.3,human,1,birth_death_wd
Q125243364,Nyungu Yamawe Forest Park,Nyungu Yamawe Forest Park,1,0,36.3,,1,country_wd
Q125363535,Uganda National Volleyball League,,1,0,36.3,"national championship, volleyball league",1,country_wd
Q125398633,Yakan movement,Yakan movement,1,0,36.3,religious movement,1,country_wd
Q125536002,Uganda DanceSport Federation,Uganda DanceSport Federation,1,0,36.3,sports governing body,2,country_wd|keyword_title
Q125559663,2021 African Badminton Championships – Mixed teams,,1,0,36.3,badminton event,1,country_wd
Q125700861,Gimara,Gimara,1,0,36.3,,1,country_wd
Q125703931,sports in Uganda,,1,0,36.3,sport in a geographic region,1,country_wd
Q125748295,Nsambya Roman Catholic Cemetery,,1,0,36.3,Catholic cemetery,1,country_wd
Q125762923,Cemetery of Saint Mary's Cathedral Rubaga,,1,0,36.3,Catholic cemetery,1,country_wd
Q125762991,Cemetery of Namirembe St. Paul's Cathedral,,1,0,36.3,Anglican cemetery,1,country_wd
Q125770604,Jinja Road Cemetery,,1,0,36.3,cemetery,1,country_wd
Q125855404,Cemetery of the Polish refugees in Koja,,1,0,36.3,cemetery,1,country_wd
Q125867377,Entebbe European Cemetery,,1,0,36.3,cemetery,1,country_wd
Q125983444,Hassan Saku,Hassan Saku,1,0,36.3,human,2,birth_death_wd|citizenship_wd
Q125984827,Habitat for Humanity Uganda,Habitat for Humanity Uganda,1,0,36.3,non-governmental organization,2,country_wd|keyword_title
Q126003287,Kampala (Nakawa Road) Cemetery,,1,0,36.3,Commonwealth War Graves Commission maintained cemetery,1,country_wd
Q126009451,Kakira–Kisumu Expressway,Kakira–Kisumu Expressway,1,0,36.3,road,1,country_wd
Q126087551,COBAP Boxing Club,COBAP Boxing Club,1,0,36.3,"business, boxing club",1,country_wd
Q126088095,Zebra Boxing Club,Zebra Boxing Club,1,0,36.3,"business, boxing club",1,country_wd
Q126192107,Thomas Kawere,Tom Kawere,1,0,36.3,human,1,citizenship_wd
Q12630335,EAU,,1,0,36.3,international vehicle registration code,1,country_wd
Q126389740,2008 in Uganda,,1,0,36.3,,1,country_wd
Q126391720,Godfrey Nyakana,Godfrey Nyakana,1,0,36.3,human,1,citizenship_wd
Q126488655,Busitema Forest,Busitema Forest,1,0,36.3,forest reserve,1,country_wd
Q126595004,Namyoya Forest Reserve,Namyoya Forest Reserve,1,0,36.3,protected area,1,country_wd
Q126639659,Zirimiti Forest Reserve,Zirimiti Forest Reserve,1,0,36.3,forest reserve,1,country_wd
Q126678603,Mary Tarcisia Lakot,Mary Tarcisia Lakot,1,0,36.3,human,1,citizenship_wd
Q126690226,Kato Edrine,,1,0,36.3,human,2,birth_death_wd|citizenship_wd
Q126720874,Life Concern Uganda,Life Concern Uganda,1,0,36.3,nonprofit organization,2,country_wd|keyword_title
Q126720978,Voluntary Action For Development Uganda,Voluntary Action for Development,1,0,36.3,nonprofit organization,1,country_wd
Q126721041,Jamii Ya Kupatanisha,Jamii ya Kupatanisha,1,0,36.3,nonprofit organization,1,country_wd
Q126901615,Rwenzori Peace Bridge of Reconciliation,Rwenzori Peace Bridge for Reconciliation,1,0,36.3,nonprofit organization,1,country_wd
Q126902748,world Vision Uganda,World Vision Uganda,1,0,36.3,organization,2,country_wd|keyword_title
Q126959929,Lake Nakivale,Lake Nakivale,1,0,36.3,lake,1,country_wd
Q127433169,Lake Bunyampaka,,1,0,36.3,lake,1,country_wd
Q127433315,Lake Kamweru,,1,0,36.3,volcanic crater lake,1,country_wd
Q127433494,Leaf Tobacco & Commodities,Leaf Tobacco & Commodities (U),1,0,36.3,company,1,country_wd
Q127502220,Lake Saaka,,1,0,36.3,lake,1,country_wd
Q127502580,Nyakasura Falls,,1,0,36.3,waterfall,1,country_wd
Q128305238,Uganda at the Military World Games,,1,0,36.3,nation at sport competition,1,country_wd
Q128579742,2024 NBL Uganda season,2024 NBL Uganda season,1,0,36.3,sports season,2,country_wd|keyword_title
Q128799278,Busoga Health Forum,Busoga Health Forum,1,0,36.3,nonprofit organization,2,country_wd|keyword_title
Q128906594,Uganda Secondary Schools Sports Associations,Uganda Secondary Schools Sports Association,1,0,36.3,sports governing body,3,country_wd|keyword_title|part_of_wd
Q128914266,Justus Mugisha,Justus Mugisha,1,0,36.3,human,3,birth_death_wd|citizenship_wd|language_wd
Q129167201,UPDF FC,,1,0,36.3,association football club,1,country_wd
Q129177731,Joachim Buwembo,Joachim Buwembo,1,0,36.3,human,1,citizenship_wd
Q129199363,Livingstone Mulondo,Livingstone Mulondo,1,0,36.3,human,1,citizenship_wd
Q129262092,Kidepo International Airport,Kidepo International Airport,1,0,36.3,international airport,1,country_wd
Q129262872,Richard Matovu,Richard Matovu,1,0,36.3,human,1,citizenship_wd
Q129333608,"St.Mary's secondary school, Kitende",,1,0,36.3,"secondary school, boarding school",1,country_wd
Q129945408,Bethani High School Naalya,Bethani High School Naalya,1,0,36.3,secondary school,1,country_wd
Q130223714,Phaneroo Ministries International,Phaneroo Ministries International,1,0,36.3,religious organization,2,country_wd|language_wd
Q130251575,Federation of Uganda Basketball Associations,,1,0,36.3,basketball association,1,country_wd
Q130251665,Geoffrey Kateregga,,1,0,36.3,human,2,birth_death_wd|citizenship_wd
Q130271194,Nsambya Hospital Cancer Center,Nsambya Hospital Cancer Center,1,0,36.3,,1,country_wd
Q130272037,Buganda Masaza Cup,,1,0,36.3,"professional sports league, association football league",1,country_wd
Q130279605,Uganda Ministry of Defence Headquarters,Uganda Ministry of Defence Headquarters,1,0,36.3,,2,country_wd|keyword_title
Q130285064,FUFA Juniors League,FUFA Juniors League,1,0,36.3,"professional sports league, association football league",1,country_wd
Q130285186,University Football League (Uganda),,1,0,36.3,association football league,1,country_wd
Q130313992,Samson Kasozi,Samson Kasozi,1,0,36.3,human,1,citizenship_wd
Q130324398,Jjumba Lubowa Aligaweesa,Jjumba Lubowa Aligaweesa,1,0,36.3,human,2,birth_death_wd|citizenship_wd
Q130338471,Eric Odwar,Eric Odwar,1,0,36.3,human,1,citizenship_wd
Q130362926,Tonga-Uganda relations,,1,0,36.3,foreign relations,1,country_wd
Q130442005,Battle of Kembogo,Battle of Kembogo,1,0,36.3,battle,1,country_wd
Q130525012,Uganda men's national 3x3 team,,1,0,36.3,national basketball team,1,country_wd
Q130569698,Tusuubira Ibrahim,Jajja Ichuli,1,0,36.3,human,1,citizenship_wd
Q130640738,Ruth Wanyana,,1,0,36.3,human,1,citizenship_wd
Q130669244,Abu Kawenja,,1,0,36.3,human,1,citizenship_wd
Q130724495,Rapha Primary School,,1,0,36.3,primary school,1,country_wd
Q130729519,Moses Basena,Basena Moses,1,0,36.3,human,2,birth_death_wd|citizenship_wd
Q130733459,Joseph Harold Mutyaba,Joseph Mutyaba,1,0,36.3,human,2,birth_death_wd|citizenship_wd
Q130756059,Calvary FC,,1,0,36.3,association football club,1,country_wd
Q131054938,Moses Okabo Aliro,,1,0,36.3,human,2,birth_death_wd|citizenship_wd
Q131101675,Wakiso Hills Women Football Club,Wakiso Hills Women Football Club,1,0,36.3,association football club,1,country_wd
Q131176537,Robinah Nansubuga,Robinah Nansubuga,1,0,36.3,human,1,birth_death_wd
Q131191681,Masaka Sports Stadium,Masaka Sports Stadium,1,0,36.3,"stadium, sports venue, association football venue",1,country_wd
Q131278952,Joan Agaba,,1,0,36.3,human,1,citizenship_wd
Q131294436,Jackson Mayanja,Jackson Mayanja,1,0,36.3,human,1,citizenship_wd
Q131302949,"White House, Uganda","White House, Uganda",1,0,36.3,building,2,country_wd|keyword_title
Q131319987,School dropout In Uganda,School dropouts in Uganda,1,0,36.3,,2,country_wd|keyword_title
Q131325262,Wave International Hotel Mbarara,,1,0,36.3,hotel,1,country_wd
Q131360379,Fort Portal City Public Library,,1,0,36.3,"library, public library",1,country_wd
Q131362481,Vipers SC Junior Team,Vipers Junior Team,1,0,36.3,"association football club, sports team, sports academy",1,country_wd
Q131362482,KCCA Soccer Academy,KCCA Soccer Academy,1,0,36.3,"sports team, sports academy",1,country_wd
Q131375135,Daniel Lutaaya,Daniel Lutaaya,1,0,36.3,human,1,citizenship_wd
Q131384615,Makerere University School of Dentistry,Makerere University School of Dentistry,1,0,36.3,university,1,country_wd
Q131437871,2024 Ugandan landslides,2024 Ugandan landslides,1,0,36.3,landslide,2,country_wd|keyword_title
Q131447879,Uganda at the Men's T20 World Cup,Uganda at the Men's T20 World Cup,1,0,36.3,,2,country_wd|keyword_title
Q131538441,2025 in Uganda,2025 in Uganda,1,0,36.3,events in a specific year or time period,2,country_wd|keyword_title
Q131560596,Sharifah Buzeki,Sharifah Buzeki,1,0,36.3,human,2,citizenship_wd|language_wd
Q131573160,Northern Uganda campaign,Northern Uganda campaign (January–March 1986),1,0,36.3,military campaign,2,country_wd|keyword_title
Q131601864,Uganda women's national under-16 basketball team,Uganda women's national under-16 basketball team,1,0,36.3,national basketball team,2,country_wd|keyword_title
Q131626111,Budongo Conservation Field Station,Budongo Conservation Field Station,1,0,36.3,field station,1,country_wd
Q131631644,Wilberforce Sserunkuma,Wilberforce Sserunkuma,1,0,36.3,human,1,citizenship_wd
Q13188673,Mohammed Basule,,1,0,36.3,human,2,birth_death_wd|citizenship_wd
Q132146751,3rd iKON Awards,3rd iKON Awards,1,0,36.3,award ceremony,1,country_wd
Q132175543,Dek Akeo,Dek Akeo,1,0,36.3,vegetable dish,1,country_wd
Q132472357,National Union of Women with Disabilities of Uganda,National Union of Women with Disabilities of Uganda,1,0,36.3,nonprofit organization,2,country_wd|keyword_title
Q132528637,Babwisi,Babwisi people,1,0,36.3,tribe,1,country_wd
Q132673320,Emambya Esaze,Emambya Esaze,1,0,36.3,newspaper,2,country_wd|language_wd
Q132673334,Mengo Notes,Mengo Notes,1,0,36.3,"newspaper, printed press",1,country_wd
Q132673335,Munno,Munno,1,0,36.3,"newspaper, printed press",2,country_wd|language_wd
Q132673561,Etop,Etop,1,0,36.3,"newspaper, periodical, printed press",1,country_wd
Q132673664,Munnansi,Munnansi,1,0,36.3,"newspaper, printed press",2,country_wd|language_wd
Q132675220,Adjumani East,Adjumani East,1,0,36.3,"electoral unit, Ugandan Parliamentary constituency",1,country_wd
Q132717487,2025 Uganda Ebola outbreak,2025 Uganda Ebola outbreak,1,0,36.3,,2,country_wd|keyword_title
Q132774776,Obushera,Obushera,1,0,36.3,type of drink,1,country_wd
Q132830804,Lower Bigo Bog,,1,0,36.3,wetland,1,country_wd
Q132831055,Kabamba Bog,,1,0,36.3,wetland,1,country_wd
Q132831183,Mubuku River,,1,0,36.3,river,1,country_wd
Q132831203,Bujuku Hut,,1,0,36.3,mountain hut,1,country_wd
Q133190978,Voice of Uganda,Voice of Uganda,1,0,36.3,"newspaper, printed press",2,country_wd|keyword_title
Q133198537,Bianka Black,,1,0,36.3,human,2,birth_death_wd|citizenship_wd
Q133264521,Bakiga Nation,Bakiga Nation,1,0,36.3,festival,1,country_wd
Q133278758,Crested Capital,Crested Capital,1,0,36.3,company,1,country_wd
Q133456378,Greater Luyia languages,Greater Luyia languages,1,0,36.3,language,1,country_wd
Q133459972,Christine Nakitto,Christine Nakitto,1,0,36.3,human,1,citizenship_wd
Q133459986,Shadiah Nassanga,Shadia Nassanga,1,0,36.3,human,3,birth_death_wd|citizenship_wd|language_wd
Q133460273,Sarah Nakiyunga,Sarah Nakiyunga,1,0,36.3,human,2,birth_death_wd|citizenship_wd
Q133462692,Norah Lunkuse,Norah Lunkuse,1,0,36.3,human,1,citizenship_wd
Q133462790,Sandra Nambirige,Sandra Nambirige,1,0,36.3,human,1,citizenship_wd
Q133465144,Emmamba,,1,0,36.3,"cuisine, type of food or dish",1,country_wd
Q1334918,Embaga,,1,0,36.3,type of dance,1,country_wd
Q133539783,2025 Kawempe North by-election,2025 Kawempe North by-election,1,0,36.3,by-election,1,country_wd
Q133816351,Mt. Liru,Mount Liru,1,0,36.3,,1,country_wd
Q133821333,Katigondo National Major Seminary,Katigondo National Major Seminary,1,0,36.3,university,1,country_wd
Q133850303,Bukalasa National Minor Seminary,Bukalasa National Minor Seminary,1,0,36.3,school,1,country_wd
Q133850475,Ggaba National Major Seminary,Ggaba National Major Seminary,1,0,36.3,"seminary, Catholic seminary",1,country_wd
Q133852624,Irene Marjorie Kabamori,Irene Marjorie Kabamori,1,0,36.3,human,1,citizenship_wd
Q133852649,Rashid Mubiru,Rashid Mubiru,1,0,36.3,human,1,citizenship_wd
Q133860709,Saint Mbaaga's Major Seminary Ggaba,Saint Mbaaga's Major Seminary Ggaba,1,0,36.3,university,1,country_wd
Q133860853,Uganda Martyr's National Major Seminary Alokolum,Uganda Martyrs' National Major Seminary Alokolum,1,0,36.3,university,2,country_wd|keyword_title
Q133863552,Nasiimu Mutesi,Nasiimu Mutesi,1,0,36.3,human,1,citizenship_wd
Q133870664,Tereza Kuribakanya Kibwetere,Tereza Kuribakanya Kibwetere,1,0,36.3,human,2,birth_death_wd|citizenship_wd
Q133878763,Kinyamaskia National Major Seminary,Kinyamaskia National Major Seminary,1,0,36.3,,1,country_wd
Q133928018,Karamoja Peace and Technology University,Karamoja Peace and Technology University,1,0,36.3,university,2,country_wd|keyword_title
Q134068127,Kibiro hot springs,,1,0,36.3,hot spring,1,country_wd
Q134307912,Uganda Police Museum,,1,0,36.3,"museum, community museum",1,country_wd
Q134307932,Lango Community Museum,,1,0,36.3,"museum, community museum",1,country_wd
Q134307996,Madi Lugbara Community Museum,,1,0,36.3,"museum, community museum",1,country_wd
Q134308055,Uganda Rural Development And Training Program Cultural Assets Centre,,1,0,36.3,museum,1,country_wd
Q134311863,Kabalega Petrochemical Industrial Park,Kabalega Petrochemical Industrial Park,1,0,36.3,,1,country_wd
Q134468592,National Open Boxing Championship,National Open Boxing Championship (Uganda),1,0,36.3,boxing competition,2,country_wd|keyword_title
Q13447819,Wilson Tukire,,1,0,36.3,human,1,citizenship_wd
Q13459000,Yawe Davis,,1,0,36.3,human,1,birth_death_wd
Q134630468,Gideon Angiro,Gideon Angiro,1,0,36.3,human,1,citizenship_wd
Q134716824,Buyende Nuclear Power Plant,,1,0,36.3,nuclear power plant,1,country_wd
Q134726279,Uganda Boxing Champions League,Uganda Boxing Champions League,1,0,36.3,boxing competition,2,country_wd|keyword_title
Q134778161,Uganda Ludo Association,Uganda Ludo Association,1,0,36.3,sport association,2,country_wd|keyword_title
Q134877628,Dei BioPharma,Dei BioPharma,1,0,36.3,company,1,country_wd
Q134980437,Rusumo Dam,,1,0,36.3,dam,1,country_wd
Q134980453,Katuna border crossing,,1,0,36.3,border crossing,1,country_wd
Q134985125,2026 in Uganda,2026 in Uganda,1,0,36.3,events in a specific year or time period,2,country_wd|keyword_title
Q13504280,2013 Uganda International Badminton Championships,,1,0,36.3,Uganda International Badminton Championships,1,country_wd
Q135116558,Paul Epilo,Paul Epilo,1,0,36.3,human,1,citizenship_wd
Q135116892,Ivan Kirabo,Ivan Kirabo,1,0,36.3,human,2,birth_death_wd|citizenship_wd
Q135189330,Dorothy Okatch,,1,0,36.3,human,1,birth_death_wd
Q135197057,Kabagarame pork market,,1,0,36.3,marketplace,1,country_wd
Q135434917,Joseph Freddy Onata,,1,0,36.3,human,1,citizenship_wd
Q135466897,Clans of Buganda,Clans of Baganda,1,0,36.3,clan,2,country_wd|keyword_title
Q135642391,Uganda at the 2025 Summer World University Games,,1,0,36.3,nation at sport competition,1,country_wd
Q135672415,Asubo Ladies FC,Asubo Ladies FC,1,0,36.3,sports club,1,country_wd
Q135791190,Jacob Okao,Jacob Okao,1,0,36.3,human,1,citizenship_wd
Q135826408,Pius Ogena,Pius Ogena,1,0,36.3,human,1,citizenship_wd
Q135908163,Jerome Kirya,Jerome Kirya,1,0,36.3,human,1,citizenship_wd
Q135976733,Miss Tourism Uganda,Miss Tourism Uganda,1,0,36.3,beauty contest,2,country_wd|keyword_title
Q135981027,Wakooli Godfrey Matembu,Wakooli Godfrey Matembu,1,0,36.3,human,3,birth_death_wd|citizenship_wd|language_wd
Q136006268,Flagship Piazza Hotel,,1,0,36.3,hotel,1,country_wd
Q136007601,Kyaninga lodge,,1,0,36.3,"hotel, lodge",1,country_wd
Q136025395,Uganda National Rally Championship,Uganda National Rally Championship,1,0,36.3,recurring sporting event,2,country_wd|keyword_title
Q136048126,Uganda at the 2025 World Aquatics Championships,Uganda at the 2025 World Aquatics Championships,1,0,36.3,nation at sport competition,2,country_wd|keyword_title
Q136087596,John Wycliffe Musinguzi,John Wycliffe Musinguzi,1,0,36.3,human,1,birth_death_wd
Q136181067,National Union Of Disabled Persons Of Uganda,National Union of Persons with Disability in Uganda,1,0,36.3,non-governmental organization,2,country_wd|keyword_title
Q136228539,Kyamuhunga Peoples Savings and Credit Cooperative Society,,1,0,36.3,Savings and Credit Cooperative Society,1,country_wd
Q136230406,Kabale Irish potato market,,1,0,36.3,"market, marketplace",1,country_wd
Q136230579,Kabale Central Market,,1,0,36.3,"market, marketplace",1,country_wd
Q136230615,Masaka Central Market,,1,0,36.3,"market, marketplace",1,country_wd
Q136230653,Kings Hotel Kabale Limited,,1,0,36.3,hotel,1,country_wd
Q136231030,Lake View Resort Hotel Mbarara,,1,0,36.3,hotel,1,country_wd
Q136261518,Nommo Gallery Museum,Nommo Gallery Museum,1,0,36.3,museum,1,country_wd
Q136345039,Kasim Murungi,Kasim Murungi,1,0,36.3,human,1,citizenship_wd
Q136376392,Arnold Ainebyona Mugisha,Arnold Ainebyona Mugisha,1,0,36.3,human,2,birth_death_wd|citizenship_wd
Q136400165,Zebra Mando,Zebra Mando,1,0,36.3,human,1,citizenship_wd
Q136403269,2022 African Para-Badminton Championships,,1,0,36.3,African Para-Badminton Championships,1,country_wd
Q136404658,2018 African Para-Badminton Championships,,1,0,36.3,African Para-Badminton Championships,1,country_wd
Q136406276,Uganda Bombers,Uganda Bombers,1,0,36.3,national sports team,2,country_wd|keyword_title
Q136431352,Kefas Brand,,1,0,36.3,human,2,birth_death_wd|citizenship_wd
Q136444043,Brian Ssenyondo,Brian Ssenyondo,1,0,36.3,human,1,citizenship_wd
Q136452210,2023 African Para-Badminton Championships,,1,0,36.3,African Para-Badminton Championships,1,country_wd
Q136463582,National Council of Sports,National Council of Sports (Uganda),1,0,36.3,government agency,2,country_wd|keyword_title
Q136483284,Pebuu,Pebuu,1,0,36.3,company,1,country_wd
Q136675087,Arua City Tower,Arua City Tower,1,0,36.3,monument,1,country_wd
Q136689610,"Committee on Commissions, Statutory Authorities and State Enterprises","Committee on Commissions, Statutory Authorities and State Enterprises",1,0,36.3,government agency,1,country_wd
Q136695991,Mato Mews Hotel,,1,0,36.3,hotel,1,country_wd
Q136696169,Agip Motel,,1,0,36.3,"hotel, motel",1,country_wd
Q136707686,Office of the Auditor-General,Office of the Auditor-General (Uganda),1,0,36.3,government agency,2,country_wd|keyword_title
Q136707784,Office of the President of Uganda,Office of the President of Uganda,1,0,36.3,government agency,2,country_wd|keyword_title
Q136707804,Uganda Rifles,Uganda Rifles,1,0,36.3,military unit,2,country_wd|keyword_title
Q136718275,Public Accounts Committee,Public Accounts Committee (Uganda),1,0,36.3,government agency,2,country_wd|keyword_title
Q136723437,James Musinguzi,James Musinguzi,1,0,36.3,human,2,birth_death_wd|citizenship_wd
Q136734654,Gloria Wavamunno,,1,0,36.3,human,1,citizenship_wd
Q136734666,Viola Nimuhamya,,1,0,36.3,human,1,citizenship_wd
Q136768026,Pool Association of Uganda,Pool Association of Uganda,1,0,36.3,"sport association, sports governing body",2,country_wd|keyword_title
Q136768033,Association of Uganda University Sports,Association of Uganda University Sports,1,0,36.3,"sport association, sports governing body",2,country_wd|keyword_title
Q136768210,Scrabble Association of Uganda,Scrabble Association of Uganda,1,0,36.3,"sport association, sports governing body",2,country_wd|keyword_title
Q136768213,Committee on Climate Change,Committee on Climate Change (Uganda),1,0,36.3,government agency,2,country_wd|keyword_title
Q136786864,Brenda Kugonza,Brenda Kugonza,1,0,36.3,human,1,citizenship_wd
Q136786867,Joanita Babirye,,1,0,36.3,human,1,citizenship_wd
Q136786869,Florence Masuliya,Florence Masuliya,1,0,36.3,human,1,citizenship_wd
Q136812386,Fred Masagazi Masaazi,Fred Masagazi Masaazi,1,0,36.3,human,3,birth_death_wd|citizenship_wd|language_wd
Q136865193,Anna Makula,,1,0,36.3,human,2,citizenship_wd|language_wd
Q136868303,Etania Mutoni,Etania Mutoni,1,0,36.3,human,1,citizenship_wd
Q136868779,Charity Kalebbo Ahimbisibwe,Charity Kalebbo Ahimbisibwe,1,0,36.3,human,1,citizenship_wd
Q136938494,Zziba,,1,0,36.3,parish of Uganda,1,country_wd
Q136945075,Butare town,,1,0,36.3,"town, parish of Uganda",1,country_wd
Q136955853,Committee on Equal Opportunities,Committee on Equal Opportunities (Uganda),1,0,36.3,government agency,2,country_wd|keyword_title
Q137156852,McLeod Russel Uganda,,1,0,36.3,"factory, enterprise",1,country_wd
Q137177164,Damalie,Damalie (TV series),1,0,36.3,television series,1,country_wd
Q137274425,Lakwena Maciver,Lakwena Maciver,1,0,36.3,human,1,citizenship_wd
Q137360157,Tororo Steel Mill,Tororo Steel Mill,1,0,36.3,company,1,country_wd
Q137397395,Uganda Poetry Society,Uganda Poetry Society,1,0,36.3,literary society,2,country_wd|keyword_title
Q137595493,Kibingo Girls Secondary School,,1,0,36.3,"secondary school, boarding school, football team",1,country_wd
Q137595623,St. Mary's Vocational School Kyamuhunga,,1,0,36.3,"secondary school, boarding school, vocational school",1,country_wd
Q137595632,St. Mary's Primary School Kyamuhunga,,1,0,36.3,boarding school,1,country_wd
Q137595685,Kyeizooba Girls Secondary School Bushenyi,,1,0,36.3,"secondary school, boarding school, girls' school",1,country_wd
Q137595782,Hope Primary School,,1,0,36.3,primary school,1,country_wd
Q137645288,St. Peter Kitabi Catholic Parish,,1,0,36.3,"Catholic church building, Catholic parish",1,country_wd
Q137646182,St. Charles Lwanga High School Kashekuro,,1,0,36.3,"secondary school, boarding school, aided school",1,country_wd
Q137651807,Sanga Island,,1,0,36.3,island,1,country_wd
Q137654258,Rwenzori Travellers Pride Hotel,,1,0,36.3,hotel,1,country_wd
Q137707711,Bugala Island,,1,0,36.3,island,1,country_wd
Q137746074,Clans of Ankole,,1,0,36.3,clan,1,country_wd
Q137819555,Anisa Nandaula,Anisa Nandaula,1,0,36.3,human,1,citizenship_wd
Q137836780,Paul Mwesigwa,Paul Mwesigwa,1,0,36.3,human,1,citizenship_wd
Q137940626,Ekisaakaate Kya Nnabagereka,Ekisaakaate kya Nnabagereka,1,0,36.3,cultural festival,2,country_wd|ethnic_group_wd
Q137955066,Uganda at the Summer Paralympics,,1,0,36.3,Paralympics delegation,1,country_wd
Q137995458,Richard Matsiko,Richard Matsiko,1,0,36.3,human,1,citizenship_wd
Q138027542,Uganda men's national handball team,Uganda men's national handball team,1,0,36.3,men's national handball team,2,country_wd|keyword_title
Q138298807,Antonio Fiorante,,1,0,36.3,human,1,birth_death_wd
Q138427630,Samuel Ibanda Mugabi,Samuel Ibanda Mugabi,1,0,36.3,human,2,birth_death_wd|citizenship_wd
Q138431037,Joseph Muvawala Nsekere,Joseph Muvawala Nsekere,1,0,36.3,human,1,citizenship_wd
Q138457989,Keith Muhakanizi,Keith Muhakanizi,1,0,36.3,human,1,citizenship_wd
Q138465537,Kid Fox,,1,0,36.3,human,1,citizenship_wd
Q138472621,Muhammad Galabuzi,Muhammad Galabuzi,1,0,36.3,human,2,birth_death_wd|citizenship_wd
Q138479475,Nyola Wasswa Mark,Wasswa Mark Nyola,1,0,36.3,human,1,citizenship_wd
Q138504564,Martin Kasenge,,1,0,36.3,human,2,birth_death_wd|citizenship_wd
Q138506476,Francis Katana,Francis Katana,1,0,36.3,human,3,birth_death_wd|citizenship_wd|ethnic_group_wd
Q138529536,Kampala Baháʼí Temple,Kampala Baháʼí Temple,1,0,36.3,building,2,country_wd|keyword_title
Q138545573,Meridah Nandudu,,1,0,36.3,human,1,citizenship_wd
Q138575108,Theresa Odongo-Oduka,,1,0,36.3,human,1,citizenship_wd
Q138587861,Godard Busingye,Godard Busingye,1,0,36.3,human,1,citizenship_wd
Q138682342,Alice Muhoozi,Alice Muhoozi,1,0,36.3,human,1,citizenship_wd
Q138685252,Ewaffe Cultural Village,,1,0,36.3,cultural center,1,country_wd
Q138774843,Pamela Judith Angwech,Pamela Judith Angwech,1,0,36.3,human,2,birth_death_wd|citizenship_wd
Q138793073,Nashiba Nakabira,Nashiba Nakabira,1,0,36.3,human,1,citizenship_wd
Q138800911,Evelyn Zalwango,Evelyn Zalwango,1,0,36.3,human,1,citizenship_wd
Q138842757,James Harvey Chaplin,James Harvey Chaplin,1,0,36.3,human,1,birth_death_wd
Q138962521,Support Initiative for People with Congenital Disorders,Support Initiative for People with Congenital Disorders,1,0,36.3,"nonprofit organization, intersex organization",2,country_wd|keyword_title
Q139207676,Kyakapeya,,1,0,36.3,human settlement,1,country_wd
Q139254747,Mount Sabinyo Trail,,1,0,36.3,hiking trail,1,country_wd
Q139325836,Namara Catherine Misango,Namara Catherine Misango,1,0,36.3,human,2,birth_death_wd|citizenship_wd
Q139386190,Richard Zulu,Richard Zulu,1,0,36.3,human,1,citizenship_wd
Q139458391,Trinidad and Tobago–Uganda relations,,1,0,36.3,bilateral relation,1,country_wd
Q139541037,Mun G,,1,0,36.3,human,3,birth_death_wd|citizenship_wd|language_wd
Q139554820,Banya Emmanuel Natal,Emmanuel Natal Banya,1,0,36.3,human,2,birth_death_wd|citizenship_wd
Q139572316,Andrew Ojulong,Andrew Ojulong,1,0,36.3,human,1,citizenship_wd
Q139586143,All Saints Church Mbarara,,1,0,36.3,"church building, Anglican church building",1,country_wd
Q139586218,Neocare Specialised Hospital and Fertility Center Mbarara,,1,0,36.3,hospital,1,country_wd
Q139586351,Bamp Hotel,,1,0,36.3,hotel,1,country_wd
Q139658953,Nangosi David,David Nangosi,1,0,36.3,human,1,citizenship_wd
Q139674654,Tanna Sanjay,Sanjay Tanna,1,0,36.3,human,1,citizenship_wd
Q139770272,Mercy Nalugo,Mercy Nalugo,1,0,36.3,human,1,citizenship_wd
Q139795111,Federation of Motorsports Clubs of Uganda,Federation of Motorsports Clubs of Uganda,1,0,36.3,sports governing body,2,country_wd|keyword_title
Q139801645,Shamim Nabuuma Kaliisa,,1,0,36.3,human,1,citizenship_wd
Q139857915,Janet  Nsibirwa Mdoe,Janet Nsibirwa Mdoe,1,0,36.3,human,3,birth_death_wd|citizenship_wd|language_wd
Q139915643,Judyth Nsababera,Judyth Nsababera,1,0,36.3,human,2,birth_death_wd|citizenship_wd
Q140068120,Coloured Voices Media Foundation,,1,0,36.3,"non-governmental organization, human rights organization",1,country_wd
Q140077682,Pearl of Africa Tourism Expo,Pearl of Africa Tourism Expo,1,0,36.3,recurring event,1,country_wd
Q140089124,Ngamita Richard,Ngamita Richard,1,0,36.3,human,1,citizenship_wd
Q140138369,HIV community prevention delivery system in Uganda,HIV community prevention delivery system in Uganda,1,0,36.3,"public health intervention, Q39745192",2,country_wd|keyword_title
Q140206754,Mulago School for the Deaf,Mulago School for the Deaf,1,0,36.3,school for the deaf,1,country_wd
Q140374388,Uganda Nurses and Midwives Council,Uganda Nurses and Midwives Council,1,0,36.3,regulatory agency,3,country_wd|keyword_title|part_of_wd
Q140451677,2027 in Uganda,2027 in Uganda,1,0,36.3,events in a specific year or time period,2,country_wd|keyword_title
Q140463791,David Livingstone Ongom,David Livingstone Ongom,1,0,36.3,human,2,birth_death_wd|citizenship_wd
Q140577325,Phillip Obwiny,Phillip Obwiny,1,0,36.3,human,2,birth_death_wd|citizenship_wd
Q140579082,Ibrahim Buwembo,Ibrahim Buwembo Mukalazi,1,0,36.3,human,3,birth_death_wd|citizenship_wd|language_wd
Q140659038,Kigezi HomeBoyz FC,Kigezi HomeBoyz FC,1,0,36.3,association football club,1,country_wd
Q140680096,Moses Banja,Moses Banja,1,0,36.3,human,3,birth_death_wd|citizenship_wd|language_wd
Q140722063,Musinguzi Yona,Musinguzi Yona,1,0,36.3,human,2,birth_death_wd|citizenship_wd
Q140811741,Bataringaya Basil Rwankwene,Bataringaya Basil Rwankwene,1,0,36.3,human,1,citizenship_wd
Q140819297,John Bunyenyezi,John Bunyenyezi,1,0,36.3,human,1,citizenship_wd
Q141085927,Nkwasibwe Zinkuratire Henry,Nkwasibwe Zinkuratire Henry,1,0,36.3,human,1,citizenship_wd
Q141131852,Innocent Kawooya,Innocent Kawooya,1,0,36.3,human,1,citizenship_wd
Q141215242,Hamuza Sengooba,Hamuza Sengooba,1,0,36.3,human,1,citizenship_wd
Q141245311,Asaba Jumah,,1,0,36.3,human,2,birth_death_wd|citizenship_wd
Q141273434,Uganda women's national softball team,Uganda women's national softball team,1,0,36.3,women's national softball team,2,country_wd|keyword_title
Q14220010,Kafu River Basin,,1,0,36.3,,1,country_wd
Q14226999,Nkoringo,,1,0,36.3,,1,country_wd
Q1442773,Uganda Badminton Association,,1,0,36.3,"sport association, badminton association",1,country_wd
Q14913592,Butogota,,1,0,36.3,city,1,country_wd
Q14956797,Nagalama Hospital,Naggalama Hospital,1,0,36.3,hospital,1,country_wd
Q14956813,Itojo Hospital,Itojo Hospital,1,0,36.3,hospital,1,country_wd
Q15061053,Sergey Shishkin,,1,0,36.3,human,1,birth_death_wd
Q15192779,Aswa-Lolim Game Reserve,Aswa-Lolim Game Reserve,1,0,36.3,protected area,1,country_wd
Q15202809,Bokora Corridor Wildlife Reserve,Bokora Corridor Wildlife Reserve,1,0,36.3,protected area,1,country_wd
Q15233566,Kansanga,Kansanga,1,0,36.3,human settlement,1,country_wd
Q15238694,Koboko town,Koboko town,1,0,36.3,human settlement,1,country_wd
Q15253534,Mirama Hills,Mirama Hills,1,0,36.3,"human settlement, border city",1,country_wd
Q15260138,Mpanga Hydroelectric Power Station,Mpanga Hydroelectric Power Station,1,0,36.3,hydroelectric power station,1,country_wd
Q15260878,Namasagali,Namasagali,1,0,36.3,human settlement,1,country_wd
Q15262105,New Vision Group,New Vision Group,1,0,36.3,business,1,country_wd
Q15263089,Nyamwamba I Hydroelectric Power Station,Nyamwamba I Hydroelectric Power Station,1,0,36.3,hydroelectric power station,1,country_wd
Q15427715,list of ambassadors of Iceland to Uganda,,1,0,36.3,Wikimedia list article,1,country_wd
Q15630987,Brian Ssunna,,1,0,36.3,human,1,citizenship_wd
Q15941628,Uganda Junior International Badminton Championships,,1,0,36.3,recurring sporting event,1,country_wd
Q15980909,Freedom and Unity Front,Freedom and Unity Front,1,0,36.3,political party,1,country_wd
Q16146282,Crespo Asiku,,1,0,36.3,human,2,birth_death_wd|citizenship_wd
Q16161378,The Acholi Religious Leaders Peace Initiative,,1,0,36.3,interfaith organization,1,country_wd
Q16193189,Elly Kayanja,Elly Kayanja,1,0,36.3,human,2,birth_death_wd|citizenship_wd
Q16234174,Shanti Dynamite,,1,0,36.3,human,1,birth_death_wd
Q1636900,2011 Uganda International Badminton Championships,,1,0,36.3,Uganda International Badminton Championships,1,country_wd
Q16534209,Buikwe Stadium,,1,0,36.3,stadium,1,country_wd
Q16581752,Nelsensio Byingingo,,1,0,36.3,human,1,citizenship_wd
Q16587187,Pece War Memorial Stadium,,1,0,36.3,,1,country_wd
Q16689029,Protestantism in Uganda,,1,0,36.3,Protestantism of an area,1,country_wd
Q16730308,Shabs Jobanputra,Shabs Jobanputra,1,0,36.3,human,1,birth_death_wd
Q16733766,Sunday Omony,Sunday Omony,1,0,36.3,human,1,birth_death_wd
Q16734829,Rabadaba,,1,0,36.3,human,2,birth_death_wd|citizenship_wd
Q16752013,Moses Radio,Moses Radio,1,0,36.3,human,1,citizenship_wd
Q16823101,2009–10 Uganda Big League,2009–10 Uganda Big League,1,0,36.3,sports season,2,country_wd|keyword_title
Q16823145,rugby union in Uganda,Rugby union in Uganda,1,0,36.3,sport in a geographic region,2,country_wd|keyword_title
Q16823146,2010–11 Uganda Big League,2010–11 Uganda Big League,1,0,36.3,sports season,2,country_wd|keyword_title
Q16823212,2011–12 Uganda Big League,2011–12 Uganda Big League,1,0,36.3,sports season,2,country_wd|keyword_title
Q16823291,2012–13 Uganda Big League,2012–13 Uganda Big League,1,0,36.3,sports season,2,country_wd|keyword_title
Q16823485,2013–14 Uganda Big League,2013–14 Uganda Big League,1,0,36.3,sports season,2,country_wd|keyword_title
Q16825272,Appfrica,,1,0,36.3,company,1,country_wd
Q16838739,Entebbe Young Football Club,Entebbe Young Football Club,1,0,36.3,association football club,2,country_wd|keyword_title
Q16842687,Kiira Young FC,Kiira Young FC,1,0,36.3,association football club,1,country_wd
Q16878593,Mwenge,Mwenge,1,0,36.3,"town, sub-county of Uganda",1,country_wd
Q16879091,National Democrats Forum,,1,0,36.3,political party,1,country_wd
Q16893042,Kalama Armoured Warfare Training School,Kalama Armoured Warfare Training School,1,0,36.3,military academy,1,country_wd
Q16893110,Kanyanya,Kanyanya,1,0,36.3,human settlement,1,country_wd
Q16893723,Kuluva Hospital,Kuluva Hospital,1,0,36.3,hospital,1,country_wd
Q16895532,Mpigi Hospital,Mpigi General Hospital,1,0,36.3,hospital,1,country_wd
Q16895584,Muyenga,Muyenga,1,0,36.3,hill,1,country_wd
Q16895609,Mutolere Hospital,Mutolere Hospital,1,0,36.3,hospital,1,country_wd
Q16910628,Inter-University Council for East Africa,Inter-University Council for East Africa,1,0,36.3,university,1,country_wd
Q16938759,Banyaruguru,Banyaruguru,1,0,36.3,,1,country_wd
Q16950198,SmileTelecom,Smile Telecom,1,0,36.3,business,2,country_wd|keyword_title
Q16958718,Uganda Telecom,Uganda Telecommunications Corporation Limited,1,0,36.3,business,2,country_wd|keyword_title
Q16967180,West Nile Rural Electrification Company,West Nile Rural Electrification Company,1,0,36.3,business,1,country_wd
Q16975974,Ruhijha mine,Ruhijha mine,1,0,36.3,mine,1,country_wd
Q16977629,Sukulu mine,Sukulu mine,1,0,36.3,mine,1,country_wd
Q1701242,John Oduke,,1,0,36.3,human,2,birth_death_wd|citizenship_wd
Q17068858,National Enterprise Corporation,National Enterprise Corporation,1,0,36.3,company,1,country_wd
Q17077142,Makerere University Walter Reed Project,Makerere University Walter Reed Project,1,0,36.3,science project,1,country_wd
Q17081371,Internal Security Organisation,Internal Security Organisation,1,0,36.3,organization,2,country_wd|keyword_title
Q17081556,Smart Telecom,Smart Telecom (Uganda),1,0,36.3,business,2,country_wd|keyword_title
Q17084434,African Palliative Care Association,African Palliative Care Association,1,0,36.3,non-governmental organization,1,country_wd
Q17095917,Losilang,Losilang,1,0,36.3,human settlement,1,country_wd
Q17108246,Entebbe Secondary School,Entebbe Secondary School,1,0,36.3,,2,country_wd|keyword_title
Q17108254,Itwara Central Forest Reserve,Itwara Central Forest Reserve,1,0,36.3,protected area,1,country_wd
Q17108322,Mercantile Credit Bank,Mercantile Credit Bank,1,0,36.3,business,1,country_wd
Q17108382,Quality Chemicals Limited,Quality Chemicals Limited,1,0,36.3,business,1,country_wd
Q17108436,Uganda Oil Refinery,Uganda Oil Refinery,1,0,36.3,,2,country_wd|keyword_title
Q17108447,Uganda–Kenya Crude Oil Pipeline,Uganda–Kenya Crude Oil Pipeline,1,0,36.3,piping,2,country_wd|keyword_title
Q17108459,West Nile Cup,West Nile Cup,1,0,36.3,association football league,1,country_wd
Q17143054,Young Achievers Award,Young Achievers Award,1,0,36.3,award,1,country_wd
Q17155846,child health in Uganda,Child health in Uganda,1,0,36.3,aspect in a geographic region,2,country_wd|keyword_title
Q17198741,Moses Ddiba Ssentongo,Moses Ddiba Ssentongo,1,0,36.3,human,2,birth_death_wd|citizenship_wd
Q17198801,Fred Tolit,Fred Tolit,1,0,36.3,human,2,birth_death_wd|citizenship_wd
Q17204924,Uganda at the 2012 IAAF World Indoor Championships,,1,0,36.3,nation at sport competition,1,country_wd
Q1734904,Kasensero,,1,0,36.3,village,1,country_wd
Q17386154,Karim Hirji,Karim Hirji,1,0,36.3,human,2,birth_death_wd|citizenship_wd
Q17411054,Christopher Ategeka,,1,0,36.3,human,2,birth_death_wd|citizenship_wd
Q1744786,Klaus-Jürgen Sucker,,1,0,36.3,human,1,birth_death_wd
Q17505167,Robin Kibuuka,Robin Kibuuka,1,0,36.3,human,2,birth_death_wd|citizenship_wd
Q17509455,Janani Luwum Church House,Janani Luwum Church House,1,0,36.3,commercial building,2,country_wd|keyword_title
Q17509613,Acholi Inn,Acholi Inn,1,0,36.3,hotel,2,country_wd|keyword_title
Q17514381,Capital Shoppers,Capital Shoppers,1,0,36.3,business,1,country_wd
Q1795539,2010 Uber Cup – Qualification Africa,,1,0,36.3,badminton event,1,country_wd
Q18128925,Uganda Athletics Federation,Uganda Athletics Federation,1,0,36.3,sports governing body,2,country_wd|keyword_title
Q18161535,ACCU Uganda,ACCU Uganda,1,0,36.3,organization,2,country_wd|keyword_title
Q18163371,Bukuzindu Hybrid Solar and Thermal Power Station,Bukuzindu Hybrid Solar and Thermal Power Station,1,0,36.3,"oil-fired power station, photovoltaic power station",1,country_wd
Q18210507,Bugisu Co-operative Union Limited,Bugisu Co-operative Union Limited,1,0,36.3,"labor union, federation",1,country_wd
Q18216400,Fahad Musana,,1,0,36.3,human,1,citizenship_wd
Q18331608,Mike Sekabembe,Mike Sekabembe,1,0,36.3,human,1,citizenship_wd
Q18344234,Kyambogo,Kyambogo,1,0,36.3,human-geographic territorial entity,1,country_wd
Q18348205,list of Ugandan records in swimming,List of Ugandan records in swimming,1,0,36.3,Wikimedia list article,2,country_wd|keyword_title
Q18349743,Hoima–Kaiso–Tonya Road,Hoima–Kaiso–Tonya Road,1,0,36.3,road,1,country_wd
Q18351712,Insurance Regulatory Authority of Uganda,Insurance Regulatory Authority of Uganda,1,0,36.3,government agency,2,country_wd|keyword_title
Q18353174,Ngora Hospital,Ngora Hospital,1,0,36.3,hospital,1,country_wd
Q18353667,Entebbe Handling Services,Menzies Aviation Uganda,1,0,36.3,business,2,country_wd|keyword_title
Q18354418,Exodus Savings and Credit Cooperative Society Limited,Exodus Savings and Credit Cooperative Society Limited,1,0,36.3,"business, Savings and Credit Cooperative Society",1,country_wd
Q18356039,Uganda Electricity Generation Company Limited,Uganda Electricity Generation Company Limited,1,0,36.3,power generation company,2,country_wd|keyword_title
Q18356043,Uganda Financial Intelligence Authority,Financial Intelligence Authority (Uganda),1,0,36.3,government agency,2,country_wd|keyword_title
Q18356047,Uganda National Council for Higher Education,Uganda National Council for Higher Education,1,0,36.3,government agency,2,country_wd|keyword_title
Q18356056,Uganda Retirement Benefits Regulatory Authority,Uganda Retirement Benefits Regulatory Authority,1,0,36.3,government agency,2,country_wd|keyword_title
Q18358599,Osukuru Industrial Complex,Osukuru Industrial Complex,1,0,36.3,,1,country_wd
Q18378995,Naeem Bardai,Naeem Bardai,1,0,36.3,human,1,citizenship_wd
Q18379037,Westnile Distilling Company Limited,Westnile Distilling Company Limited,1,0,36.3,,1,country_wd
Q18379455,National Drug Authority,National Drug Authority,1,0,36.3,"business, food safety organization",1,country_wd
Q18386474,KSMO,KSMO (Uganda),1,0,36.3,law firm,2,country_wd|keyword_title
Q18386687,Kako Senior Secondary School,Kako Senior Secondary School,1,0,36.3,"secondary school, boarding school",1,country_wd
Q18386727,Kaliro Power Station,Kaliro Thermal Power Station,1,0,36.3,"combined heat and power station, biomass-fired power station",1,country_wd
Q18386824,Kampala–Jinja Expressway,Kampala–Jinja Expressway,1,0,36.3,road,2,country_wd|keyword_title
Q18387190,Karuhanga Tabaro & Associates,KTA Advocates,1,0,36.3,law firm,1,country_wd
Q18387358,Kawempe General Hospital,Kawempe General Hospital,1,0,36.3,hospital,1,country_wd
Q18388193,Kigezi High School,Kigezi High School,1,0,36.3,secondary school,1,country_wd
Q18388418,Kiruddu General Hospital,Kiruddu General Hospital,1,0,36.3,hospital,1,country_wd
Q18389920,The Lantern Meet of Poets,The Lantern Meet of Poets,1,0,36.3,group of humans,1,country_wd
Q18392353,Speke Resort and Conference Center,Speke Resort and Conference Center,1,0,36.3,building,1,country_wd
Q18394178,Revenue stamps of Uganda,Revenue stamps of Uganda,1,0,36.3,,2,country_wd|keyword_title
Q1860277,list of ambassadors of Germany to Uganda,,1,0,36.3,Wikimedia list article,2,country_wd|part_of_wd
Q18633141,Yekosofati Atoke Engur,,1,0,36.3,human,2,birth_death_wd|citizenship_wd
Q18636286,Akright Projects Limited,Akright Projects Limited,1,0,36.3,business,1,country_wd
Q18636424,Tirupati Development Uganda Limited,Tirupati Group,1,0,36.3,business,2,country_wd|keyword_title
Q18686665,Kabubi Herman,Kabubi Herman,1,0,36.3,human,2,birth_death_wd|citizenship_wd
Q18712779,Beverley Nambozo Poetry Award,Babishai Niwe Poetry Foundation,1,0,36.3,poetry award,1,country_wd
Q18712967,Uganda at the 2008 IAAF World Indoor Championships,,1,0,36.3,nation at sport competition,1,country_wd
Q19035516,China Uganda Communique Establishing Diplomatic Relations,,1,0,36.3,"version, edition or translation",1,country_wd
Q19054598,Constitution of the Republic of Uganda,,1,0,36.3,"version, edition or translation",1,country_wd
Q19364794,Nyakayojo Secondary School,Nyakayojo Secondary School,1,0,36.3,boarding school,1,country_wd
Q19564374,Patrick Mweheire,Patrick Mweheire,1,0,36.3,human,2,birth_death_wd|citizenship_wd
Q19621896,Uganda Baseball and Softball Federation,,1,0,36.3,sports governing body,1,country_wd
Q19666498,Joseph Magandaazi Yiga,Joseph Magandaazi Yiga,1,0,36.3,human,2,birth_death_wd|citizenship_wd
Q19668586,Joseph Owino,Joseph Owino,1,0,36.3,human,1,citizenship_wd
Q19823615,Sula Katumba,,1,0,36.3,human,2,citizenship_wd|language_wd
Q19823617,James Lubwama,,1,0,36.3,human,1,citizenship_wd
Q19880141,Uganda at the 1962 British Empire and Commonwealth Games,Uganda at the 1962 British Empire and Commonwealth Games,1,0,36.3,nation at sport competition,2,country_wd|keyword_title
Q19892951,Kiryandongo Refugee Settlement,Kiryandongo Refugee Settlement,1,0,36.3,"refugee camp, human-geographic territorial entity",1,country_wd
Q19903392,LDC Publishers,LDC Publishers,1,0,36.3,,1,country_wd
Q19903760,Case Medical Centre,Case Medical Centre,1,0,36.3,hospital,1,country_wd
Q20047271,Kampala Hospital,Kampala Hospital,1,0,36.3,hospital,2,country_wd|keyword_title
Q20047276,Paragon Hospital,Paragon Hospital,1,0,36.3,hospital,1,country_wd
Q20127995,Munir Pirmohamed,Munir Pirmohamed,1,0,36.3,human,1,birth_death_wd
Q20311060,Governor of the Bank of Uganda,Governor of the Bank of Uganda,1,0,36.3,"public office, position",3,country_wd|keyword_title|part_of_wd
Q20312440,AFAAS AFRICA,African Forum for Agricultural Advisory Services,1,0,36.3,organization,1,country_wd
Q20313318,Biharwe Division,Biharwe Division,1,0,36.3,,1,country_wd
Q20480103,Uganda Amateur Handball Federation,,1,0,36.3,"sports governing body, handball federation",1,country_wd
Q20569553,Masaka,,1,0,36.3,human settlement,1,country_wd
Q20572538,Kamuli,,1,0,36.3,human settlement,1,country_wd
Q20572724,Kumi Town,,1,0,36.3,human settlement,1,country_wd
Q20746247,The Ghetto Film Project,The Ghetto Film Project,1,0,36.3,film organization,1,country_wd
Q20746263,Kampala Protea Hotel,Kampala Protea Hotel,1,0,36.3,built structure,2,country_wd|keyword_title
Q20746278,Maddu,Maddu,1,0,36.3,human settlement,1,country_wd
Q20746294,Musingo,Musingo,1,0,36.3,"human settlement, border city",1,country_wd
Q20746300,Nakawa Market,Nakawa Market,1,0,36.3,human settlement,1,country_wd
Q20746311,Palabek Kal,Palabek Kal,1,0,36.3,human settlement,1,country_wd
Q20746333,Uganda Heart Institute,Uganda Heart Institute,1,0,36.3,hospital,2,country_wd|keyword_title
Q20746337,Uganda Medical and Dental Practitioners Council,Uganda Medical and Dental Practitioners Council,1,0,36.3,organization,2,country_wd|keyword_title
Q20894753,Mayuge Thermal Power Station,Mayuge Thermal Power Station,1,0,36.3,biomass-fired power station,1,country_wd
Q20949743,Uganda National Entrepreneurship Development Institute,Uganda National Entrepreneurship Development Institute,1,0,36.3,academic institution,2,country_wd|keyword_title
Q2095012,Pilkington Ssengendo,,1,0,36.3,human,1,birth_death_wd
Q20994223,Nsambya FC,,1,0,36.3,sports club,1,country_wd
Q20995279,Francisco Díaz Valladares,,1,0,36.3,human,1,citizenship_wd
Q21094575,Atlas of Uganda,,1,0,36.3,Wikimedia Commons atlas page,1,country_wd
Q2110940,Prisons FC (Uganda),,1,0,36.3,sports club,1,country_wd
Q21473935,Uganda at the 2010 African Championships in Athletics,,1,0,36.3,nation at sport competition,1,country_wd
Q21487222,Uganda at the 2014 African Championships in Athletics,,1,0,36.3,nation at sport competition,1,country_wd
Q21487294,Uganda at the 2012 African Championships in Athletics,,1,0,36.3,nation at sport competition,1,country_wd
Q21487424,Uganda at the 2006 African Championships in Athletics,,1,0,36.3,nation at sport competition,1,country_wd
Q21487425,Uganda at the 2008 African Championships in Athletics,,1,0,36.3,nation at sport competition,1,country_wd
Q21487692,Uganda at the 1991 World Championships in Athletics,,1,0,36.3,nation at the World Athletics Championships,1,country_wd
Q21487693,Uganda at the 1997 World Championships in Athletics,,1,0,36.3,nation at the World Athletics Championships,1,country_wd
Q21850199,Mubende–Kakumiro–Kibaale–Kagadi Road,Mubende–Kakumiro–Kibaale–Kagadi Road,1,0,36.3,road,1,country_wd
Q21970153,Riaz Mamdani,Riaz Mamdani,1,0,36.3,human,1,birth_death_wd
Q21994173,Gomba County,,1,0,36.3,county of Uganda,1,country_wd
Q22026544,Bornfree Technologies Network,Bornfree Technologies Network,1,0,36.3,,1,country_wd
Q22031845,Uganda National Health Consumers' Organisation,Uganda National Health Consumers' Organisation,1,0,36.3,organization,2,country_wd|keyword_title
Q22078804,Taiwan–Uganda relations,,1,0,36.3,bilateral relation,1,country_wd
Q22079934,Miss Earth Uganda,Miss Earth Uganda,1,0,36.3,female beauty pageant,2,country_wd|keyword_title
Q22082385,Kyanika,Kyanika,1,0,36.3,border city,1,country_wd
Q22082396,Mutufu,Mutufu,1,0,36.3,human settlement,1,country_wd
Q22082400,Nyakahita,Nyakahita,1,0,36.3,human settlement,1,country_wd
Q22082401,Nyakayojo Division,Nyakayojo Division,1,0,36.3,,1,country_wd
Q22279035,Allan Manzi,,1,0,36.3,human,2,birth_death_wd|citizenship_wd
Q22338605,Klaus Holderbaum,,1,0,36.3,human,1,birth_death_wd
Q22683078,parish of Uganda,Parishes of Uganda,1,0,36.3,,2,country_wd|keyword_title
Q22812177,Sir Samuel Baker Secondary School,Sir Samuel Baker Secondary School,1,0,36.3,secondary school,1,country_wd
Q22910524,Ojapi Primary School,Ojapi,1,0,36.3,primary school,1,country_wd
Q22914739,Lira Municipality,,1,0,36.3,municipality of Uganda,1,country_wd
Q22918977,Erute County,,1,0,36.3,county of Uganda,1,country_wd
Q22935734,Ray Signature,,1,0,36.3,human,1,citizenship_wd
Q22978960,Saint Stephen's College Bajja,,1,0,36.3,secondary school,1,country_wd
Q22999745,Kabwohe Secondary School,,1,0,36.3,"secondary school, boarding school",1,country_wd
Q23007867,Esther Madudu,Esther Madudu,1,0,36.3,human,1,citizenship_wd
Q23013934,Uganda women's national under-18 basketball team,Uganda women's national under-18 basketball team,1,0,36.3,national basketball team,2,country_wd|keyword_title
Q23045619,Bwengure Child Care Primary School,Bwengu,1,0,36.3,primary school,1,country_wd
Q23058456,Walk to Work protest,Walk to work protest,1,0,36.3,,1,country_wd
Q23067423,Human Academy Secondary School,,1,0,36.3,secondary school,1,country_wd
Q23071136,Crescent Baguma,Crescent Baguma,1,0,36.3,human,2,birth_death_wd|citizenship_wd
Q23166031,Iganga Secondary School,Iganga Secondary School,1,0,36.3,secondary school,1,country_wd
Q23309428,Simone Riccioni,,1,0,36.3,human,1,birth_death_wd
Q23541052,Drake Lubega,Drake Lubega,1,0,36.3,human,2,birth_death_wd|citizenship_wd
Q23541090,Isaac Mulindwa,Isaac Mulindwa,1,0,36.3,human,1,citizenship_wd
Q23808735,Karuma–Olwiyo–Pakwach–Nebbi–Arua Road,Karuma–Olwiyo–Pakwach–Nebbi–Arua Road,1,0,36.3,road,1,country_wd
Q23926482,St. Joseph's Hospital Kitgum,St. Joseph's Hospital Kitgum,1,0,36.3,hospital,1,country_wd
Q23926488,Bombo Military Hospital,Bombo Military Hospital,1,0,36.3,military hospital,1,country_wd
Q23926505,Mbuya Military Hospital,Mbuya Military Hospital,1,0,36.3,hospital,1,country_wd
Q23926507,Mukono Health Centre IV,Mukono Health Centre IV,1,0,36.3,hospital,1,country_wd
Q24054196,Lokitanyala,"Lokitanyala, Uganda",1,0,36.3,"human settlement, border city",2,country_wd|keyword_title
Q24185306,Kilembe Mines Hospital,Kilembe Mines Hospital,1,0,36.3,hospital,1,country_wd
Q24185309,Kadic Hospital,Kadic Hospital,1,0,36.3,hospital,1,country_wd
Q24185310,Rushere Community Hospital,Rushere Community Hospital,1,0,36.3,hospital,1,country_wd
Q2423250,2010 Thomas Cup – Qualification Africa,,1,0,36.3,badminton event,1,country_wd
Q24236401,Kampala Outer Beltway,Kampala Outer Beltway,1,0,36.3,road,2,country_wd|keyword_title
Q24236412,Uganda Atomic Energy Council,Uganda Atomic Energy Council,1,0,36.3,organization,2,country_wd|keyword_title
Q24236432,Uganda Registration Services Bureau,Uganda Registration Services Bureau,1,0,36.3,organization,2,country_wd|keyword_title
Q24236537,Kampala Medical Chambers Hospital,Kampala Medical Chambers Hospital,1,0,36.3,hospital,2,country_wd|keyword_title
Q24236543,Myanzi,Myanzi,1,0,36.3,human settlement,1,country_wd
Q24263664,Charles Lutaaya,Charles Lutaaya,1,0,36.3,human,2,birth_death_wd|citizenship_wd
Q24572295,Joram Mugume,Joram Mugume,1,0,36.3,human,2,birth_death_wd|citizenship_wd
Q24572306,John Mugume,John Mugume,1,0,36.3,human,1,birth_death_wd
Q24590077,Africell Uganda,Africell Uganda,1,0,36.3,telecommunications company,2,country_wd|keyword_title
Q2473867,1995 Uganda International Badminton Championships,,1,0,36.3,Uganda International Badminton Championships,1,country_wd
Q2473871,2008 Uganda International Badminton Championships,,1,0,36.3,Uganda International Badminton Championships,1,country_wd
Q2473880,2010 Uganda International Badminton Championships,,1,0,36.3,Uganda International Badminton Championships,1,country_wd
Q2473882,2012 Uganda International Badminton Championships,,1,0,36.3,Uganda International Badminton Championships,1,country_wd
Q2473892,Uganda Badminton Championships,,1,0,36.3,recurring sporting event,1,country_wd
Q2473895,Uganda Team Badminton Championships,,1,0,36.3,recurring sporting event,1,country_wd
Q24852308,Ernest Rubondo,Ernest Rubondo,1,0,36.3,human,2,birth_death_wd|citizenship_wd
Q24883377,Mityana–Sekanyonyi–Busunju Road,Mityana–Sekanyonyi–Busunju Road,1,0,36.3,road,1,country_wd
Q24883426,JLOS House Project,JLOS House Project,1,0,36.3,building,1,country_wd
Q24883467,Sekanyonyi,Sekanyonyi,1,0,36.3,human settlement,1,country_wd
Q24884392,Maracha Town,Maracha Town,1,0,36.3,human settlement,2,country_wd|keyword_title
Q24884427,Hoima Sugar Limited,Hoima Sugar Limited,1,0,36.3,business,1,country_wd
Q24885600,Kyenjojo General Hospital,Kyenjojo General Hospital,1,0,36.3,hospital,1,country_wd
Q24886145,Lyantonde General Hospital,Lyantonde General Hospital,1,0,36.3,hospital,1,country_wd
Q24886293,Mityana–Bukuya–Kiboga Road,Mityana–Bukuya–Kiboga Road,1,0,36.3,road,1,country_wd
Q24886423,Kaabong General Hospital,Kaabong General Hospital,1,0,36.3,hospital,1,country_wd
Q24886693,Gulu Military Hospital,Gulu Military Hospital,1,0,36.3,hospital,1,country_wd
Q24890463,Entebbe Military Hospital,Entebbe Military Hospital,1,0,36.3,hospital,2,country_wd|keyword_title
Q24895924,Tilda Uganda,Tilda Uganda,1,0,36.3,company,2,country_wd|keyword_title
Q24898700,Iganga–Tirinyi–Kamonkoli–Mbale Road,Iganga–Tirinyi–Kamonkoli–Mbale Road,1,0,36.3,road,1,country_wd
Q24908258,Kampala Cement Company Limited,Kampala Cement Company Limited,1,0,36.3,business,2,country_wd|keyword_title
Q24908597,Atiak Sugar Factory,Atiak Sugar Factory,1,0,36.3,business,1,country_wd
Q24910898,Soroti Fruit Processing Factory,Soroti Fruits,1,0,36.3,public–private partnership,1,country_wd
Q24910956,Amos Dairies Uganda Limited,Amos Dairies Uganda Limited,1,0,36.3,privately held company,2,country_wd|keyword_title
Q24910982,Vital Tomosi Dairy Limited,Vital Tomosi Dairy Limited,1,0,36.3,privately held company,1,country_wd
Q24912168,Kamtech Logistics Uganda Limited,Kamtech Logistics Uganda Limited,1,0,36.3,company,2,country_wd|keyword_title
Q24915420,Ocer Campion Jesuit College,Ocer Campion Jesuit College,1,0,36.3,school,1,country_wd
Q24915597,Kenlon Industries Uganda Limited,Kenlon Industries Uganda Limited,1,0,36.3,business,2,country_wd|keyword_title
Q24915808,Masafu General Hospital,Masafu General Hospital,1,0,36.3,hospital,1,country_wd
Q24915970,Bukwo General Hospital,Bukwo General Hospital,1,0,36.3,hospital,1,country_wd
Q24949117,Abajiri,Abajiri,1,0,36.3,,1,country_wd
Q24956156,Pearl Dairy Farms Limited,Pearl Dairy Farms Limited,1,0,36.3,privately held company,1,country_wd
Q25041018,Types of fish in Uganda,Types of fish in Uganda,1,0,36.3,,2,country_wd|keyword_title
Q25041025,Fishing sites and Villages/communities in Uganda,Fishing sites and communities in Uganda,1,0,36.3,,2,country_wd|keyword_title
Q25041026,Fishing gear and methods used in Uganda,Fishing gear and methods used in Uganda,1,0,36.3,,2,country_wd|keyword_title
Q25041118,Ggaba landing site,Ggaba landing site,1,0,36.3,human settlement,1,country_wd
Q25049038,Tororo Solar Power Station,Tororo Solar Power Station,1,0,36.3,photovoltaic power station,1,country_wd
Q25049048,Soroti Solar Power Station,Soroti Solar Power Station,1,0,36.3,photovoltaic power station,1,country_wd
Q25051501,Masaka–Bukakata Road,Masaka–Bukakata Road,1,0,36.3,road,1,country_wd
Q25051746,Makenke,Makenke,1,0,36.3,neighborhood,1,country_wd
Q25051757,Ruti,"Ruti, Mbarara",1,0,36.3,human settlement,1,country_wd
Q25051773,Silk events,Silk events,1,0,36.3,organization,1,country_wd
Q25051963,Mbarara Northern Bypass Road,Mbarara Northern Bypass Road,1,0,36.3,road,1,country_wd
Q25052047,Igorora,,1,0,36.3,mountain,1,country_wd
Q25052640,Kampala Capital City Authority FC 2015-16,2015–16 Kampala Capital City Authority FC season,1,0,36.3,association football team season,2,country_wd|keyword_title
Q25052659,Hoima–Butiaba–Wanseko Road,Hoima–Butiaba–Wanseko Road,1,0,36.3,road,1,country_wd
Q25052699,Kayunga–Galiraya Road,Kayunga–Galiraya Road,1,0,36.3,road,1,country_wd
Q25052747,Fort Portal–Bundibugyo–Lamia Road,Fort Portal–Bundibugyo–Lamia Road,1,0,36.3,road,1,country_wd
Q25052818,Rukungiri–Kihihi–Ishasha–Kanungu Road,Rukungiri–Kihihi–Ishasha–Kanungu Road,1,0,36.3,road,1,country_wd
Q25052822,Ishaka–Kagamba Road,Ishaka–Kagamba Road,1,0,36.3,road,1,country_wd
Q25052858,Ntungamo–Mirama Hills Road,Ntungamo–Mirama Hills Road,1,0,36.3,road,1,country_wd
Q25052863,Bumbobi–Bubulo–Lwakhakha Road,Bumbobi–Bubulo–Lwakhakha Road,1,0,36.3,road,1,country_wd
Q25052879,Rwekunye–Apac–Aduku–Lira–Kitgum–Musingo Road,Rwekunye–Apac–Aduku–Lira–Kitgum–Musingo Road,1,0,36.3,road,1,country_wd
Q25052882,Kabale–Kisoro–Bunagana Road,Kabale–Kisoro–Bunagana Road,1,0,36.3,road,1,country_wd
Q25052972,Nyakahita–Kazo–Kamwenge–Fort Portal Road,Nyakahita–Kazo–Kamwenge–Fort Portal Road,1,0,36.3,road,1,country_wd
Q25052974,Kigumba–Masindi–Hoima–Kabwoya Road,Kigumba–Masindi–Hoima–Kabwoya Road,1,0,36.3,road,1,country_wd
Q25052994,Kyenjojo–Kabwoya Road,Kyenjojo–Kabwoya Road,1,0,36.3,road,1,country_wd
Q25053003,Musita–Mayuge–Lumino–Majanji–Busia Road,Musita–Mayuge–Lumino–Majanji–Busia Road,1,0,36.3,road,1,country_wd
Q25053017,Mpigi–Kabulasoke–Maddu–Sembabule Road,Mpigi–Kabulasoke–Maddu–Sembabule Road,1,0,36.3,road,1,country_wd
Q25053280,Ziroobwe–Wobulenzi Road,Ziroobwe–Wobulenzi Road,1,0,36.3,road,1,country_wd
Q25053547,Tororo–Mbale–Soroti Road,Tororo–Mbale–Soroti Road,1,0,36.3,road,1,country_wd
Q25053550,Mbarara–Ntungamo–Kabale–Katuna Road,Mbarara–Ntungamo–Kabale–Katuna Road,1,0,36.3,road,1,country_wd
Q25053558,Soroti–Dokolo–Lira Road,Soroti–Dokolo–Lira Road,1,0,36.3,road,1,country_wd
Q25053852,Nyabiku Central Forest Reserve,Nyabiku Central Forest Reserve,1,0,36.3,forest reserve,1,country_wd
Q25054348,"St Paul's Secondary School, Lweza","St Paul's Secondary School, Lweza",1,0,36.3,,1,country_wd
Q25059981,Jesa Farm Dairy Limited,Jesa Farm Dairy Limited,1,0,36.3,privately held company,1,country_wd
Q25060125,Paramount Dairies Limited,Paramount Dairies Limited,1,0,36.3,privately held company,1,country_wd
Q25064575,Anaka General Hospital,Anaka General Hospital,1,0,36.3,hospital,1,country_wd
Q25066519,Nebbi General Hospital,Nebbi General Hospital,1,0,36.3,hospital,1,country_wd
Q25066633,Atutur General Hospital,Atutur General Hospital,1,0,36.3,hospital,1,country_wd
Q25066678,Kiboga General Hospital,Kiboga General Hospital,1,0,36.3,hospital,1,country_wd
Q25067256,Kitagata General Hospital,Kitagata General Hospital,1,0,36.3,hospital,1,country_wd
Q25067322,Bududa General Hospital,Bududa General Hospital,1,0,36.3,hospital,1,country_wd
Q25067368,Kapchorwa General Hospital,Kapchorwa General Hospital,1,0,36.3,hospital,1,country_wd
Q25068075,Bundibugyo General Hospital,Bundibugyo General Hospital,1,0,36.3,hospital,1,country_wd
Q25103814,Movit,Movit,1,0,36.3,business,1,country_wd
Q25104823,Ugachick Limited,Ugachick Limited,1,0,36.3,company,1,country_wd
Q25105075,Kyondo Kasese,Kyondo Kasese,1,0,36.3,,1,country_wd
Q25105188,Mount Kilak,Mount Kilak,1,0,36.3,mountain,1,country_wd
Q25203107,Ministry of Education and Sports,Ministry of Education and Sports (Uganda),1,0,36.3,"ministry of education, sport ministry, ministry of Uganda",3,country_wd|keyword_title|part_of_wd
Q25226837,Luganda tones,Luganda tones,1,0,36.3,,1,country_wd
Q25226841,Kapchorwa–Suam Road,Kapchorwa–Suam Road,1,0,36.3,road,1,country_wd
Q25226847,Kamdini–Gulu Road,Kamdini–Gulu Road,1,0,36.3,road,1,country_wd
Q25226854,Muyembe–Nakapiripirit Road,Muyembe–Nakapiripirit Road,1,0,36.3,road,1,country_wd
Q25226855,Jinja–Kamuli–Mbulamuti Road,Jinja–Kamuli–Mbulamuti Road,1,0,36.3,road,1,country_wd
Q25226859,Mukono–Kayunga–Njeru Road,Mukono–Kayunga–Njeru Road,1,0,36.3,road,1,country_wd
Q25226868,Soroti–Katakwi–Moroto–Lokitanyala Road,Soroti–Katakwi–Moroto–Lokitanyala Road,1,0,36.3,road,1,country_wd
Q25226872,Ntungamo–Rukungiri Road,Ntungamo–Rukungiri Road,1,0,36.3,road,1,country_wd
Q25226881,House of Dawda Group,House of Dawda Group,1,0,36.3,company,1,country_wd
Q25226900,Soroti–Amuria–Abim–Kotido Road,Soroti–Amuria–Abim–Kotido Road,1,0,36.3,road,1,country_wd
Q25226910,Kampala–Masaka Road,Kampala–Masaka Road,1,0,36.3,road,2,country_wd|keyword_title
Q25226913,Masaka–Mbarara Road,Masaka–Mbarara Road,1,0,36.3,road,1,country_wd
Q25226924,Kampala–Mityana Road,Kampala–Mityana Road,1,0,36.3,road,2,country_wd|keyword_title
Q25226934,Kampala–Hoima Road,Kampala–Hoima Road,1,0,36.3,road,2,country_wd|keyword_title
Q25226959,Tirinyi–Pallisa–Kamonkoli–Kumi Road,Tirinyi–Pallisa–Kamonkoli–Kumi Road,1,0,36.3,road,1,country_wd
Q25226967,Amuru Sugar Works Limited,Amuru Sugar Works Limited,1,0,36.3,business,1,country_wd
Q25226970,Kabulasoke Solar Power Station,Kabulasoke Solar Power Station,1,0,36.3,photovoltaic power station,1,country_wd
Q25226977,Mayuge Solar Power Station,Mayuge Solar Power Station,1,0,36.3,photovoltaic power station,1,country_wd
Q25226991,Dairy industry in Uganda,Dairy industry in Uganda,1,0,36.3,aspect in a geographic region,2,country_wd|keyword_title
Q25226994,Buranga Geothermal Power Station,Buranga Geothermal Power Station,1,0,36.3,geothermal power station,1,country_wd
Q25227007,Achwa 3 Hydroelectric Power Station,,1,0,36.3,hydroelectric power station,1,country_wd
Q25227008,Koboko–Yumbe–Moyo Road,Koboko–Yumbe–Moyo Road,1,0,36.3,road,1,country_wd
Q25227009,Atiak–Adjumani–Moyo–Afoji Road,Atiak–Adjumani–Moyo–Afoji Road,1,0,36.3,road,1,country_wd
Q25227061,Kampala–Gayaza Road,Kampala–Gayaza Road,1,0,36.3,road,2,country_wd|keyword_title
Q25227075,Kayunga Hospital,Kayunga Hospital,1,0,36.3,hospital,1,country_wd
Q25227081,Abim General Hospital,Abim General Hospital,1,0,36.3,hospital,1,country_wd
Q25227083,Adjumani General Hospital,Adjumani General Hospital,1,0,36.3,hospital,1,country_wd
Q25227085,Tororo General Hospital,Tororo General Hospital,1,0,36.3,hospital,1,country_wd
Q25227097,Bugiri General Hospital,Bugiri General Hospital,1,0,36.3,hospital,1,country_wd
Q25227099,Nakasongola Military Hospital,Nakasongola Military Hospital,1,0,36.3,hospital,1,country_wd
Q25227101,Apac General Hospital,Apac General Hospital,1,0,36.3,hospital,1,country_wd
Q25227106,Busolwe General Hospital,Busolwe General Hospital,1,0,36.3,hospital,1,country_wd
Q25227107,Moyo General Hospital,Moyo General Hospital,1,0,36.3,hospital,1,country_wd
Q25227111,Rakai General Hospital,Rakai General Hospital,1,0,36.3,hospital,1,country_wd
Q25227112,Buwenge General Hospital,Buwenge General Hospital,1,0,36.3,hospital,1,country_wd
Q25227119,Kalisizo General Hospital,Kalisizo General Hospital,1,0,36.3,hospital,1,country_wd
Q25227128,Kambuga General Hospital,Kambuga General Hospital,1,0,36.3,hospital,1,country_wd
Q25227130,Myanzi–Kassanda–Bukuya–Kiboga Road,Myanzi–Kassanda–Bukuya–Kiboga Road,1,0,36.3,road,1,country_wd
Q25227138,Mityana–Mubende Road,Mityana–Mubende Road,1,0,36.3,road,1,country_wd
Q25227140,Mubende–Kyegegwa–Kyenjojo–Fort Portal Road,Mubende–Kyegegwa–Kyenjojo–Fort Portal Road,1,0,36.3,road,1,country_wd
Q25227141,Fort Portal–Kasese–Mpondwe Road,Fort Portal–Kasese–Mpondwe Road,1,0,36.3,road,1,country_wd
Q25227145,Kikorongo–Ishaka Road,Kikorongo–Ishaka Road,1,0,36.3,road,1,country_wd
Q25227147,Mbarara–Ishaka Road,Mbarara–Ishaka Road,1,0,36.3,road,1,country_wd
Q25227163,Masafu,Masafu,1,0,36.3,human settlement,1,country_wd
Q25227169,Makerere University Hospital,Makerere University Hospital,1,0,36.3,hospital,1,country_wd
Q25230520,Lira–Kamdini–Karuma Road,Lira–Kamdini–Karuma Road,1,0,36.3,road,1,country_wd
Q25230596,Kampala–Mpigi Expressway,Kampala–Mpigi Expressway,1,0,36.3,road,2,country_wd|keyword_title
Q25230597,Kampala Southern Bypass Highway,Kampala Southern Bypass Highway,1,0,36.3,road,2,country_wd|keyword_title
Q25230598,Kampala–Bombo Expressway,Kampala–Bombo Expressway,1,0,36.3,road,2,country_wd|keyword_title
Q25230637,Tororo Wind Power Station,Tororo Wind Power Station,1,0,36.3,wind farm,1,country_wd
Q25230649,Hoima Airport,Kabalega International Airport,1,0,36.3,proposed airport,1,country_wd
Q25230820,Osukuru Thermal Power Station,Osukuru Thermal Power Station,1,0,36.3,thermal power station,1,country_wd
Q25231187,Silver Kayemba,Silver Kayemba,1,0,36.3,human,1,birth_death_wd
Q25395251,Moscow Diocese (ROCOR),,1,0,36.3,Eastern Orthodox eparchy,1,country_wd
Q25464877,Uganda at the 2003 IAAF World Indoor Championships,,1,0,36.3,nation at sport competition,1,country_wd
Q25701948,Eastern Africa Centre for Constitutional Development,,1,0,36.3,research institute,1,country_wd
Q25704987,Cineplex Cinema,,1,0,36.3,movie theater,1,country_wd
Q2582272,Willy Zabasajja,,1,0,36.3,human,1,citizenship_wd
Q25999189,Airtel Uganda,Airtel Uganda,1,0,36.3,business,2,country_wd|keyword_title
Q26770642,Oldřich Karásek,,1,0,36.3,human,1,birth_death_wd
Q26810987,Benson Ishiepai,,1,0,36.3,human,1,citizenship_wd
Q26926897,Masaka–Villa Maria–Bukomansimbi–Sembabule Road,Masaka–Villa Maria–Bukomansimbi–Sembabule Road,1,0,36.3,road,1,country_wd
Q26926899,Iganga–Kaliro–Pallisa Road,Iganga–Kaliro–Pallisa Road,1,0,36.3,road,1,country_wd
Q27002965,Yovan Ochola,,1,0,36.3,human,1,citizenship_wd
Q27147126,Uganda national badminton team,Uganda national badminton team,1,0,36.3,national badminton team,2,country_wd|keyword_title
Q27244641,Kalidi Batuusa,,1,0,36.3,human,1,citizenship_wd
Q27834364,Rwaihamba,,1,0,36.3,,1,country_wd
Q27906091,Brian Kasirye,,1,0,36.3,human,2,birth_death_wd|citizenship_wd
Q28022753,list of sedimentary units in Uganda,,1,0,36.3,Wikimedia list article,1,country_wd
Q28135267,Ministry of Justice and Constitutional Affairs,Ministry of Justice and Constitutional Affairs (Uganda),1,0,36.3,government agency,1,country_wd
Q2814486,2010 in Uganda,,1,0,36.3,events in a specific year or time period,1,country_wd
Q28162706,Mbalala,Mbalala,1,0,36.3,human settlement,1,country_wd
Q28162709,Lwemiyaga,Lwemiyaga,1,0,36.3,human settlement,1,country_wd
Q28162710,Ntuusi,Ntuusi,1,0,36.3,human settlement,1,country_wd
Q28162733,Divisions of Kampala,Divisions of Kampala,1,0,36.3,human settlement,2,country_wd|keyword_title
Q28162740,Muduuma,Muduuma,1,0,36.3,human settlement,1,country_wd
Q28223294,Ministry of Information and Communications Technology,Ministry of ICT and National Guidance,1,0,36.3,"ministry of communications, ministry of Uganda",3,country_wd|keyword_title|part_of_wd
Q28223295,External Security Organisation,External Security Organisation,1,0,36.3,government agency,1,country_wd
Q28223299,Uganda Energy Credit Capitalisation Company,Uganda Energy Credit Capitalisation Company,1,0,36.3,government agency,2,country_wd|keyword_title
Q28223315,Dairy Development Authority,Dairy Development Authority,1,0,36.3,government agency,1,country_wd
Q28223321,Lugogo,"Lugogo, Kampala",1,0,36.3,human settlement,2,country_wd|keyword_title
Q28223324,URA House,URA House,1,0,36.3,building,1,country_wd
Q28223332,Ministry of Internal Affairs,Ministry of Internal Affairs (Uganda),1,0,36.3,"interior ministry, ministry of Uganda",3,country_wd|keyword_title|part_of_wd
Q28223335,"Ministry of Lands, Housing and Urban Development","Ministry of Lands, Housing and Urban Development (Uganda)",1,0,36.3,ministry of Uganda,3,country_wd|keyword_title|part_of_wd
Q28223341,Ministry of Local Government,Ministry of Local Government (Uganda),1,0,36.3,ministry of Uganda,2,country_wd|keyword_title
Q28223346,"Ministry of Science, Technology and Innovation","Ministry of Science, Technology and Innovation (Uganda)",1,0,36.3,"ministry of science, ministry of Uganda",3,country_wd|keyword_title|part_of_wd
Q28401848,Buganda Investments and Commercial Undertakings Limited,Buganda Investments and Commercial Undertakings Limited,1,0,36.3,business,2,country_wd|keyword_title
Q28402183,Letshego Microfinance Uganda,Letshego Microfinance Uganda,1,0,36.3,business,2,country_wd|keyword_title
Q28402300,EFC Uganda Limited,EFC Uganda Limited,1,0,36.3,business,2,country_wd|keyword_title
Q28402499,Murchison Bay Hospital,Murchison Bay Hospital,1,0,36.3,hospital,1,country_wd
Q28402637,Savannah MOON,Savannah MOON,1,0,36.3,"film production company, business",1,country_wd
Q28403699,Institute of Certified Public Accountants of Uganda,Institute of Certified Public Accountants of Uganda,1,0,36.3,organization,2,country_wd|keyword_title
Q28405020,Pagirinya Refugee Settlement,Pagirinya Refugee Settlement,1,0,36.3,"human settlement, refugee camp",1,country_wd
Q28407494,Kijura Tea Company,Kijura Tea Company,1,0,36.3,,1,country_wd
Q28419147,Archbishop of the Church of Uganda,Archbishop of Uganda,1,0,36.3,Anglican episcopal title,2,country_wd|keyword_title
Q28439900,Iganga Boys Boarding Primary School,Iganga Boys Boarding Primary School,1,0,36.3,primary school,1,country_wd
Q28444827,Gombe General Hospital,Gombe General Hospital,1,0,36.3,hospital,1,country_wd
Q28446440,Deposit Protection Fund of Uganda,Uganda Deposit Protection Fund,1,0,36.3,"government agency, deposit insurance",2,country_wd|keyword_title
Q28446531,Nakawa–Naguru Estates,Nakawa–Naguru Estates,1,0,36.3,human settlement,1,country_wd
Q28447845,Christ the King Catholic Church,Christ the King Catholic Church,1,0,36.3,Catholic church building,1,country_wd
Q28453862,Uganda Hockey Association,Uganda Hockey Association,1,0,36.3,"sport association, sports governing body",2,country_wd|keyword_title
Q28455931,Kalerwe Market,Kalerwe Market,1,0,36.3,built structure,1,country_wd
Q2865174,Arthur Kiyaga,,1,0,36.3,human,2,birth_death_wd|citizenship_wd
Q28718714,Uganda at the 2016 African Championships in Athletics,,1,0,36.3,nation at sport competition,1,country_wd
Q29569919,The Rwenzori Times,The Rwenzori Times,1,0,36.3,newspaper,1,country_wd
Q2959864,Charles Muhangi,,1,0,36.3,human,1,citizenship_wd
Q29797072,Africa Cup 1B 2015,,1,0,36.3,sports season,1,country_wd
Q30056769,list of ambassadors of the United States to Uganda,,1,0,36.3,Wikimedia list article,2,country_wd|part_of_wd
Q30261875,National Agricultural Research Organisation,National Agricultural Research Organisation,1,0,36.3,government agency,1,country_wd
Q30262098,Uganda Industrial Research Institute,Uganda Industrial Research Institute,1,0,36.3,government agency,2,country_wd|keyword_title
Q30262108,Uganda National Meteorological Authority,Uganda National Meteorological Authority,1,0,36.3,government agency,2,country_wd|keyword_title
Q30266942,Nature Uganda,,1,0,36.3,"non-governmental organization, nonprofit organization",1,country_wd
Q30285521,Uganda National Council for Science and Technology,Uganda National Council for Science and Technology,1,0,36.3,government agency,2,country_wd|keyword_title
Q30287549,Gulu Women with Disabilities Union,Gulu Women with Disabilities Union,1,0,36.3,organization,1,country_wd
Q30290550,Joint Clinical Research Centre,Joint Clinical Research Centre,1,0,36.3,nonprofit organization,1,country_wd
Q30640185,National Information Technology Authority-Uganda,National Information Technology Authority-Uganda,1,0,36.3,company,2,country_wd|keyword_title
Q30687965,Sugar industry of Uganda,Sugar industry in Uganda,1,0,36.3,aspect in a geographic region,2,country_wd|keyword_title
Q30688721,Uganda Intelligence Department,Uganda Intelligence Department,1,0,36.3,,2,country_wd|keyword_title
Q31344382,1996 in Uganda,,1,0,36.3,events in a specific year or time period,1,country_wd
Q31349075,1991 in Uganda,,1,0,36.3,events in a specific year or time period,1,country_wd
Q31349085,1995 in Uganda,,1,0,36.3,events in a specific year or time period,1,country_wd
Q31395848,Nangataret Kaakodiam,,1,0,36.3,hill,1,country_wd
Q31395849,Loolimo,,1,0,36.3,hill,1,country_wd
Q31395852,Zinat,,1,0,36.3,hill,1,country_wd
Q31395853,Zaiwa,,1,0,36.3,hill,1,country_wd
Q31395854,Yingbay,,1,0,36.3,hill,1,country_wd
Q31395855,Wiceri,,1,0,36.3,hill,1,country_wd
Q31395858,Wadelai,,1,0,36.3,hill,1,country_wd
Q31395860,Use,,1,0,36.3,hill,1,country_wd
Q31395863,Uchi,,1,0,36.3,hill,1,country_wd
Q31395864,Tukaliri,,1,0,36.3,hill,1,country_wd
Q31395865,Tororo,,1,0,36.3,hill,1,country_wd
Q31395867,Mount Speke,,1,0,36.3,mountain,1,country_wd
Q31395868,Sole,,1,0,36.3,hill,1,country_wd
Q31395870,Sokot,,1,0,36.3,hill,1,country_wd
Q31395871,Sokober,,1,0,36.3,hill,1,country_wd
Q31395872,Sogonso,,1,0,36.3,hill,1,country_wd
Q31395873,Sogolimen,,1,0,36.3,hill,1,country_wd
Q31395874,Sogolimen,,1,0,36.3,hill,1,country_wd
Q31395875,Sitambogo,,1,0,36.3,hill,1,country_wd
Q31395876,Simue,,1,0,36.3,hill,1,country_wd
Q31395877,Siavona,,1,0,36.3,hill,1,country_wd
Q31395878,Senge,,1,0,36.3,hill,1,country_wd
Q31395880,Sempaya,,1,0,36.3,hill,1,country_wd
Q31395881,Sekiunga,,1,0,36.3,hill,1,country_wd
Q31395884,Sango,,1,0,36.3,hill,1,country_wd
Q31395886,Rweshama,,1,0,36.3,mountain ridge,1,country_wd
Q31395887,Rwebirago,,1,0,36.3,mountain ridge,1,country_wd
Q31395889,Rwakungwe,,1,0,36.3,hill,1,country_wd
Q31395890,Rukenga,,1,0,36.3,summit,1,country_wd
Q31395891,Rugongo,,1,0,36.3,mountain ridge,1,country_wd
Q31395892,Ruato,,1,0,36.3,summit,1,country_wd
Q31395893,Ru,,1,0,36.3,hill,1,country_wd
Q31395894,Rigbonga,,1,0,36.3,hill,1,country_wd
Q31395895,Lere,,1,0,36.3,hill,1,country_wd
Q31395899,Piryar,,1,0,36.3,hill,1,country_wd
Q31395900,Peta,,1,0,36.3,hill,1,country_wd
Q31395902,Patiri,,1,0,36.3,hill,1,country_wd
Q31395903,Polowang,,1,0,36.3,hill,1,country_wd
Q31395905,Palalango,,1,0,36.3,hill,1,country_wd
Q31395906,Pakhat,,1,0,36.3,hill,1,country_wd
Q31395907,Pagengo,,1,0,36.3,hill,1,country_wd
Q31395908,Oyii,,1,0,36.3,hill,1,country_wd
Q31395909,Oyiena,,1,0,36.3,hill,1,country_wd
Q31395910,Ova,,1,0,36.3,hill,1,country_wd
Q31395911,Atoo,,1,0,36.3,hill,1,country_wd
Q31395912,Opoi,,1,0,36.3,hill,1,country_wd
Q31395913,Opit,,1,0,36.3,hill,1,country_wd
Q31395915,Opio,,1,0,36.3,hill,1,country_wd
Q31395916,Operiperi,,1,0,36.3,hill,1,country_wd
Q31395917,Okusoma,,1,0,36.3,summit,1,country_wd
Q31395918,Okela,,1,0,36.3,hill,1,country_wd
Q31395919,Ojewa,,1,0,36.3,hill,1,country_wd
Q31395920,Ogul,,1,0,36.3,hill,1,country_wd
Q31395923,Ogili,,1,0,36.3,hill,1,country_wd
Q31395925,Ofude,,1,0,36.3,hill,1,country_wd
Q31395926,Odwede,,1,0,36.3,hill,1,country_wd
Q31395927,Odra,,1,0,36.3,hill,1,country_wd
Q31395928,Obwero,,1,0,36.3,hill,1,country_wd
Q31395929,Nyaryegi,,1,0,36.3,hill,1,country_wd
Q31395930,Nyamyalilo,,1,0,36.3,summit,1,country_wd
Q31395933,Nyakisa Hills,,1,0,36.3,mountain ridge,1,country_wd
Q31395934,Nturage,,1,0,36.3,hill,1,country_wd
Q31395936,Ntunda South,,1,0,36.3,hill,1,country_wd
Q31395937,Nowanila,,1,0,36.3,summit,1,country_wd
Q31395938,Nkungwe,,1,0,36.3,hill,1,country_wd
Q31395940,Nkai,,1,0,36.3,hill,1,country_wd
Q31395941,Njereka,,1,0,36.3,hill,1,country_wd
Q31395942,Njara,,1,0,36.3,hill,1,country_wd
Q31395943,Ngora,,1,0,36.3,hill,1,country_wd
Q31395944,Ngole,,1,0,36.3,hill,1,country_wd
Q31395945,Ngogwe,,1,0,36.3,hill,1,country_wd
Q31395947,Nero,,1,0,36.3,hill,1,country_wd
Q31395949,Nebolola,,1,0,36.3,hill,1,country_wd
Q31395950,Ndoyo,,1,0,36.3,hill,1,country_wd
Q31395951,Nawuyakitalia,,1,0,36.3,hill,1,country_wd
Q31395952,Nathianakito,,1,0,36.3,hill,1,country_wd
Q31395953,Nariwokitoi,,1,0,36.3,hill,1,country_wd
Q31395955,Napedo,,1,0,36.3,hill,1,country_wd
Q31395957,Nanjala,,1,0,36.3,hill,1,country_wd
Q31395958,Nangoma,,1,0,36.3,hill,1,country_wd
Q31395959,Nandelema,,1,0,36.3,hill,1,country_wd
Q31395961,Namyekudo,,1,0,36.3,hill,1,country_wd
Q31395962,Namur,,1,0,36.3,hill,1,country_wd
Q31395963,Nampongwe,,1,0,36.3,hill,1,country_wd
Q31395964,Namoruputh,,1,0,36.3,hill,1,country_wd
Q31395965,Naminage,,1,0,36.3,hill,1,country_wd
Q31395967,Namasuli,,1,0,36.3,summit,1,country_wd
Q31395968,Namarinda,,1,0,36.3,hill,1,country_wd
Q31395970,Namafuma,,1,0,36.3,hill,1,country_wd
Q31395971,Nakyesanja,,1,0,36.3,hill,1,country_wd
Q31395973,Nakiilasia,,1,0,36.3,hill,1,country_wd
Q31395974,Nakapelo,,1,0,36.3,hill,1,country_wd
Q31395976,Nabwei,,1,0,36.3,hill,1,country_wd
Q31395979,Mwelo,,1,0,36.3,hill,1,country_wd
Q31395981,Mutungo,,1,0,36.3,hill,1,country_wd
Q31395983,Musubi,,1,0,36.3,hill,1,country_wd
Q31395985,Murokatipe,,1,0,36.3,hill,1,country_wd
Q31395986,Murere,,1,0,36.3,hill,1,country_wd
Q31395987,Murage,,1,0,36.3,hill,1,country_wd
Q31395988,Mulinda,,1,0,36.3,summit,1,country_wd
Q31395990,Mulange,,1,0,36.3,hill,1,country_wd
Q31395991,Mulanda,,1,0,36.3,hill,1,country_wd
Q31395992,Mukobe,,1,0,36.3,hill,1,country_wd
Q31395993,Mukihara,,1,0,36.3,hill,1,country_wd
Q31395994,Mukihani,,1,0,36.3,hill,1,country_wd
Q31395995,Maruzi II,,1,0,36.3,hill,1,country_wd
Q31395996,Mugulunga,,1,0,36.3,summit,1,country_wd
Q31395998,Muganga,,1,0,36.3,hill,1,country_wd
Q31396000,Msoli,,1,0,36.3,hill,1,country_wd
Q31396001,Msandama,,1,0,36.3,summit,1,country_wd
Q31396003,Mpunge,,1,0,36.3,hill,1,country_wd
Q31396005,Mpomode,,1,0,36.3,hill,1,country_wd
Q31396006,Morunyang,,1,0,36.3,hill,1,country_wd
Q31396008,Morunyang,,1,0,36.3,hill,1,country_wd
Q31396009,Morunyang,,1,0,36.3,hill,1,country_wd
Q31396011,Morukayetom,,1,0,36.3,hill,1,country_wd
Q31396013,Morukarengany,,1,0,36.3,hill,1,country_wd
Q31396014,Moruekori,,1,0,36.3,hill,1,country_wd
Q31396015,Moruboyo,,1,0,36.3,hill,1,country_wd
Q31396016,Moruarangan,,1,0,36.3,hill,1,country_wd
Q31396017,Moruanyaupa,,1,0,36.3,hill,1,country_wd
Q31396018,Moruangibuin,,1,0,36.3,hill,1,country_wd
Q31396019,Morualokoto,,1,0,36.3,hill,1,country_wd
Q31396020,Moru,,1,0,36.3,hill,1,country_wd
Q31396021,Moluangikalomwa,,1,0,36.3,hill,1,country_wd
Q31396022,Misindye,,1,0,36.3,hill,1,country_wd
Q31396023,Milimba,,1,0,36.3,summit,1,country_wd
Q31396024,Midigo,,1,0,36.3,hill,1,country_wd
Q31396025,Meturan,,1,0,36.3,hill,1,country_wd
Q31396026,Meriss,,1,0,36.3,hill,1,country_wd
Q31396027,Mellaje,,1,0,36.3,hill,1,country_wd
Q31396028,Mboira,,1,0,36.3,hill,1,country_wd
Q31396029,Mbazi,,1,0,36.3,hill,1,country_wd
Q31396030,Mbaraka,,1,0,36.3,hill,1,country_wd
Q31396031,Mawembe,,1,0,36.3,hill,1,country_wd
Q31396032,Masiyo,,1,0,36.3,hill,1,country_wd
Q31396034,Masitale,,1,0,36.3,hill,1,country_wd
Q31396035,Mashure,,1,0,36.3,mountain ridge,1,country_wd
Q31396036,Maseke,,1,0,36.3,mountain ridge,1,country_wd
Q31396037,Maru,,1,0,36.3,hill,1,country_wd
Q31396038,Marongo,,1,0,36.3,hill,1,country_wd
Q31396039,Maluba,,1,0,36.3,hill,1,country_wd
Q31396040,Makwali,,1,0,36.3,hill,1,country_wd
Q31396041,Makhakhala,,1,0,36.3,hill,1,country_wd
Q31396042,Makaroigo,,1,0,36.3,hill,1,country_wd
Q31396043,Mabonwa,,1,0,36.3,hill,1,country_wd
Q31396044,Lwamulinda,,1,0,36.3,hill,1,country_wd
Q31396045,Luwemoi,,1,0,36.3,hill,1,country_wd
Q31396046,Lunyo,,1,0,36.3,hill,1,country_wd
Q31396047,Lungalya,,1,0,36.3,hill,1,country_wd
Q31396048,Lukohe,,1,0,36.3,hill,1,country_wd
Q31396049,Lukalu,,1,0,36.3,hill,1,country_wd
Q31396051,Lubare Ridge,,1,0,36.3,mountain ridge,1,country_wd
Q31396052,Lothogol,,1,0,36.3,hill,1,country_wd
Q31396054,Lotalama,,1,0,36.3,hill,1,country_wd
Q31396055,Losigiria,,1,0,36.3,hill,1,country_wd
Q31396057,Kocholo,,1,0,36.3,hill,1,country_wd
Q31396058,Loperikidor,,1,0,36.3,hill,1,country_wd
Q31396059,Longi,,1,0,36.3,hill,1,country_wd
Q31396060,Lomunyen Kipura,,1,0,36.3,hill,1,country_wd
Q31396061,Lomoruarei,,1,0,36.3,hill,1,country_wd
Q31396062,Lolung,,1,0,36.3,hill,1,country_wd
Q31396063,Lolekek,,1,0,36.3,hill,1,country_wd
Q31396064,Lokupoi,,1,0,36.3,hill,1,country_wd
Q31396065,Lokorimongen,,1,0,36.3,hill,1,country_wd
Q31396066,Lokomoru,,1,0,36.3,hill,1,country_wd
Q31396067,Lokolimith,,1,0,36.3,hill,1,country_wd
Q31396068,Lokimait,,1,0,36.3,hill,1,country_wd
Q31396069,Lokilan,,1,0,36.3,hill,1,country_wd
Q31396070,Lokichar,,1,0,36.3,hill,1,country_wd
Q31396071,Lokayet,,1,0,36.3,hill,1,country_wd
Q31396072,Lokathiro,,1,0,36.3,hill,1,country_wd
Q31396073,Lokatero,,1,0,36.3,hill,1,country_wd
Q31396075,Lokapel,,1,0,36.3,hill,1,country_wd
Q31396076,Lokapel,,1,0,36.3,hill,1,country_wd
Q31396077,Logwel,,1,0,36.3,hill,1,country_wd
Q31396078,Lodwar,,1,0,36.3,hill,1,country_wd
Q31396079,Lochowai,,1,0,36.3,hill,1,country_wd
Q31396080,Lero,,1,0,36.3,hill,1,country_wd
Q31396081,Laura Ridge,,1,0,36.3,mountain ridge,1,country_wd
Q31396082,Latworo,,1,0,36.3,hill,1,country_wd
Q31396083,Lating,,1,0,36.3,hill,1,country_wd
Q31396085,Lamola,,1,0,36.3,hill,1,country_wd
Q31396086,Laita,,1,0,36.3,hill,1,country_wd
Q31396087,Ladwong,,1,0,36.3,hill,1,country_wd
Q31396088,Lacic,,1,0,36.3,hill,1,country_wd
Q31396089,Labworomor,,1,0,36.3,hill,1,country_wd
Q31396090,Laboro,,1,0,36.3,hill,1,country_wd
Q31396091,Labala,,1,0,36.3,hill,1,country_wd
Q31396092,Kyasa,,1,0,36.3,hill,1,country_wd
Q31396093,Kyanzeire,,1,0,36.3,mountain ridge,1,country_wd
Q31396094,Kyabwageya,,1,0,36.3,summit,1,country_wd
Q31396095,Kwais,,1,0,36.3,hill,1,country_wd
Q31396096,Kurao,,1,0,36.3,hill,1,country_wd
Q31396098,Kajulula,,1,0,36.3,hill,1,country_wd
Q31396100,Kuchine,,1,0,36.3,hill,1,country_wd
Q31396101,Kopor,,1,0,36.3,hill,1,country_wd
Q31396102,Kopem,,1,0,36.3,hill,1,country_wd
Q31396104,Kokwass,,1,0,36.3,hill,1,country_wd
Q31396105,Kadomio,,1,0,36.3,hill,1,country_wd
Q31396108,Kacholo,,1,0,36.3,hill,1,country_wd
Q31396109,Kiwera,,1,0,36.3,summit,1,country_wd
Q31396110,Kiunga,,1,0,36.3,hill,1,country_wd
Q31396111,Kitonya,,1,0,36.3,hill,1,country_wd
Q31396112,Kisunji,,1,0,36.3,hill,1,country_wd
Q31396113,Kirikiri,,1,0,36.3,hill,1,country_wd
Q31396114,Kiriba,,1,0,36.3,hill,1,country_wd
Q31396116,Kioga,,1,0,36.3,hill,1,country_wd
Q31396117,Kinoni,,1,0,36.3,hill,1,country_wd
Q31396118,Kimaka,,1,0,36.3,hill,1,country_wd
Q31396119,Kilongo,,1,0,36.3,hill,1,country_wd
Q31396121,Kikwerik,,1,0,36.3,hill,1,country_wd
Q31396122,Kijur,,1,0,36.3,hill,1,country_wd
Q31396123,Kigulya,,1,0,36.3,hill,1,country_wd
Q31396124,Kigulu,,1,0,36.3,hill,1,country_wd
Q31396125,Kigulu,,1,0,36.3,hill,1,country_wd
Q31396126,Kigarama,,1,0,36.3,hill,1,country_wd
Q31396129,Kidimbuli,,1,0,36.3,hill,1,country_wd
Q31396130,Kichok,,1,0,36.3,hill,1,country_wd
Q31396131,Kiando,,1,0,36.3,hill,1,country_wd
Q31396132,Kianamo,,1,0,36.3,summit,1,country_wd
Q31396133,Kei,,1,0,36.3,hill,1,country_wd
Q31396134,Kazir,,1,0,36.3,hill,1,country_wd
Q31396135,Kazidi,,1,0,36.3,hill,1,country_wd
Q31396136,Kawembe,,1,0,36.3,hill,1,country_wd
Q31396138,Katunguru,,1,0,36.3,summit,1,country_wd
Q31396139,Katigusa,,1,0,36.3,hill,1,country_wd
Q31396140,Kateli,,1,0,36.3,hill,1,country_wd
Q31396141,Katabwa,,1,0,36.3,summit,1,country_wd
Q31396142,Katabarua,,1,0,36.3,mountain,1,country_wd
Q31396143,Kasongoire,,1,0,36.3,hill,1,country_wd
Q31396144,Karinga,,1,0,36.3,hill,1,country_wd
Q31396145,Kariabor,,1,0,36.3,hill,1,country_wd
Q31396146,Karangora,,1,0,36.3,summit,1,country_wd
Q31396147,Kapochom,,1,0,36.3,hill,1,country_wd
Q31396148,Kapendongor,,1,0,36.3,hill,1,country_wd
Q31396149,Kamigo,,1,0,36.3,hill,1,country_wd
Q31396150,Kalonge,,1,0,36.3,summit,1,country_wd
Q31396151,Amobwasi,,1,0,36.3,hill,1,country_wd
Q31396152,Kaliro,,1,0,36.3,hill,1,country_wd
Q31396153,Kalingalem,,1,0,36.3,hill,1,country_wd
Q31396155,Kaligee,,1,0,36.3,hill,1,country_wd
Q31396157,Kalengili,,1,0,36.3,summit,1,country_wd
Q31396158,Kalamuwi,,1,0,36.3,hill,1,country_wd
Q31396159,Kakuka,,1,0,36.3,summit,1,country_wd
Q31396160,Kakaka,,1,0,36.3,summit,1,country_wd
Q31396161,Kaduku,,1,0,36.3,hill,1,country_wd
Q31396162,Kadomera,,1,0,36.3,hill,1,country_wd
Q31396163,Kadanyeko,,1,0,36.3,hill,1,country_wd
Q31396164,Kachut,,1,0,36.3,hill,1,country_wd
Q31396165,Kachonga,,1,0,36.3,hill,1,country_wd
Q31396166,Kacheri,,1,0,36.3,hill,1,country_wd
Q31396167,Kabusyak,,1,0,36.3,hill,1,country_wd
Q31396168,Kaburengwa,,1,0,36.3,hill,1,country_wd
Q31396169,Kabungo Ridge,,1,0,36.3,mountain ridge,1,country_wd
Q31396170,Kababito,,1,0,36.3,hill,1,country_wd
Q31396171,Jakawai,,1,0,36.3,hill,1,country_wd
Q31396172,Iwemba,,1,0,36.3,hill,1,country_wd
Q31396174,Itor,,1,0,36.3,hill,1,country_wd
Q31396175,Isi,,1,0,36.3,hill,1,country_wd
Q31396177,Isagara,,1,0,36.3,hill,1,country_wd
Q31396178,Iremera,,1,0,36.3,mountain ridge,1,country_wd
Q31396179,Iragaza,,1,0,36.3,mountain ridge,1,country_wd
Q31396181,Inyi,,1,0,36.3,hill,1,country_wd
Q31396182,Imagit,,1,0,36.3,hill,1,country_wd
Q31396183,Ihunga,,1,0,36.3,hill,1,country_wd
Q31396184,Gulibi,,1,0,36.3,hill,1,country_wd
Q31396185,Gorotoa,,1,0,36.3,hill,1,country_wd
Q31396186,Goromi,,1,0,36.3,hill,1,country_wd
Q31396187,Gombe,,1,0,36.3,hill,1,country_wd
Q31396188,Goma,,1,0,36.3,hill,1,country_wd
Q31396189,Goli,,1,0,36.3,hill,1,country_wd
Q31396191,Geremech,,1,0,36.3,hill,1,country_wd
Q31396192,Gakaididai,,1,0,36.3,hill,1,country_wd
Q31396193,Fumbya,,1,0,36.3,hill,1,country_wd
Q31396195,Ewuyo,,1,0,36.3,hill,1,country_wd
Q31396196,Ethe,,1,0,36.3,hill,1,country_wd
Q31396197,Eru,,1,0,36.3,hill,1,country_wd
Q31396198,Togoro,,1,0,36.3,hill,1,country_wd
Q31396199,Dyangbi,,1,0,36.3,hill,1,country_wd
Q31396200,Dwalina,,1,0,36.3,hill,1,country_wd
Q31396202,Cholom,,1,0,36.3,hill,1,country_wd
Q31396203,Chei,,1,0,36.3,hill,1,country_wd
Q31396204,Bwabiye,,1,0,36.3,hill,1,country_wd
Q31396205,Buyemba,,1,0,36.3,hill,1,country_wd
Q31396206,Buwongo,,1,0,36.3,hill,1,country_wd
Q31396208,Buwaya,,1,0,36.3,hill,1,country_wd
Q31396209,Butologo Hills,,1,0,36.3,hill,1,country_wd
Q31396210,Butiki,,1,0,36.3,hill,1,country_wd
Q31396211,Busimo,,1,0,36.3,hill,1,country_wd
Q31396212,Busiga,,1,0,36.3,hill,1,country_wd
Q31396213,Buraza,,1,0,36.3,hill,1,country_wd
Q31396214,Burama Hill,,1,0,36.3,mountain ridge,1,country_wd
Q31396215,Bulukatoni,,1,0,36.3,hill,1,country_wd
Q31396216,Bulongwe,,1,0,36.3,hill,1,country_wd
Q31396218,Bulinda,,1,0,36.3,hill,1,country_wd
Q31396219,Bulija,,1,0,36.3,hill,1,country_wd
Q31396220,Bulamba,,1,0,36.3,hill,1,country_wd
Q31396221,Bukuba,,1,0,36.3,hill,1,country_wd
Q31396222,Bukorwe Ridge,,1,0,36.3,mountain ridge,1,country_wd
Q31396223,Bukaleba,,1,0,36.3,hill,1,country_wd
Q31396224,Bwikama,,1,0,36.3,hill,1,country_wd
Q31396225,Buhirigi,,1,0,36.3,hill,1,country_wd
Q31396226,Bubaga,,1,0,36.3,hill,1,country_wd
Q31396227,Boroli,,1,0,36.3,hill,1,country_wd
Q31396228,Bongi,,1,0,36.3,hill,1,country_wd
Q31396229,Bondo,,1,0,36.3,hill,1,country_wd
Q31396230,Biliba Ridge,,1,0,36.3,mountain ridge,1,country_wd
Q31396231,Biemba,,1,0,36.3,hill,1,country_wd
Q31396232,Benga,,1,0,36.3,hill,1,country_wd
Q31396234,Behanga,,1,0,36.3,hill,1,country_wd
Q31396235,Batoda,,1,0,36.3,summit,1,country_wd
Q31396236,Barituku,,1,0,36.3,hill,1,country_wd
Q31396237,Baratuku,,1,0,36.3,hill,1,country_wd
Q31396238,Balaki,,1,0,36.3,hill,1,country_wd
Q31396239,Bakhara,,1,0,36.3,hill,1,country_wd
Q31396240,Bagete,,1,0,36.3,hill,1,country_wd
Q31396241,Awa,,1,0,36.3,hill,1,country_wd
Q31396242,Atumutaok,,1,0,36.3,hill,1,country_wd
Q31396243,Daisik,,1,0,36.3,hill,1,country_wd
Q31396244,Arua,,1,0,36.3,hill,1,country_wd
Q31396245,Aropa,,1,0,36.3,hill,1,country_wd
Q31396246,Aringba,,1,0,36.3,hill,1,country_wd
Q31396247,Arawa,,1,0,36.3,hill,1,country_wd
Q31396248,Arakath,,1,0,36.3,hill,1,country_wd
Q31396249,Apuket,,1,0,36.3,hill,1,country_wd
Q31396251,Anari,,1,0,36.3,hill,1,country_wd
Q31396253,Amoji Hills,,1,0,36.3,hill,1,country_wd
Q31396254,Ambana,,1,0,36.3,hill,1,country_wd
Q31396255,Amalei,,1,0,36.3,hill,1,country_wd
Q31396256,Aloyepa,,1,0,36.3,hill,1,country_wd
Q31396257,Alikwa,,1,0,36.3,hill,1,country_wd
Q31396258,Alighar,,1,0,36.3,hill,1,country_wd
Q31396259,Akomelioret,,1,0,36.3,hill,1,country_wd
Q31396260,Akolob,,1,0,36.3,hill,1,country_wd
Q31396261,Akipiye,,1,0,36.3,hill,1,country_wd
Q31396262,Akara,,1,0,36.3,hill,1,country_wd
Q31396263,Akara,,1,0,36.3,hill,1,country_wd
Q31396264,Agem,,1,0,36.3,hill,1,country_wd
Q31396265,Adivoro,,1,0,36.3,hill,1,country_wd
Q31396266,Adodi,,1,0,36.3,hill,1,country_wd
Q31396267,Adjiko,,1,0,36.3,hill,1,country_wd
Q31396268,Adider,,1,0,36.3,hill,1,country_wd
Q31396269,Abutze,,1,0,36.3,hill,1,country_wd
Q31396271,Abayo,,1,0,36.3,hill,1,country_wd
Q31396272,Abakamel,,1,0,36.3,hill,1,country_wd
Q31396273,Abaka,,1,0,36.3,hill,1,country_wd
Q31396274,Bugaia,,1,0,36.3,hill,1,country_wd
Q31396275,Kizito,,1,0,36.3,hill,1,country_wd
Q31396276,Wakabuzi,,1,0,36.3,hill,1,country_wd
Q31396277,Mpogo,,1,0,36.3,hill,1,country_wd
Q31396278,Bugusa,,1,0,36.3,hill,1,country_wd
Q31396279,Nakat,,1,0,36.3,hill,1,country_wd
Q31396280,Busiba,,1,0,36.3,hill,1,country_wd
Q31396282,Bugwangoma,,1,0,36.3,hill,1,country_wd
Q31396283,Nabitendi,,1,0,36.3,hill,1,country_wd
Q31396284,Kamalinga Hills,,1,0,36.3,hill,1,country_wd
Q31396285,Alexandra,,1,0,36.3,summit,1,country_wd
Q31396286,Victorio Emanuele,,1,0,36.3,summit,1,country_wd
Q31396287,Bottego,,1,0,36.3,summit,1,country_wd
Q31396288,Kihuma,,1,0,36.3,summit,1,country_wd
Q31396289,Kinyangoma,,1,0,36.3,summit,1,country_wd
Q31396291,Moore,,1,0,36.3,summit,1,country_wd
Q31396293,Wollaston,,1,0,36.3,summit,1,country_wd
Q31396294,Edward,,1,0,36.3,summit,1,country_wd
Q31396295,Weismann,,1,0,36.3,summit,1,country_wd
Q31396296,Sella,,1,0,36.3,summit,1,country_wd
Q31396297,Okuhandika,,1,0,36.3,summit,1,country_wd
Q31396298,Okubara,,1,0,36.3,summit,1,country_wd
Q31396299,Cagni,,1,0,36.3,summit,1,country_wd
Q31396300,Kaitanjojo,,1,0,36.3,hill,1,country_wd
Q31396301,Naitondo,,1,0,36.3,hill,1,country_wd
Q31396302,Wanyana,,1,0,36.3,hill,1,country_wd
Q31396303,Kamugonya,,1,0,36.3,hill,1,country_wd
Q31396304,Kanyatiro,,1,0,36.3,hill,1,country_wd
Q31396306,Lumenya,,1,0,36.3,hill,1,country_wd
Q31396307,Bugirwa,,1,0,36.3,hill,1,country_wd
Q31396308,Kasato,,1,0,36.3,hill,1,country_wd
Q31396309,Nyabinyomo,,1,0,36.3,hill,1,country_wd
Q31396311,Kisarabuire,,1,0,36.3,hill,1,country_wd
Q31396312,Kasenene,,1,0,36.3,hill,1,country_wd
Q31396313,Kapeka,,1,0,36.3,hill,1,country_wd
Q31396314,Mirembe,,1,0,36.3,hill,1,country_wd
Q31396315,Karungo,,1,0,36.3,hill,1,country_wd
Q31396316,Rukukukura,,1,0,36.3,hill,1,country_wd
Q31396317,Muro,,1,0,36.3,hill,1,country_wd
Q31396318,Kyanyamutamba,,1,0,36.3,hill,1,country_wd
Q31396319,Maiha,,1,0,36.3,hill,1,country_wd
Q31396320,Sogyo,,1,0,36.3,hill,1,country_wd
Q31396321,Bugarama,,1,0,36.3,hill,1,country_wd
Q31396322,Nyambindo,,1,0,36.3,hill,1,country_wd
Q31396324,Ruijere,,1,0,36.3,hill,1,country_wd
Q31396325,Kalyayobyo,,1,0,36.3,hill,1,country_wd
Q31396326,Rwemiyaga,,1,0,36.3,hill,1,country_wd
Q31396327,Kasekuro,,1,0,36.3,hill,1,country_wd
Q31396328,Nyakatakuli,,1,0,36.3,hill,1,country_wd
Q31396329,Kaburaisoke,,1,0,36.3,hill,1,country_wd
Q31396331,Kinyamurara,,1,0,36.3,hill,1,country_wd
Q31396332,Kabo,,1,0,36.3,hill,1,country_wd
Q31396333,Nyakarunya,,1,0,36.3,hill,1,country_wd
Q31396334,Nyabetereka,,1,0,36.3,hill,1,country_wd
Q31396335,Kyembwe,,1,0,36.3,hill,1,country_wd
Q31396337,Kyarubanga,,1,0,36.3,hill,1,country_wd
Q31396338,Kyembogo,,1,0,36.3,hill,1,country_wd
Q31396339,Rugusha,,1,0,36.3,hill,1,country_wd
Q31396340,Inenwa,,1,0,36.3,hill,1,country_wd
Q31396341,Kaleramaire,,1,0,36.3,hill,1,country_wd
Q31396342,Kicope,,1,0,36.3,hill,1,country_wd
Q31396344,Kasongoire,,1,0,36.3,hill,1,country_wd
Q31396346,Karangwe,,1,0,36.3,hill,1,country_wd
Q31396347,Kibanja,,1,0,36.3,hill,1,country_wd
Q31396348,Audri,,1,0,36.3,hill,1,country_wd
Q31396350,Kikamwa,,1,0,36.3,hill,1,country_wd
Q31396351,Odima,,1,0,36.3,hill,1,country_wd
Q31396352,Walyasi,,1,0,36.3,hill,1,country_wd
Q31396353,Kichumbanyobo,,1,0,36.3,hill,1,country_wd
Q31396354,Ngava,,1,0,36.3,hill,1,country_wd
Q31396355,Undier,,1,0,36.3,hill,1,country_wd
Q31396357,Waisere,,1,0,36.3,hill,1,country_wd
Q31396359,Fabidi,,1,0,36.3,hill,1,country_wd
Q31396360,Oi Alego,,1,0,36.3,hill,1,country_wd
Q31396361,Nyamandeija,,1,0,36.3,hill,1,country_wd
Q31396362,Kawango,,1,0,36.3,hill,1,country_wd
Q31396363,Kayanja,,1,0,36.3,hill,1,country_wd
Q31396364,Musuja,,1,0,36.3,hill,1,country_wd
Q31396365,Nkondo,,1,0,36.3,hill,1,country_wd
Q31396366,Kamomole,,1,0,36.3,hill,1,country_wd
Q31396367,Rwemigo,,1,0,36.3,mountain ridge,1,country_wd
Q31396368,Rwensoga,,1,0,36.3,hill,1,country_wd
Q31396369,Isogya,,1,0,36.3,hill,1,country_wd
Q31396370,Kiraira,,1,0,36.3,hill,1,country_wd
Q31396371,Nyamantura,,1,0,36.3,hill,1,country_wd
Q31396372,Kasungwa,,1,0,36.3,hill,1,country_wd
Q31396373,Kawaikere,,1,0,36.3,hill,1,country_wd
Q31396374,Kirwe,,1,0,36.3,hill,1,country_wd
Q31396375,Nyabiryo,,1,0,36.3,hill,1,country_wd
Q31396376,Nyabampasana,,1,0,36.3,hill,1,country_wd
Q31396377,Bulemwa,,1,0,36.3,hill,1,country_wd
Q31396378,Kiryamukokoto,,1,0,36.3,hill,1,country_wd
Q31396379,Kibuurwa,,1,0,36.3,hill,1,country_wd
Q31396380,Kaboijana,,1,0,36.3,hill,1,country_wd
Q31396381,Kabarungi,,1,0,36.3,hill,1,country_wd
Q31396382,Itambiro,,1,0,36.3,hill,1,country_wd
Q31396383,Nyakabale,,1,0,36.3,hill,1,country_wd
Q31396384,Rukumba,,1,0,36.3,hill,1,country_wd
Q31396385,Mwoba,,1,0,36.3,hill,1,country_wd
Q31396386,Nyabubale,,1,0,36.3,hill,1,country_wd
Q31396387,Kyamurago,,1,0,36.3,hill,1,country_wd
Q31396388,Kampambuki,,1,0,36.3,hill,1,country_wd
Q31396389,Kababwa,,1,0,36.3,hill,1,country_wd
Q31396391,Kabalekangasa,,1,0,36.3,hill,1,country_wd
Q31396392,Kibwiye,,1,0,36.3,hill,1,country_wd
Q31396393,Kyanswaswa,,1,0,36.3,hill,1,country_wd
Q31396394,Rwangabi,,1,0,36.3,hill,1,country_wd
Q31396396,Busingiro South,,1,0,36.3,hill,1,country_wd
Q31396398,Nyakyeyuwa,,1,0,36.3,hill,1,country_wd
Q31396399,Miteseka,,1,0,36.3,hill,1,country_wd
Q31396400,Agu,,1,0,36.3,hill,1,country_wd
Q31396401,Little Kasenene,,1,0,36.3,hill,1,country_wd
Q31396402,Nyairamya,,1,0,36.3,hill,1,country_wd
Q31396403,Nyaumvua,,1,0,36.3,hill,1,country_wd
Q31396404,Okuva,,1,0,36.3,hill,1,country_wd
Q31396405,Ozedzo,,1,0,36.3,hill,1,country_wd
Q31396406,Ovisoni,,1,0,36.3,hill,1,country_wd
Q31396407,Cholova,,1,0,36.3,hill,1,country_wd
Q31396408,Anyanva,,1,0,36.3,hill,1,country_wd
Q31396409,Kaniyo,,1,0,36.3,hill,1,country_wd
Q31396410,Legu,,1,0,36.3,hill,1,country_wd
Q31396411,Ori,,1,0,36.3,hill,1,country_wd
Q31396412,Baratuku,,1,0,36.3,hill,1,country_wd
Q31396413,Ikwere,,1,0,36.3,hill,1,country_wd
Q31396414,Ozi,,1,0,36.3,hill,1,country_wd
Q31396415,Dizi,,1,0,36.3,hill,1,country_wd
Q31396416,Orunzia,,1,0,36.3,hill,1,country_wd
Q31396417,Panter,,1,0,36.3,hill,1,country_wd
Q31396418,Lengere,,1,0,36.3,hill,1,country_wd
Q31396419,Waringo,,1,0,36.3,hill,1,country_wd
Q31396420,Myora,,1,0,36.3,hill,1,country_wd
Q31396421,Lacino,,1,0,36.3,hill,1,country_wd
Q31396422,Mbeija,,1,0,36.3,hill,1,country_wd
Q31396423,Sobiryo,,1,0,36.3,hill,1,country_wd
Q31396424,Iranda,,1,0,36.3,hill,1,country_wd
Q31396425,Kampala,,1,0,36.3,hill,1,country_wd
Q31396427,Kiderama,,1,0,36.3,hill,1,country_wd
Q31396428,Edum,,1,0,36.3,hill,1,country_wd
Q31396430,Teolum,,1,0,36.3,hill,1,country_wd
Q31396431,Ogoni,,1,0,36.3,hill,1,country_wd
Q31396432,Otyamakol,,1,0,36.3,hill,1,country_wd
Q31396433,Maruzi I,,1,0,36.3,hill,1,country_wd
Q31396434,Opok,,1,0,36.3,hill,1,country_wd
Q31396435,Guruguru,,1,0,36.3,hill,1,country_wd
Q31396436,Paromo,,1,0,36.3,hill,1,country_wd
Q31396437,Onina,,1,0,36.3,hill,1,country_wd
Q31396438,Aparanga,,1,0,36.3,hill,1,country_wd
Q31396439,Odora,,1,0,36.3,hill,1,country_wd
Q31396441,Lepgnec,,1,0,36.3,hill,1,country_wd
Q31396443,Ladwong,,1,0,36.3,hill,1,country_wd
Q31396444,Lolim,,1,0,36.3,hill,1,country_wd
Q31396445,Opokopung,,1,0,36.3,hill,1,country_wd
Q31396446,Lolim,,1,0,36.3,hill,1,country_wd
Q31396448,Lepgnec II,,1,0,36.3,hill,1,country_wd
Q31396450,Pandera,,1,0,36.3,hill,1,country_wd
Q31396452,Bungu,,1,0,36.3,hill,1,country_wd
Q31396453,Koc,,1,0,36.3,hill,1,country_wd
Q31396454,Kasongoire,,1,0,36.3,hill,1,country_wd
Q31396455,Nyamagita,,1,0,36.3,hill,1,country_wd
Q31396457,Kimina,,1,0,36.3,hill,1,country_wd
Q31396459,Kitwanga,,1,0,36.3,hill,1,country_wd
Q31396460,Kakindo,,1,0,36.3,hill,1,country_wd
Q31396461,Paraa,,1,0,36.3,hill,1,country_wd
Q31396462,Atera,,1,0,36.3,hill,1,country_wd
Q31396463,Nyalighaya,,1,0,36.3,hill,1,country_wd
Q31396464,Liri,,1,0,36.3,hill,1,country_wd
Q31396465,Orom,,1,0,36.3,hill,1,country_wd
Q31396466,Gul,,1,0,36.3,hill,1,country_wd
Q31396467,Laguti,,1,0,36.3,hill,1,country_wd
Q31396468,Ladyer,,1,0,36.3,hill,1,country_wd
Q31396469,Amoko,,1,0,36.3,hill,1,country_wd
Q31396470,Loto,,1,0,36.3,hill,1,country_wd
Q31396471,Ibong,,1,0,36.3,hill,1,country_wd
Q31396472,Labwordwong,,1,0,36.3,hill,1,country_wd
Q31396473,Kopaki,,1,0,36.3,hill,1,country_wd
Q31396475,Kokwam,,1,0,36.3,hill,1,country_wd
Q31396479,Kijuth,,1,0,36.3,hill,1,country_wd
Q31396480,Nangolemuria,,1,0,36.3,hill,1,country_wd
Q31396483,Ngothapili,,1,0,36.3,hill,1,country_wd
Q31396485,Obyen,,1,0,36.3,hill,1,country_wd
Q31396487,Gwiri,,1,0,36.3,hill,1,country_wd
Q31396488,Nyama,,1,0,36.3,hill,1,country_wd
Q31396489,Lagotemelong,,1,0,36.3,hill,1,country_wd
Q31396490,Luluko,,1,0,36.3,hill,1,country_wd
Q31396491,Tultul,,1,0,36.3,hill,1,country_wd
Q31396492,Lodapal,,1,0,36.3,hill,1,country_wd
Q31396493,Lonyil,,1,0,36.3,hill,1,country_wd
Q31396494,Lokitete,,1,0,36.3,hill,1,country_wd
Q31396495,Lomithinik,,1,0,36.3,hill,1,country_wd
Q31396496,Lungiriyani,,1,0,36.3,hill,1,country_wd
Q31396498,Longiya,,1,0,36.3,hill,1,country_wd
Q31396499,Morunyang,,1,0,36.3,hill,1,country_wd
Q31396500,Obwore,,1,0,36.3,hill,1,country_wd
Q31396502,Mototi,,1,0,36.3,hill,1,country_wd
Q31396503,Nabonya,,1,0,36.3,hill,1,country_wd
Q31396504,Napakaagaran,,1,0,36.3,hill,1,country_wd
Q31396505,Kamuria,,1,0,36.3,hill,1,country_wd
Q31396506,Napori Hills,,1,0,36.3,hill,1,country_wd
Q31396507,Natukey,,1,0,36.3,hill,1,country_wd
Q31396508,Namamogweny,,1,0,36.3,hill,1,country_wd
Q31396509,Kalabi,,1,0,36.3,hill,1,country_wd
Q31396510,Kareki,,1,0,36.3,hill,1,country_wd
Q31396511,Kakine,,1,0,36.3,hill,1,country_wd
Q31396512,Lalakwang,,1,0,36.3,hill,1,country_wd
Q31396513,Katurum,,1,0,36.3,hill,1,country_wd
Q31396514,Adili,,1,0,36.3,hill,1,country_wd
Q31396515,Palubec,,1,0,36.3,hill,1,country_wd
Q31396516,Naturkankalemkwes,,1,0,36.3,hill,1,country_wd
Q31396518,Moruethe,,1,0,36.3,hill,1,country_wd
Q31396519,Loburiolowak,,1,0,36.3,hill,1,country_wd
Q31396520,Naruchom,,1,0,36.3,hill,1,country_wd
Q31396521,Agoro,,1,0,36.3,hill,1,country_wd
Q31396523,Nawiyaro,,1,0,36.3,hill,1,country_wd
Q31396524,Kopem,,1,0,36.3,hill,1,country_wd
Q31396525,Taan Hills,,1,0,36.3,hill,1,country_wd
Q31396526,Natheperoi,,1,0,36.3,hill,1,country_wd
Q31396527,Mengo Hill,,1,0,36.3,hill,1,country_wd
Q31396528,Kalingorok,,1,0,36.3,hill,1,country_wd
Q31396531,Loritit,,1,0,36.3,hill,1,country_wd
Q31396532,Kotukol,,1,0,36.3,hill,1,country_wd
Q31396533,Kapalimakale,,1,0,36.3,hill,1,country_wd
Q31396534,Moru-Alim,,1,0,36.3,hill,1,country_wd
Q31396535,Lokerlaut,,1,0,36.3,hill,1,country_wd
Q31396536,Kapedorr,,1,0,36.3,hill,1,country_wd
Q31396538,Kakorlo,,1,0,36.3,hill,1,country_wd
Q31396539,Kamodio,,1,0,36.3,hill,1,country_wd
Q31396540,Lokithilel,,1,0,36.3,hill,1,country_wd
Q31396541,Namunyet,,1,0,36.3,hill,1,country_wd
Q31396542,Lokolomis,,1,0,36.3,hill,1,country_wd
Q31396543,Moru-Torong,,1,0,36.3,hill,1,country_wd
Q31396545,Lotakelo,,1,0,36.3,hill,1,country_wd
Q31396547,Komakatai,,1,0,36.3,hill,1,country_wd
Q31396548,Morueris,,1,0,36.3,hill,1,country_wd
Q31396549,Lotogoi,,1,0,36.3,hill,1,country_wd
Q31396550,Kapwata,,1,0,36.3,hill,1,country_wd
Q31396551,Koruaka,,1,0,36.3,hill,1,country_wd
Q31396552,Oriongeita,,1,0,36.3,hill,1,country_wd
Q31396553,Agiritoi,,1,0,36.3,hill,1,country_wd
Q31396554,Kasimeri,,1,0,36.3,hill,1,country_wd
Q31396555,Irrion,,1,0,36.3,hill,1,country_wd
Q31396556,Sogolomon,,1,0,36.3,hill,1,country_wd
Q31396559,Komekwiya,,1,0,36.3,hill,1,country_wd
Q31396560,Reretiang,,1,0,36.3,hill,1,country_wd
Q31396561,Kaijamital,,1,0,36.3,hill,1,country_wd
Q31396562,Mitulwanyi,,1,0,36.3,hill,1,country_wd
Q31396563,Komokatal,,1,0,36.3,hill,1,country_wd
Q31396564,Narokuma,,1,0,36.3,hill,1,country_wd
Q31396565,Asilang,,1,0,36.3,hill,1,country_wd
Q31396566,Lopimkoyo,,1,0,36.3,hill,1,country_wd
Q31396567,Nawokonya,,1,0,36.3,hill,1,country_wd
Q31396569,Nakimalas,,1,0,36.3,hill,1,country_wd
Q31396570,Lomuriaperit,,1,0,36.3,hill,1,country_wd
Q31396571,Motire,,1,0,36.3,hill,1,country_wd
Q31396572,Kemakata,,1,0,36.3,hill,1,country_wd
Q31396573,Apatasiro,,1,0,36.3,hill,1,country_wd
Q31396574,Kakogh,,1,0,36.3,hill,1,country_wd
Q31396575,Kaleuro,,1,0,36.3,hill,1,country_wd
Q31396576,Kacalakin,,1,0,36.3,hill,1,country_wd
Q31396578,Kapeyelel,,1,0,36.3,hill,1,country_wd
Q31396579,Kalorakal,,1,0,36.3,hill,1,country_wd
Q31396580,Akuco,,1,0,36.3,hill,1,country_wd
Q31396581,Okat,,1,0,36.3,hill,1,country_wd
Q31396582,Lopokoro,,1,0,36.3,hill,1,country_wd
Q31396583,Murut,,1,0,36.3,hill,1,country_wd
Q31396584,Bunalwenyi,,1,0,36.3,hill,1,country_wd
Q31396585,Naigoma,,1,0,36.3,hill,1,country_wd
Q31396587,Luwalambago,,1,0,36.3,hill,1,country_wd
Q31396588,Iyingo,,1,0,36.3,hill,1,country_wd
Q31396589,Kinawambuzi,,1,0,36.3,hill,1,country_wd
Q31396590,Lwandera,,1,0,36.3,hill,1,country_wd
Q31396591,Kirinya,,1,0,36.3,hill,1,country_wd
Q31396593,Kinamaswa,,1,0,36.3,hill,1,country_wd
Q31396594,Nakalyango,,1,0,36.3,hill,1,country_wd
Q31396595,Namayebe,,1,0,36.3,hill,1,country_wd
Q31396596,Nabukunjwi,,1,0,36.3,hill,1,country_wd
Q31396598,Vumangabo,,1,0,36.3,hill,1,country_wd
Q31396601,Mizizingo,,1,0,36.3,hill,1,country_wd
Q31396602,Dagusi,,1,0,36.3,hill,1,country_wd
Q31396604,Bugali,,1,0,36.3,hill,1,country_wd
Q31396605,Mabuka,,1,0,36.3,hill,1,country_wd
Q31396606,Bukereye,,1,0,36.3,hill,1,country_wd
Q31396607,Busisama,,1,0,36.3,hill,1,country_wd
Q31396608,Bukone,,1,0,36.3,hill,1,country_wd
Q31396609,Buduma,,1,0,36.3,hill,1,country_wd
Q31396610,Ivumangabo,,1,0,36.3,hill,1,country_wd
Q31396612,Bulolombe,,1,0,36.3,hill,1,country_wd
Q31396613,Kasoga,,1,0,36.3,hill,1,country_wd
Q31396614,Mukuna,,1,0,36.3,hill,1,country_wd
Q31396615,Nankakwa,,1,0,36.3,hill,1,country_wd
Q31396616,Kanwanoyoni,,1,0,36.3,hill,1,country_wd
Q31396617,Nakanyago,,1,0,36.3,hill,1,country_wd
Q31396618,Muiri,,1,0,36.3,hill,1,country_wd
Q31396620,Kanywango,,1,0,36.3,hill,1,country_wd
Q31396621,Wanbera,,1,0,36.3,hill,1,country_wd
Q31396622,Mpulwe,,1,0,36.3,hill,1,country_wd
Q31396623,Lwayenge,,1,0,36.3,hill,1,country_wd
Q31396624,Namunyoro,,1,0,36.3,hill,1,country_wd
Q31396625,Italeyatome,,1,0,36.3,hill,1,country_wd
Q31396628,Luvunyo,,1,0,36.3,hill,1,country_wd
Q31396629,Lwolwe,,1,0,36.3,hill,1,country_wd
Q31396630,Bukalabati,,1,0,36.3,hill,1,country_wd
Q31396632,Namakeba,,1,0,36.3,hill,1,country_wd
Q31396633,Olamusa,,1,0,36.3,hill,1,country_wd
Q31396634,Busizi,,1,0,36.3,hill,1,country_wd
Q31396635,Kifudwe,,1,0,36.3,hill,1,country_wd
Q31396636,Tojja,,1,0,36.3,hill,1,country_wd
Q31396637,Bwanika,,1,0,36.3,hill,1,country_wd
Q31396639,Mpuga S,,1,0,36.3,hill,1,country_wd
Q31396640,Nampala,,1,0,36.3,hill,1,country_wd
Q31396641,Sindiro,,1,0,36.3,hill,1,country_wd
Q31396642,Nalubale,,1,0,36.3,hill,1,country_wd
Q31396643,Musozi,,1,0,36.3,hill,1,country_wd
Q31396645,Nakituba,,1,0,36.3,hill,1,country_wd
Q31396646,Katwala,,1,0,36.3,hill,1,country_wd
Q31396647,Nyonja,,1,0,36.3,hill,1,country_wd
Q31396648,Marija,,1,0,36.3,hill,1,country_wd
Q31396649,Waitwe,,1,0,36.3,hill,1,country_wd
Q31396650,Nambogwe,,1,0,36.3,hill,1,country_wd
Q31396651,Lingira,,1,0,36.3,hill,1,country_wd
Q31396652,Musoto,,1,0,36.3,hill,1,country_wd
Q31396653,Lwamuyaba,,1,0,36.3,hill,1,country_wd
Q31396655,Busimamengo,,1,0,36.3,hill,1,country_wd
Q31396656,Bubere,,1,0,36.3,hill,1,country_wd
Q31396657,Nawaitale,,1,0,36.3,hill,1,country_wd
Q31396658,Namuenbe,,1,0,36.3,hill,1,country_wd
Q31396659,Namwezi,,1,0,36.3,hill,1,country_wd
Q31396660,Lugalambo,,1,0,36.3,hill,1,country_wd
Q31396661,Namanyoni,,1,0,36.3,hill,1,country_wd
Q31396662,Bulumagi,,1,0,36.3,hill,1,country_wd
Q31396663,Nakibizzi,,1,0,36.3,hill,1,country_wd
Q31396664,Walukuba,,1,0,36.3,hill,1,country_wd
Q31396665,Kjrinya,,1,0,36.3,hill,1,country_wd
Q31396666,Namaziba,,1,0,36.3,hill,1,country_wd
Q31396667,Kitigoma,,1,0,36.3,hill,1,country_wd
Q31396668,Najembe,,1,0,36.3,hill,1,country_wd
Q31396670,Mawangala,,1,0,36.3,hill,1,country_wd
Q31396671,Nangulwe,,1,0,36.3,hill,1,country_wd
Q31396672,Butabira,,1,0,36.3,hill,1,country_wd
Q31396673,Kiwanyi,,1,0,36.3,hill,1,country_wd
Q31396674,Mpulusi,,1,0,36.3,hill,1,country_wd
Q31396675,Kasubi,,1,0,36.3,hill,1,country_wd
Q31396676,Namukono,,1,0,36.3,hill,1,country_wd
Q31396677,Wantayi,,1,0,36.3,hill,1,country_wd
Q31396678,Ggoli,,1,0,36.3,hill,1,country_wd
Q31396679,Walugali,,1,0,36.3,hill,1,country_wd
Q31396681,Lwaserima,,1,0,36.3,hill,1,country_wd
Q31396682,Busagazi,,1,0,36.3,hill,1,country_wd
Q31396683,Lwanzuuma,,1,0,36.3,hill,1,country_wd
Q31396684,Busimbo,,1,0,36.3,hill,1,country_wd
Q31396685,Kyanja,,1,0,36.3,hill,1,country_wd
Q31396686,Kabulengwa,,1,0,36.3,hill,1,country_wd
Q31396687,Nansana,,1,0,36.3,hill,1,country_wd
Q31396689,Kulambiro,,1,0,36.3,hill,1,country_wd
Q31396690,Ntebetebe,,1,0,36.3,hill,1,country_wd
Q31396691,Kyeyitabya,,1,0,36.3,hill,1,country_wd
Q31396692,Lubya,,1,0,36.3,hill,1,country_wd
Q31396693,Nakabugo,,1,0,36.3,hill,1,country_wd
Q31396694,Kaboja,,1,0,36.3,hill,1,country_wd
Q31396695,Bandwe,,1,0,36.3,hill,1,country_wd
Q31396696,Kiwala,,1,0,36.3,hill,1,country_wd
Q31396697,Kirenzi,,1,0,36.3,hill,1,country_wd
Q31396699,Wagala,,1,0,36.3,hill,1,country_wd
Q31396700,Nakaseta,,1,0,36.3,hill,1,country_wd
Q31396701,Bulgya,,1,0,36.3,hill,1,country_wd
Q31396702,Namalima,,1,0,36.3,hill,1,country_wd
Q31396703,Kavule,,1,0,36.3,hill,1,country_wd
Q31396705,Naminya,,1,0,36.3,hill,1,country_wd
Q31396707,Namawi,,1,0,36.3,hill,1,country_wd
Q31396708,Nansenya,,1,0,36.3,hill,1,country_wd
Q31396709,Namaliga,,1,0,36.3,hill,1,country_wd
Q31396710,Nabalanga,,1,0,36.3,hill,1,country_wd
Q31396711,Kikoma,,1,0,36.3,hill,1,country_wd
Q31396712,Mulajje,,1,0,36.3,hill,1,country_wd
Q31396713,Nakalwe,,1,0,36.3,hill,1,country_wd
Q31396715,Nantula,,1,0,36.3,hill,1,country_wd
Q31396716,Wasozi,,1,0,36.3,hill,1,country_wd
Q31396718,Masajja,,1,0,36.3,hill,1,country_wd
Q31396719,Semanune,,1,0,36.3,hill,1,country_wd
Q31396721,Kanabba,,1,0,36.3,hill,1,country_wd
Q31396723,Kiterede,,1,0,36.3,hill,1,country_wd
Q31396724,Kisinsi,,1,0,36.3,hill,1,country_wd
Q31396725,Bbanga,,1,0,36.3,hill,1,country_wd
Q31396726,Kyantama,,1,0,36.3,hill,1,country_wd
Q31396727,Namuyimba,,1,0,36.3,hill,1,country_wd
Q31396729,Bwebajja,,1,0,36.3,hill,1,country_wd
Q31396732,Namwez,,1,0,36.3,hill,1,country_wd
Q31396733,Namuliya,,1,0,36.3,hill,1,country_wd
Q31396734,Nagunga,,1,0,36.3,hill,1,country_wd
Q31396736,Mawokwe,,1,0,36.3,hill,1,country_wd
Q31396737,Mayirikiti,,1,0,36.3,hill,1,country_wd
Q31396740,Nyemerwa,,1,0,36.3,hill,1,country_wd
Q31396741,Nakanja,,1,0,36.3,hill,1,country_wd
Q31396743,Nalusonga,,1,0,36.3,hill,1,country_wd
Q31396744,Magunda,,1,0,36.3,hill,1,country_wd
Q31396746,Luyobyo,,1,0,36.3,hill,1,country_wd
Q31396747,Naluwamba,,1,0,36.3,hill,1,country_wd
Q31396749,Kisigula,,1,0,36.3,hill,1,country_wd
Q31396751,Namugolola,,1,0,36.3,hill,1,country_wd
Q31396752,Buyanya,,1,0,36.3,hill,1,country_wd
Q31396753,Kyazi,,1,0,36.3,hill,1,country_wd
Q31396754,Kitamiro,,1,0,36.3,hill,1,country_wd
Q31396755,Namaiba,,1,0,36.3,hill,1,country_wd
Q31396756,Nyambiga,,1,0,36.3,hill,1,country_wd
Q31396757,Kyakafuhi,,1,0,36.3,hill,1,country_wd
Q31396758,Kyakituni,,1,0,36.3,hill,1,country_wd
Q31396760,Kyaruhinda,,1,0,36.3,hill,1,country_wd
Q31396762,Kasita,,1,0,36.3,hill,1,country_wd
Q31396764,Nyamajuna,,1,0,36.3,hill,1,country_wd
Q31396765,Nyakonera,,1,0,36.3,hill,1,country_wd
Q31396766,Sindikwa,,1,0,36.3,hill,1,country_wd
Q31396767,Luesenene,,1,0,36.3,hill,1,country_wd
Q31396768,Kabahonga,,1,0,36.3,hill,1,country_wd
Q31396770,Karuboijo,,1,0,36.3,hill,1,country_wd
Q31396771,Muhangi,,1,0,36.3,hill,1,country_wd
Q31396772,Kasekere,,1,0,36.3,hill,1,country_wd
Q31396773,Kagura,,1,0,36.3,hill,1,country_wd
Q31396775,Bwenderwa,,1,0,36.3,hill,1,country_wd
Q31396776,Busaiga,,1,0,36.3,hill,1,country_wd
Q31396777,Butolya,,1,0,36.3,hill,1,country_wd
Q31396778,Kichyo,,1,0,36.3,hill,1,country_wd
Q31396780,Karuga,,1,0,36.3,hill,1,country_wd
Q31396781,Katinga,,1,0,36.3,hill,1,country_wd
Q31396782,Chichwa,,1,0,36.3,hill,1,country_wd
Q31396783,Karewaro,,1,0,36.3,hill,1,country_wd
Q31396785,Kasuli,,1,0,36.3,hill,1,country_wd
Q31396786,Burongo,,1,0,36.3,hill,1,country_wd
Q31396787,Kigere,,1,0,36.3,hill,1,country_wd
Q31396788,Kyeganywa,,1,0,36.3,hill,1,country_wd
Q31396789,Kalyango,,1,0,36.3,hill,1,country_wd
Q31396790,Mahyorro,,1,0,36.3,hill,1,country_wd
Q31396791,Kyabogo,,1,0,36.3,hill,1,country_wd
Q31396793,Hamugoma,,1,0,36.3,hill,1,country_wd
Q31396794,Kizimba,,1,0,36.3,hill,1,country_wd
Q31396795,Mperre,,1,0,36.3,hill,1,country_wd
Q31396796,Biseke,,1,0,36.3,mountain ridge,1,country_wd
Q31396797,Butini,,1,0,36.3,hill,1,country_wd
Q31396798,Kimiri,,1,0,36.3,hill,1,country_wd
Q31396799,Kitabona,,1,0,36.3,hill,1,country_wd
Q31396800,Bujabara,,1,0,36.3,hill,1,country_wd
Q31396801,Kibora,,1,0,36.3,hill,1,country_wd
Q31396802,Kanyambanika,,1,0,36.3,hill,1,country_wd
Q31396803,Nyakitandire,,1,0,36.3,hill,1,country_wd
Q31396804,Mundama,,1,0,36.3,hill,1,country_wd
Q31396805,Kanukanimi,,1,0,36.3,hill,1,country_wd
Q31396806,Inini,,1,0,36.3,hill,1,country_wd
Q31396807,Bukoni,,1,0,36.3,hill,1,country_wd
Q31396808,Kijenga,,1,0,36.3,hill,1,country_wd
Q31396809,Mwocha,,1,0,36.3,hill,1,country_wd
Q31396810,Bwabya,,1,0,36.3,hill,1,country_wd
Q31396811,Nyamihera,,1,0,36.3,hill,1,country_wd
Q31396812,Kirota,,1,0,36.3,hill,1,country_wd
Q31396813,Ntezi,,1,0,36.3,hill,1,country_wd
Q31396814,Kinyansi,,1,0,36.3,hill,1,country_wd
Q31396817,Buhumba,,1,0,36.3,hill,1,country_wd
Q31396818,Jumnayanza,,1,0,36.3,hill,1,country_wd
Q31396819,Kyabalobya,,1,0,36.3,hill,1,country_wd
Q31396821,Tibumara,,1,0,36.3,hill,1,country_wd
Q31396822,Kyakachali,,1,0,36.3,hill,1,country_wd
Q31396823,Kabulisoke,,1,0,36.3,hill,1,country_wd
Q31396824,Mjavo,,1,0,36.3,hill,1,country_wd
Q31396825,Kyakanyange,,1,0,36.3,hill,1,country_wd
Q31396827,Kichuna,,1,0,36.3,hill,1,country_wd
Q31396828,Kansenene,,1,0,36.3,hill,1,country_wd
Q31396829,Kyakabaka,,1,0,36.3,hill,1,country_wd
Q31396830,Buzinda,,1,0,36.3,hill,1,country_wd
Q31396831,Muhoti,,1,0,36.3,hill,1,country_wd
Q31396832,Makulima,,1,0,36.3,hill,1,country_wd
Q31396833,Dwakasama,,1,0,36.3,hill,1,country_wd
Q31396834,Nyabuhuka,,1,0,36.3,hill,1,country_wd
Q31396835,Kyakiroro,,1,0,36.3,hill,1,country_wd
Q31396836,Kisamutongole,,1,0,36.3,hill,1,country_wd
Q31396837,Mahangwe,,1,0,36.3,hill,1,country_wd
Q31396838,Dyabugabo,,1,0,36.3,hill,1,country_wd
Q31396839,Nyakasi,,1,0,36.3,hill,1,country_wd
Q31396840,Kasozi,,1,0,36.3,hill,1,country_wd
Q31396841,Nyanono,,1,0,36.3,hill,1,country_wd
Q31396842,Kajuma,,1,0,36.3,hill,1,country_wd
Q31396843,Lwensenene,,1,0,36.3,hill,1,country_wd
Q31396844,Rukomero,,1,0,36.3,hill,1,country_wd
Q31396846,Lwakayubo,,1,0,36.3,hill,1,country_wd
Q31396847,Chakatimba,,1,0,36.3,hill,1,country_wd
Q31396848,Gilberta,,1,0,36.3,hill,1,country_wd
Q31396849,Kyamizima,,1,0,36.3,hill,1,country_wd
Q31396850,Kyakazini,,1,0,36.3,hill,1,country_wd
Q31396851,Kanyamukerere,,1,0,36.3,hill,1,country_wd
Q31396852,Mwihani,,1,0,36.3,hill,1,country_wd
Q31396853,Bwikaraga,,1,0,36.3,hill,1,country_wd
Q31396854,Kisomora,,1,0,36.3,hill,1,country_wd
Q31396855,Mugura,,1,0,36.3,hill,1,country_wd
Q31396856,Isule,,1,0,36.3,hill,1,country_wd
Q31396857,Irinda,,1,0,36.3,hill,1,country_wd
Q31396858,Kimahonda,,1,0,36.3,hill,1,country_wd
Q31396859,Malanjara,,1,0,36.3,hill,1,country_wd
Q31396860,Katebe,,1,0,36.3,hill,1,country_wd
Q31396861,Kamigani,,1,0,36.3,hill,1,country_wd
Q31396862,Nyamirima,,1,0,36.3,hill,1,country_wd
Q31396863,Durama,,1,0,36.3,hill,1,country_wd
Q31396864,Kasojo,,1,0,36.3,hill,1,country_wd
Q31396865,Kyamudibya,,1,0,36.3,hill,1,country_wd
Q31396867,Butanzi,,1,0,36.3,hill,1,country_wd
Q31396868,Nyamisika,,1,0,36.3,hill,1,country_wd
Q31396869,Nyakatojo,,1,0,36.3,hill,1,country_wd
Q31396871,Kaisenika,,1,0,36.3,hill,1,country_wd
Q31396873,Nsenze,,1,0,36.3,hill,1,country_wd
Q31396874,Kyakato,,1,0,36.3,hill,1,country_wd
Q31396875,Kyaninamirima,,1,0,36.3,hill,1,country_wd
Q31396876,Kibozo,,1,0,36.3,hill,1,country_wd
Q31396878,Nsazi,,1,0,36.3,hill,1,country_wd
Q31396879,Rwamugamba,,1,0,36.3,hill,1,country_wd
Q31396880,Kakabagyo,,1,0,36.3,hill,1,country_wd
Q31396881,Rwetera,,1,0,36.3,hill,1,country_wd
Q31396882,Nasiringe,,1,0,36.3,hill,1,country_wd
Q31396884,Budunyi,,1,0,36.3,hill,1,country_wd
Q31396885,Nyamalago,,1,0,36.3,hill,1,country_wd
Q31396886,Buyindi,,1,0,36.3,hill,1,country_wd
Q31396887,Funja,,1,0,36.3,hill,1,country_wd
Q31396888,Naininala,,1,0,36.3,hill,1,country_wd
Q31396889,Udiko,,1,0,36.3,hill,1,country_wd
Q31396890,Morkisuwa,,1,0,36.3,hill,1,country_wd
Q31396891,Kotucho,,1,0,36.3,hill,1,country_wd
Q31396892,Bubili,,1,0,36.3,hill,1,country_wd
Q31396894,Burwikha,,1,0,36.3,hill,1,country_wd
Q31396895,Gomora,,1,0,36.3,hill,1,country_wd
Q31396896,Bunkhone,,1,0,36.3,hill,1,country_wd
Q31396897,Sibina,,1,0,36.3,hill,1,country_wd
Q31396898,Lidira,,1,0,36.3,hill,1,country_wd
Q31396899,Nekoshe,,1,0,36.3,hill,1,country_wd
Q31396900,Bukoma,,1,0,36.3,hill,1,country_wd
Q31396901,Lwandubi,,1,0,36.3,hill,1,country_wd
Q31396902,Bukoyi,,1,0,36.3,hill,1,country_wd
Q31396904,Khamururi,,1,0,36.3,hill,1,country_wd
Q31396906,Sihira,,1,0,36.3,hill,1,country_wd
Q31396907,Lusaba,,1,0,36.3,hill,1,country_wd
Q31396909,Kwelwemuna,,1,0,36.3,hill,1,country_wd
Q31396910,Bumusomi,,1,0,36.3,hill,1,country_wd
Q31396914,Busibo,,1,0,36.3,hill,1,country_wd
Q31396915,Butingo,,1,0,36.3,hill,1,country_wd
Q31396916,Nekombe,,1,0,36.3,hill,1,country_wd
Q31396917,Bukaya,,1,0,36.3,hill,1,country_wd
Q31396918,Bumanye,,1,0,36.3,hill,1,country_wd
Q31396919,Khanje,,1,0,36.3,hill,1,country_wd
Q31396920,Wokukiri,,1,0,36.3,hill,1,country_wd
Q31396921,Kimaluli,,1,0,36.3,hill,1,country_wd
Q31396922,Bumatanda,,1,0,36.3,hill,1,country_wd
Q31396923,Butunga,,1,0,36.3,hill,1,country_wd
Q31396924,Buwuni,,1,0,36.3,hill,1,country_wd
Q31454877,The Caldera,,1,0,36.3,crater,1,country_wd
Q31525843,Lokwangamoru,,1,0,36.3,hill,1,country_wd
Q31525860,Zulia,,1,0,36.3,mountain,1,country_wd
Q31525876,Wati,,1,0,36.3,mountain,1,country_wd
Q31525893,Watamagufu,,1,0,36.3,summit,1,country_wd
Q31525910,Wanale,,1,0,36.3,mountain,1,country_wd
Q31525926,Waisembe,,1,0,36.3,mountain,1,country_wd
Q31525942,Wagagai,,1,0,36.3,summit,1,country_wd
Q31525957,Uguruku,,1,0,36.3,hill,1,country_wd
Q31525974,Odyaa,,1,0,36.3,mountain,1,country_wd
Q31525990,Turkana,,1,0,36.3,mountain,1,country_wd
Q31526004,Tukat,,1,0,36.3,mountain,1,country_wd
Q31526019,Toror,,1,0,36.3,mountain,1,country_wd
Q31526036,Tiya,,1,0,36.3,mountain,1,country_wd
Q31526053,Thokotukei,,1,0,36.3,mountain,1,country_wd
Q31526072,Susok,,1,0,36.3,mountain,1,country_wd
Q31526105,Sogwass,,1,0,36.3,mountain,1,country_wd
Q31526123,Singiro,,1,0,36.3,mountain,1,country_wd
Q31526140,Shisha,,1,0,36.3,mountain,1,country_wd
Q31526156,Segururu,,1,0,36.3,mountain,1,country_wd
Q31526173,Segeru,,1,0,36.3,hill,1,country_wd
Q31526191,Rwemiaga,,1,0,36.3,mountain,1,country_wd
Q31526207,Rwangirire,,1,0,36.3,mountain,1,country_wd
Q31526224,Rwamunyonyi,,1,0,36.3,mountain,1,country_wd
Q31526242,Rwampungu,,1,0,36.3,mountain,1,country_wd
Q31526259,Rwamahano,,1,0,36.3,mountain,1,country_wd
Q31526276,Rwakatwaro,,1,0,36.3,mountain,1,country_wd
Q31526292,Rutebe,,1,0,36.3,mountain,1,country_wd
Q31526310,Rusho,,1,0,36.3,mountain,1,country_wd
Q31526327,Rugarama,,1,0,36.3,mountain,1,country_wd
Q31526344,Rubeya,,1,0,36.3,mountain,1,country_wd
Q31526360,Ruachibi,,1,0,36.3,mountain,1,country_wd
Q31526377,Rom III,,1,0,36.3,mountain,1,country_wd
Q31526395,Rom,,1,0,36.3,mountain,1,country_wd
Q31526411,Riwa,,1,0,36.3,mountain,1,country_wd
Q31526430,Rabongo,,1,0,36.3,mountain,1,country_wd
Q31526447,Puta,,1,0,36.3,mountain,1,country_wd
Q31526464,Pupu,,1,0,36.3,hill,1,country_wd
Q31526475,Pogonga,,1,0,36.3,mountain,1,country_wd
Q31526483,Parabongo,,1,0,36.3,mountain,1,country_wd
Q31526493,Pakuen,,1,0,36.3,mountain,1,country_wd
Q31526508,Otzi,,1,0,36.3,mountain,1,country_wd
Q31526526,Otukei,,1,0,36.3,mountain,1,country_wd
Q31526544,Oniangoli,,1,0,36.3,mountain,1,country_wd
Q31526559,Old Rom,,1,0,36.3,mountain,1,country_wd
Q31526575,Ikolong,,1,0,36.3,mountain,1,country_wd
Q31526593,Okagu,,1,0,36.3,mountain,1,country_wd
Q31526609,Ogogokudu,,1,0,36.3,hill,1,country_wd
Q31526627,Ogili,,1,0,36.3,mountain,1,country_wd
Q31526670,Nyeri,,1,0,36.3,mountain,1,country_wd
Q31526689,Nyarulambe,,1,0,36.3,mountain,1,country_wd
Q31526705,Nyankubebe,,1,0,36.3,mountain,1,country_wd
Q31526722,Nyanfuko,,1,0,36.3,mountain,1,country_wd
Q31526740,Nyamitsindo,,1,0,36.3,mountain,1,country_wd
Q31526757,Nyamichuchu,,1,0,36.3,mountain,1,country_wd
Q31526773,Nyambatabata,,1,0,36.3,mountain,1,country_wd
Q31526789,Nyamatovu,,1,0,36.3,summit,1,country_wd
Q31526807,Nyakwai,,1,0,36.3,mountain,1,country_wd
Q31526823,Nyakiriro,,1,0,36.3,mountain,1,country_wd
Q31526840,Nyaigulu,,1,0,36.3,mountain,1,country_wd
Q31526859,Nyabwishenyi,,1,0,36.3,mountain,1,country_wd
Q31526887,Nyabwigyegyeza,,1,0,36.3,mountain,1,country_wd
Q31526899,Nyabikenke,,1,0,36.3,mountain,1,country_wd
Q31526916,Ntsinda,,1,0,36.3,mountain,1,country_wd
Q31526932,Ntoma,,1,0,36.3,mountain,1,country_wd
Q31526949,Ntendule,,1,0,36.3,mountain,1,country_wd
Q31526968,Nshungyezi,,1,0,36.3,mountain,1,country_wd
Q31526985,Mont Ngabua,,1,0,36.3,mountain,1,country_wd
Q31527002,Njembe,,1,0,36.3,mountain,1,country_wd
Q31527020,Niarhuti,,1,0,36.3,mountain,1,country_wd
Q31527036,Ngirisi,,1,0,36.3,mountain,1,country_wd
Q31527048,Ngezi,,1,0,36.3,mountain,1,country_wd
Q31527081,Ngara,,1,0,36.3,mountain,1,country_wd
Q31527114,Naringepak,,1,0,36.3,mountain,1,country_wd
Q31527129,Napono,,1,0,36.3,mountain,1,country_wd
Q31527146,Napak,,1,0,36.3,mountain,1,country_wd
Q31527165,Nangara,,1,0,36.3,mountain,1,country_wd
Q31527181,Namomoi,,1,0,36.3,mountain,1,country_wd
Q31527198,Nakarach,,1,0,36.3,mountain,1,country_wd
Q31527215,Nakadapalait,,1,0,36.3,mountain,1,country_wd
Q31527231,Naguru,,1,0,36.3,hill,1,country_wd
Q31527249,Nabakete,,1,0,36.3,mountain,1,country_wd
Q31527265,Mwinoni,,1,0,36.3,mountain,1,country_wd
Q31527281,Mwihibagiro,,1,0,36.3,mountain,1,country_wd
Q31527297,Muzoa,,1,0,36.3,mountain,1,country_wd
Q31527314,Muyebe,,1,0,36.3,mountain,1,country_wd
Q31527331,Musharazezi,,1,0,36.3,mountain,1,country_wd
Q31527348,Musanje,,1,0,36.3,mountain,1,country_wd
Q31527366,Munyoni,,1,0,36.3,mountain,1,country_wd
Q31527385,Mukungu,,1,0,36.3,mountain,1,country_wd
Q31527402,Muhoko,,1,0,36.3,mountain,1,country_wd
Q31527419,Muhito,,1,0,36.3,mountain,1,country_wd
Q31527437,Mugei,,1,0,36.3,mountain,1,country_wd
Q31527454,Muendo,,1,0,36.3,mountain,1,country_wd
Q31527470,Mubiyi,,1,0,36.3,summit,1,country_wd
Q31527487,Mubale,,1,0,36.3,mountain,1,country_wd
Q31527504,Mpungu,,1,0,36.3,mountain,1,country_wd
Q31527520,Mpumuru,,1,0,36.3,hill,1,country_wd
Q31527539,Mpanga,,1,0,36.3,mountain,1,country_wd
Q31527555,Motoro,,1,0,36.3,mountain,1,country_wd
Q31527588,Moroto,,1,0,36.3,mountain,1,country_wd
Q31527604,Mura,,1,0,36.3,mountain,1,country_wd
Q31527620,Mogandu,,1,0,36.3,mountain,1,country_wd
Q31527636,Mingaro,,1,0,36.3,mountain,1,country_wd
Q31527652,Marangara,,1,0,36.3,mountain,1,country_wd
Q31527667,Manda,,1,0,36.3,mountain,1,country_wd
Q31527684,Mafuga,,1,0,36.3,mountain,1,country_wd
Q31527701,Madi Opei,,1,0,36.3,mountain,1,country_wd
Q31527719,Lwala,,1,0,36.3,mountain,1,country_wd
Q31527736,Lulengyeri,,1,0,36.3,mountain,1,country_wd
Q31527753,Luku,,1,0,36.3,mountain,1,country_wd
Q31527769,Luhizha,,1,0,36.3,mountain,1,country_wd
Q31527786,Lubare,,1,0,36.3,mountain,1,country_wd
Q31527803,Loychuka,,1,0,36.3,mountain,1,country_wd
Q31527821,Lowapet,,1,0,36.3,mountain,1,country_wd
Q31527837,Lowakuj,,1,0,36.3,mountain,1,country_wd
Q31527856,Lotim,,1,0,36.3,mountain,1,country_wd
Q31527875,Losil,,1,0,36.3,mountain,1,country_wd
Q31527895,Lorigem,,1,0,36.3,mountain,1,country_wd
Q31527911,Lorero,,1,0,36.3,mountain,1,country_wd
Q31527930,Lorem,,1,0,36.3,mountain,1,country_wd
Q31527947,Loputhimoru,,1,0,36.3,hill,1,country_wd
Q31527966,Lopeichubei,,1,0,36.3,mountain,1,country_wd
Q31527982,Lomil,,1,0,36.3,mountain,1,country_wd
Q31527999,Lolim,,1,0,36.3,mountain,1,country_wd
Q31528015,Lokoromilia,,1,0,36.3,mountain,1,country_wd
Q31528030,Lokinene,,1,0,36.3,mountain,1,country_wd
Q31528048,Lokapel,,1,0,36.3,mountain,1,country_wd
Q31528063,Lodaja,,1,0,36.3,mountain,1,country_wd
Q31528083,Lobeluna,,1,0,36.3,mountain,1,country_wd
Q31528099,Lobaale,,1,0,36.3,mountain,1,country_wd
Q31528116,Liru,,1,0,36.3,mountain,1,country_wd
Q31528133,Kilak,,1,0,36.3,mountain,1,country_wd
Q31528150,Lamej,,1,0,36.3,mountain,1,country_wd
Q31528185,Lamwo,,1,0,36.3,mountain,1,country_wd
Q31528201,Lalak,,1,0,36.3,mountain,1,country_wd
Q31528217,Lakalale,,1,0,36.3,mountain,1,country_wd
Q31528234,Lagorlukuju,,1,0,36.3,mountain,1,country_wd
Q31528267,Kyangabo,,1,0,36.3,mountain,1,country_wd
Q31528283,Koten,,1,0,36.3,mountain,1,country_wd
Q31528299,Kapoth,,1,0,36.3,mountain,1,country_wd
Q31528316,Kopiyo,,1,0,36.3,mountain,1,country_wd
Q31528335,Kokoro,,1,0,36.3,mountain,1,country_wd
Q31528351,Kodiakori,,1,0,36.3,mountain,1,country_wd
Q31528368,Kochomin,,1,0,36.3,mountain,1,country_wd
Q31528382,Kochemaluk,,1,0,36.3,mountain,1,country_wd
Q31528398,Kizhuro,,1,0,36.3,mountain,1,country_wd
Q31528414,Kiyebe,,1,0,36.3,mountain,1,country_wd
Q31528430,Kitwa,,1,0,36.3,mountain,1,country_wd
Q31528444,Kiteny,,1,0,36.3,mountain,1,country_wd
Q31528463,Kishasha II,,1,0,36.3,mountain,1,country_wd
Q31528478,Kisasa,,1,0,36.3,mountain,1,country_wd
Q31528493,Kisana,,1,0,36.3,mountain,1,country_wd
Q31528510,Kihate,,1,0,36.3,mountain,1,country_wd
Q31528526,Kiduru,,1,0,36.3,hill,1,country_wd
Q31528542,Kichok,,1,0,36.3,mountain,1,country_wd
Q31528560,Kibuzige,,1,0,36.3,mountain,1,country_wd
Q31528578,Kibengo,,1,0,36.3,mountain,1,country_wd
Q31528593,Kiara,,1,0,36.3,mountain,1,country_wd
Q31528610,Kem,,1,0,36.3,mountain,1,country_wd
Q31528626,Kazikizi,,1,0,36.3,mountain,1,country_wd
Q31528642,Kawalakol,,1,0,36.3,mountain,1,country_wd
Q31528658,Kautaku,,1,0,36.3,hill,1,country_wd
Q31528673,Katwekembwa,,1,0,36.3,mountain,1,country_wd
Q31528688,Katorosa,,1,0,36.3,mountain,1,country_wd
Q31528703,Katoma,,1,0,36.3,mountain,1,country_wd
Q31528720,Katenga,,1,0,36.3,mountain,1,country_wd
Q31528737,Katendere,,1,0,36.3,mountain,1,country_wd
Q31528753,Katanzi,,1,0,36.3,mountain,1,country_wd
Q31528769,Kataba,,1,0,36.3,mountain,1,country_wd
Q31528787,Kasuro,,1,0,36.3,mountain,1,country_wd
Q31528803,Kasunju,,1,0,36.3,mountain,1,country_wd
Q31528820,Kasoni,,1,0,36.3,mountain,1,country_wd
Q31528833,Kasiru,,1,0,36.3,mountain,1,country_wd
Q31528847,Kashekye,,1,0,36.3,mountain,1,country_wd
Q31528864,Kashasha,,1,0,36.3,mountain,1,country_wd
Q31528880,Kasatora,,1,0,36.3,mountain,1,country_wd
Q31528897,Kangathep,,1,0,36.3,mountain,1,country_wd
Q31528915,Kanakapamor,,1,0,36.3,mountain,1,country_wd
Q31528931,Kanadap,,1,0,36.3,mountain,1,country_wd
Q31528948,Kanachiom,,1,0,36.3,mountain,1,country_wd
Q31528966,Kamusiri,,1,0,36.3,mountain,1,country_wd
Q31528982,Kamena,,1,0,36.3,mountain,1,country_wd
Q31528998,Kamalinyang,,1,0,36.3,mountain,1,country_wd
Q31529014,Kalimon,,1,0,36.3,mountain,1,country_wd
Q31529029,Kaleveru,,1,0,36.3,summit,1,country_wd
Q31529044,Kaleri,,1,0,36.3,mountain,1,country_wd
Q31529061,Kalakoliputh,,1,0,36.3,mountain,1,country_wd
Q31529077,Kakal,,1,0,36.3,mountain,1,country_wd
Q31529092,Kaiirere,,1,0,36.3,mountain,1,country_wd
Q31529110,Kagarama,,1,0,36.3,mountain,1,country_wd
Q31529131,Kadam,,1,0,36.3,mountain,1,country_wd
Q31529148,Kabutim,,1,0,36.3,mountain,1,country_wd
Q31529165,Kabuga,,1,0,36.3,mountain,1,country_wd
Q31529177,Kabuga,,1,0,36.3,mountain,1,country_wd
Q31529193,Jatat,,1,0,36.3,mountain,1,country_wd
Q31529210,Jacksons Summit,,1,0,36.3,summit,1,country_wd
Q31529226,Isozi,,1,0,36.3,mountain,1,country_wd
Q31529242,Isioro,,1,0,36.3,mountain,1,country_wd
Q31529258,Irembezi,,1,0,36.3,mountain,1,country_wd
Q31529275,Irashagye,,1,0,36.3,mountain,1,country_wd
Q31529293,Ilo,,1,0,36.3,mountain,1,country_wd
Q31529308,Ihunga,,1,0,36.3,mountain,1,country_wd
Q31529325,Ihunga,,1,0,36.3,mountain,1,country_wd
Q31529342,Ihunga,,1,0,36.3,mountain,1,country_wd
Q31529358,Igurua,,1,0,36.3,mountain,1,country_wd
Q31529380,Igisi,,1,0,36.3,mountain,1,country_wd
Q31529393,Ibok,,1,0,36.3,mountain,1,country_wd
Q31529411,Ibanda,,1,0,36.3,mountain,1,country_wd
Q31529428,Hambuga,,1,0,36.3,mountain,1,country_wd
Q31529444,Goula,,1,0,36.3,mountain,1,country_wd
Q31529462,Gortheg,,1,0,36.3,mountain,1,country_wd
Q31529479,Fuluma,,1,0,36.3,mountain,1,country_wd
Q31529496,Fondu,,1,0,36.3,hill,1,country_wd
Q31529512,Erusi,,1,0,36.3,mountain,1,country_wd
Q31529528,Erusi East,,1,0,36.3,mountain,1,country_wd
Q31529543,Duwach,,1,0,36.3,mountain,1,country_wd
Q31529559,Dingbulungbulu,,1,0,36.3,hill,1,country_wd
Q31529578,Chirongu,,1,0,36.3,mountain,1,country_wd
Q31529594,Chimondo,,1,0,36.3,mountain,1,country_wd
Q31529611,Chikunda,,1,0,36.3,mountain,1,country_wd
Q31529628,Chamsokera,,1,0,36.3,mountain,1,country_wd
Q31529633,Bwangyiro,,1,0,36.3,mountain,1,country_wd
Q31529641,Bwahwa,,1,0,36.3,mountain,1,country_wd
Q31529655,Butobole,,1,0,36.3,mountain,1,country_wd
Q31529672,Butimba,,1,0,36.3,mountain,1,country_wd
Q31529688,Burimbi,,1,0,36.3,mountain,1,country_wd
Q31529704,Bumondo,,1,0,36.3,mountain,1,country_wd
Q31529720,Bukusu,,1,0,36.3,mountain,1,country_wd
Q31529735,Buhungurua,,1,0,36.3,mountain,1,country_wd
Q31529748,Bugiri,,1,0,36.3,mountain,1,country_wd
Q31529761,Bugamba,,1,0,36.3,mountain,1,country_wd
Q31529778,Bubale,,1,0,36.3,mountain,1,country_wd
Q31529793,Bivungu,,1,0,36.3,mountain,1,country_wd
Q31529809,Bituntu,,1,0,36.3,mountain,1,country_wd
Q31529826,Birala,,1,0,36.3,mountain,1,country_wd
Q31529842,Biniga,,1,0,36.3,mountain,1,country_wd
Q31529860,Bikari,,1,0,36.3,mountain,1,country_wd
Q31529878,Bihangire,,1,0,36.3,mountain,1,country_wd
Q31529895,Bichuba,,1,0,36.3,mountain,1,country_wd
Q31529912,Bakers View,,1,0,36.3,mountain,1,country_wd
Q31529928,Ayass,,1,0,36.3,mountain,1,country_wd
Q31529946,Arebe,,1,0,36.3,mountain,1,country_wd
Q31529962,Angoremoru,,1,0,36.3,hill,1,country_wd
Q31529979,Angolebwal,,1,0,36.3,mountain,1,country_wd
Q31529997,Amuyu,,1,0,36.3,hill,1,country_wd
Q31530013,Akur,,1,0,36.3,mountain,1,country_wd
Q31530029,Akor,,1,0,36.3,mountain,1,country_wd
Q31530045,Akisim Mountain,,1,0,36.3,"mountain, paleontological site",1,country_wd
Q31530061,Akatozo,,1,0,36.3,mountain,1,country_wd
Q31530077,Akarundi,,1,0,36.3,mountain,1,country_wd
Q31530094,Okaka,,1,0,36.3,mountain,1,country_wd
Q31530110,Abiba,,1,0,36.3,mountain,1,country_wd
Q31530126,Abchekwess,,1,0,36.3,mountain,1,country_wd
Q31530143,Kikalangufu,,1,0,36.3,hill,1,country_wd
Q31530161,Ruwenzori Mountains,,1,0,36.3,,1,country_wd
Q31530178,Mount Elgon,,1,0,36.3,mountain,1,country_wd
Q31530194,Holic,,1,0,36.3,mountain,1,country_wd
Q31530210,Mahahu,,1,0,36.3,hill,1,country_wd
Q31530225,Nyakakaikuru,,1,0,36.3,hill,1,country_wd
Q31530242,Kajuguju,,1,0,36.3,hill,1,country_wd
Q31530274,Kyechume,,1,0,36.3,spur,1,country_wd
Q31530291,Ayugi,,1,0,36.3,mountain,1,country_wd
Q31530308,Kilak I,,1,0,36.3,summit,1,country_wd
Q31530325,Kilak II,,1,0,36.3,summit,1,country_wd
Q31530342,Meri,,1,0,36.3,mountain,1,country_wd
Q31530357,Imatong Foothills,,1,0,36.3,,1,country_wd
Q31530373,Lochomo,,1,0,36.3,mountain,1,country_wd
Q31530389,Aki,,1,0,36.3,mountain,1,country_wd
Q31530404,Lomina,,1,0,36.3,mountain,1,country_wd
Q31530424,Lomithink,,1,0,36.3,mountain,1,country_wd
Q31530437,Naposimoru,,1,0,36.3,mountain,1,country_wd
Q31530453,Akidoyi,,1,0,36.3,mountain,1,country_wd
Q31530469,Lukole,,1,0,36.3,summit,1,country_wd
Q31530485,Kathelem,,1,0,36.3,mountain,1,country_wd
Q31530501,Loruk,,1,0,36.3,mountain,1,country_wd
Q31530517,Lochibil,,1,0,36.3,mountain,1,country_wd
Q31530533,Kalukuloyi,,1,0,36.3,mountain,1,country_wd
Q31530548,Kakurem,,1,0,36.3,spur,1,country_wd
Q31530581,Karenga,,1,0,36.3,mountain,1,country_wd
Q31530598,Nawolapak,,1,0,36.3,mountain,1,country_wd
Q31530616,Lokukyamani,,1,0,36.3,mountain,1,country_wd
Q31530634,Morukoyani,,1,0,36.3,mountain,1,country_wd
Q31530651,Kachera,,1,0,36.3,mountain,1,country_wd
Q31530669,Karapochomo,,1,0,36.3,mountain,1,country_wd
Q31530685,Lolem,,1,0,36.3,summit,1,country_wd
Q31530700,Echku,,1,0,36.3,summit,1,country_wd
Q31530717,Lokopel,,1,0,36.3,summit,1,country_wd
Q31530733,Lomekede,,1,0,36.3,mountain,1,country_wd
Q31530748,Kapedo,,1,0,36.3,summit,1,country_wd
Q31530766,Lowola,,1,0,36.3,summit,1,country_wd
Q31530782,Korumoru,,1,0,36.3,hill,1,country_wd
Q31530797,Lopulia,,1,0,36.3,mountain,1,country_wd
Q31530804,Long,,1,0,36.3,mountain,1,country_wd
Q31530811,Lodwa,,1,0,36.3,mountain,1,country_wd
Q31530823,Nagilu,,1,0,36.3,hill,1,country_wd
Q31530840,Nabarututu,,1,0,36.3,hill,1,country_wd
Q31530856,Nalungumoru,,1,0,36.3,hill,1,country_wd
Q31530874,Lokanyangat,,1,0,36.3,spur,1,country_wd
Q31530890,Bumwangu,,1,0,36.3,hill,1,country_wd
Q31530906,Siabwiru,,1,0,36.3,hill,1,country_wd
Q31530924,Busungu,,1,0,36.3,hill,1,country_wd
Q31530940,Nduguyu,,1,0,36.3,hill,1,country_wd
Q31530957,Namuingu,,1,0,36.3,hill,1,country_wd
Q31530973,Nawankofu,,1,0,36.3,hill,1,country_wd
Q31530990,Ggangu,,1,0,36.3,hill,1,country_wd
Q31531006,Bugulu,,1,0,36.3,hill,1,country_wd
Q31531022,Ntakafunvu,,1,0,36.3,hill,1,country_wd
Q31531039,Ziranumbu,,1,0,36.3,hill,1,country_wd
Q31531056,Nfuvu,,1,0,36.3,hill,1,country_wd
Q31531072,Mpumu,,1,0,36.3,hill,1,country_wd
Q31531088,Luzibu,,1,0,36.3,hill,1,country_wd
Q31531104,Sugu,,1,0,36.3,hill,1,country_wd
Q31531120,Nyimu,,1,0,36.3,spur,1,country_wd
Q31531136,Kahumbu,,1,0,36.3,hill,1,country_wd
Q31531148,Nyakakindu,,1,0,36.3,hill,1,country_wd
Q31531164,Buhamya,,1,0,36.3,summit,1,country_wd
Q31531182,Buhundu,,1,0,36.3,hill,1,country_wd
Q31531199,Busunga,,1,0,36.3,summit,1,country_wd
Q31531215,Nyakarongo,,1,0,36.3,summit,1,country_wd
Q31531231,Lusenene,,1,0,36.3,summit,1,country_wd
Q31531247,Kyampumpuru,,1,0,36.3,hill,1,country_wd
Q31531263,Nturu,,1,0,36.3,hill,1,country_wd
Q31531279,Tsawu,,1,0,36.3,hill,1,country_wd
Q31531295,Bukimiyu,,1,0,36.3,hill,1,country_wd
Q31531311,Nasyu,,1,0,36.3,hill,1,country_wd
Q31531327,Nalungu,,1,0,36.3,hill,1,country_wd
Q31531346,Nabikulu,,1,0,36.3,hill,1,country_wd
Q31804220,Nyaruwari,,1,0,36.3,mountain,1,country_wd
Q31804221,Calyabong,,1,0,36.3,mountain,1,country_wd
Q31804223,Liriyu,,1,0,36.3,hill,1,country_wd
Q31804224,Kibale,,1,0,36.3,spur,1,country_wd
Q31804225,Kahoto,,1,0,36.3,spur,1,country_wd
Q31804226,Korkopyo,,1,0,36.3,mountain,1,country_wd
Q31804227,Lilingorwaru,,1,0,36.3,hill,1,country_wd
Q31865736,Aba Forest,,1,0,36.3,forest,1,country_wd
Q31865744,Abako,,1,0,36.3,sub-county of Uganda,1,country_wd
Q31865766,Abarilela,,1,0,36.3,sub-county of Uganda,1,country_wd
Q31865837,Abia,,1,0,36.3,sub-county of Uganda,1,country_wd
Q31865856,Abim,,1,0,36.3,sub-county of Uganda,1,country_wd
Q31865863,Abim Town Council,,1,0,36.3,town council of Uganda,1,country_wd
Q31865893,Abok,,1,0,36.3,sub-county of Uganda,1,country_wd
Q31865900,Aboke,,1,0,36.3,sub-county of Uganda,1,country_wd
Q31865908,Abongomola,,1,0,36.3,sub-county of Uganda,1,country_wd
Q31866057,Abuku,,1,0,36.3,sub-county of Uganda,1,country_wd
Q31866109,Acowa,,1,0,36.3,sub-county of Uganda,1,country_wd
Q31866280,Adeknino,,1,0,36.3,sub-county of Uganda,1,country_wd
Q31866364,Adjumani Town Council,,1,0,36.3,town council of Uganda,1,country_wd
Q31866380,Adok,,1,0,36.3,sub-county of Uganda,1,country_wd
Q31866425,Adropi,,1,0,36.3,sub-county of Uganda,1,country_wd
Q31866433,Aduku,,1,0,36.3,sub-county of Uganda,1,country_wd
Q31866438,Aduku Town Council,,1,0,36.3,town council of Uganda,1,country_wd
Q31866445,Adumi,,1,0,36.3,sub-county of Uganda,1,country_wd
Q31866453,Adyel Division,,1,0,36.3,division of Uganda,1,country_wd
Q31866664,Agago Town Council,,1,0,36.3,town council of Uganda,1,country_wd
Q31866676,Agali,,1,0,36.3,sub-county of Uganda,1,country_wd
Q31866710,Agikdak,,1,0,36.3,sub-county of Uganda,1,country_wd
Q31866839,Agule,,1,0,36.3,sub-county of Uganda,1,country_wd
Q31866858,Agwata,,1,0,36.3,sub-county of Uganda,1,country_wd
Q31866865,Agweng,,1,0,36.3,sub-county of Uganda,1,country_wd
Q31866874,Agwingiri,,1,0,36.3,sub-county of Uganda,1,country_wd
Q31867148,Ajia,,1,0,36.3,sub-county of Uganda,1,country_wd
Q31867184,Akalo,,1,0,36.3,sub-county of Uganda,1,country_wd
Q31867235,Akisim,,1,0,36.3,sub-county of Uganda,1,country_wd
Q31867274,Akokoro,,1,0,36.3,sub-county of Uganda,1,country_wd
Q31867284,Akoromit,,1,0,36.3,sub-county of Uganda,1,country_wd
Q31867295,Akwon,,1,0,36.3,sub-county of Uganda,1,country_wd
Q31869789,Alango,,1,0,36.3,sub-county of Uganda,1,country_wd
Q31869916,Alebtong Town Council,,1,0,36.3,town council of Uganda,1,country_wd
Q31869941,Aleka,,1,0,36.3,sub-county of Uganda,1,country_wd
Q31869970,Alerek,,1,0,36.3,sub-county of Uganda,1,country_wd
Q31870051,Aliba,,1,0,36.3,sub-county of Uganda,1,country_wd
Q31870076,Alito,,1,0,36.3,sub-county of Uganda,1,country_wd
Q31870203,Aloi,,1,0,36.3,sub-county of Uganda,1,country_wd
Q31870540,Alwa,,1,0,36.3,sub-county of Uganda,1,country_wd
Q31870548,Alwi,,1,0,36.3,sub-county of Uganda,1,country_wd
Q31870798,Amolatar Town Council,,1,0,36.3,town council of Uganda,1,country_wd
Q31870824,Amudat,,1,0,36.3,sub-county of Uganda,1,country_wd
Q31870831,Amudat Town Council,,1,0,36.3,town council of Uganda,1,country_wd
Q31870843,Amugo,,1,0,36.3,sub-county of Uganda,1,country_wd
Q31870851,Amukol,,1,0,36.3,sub-county of Uganda,1,country_wd
Q31870859,Amuria Town Council,,1,0,36.3,town council of Uganda,1,country_wd
Q31870866,Amuru Town Council,,1,0,36.3,town council of Uganda,1,country_wd
Q31870877,Amutimut,,1,0,36.3,,1,country_wd
Q31870888,Amwoma,,1,0,36.3,sub-county of Uganda,1,country_wd
Q31871190,Angolmoiya,,1,0,36.3,,1,country_wd
Q31871609,Anyara,,1,0,36.3,sub-county of Uganda,1,country_wd
Q31871672,Apac Town Council,,1,0,36.3,town council of Uganda,1,country_wd
Q31871677,Apala,,1,0,36.3,sub-county of Uganda,1,country_wd
Q31871682,Apapai,,1,0,36.3,sub-county of Uganda,1,country_wd
Q31871693,Apeduru,,1,0,36.3,sub-county of Uganda,1,country_wd
Q31871696,Aperkira,,1,0,36.3,sub-county of Uganda,1,country_wd
Q31871727,Apo,,1,0,36.3,sub-county of Uganda,1,country_wd
Q31871743,Apopong,,1,0,36.3,sub-county of Uganda,1,country_wd
Q31871808,Aputi,,1,0,36.3,sub-county of Uganda,1,country_wd
Q31871961,Arapai,,1,0,36.3,sub-county of Uganda,1,country_wd
Q31872062,Arinyapi,,1,0,36.3,sub-county of Uganda,1,country_wd
Q31872082,Ariwa,,1,0,36.3,sub-county of Uganda,1,country_wd
Q31872154,Aroi,,1,0,36.3,sub-county of Uganda,1,country_wd
Q31872206,Arua Hill Division,,1,0,36.3,division of Uganda,1,country_wd
Q31872217,Arum,,1,0,36.3,sub-county of Uganda,1,country_wd
Q31872222,Arwotcek,,1,0,36.3,sub-county of Uganda,1,country_wd
Q31872464,Asamuk,,1,0,36.3,sub-county of Uganda,1,country_wd
Q31872814,Asuret,,1,0,36.3,sub-county of Uganda,1,country_wd
Q31872914,Atego,,1,0,36.3,sub-county of Uganda,1,country_wd
Q31872970,Atiira,,1,0,36.3,sub-county of Uganda,1,country_wd
Q31873053,Atutur,,1,0,36.3,sub-county of Uganda,1,country_wd
Q31873063,Atyak,,1,0,36.3,sub-county of Uganda,1,country_wd
Q31873323,Awei,,1,0,36.3,sub-county of Uganda,1,country_wd
Q31873337,Awelo,,1,0,36.3,sub-county of Uganda,1,country_wd
Q31873346,Awere,,1,0,36.3,sub-county of Uganda,1,country_wd
Q31873392,Ayivuni,,1,0,36.3,sub-county of Uganda,1,country_wd
Q31874128,Bagezza,,1,0,36.3,sub-county of Uganda,1,country_wd
Q31875265,Baitambogwe,,1,0,36.3,sub-county of Uganda,1,country_wd
Q31876051,Bala,,1,0,36.3,sub-county of Uganda,1,country_wd
Q31876071,Balawoli,,1,0,36.3,sub-county of Uganda,1,country_wd
Q31876265,Bamunanika,,1,0,36.3,sub-county of Uganda,1,country_wd
Q31876650,Banda,,1,0,36.3,sub-county of Uganda,1,country_wd
Q31876658,Banda,,1,0,36.3,sub-county of Uganda,1,country_wd
Q31878019,Bar-Dege,,1,0,36.3,sub-county of Uganda,1,country_wd
Q31878655,Batta,,1,0,36.3,sub-county of Uganda,1,country_wd
Q31879050,Bbaale,,1,0,36.3,sub-county of Uganda,1,country_wd
Q31879450,Beleafe,,1,0,36.3,sub-county of Uganda,1,country_wd
Q31879696,Benet,,1,0,36.3,sub-county of Uganda,1,country_wd
Q31880343,Bigasa Sub-county,,1,0,36.3,sub-county of Uganda,1,country_wd
Q31880359,Bihanga,,1,0,36.3,sub-county of Uganda,1,country_wd
Q31880368,Biharwe,,1,0,36.3,sub-county of Uganda,1,country_wd
Q31880405,Biiso,,1,0,36.3,sub-county of Uganda,1,country_wd
Q31880615,Binyiny Town Council,,1,0,36.3,town council of Uganda,1,country_wd
Q31880678,Birembo,,1,0,36.3,sub-county of Uganda,1,country_wd
Q31880732,Bisheshe,,1,0,36.3,sub-county of Uganda,1,country_wd
Q31880746,Bitereko,,1,0,36.3,sub-county of Uganda,1,country_wd
Q31880752,Bitooma,,1,0,36.3,sub-county of Uganda,1,country_wd
Q31880761,Bitsya,,1,0,36.3,sub-county of Uganda,1,country_wd
Q31882200,Bokora Wildlife Reserve,,1,0,36.3,wildlife refuge,1,country_wd
Q31882311,Bombo Town Council,,1,0,36.3,town council of Uganda,1,country_wd
Q31884002,Bubaare,,1,0,36.3,sub-county of Uganda,1,country_wd
Q31884009,Bubango,,1,0,36.3,sub-county of Uganda,1,country_wd
Q31884017,Bubeke,,1,0,36.3,sub-county of Uganda,1,country_wd
Q31884033,Bubiita,,1,0,36.3,sub-county of Uganda,1,country_wd
Q31884040,Bubukwanga,,1,0,36.3,sub-county of Uganda,1,country_wd
Q31884047,Bubumba Swamp,,1,0,36.3,swamp,1,country_wd
Q31884120,Budadiri Town Council,,1,0,36.3,town council of Uganda,1,country_wd
Q31884126,Budaka,,1,0,36.3,sub-county of Uganda,1,country_wd
Q31884132,Budaka Town Council,,1,0,36.3,town council of Uganda,1,country_wd
Q31884140,Budde,,1,0,36.3,sub-county of Uganda,1,country_wd
Q31884153,Budhaya,,1,0,36.3,sub-county of Uganda,1,country_wd
Q31884159,Budondo,,1,0,36.3,sub-county of Uganda,1,country_wd
Q31884164,Budongo,,1,0,36.3,sub-county of Uganda,1,country_wd
Q31884174,Bududa,,1,0,36.3,sub-county of Uganda,1,country_wd
Q31884182,Bududa Town Council,,1,0,36.3,town council of Uganda,1,country_wd
Q31884189,Budumba,,1,0,36.3,sub-county of Uganda,1,country_wd
Q31884201,Budwale,,1,0,36.3,sub-county of Uganda,1,country_wd
Q31884419,Bufumbo,,1,0,36.3,sub-county of Uganda,1,country_wd
Q31884428,Bufumira,,1,0,36.3,sub-county of Uganda,1,country_wd
Q31884437,Bugaaki,,1,0,36.3,sub-county of Uganda,1,country_wd
Q31884446,Bugaba Bay,,1,0,36.3,bight,1,country_wd
Q31884453,Bugabo Bay,,1,0,36.3,bight,1,country_wd
Q31884461,Bugaju Bay,,1,0,36.3,bight,1,country_wd
Q31884469,Bugamba,,1,0,36.3,sub-county of Uganda,1,country_wd
Q31884476,Bugambe,,1,0,36.3,sub-county of Uganda,1,country_wd
Q31884486,Bugangari,,1,0,36.3,sub-county of Uganda,1,country_wd
Q31884493,Bugaya,,1,0,36.3,sub-county of Uganda,1,country_wd
Q31884501,Bugembe Town Council,,1,0,36.3,town council of Uganda,1,country_wd
Q31884511,Bugiri Town Council,,1,0,36.3,town council of Uganda,1,country_wd
Q31884519,Bugitimwa,,1,0,36.3,sub-county of Uganda,1,country_wd
Q31884528,Bugobero,,1,0,36.3,sub-county of Uganda,1,country_wd
Q31884539,Bugongi,,1,0,36.3,sub-county of Uganda,1,country_wd
Q31884550,Bugongi Town Council,,1,0,36.3,town council of Uganda,1,country_wd
Q31884585,Bugulumbya,,1,0,36.3,sub-county of Uganda,1,country_wd
Q31884595,Bugunjo Point,,1,0,36.3,point,1,country_wd
Q31884611,Buhara,,1,0,36.3,sub-county of Uganda,1,country_wd
Q31884621,Buheesi,,1,0,36.3,sub-county of Uganda,1,country_wd
Q31884645,Buhimba,,1,0,36.3,sub-county of Uganda,1,country_wd
Q31884662,Buhuhira,,1,0,36.3,sub-county of Uganda,1,country_wd
Q31884688,Buiga Point,,1,0,36.3,point,1,country_wd
Q31884695,Buikwe,,1,0,36.3,sub-county of Uganda,1,country_wd
Q31884703,Buikwe Town Council,,1,0,36.3,town council of Uganda,1,country_wd
Q31884716,Bujjumba,,1,0,36.3,sub-county of Uganda,1,country_wd
Q31884724,Bujumbura Division,,1,0,36.3,division of Uganda,1,country_wd
Q31884731,Bukabooli,,1,0,36.3,sub-county of Uganda,1,country_wd
Q31884740,Bukafu Bay,,1,0,36.3,bight,1,country_wd
Q31884748,Bukaka Point,,1,0,36.3,point,1,country_wd
Q31884769,Bukalasi,,1,0,36.3,sub-county of Uganda,1,country_wd
Q31884777,Bukalazi Point,,1,0,36.3,point,1,country_wd
Q31884785,Bukalera Bay,,1,0,36.3,bight,1,country_wd
Q31884799,Bukalume Bay,,1,0,36.3,bight,1,country_wd
Q31884806,Bukasakya,,1,0,36.3,sub-county of Uganda,1,country_wd
Q31884816,Bukatube,,1,0,36.3,sub-county of Uganda,1,country_wd
Q31884827,Bukayanja Point,,1,0,36.3,point,1,country_wd
Q31884833,Bukedea,,1,0,36.3,sub-county of Uganda,1,country_wd
Q31884841,Bukedea Town Council,,1,0,36.3,town council of Uganda,1,country_wd
Q31884852,Bukhabusi,,1,0,36.3,sub-county of Uganda,1,country_wd
Q31884889,Bukhaweka,,1,0,36.3,sub-county of Uganda,1,country_wd
Q31884907,Bukhulo,,1,0,36.3,sub-county of Uganda,1,country_wd
Q31884912,Bukiabi,,1,0,36.3,sub-county of Uganda,1,country_wd
Q31884920,Bukibokolo,,1,0,36.3,sub-county of Uganda,1,country_wd
Q31884930,Bukigai,,1,0,36.3,sub-county of Uganda,1,country_wd
Q31884937,Bukiise,,1,0,36.3,sub-county of Uganda,1,country_wd
Q31884946,Bukimbiri,,1,0,36.3,sub-county of Uganda,1,country_wd
Q31884958,Bukinda,,1,0,36.3,sub-county of Uganda,1,country_wd
Q31884965,Bukiro,,1,0,36.3,sub-county of Uganda,1,country_wd
Q31884971,Bukiyi,,1,0,36.3,sub-county of Uganda,1,country_wd
Q31884982,Bukokho,,1,0,36.3,sub-county of Uganda,1,country_wd
Q31884990,Bukoko Point,,1,0,36.3,point,1,country_wd
Q31885002,Bukomansimbi Town Council,,1,0,36.3,town council of Uganda,1,country_wd
Q31885020,Bukomero Town Council,,1,0,36.3,town council of Uganda,1,country_wd
Q31885029,Bukonde,,1,0,36.3,sub-county of Uganda,1,country_wd
Q31885043,Bukonzo,,1,0,36.3,sub-county of Uganda,1,country_wd
Q31885052,Bukooma,,1,0,36.3,sub-county of Uganda,1,country_wd
Q31885073,Bukulula,,1,0,36.3,sub-county of Uganda,1,country_wd
Q31885080,Bukusu,,1,0,36.3,sub-county of Uganda,1,country_wd
Q31885099,Bukuya,,1,0,36.3,sub-county of Uganda,1,country_wd
Q31885109,Bukwo,,1,0,36.3,sub-county of Uganda,1,country_wd
Q31885119,Bukwo Town Council,,1,0,36.3,town council of Uganda,1,country_wd
Q31885128,Bukyabo,,1,0,36.3,sub-county of Uganda,1,country_wd
Q31885135,Bukyambi,,1,0,36.3,sub-county of Uganda,1,country_wd
Q31885145,Bukyiende,,1,0,36.3,sub-county of Uganda,1,country_wd
Q31885154,Bulaago,,1,0,36.3,sub-county of Uganda,1,country_wd
Q31885184,Bulamagi,,1,0,36.3,sub-county of Uganda,1,country_wd
Q31885193,Bulamba Bay,,1,0,36.3,bight,1,country_wd
Q31885202,Bulambuli Town Council,,1,0,36.3,town council of Uganda,1,country_wd
Q31885218,Bulangira,,1,0,36.3,sub-county of Uganda,1,country_wd
Q31885305,Bulegeni,,1,0,36.3,sub-county of Uganda,1,country_wd
Q31885312,Bulembia Division,,1,0,36.3,division of Uganda,1,country_wd
Q31885322,Bulera,,1,0,36.3,sub-county of Uganda,1,country_wd
Q31885328,Bulesa,,1,0,36.3,sub-county of Uganda,1,country_wd
Q31885346,Bulidha,,1,0,36.3,sub-county of Uganda,1,country_wd
Q31885357,Buligonde Bay,,1,0,36.3,bight,1,country_wd
Q31885366,Buliisa Town Council,,1,0,36.3,town council of Uganda,1,country_wd
Q31885389,Bulimba Swamp,,1,0,36.3,swamp,1,country_wd
Q31885455,Bulo,,1,0,36.3,sub-county of Uganda,1,country_wd
Q31885472,Bulonge Bay,,1,0,36.3,bight,1,country_wd
Q31885481,Bulongo,,1,0,36.3,sub-county of Uganda,1,country_wd
Q31885491,Bulongwe Bay,,1,0,36.3,bight,1,country_wd
Q31885500,Bulopa,,1,0,36.3,sub-county of Uganda,1,country_wd
Q31885613,Bulubaga Point,,1,0,36.3,point,1,country_wd
Q31885623,Bulucheke,,1,0,36.3,sub-county of Uganda,1,country_wd
Q31885633,Buluganya,,1,0,36.3,sub-county of Uganda,1,country_wd
Q31885644,Bululu,,1,0,36.3,sub-county of Uganda,1,country_wd
Q31885716,Bumalimba,,1,0,36.3,sub-county of Uganda,1,country_wd
Q31885729,Bumasheti,,1,0,36.3,sub-county of Uganda,1,country_wd
Q31885737,Bumasifwa,,1,0,36.3,sub-county of Uganda,1,country_wd
Q31885745,Bumasikye,,1,0,36.3,sub-county of Uganda,1,country_wd
Q31885752,Bumasobo,,1,0,36.3,sub-county of Uganda,1,country_wd
Q31885761,Bumayoka,,1,0,36.3,sub-county of Uganda,1,country_wd
Q31885774,Bumbo,,1,0,36.3,sub-county of Uganda,1,country_wd
Q31885783,Bumbobi,,1,0,36.3,sub-county of Uganda,1,country_wd
Q31885812,Bumugibole,,1,0,36.3,sub-county of Uganda,1,country_wd
Q31885836,Bumwoni,,1,0,36.3,sub-county of Uganda,1,country_wd
Q31885846,Bunabwana,,1,0,36.3,sub-county of Uganda,1,country_wd
Q31885866,Bundibugyo Town Council,,1,0,36.3,town council of Uganda,1,country_wd
Q31885895,Bungatira,,1,0,36.3,sub-county of Uganda,1,country_wd
Q31885905,Bungokho,,1,0,36.3,sub-county of Uganda,1,country_wd
Q31885915,Bungokho-Mutoto,,1,0,36.3,sub-county of Uganda,1,country_wd
Q31885941,Bunyafwa,,1,0,36.3,sub-county of Uganda,1,country_wd
Q31885957,Bupoto,,1,0,36.3,sub-county of Uganda,1,country_wd
Q31885999,Buremba,,1,0,36.3,sub-county of Uganda,1,country_wd
Q31886005,Burere,,1,0,36.3,sub-county of Uganda,1,country_wd
Q31886089,Burora,,1,0,36.3,sub-county of Uganda,1,country_wd
Q31886139,Busabi,,1,0,36.3,sub-county of Uganda,1,country_wd
Q31886152,Busakira,,1,0,36.3,sub-county of Uganda,1,country_wd
Q31886160,Busamuzi,,1,0,36.3,sub-county of Uganda,1,country_wd
Q31886189,Busanza,,1,0,36.3,sub-county of Uganda,1,country_wd
Q31886208,Busedde,,1,0,36.3,sub-county of Uganda,1,country_wd
Q31886216,Busembatya Town Council,,1,0,36.3,town council of Uganda,1,country_wd
Q31886230,Busero Point,,1,0,36.3,point,1,country_wd
Q31886239,Buseta,,1,0,36.3,sub-county of Uganda,1,country_wd
Q31886261,Bushika,,1,0,36.3,sub-county of Uganda,1,country_wd
Q31886271,Bushiribo,,1,0,36.3,sub-county of Uganda,1,country_wd
Q31886278,Bushiyi,,1,0,36.3,sub-county of Uganda,1,country_wd
Q31886342,Busiisi Division,,1,0,36.3,division of Uganda,1,country_wd
Q31886351,Busimbi,,1,0,36.3,sub-county of Uganda,1,country_wd
Q31886360,Busiriba,,1,0,36.3,sub-county of Uganda,1,country_wd
Q31886400,Busolwe Town Council,,1,0,36.3,town council of Uganda,1,country_wd
Q31886409,Busoro,,1,0,36.3,sub-county of Uganda,1,country_wd
Q31886418,Bussi,,1,0,36.3,sub-county of Uganda,1,country_wd
Q31886426,Busukuma,,1,0,36.3,sub-county of Uganda,1,country_wd
Q31886435,Busukuya,,1,0,36.3,sub-county of Uganda,1,country_wd
Q31886446,Busulani,,1,0,36.3,sub-county of Uganda,1,country_wd
Q31886470,Butagaya,,1,0,36.3,sub-county of Uganda,1,country_wd
Q31886479,Butalangu Town Council,,1,0,36.3,town council of Uganda,1,country_wd
Q31886487,Butaleja,,1,0,36.3,sub-county of Uganda,1,country_wd
Q31886497,Butanda,,1,0,36.3,sub-county of Uganda,1,country_wd
Q31886503,Butandiga,,1,0,36.3,sub-county of Uganda,1,country_wd
Q31886510,Butansi,,1,0,36.3,sub-county of Uganda,1,country_wd
Q31886521,Butayunja,,1,0,36.3,sub-county of Uganda,1,country_wd
Q31886557,Buteza,,1,0,36.3,sub-county of Uganda,1,country_wd
Q31886613,Butogota Town Council,,1,0,36.3,town council of Uganda,1,country_wd
Q31886637,Butta,,1,0,36.3,sub-county of Uganda,1,country_wd
Q31886679,Butunduuzi,,1,0,36.3,sub-county of Uganda,1,country_wd
Q31886691,Butungama,,1,0,36.3,sub-county of Uganda,1,country_wd
Q31886699,Butuntumula,,1,0,36.3,sub-county of Uganda,1,country_wd
Q31886719,Buvuma,,1,0,36.3,sub-county of Uganda,1,country_wd
Q31886724,Buvuma Town Council,,1,0,36.3,town council of Uganda,1,country_wd
Q31886733,Buwaali,,1,0,36.3,sub-county of Uganda,1,country_wd
Q31886741,Buwaaya,,1,0,36.3,sub-county of Uganda,1,country_wd
Q31886750,Buwabwala,,1,0,36.3,sub-county of Uganda,1,country_wd
Q31886758,Buwagogo,,1,0,36.3,sub-county of Uganda,1,country_wd
Q31886766,Buwalasi,,1,0,36.3,sub-county of Uganda,1,country_wd
Q31886774,Buwama,,1,0,36.3,sub-county of Uganda,1,country_wd
Q31886784,Buwasa,,1,0,36.3,sub-county of Uganda,1,country_wd
Q31886799,Buwenge,,1,0,36.3,sub-county of Uganda,1,country_wd
Q31886807,Buwenge Town Council,,1,0,36.3,town council of Uganda,1,country_wd
Q31886817,Buwumba Point,,1,0,36.3,point,1,country_wd
Q31886824,Buwunga,,1,0,36.3,sub-county of Uganda,1,country_wd
Q31886831,Buwunga Bay,,1,0,36.3,bight,1,country_wd
Q31886840,Buyaga,,1,0,36.3,sub-county of Uganda,1,country_wd
Q31886862,Buyanja,,1,0,36.3,sub-county of Uganda,1,country_wd
Q31886872,Buyende,,1,0,36.3,sub-county of Uganda,1,country_wd
Q31886879,Buyende Town Council,,1,0,36.3,town council of Uganda,1,country_wd
Q31886890,Buyengo,,1,0,36.3,sub-county of Uganda,1,country_wd
Q31886902,Buyinja,,1,0,36.3,sub-county of Uganda,1,country_wd
Q31887025,Bwanswa,,1,0,36.3,sub-county of Uganda,1,country_wd
Q31887033,Bwebereza Forest,,1,0,36.3,forest,1,country_wd
Q31887036,Bweema,,1,0,36.3,sub-county of Uganda,1,country_wd
Q31887065,Bweramule,,1,0,36.3,sub-county of Uganda,1,country_wd
Q31887074,Bweyale Town Council,,1,0,36.3,town council of Uganda,1,country_wd
Q31887080,Bwijanga,,1,0,36.3,sub-county of Uganda,1,country_wd
Q31887088,Bwikara,,1,0,36.3,sub-county of Uganda,1,country_wd
Q31887098,Bwikhonge,,1,0,36.3,sub-county of Uganda,1,country_wd
Q31887117,Bwizi,,1,0,36.3,sub-county of Uganda,1,country_wd
Q31887123,Bwongyera,,1,0,36.3,sub-county of Uganda,1,country_wd
Q31887139,Byakabanda,,1,0,36.3,sub-county of Uganda,1,country_wd
Q31891199,Central Division,,1,0,36.3,division of Uganda,1,country_wd
Q31891207,Central Division,,1,0,36.3,division of Uganda,1,country_wd
Q31891215,Central Division,,1,0,36.3,division of Uganda,1,country_wd
Q31891223,Central Division,,1,0,36.3,division of Uganda,1,country_wd
Q31891232,Central Division,,1,0,36.3,division of Uganda,1,country_wd
Q31891241,Central Division,,1,0,36.3,division of Uganda,1,country_wd
Q31891252,Central Division,,1,0,36.3,division of Uganda,1,country_wd
Q31891261,Central Division,,1,0,36.3,division of Uganda,1,country_wd
Q31902242,Chahi,,1,0,36.3,sub-county of Uganda,1,country_wd
Q31902917,Chawente,,1,0,36.3,sub-county of Uganda,1,country_wd
Q31903074,Chelekule,,1,0,36.3,sub-county of Uganda,1,country_wd
Q31903303,Chepkwasta,,1,0,36.3,sub-county of Uganda,1,country_wd
Q31903314,Cheptarech,,1,0,36.3,sub-county of Uganda,1,country_wd
Q31903361,Chesower,,1,0,36.3,sub-county of Uganda,1,country_wd
Q31907352,Ciforo,,1,0,36.3,sub-county of Uganda,1,country_wd
Q31909660,Dambiro Point,,1,0,36.3,point,1,country_wd
Q31910049,Ddwaniro,,1,0,36.3,sub-county of Uganda,1,country_wd
Q31911354,Division A,,1,0,36.3,division of Uganda,1,country_wd
Q31911357,Division B,,1,0,36.3,division of Uganda,1,country_wd
Q31911424,Dokolo,,1,0,36.3,sub-county of Uganda,1,country_wd
Q31911428,Dokolo Town Council,,1,0,36.3,town council of Uganda,1,country_wd
Q31912089,Drajani,,1,0,36.3,sub-county of Uganda,1,country_wd
Q31912110,Dranya,,1,0,36.3,sub-county of Uganda,1,country_wd
Q31912714,Dwaniro,,1,0,36.3,sub-county of Uganda,1,country_wd
Q31912793,Dzaipi,,1,0,36.3,sub-county of Uganda,1,country_wd
Q31913027,Eastern Division,,1,0,36.3,division of Uganda,1,country_wd
Q31913031,Eastern Division,,1,0,36.3,division of Uganda,1,country_wd
Q31913036,Eastern Division,,1,0,36.3,division of Uganda,1,country_wd
Q31913039,Eastern Division,,1,0,36.3,division of Uganda,1,country_wd
Q31913042,Eastern Division,,1,0,36.3,division of Uganda,1,country_wd
Q31913044,Eastern Division,,1,0,36.3,division of Uganda,1,country_wd
Q31913766,Engari,,1,0,36.3,sub-county of Uganda,1,country_wd
Q31914147,Erussi,,1,0,36.3,sub-county of Uganda,1,country_wd
Q31914956,Etam,,1,0,36.3,sub-county of Uganda,1,country_wd
Q31916567,Gaba Point,,1,0,36.3,point,1,country_wd
Q31916579,Gadumire,,1,0,36.3,sub-county of Uganda,1,country_wd
Q31916858,Gayaza,,1,0,36.3,"municipality, sub-county of Uganda",1,country_wd
Q31917216,Gimara,,1,0,36.3,sub-county of Uganda,1,country_wd
Q31917386,Gogonyo,,1,0,36.3,sub-county of Uganda,1,country_wd
Q31917489,Goma Division,,1,0,36.3,division of Uganda,1,country_wd
Q31917494,Gombe,,1,0,36.3,sub-county of Uganda,1,country_wd
Q31917496,Gombe Town Council,,1,0,36.3,town council of Uganda,1,country_wd
Q31917503,Gomogo,,1,0,36.3,sub-county of Uganda,1,country_wd
Q31917532,Gondo Point,,1,0,36.3,point,1,country_wd
Q31918044,Griffin Falls,,1,0,36.3,,1,country_wd
Q31918966,Gweri,,1,0,36.3,sub-county of Uganda,1,country_wd
Q31919107,Hakibaale,,1,0,36.3,sub-county of Uganda,1,country_wd
Q31919172,Hamurwa Town Council,,1,0,36.3,town council of Uganda,1,country_wd
Q31919508,Harugale,,1,0,36.3,sub-county of Uganda,1,country_wd
Q31919889,Hima Town Council,,1,0,36.3,town council of Uganda,1,country_wd
Q31922751,Ibaare,,1,0,36.3,sub-county of Uganda,1,country_wd
Q31922753,Ibanda Town Council,,1,0,36.3,town council of Uganda,1,country_wd
Q31922786,Iceme,,1,0,36.3,sub-county of Uganda,1,country_wd
Q31922824,Igombe,,1,0,36.3,sub-county of Uganda,1,country_wd
Q31922826,Igorora Town Council,,1,0,36.3,town council of Uganda,1,country_wd
Q31922833,Ihandiro,,1,0,36.3,sub-county of Uganda,1,country_wd
Q31922836,Ihendangoma Point,,1,0,36.3,point,1,country_wd
Q31922838,Ihunga,,1,0,36.3,sub-county of Uganda,1,country_wd
Q31922850,Iki-Iki,,1,0,36.3,sub-county of Uganda,1,country_wd
Q31922857,Ikumba,,1,0,36.3,sub-county of Uganda,1,country_wd
Q31922859,Ikumbya,,1,0,36.3,sub-county of Uganda,1,country_wd
Q31922930,Immanyiro,,1,0,36.3,sub-county of Uganda,1,country_wd
Q31923007,Industrial Division,,1,0,36.3,division of Uganda,1,country_wd
Q31923086,Inomo,,1,0,36.3,sub-county of Uganda,1,country_wd
Q31923179,Irabi Point,,1,0,36.3,point,1,country_wd
Q31923188,Iriiri,,1,0,36.3,sub-county of Uganda,1,country_wd
Q31923211,Irongo,,1,0,36.3,sub-county of Uganda,1,country_wd
Q31923233,Isango,,1,0,36.3,sub-county of Uganda,1,country_wd
Q31923240,Ishaka Division,,1,0,36.3,division of Uganda,1,country_wd
Q31923245,Ishongororo Town Council,,1,0,36.3,town council of Uganda,1,country_wd
Q31923269,Isingiro Town Council,,1,0,36.3,town council of Uganda,1,country_wd
Q31925578,Itirikwa,,1,0,36.3,sub-county of Uganda,1,country_wd
Q31925580,Itojo,,1,0,36.3,sub-county of Uganda,1,country_wd
Q31925584,Itula,,1,0,36.3,sub-county of Uganda,1,country_wd
Q31925590,Ivukula,,1,0,36.3,sub-county of Uganda,1,country_wd
Q31928341,Jangokoro,,1,0,36.3,sub-county of Uganda,1,country_wd
Q31928628,Kaabong East,,1,0,36.3,sub-county of Uganda,1,country_wd
Q31928629,Kaabong Town Council,,1,0,36.3,town council of Uganda,1,country_wd
Q31928630,Kaabong West,,1,0,36.3,sub-county of Uganda,1,country_wd
Q31928643,Kaazi Point,,1,0,36.3,point,1,country_wd
Q31928647,Kabamba,,1,0,36.3,sub-county of Uganda,1,country_wd
Q31928650,Kabambiro,,1,0,36.3,sub-county of Uganda,1,country_wd
Q31928654,Kabei,,1,0,36.3,sub-county of Uganda,1,country_wd
Q31928663,Kaberamaido,,1,0,36.3,sub-county of Uganda,1,country_wd
Q31928664,Kaberamaido Town Council,,1,0,36.3,town council of Uganda,1,country_wd
Q31928665,Kaberebere Town Council,,1,0,36.3,town council of Uganda,1,country_wd
Q31928671,Kabilemog,,1,0,36.3,,1,country_wd
Q31928674,Kabingo,,1,0,36.3,sub-county of Uganda,1,country_wd
Q31928675,Kabira,,1,0,36.3,sub-county of Uganda,1,country_wd
Q31928676,Kabira,,1,0,36.3,sub-county of Uganda,1,country_wd
Q31928681,Kabonera,,1,0,36.3,sub-county of Uganda,1,country_wd
Q31928682,Kabonero,,1,0,36.3,sub-county of Uganda,1,country_wd
Q31928688,Kabulasoke,,1,0,36.3,sub-county of Uganda,1,country_wd
Q31928697,Kabuyanda Town Council,,1,0,36.3,town council of Uganda,1,country_wd
Q31928703,Kabwangasi,,1,0,36.3,sub-county of Uganda,1,country_wd
Q31928731,Kabwohe-Itendero Tc,,1,0,36.3,town council of Uganda,1,country_wd
Q31928744,Kacheera,,1,0,36.3,sub-county of Uganda,1,country_wd
Q31928749,Kacheri,,1,0,36.3,sub-county of Uganda,1,country_wd
Q31928766,Kachomo,,1,0,36.3,sub-county of Uganda,1,country_wd
Q31928769,Kachonga,,1,0,36.3,sub-county of Uganda,1,country_wd
Q31928771,Kachumbala,,1,0,36.3,sub-county of Uganda,1,country_wd
Q31928777,Kadama,,1,0,36.3,sub-county of Uganda,1,country_wd
Q31928788,Kaderuna,,1,0,36.3,sub-county of Uganda,1,country_wd
Q31928792,Kadonyo,,1,0,36.3,,1,country_wd
Q31928888,Kafunda Bay,,1,0,36.3,bight,1,country_wd
Q31928900,Kagadi,,1,0,36.3,sub-county of Uganda,1,country_wd
Q31928902,Kagadi Town Council,,1,0,36.3,town council of Uganda,1,country_wd
Q31928905,Kagamba,,1,0,36.3,sub-county of Uganda,1,country_wd
Q31928914,Kagongi,,1,0,36.3,sub-county of Uganda,1,country_wd
Q31928916,Kagulu,,1,0,36.3,sub-county of Uganda,1,country_wd
Q31928931,Kaharo,,1,0,36.3,sub-county of Uganda,1,country_wd
Q31928948,Kahoora Division,,1,0,36.3,division of Uganda,1,country_wd
Q31928951,Kahunge,,1,0,36.3,sub-county of Uganda,1,country_wd
Q31929019,Kajobwiki,,1,0,36.3,,1,country_wd
Q31929022,Kakabara,,1,0,36.3,sub-county of Uganda,1,country_wd
Q31929054,Kakiika,,1,0,36.3,sub-county of Uganda,1,country_wd
Q31929056,Kakindo,,1,0,36.3,sub-county of Uganda,1,country_wd
Q31929060,Kakindu,,1,0,36.3,sub-county of Uganda,1,country_wd
Q31929062,Kakindu Swamp,,1,0,36.3,swamp,1,country_wd
Q31929067,Kakira Town Council,,1,0,36.3,town council of Uganda,1,country_wd
Q31929071,Kakiri Town Council,,1,0,36.3,town council of Uganda,1,country_wd
Q31929083,Kakomongole,,1,0,36.3,sub-county of Uganda,1,country_wd
Q31929090,Kakooge,,1,0,36.3,sub-county of Uganda,1,country_wd
Q31929093,Kakooge Town Council,,1,0,36.3,town council of Uganda,1,country_wd
Q31929096,Kakoro,,1,0,36.3,sub-county of Uganda,1,country_wd
Q31929098,Kakoromeri,,1,0,36.3,,1,country_wd
Q31929113,Kakule,,1,0,36.3,sub-county of Uganda,1,country_wd
Q31929126,Kakumiro Town Council,,1,0,36.3,town council of Uganda,1,country_wd
Q31929133,Kakure,,1,0,36.3,sub-county of Uganda,1,country_wd
Q31929137,Kakuuto,,1,0,36.3,sub-county of Uganda,1,country_wd
Q31929157,Kalabi Dam,,1,0,36.3,dam,1,country_wd
Q31929168,Kalagala,,1,0,36.3,sub-county of Uganda,1,country_wd
Q31929177,Kalaki,,1,0,36.3,sub-county of Uganda,1,country_wd
Q31929188,Kalamba,,1,0,36.3,sub-county of Uganda,1,country_wd
Q31929192,Kalambi Forest,,1,0,36.3,forest,1,country_wd
Q31929201,Kalangala Town Council,,1,0,36.3,town council of Uganda,1,country_wd
Q31929203,Kalangalo,,1,0,36.3,sub-county of Uganda,1,country_wd
Q31929208,Kalapata,,1,0,36.3,sub-county of Uganda,1,country_wd
Q31929248,Kaleri Basin,,1,0,36.3,depression,1,country_wd
Q31929251,Kaliiro,,1,0,36.3,sub-county of Uganda,1,country_wd
Q31929268,Kaliro Town Council,,1,0,36.3,town council of Uganda,1,country_wd
Q31929273,Kalisizo,,1,0,36.3,sub-county of Uganda,1,country_wd
Q31929276,Kalisizo Town Council,,1,0,36.3,town council of Uganda,1,country_wd
Q31929372,Kalongo Town Council,,1,0,36.3,town council of Uganda,1,country_wd
Q31929379,Kalotakori,,1,0,36.3,,1,country_wd
Q31929406,Kalungi,,1,0,36.3,sub-county of Uganda,1,country_wd
Q31929409,Kalungu,,1,0,36.3,sub-county of Uganda,1,country_wd
Q31929411,Kalungu Town Council,,1,0,36.3,town council of Uganda,1,country_wd
Q31929418,Kalwana,,1,0,36.3,sub-county of Uganda,1,country_wd
Q31929429,Kalyambuzi Swamp,,1,0,36.3,swamp,1,country_wd
Q31929432,Kamairo,,1,0,36.3,,1,country_wd
Q31929479,Kambuga,,1,0,36.3,sub-county of Uganda,1,country_wd
Q31929483,Kambuga Town Council,,1,0,36.3,town council of Uganda,1,country_wd
Q31929505,Kamdini,,1,0,36.3,sub-county of Uganda,1,country_wd
Q31929522,Kameke,,1,0,36.3,sub-county of Uganda,1,country_wd
Q31929524,Kamengo,,1,0,36.3,sub-county of Uganda,1,country_wd
Q31929530,Kameruka,,1,0,36.3,sub-county of Uganda,1,country_wd
Q31929533,Kamet,,1,0,36.3,sub-county of Uganda,1,country_wd
Q31929547,Kamikata,,1,0,36.3,,1,country_wd
Q31929552,Kamion,,1,0,36.3,sub-county of Uganda,1,country_wd
Q31929555,Kamira,,1,0,36.3,sub-county of Uganda,1,country_wd
Q31929599,Kamuda,,1,0,36.3,sub-county of Uganda,1,country_wd
Q31929600,Kamuganguzi,,1,0,36.3,sub-county of Uganda,1,country_wd
Q31929603,Kamuge,,1,0,36.3,sub-county of Uganda,1,country_wd
Q31929611,Kamuli Town Council,,1,0,36.3,town council of Uganda,1,country_wd
Q31929612,Kamulongo Point,,1,0,36.3,point,1,country_wd
Q31929622,Kamwenge,,1,0,36.3,sub-county of Uganda,1,country_wd
Q31929625,Kamwezi,,1,0,36.3,sub-county of Uganda,1,country_wd
Q31929662,Kananarok Waterhole,,1,0,36.3,waterhole,1,country_wd
Q31929664,Kanara,,1,0,36.3,sub-county of Uganda,1,country_wd
Q31929667,Kanara,,1,0,36.3,sub-county of Uganda,1,country_wd
Q31929670,Kanara Town Council,,1,0,36.3,town council of Uganda,1,country_wd
Q31929705,Kangai,,1,0,36.3,sub-county of Uganda,1,country_wd
Q31929714,Kanginima,,1,0,36.3,sub-county of Uganda,1,country_wd
Q31929720,Kango,,1,0,36.3,sub-county of Uganda,1,country_wd
Q31929739,Kangulumira,,1,0,36.3,sub-county of Uganda,1,country_wd
Q31929748,Kanjego Bay,,1,0,36.3,bight,1,country_wd
Q31929772,Kanoni,,1,0,36.3,sub-county of Uganda,1,country_wd
Q31929773,Kanoni Town Council,,1,0,36.3,town council of Uganda,1,country_wd
Q31929817,Kanungu Town Council,,1,0,36.3,town council of Uganda,1,country_wd
Q31929819,Kanyabwanga,,1,0,36.3,sub-county of Uganda,1,country_wd
Q31929827,Kanyantorogo,,1,0,36.3,sub-county of Uganda,1,country_wd
Q31929841,Kanyum,,1,0,36.3,sub-county of Uganda,1,country_wd
Q31929868,Kapchesombe,,1,0,36.3,sub-county of Uganda,1,country_wd
Q31929869,Kapchorwa Town Council,,1,0,36.3,town council of Uganda,1,country_wd
Q31929871,Kapedo,,1,0,36.3,sub-county of Uganda,1,country_wd
Q31929876,Kapeke,,1,0,36.3,sub-county of Uganda,1,country_wd
Q31929887,Kapir,,1,0,36.3,sub-county of Uganda,1,country_wd
Q31929908,Kaproron,,1,0,36.3,sub-county of Uganda,1,country_wd
Q31929910,Kapsinda,,1,0,36.3,sub-county of Uganda,1,country_wd
Q31929913,Kaptanya,,1,0,36.3,sub-county of Uganda,1,country_wd
Q31929918,Kaptererwo,,1,0,36.3,sub-county of Uganda,1,country_wd
Q31929919,Kapteret,,1,0,36.3,sub-county of Uganda,1,country_wd
Q31929921,Kaptoyoy,,1,0,36.3,sub-county of Uganda,1,country_wd
Q31929922,Kaptum,,1,0,36.3,sub-county of Uganda,1,country_wd
Q31929925,Kapujan,,1,0,36.3,sub-county of Uganda,1,country_wd
Q31929942,Karachomin,,1,0,36.3,,1,country_wd
Q31929945,Karago Town Council,,1,0,36.3,town council of Uganda,1,country_wd
Q31929949,Karambi,,1,0,36.3,sub-county of Uganda,1,country_wd
Q31929952,Karambi,,1,0,36.3,sub-county of Uganda,1,country_wd
Q31929956,Karangura,,1,0,36.3,sub-county of Uganda,1,country_wd
Q31930056,Karisagiriatum,,1,0,36.3,,1,country_wd
Q31930114,Karugabirira,,1,0,36.3,swamp,1,country_wd
Q31930118,Karugutu Town Council,,1,0,36.3,town council of Uganda,1,country_wd
Q31930120,Karujubu Division,,1,0,36.3,division of Uganda,1,country_wd
Q31930122,Karuma Dam,,1,0,36.3,,1,country_wd
Q31930123,Karungu,,1,0,36.3,sub-county of Uganda,1,country_wd
Q31930125,Karusandara,,1,0,36.3,sub-county of Uganda,1,country_wd
Q31930130,Kasaali,,1,0,36.3,sub-county of Uganda,1,country_wd
Q31930132,Kasaana,,1,0,36.3,sub-county of Uganda,1,country_wd
Q31930138,Kasagama,,1,0,36.3,sub-county of Uganda,1,country_wd
Q31930149,Kasambya,,1,0,36.3,sub-county of Uganda,1,country_wd
Q31930153,Kasambya,,1,0,36.3,sub-county of Uganda,1,country_wd
Q31930158,Kasangombe,,1,0,36.3,sub-county of Uganda,1,country_wd
Q31930161,Kasanje,,1,0,36.3,sub-county of Uganda,1,country_wd
Q31930169,Kasasa,,1,0,36.3,sub-county of Uganda,1,country_wd
Q31930173,Kasasira,,1,0,36.3,sub-county of Uganda,1,country_wd
Q31930190,Kasenda,,1,0,36.3,sub-county of Uganda,1,country_wd
Q31930196,Kaserem,,1,0,36.3,sub-county of Uganda,1,country_wd
Q31930204,Kashambya,,1,0,36.3,sub-county of Uganda,1,country_wd
Q31930206,Kashangura,,1,0,36.3,sub-county of Uganda,1,country_wd
Q31930208,Kashare,,1,0,36.3,sub-county of Uganda,1,country_wd
Q31930215,Kashenshero,,1,0,36.3,sub-county of Uganda,1,country_wd
Q31930217,Kashenshero Town Council,,1,0,36.3,town council of Uganda,1,country_wd
Q31930231,Kashongi,,1,0,36.3,sub-county of Uganda,1,country_wd
Q31930235,Kashumba,,1,0,36.3,sub-county of Uganda,1,country_wd
Q31930252,Kasitu,,1,0,36.3,sub-county of Uganda,1,country_wd
Q31930255,Kasoga Point,,1,0,36.3,point,1,country_wd
Q31930289,Kasule,,1,0,36.3,sub-county of Uganda,1,country_wd
Q31930292,Kasulo Bay,,1,0,36.3,bight,1,country_wd
Q31930294,Kasulo Forest,,1,0,36.3,forest,1,country_wd
Q31930308,Katabala Forest,,1,0,36.3,forest,1,country_wd
Q31930314,Katakoma,,1,0,36.3,swamp,1,country_wd
Q31930316,Katakwi,,1,0,36.3,sub-county of Uganda,1,country_wd
Q31930317,Katakwi Town Council,,1,0,36.3,town council of Uganda,1,country_wd
Q31930322,Katale Point,,1,0,36.3,point,1,country_wd
Q31930324,Katanda,,1,0,36.3,sub-county of Uganda,1,country_wd
Q31930347,Kateebwa,,1,0,36.3,sub-county of Uganda,1,country_wd
Q31930350,Kateete,,1,0,36.3,sub-county of Uganda,1,country_wd
Q31930363,Katerera,,1,0,36.3,sub-county of Uganda,1,country_wd
Q31930367,Katerera Town Council,,1,0,36.3,town council of Uganda,1,country_wd
Q31930373,Kathile,,1,0,36.3,sub-county of Uganda,1,country_wd
Q31930381,Katikamu,,1,0,36.3,sub-county of Uganda,1,country_wd
Q31930392,Katira,,1,0,36.3,sub-county of Uganda,1,country_wd
Q31930424,Katooke,,1,0,36.3,sub-county of Uganda,1,country_wd
Q31930436,Katrini,,1,0,36.3,sub-county of Uganda,1,country_wd
Q31930462,Katuna Town Council,,1,0,36.3,town council of Uganda,1,country_wd
Q31930466,Katunguru,,1,0,36.3,sub-county of Uganda,1,country_wd
Q31930474,Katwe Kabatoro T.Council,,1,0,36.3,town council of Uganda,1,country_wd
Q31930512,Kawagga Swamp,,1,0,36.3,swamp,1,country_wd
Q31930513,Kawalakol,,1,0,36.3,sub-county of Uganda,1,country_wd
Q31930534,Kawolo,,1,0,36.3,sub-county of Uganda,1,country_wd
Q31930537,Kawotomera Bay,,1,0,36.3,bight,1,country_wd
Q31930539,Kawowo,,1,0,36.3,sub-county of Uganda,1,country_wd
Q31930545,Kayebe Point,,1,0,36.3,point,1,country_wd
Q31930552,Kayira Point,,1,0,36.3,point,1,country_wd
Q31930554,Kayobe Swamp,,1,0,36.3,swamp,1,country_wd
Q31930558,Kayonza,,1,0,36.3,sub-county of Uganda,1,country_wd
Q31930559,Kayonza,,1,0,36.3,sub-county of Uganda,1,country_wd
Q31930562,Kayonza,,1,0,36.3,sub-county of Uganda,1,country_wd
Q31930573,Kayunga Town Council,,1,0,36.3,town council of Uganda,1,country_wd
Q31930576,Kazi Point,,1,0,36.3,point,1,country_wd
Q31930580,Kazimizi Point,,1,0,36.3,point,1,country_wd
Q31930589,Kazo,,1,0,36.3,sub-county of Uganda,1,country_wd
Q31930591,Kazo Town Council,,1,0,36.3,town council of Uganda,1,country_wd
Q31930637,Kei,,1,0,36.3,sub-county of Uganda,1,country_wd
Q31930640,Keihangara,,1,0,36.3,sub-county of Uganda,1,country_wd
Q31930815,Kerwa,,1,0,36.3,sub-county of Uganda,1,country_wd
Q31930940,Khabutoola,,1,0,36.3,sub-county of Uganda,1,country_wd
Q31931234,Kibaale,,1,0,36.3,sub-county of Uganda,1,country_wd
Q31931236,Kibaale Town Council,,1,0,36.3,town council of Uganda,1,country_wd
Q31931239,Kibale,,1,0,36.3,sub-county of Uganda,1,country_wd
Q31931240,Kibalinga,,1,0,36.3,sub-county of Uganda,1,country_wd
Q31931243,Kibanda,,1,0,36.3,sub-county of Uganda,1,country_wd
Q31931245,Kibatsi,,1,0,36.3,sub-county of Uganda,1,country_wd
Q31931248,Kibibi,,1,0,36.3,sub-county of Uganda,1,country_wd
Q31931254,Kibiga,,1,0,36.3,sub-county of Uganda,1,country_wd
Q31931257,Kibinge,,1,0,36.3,sub-county of Uganda,1,country_wd
Q31931258,Kibingo Town Council,,1,0,36.3,town council of Uganda,1,country_wd
Q31931260,Kiboga Town Council,,1,0,36.3,town council of Uganda,1,country_wd
Q31931262,Kibona Point,,1,0,36.3,point,1,country_wd
Q31931267,Kibuku,,1,0,36.3,sub-county of Uganda,1,country_wd
Q31931269,Kibuku Town Council,,1,0,36.3,town council of Uganda,1,country_wd
Q31931272,Kibuku Town Council,,1,0,36.3,town council of Uganda,1,country_wd
Q31931275,Kibumba Point,,1,0,36.3,point,1,country_wd
Q31931278,Kicheche,,1,0,36.3,sub-county of Uganda,1,country_wd
Q31931280,Kichwamba,,1,0,36.3,sub-county of Uganda,1,country_wd
Q31931282,Kicuzi,,1,0,36.3,sub-county of Uganda,1,country_wd
Q31931285,Kicwamba,,1,0,36.3,sub-county of Uganda,1,country_wd
Q31931293,Kidera,,1,0,36.3,sub-county of Uganda,1,country_wd
Q31931295,Kidibuli Bay,,1,0,36.3,bight,1,country_wd
Q31931299,Kidongole,,1,0,36.3,sub-county of Uganda,1,country_wd
Q31931301,Kidubira Swamp,,1,0,36.3,swamp,1,country_wd
Q31931306,Kifamba,,1,0,36.3,sub-county of Uganda,1,country_wd
Q31931309,Kifo Bay,,1,0,36.3,bight,1,country_wd
Q31931313,Kigandalo,,1,0,36.3,sub-county of Uganda,1,country_wd
Q31931315,Kigando,,1,0,36.3,sub-county of Uganda,1,country_wd
Q31931317,Kigarama,,1,0,36.3,sub-county of Uganda,1,country_wd
Q31931320,Kigorobya,,1,0,36.3,sub-county of Uganda,1,country_wd
Q31931322,Kigorobya Town Council,,1,0,36.3,town council of Uganda,1,country_wd
Q31931325,Kigulya Division,,1,0,36.3,division of Uganda,1,country_wd
Q31931330,Kigumba Town Council,,1,0,36.3,town council of Uganda,1,country_wd
Q31931333,Kiguri,,1,0,36.3,,1,country_wd
Q31931335,Kigwera,,1,0,36.3,sub-county of Uganda,1,country_wd
Q31931339,Kihiihi,,1,0,36.3,sub-county of Uganda,1,country_wd
Q31931340,Kihiihi Town Council,,1,0,36.3,town council of Uganda,1,country_wd
Q31931343,Kihungya,,1,0,36.3,sub-county of Uganda,1,country_wd
Q31931346,Kihuura,,1,0,36.3,sub-county of Uganda,1,country_wd
Q31931348,Kijomoro,,1,0,36.3,sub-county of Uganda,1,country_wd
Q31931351,Kijongo,,1,0,36.3,sub-county of Uganda,1,country_wd
Q31931352,Kijura Town Council,,1,0,36.3,town council of Uganda,1,country_wd
Q31931355,Kikagate,,1,0,36.3,sub-county of Uganda,1,country_wd
Q31931359,Kikamulo,,1,0,36.3,sub-county of Uganda,1,country_wd
Q31931361,Kikandwa,,1,0,36.3,sub-county of Uganda,1,country_wd
Q31931363,Kiko Bay,,1,0,36.3,bight,1,country_wd
Q31931365,Kiko Town Council,,1,0,36.3,town council of Uganda,1,country_wd
Q31931371,Kikyusa,,1,0,36.3,sub-county of Uganda,1,country_wd
Q31931378,Kilembe,,1,0,36.3,sub-county of Uganda,1,country_wd
Q31931393,Kimanya/Kyabakuza Div.,,1,0,36.3,division of Uganda,1,country_wd
Q31931403,Kimengo,,1,0,36.3,sub-county of Uganda,1,country_wd
Q31931406,Kimenyedde,,1,0,36.3,sub-county of Uganda,1,country_wd
Q31931412,Kinaaba,,1,0,36.3,sub-county of Uganda,1,country_wd
Q31931415,Kinangoma,,1,0,36.3,swamp,1,country_wd
Q31932265,Kinoni,,1,0,36.3,sub-county of Uganda,1,country_wd
Q31932268,Kinoni,,1,0,36.3,sub-county of Uganda,1,country_wd
Q31932271,Kinuuka,,1,0,36.3,sub-county of Uganda,1,country_wd
Q31932273,Kinyankaro,,1,0,36.3,swamp,1,country_wd
Q31932278,Kinyogoga,,1,0,36.3,sub-county of Uganda,1,country_wd
Q31932284,Kira Town Council,,1,0,36.3,town council of Uganda,1,country_wd
Q31932286,Kirewa,,1,0,36.3,sub-county of Uganda,1,country_wd
Q31932290,Kirika,,1,0,36.3,sub-county of Uganda,1,country_wd
Q31932291,Kiriki,,1,0,36.3,sub-county of Uganda,1,country_wd
Q31932293,Kirima,,1,0,36.3,sub-county of Uganda,1,country_wd
Q31932294,Kiringente,,1,0,36.3,sub-county of Uganda,1,country_wd
Q31932302,Kiruhura Town Council,,1,0,36.3,town council of Uganda,1,country_wd
Q31932303,Kirumba,,1,0,36.3,sub-county of Uganda,1,country_wd
Q31932306,Kirumya,,1,0,36.3,sub-county of Uganda,1,country_wd
Q31932310,Kiryandongo,,1,0,36.3,sub-county of Uganda,1,country_wd
Q31932311,Kiryandongo Refugee Set.,,1,0,36.3,sub-county of Uganda,1,country_wd
Q31932313,Kiryandongo Town Council,,1,0,36.3,town council of Uganda,1,country_wd
Q31932315,Kiryanga,,1,0,36.3,sub-county of Uganda,1,country_wd
Q31932317,Kisankombe Forest,,1,0,36.3,forest,1,country_wd
Q31932319,Kisekka,,1,0,36.3,sub-county of Uganda,1,country_wd
Q31932321,Kisiita,,1,0,36.3,sub-county of Uganda,1,country_wd
Q31932323,Kisinga,,1,0,36.3,sub-county of Uganda,1,country_wd
Q31932327,Kisisita Forest,,1,0,36.3,forest,1,country_wd
Q31932328,Kisojo,,1,0,36.3,sub-county of Uganda,1,country_wd
Q31932330,Kisoko Bay,,1,0,36.3,bight,1,country_wd
Q31932332,Kisoloberu Point,,1,0,36.3,point,1,country_wd
Q31932334,Kisoro Town Council,,1,0,36.3,town council of Uganda,1,country_wd
Q31932336,Kisozi,,1,0,36.3,sub-county of Uganda,1,country_wd
Q31932337,Kisuba,,1,0,36.3,sub-county of Uganda,1,country_wd
Q31932340,Kitambwa Forest,,1,0,36.3,forest,1,country_wd
Q31932342,Kitawoi,,1,0,36.3,sub-county of Uganda,1,country_wd
Q31932344,Kitayunjwa,,1,0,36.3,sub-county of Uganda,1,country_wd
Q31932346,Kitendere Point,,1,0,36.3,point,1,country_wd
Q31932348,Kitenga,,1,0,36.3,sub-county of Uganda,1,country_wd
Q31932353,Kitenga,,1,0,36.3,sub-county of Uganda,1,country_wd
Q31932357,Kito,,1,0,36.3,sub-county of Uganda,1,country_wd
Q31932365,Kitswamba,,1,0,36.3,sub-county of Uganda,1,country_wd
Q31932370,Kitumba,,1,0,36.3,sub-county of Uganda,1,country_wd
Q31932371,Kitumbi,,1,0,36.3,sub-county of Uganda,1,country_wd
Q31932374,Kituntu Sub-County,,1,0,36.3,sub-county of Uganda,1,country_wd
Q31932377,Kituura,,1,0,36.3,sub-county of Uganda,1,country_wd
Q31932381,Kitwe Town Council,,1,0,36.3,town council of Uganda,1,country_wd
Q31932382,Kityerera,,1,0,36.3,sub-county of Uganda,1,country_wd
Q31932384,Kivule Point,,1,0,36.3,point,1,country_wd
Q31932387,Kiwembo Forest,,1,0,36.3,forest,1,country_wd
Q31932388,Kiwoko Town Council,,1,0,36.3,town council of Uganda,1,country_wd
Q31932390,Kiwubwe Bay,,1,0,36.3,bight,1,country_wd
Q31932392,Kiyuni,,1,0,36.3,sub-county of Uganda,1,country_wd
Q31932394,Kiziba,,1,0,36.3,sub-county of Uganda,1,country_wd
Q31932396,Kiziba Point,,1,0,36.3,point,1,country_wd
Q31932401,Kizinga Point,,1,0,36.3,point,1,country_wd
Q31932403,Kizinkuba and Kyere Forests,,1,0,36.3,forest,1,country_wd
Q31932404,Kiziranfumbi,,1,0,36.3,sub-county of Uganda,1,country_wd
Q31932407,Kkingo,,1,0,36.3,sub-county of Uganda,1,country_wd
Q31933724,Koboko Town Council,,1,0,36.3,town council of Uganda,1,country_wd
Q31933738,Kobwin,,1,0,36.3,sub-county of Uganda,1,country_wd
Q31933745,Koch Goma,,1,0,36.3,sub-county of Uganda,1,country_wd
Q31933751,Kodanapal Waterhole,,1,0,36.3,waterhole,1,country_wd
Q31934034,Kojja Peninsula,,1,0,36.3,peninsula,1,country_wd
Q31934070,Kokilokit,,1,0,36.3,,1,country_wd
Q31934144,Kole Town Council,,1,0,36.3,town council of Uganda,1,country_wd
Q31934150,Kolele Waterhole,,1,0,36.3,waterhole,1,country_wd
Q31934163,Kolir,,1,0,36.3,sub-county of Uganda,1,country_wd
Q31934747,Kopotiar,,1,0,36.3,,1,country_wd
Q31934901,Koro,,1,0,36.3,sub-county of Uganda,1,country_wd
Q31934917,Koromwa,,1,0,36.3,,1,country_wd
Q31934951,Kortek,,1,0,36.3,sub-county of Uganda,1,country_wd
Q31935072,Kotido,,1,0,36.3,sub-county of Uganda,1,country_wd
Q31935078,Kotido Town Council,,1,0,36.3,town council of Uganda,1,country_wd
Q31935090,Kotomol,,1,0,36.3,sub-county of Uganda,1,country_wd
Q31936114,Kuju,,1,0,36.3,sub-county of Uganda,1,country_wd
Q31936198,Kuluba,,1,0,36.3,sub-county of Uganda,1,country_wd
Q31936207,Kululu,,1,0,36.3,sub-county of Uganda,1,country_wd
Q31936301,Kumbu Bay,,1,0,36.3,bight,1,country_wd
Q31936332,Kumi Town Council,,1,0,36.3,town council of Uganda,1,country_wd
Q31936488,Kuru,,1,0,36.3,sub-county of Uganda,1,country_wd
Q31937136,Kwanyiny,,1,0,36.3,sub-county of Uganda,1,country_wd
Q31937140,Kwapa,,1,0,36.3,sub-county of Uganda,1,country_wd
Q31937279,Kwera,,1,0,36.3,sub-county of Uganda,1,country_wd
Q31937283,Kwosir,,1,0,36.3,sub-county of Uganda,1,country_wd
Q31937287,Kyabakara,,1,0,36.3,sub-county of Uganda,1,country_wd
Q31937289,Kyabarungira,,1,0,36.3,sub-county of Uganda,1,country_wd
Q31937290,Kyabigambire,,1,0,36.3,sub-county of Uganda,1,country_wd
Q31937292,Kyabirwa Falls,,1,0,36.3,,1,country_wd
Q31937294,Kyakabadiima,,1,0,36.3,sub-county of Uganda,1,country_wd
Q31937305,Kyampisi,,1,0,36.3,sub-county of Uganda,1,country_wd
Q31937307,Kyamuhunga,,1,0,36.3,sub-county of Uganda,1,country_wd
Q31937309,Kyamuliibwa,,1,0,36.3,sub-county of Uganda,1,country_wd
Q31937313,Kyamuswa,,1,0,36.3,sub-county of Uganda,1,country_wd
Q31937320,Kyanaisoke,,1,0,36.3,sub-county of Uganda,1,country_wd
Q31937322,Kyanamira,,1,0,36.3,sub-county of Uganda,1,country_wd
Q31937330,Kyangwali,,1,0,36.3,sub-county of Uganda,1,country_wd
Q31937332,Kyangyenyi,,1,0,36.3,sub-county of Uganda,1,country_wd
Q31937338,Kyankuba Point,,1,0,36.3,point,1,country_wd
Q31937343,Kyarumba,,1,0,36.3,sub-county of Uganda,1,country_wd
Q31937348,Kyaterekera,,1,0,36.3,sub-county of Uganda,1,country_wd
Q31937355,Kyazanga,,1,0,36.3,sub-county of Uganda,1,country_wd
Q31937363,Kyazanga Town Council,,1,0,36.3,town council of Uganda,1,country_wd
Q31937369,Kyebando,,1,0,36.3,sub-county of Uganda,1,country_wd
Q31937373,Kyebe,,1,0,36.3,sub-county of Uganda,1,country_wd
Q31937380,Kyegegwa,,1,0,36.3,sub-county of Uganda,1,country_wd
Q31937385,Kyegegwa Town Council,,1,0,36.3,town council of Uganda,1,country_wd
Q31937390,Kyegonza,,1,0,36.3,sub-county of Uganda,1,country_wd
Q31937394,Kyeizoba,,1,0,36.3,sub-county of Uganda,1,country_wd
Q31937399,Kyenjojo Town Council,,1,0,36.3,town council of Uganda,1,country_wd
Q31937406,Kyenzige,,1,0,36.3,sub-county of Uganda,1,country_wd
Q31937413,Kyere,,1,0,36.3,sub-county of Uganda,1,country_wd
Q31937418,Kyereta,,1,0,36.3,swamp,1,country_wd
Q31937431,Kyondo,,1,0,36.3,sub-county of Uganda,1,country_wd
Q31937435,Kyotera Town Council,,1,0,36.3,town council of Uganda,1,country_wd
Q31938973,L. Katwe,,1,0,36.3,sub-county of Uganda,1,country_wd
Q31939256,Labori,,1,0,36.3,sub-county of Uganda,1,country_wd
Q31941557,Lakwana,,1,0,36.3,sub-county of Uganda,1,country_wd
Q31941563,Lala Point,,1,0,36.3,point,1,country_wd
Q31941899,Lamiyo,,1,0,36.3,sub-county of Uganda,1,country_wd
Q31942269,Lapono,,1,0,36.3,sub-county of Uganda,1,country_wd
Q31942280,Laroo,,1,0,36.3,sub-county of Uganda,1,country_wd
Q31942301,Laso Falls,,1,0,36.3,,1,country_wd
Q31942310,Latapwa Dam,,1,0,36.3,dam,1,country_wd
Q31942354,Layibi,,1,0,36.3,sub-county of Uganda,1,country_wd
Q31942585,Lefori,,1,0,36.3,sub-county of Uganda,1,country_wd
Q31943017,Lira,,1,0,36.3,sub-county of Uganda,1,country_wd
Q31943020,Lira Palwo,,1,0,36.3,sub-county of Uganda,1,country_wd
Q31943229,Lobalangit,,1,0,36.3,sub-county of Uganda,1,country_wd
Q31943246,Loborukitaat,,1,0,36.3,,1,country_wd
Q31943248,Lobule,,1,0,36.3,sub-county of Uganda,1,country_wd
Q31943265,Lochoriawoyan,,1,0,36.3,,1,country_wd
Q31943268,Lochorkaesilen,,1,0,36.3,,1,country_wd
Q31943272,Lodiko,,1,0,36.3,sub-county of Uganda,1,country_wd
Q31943275,Lodonga,,1,0,36.3,sub-county of Uganda,1,country_wd
Q31943298,Logiri,,1,0,36.3,sub-county of Uganda,1,country_wd
Q31943302,Lokaale,,1,0,36.3,,1,country_wd
Q31943309,Lokimait Waterhole,,1,0,36.3,waterhole,1,country_wd
Q31943312,Lokiriset Waterhole,,1,0,36.3,waterhole,1,country_wd
Q31943315,Lokopo,,1,0,36.3,sub-county of Uganda,1,country_wd
Q31943325,Lolachat,,1,0,36.3,sub-county of Uganda,1,country_wd
Q31943329,Lolelia,,1,0,36.3,sub-county of Uganda,1,country_wd
Q31943451,Lomuno,,1,0,36.3,,1,country_wd
Q31943527,Longori Dam,,1,0,36.3,dam,1,country_wd
Q31943544,Lonukaf,,1,0,36.3,,1,country_wd
Q31943580,Lopei,,1,0,36.3,sub-county of Uganda,1,country_wd
Q31943581,Lopitapar Waterhole,,1,0,36.3,waterhole,1,country_wd
Q31943587,Lorengedwat,,1,0,36.3,sub-county of Uganda,1,country_wd
Q31943596,Loroo,,1,0,36.3,sub-county of Uganda,1,country_wd
Q31943860,Lotenepus,,1,0,36.3,,1,country_wd
Q31943910,Lotome,,1,0,36.3,sub-county of Uganda,1,country_wd
Q31943925,Lotukei,,1,0,36.3,sub-county of Uganda,1,country_wd
Q31944176,Lowoya,,1,0,36.3,,1,country_wd
Q31944342,Lubanga Forest,,1,0,36.3,forest,1,country_wd
Q31944373,Lubembe Point,,1,0,36.3,point,1,country_wd
Q31944395,Lubiriye,,1,0,36.3,swamp,1,country_wd
Q31944485,Ludara,,1,0,36.3,sub-county of Uganda,1,country_wd
Q31944542,Lufudu Bay,,1,0,36.3,bight,1,country_wd
Q31944586,Lugazi Town Council,,1,0,36.3,town council of Uganda,1,country_wd
Q31944727,Lukaya Town Council,,1,0,36.3,town council of Uganda,1,country_wd
Q31944743,Lukhonge,,1,0,36.3,sub-county of Uganda,1,country_wd
Q31944821,Lukumbi Swamp,,1,0,36.3,swamp,1,country_wd
Q31945100,Lunzuma Point,,1,0,36.3,point,1,country_wd
Q31945207,Lusaka Point,,1,0,36.3,point,1,country_wd
Q31945252,Lusha,,1,0,36.3,sub-county of Uganda,1,country_wd
Q31945370,Lutembe Beach,,1,0,36.3,beach,1,country_wd
Q31945418,Luuka Town Council,,1,0,36.3,town council of Uganda,1,country_wd
Q31945453,Luwero Town Council,,1,0,36.3,town council of Uganda,1,country_wd
Q31945471,Luwoko Bay,,1,0,36.3,bight,1,country_wd
Q31945502,Lwabenge,,1,0,36.3,sub-county of Uganda,1,country_wd
Q31945509,Lwabyata,,1,0,36.3,sub-county of Uganda,1,country_wd
Q31945532,Lwakhakha Town Council,,1,0,36.3,town council of Uganda,1,country_wd
Q31945545,Lwamaggwa,,1,0,36.3,sub-county of Uganda,1,country_wd
Q31945558,Lwampanga,,1,0,36.3,sub-county of Uganda,1,country_wd
Q31945569,Lwanda,,1,0,36.3,sub-county of Uganda,1,country_wd
Q31945592,Lwankoni,,1,0,36.3,sub-county of Uganda,1,country_wd
Q31945602,Lwaso,,1,0,36.3,sub-county of Uganda,1,country_wd
Q31945608,Lwebitakuli,,1,0,36.3,sub-county of Uganda,1,country_wd
Q31945614,Lwemiyaga,,1,0,36.3,sub-county of Uganda,1,country_wd
Q31945636,Lwengo,,1,0,36.3,sub-county of Uganda,1,country_wd
Q31945640,Lwengo Town Council,,1,0,36.3,town council of Uganda,1,country_wd
Q31945663,Lyama,,1,0,36.3,sub-county of Uganda,1,country_wd
Q31945677,Lyantonde,,1,0,36.3,sub-county of Uganda,1,country_wd
Q31945683,Lyantonde Town Council,,1,0,36.3,town council of Uganda,1,country_wd
Q31946065,Maanyi,,1,0,36.3,sub-county of Uganda,1,country_wd
Q31946078,Mabaale,,1,0,36.3,sub-county of Uganda,1,country_wd
Q31946192,Mabo Point,,1,0,36.3,point,1,country_wd
Q31946703,Madudu,,1,0,36.3,sub-county of Uganda,1,country_wd
Q31946862,Mafubira,,1,0,36.3,sub-county of Uganda,1,country_wd
Q31946924,Magada,,1,0,36.3,sub-county of Uganda,1,country_wd
Q31946940,Magale,,1,0,36.3,sub-county of Uganda,1,country_wd
Q31946964,Magambo,,1,0,36.3,sub-county of Uganda,1,country_wd
Q31947069,Magola,,1,0,36.3,sub-county of Uganda,1,country_wd
Q31947092,Magonya Bay,,1,0,36.3,bight,1,country_wd
Q31947097,Magoro,,1,0,36.3,sub-county of Uganda,1,country_wd
Q31947198,Mahango,,1,0,36.3,sub-county of Uganda,1,country_wd
Q31947383,Mahyoro,,1,0,36.3,sub-county of Uganda,1,country_wd
Q31947453,Majebo Point,,1,0,36.3,point,1,country_wd
Q31947707,Makiraga Bay,,1,0,36.3,bight,1,country_wd
Q31947764,Makokota,,1,0,36.3,sub-county of Uganda,1,country_wd
Q31947830,Makopa Point,,1,0,36.3,point,1,country_wd
Q31947916,Makulubita,,1,0,36.3,sub-county of Uganda,1,country_wd
Q31948066,Malaba Town Council,,1,0,36.3,town council of Uganda,1,country_wd
Q31948131,Malangala,,1,0,36.3,sub-county of Uganda,1,country_wd
Q31948200,Malera,,1,0,36.3,sub-county of Uganda,1,country_wd
Q31948266,Malirwe Point,,1,0,36.3,point,1,country_wd
Q31948345,Malongo,,1,0,36.3,sub-county of Uganda,1,country_wd
Q31948349,Malongo,,1,0,36.3,sub-county of Uganda,1,country_wd
Q31948668,Manafwa Town Council,,1,0,36.3,town council of Uganda,1,country_wd
Q31949484,Manyogaseka,,1,0,36.3,sub-county of Uganda,1,country_wd
Q31949911,Maracha Town Council,,1,0,36.3,town council of Uganda,1,country_wd
Q31950766,Masaba,,1,0,36.3,sub-county of Uganda,1,country_wd
Q31950976,Masese/Walukuba Division,,1,0,36.3,division of Uganda,1,country_wd
Q31951039,Masheruka,,1,0,36.3,sub-county of Uganda,1,country_wd
Q31951145,Masiira,,1,0,36.3,sub-county of Uganda,1,country_wd
Q31951177,Masindi Port,,1,0,36.3,sub-county of Uganda,1,country_wd
Q31951337,Masulita Town Council,,1,0,36.3,town council of Uganda,1,country_wd
Q31951571,Matale,,1,0,36.3,sub-county of Uganda,1,country_wd
Q31951637,Matany,,1,0,36.3,sub-county of Uganda,1,country_wd
Q31951768,Mateete Town Council,,1,0,36.3,town council of Uganda,1,country_wd
Q31951825,Matheniko Game Reserve,,1,0,36.3,,1,country_wd
Q31951829,Matheniko Wildlife Reserve,,1,0,36.3,wildlife refuge,1,country_wd
Q31952514,Mawanga Point,,1,0,36.3,point,1,country_wd
Q31952637,Mayanga,,1,0,36.3,sub-county of Uganda,1,country_wd
Q31952774,Mayuge Town Council,,1,0,36.3,town council of Uganda,1,country_wd
Q31952879,Maziba,,1,0,36.3,sub-county of Uganda,1,country_wd
Q31952903,Mazinga,,1,0,36.3,sub-county of Uganda,1,country_wd
Q31953020,Mbaare,,1,0,36.3,sub-county of Uganda,1,country_wd
Q31953069,Mbale Forest,,1,0,36.3,forest,1,country_wd
Q31953407,Mbulamuti,,1,0,36.3,sub-county of Uganda,1,country_wd
Q31953869,Mella,,1,0,36.3,sub-county of Uganda,1,country_wd
Q31953916,Mende,,1,0,36.3,sub-county of Uganda,1,country_wd
Q31953956,Mengo Bay,,1,0,36.3,bight,1,country_wd
Q31954002,Merikit,,1,0,36.3,sub-county of Uganda,1,country_wd
Q31954076,Meru Point,,1,0,36.3,point,1,country_wd
Q31954415,Metu,,1,0,36.3,sub-county of Uganda,1,country_wd
Q31955225,Midia,,1,0,36.3,sub-county of Uganda,1,country_wd
Q31955229,Midigo,,1,0,36.3,sub-county of Uganda,1,country_wd
Q31955365,Migeera Town Council,,1,0,36.3,town council of Uganda,1,country_wd
Q31955381,Miirya,,1,0,36.3,sub-county of Uganda,1,country_wd
Q31955388,Mijwala,,1,0,36.3,sub-county of Uganda,1,country_wd
Q31955653,Mirambi,,1,0,36.3,sub-county of Uganda,1,country_wd
Q31955671,Miranga Forest,,1,0,36.3,forest,1,country_wd
Q31955701,Mirongo Bay,,1,0,36.3,bight,1,country_wd
Q31955895,Mitooma Town Council,,1,0,36.3,town council of Uganda,1,country_wd
Q31955924,Mityana Town Council,,1,0,36.3,town council of Uganda,1,country_wd
Q31956777,Molo,,1,0,36.3,sub-county of Uganda,1,country_wd
Q31958023,Moruita,,1,0,36.3,sub-county of Uganda,1,country_wd
Q31958032,Morulem,,1,0,36.3,sub-county of Uganda,1,country_wd
Q31958041,Morungatuny,,1,0,36.3,sub-county of Uganda,1,country_wd
Q31959092,Moyo,,1,0,36.3,sub-county of Uganda,1,country_wd
Q31959097,Moyo Town Council,,1,0,36.3,town council of Uganda,1,country_wd
Q31959219,Mpara,,1,0,36.3,sub-county of Uganda,1,country_wd
Q31959223,Mparo Division,,1,0,36.3,division of Uganda,1,country_wd
Q31959234,Mpasaana,,1,0,36.3,sub-county of Uganda,1,country_wd
Q31959250,Mpatta,,1,0,36.3,sub-county of Uganda,1,country_wd
Q31959297,Mpenja,,1,0,36.3,sub-county of Uganda,1,country_wd
Q31959338,Mpigi Town Council,,1,0,36.3,town council of Uganda,1,country_wd
Q31959430,Mpondwe-Lhubiriha Tc,,1,0,36.3,town council of Uganda,1,country_wd
Q31959530,Mpumudde,,1,0,36.3,sub-county of Uganda,1,country_wd
Q31959534,Mpumudde/Kimaka Division,,1,0,36.3,division of Uganda,1,country_wd
Q31959550,Mpunda Point,,1,0,36.3,point,1,country_wd
Q31959560,Mpunge,,1,0,36.3,sub-county of Uganda,1,country_wd
Q31959576,Mpungwe,,1,0,36.3,sub-county of Uganda,1,country_wd
Q31959731,Mt. Elgon National Park,,1,0,36.3,,1,country_wd
Q31960226,Mubanda Point,,1,0,36.3,point,1,country_wd
Q31960241,Mubende Town Council,,1,0,36.3,town council of Uganda,1,country_wd
Q31960262,Muchambwa,,1,0,36.3,swamp,1,country_wd
Q31960460,Mugarama,,1,0,36.3,sub-county of Uganda,1,country_wd
Q31960470,Mugoye,,1,0,36.3,sub-county of Uganda,1,country_wd
Q31960482,Muhanga Town Council,,1,0,36.3,town council of Uganda,1,country_wd
Q31960491,Muhokya,,1,0,36.3,sub-county of Uganda,1,country_wd
Q31960496,Muhoro,,1,0,36.3,sub-county of Uganda,1,country_wd
Q31960500,Muhoro Town Council,,1,0,36.3,town council of Uganda,1,country_wd
Q31960670,Mukongoro,,1,0,36.3,sub-county of Uganda,1,country_wd
Q31960736,Mukungwe,,1,0,36.3,sub-county of Uganda,1,country_wd
Q31960745,Mukura,,1,0,36.3,sub-county of Uganda,1,country_wd
Q31960783,Mulagi,,1,0,36.3,sub-county of Uganda,1,country_wd
Q31960800,Mulanda,,1,0,36.3,sub-county of Uganda,1,country_wd
Q31960885,Mulimusa Point,,1,0,36.3,point,1,country_wd
Q31961096,Munarya,,1,0,36.3,sub-county of Uganda,1,country_wd
Q31963320,Muramba,,1,0,36.3,sub-county of Uganda,1,country_wd
Q31963415,Murora,,1,0,36.3,sub-county of Uganda,1,country_wd
Q31963576,Musenyu Bay,,1,0,36.3,bight,1,country_wd
Q31963587,Museyni Bay,,1,0,36.3,bight,1,country_wd
Q31963672,Musima Bay,,1,0,36.3,bight,1,country_wd
Q31963820,Mutara,,1,0,36.3,sub-county of Uganda,1,country_wd
Q31963914,Muterere,,1,0,36.3,sub-county of Uganda,1,country_wd
Q31964007,Mutoto,,1,0,36.3,sub-county of Uganda,1,country_wd
Q31964075,Mutunda,,1,0,36.3,sub-county of Uganda,1,country_wd
Q31964225,Muwanga,,1,0,36.3,sub-county of Uganda,1,country_wd
Q31964253,Muyembe,,1,0,36.3,sub-county of Uganda,1,country_wd
Q31964730,Mwizi,,1,0,36.3,sub-county of Uganda,1,country_wd
Q31964739,Mwola Forest,,1,0,36.3,forest,1,country_wd
Q31964762,Myanzi,,1,0,36.3,sub-county of Uganda,1,country_wd
Q31965989,Nabaale,,1,0,36.3,sub-county of Uganda,1,country_wd
Q31966010,Nababirye Point,,1,0,36.3,point,1,country_wd
Q31966028,Nabbanga Swamp,,1,0,36.3,swamp,1,country_wd
Q31966034,Nabigasa,,1,0,36.3,sub-county of Uganda,1,country_wd
Q31966040,Nabigherya Swamp,,1,0,36.3,swamp,1,country_wd
Q31966051,Nabingoola,,1,0,36.3,sub-county of Uganda,1,country_wd
Q31966055,Nabiswera,,1,0,36.3,sub-county of Uganda,1,country_wd
Q31966058,Nabitende,,1,0,36.3,sub-county of Uganda,1,country_wd
Q31966063,Naboa,,1,0,36.3,sub-county of Uganda,1,country_wd
Q31966086,Nabuyoga,,1,0,36.3,sub-county of Uganda,1,country_wd
Q31966095,Nabweya,,1,0,36.3,sub-county of Uganda,1,country_wd
Q31966161,Nagawoloma Swamp,,1,0,36.3,swamp,1,country_wd
Q31966190,Nagongera,,1,0,36.3,sub-county of Uganda,1,country_wd
Q31966195,Nagongera Town Council,,1,0,36.3,town council of Uganda,1,country_wd
Q31966226,Nairambi,,1,0,36.3,sub-county of Uganda,1,country_wd
Q31966230,Naireme Bay,,1,0,36.3,bight,1,country_wd
Q31966380,Najja,,1,0,36.3,sub-county of Uganda,1,country_wd
Q31966384,Najjembe,,1,0,36.3,sub-county of Uganda,1,country_wd
Q31966413,Nakabanda Point,,1,0,36.3,point,1,country_wd
Q31966426,Nakaiyut,,1,0,36.3,,1,country_wd
Q31966441,Nakakomo Point,,1,0,36.3,point,1,country_wd
Q31966454,Nakalama,,1,0,36.3,sub-county of Uganda,1,country_wd
Q31966472,Nakalanga Point,,1,0,36.3,point,1,country_wd
Q31966477,Nakalemo Point,,1,0,36.3,point,1,country_wd
Q31966489,Nakaloke Town Council,,1,0,36.3,town council of Uganda,1,country_wd
Q31966516,Nakamindu Point,,1,0,36.3,point,1,country_wd
Q31966545,Nakapiripirit T.Council,,1,0,36.3,town council of Uganda,1,country_wd
Q31966549,Nakaseke,,1,0,36.3,sub-county of Uganda,1,country_wd
Q31966552,Nakaseke Town Council,,1,0,36.3,town council of Uganda,1,country_wd
Q31966557,Nakasenyi Bay,,1,0,36.3,bight,1,country_wd
Q31966564,Nakasongola Town Council,,1,0,36.3,town council of Uganda,1,country_wd
Q31966588,Nakatsi,,1,0,36.3,sub-county of Uganda,1,country_wd
Q31966602,Nakayaga Bay,,1,0,36.3,bight,1,country_wd
Q31966612,Nakibega Swamp,,1,0,36.3,swamp,1,country_wd
Q31966619,Nakigo,,1,0,36.3,sub-county of Uganda,1,country_wd
Q31966624,Nakilaro,,1,0,36.3,,1,country_wd
Q31966632,Nakisunga,,1,0,36.3,sub-county of Uganda,1,country_wd
Q31966636,Nakito Forest,,1,0,36.3,forest,1,country_wd
Q31966642,Nakitokota Forest,,1,0,36.3,forest,1,country_wd
Q31966645,Nakitoma,,1,0,36.3,sub-county of Uganda,1,country_wd
Q31966653,Nakiyuka Point,,1,0,36.3,point,1,country_wd
Q31966675,Nakyesajo Bay,,1,0,36.3,bight,1,country_wd
Q31966735,Nalondo,,1,0,36.3,sub-county of Uganda,1,country_wd
Q31966764,Nalubale Point,,1,0,36.3,point,1,country_wd
Q31966860,Nalumuli Bay,,1,0,36.3,bight,1,country_wd
Q31966877,Nalusala,,1,0,36.3,sub-county of Uganda,1,country_wd
Q31966895,Nalutengera Swamp,,1,0,36.3,swamp,1,country_wd
Q31966903,Naluwaya Point,,1,0,36.3,point,1,country_wd
Q31966918,Nalwanza,,1,0,36.3,sub-county of Uganda,1,country_wd
Q31966922,Nalweyo,,1,0,36.3,sub-county of Uganda,1,country_wd
Q31966942,Nama,,1,0,36.3,sub-county of Uganda,1,country_wd
Q31966976,Namabya,,1,0,36.3,sub-county of Uganda,1,country_wd
Q31966991,Namadewa Bay,,1,0,36.3,bight,1,country_wd
Q31967002,Namagombe Swamp,,1,0,36.3,swamp,1,country_wd
Q31967055,Namalemba,,1,0,36.3,sub-county of Uganda,1,country_wd
Q31967071,Namalu,,1,0,36.3,sub-county of Uganda,1,country_wd
Q31967081,Namalumba Point,,1,0,36.3,point,1,country_wd
Q31967136,Namansa Point,,1,0,36.3,point,1,country_wd
Q31967141,Namanyo Point,,1,0,36.3,point,1,country_wd
Q31967145,Namanyonyi,,1,0,36.3,sub-county of Uganda,1,country_wd
Q31967164,Namasagali,,1,0,36.3,sub-county of Uganda,1,country_wd
Q31967167,Namasale,,1,0,36.3,sub-county of Uganda,1,country_wd
Q31967171,Namasale Tc,,1,0,36.3,town council of Uganda,1,country_wd
Q31967196,Namatiwa Forest,,1,0,36.3,forest,1,country_wd
Q31967203,Namatukulu Point,,1,0,36.3,point,1,country_wd
Q31967213,Namayingo Town Council,,1,0,36.3,town council of Uganda,1,country_wd
Q31967217,Namayumba Town Council,,1,0,36.3,town council of Uganda,1,country_wd
Q31967229,Nambale,,1,0,36.3,sub-county of Uganda,1,country_wd
Q31967232,Nambalire Point,,1,0,36.3,point,1,country_wd
Q31967250,Nambieso,,1,0,36.3,sub-county of Uganda,1,country_wd
Q31967262,Namboko,,1,0,36.3,sub-county of Uganda,1,country_wd
Q31967324,Namisuni,,1,0,36.3,sub-county of Uganda,1,country_wd
Q31967336,Namokora,,1,0,36.3,sub-county of Uganda,1,country_wd
Q31967356,Nampwotwe Swamp,,1,0,36.3,swamp,1,country_wd
Q31967374,Namugombe,,1,0,36.3,swamp,1,country_wd
Q31967375,Namugongo,,1,0,36.3,sub-county of Uganda,1,country_wd
Q31967377,Namugonya Bay,,1,0,36.3,bight,1,country_wd
Q31967421,Namungalwe,,1,0,36.3,sub-county of Uganda,1,country_wd
Q31967425,Namungo,,1,0,36.3,sub-county of Uganda,1,country_wd
Q31967541,Namutumba,,1,0,36.3,sub-county of Uganda,1,country_wd
Q31967544,Namutumba Town Council,,1,0,36.3,town council of Uganda,1,country_wd
Q31967571,Namwendwa,,1,0,36.3,"sub-county of Uganda, parish of Uganda",1,country_wd
Q31967586,Namwiwa,,1,0,36.3,sub-county of Uganda,1,country_wd
Q31967658,Nangabo,,1,0,36.3,sub-county of Uganda,1,country_wd
Q31967762,Nangusu Bay,,1,0,36.3,bight,1,country_wd
Q31967785,Nankakwa Bay,,1,0,36.3,bight,1,country_wd
Q31967792,Nankoma,,1,0,36.3,sub-county of Uganda,1,country_wd
Q31967825,Nansana Town Council,,1,0,36.3,town council of Uganda,1,country_wd
Q31967832,Nansanga,,1,0,36.3,sub-county of Uganda,1,country_wd
Q31967897,Napak Tc,,1,0,36.3,town council of Uganda,1,country_wd
Q31967902,Napak-Agkala Pass,,1,0,36.3,gap,1,country_wd
Q31967913,Napore,,1,0,36.3,sub-county of Uganda,1,country_wd
Q31968263,Natongale,,1,0,36.3,,1,country_wd
Q31968286,Naturongole,,1,0,36.3,,1,country_wd
Q31968388,Nawagunga Swamp,,1,0,36.3,swamp,1,country_wd
Q31968394,Nawaikoke,,1,0,36.3,sub-county of Uganda,1,country_wd
Q31968405,Nawampiti,,1,0,36.3,sub-county of Uganda,1,country_wd
Q31968410,Nawandala,,1,0,36.3,sub-county of Uganda,1,country_wd
Q31968425,Nawanyago,,1,0,36.3,sub-county of Uganda,1,country_wd
Q31968431,Nawanyingi,,1,0,36.3,sub-county of Uganda,1,country_wd
Q31968441,Naweyo,,1,0,36.3,sub-county of Uganda,1,country_wd
Q31968477,Nayere Vallley,,1,0,36.3,,1,country_wd
Q31968513,Nazimasa,,1,0,36.3,sub-county of Uganda,1,country_wd
Q31968646,Ndagwe,,1,0,36.3,sub-county of Uganda,1,country_wd
Q31968652,Ndaiga,,1,0,36.3,sub-county of Uganda,1,country_wd
Q31968657,Ndaija,,1,0,36.3,sub-county of Uganda,1,country_wd
Q31968775,Ndhew,,1,0,36.3,sub-county of Uganda,1,country_wd
Q31968872,Ndobwe Point,,1,0,36.3,point,1,country_wd
Q31968955,Ndowetwe Point,,1,0,36.3,point,1,country_wd
Q31968966,Nduguto,,1,0,36.3,sub-county of Uganda,1,country_wd
Q31969108,Nebbi Town Council,,1,0,36.3,town council of Uganda,1,country_wd
Q31969551,Nfunye Point,,1,0,36.3,point,1,country_wd
Q31969606,Ngamba,,1,0,36.3,sub-county of Uganda,1,country_wd
Q31969625,Ngando,,1,0,36.3,sub-county of Uganda,1,country_wd
Q31969749,Ngenge,,1,0,36.3,sub-county of Uganda,1,country_wd
Q31969753,Ngetta,,1,0,36.3,sub-county of Uganda,1,country_wd
Q31969831,Ngogwe,,1,0,36.3,sub-county of Uganda,1,country_wd
Q31970015,Ngoleriet,,1,0,36.3,sub-county of Uganda,1,country_wd
Q31970032,Ngoma,,1,0,36.3,sub-county of Uganda,1,country_wd
Q31970036,Ngoma,,1,0,36.3,sub-county of Uganda,1,country_wd
Q31970054,Ngoma Town Council,,1,0,36.3,town council of Uganda,1,country_wd
Q31970414,Ngwedo,,1,0,36.3,sub-county of Uganda,1,country_wd
Q31970949,Njeru Town Council,,1,0,36.3,town council of Uganda,1,country_wd
Q31970976,Njuguta,,1,0,36.3,swamp,1,country_wd
Q31971027,Nkana Point,,1,0,36.3,point,1,country_wd
Q31971146,Nkokonjeru Town Council,,1,0,36.3,town council of Uganda,1,country_wd
Q31971179,Nkondo,,1,0,36.3,sub-county of Uganda,1,country_wd
Q31971241,Nkooko,,1,0,36.3,sub-county of Uganda,1,country_wd
Q31971359,Nkungu Sc,,1,0,36.3,sub-county of Uganda,1,country_wd
Q31971533,Nombe,,1,0,36.3,sub-county of Uganda,1,country_wd
Q31972136,North West Sigulu Point,,1,0,36.3,point,1,country_wd
Q31972171,Northern Division,,1,0,36.3,"administrative territorial entity, electoral unit, division of Uganda",1,country_wd
Q31972178,Northern Division,,1,0,36.3,"administrative territorial entity, electoral unit, division of Uganda",1,country_wd
Q31972197,Northern Division,,1,0,36.3,division of Uganda,1,country_wd
Q31972204,Northern Division,,1,0,36.3,division of Uganda,1,country_wd
Q31972212,Northern Division,,1,0,36.3,division of Uganda,1,country_wd
Q31972639,Nsangi,,1,0,36.3,sub-county of Uganda,1,country_wd
Q31972651,Nsasi,,1,0,36.3,sub-county of Uganda,1,country_wd
Q31972691,Nsiika Town Council,,1,0,36.3,town council of Uganda,1,country_wd
Q31972715,Nsinze,,1,0,36.3,sub-county of Uganda,1,country_wd
Q31973034,Ntanda Point,,1,0,36.3,point,1,country_wd
Q31973060,Ntara,,1,0,36.3,sub-county of Uganda,1,country_wd
Q31973235,Ntotoro,,1,0,36.3,sub-county of Uganda,1,country_wd
Q31973317,Ntunda,,1,0,36.3,sub-county of Uganda,1,country_wd
Q31973330,Ntusi,,1,0,36.3,sub-county of Uganda,1,country_wd
Q31973347,Ntwetwe Town Council,,1,0,36.3,town council of Uganda,1,country_wd
Q31973725,Nwoya Town Council,,1,0,36.3,town council of Uganda,1,country_wd
Q31973760,Nyabbani,,1,0,36.3,sub-county of Uganda,1,country_wd
Q31973768,Nyabihoko,,1,0,36.3,sub-county of Uganda,1,country_wd
Q31973774,Nyabubare,,1,0,36.3,sub-county of Uganda,1,country_wd
Q31973781,Nyabuharwa,,1,0,36.3,sub-county of Uganda,1,country_wd
Q31973794,Nyabwishenya,,1,0,36.3,sub-county of Uganda,1,country_wd
Q31973822,Nyadri,,1,0,36.3,sub-county of Uganda,1,country_wd
Q31973873,Nyahuka Town Council,,1,0,36.3,town council of Uganda,1,country_wd
Q31973896,Nyakabirizi Division,,1,0,36.3,division of Uganda,1,country_wd
Q31973944,Nyakashashara,,1,0,36.3,sub-county of Uganda,1,country_wd
Q31973973,Nyakatonzi,,1,0,36.3,sub-county of Uganda,1,country_wd
Q31973977,Nyakayojo,,1,0,36.3,sub-county of Uganda,1,country_wd
Q31973984,Nyakinama,,1,0,36.3,sub-county of Uganda,1,country_wd
Q31973990,Nyakinoni,,1,0,36.3,sub-county of Uganda,1,country_wd
Q31973995,Nyakishana,,1,0,36.3,sub-county of Uganda,1,country_wd
Q31974001,Nyakishenyi,,1,0,36.3,sub-county of Uganda,1,country_wd
Q31974008,Nyakitunda,,1,0,36.3,sub-county of Uganda,1,country_wd
Q31974041,Nyakyera,,1,0,36.3,sub-county of Uganda,1,country_wd
Q31974184,Nyamarebe,,1,0,36.3,sub-county of Uganda,1,country_wd
Q31974209,Nyamarunda,,1,0,36.3,sub-county of Uganda,1,country_wd
Q31974214,Nyamarwa,,1,0,36.3,sub-county of Uganda,1,country_wd
Q31974403,Nyamirama,,1,0,36.3,sub-county of Uganda,1,country_wd
Q31974471,Nyamuyanja,,1,0,36.3,sub-county of Uganda,1,country_wd
Q31974485,Nyamwamba Division,,1,0,36.3,division of Uganda,1,country_wd
Q31974494,Nyamweru,,1,0,36.3,sub-county of Uganda,1,country_wd
Q31974523,Nyanama Point,,1,0,36.3,point,1,country_wd
Q31974555,Nyanga,,1,0,36.3,sub-county of Uganda,1,country_wd
Q31974590,Nyangahya Division,,1,0,36.3,division of Uganda,1,country_wd
Q31974693,Nyankwanzi,,1,0,36.3,sub-county of Uganda,1,country_wd
Q31974706,Nyantungo,,1,0,36.3,sub-county of Uganda,1,country_wd
Q31974796,Nyarubuye,,1,0,36.3,sub-county of Uganda,1,country_wd
Q31974839,Nyarushanje,,1,0,36.3,sub-county of Uganda,1,country_wd
Q31974847,Nyarusiza,,1,0,36.3,sub-county of Uganda,1,country_wd
Q31974952,Nyenga,,1,0,36.3,sub-county of Uganda,1,country_wd
Q31974980,Nyero,,1,0,36.3,sub-county of Uganda,1,country_wd
Q31975029,Nyimbwa,,1,0,36.3,sub-county of Uganda,1,country_wd
Q31975036,Nyimu Forest,,1,0,36.3,forest,1,country_wd
Q31975046,Nyoba Bay,,1,0,36.3,bight,1,country_wd
Q31975057,Nyondo,,1,0,36.3,sub-county of Uganda,1,country_wd
Q31975114,Nyundo,,1,0,36.3,sub-county of Uganda,1,country_wd
Q31979558,Obalanga,,1,0,36.3,sub-county of Uganda,1,country_wd
Q31979624,Ochero,,1,0,36.3,sub-county of Uganda,1,country_wd
Q31979665,Odupi,,1,0,36.3,sub-county of Uganda,1,country_wd
Q31979698,Ofua,,1,0,36.3,sub-county of Uganda,1,country_wd
Q31979738,Ogom,,1,0,36.3,sub-county of Uganda,1,country_wd
Q31979749,Ogor,,1,0,36.3,sub-county of Uganda,1,country_wd
Q31979755,Ogur,,1,0,36.3,sub-county of Uganda,1,country_wd
Q31979761,Ogwete,,1,0,36.3,sub-county of Uganda,1,country_wd
Q31979821,Okungur,,1,0,36.3,sub-county of Uganda,1,country_wd
Q31979827,Okwalongwen,,1,0,36.3,sub-county of Uganda,1,country_wd
Q31979834,Okwang,,1,0,36.3,sub-county of Uganda,1,country_wd
Q31979840,Okwerodot,,1,0,36.3,sub-county of Uganda,1,country_wd
Q31979845,Okwongdul,,1,0,36.3,sub-county of Uganda,1,country_wd
Q31979945,Oleba,,1,0,36.3,sub-county of Uganda,1,country_wd
Q31979957,Oli River Division,,1,0,36.3,division of Uganda,1,country_wd
Q31980159,Olilim,,1,0,36.3,sub-county of Uganda,1,country_wd
Q31980165,Olio,,1,0,36.3,sub-county of Uganda,1,country_wd
Q31980231,Olok,,1,0,36.3,sub-county of Uganda,1,country_wd
Q31980308,Oluffe,,1,0,36.3,sub-county of Uganda,1,country_wd
Q31980313,Oluko,,1,0,36.3,sub-county of Uganda,1,country_wd
Q31980318,Oluvu,,1,0,36.3,sub-county of Uganda,1,country_wd
Q31980383,Omiya Anyima,,1,0,36.3,sub-county of Uganda,1,country_wd
Q31980391,Omodoi,,1,0,36.3,sub-county of Uganda,1,country_wd
Q31980398,Omoro,,1,0,36.3,sub-county of Uganda,1,country_wd
Q31980445,Omot,,1,0,36.3,sub-county of Uganda,1,country_wd
Q31980450,Omugo,,1,0,36.3,sub-county of Uganda,1,country_wd
Q31980551,Ongino,,1,0,36.3,sub-county of Uganda,1,country_wd
Q31980565,Ongongoja,,1,0,36.3,sub-county of Uganda,1,country_wd
Q31980775,Opwateta,,1,0,36.3,sub-county of Uganda,1,country_wd
Q31981041,Orom,,1,0,36.3,sub-county of Uganda,1,country_wd
Q31981066,Orum,,1,0,36.3,sub-county of Uganda,1,country_wd
Q31981516,Otuboi,,1,0,36.3,sub-county of Uganda,1,country_wd
Q31981523,Otuke Town Council,,1,0,36.3,town council of Uganda,1,country_wd
Q31981528,Otwal,,1,0,36.3,sub-county of Uganda,1,country_wd
Q31982074,Oyam Town Council,,1,0,36.3,town council of Uganda,1,country_wd
Q31982197,Paacwa,,1,0,36.3,sub-county of Uganda,1,country_wd
Q31982293,Pacara,,1,0,36.3,sub-county of Uganda,1,country_wd
Q31982380,Pader,,1,0,36.3,sub-county of Uganda,1,country_wd
Q31982384,Padibe Town Council,,1,0,36.3,town council of Uganda,1,country_wd
Q31982415,Paidha Town Council,,1,0,36.3,town council of Uganda,1,country_wd
Q31982421,Paimol,,1,0,36.3,sub-county of Uganda,1,country_wd
Q31982445,Pakanyi,,1,0,36.3,sub-county of Uganda,1,country_wd
Q31982454,Pakelle,,1,0,36.3,sub-county of Uganda,1,country_wd
Q31982579,Pallisa,,1,0,36.3,sub-county of Uganda,1,country_wd
Q31982585,Pallisa Town Council,,1,0,36.3,town council of Uganda,1,country_wd
Q31982893,Panyangara,,1,0,36.3,sub-county of Uganda,1,country_wd
Q31982968,Parabongo,,1,0,36.3,sub-county of Uganda,1,country_wd
Q31985029,Patiko,,1,0,36.3,sub-county of Uganda,1,country_wd
Q31985038,Patongo,,1,0,36.3,sub-county of Uganda,1,country_wd
Q31985044,Patongo Town Council,,1,0,36.3,town council of Uganda,1,country_wd
Q31985146,Pawor,,1,0,36.3,sub-county of Uganda,1,country_wd
Q31985246,Pece,,1,0,36.3,sub-county of Uganda,1,country_wd
Q31986670,Petete,,1,0,36.3,sub-county of Uganda,1,country_wd
Q31986778,Petta,,1,0,36.3,sub-county of Uganda,1,country_wd
Q31996002,Pingire,,1,0,36.3,sub-county of Uganda,1,country_wd
Q31999415,Potipot Waterhole,,1,0,36.3,waterhole,1,country_wd
Q31999902,Pumet Waterhole,,1,0,36.3,waterhole,1,country_wd
Q32002807,Puranga,,1,0,36.3,sub-county of Uganda,1,country_wd
Q32002836,Puti-Puti,,1,0,36.3,sub-county of Uganda,1,country_wd
Q32005973,Rakai Town Council,,1,0,36.3,town council of Uganda,1,country_wd
Q32007098,Rengen,,1,0,36.3,sub-county of Uganda,1,country_wd
Q32007967,Rigbo,,1,0,36.3,sub-county of Uganda,1,country_wd
Q32008118,Riwo,,1,0,36.3,sub-county of Uganda,1,country_wd
Q32010457,Rubaare,,1,0,36.3,sub-county of Uganda,1,country_wd
Q32010458,Rubaare Town Council,,1,0,36.3,town council of Uganda,1,country_wd
Q32010463,Rubaya,,1,0,36.3,sub-county of Uganda,1,country_wd
Q32010471,Rubindi,,1,0,36.3,sub-county of Uganda,1,country_wd
Q32010477,Rubirizi Town Council,,1,0,36.3,town council of Uganda,1,country_wd
Q32010483,Rubona Town Council,,1,0,36.3,town council of Uganda,1,country_wd
Q32010486,Rubongi,,1,0,36.3,sub-county of Uganda,1,country_wd
Q32010493,Ruborogota,,1,0,36.3,sub-county of Uganda,1,country_wd
Q32010562,Rugarama,,1,0,36.3,sub-county of Uganda,1,country_wd
Q32010566,Rugashari,,1,0,36.3,sub-county of Uganda,1,country_wd
Q32010579,Ruhehe,,1,0,36.3,sub-county of Uganda,1,country_wd
Q32010583,Ruhija,,1,0,36.3,sub-county of Uganda,1,country_wd
Q32010588,Ruhinda,,1,0,36.3,sub-county of Uganda,1,country_wd
Q32010595,Ruhumuro,,1,0,36.3,sub-county of Uganda,1,country_wd
Q32010654,Rukoki,,1,0,36.3,sub-county of Uganda,1,country_wd
Q32010661,Rukoni East,,1,0,36.3,sub-county of Uganda,1,country_wd
Q32010664,Rukoni West,,1,0,36.3,sub-county of Uganda,1,country_wd
Q32010900,Rushango Town Council,,1,0,36.3,town council of Uganda,1,country_wd
Q32010905,Rushasha,,1,0,36.3,sub-county of Uganda,1,country_wd
Q32011036,Ruteete,,1,0,36.3,sub-county of Uganda,1,country_wd
Q32011041,Ruteete,,1,0,36.3,sub-county of Uganda,1,country_wd
Q32011047,Rutenga,,1,0,36.3,sub-county of Uganda,1,country_wd
Q32011078,Rutoto,,1,0,36.3,sub-county of Uganda,1,country_wd
Q32011182,Ruyonza,,1,0,36.3,sub-county of Uganda,1,country_wd
Q32011214,Rwanyamahembe,,1,0,36.3,sub-county of Uganda,1,country_wd
Q32011221,Rwashamaire Town Council,,1,0,36.3,town council of Uganda,1,country_wd
Q32011230,Rwebisengo,,1,0,36.3,sub-county of Uganda,1,country_wd
Q32011236,Rwebisengo Town Council,,1,0,36.3,town council of Uganda,1,country_wd
Q32011240,Rweikiniro,,1,0,36.3,sub-county of Uganda,1,country_wd
Q32011245,Rwembaita,,1,0,36.3,swamp,1,country_wd
Q32011249,Rwengwe,,1,0,36.3,sub-county of Uganda,1,country_wd
Q32011255,Rwentuha,,1,0,36.3,sub-county of Uganda,1,country_wd
Q32011260,Rwimi,,1,0,36.3,sub-county of Uganda,1,country_wd
Q32011265,Rwimi Town Council,,1,0,36.3,town council of Uganda,1,country_wd
Q32011277,Ryeru,,1,0,36.3,sub-county of Uganda,1,country_wd
Q32015745,Sanga Town Council,,1,0,36.3,town council of Uganda,1,country_wd
Q32016674,Seeta-Namuganga,,1,0,36.3,sub-county of Uganda,1,country_wd
Q32016791,Sekitoke Point,,1,0,36.3,point,1,country_wd
Q32016923,Sembabule Town Council,,1,0,36.3,town council of Uganda,1,country_wd
Q32016947,Semuto,,1,0,36.3,sub-county of Uganda,1,country_wd
Q32016953,Semuto Town Council,,1,0,36.3,town council of Uganda,1,country_wd
Q32016958,Semwondo Bay,,1,0,36.3,bight,1,country_wd
Q32017004,Senendet,,1,0,36.3,sub-county of Uganda,1,country_wd
Q32017135,Serere Town Council,,1,0,36.3,town council of Uganda,1,country_wd
Q32019215,Sibanga,,1,0,36.3,sub-county of Uganda,1,country_wd
Q32019254,Sibimba Swamp,,1,0,36.3,swamp,1,country_wd
Q32019369,Sidok,,1,0,36.3,sub-county of Uganda,1,country_wd
Q32019377,Sidome Bay,,1,0,36.3,bight,1,country_wd
Q32019865,Sigulu Islands,,1,0,36.3,sub-county of Uganda,1,country_wd
Q32020734,Sindila,,1,0,36.3,sub-county of Uganda,1,country_wd
Q32020828,Sipi,,1,0,36.3,sub-county of Uganda,1,country_wd
Q32020877,Sironko Town Council,,1,0,36.3,town council of Uganda,1,country_wd
Q32020902,Sisiyi,,1,0,36.3,sub-county of Uganda,1,country_wd
Q32020914,Sisuni,,1,0,36.3,sub-county of Uganda,1,country_wd
Q32022812,Sop-Sop,,1,0,36.3,sub-county of Uganda,1,country_wd
Q32022866,Soroti,,1,0,36.3,sub-county of Uganda,1,country_wd
Q32023147,Southern Division,,1,0,36.3,division of Uganda,1,country_wd
Q32023153,Southern Division,,1,0,36.3,division of Uganda,1,country_wd
Q32023158,Southern Division,,1,0,36.3,division of Uganda,1,country_wd
Q32023161,Southern Division,,1,0,36.3,division of Uganda,1,country_wd
Q32023421,Sowe Swamp,,1,0,36.3,swamp,1,country_wd
Q32024027,Ssabagabo-Makindye,,1,0,36.3,sub-county of Uganda,1,country_wd
Q32024033,Ssekanyonyi,,1,0,36.3,sub-county of Uganda,1,country_wd
Q32024038,Ssi-Bukunja,,1,0,36.3,sub-county of Uganda,1,country_wd
Q32024045,Ssisa,,1,0,36.3,sub-county of Uganda,1,country_wd
Q32024921,Suam,,1,0,36.3,sub-county of Uganda,1,country_wd
Q32025138,Sule Point,,1,0,36.3,point,1,country_wd
Q32025180,Sumbwe Point,,1,0,36.3,point,1,country_wd
Q32026500,Taan Valley,,1,0,36.3,valley,1,country_wd
Q32027424,Taparh,,1,0,36.3,,1,country_wd
Q32027485,Tara,,1,0,36.3,sub-county of Uganda,1,country_wd
Q32027707,Te Swamp,,1,0,36.3,swamp,1,country_wd
Q32033975,Tingorok,,1,0,36.3,,1,country_wd
Q32034033,Tirinyi,,1,0,36.3,sub-county of Uganda,1,country_wd
Q32035077,Toro Semuliki Game Reserve,,1,0,36.3,,1,country_wd
Q32035086,Toroma,,1,0,36.3,sub-county of Uganda,1,country_wd
Q32036230,Tubur,,1,0,36.3,sub-county of Uganda,1,country_wd
Q32036362,Tulel,,1,0,36.3,sub-county of Uganda,1,country_wd
Q32037192,Ugana South Point,,1,0,36.3,point,1,country_wd
Q32037193,Ugana West Point,,1,0,36.3,point,1,country_wd
Q32037359,Ukusitoni,,1,0,36.3,sub-county of Uganda,1,country_wd
Q32037366,Uleppi,,1,0,36.3,sub-county of Uganda,1,country_wd
Q32037762,Unyama,,1,0,36.3,sub-county of Uganda,1,country_wd
Q32037883,Uriama,,1,0,36.3,sub-county of Uganda,1,country_wd
Q32037968,Usuk,,1,0,36.3,sub-county of Uganda,1,country_wd
Q32040459,Vurra,,1,0,36.3,sub-county of Uganda,1,country_wd
Q32040864,Wabikaka Point,,1,0,36.3,point,1,country_wd
Q32040868,Wabinyonyi,,1,0,36.3,sub-county of Uganda,1,country_wd
Q32040900,Wabwoko-Kitimbwa,,1,0,36.3,sub-county of Uganda,1,country_wd
Q32040954,Waibuga,,1,0,36.3,sub-county of Uganda,1,country_wd
Q32040957,Waikere Bay,,1,0,36.3,bight,1,country_wd
Q32040960,Wairasa,,1,0,36.3,sub-county of Uganda,1,country_wd
Q32040964,Wairobo Bay,,1,0,36.3,bight,1,country_wd
Q32040988,Wakirimba Bay,,1,0,36.3,bight,1,country_wd
Q32040992,Wakisi,,1,0,36.3,sub-county of Uganda,1,country_wd
Q32040995,Wakiso,,1,0,36.3,sub-county of Uganda,1,country_wd
Q32040999,Wakiso Town Council,,1,0,36.3,town council of Uganda,1,country_wd
Q32041011,Wakyato,,1,0,36.3,sub-county of Uganda,1,country_wd
Q32041066,Walumbe Bay,,1,0,36.3,bight,1,country_wd
Q32041087,Wambete Bay,,1,0,36.3,bight,1,country_wd
Q32041091,Wampala Bay,,1,0,36.3,bight,1,country_wd
Q32041096,Wamunyama Bay,,1,0,36.3,bight,1,country_wd
Q32041100,Wanale Division,,1,0,36.3,division of Uganda,1,country_wd
Q32041118,Wangege Forest,,1,0,36.3,forest,1,country_wd
Q32041149,Wankoko Swamp,,1,0,36.3,swamp,1,country_wd
Q32041151,Wankole,,1,0,36.3,sub-county of Uganda,1,country_wd
Q32041255,Warr,,1,0,36.3,sub-county of Uganda,1,country_wd
Q32041633,Wattuba,,1,0,36.3,sub-county of Uganda,1,country_wd
Q32041734,Wemba,,1,0,36.3,sub-county of Uganda,1,country_wd
Q32041760,Wera,,1,0,36.3,sub-county of Uganda,1,country_wd
Q32041952,Western Division,,1,0,36.3,division of Uganda,1,country_wd
Q32041954,Western Division,,1,0,36.3,division of Uganda,1,country_wd
Q32041958,Western Division,,1,0,36.3,division of Uganda,1,country_wd
Q32041966,Western Division,,1,0,36.3,division of Uganda,1,country_wd
Q32041968,Western Division,,1,0,36.3,division of Uganda,1,country_wd
Q32041973,Western Division,,1,0,36.3,division of Uganda,1,country_wd
Q32041998,Weswa,,1,0,36.3,sub-county of Uganda,1,country_wd
Q32042340,Willa,,1,0,36.3,sub-county of Uganda,1,country_wd
Q32043191,Wobulenzi Town Council,,1,0,36.3,town council of Uganda,1,country_wd
Q32043213,Wol,,1,0,36.3,sub-county of Uganda,1,country_wd
Q32058629,Yumbe Town Council,,1,0,36.3,town council of Uganda,1,country_wd
Q32058744,Zesui,,1,0,36.3,sub-county of Uganda,1,country_wd
Q32058747,Zeu,,1,0,36.3,sub-county of Uganda,1,country_wd
Q32058812,Zirobwe,,1,0,36.3,sub-county of Uganda,1,country_wd
Q32058814,Ziru Point,,1,0,36.3,point,1,country_wd
Q32058828,Zombo Town Council,,1,0,36.3,town council of Uganda,1,country_wd
Q32147055,Acha,,1,0,36.3,river,1,country_wd
Q32147070,Acha,,1,0,36.3,river,1,country_wd
Q32148328,Achwera,,1,0,36.3,river,1,country_wd
Q32148343,Achwera,,1,0,36.3,river,1,country_wd
Q32204545,Alalam,,1,0,36.3,river,1,country_wd
Q32211488,Aloda,,1,0,36.3,river,1,country_wd
Q32211500,Aloda,,1,0,36.3,river,1,country_wd
Q32226673,Anaka,,1,0,36.3,river,1,country_wd
Q32232432,Apeduru,,1,0,36.3,river,1,country_wd
Q32288568,Aswa,,1,0,36.3,river,1,country_wd
Q32289639,Ateng,,1,0,36.3,river,1,country_wd
Q32297658,Ayila,,1,0,36.3,river,1,country_wd
Q32297668,Ayila,,1,0,36.3,river,1,country_wd
Q32357133,Aii-Vu,,1,0,36.3,sub-county of Uganda,1,country_wd
Q32357202,Akeriau,,1,0,36.3,sub-county of Uganda,1,country_wd
Q32360974,Anyiribu,,1,0,36.3,sub-county of Uganda,1,country_wd
Q32361548,Arivu,,1,0,36.3,sub-county of Uganda,1,country_wd
Q32374861,Bubutu,,1,0,36.3,sub-county of Uganda,1,country_wd
Q32374867,Bubyangu,,1,0,36.3,sub-county of Uganda,1,country_wd
Q32375242,Buhugu,,1,0,36.3,sub-county of Uganda,1,country_wd
Q32375379,Bukhofu,,1,0,36.3,sub-county of Uganda,1,country_wd
Q32375493,Bukuuku,,1,0,36.3,sub-county of Uganda,1,country_wd
Q32376481,Busaru,,1,0,36.3,sub-county of Uganda,1,country_wd
Q32376609,Busiu,,1,0,36.3,sub-county of Uganda,1,country_wd
Q32376701,Butenga,,1,0,36.3,sub-county of Uganda,1,country_wd
Q32376730,Butiru,,1,0,36.3,sub-county of Uganda,1,country_wd
Q32377029,Bwesumbu,,1,0,36.3,sub-county of Uganda,1,country_wd
Q32404315,Dadamu,,1,0,36.3,sub-county of Uganda,1,country_wd
Q32411999,Engaju,,1,0,36.3,sub-county of Uganda,1,country_wd
Q32445159,Kadungulu,,1,0,36.3,sub-county of Uganda,1,country_wd
Q32445501,Kagumu,,1,0,36.3,sub-county of Uganda,1,country_wd
Q32445662,Kakanju,,1,0,36.3,sub-county of Uganda,1,country_wd
Q32448568,Karugutu,,1,0,36.3,sub-county of Uganda,1,country_wd
Q32453258,Kirugu,,1,0,36.3,sub-county of Uganda,1,country_wd
Q32453416,Kitholhu,,1,0,36.3,sub-county of Uganda,1,country_wd
Q32457009,Kobulubulu,,1,0,36.3,sub-county of Uganda,1,country_wd
Q32466892,Lalogi,,1,0,36.3,sub-county of Uganda,1,country_wd
Q32472748,Lugusulu,,1,0,36.3,sub-county of Uganda,1,country_wd
Q32474633,Maddu,,1,0,36.3,sub-county of Uganda,1,country_wd
Q32490301,Mugusu,,1,0,36.3,sub-county of Uganda,1,country_wd
Q32490481,Mukuju,,1,0,36.3,sub-county of Uganda,1,country_wd
Q32491795,Munkunyu,,1,0,36.3,sub-county of Uganda,1,country_wd
Q32491822,Muntu,,1,0,36.3,sub-county of Uganda,1,country_wd
Q32493925,Nabweru,,1,0,36.3,sub-county of Uganda,1,country_wd
Q32493933,Nabwigulu,,1,0,36.3,sub-county of Uganda,1,country_wd
Q32494280,Nakapelimoru,,1,0,36.3,sub-county of Uganda,1,country_wd
Q32494499,Nalutuntu,,1,0,36.3,sub-county of Uganda,1,country_wd
Q32495603,Nawanjofu,,1,0,36.3,sub-county of Uganda,1,country_wd
Q32499906,Nyakiyumbu,,1,0,36.3,sub-county of Uganda,1,country_wd
Q32504873,Odravu,,1,0,36.3,sub-county of Uganda,1,country_wd
Q32505465,Osukuru,,1,0,36.3,sub-county of Uganda,1,country_wd
Q32530441,Rwamucucu,,1,0,36.3,sub-county of Uganda,1,country_wd
Q32538523,Shuuku,,1,0,36.3,sub-county of Uganda,1,country_wd
Q32555713,Tsekululu,,1,0,36.3,sub-county of Uganda,1,country_wd
Q32562647,Bwenkwanzi,,1,0,36.3,river,1,country_wd
Q32562656,Bwenkwanzi,,1,0,36.3,river,1,country_wd
Q32603481,Yivu,,1,0,36.3,sub-county of Uganda,1,country_wd
Q32627976,Chambura,,1,0,36.3,river,1,country_wd
Q32627984,Chambura,,1,0,36.3,river,1,country_wd
Q32747924,Dure,,1,0,36.3,river,1,country_wd
Q32750996,Eradji,,1,0,36.3,river,1,country_wd
Q32750997,Eradji,,1,0,36.3,river,1,country_wd
Q32939590,Tony Nyangweso,Tony Nyangweso,1,0,36.3,human,1,birth_death_wd
Q330709,Abraham Wogute,,1,0,36.3,human,1,citizenship_wd
Q3380385,Philippe Millot,,1,0,36.3,human,1,birth_death_wd
Q3405188,list of football matches Botswana - Uganda,,1,0,36.3,Wikimedia list article,1,country_wd
Q34640969,Achebe,,1,0,36.3,river,1,country_wd
Q34640975,Achebe,,1,0,36.3,river,1,country_wd
Q34642493,Agweng,,1,0,36.3,river,1,country_wd
Q34643185,Akworo,,1,0,36.3,river,1,country_wd
Q34643191,Akworo,,1,0,36.3,river,1,country_wd
Q34647124,Anaka,,1,0,36.3,river,1,country_wd
Q34649191,Apobo,,1,0,36.3,river,1,country_wd
Q34649197,Apobo,,1,0,36.3,river,1,country_wd
Q34650017,Arika,,1,0,36.3,river,1,country_wd
Q34650025,Arika,,1,0,36.3,river,1,country_wd
Q34664738,Degeya Swamp,,1,0,36.3,marsh,1,country_wd
Q34668399,Awac,,1,0,36.3,river,1,country_wd
Q34668406,Awac,,1,0,36.3,river,1,country_wd
Q34668443,Awer,,1,0,36.3,river,1,country_wd
Q34668451,Awer,,1,0,36.3,river,1,country_wd
Q34668482,Awic,,1,0,36.3,river,1,country_wd
Q34668491,Awic,,1,0,36.3,river,1,country_wd
Q34668595,Ayago,,1,0,36.3,river,1,country_wd
Q34668602,Ayago,,1,0,36.3,river,1,country_wd
Q34668609,Ayago,,1,0,36.3,river,1,country_wd
Q34668798,Ayugi,,1,0,36.3,river,1,country_wd
Q34668807,Ayugi,,1,0,36.3,river,1,country_wd
Q34668830,Aywelu,,1,0,36.3,river,1,country_wd
Q34668837,Aywelu,,1,0,36.3,river,1,country_wd
Q34673673,Baram,,1,0,36.3,river,1,country_wd
Q34673681,Baram,,1,0,36.3,river,1,country_wd
Q34674149,Iborogya Falls,,1,0,36.3,waterfall,1,country_wd
Q34721070,Lake Alakaituk,,1,0,36.3,marsh,1,country_wd
Q34721251,Lake Okolitorom,,1,0,36.3,marsh,1,country_wd
Q34735735,Mabamba Swamp,,1,0,36.3,marsh,1,country_wd
Q34744773,Muguswa Plain,,1,0,36.3,marsh,1,country_wd
Q34745213,Munyere Swamp,,1,0,36.3,marsh,1,country_wd
Q34749874,Busowa Falls,,1,0,36.3,waterfall,1,country_wd
Q34755149,Acha Swamp,,1,0,36.3,swamp,1,country_wd
Q34755465,Ala Swamp,,1,0,36.3,swamp,1,country_wd
Q34757120,Ayila,,1,0,36.3,marsh,1,country_wd
Q34758351,Balala Swamp,,1,0,36.3,marsh,1,country_wd
Q34787991,Busembatia,,1,0,36.3,human settlement,1,country_wd
Q34788136,Byakabanda,,1,0,36.3,human settlement,1,country_wd
Q34788910,Ziru Island,,1,0,36.3,island,1,country_wd
Q34788917,Ziru Island,,1,0,36.3,island,1,country_wd
Q34807010,Banga Point,,1,0,36.3,point,1,country_wd
Q34807018,Banga Point,,1,0,36.3,point,1,country_wd
Q34808058,Bega Point,,1,0,36.3,point,1,country_wd
Q34819880,Bugazi Point,,1,0,36.3,point,1,country_wd
Q34819939,Bugonga Point,,1,0,36.3,point,1,country_wd
Q34820041,Bukatebe Point,,1,0,36.3,point,1,country_wd
Q34820943,Bulemezi Point,,1,0,36.3,point,1,country_wd
Q34822082,Businoko Point,,1,0,36.3,point,1,country_wd
Q34822269,Butale Point,,1,0,36.3,point,1,country_wd
Q34822491,Buwuka Point,,1,0,36.3,point,1,country_wd
Q34822566,Bwagwe Point,,1,0,36.3,point,1,country_wd
Q34822619,Bwembe Point,,1,0,36.3,point,1,country_wd
Q34847741,Thompson Glacier,,1,0,36.3,glacier,1,country_wd
Q34848767,Oliva Falls,,1,0,36.3,waterfall,1,country_wd
Q34850160,Diimu Point,,1,0,36.3,point,1,country_wd
Q34857262,Wesikire,,1,0,36.3,river,1,country_wd
Q34868612,Fishermans Point,,1,0,36.3,point,1,country_wd
Q34886668,Nyundo,,1,0,36.3,mountain,1,country_wd
Q34892601,Galanga Point,,1,0,36.3,point,1,country_wd
Q34902132,Goru Point,,1,0,36.3,point,1,country_wd
Q34952498,Kabagala Point,,1,0,36.3,point,1,country_wd
Q34953623,Kakunyu Point,,1,0,36.3,point,1,country_wd
Q34956387,Kampende Point,,1,0,36.3,point,1,country_wd
Q34958935,Kasamba Point,,1,0,36.3,point,1,country_wd
Q34958977,Tedua,,1,0,36.3,river,1,country_wd
Q34958984,Kasawo Point,,1,0,36.3,point,1,country_wd
Q34959374,Katosi Point,,1,0,36.3,point,1,country_wd
Q34959509,Buranga Hot Springs,,1,0,36.3,spring,1,country_wd
Q34959863,Katungulu Point,,1,0,36.3,point,1,country_wd
Q34960382,Kazigo Point,,1,0,36.3,point,1,country_wd
Q34961398,Kibanga Point,,1,0,36.3,point,1,country_wd
Q34961514,Kifudwe Point,,1,0,36.3,point,1,country_wd
Q34962741,Kirudu Point,,1,0,36.3,point,1,country_wd
Q34962762,Kisasa Point,,1,0,36.3,point,1,country_wd
Q34962792,Kisigala Point,,1,0,36.3,point,1,country_wd
Q34963021,Kisu Point,,1,0,36.3,point,1,country_wd
Q34963297,Kiulwe Point,,1,0,36.3,point,1,country_wd
Q35290581,Ruhewa,,1,0,36.3,stream,1,country_wd
Q35326512,Sowa,,1,0,36.3,stream,1,country_wd
Q35346427,Lokokorai,,1,0,36.3,stream,1,country_wd
Q35346440,Lokokorai,,1,0,36.3,stream,1,country_wd
Q35346505,Lokom,,1,0,36.3,stream,1,country_wd
Q35346679,Lokoyot,,1,0,36.3,stream,1,country_wd
Q35346692,Lokoyot,,1,0,36.3,stream,1,country_wd
Q35346783,Lokulas,,1,0,36.3,stream,1,country_wd
Q35346825,Lokupoi,,1,0,36.3,stream,1,country_wd
Q35347862,Lomaler,,1,0,36.3,stream,1,country_wd
Q35347875,Lomaler,,1,0,36.3,stream,1,country_wd
Q35367458,Kayanja,,1,0,36.3,stream,1,country_wd
Q35367472,Kayanja,,1,0,36.3,stream,1,country_wd
Q35367522,Kayanja,,1,0,36.3,stream,1,country_wd
Q35367628,Lopur,,1,0,36.3,stream,1,country_wd
Q35367642,Lopur,,1,0,36.3,stream,1,country_wd
Q35378119,Kazirandindi,,1,0,36.3,stream,1,country_wd
Q35378412,Kazizi,,1,0,36.3,stream,1,country_wd
Q35378429,Kazizi,,1,0,36.3,stream,1,country_wd
Q35392889,Lugogo,,1,0,36.3,stream,1,country_wd
Q35393722,Lugwang,,1,0,36.3,stream,1,country_wd
Q35393736,Lugwang,,1,0,36.3,stream,1,country_wd
Q35413070,Lwalakwar,,1,0,36.3,stream,1,country_wd
Q35430016,Mabengere,,1,0,36.3,stream,1,country_wd
Q35435018,Machundu,,1,0,36.3,stream,1,country_wd
Q35531682,Kisoma,,1,0,36.3,stream,1,country_wd
Q35531686,Kisoma,,1,0,36.3,stream,1,country_wd
Q35692646,Buvuma Channel,,1,0,36.3,,1,country_wd
Q35692649,Dagusi Passage,,1,0,36.3,,1,country_wd
Q35692652,Damba Channel,,1,0,36.3,lake channel,1,country_wd
Q35694727,Kome Channel,,1,0,36.3,channel,1,country_wd
Q35694741,Lutoboka Channel,,1,0,36.3,lake channel,1,country_wd
Q35694761,Nabisukiro,,1,0,36.3,lake channel,1,country_wd
Q35694864,Rosebery Channel,,1,0,36.3,,1,country_wd
Q35694892,Salisbury Channel,,1,0,36.3,lake channel,1,country_wd
Q35694973,Ugana Passage,,1,0,36.3,,1,country_wd
Q35696137,Kigorobya,,1,0,36.3,human settlement,1,country_wd
Q35696522,Kireka,,1,0,36.3,human settlement,1,country_wd
Q35720849,Amiene,,1,0,36.3,marsh,1,country_wd
Q35720856,Aminonger,,1,0,36.3,marsh,1,country_wd
Q35722385,Aroca,,1,0,36.3,marsh,1,country_wd
Q35724694,Margherita,,1,0,36.3,human settlement,1,country_wd
Q35735508,Muhororo,,1,0,36.3,human settlement,1,country_wd
Q36423495,Phillip Omondi stadium,,1,0,36.3,stadium,1,country_wd
Q38249534,Kaweweta,Kaweweta,1,0,36.3,human-geographic territorial entity,1,country_wd
Q38249727,"Kasenyi, Buliisa","Kasenyi, Buliisa",1,0,36.3,human-geographic territorial entity,1,country_wd
Q38251393,Luweero–Butalangu Road,Luweero–Butalangu Road,1,0,36.3,road,1,country_wd
Q38251726,Nakawa Vocational Training Institute,Nakawa Vocational Training Institute,1,0,36.3,institute,1,country_wd
Q3838585,Luciano Fulvi,,1,0,36.3,human,1,birth_death_wd
Q39057536,"Uganda v Commissioner of Prisons, Ex Parte Matovu","Uganda v Commissioner of Prisons, Ex Parte Matovu",1,0,36.3,,2,country_wd|keyword_title
Q39058961,Uganda Co-operative Bank,Uganda Co-operative Bank,1,0,36.3,,2,country_wd|keyword_title
Q39086342,Ugandan records in Olympic weightlifting,List of Ugandan records in Olympic weightlifting,1,0,36.3,,2,country_wd|keyword_title
Q4100746,Mikhail Buyanov,,1,0,36.3,human,1,birth_death_wd
Q415058,Akadinda,,1,0,36.3,,1,country_wd
Q41992753,Bunya County,,1,0,36.3,county of Uganda,1,country_wd
Q42011436,Chua County,,1,0,36.3,county of Uganda,1,country_wd
Q42199938,Dunstan Odeke,,1,0,36.3,human,2,birth_death_wd|citizenship_wd
Q42309481,Uganda lion,Uganda lion,1,0,36.3,,1,country_wd
Q42417388,Abryanz Style and Fashion Awards 2017,Abryanz Style and Fashion Awards 2017,1,0,36.3,award ceremony,1,country_wd
Q42529251,2017 Uganda Marburg virus outbreak,2017 Uganda Marburg virus outbreak,1,0,36.3,disease outbreak,2,country_wd|keyword_title
Q42914064,Uganda at the 2028 Summer Olympics,,1,0,36.3,Olympic delegation,1,country_wd
Q43082782,Uganda Manufacturers' Association,Uganda Manufacturers' Association,1,0,36.3,business,2,country_wd|keyword_title
Q43381187,Richard Otto,Richard Otto (military officer),1,0,36.3,human,1,birth_death_wd
Q44643852,Gavas Mugyenyi,Gavas Mugyenyi,1,0,36.3,human,2,birth_death_wd|citizenship_wd
Q45311516,Remmy Kasule,Remmy Kasule,1,0,36.3,human,2,birth_death_wd|citizenship_wd
Q45791611,Barishaki Cheborion,Barishaki Cheborion,1,0,36.3,human,2,birth_death_wd|citizenship_wd
Q4650127,ABC Bank,ABC Bank (Uganda),1,0,36.3,business,2,country_wd|keyword_title
Q4693318,Agofe,Agofe,1,0,36.3,noble title,1,country_wd
Q47004277,Mathias Behangana,,1,0,36.3,human,1,citizenship_wd
Q47162867,Peter Kimbowa,Peter Kimbowa,1,0,36.3,human,1,birth_death_wd
Q4726633,Alikua Pyramid,Alikua Pyramid,1,0,36.3,,1,country_wd
Q47492791,Uganda Tennis Association,Uganda Tennis Association,1,0,36.3,"sport association, sports governing body",2,country_wd|keyword_title
Q4766092,Ankole sub-region,Ankole sub-region,1,0,36.3,sub-region of Uganda,2,country_wd|keyword_title
Q4790342,Kabi River,Kabi River,1,0,36.3,river,1,country_wd
Q4802610,Arya Samaj in Uganda,Arya Samaj in Uganda,1,0,36.3,Arya Samaj of an area,2,country_wd|keyword_title
Q4810102,Association of Uganda Professional Women in Agriculture and Environment,Association of Uganda Professional Women in Agriculture and Environment,1,0,36.3,voluntary association,2,country_wd|keyword_title
Q4830765,Aya Group,Aya Group,1,0,36.3,business,1,country_wd
Q48342882,Kampala Flyover Road Project,Kampala Flyover Road Project,1,0,36.3,road engineering project,2,country_wd|keyword_title
Q4836227,BOSCO-Uganda,BOSCO-Uganda,1,0,36.3,business,2,country_wd|keyword_title
Q4856055,Bank of Baroda Uganda Limited,Bank of Baroda Uganda Limited,1,0,36.3,business,2,country_wd|keyword_title
Q4856128,Bank of India (Uganda),Bank of India (Uganda),1,0,36.3,business,2,country_wd|keyword_title
Q4856354,banking in Uganda,Banking in Uganda,1,0,36.3,aspect in a geographic region,2,country_wd|keyword_title
Q4860712,Barifa Forest,Barifa Forest,1,0,36.3,forest reserve,1,country_wd
Q48732700,Cannabis in Uganda,Cannabis in Uganda,1,0,36.3,aspect in a geographic region,2,country_wd|keyword_title
Q48791981,Karuma–Kawanda High Voltage Power Line,Karuma–Kawanda High Voltage Power Line,1,0,36.3,overhead power line,1,country_wd
Q48792663,Bujagali–Tororo–Lessos High Voltage Power Line,Bujagali–Tororo–Lessos High Voltage Power Line,1,0,36.3,overhead power line,1,country_wd
Q48798441,Horns of the cattle monument,Horns of the cattle monument,1,0,36.3,,1,country_wd
Q48800968,Uganda National Pipeline Company,Uganda National Pipeline Company,1,0,36.3,business,2,country_wd|keyword_title
Q48807274,Nkenda–Fort Portal–Hoima High Voltage Power Line,Nkenda–Fort Portal–Hoima High Voltage Power Line,1,0,36.3,overhead power line,1,country_wd
Q48811599,Tororo–Opuyo–Lira High Voltage Power Line,Tororo–Opuyo–Lira High Voltage Power Line,1,0,36.3,overhead power line,1,country_wd
Q48811981,Nkenda–Mpondwe–Beni High Voltage Power Line,Nkenda–Mpondwe–Beni High Voltage Power Line,1,0,36.3,overhead power line,1,country_wd
Q48812005,Nkenda,Nkenda,1,0,36.3,human settlement,1,country_wd
Q48813338,Masaka–Mutukula–Mwanza High Voltage Power Line,Masaka–Mutukula–Mwanza High Voltage Power Line,1,0,36.3,overhead power line,1,country_wd
Q48814179,Lira–Gulu–Nebbi–Arua High Voltage Power Line,Lira–Gulu–Nebbi–Arua High Voltage Power Line,1,0,36.3,overhead power line,1,country_wd
Q48815991,Maya,"Maya, Uganda",1,0,36.3,human settlement,2,country_wd|keyword_title
Q48818194,Mbalwa,Mbalwa,1,0,36.3,human settlement,1,country_wd
Q48840517,7th Pearl International Film Festival,7th Pearl International Film Festival,1,0,36.3,film festival edition,1,country_wd
Q4907110,Biharwe F.C.,Biharwe FC,1,0,36.3,association football club,1,country_wd
Q49101454,Bukomansimbi District,,1,0,36.3,sub-county of Uganda,1,country_wd
Q49129845,Buranga Pass,,1,0,36.3,col,1,country_wd
Q49129954,Bwamba Pass,,1,0,36.3,col,1,country_wd
Q49133662,Freshfield Pass,,1,0,36.3,col,1,country_wd
Q49139902,Komakatae Pass,,1,0,36.3,col,1,country_wd
Q49181113,Buvumbo Swamp,,1,0,36.3,marsh,1,country_wd
Q49197140,Izizi,,1,0,36.3,marsh,1,country_wd
Q49198165,Kabalongo,,1,0,36.3,swamp,1,country_wd
Q49198222,Kakono Swamp,,1,0,36.3,marsh,1,country_wd
Q49198652,Kanyamusanga Swamp,,1,0,36.3,marsh,1,country_wd
Q49199165,Kasanga Swamp,,1,0,36.3,marsh,1,country_wd
Q49199169,Kasasa Swamp,,1,0,36.3,marsh,1,country_wd
Q49199182,Kasoa,,1,0,36.3,,1,country_wd
Q49199447,Kibona Swamp,,1,0,36.3,marsh,1,country_wd
Q49199452,Kichumbi Swamp,,1,0,36.3,marsh,1,country_wd
Q49199461,Kihai,,1,0,36.3,swamp,1,country_wd
Q49199707,Kisimbi Swamp,,1,0,36.3,marsh,1,country_wd
Q49199775,Kiwolwe Swamp,,1,0,36.3,marsh,1,country_wd
Q49199778,Kiyanja,,1,0,36.3,swamp,1,country_wd
Q49203455,Kyamunaku,,1,0,36.3,swamp,1,country_wd
Q49208542,Lugongo Plain,,1,0,36.3,marsh,1,country_wd
Q49208544,Lugunga Swamp,,1,0,36.3,marsh,1,country_wd
Q49208869,Lutindo Swamp,,1,0,36.3,marsh,1,country_wd
Q49208876,Lwamunda Swamp,,1,0,36.3,marsh,1,country_wd
Q49209548,Makokobe Swamp,,1,0,36.3,marsh,1,country_wd
Q49211743,Nambigirwa Swamp,,1,0,36.3,marsh,1,country_wd
Q49211750,Namiro Swamp,,1,0,36.3,marsh,1,country_wd
Q49211762,Nanda,,1,0,36.3,marsh,1,country_wd
Q49211789,Nassara Plain,,1,0,36.3,marsh,1,country_wd
Q4921229,Black Mamba,Black Mamba (group),1,0,36.3,organization,1,country_wd
Q49213908,Ntoma,,1,0,36.3,swamp,1,country_wd
Q49213954,Nyabikonko,,1,0,36.3,swamp,1,country_wd
Q49214118,Obei Swamp,,1,0,36.3,swamp,1,country_wd
Q49214129,Ocen,,1,0,36.3,marsh,1,country_wd
Q49221650,Sangwe,,1,0,36.3,swamp,1,country_wd
Q49222291,Semunya Swamp,,1,0,36.3,marsh,1,country_wd
Q49222663,Siba,,1,0,36.3,swamp,1,country_wd
Q49238351,Waiga,,1,0,36.3,marsh,1,country_wd
Q49238359,Waka Swamp,,1,0,36.3,marsh,1,country_wd
Q49238637,Zirimiti Swamp,,1,0,36.3,marsh,1,country_wd
Q49239996,Bulombeganiza,,1,0,36.3,intermittent wetland,1,country_wd
Q49240107,Itongo,,1,0,36.3,intermittent wetland,1,country_wd
Q49240113,Jwamba,,1,0,36.3,intermittent wetland,1,country_wd
Q49240115,Kabega,,1,0,36.3,intermittent wetland,1,country_wd
Q49240122,Kayebe,,1,0,36.3,intermittent wetland,1,country_wd
Q49240128,Kiizi,,1,0,36.3,intermittent wetland,1,country_wd
Q49240133,Kitumo,,1,0,36.3,intermittent wetland,1,country_wd
Q49240144,Kulcheke,,1,0,36.3,intermittent wetland,1,country_wd
Q49240148,Kyankara,,1,0,36.3,intermittent wetland,1,country_wd
Q49240158,Lukoma,,1,0,36.3,intermittent wetland,1,country_wd
Q49240161,Lwakungi,,1,0,36.3,intermittent wetland,1,country_wd
Q49240163,Maizia,,1,0,36.3,intermittent wetland,1,country_wd
Q49240188,Nagamigo,,1,0,36.3,intermittent wetland,1,country_wd
Q49240216,Nyakabingo,,1,0,36.3,intermittent wetland,1,country_wd
Q49240219,Nyakafunjo,,1,0,36.3,intermittent wetland,1,country_wd
Q49240221,Nyama,,1,0,36.3,intermittent wetland,1,country_wd
Q49240223,Nyamerwu,,1,0,36.3,intermittent wetland,1,country_wd
Q49240225,Nyarwera,,1,0,36.3,intermittent wetland,1,country_wd
Q49240236,Oloolo,,1,0,36.3,intermittent wetland,1,country_wd
Q49240239,Oporowie,,1,0,36.3,intermittent wetland,1,country_wd
Q49240242,Orakol,,1,0,36.3,intermittent wetland,1,country_wd
Q49240331,Yeka,,1,0,36.3,intermittent wetland,1,country_wd
Q49277713,Kibale,,1,0,36.3,,1,country_wd
Q49277727,Kitgum,,1,0,36.3,,1,country_wd
Q49277777,Kumi,,1,0,36.3,,1,country_wd
Q49277844,Luwero,,1,0,36.3,human settlement,1,country_wd
Q49277880,Mayuge,,1,0,36.3,,1,country_wd
Q49278028,Pader,,1,0,36.3,,1,country_wd
Q49295404,Jinja,,1,0,36.3,,1,country_wd
Q49297977,Agago County,,1,0,36.3,county of Uganda,1,country_wd
Q49297980,Amuria County,,1,0,36.3,county of Uganda,1,country_wd
Q49297983,Aringa County,,1,0,36.3,county of Uganda,1,country_wd
Q49297986,Arua Municipality,,1,0,36.3,municipality of Uganda,1,country_wd
Q49297988,Aruu County,,1,0,36.3,county of Uganda,1,country_wd
Q49297989,Aswa County,,1,0,36.3,county of Uganda,1,country_wd
Q49297991,Ayivu County,,1,0,36.3,county of Uganda,1,country_wd
Q49297992,Bamunanika County,,1,0,36.3,county of Uganda,1,country_wd
Q49297995,Bokora County,,1,0,36.3,county of Uganda,1,country_wd
Q49297997,Bubulo West County,,1,0,36.3,county of Uganda,1,country_wd
Q49297998,Budadiri County,,1,0,36.3,county of Uganda,1,country_wd
Q49297999,Budaka County,,1,0,36.3,county of Uganda,1,country_wd
Q49298000,Budiope County,,1,0,36.3,county of Uganda,1,country_wd
Q49298001,Bufumbira County,,1,0,36.3,county of Uganda,1,country_wd
Q49298002,Bugabula County,,1,0,36.3,county of Uganda,1,country_wd
Q49298003,Bugahya County,,1,0,36.3,county of Uganda,1,country_wd
Q49298005,Bugangaizi County,,1,0,36.3,county of Uganda,1,country_wd
Q49298006,Bughendera County,,1,0,36.3,county of Uganda,1,country_wd
Q49298008,Bugweri County,,1,0,36.3,county of Uganda,1,country_wd
Q49298009,Buhaguzi County,,1,0,36.3,county of Uganda,1,country_wd
Q49298011,Buhweju County,,1,0,36.3,county of Uganda,1,country_wd
Q49298012,Buikwe County,,1,0,36.3,county of Uganda,1,country_wd
Q49298013,Bujenje County,,1,0,36.3,county of Uganda,1,country_wd
Q49298014,Bujjumba County,,1,0,36.3,county of Uganda,1,country_wd
Q49298015,Bujumbura County,,1,0,36.3,county of Uganda,1,country_wd
Q49298016,Bukanga County,,1,0,36.3,county of Uganda,1,country_wd
Q49298017,Bukedea County,,1,0,36.3,county of Uganda,1,country_wd
Q49298018,Bukonjo County,,1,0,36.3,county of Uganda,1,country_wd
Q49298019,Bukooli County,,1,0,36.3,county of Uganda,1,country_wd
Q49298020,Bukoto County West,,1,0,36.3,"electoral unit, county of Uganda",1,country_wd
Q49298022,Bulambuli County,,1,0,36.3,county of Uganda,1,country_wd
Q49298023,Bulamogi County,,1,0,36.3,county of Uganda,1,country_wd
Q49298024,Buliisa County,,1,0,36.3,county of Uganda,1,country_wd
Q49298025,Bungokho County,,1,0,36.3,county of Uganda,1,country_wd
Q49298027,Bunyangabu County,,1,0,36.3,county of Uganda,1,country_wd
Q49298028,Bunyaruguru County,,1,0,36.3,county of Uganda,1,country_wd
Q49298030,Bunyole County,,1,0,36.3,county of Uganda,1,country_wd
Q49298031,Burahya County,,1,0,36.3,county of Uganda,1,country_wd
Q49298034,Buruli County,,1,0,36.3,county of Uganda,1,country_wd
Q49298035,Buruuli County,,1,0,36.3,county of Uganda,1,country_wd
Q49298037,Busiki County,,1,0,36.3,county of Uganda,1,country_wd
Q49298038,Busiro County,,1,0,36.3,county of Uganda,1,country_wd
Q49298040,Busongora County,,1,0,36.3,county of Uganda,1,country_wd
Q49298041,Busujju County,,1,0,36.3,county of Uganda,1,country_wd
Q49298042,Butambala County,,1,0,36.3,county of Uganda,1,country_wd
Q49298043,Butebo County,,1,0,36.3,county of Uganda,1,country_wd
Q49298044,Butembe County,,1,0,36.3,county of Uganda,1,country_wd
Q49298046,Buvuma County,,1,0,36.3,county of Uganda,1,country_wd
Q49298047,Buwekula County,,1,0,36.3,county of Uganda,1,country_wd
Q49298049,Buyaga County,,1,0,36.3,county of Uganda,1,country_wd
Q49298050,Buyanja County,,1,0,36.3,county of Uganda,1,country_wd
Q49298051,Buzaaya County,,1,0,36.3,county of Uganda,1,country_wd
Q49298052,Bwamba County,,1,0,36.3,county of Uganda,1,country_wd
Q49298059,Chekwii County,,1,0,36.3,county of Uganda,1,country_wd
Q49298119,Dodoth County,,1,0,36.3,county of Uganda,1,country_wd
Q49298120,Dokolo County,,1,0,36.3,county of Uganda,1,country_wd
Q49298123,East Moyo County,,1,0,36.3,county of Uganda,1,country_wd
Q49298126,Entebbe Municipality,,1,0,36.3,"administrative territorial entity, electoral unit, municipality of Uganda",1,country_wd
Q49298129,Fort Portal Municipality,,1,0,36.3,municipality of Uganda,1,country_wd
Q49298135,Gulu Municipality,,1,0,36.3,municipality of Uganda,1,country_wd
Q49298138,Hoima Municipality,,1,0,36.3,municipality of Uganda,1,country_wd
Q49298140,Ibanda County,,1,0,36.3,county of Uganda,1,country_wd
Q49298141,Iganga Municipality,,1,0,36.3,"administrative territorial entity, electoral unit, municipality of Uganda",1,country_wd
Q49298142,Igara County,,1,0,36.3,county of Uganda,1,country_wd
Q49298143,Isingiro County,,1,0,36.3,county of Uganda,1,country_wd
Q49298144,Jie County,,1,0,36.3,county of Uganda,1,country_wd
Q49298146,Jonam County,,1,0,36.3,county of Uganda,1,country_wd
Q49298148,Kabale Municipality,,1,0,36.3,"administrative territorial entity, electoral unit, municipality of Uganda",1,country_wd
Q49298150,Kaberamaido County,,1,0,36.3,county of Uganda,1,country_wd
Q49298152,Kabula County,,1,0,36.3,county of Uganda,1,country_wd
Q49298153,Kagoma County,,1,0,36.3,county of Uganda,1,country_wd
Q49298154,Kajara County,,1,0,36.3,county of Uganda,1,country_wd
Q49298155,Kakuuto County,,1,0,36.3,county of Uganda,1,country_wd
Q49298156,Kalaki County,,1,0,36.3,county of Uganda,1,country_wd
Q49298158,Kalungu County,,1,0,36.3,county of Uganda,1,country_wd
Q49298159,Kampala Capital City,,1,0,36.3,sub-county of Uganda,1,country_wd
Q49298160,Kapelebyong County,,1,0,36.3,county of Uganda,1,country_wd
Q49298161,Kasambya County,,1,0,36.3,county of Uganda,1,country_wd
Q49298162,Kasese Municipality,,1,0,36.3,"administrative territorial entity, electoral unit, municipality of Uganda",1,country_wd
Q49298163,Kashari County,,1,0,36.3,county of Uganda,1,country_wd
Q49298164,Kasilo County,,1,0,36.3,county of Uganda,1,country_wd
Q49298166,Kassanda County,,1,0,36.3,county of Uganda,1,country_wd
Q49298167,Katikamu County,,1,0,36.3,county of Uganda,1,country_wd
Q49298168,Kazo County,,1,0,36.3,county of Uganda,1,country_wd
Q49298170,Kibanda County,,1,0,36.3,county of Uganda,1,country_wd
Q49298171,Kiboga County,,1,0,36.3,county of Uganda,1,country_wd
Q49298172,Kibuku County,,1,0,36.3,county of Uganda,1,country_wd
Q49298173,Kigulu County,,1,0,36.3,county of Uganda,1,country_wd
Q49298174,Kilak County,,1,0,36.3,county of Uganda,1,country_wd
Q49298180,Kinkiizi County,,1,0,36.3,county of Uganda,1,country_wd
Q49298181,Kioga County,,1,0,36.3,county of Uganda,1,country_wd
Q49298183,Kitagwenda County,,1,0,36.3,county of Uganda,1,country_wd
Q49298185,Koboko County,,1,0,36.3,county of Uganda,1,country_wd
Q49298186,Kole County,,1,0,36.3,county of Uganda,1,country_wd
Q49298188,Kongasis County,,1,0,36.3,county of Uganda,1,country_wd
Q49298189,Kooki County,,1,0,36.3,county of Uganda,1,country_wd
Q49298190,Kumi County,,1,0,36.3,county of Uganda,1,country_wd
Q49298191,Kwania County,,1,0,36.3,county of Uganda,1,country_wd
Q49298192,Kween County,,1,0,36.3,county of Uganda,1,country_wd
Q49298193,Kyadondo County,,1,0,36.3,county of Uganda,1,country_wd
Q49298195,Kyaka County,,1,0,36.3,county of Uganda,1,country_wd
Q49298197,Kyamuswa County,,1,0,36.3,county of Uganda,1,country_wd
Q49298198,Kyotera County,,1,0,36.3,county of Uganda,1,country_wd
Q49298199,Labwor County,,1,0,36.3,county of Uganda,1,country_wd
Q49298201,Lamwo County,,1,0,36.3,county of Uganda,1,country_wd
Q49298205,Luuka County,,1,0,36.3,county of Uganda,1,country_wd
Q49298210,Manjiya County,,1,0,36.3,county of Uganda,1,country_wd
Q49298212,Maracha County,,1,0,36.3,county of Uganda,1,country_wd
Q49298213,Maruzi County,,1,0,36.3,county of Uganda,1,country_wd
Q49298214,Masaka Municipality,,1,0,36.3,municipality of Uganda,1,country_wd
Q49298216,Masindi Municipality,,1,0,36.3,"administrative territorial entity, electoral unit, municipality of Uganda",1,country_wd
Q49298218,Matheniko County,,1,0,36.3,county of Uganda,1,country_wd
Q49298220,Mawokota County,,1,0,36.3,"human settlement, county of Uganda",1,country_wd
Q49298221,Mbale Municipality,,1,0,36.3,municipality of Uganda,1,country_wd
Q49298222,Mbarara Municipality,,1,0,36.3,municipality of Uganda,1,country_wd
Q49298223,Mityana County,,1,0,36.3,county of Uganda,1,country_wd
Q49298224,Moroto County,,1,0,36.3,county of Uganda,1,country_wd
Q49298225,Moroto Municipality,,1,0,36.3,"administrative territorial entity, electoral unit, municipality of Uganda",1,country_wd
Q49298226,Mukono County,,1,0,36.3,county of Uganda,1,country_wd
Q49298227,Mukono Municipality,,1,0,36.3,"administrative territorial entity, electoral unit, municipality of Uganda",1,country_wd
Q49298229,Mwenge County,,1,0,36.3,county of Uganda,1,country_wd
Q49298230,Nakaseke County,,1,0,36.3,county of Uganda,1,country_wd
Q49298231,Nakifuma County,,1,0,36.3,county of Uganda,1,country_wd
Q49298235,Ndorwa County,,1,0,36.3,county of Uganda,1,country_wd
Q49298236,Ngora County,,1,0,36.3,county of Uganda,1,country_wd
Q49298241,Ntoroko County,,1,0,36.3,county of Uganda,1,country_wd
Q49298242,Ntungamo Municipality,,1,0,36.3,"administrative territorial entity, electoral unit, municipality of Uganda",1,country_wd
Q49298244,Nwoya County,,1,0,36.3,county of Uganda,1,country_wd
Q49298249,Okoro County,,1,0,36.3,county of Uganda,1,country_wd
Q49298250,Omoro County,,1,0,36.3,county of Uganda,1,country_wd
Q49298252,Otuke County,,1,0,36.3,county of Uganda,1,country_wd
Q49298253,Oyam County,,1,0,36.3,county of Uganda,1,country_wd
Q49298254,Padyere County,,1,0,36.3,county of Uganda,1,country_wd
Q49298255,Pallisa County,,1,0,36.3,county of Uganda,1,country_wd
Q49298258,Pian County,,1,0,36.3,county of Uganda,1,country_wd
Q49298259,Pokot County,,1,0,36.3,county of Uganda,1,country_wd
Q49298263,Rubabo County,,1,0,36.3,county of Uganda,1,country_wd
Q49298264,Rubanda County,,1,0,36.3,county of Uganda,1,country_wd
Q49298265,Ruhaama County,,1,0,36.3,county of Uganda,1,country_wd
Q49298266,Ruhinda County,,1,0,36.3,county of Uganda,1,country_wd
Q49298267,Rukiga County,,1,0,36.3,county of Uganda,1,country_wd
Q49298269,Rukungiri Municipality,,1,0,36.3,"administrative territorial entity, electoral unit, municipality of Uganda",1,country_wd
Q49298270,Rushenyi County,,1,0,36.3,county of Uganda,1,country_wd
Q49298271,Rwampara County,,1,0,36.3,county of Uganda,1,country_wd
Q49298274,Samia-Bugwe County,,1,0,36.3,county of Uganda,1,country_wd
Q49298278,Serere County,,1,0,36.3,county of Uganda,1,country_wd
Q49298280,Sheema County,,1,0,36.3,county of Uganda,1,country_wd
Q49298285,Soroti County,,1,0,36.3,county of Uganda,1,country_wd
Q49298286,Soroti Municipality,,1,0,36.3,municipality of Uganda,1,country_wd
Q49298288,Terego County,,1,0,36.3,county of Uganda,1,country_wd
Q49298290,Tingey County,,1,0,36.3,county of Uganda,1,country_wd
Q49298291,Toroma County,,1,0,36.3,county of Uganda,1,country_wd
Q49298292,Tororo County,,1,0,36.3,county of Uganda,1,country_wd
Q49298293,Tororo Municipality,,1,0,36.3,"administrative territorial entity, electoral unit, municipality of Uganda",1,country_wd
Q49298298,Usuk County,,1,0,36.3,county of Uganda,1,country_wd
Q49298300,Vurra County,,1,0,36.3,county of Uganda,1,country_wd
Q49298303,West Budama (Kisolo) County,,1,0,36.3,county of Uganda,1,country_wd
Q49298304,West Moyo County,,1,0,36.3,county of Uganda,1,country_wd
Q49325411,Agata-Akimenga,,1,0,36.3,forest,1,country_wd
Q49325472,Atigo-Angutewere,,1,0,36.3,forest,1,country_wd
Q49325474,Atiya,,1,0,36.3,forest,1,country_wd
Q49325482,Ayugi Forest,,1,0,36.3,forest,1,country_wd
Q49325516,Barituku,,1,0,36.3,forest,1,country_wd
Q49325581,BetWadelai&Mahagi,,1,0,36.3,forest,1,country_wd
Q49325606,Binze,,1,0,36.3,forest,1,country_wd
Q49327989,Bugondo Hill,,1,0,36.3,forest,1,country_wd
Q49327990,Buhungiro,,1,0,36.3,forest,1,country_wd
Q49327992,Bukaibale,,1,0,36.3,forest,1,country_wd
Q49327997,Bulopa-Nsese,,1,0,36.3,forest,1,country_wd
Q49327998,Bunjazi,,1,0,36.3,"forest, forest reserve",1,country_wd
Q49328008,Butamira,,1,0,36.3,forest,1,country_wd
Q49328011,Buuka Forest,,1,0,36.3,forest,1,country_wd
Q49328013,Byante Forest,,1,0,36.3,forest,1,country_wd
Q49328083,Chahi Forest,,1,0,36.3,forest,1,country_wd
Q49328097,Chelima Forest,,1,0,36.3,forest,1,country_wd
Q49328141,Chwi,,1,0,36.3,forest,1,country_wd
Q49328429,Era,,1,0,36.3,forest,1,country_wd
Q49329928,Got Gweno Forest Reserve,,1,0,36.3,forest,1,country_wd
Q49330149,Ibambalo,,1,0,36.3,forest,1,country_wd
Q49330153,Igwe,,1,0,36.3,forest,1,country_wd
Q49330154,Ihimbo Forest,,1,0,36.3,forest,1,country_wd
Q49330160,Impenetrable Forest,,1,0,36.3,forest,1,country_wd
Q49330175,Itwara Forest,,1,0,36.3,forest,1,country_wd
Q49330177,Izeru,,1,0,36.3,forest,1,country_wd
Q49330218,Jubiya Forest,,1,0,36.3,forest,1,country_wd
Q49330220,Junjubaire,,1,0,36.3,forest,1,country_wd
Q49330231,Kadam Forest Reserve,,1,0,36.3,forest,1,country_wd
Q49330232,Kaduku,,1,0,36.3,forest,1,country_wd
Q49330240,Kahurukobwire,,1,0,36.3,forest,1,country_wd
Q49330242,Kaiso Forest,,1,0,36.3,forest,1,country_wd
Q49330244,Kajonde Forest,,1,0,36.3,forest,1,country_wd
Q49330246,Kajunjo,,1,0,36.3,forest,1,country_wd
Q49330255,Kalua,,1,0,36.3,forest,1,country_wd
Q49330257,Kamalinga Forest,,1,0,36.3,forest,1,country_wd
Q49330264,Kanangalo,,1,0,36.3,forest,1,country_wd
Q49330266,Kandanda,,1,0,36.3,forest,1,country_wd
Q49330285,Kasa Forest,,1,0,36.3,forest,1,country_wd
Q49330287,Kasato-Nankalangi Forest,,1,0,36.3,forest,1,country_wd
Q49330288,Kasenda,,1,0,36.3,forest,1,country_wd
Q49330289,Kashoya-Kitomi,,1,0,36.3,forest,1,country_wd
Q49330297,Kaweri,,1,0,36.3,forest,1,country_wd
Q49330317,Keyo Forest Reserve,,1,0,36.3,forest,1,country_wd
Q49330328,Kibale Forest,,1,0,36.3,forest,1,country_wd
Q49330330,Kibega,,1,0,36.3,forest,1,country_wd
Q49330331,Kifu Forest,,1,0,36.3,forest,1,country_wd
Q49330335,Kigona Forest,,1,0,36.3,forest,1,country_wd
Q49330342,Kinyange,,1,0,36.3,forest,1,country_wd
Q49330345,Kirala Forest,,1,0,36.3,forest,1,country_wd
Q49330353,Kitechura,,1,0,36.3,forest,1,country_wd
Q49330354,Kitubulu Forest,,1,0,36.3,forest,1,country_wd
Q49330396,Kuzito Forest,,1,0,36.3,forest,1,country_wd
Q49330399,Kyabatwa,,1,0,36.3,forest,1,country_wd
Q49330400,Kyambogo,,1,0,36.3,forest,1,country_wd
Q49330401,Kyekokoto Forest,,1,0,36.3,forest,1,country_wd
Q49330404,Kyerwa Forest,,1,0,36.3,forest,1,country_wd
Q49330440,Labwor Hills Forest,,1,0,36.3,forest,1,country_wd
Q49330595,Lira Plantations,,1,0,36.3,forest,1,country_wd
Q49330596,Liru,,1,0,36.3,forest,1,country_wd
Q49330630,Loro,,1,0,36.3,forest,1,country_wd
Q49330637,Lotim and Pota,,1,0,36.3,forest,1,country_wd
Q49330645,Lubanyi,,1,0,36.3,forest,1,country_wd
Q49330660,Luvunya,,1,0,36.3,forest,1,country_wd
Q49330661,Luzade,,1,0,36.3,forest,1,country_wd
Q49330662,Lwamunda,,1,0,36.3,forest,1,country_wd
Q49330671,Madi Opei,,1,0,36.3,forest,1,country_wd
Q49330672,Mafuga Forest,,1,0,36.3,forest,1,country_wd
Q49330681,Malabigambo Forest,,1,0,36.3,forest,1,country_wd
Q49330763,Matete,,1,0,36.3,forest,1,country_wd
Q49330766,Matiri,,1,0,36.3,forest,1,country_wd
Q49330781,Mbale Plantation,,1,0,36.3,forest,1,country_wd
Q49330812,Mgahinga Forest,,1,0,36.3,forest,1,country_wd
Q49330960,Mount Elgon Central Forest Reserve,,1,0,36.3,forest,1,country_wd
Q49330961,Mount Elgon Forest Reserve,,1,0,36.3,forest,1,country_wd
Q49330964,Mount Kei,,1,0,36.3,forest,1,country_wd
Q49330986,Mpologoma North,,1,0,36.3,forest,1,country_wd
Q49330988,Mpologoma South,,1,0,36.3,forest,1,country_wd
Q49331000,Mujuzi Forest,,1,0,36.3,forest,1,country_wd
Q49331003,Mukihani,,1,0,36.3,forest,1,country_wd
Q49331005,Mulabe,,1,0,36.3,forest,1,country_wd
Q49331012,Musamya Forest,,1,0,36.3,forest,1,country_wd
Q49331015,Musoli Forest,,1,0,36.3,forest,1,country_wd
Q49331017,Muwawu Forest,,1,0,36.3,forest,1,country_wd
Q49331237,Nakalongo,,1,0,36.3,forest,1,country_wd
Q49331239,Nakigesi Forest,,1,0,36.3,forest,1,country_wd
Q49331240,Nakiza Forest,,1,0,36.3,forest,1,country_wd
Q49331245,Namalala Forest,,1,0,36.3,forest,1,country_wd
Q49331247,Namavundu,,1,0,36.3,forest,1,country_wd
Q49331253,Namukupa Forest,,1,0,36.3,forest,1,country_wd
Q49331257,Napono Forest,,1,0,36.3,forest,1,country_wd
Q49331264,Natonko Forest,,1,0,36.3,forest,1,country_wd
Q49331267,Nawandigi,,1,0,36.3,forest,1,country_wd
Q49331293,Nile Bank,,1,0,36.3,forest,1,country_wd
Q49331298,Nkera,,1,0,36.3,forest,1,country_wd
Q49331299,Nkongwe Forest,,1,0,36.3,forest,1,country_wd
Q49331315,North Ruwenzori,,1,0,36.3,forest,1,country_wd
Q49331338,Ntali,,1,0,36.3,forest,1,country_wd
Q49331339,Nyabigungu,,1,0,36.3,forest,1,country_wd
Q49331364,Ogom,,1,0,36.3,forest,1,country_wd
Q49331375,Olubu,,1,0,36.3,forest,1,country_wd
Q49331383,Opaka Forest Reserve,,1,0,36.3,forest,1,country_wd
Q49331386,Opit Forest Reserve,,1,0,36.3,forest,1,country_wd
Q49331407,Otrevu,,1,0,36.3,forest,1,country_wd
Q49331410,Otukei,,1,0,36.3,forest,1,country_wd
Q49331414,Otzi,,1,0,36.3,forest,1,country_wd
Q49331524,Pigire,,1,0,36.3,forest,1,country_wd
Q49332188,Rwenzori Forest Reserve,,1,0,36.3,forest,1,country_wd
Q49332233,Sala,,1,0,36.3,forest,1,country_wd
Q49332332,Semliki,,1,0,36.3,forest,1,country_wd
Q49332340,Sezibwa Forest,,1,0,36.3,forest,1,country_wd
Q49332395,Sitambogo,,1,0,36.3,forest,1,country_wd
Q49332573,Telwa,,1,0,36.3,forest,1,country_wd
Q49332581,Tero Forest,,1,0,36.3,forest,1,country_wd
Q49332665,Towa Forest,,1,0,36.3,forest,1,country_wd
Q49332688,Tumbi,,1,0,36.3,forest,1,country_wd
Q49332745,Wabinyomo,,1,0,36.3,forest,1,country_wd
Q49332808,Walulumbu,,1,0,36.3,forest,1,country_wd
Q49332809,Wamango,,1,0,36.3,forest,1,country_wd
Q49332811,Wambabya,,1,0,36.3,forest,1,country_wd
Q49355794,Kajansi,,1,0,36.3,human settlement,1,country_wd
Q49358462,Ntungamo,,1,0,36.3,human settlement,1,country_wd
Q49358505,Nyachera,,1,0,36.3,human settlement,1,country_wd
Q49359770,Pader Palwo,,1,0,36.3,human settlement,1,country_wd
Q49374233,Buda Bay,,1,0,36.3,bay,1,country_wd
Q49374248,Buhuka South Bay,,1,0,36.3,bay,1,country_wd
Q49374340,Bumangi Bay,,1,0,36.3,bay,1,country_wd
Q49374343,Bunjako Bay,,1,0,36.3,bay,1,country_wd
Q49374386,Busi Bay,,1,0,36.3,bay,1,country_wd
Q49374412,Buwuka Bay,,1,0,36.3,bay,1,country_wd
Q49374414,Buyaga Bay,,1,0,36.3,bay,1,country_wd
Q49374423,Bwembe Bay,,1,0,36.3,bay,1,country_wd
Q49377054,Entebbe Bay,,1,0,36.3,bay,1,country_wd
Q49377211,Feilding Bay,,1,0,36.3,bay,1,country_wd
Q49378065,Gobero Bay,,1,0,36.3,bay,1,country_wd
Q49378359,Grant Bay,,1,0,36.3,bay,1,country_wd
Q49378977,Hannington Bay,,1,0,36.3,bay,1,country_wd
Q49380213,Idokwe Bay,,1,0,36.3,bay,1,country_wd
Q49380220,Igalalo Bay,,1,0,36.3,bay,1,country_wd
Q49381094,Kamugalula,,1,0,36.3,bay,1,country_wd
Q49381136,Kanyomozi Bay,,1,0,36.3,bay,1,country_wd
Q49381586,Kibanga Bay,,1,0,36.3,bay,1,country_wd
Q49381724,Kinyu,,1,0,36.3,bay,1,country_wd
Q49381763,Kisubi Bay,,1,0,36.3,bay,1,country_wd
Q49381998,Kopine Bay,,1,0,36.3,bay,1,country_wd
Q49383948,Lugambo Bay,,1,0,36.3,bay,1,country_wd
Q49384032,Macdonald Bay,,1,0,36.3,bay,1,country_wd
Q49384305,Manga Bay,,1,0,36.3,bight,1,country_wd
Q49385880,Murchison Bay,,1,0,36.3,bay,1,country_wd
Q49386086,Namirembe,,1,0,36.3,bay,1,country_wd
Q49386134,Napoleon Gulf,,1,0,36.3,bay,1,country_wd
Q49386472,Nkandaga Bay,,1,0,36.3,bay,1,country_wd
Q49386822,Nsonga Bay,,1,0,36.3,bay,1,country_wd
Q49386859,Nyimu Bay,,1,0,36.3,bay,1,country_wd
Q49387989,Pilkington Bay,,1,0,36.3,bay,1,country_wd
Q49388859,Pringle Bay,,1,0,36.3,bay,1,country_wd
Q49391062,Sango Bay,,1,0,36.3,bay,1,country_wd
Q49391613,Senyi Bay,,1,0,36.3,bay,1,country_wd
Q49392094,Sinze Bay,,1,0,36.3,bay,1,country_wd
Q49393639,Tende Bay,,1,0,36.3,bay,1,country_wd
Q49393853,Thruston Bay,,1,0,36.3,bay,1,country_wd
Q49393986,Tome Bay,,1,0,36.3,bay,1,country_wd
Q49393988,Tomi Bay,,1,0,36.3,bay,1,country_wd
Q49394618,Vumba Bay,,1,0,36.3,bight,1,country_wd
Q49394694,Walya Bay,,1,0,36.3,bay,1,country_wd
Q49394831,Wazimenya Bay,,1,0,36.3,bay,1,country_wd
Q49394885,Wera Bay,,1,0,36.3,bay,1,country_wd
Q49395199,Williams Bay,,1,0,36.3,bay,1,country_wd
Q49395591,Zinga Bay,,1,0,36.3,bay,1,country_wd
Q49460634,Aber,,1,0,36.3,sub-county of Uganda,1,country_wd
Q49460645,Acaba,,1,0,36.3,sub-county of Uganda,1,country_wd
Q49460651,Acholi-Bur Sub-County,,1,0,36.3,sub-county of Uganda,1,country_wd
Q49460656,Adekokwok,,1,0,36.3,sub-county of Uganda,1,country_wd
Q49460662,Adwari,,1,0,36.3,sub-county of Uganda,1,country_wd
Q49460670,Agoro,,1,0,36.3,sub-county of Uganda,1,country_wd
Q49460700,Akura,,1,0,36.3,sub-county of Uganda,1,country_wd
Q49460701,Akwang Sub-County,,1,0,36.3,sub-county of Uganda,1,country_wd
Q49460704,Akworo,,1,0,36.3,sub-county of Uganda,1,country_wd
Q49460717,Alero,,1,0,36.3,sub-county of Uganda,1,country_wd
Q49460733,Amach,,1,0,36.3,sub-county of Uganda,1,country_wd
Q49460741,Amuru,,1,0,36.3,sub-county of Uganda,1,country_wd
Q49460742,Anaka,,1,0,36.3,sub-county of Uganda,1,country_wd
Q49460757,Angagura Sub-County,,1,0,36.3,sub-county of Uganda,1,country_wd
Q49460796,Apac,,1,0,36.3,sub-county of Uganda,1,country_wd
Q49460843,Aromo,,1,0,36.3,sub-county of Uganda,1,country_wd
Q49460893,Atanga Sub-County,,1,0,36.3,sub-county of Uganda,1,country_wd
Q49460897,Atiak,,1,0,36.3,sub-county of Uganda,1,country_wd
Q49460949,Awach,,1,0,36.3,sub-county of Uganda,1,country_wd
Q49460954,Ayer Sub-County,,1,0,36.3,sub-county of Uganda,1,country_wd
Q49461062,Barr,,1,0,36.3,sub-county of Uganda,1,country_wd
Q49461199,Birere Sub-County,,1,0,36.3,sub-county of Uganda,1,country_wd
Q49461231,Bobi,,1,0,36.3,sub-county of Uganda,1,country_wd
Q49461416,Bubandi,,1,0,36.3,sub-county of Uganda,1,country_wd
Q49461418,Bubare,,1,0,36.3,sub-county of Uganda,1,country_wd
Q49461423,Bufundi Sub-County,,1,0,36.3,sub-county of Uganda,1,country_wd
Q49461424,Bufunju,,1,0,36.3,sub-county of Uganda,1,country_wd
Q49461427,Buginyanya,,1,0,36.3,sub-county of Uganda,1,country_wd
Q49461430,Buhanika Sub-County,,1,0,36.3,sub-county of Uganda,1,country_wd
Q49461432,Buhunga Sub-County,,1,0,36.3,sub-county of Uganda,1,country_wd
Q49461433,Bukanga Sub-County,,1,0,36.3,sub-county of Uganda,1,country_wd
Q49461435,Bukhalu,,1,0,36.3,sub-county of Uganda,1,country_wd
Q49461438,Buliisa,,1,0,36.3,sub-county of Uganda,1,country_wd
Q49461439,Buluguyu,,1,0,36.3,sub-county of Uganda,1,country_wd
Q49461441,Bumanya,,1,0,36.3,sub-county of Uganda,1,country_wd
Q49461442,Bumbaire Sub-County,,1,0,36.3,sub-county of Uganda,1,country_wd
Q49461450,Burunga,,1,0,36.3,sub-county of Uganda,1,country_wd
Q49461451,Busaba Sub-County,,1,0,36.3,sub-county of Uganda,1,country_wd
Q49461452,Buseruka,,1,0,36.3,sub-county of Uganda,1,country_wd
Q49461454,Busoba Sub-County,,1,0,36.3,sub-county of Uganda,1,country_wd
Q49461464,Butaleja Town Council,,1,0,36.3,town council of Uganda,1,country_wd
Q49461465,Butemba,,1,0,36.3,sub-county of Uganda,1,country_wd
Q49461466,Butemba Town Council,,1,0,36.3,town council of Uganda,1,country_wd
Q49461467,Butiiti,,1,0,36.3,sub-county of Uganda,1,country_wd
Q49461468,Butoloogo Sub-County,,1,0,36.3,sub-county of Uganda,1,country_wd
Q49461470,Butunduuzi Town Council,,1,0,36.3,town council of Uganda,1,country_wd
Q49461471,Buwunga,,1,0,36.3,sub-county of Uganda,1,country_wd
Q49461473,Buyobo Sub-County,,1,0,36.3,sub-county of Uganda,1,country_wd
Q49461478,Bwambara Sub-County,,1,0,36.3,sub-county of Uganda,1,country_wd
Q49461629,Cegere,,1,0,36.3,sub-county of Uganda,1,country_wd
Q49461633,Central Division,,1,0,36.3,division of Uganda,1,country_wd
Q49461780,Chema,,1,0,36.3,sub-county of Uganda,1,country_wd
Q49462248,Dufile subcounty,,1,0,36.3,sub-county of Uganda,1,country_wd
Q49462267,Endinzi Sub-County,,1,0,36.3,sub-county of Uganda,1,country_wd
Q49462464,Galiraya Sub-County,,1,0,36.3,sub-county of Uganda,1,country_wd
Q49462706,Hamurwa Sub-County,,1,0,36.3,sub-county of Uganda,1,country_wd
Q49462714,Hapuyo Sub-County,,1,0,36.3,sub-county of Uganda,1,country_wd
Q49462717,Harugali,,1,0,36.3,sub-county of Uganda,1,country_wd
Q49462782,Himutu,,1,0,36.3,sub-county of Uganda,1,country_wd
Q49462881,Ibuje,,1,0,36.3,sub-county of Uganda,1,country_wd
Q49462882,Ibulanku Sub-county,,1,0,36.3,sub-county of Uganda,1,country_wd
Q49462904,Ishongororo Sub-County,,1,0,36.3,sub-county of Uganda,1,country_wd
Q49462916,Iyolwa,,1,0,36.3,sub-county of Uganda,1,country_wd
Q49463044,Kaato Sub-County,,1,0,36.3,sub-county of Uganda,1,country_wd
Q49463045,Kabeywa,,1,0,36.3,sub-county of Uganda,1,country_wd
Q49463047,Kabweri,,1,0,36.3,sub-county of Uganda,1,country_wd
Q49463048,Kagango Sub-County,,1,0,36.3,sub-county of Uganda,1,country_wd
Q49463050,Kakitekile,,1,0,36.3,sub-county of Uganda,1,country_wd
Q49463053,Kalongo Sub-County,,1,0,36.3,sub-county of Uganda,1,country_wd
Q49463054,Kamwenge Town Council Sub-County,,1,0,36.3,sub-county of Uganda,1,country_wd
Q49463056,Kanaba,,1,0,36.3,sub-county of Uganda,1,country_wd
Q49463059,Kanyaryeru Sub-County,,1,0,36.3,sub-county of Uganda,1,country_wd
Q49463060,Kapyanga,,1,0,36.3,sub-county of Uganda,1,country_wd
Q49463062,Karita,,1,0,36.3,sub-county of Uganda,1,country_wd
Q49463063,Kasilo Town Council,,1,0,36.3,town council of Uganda,1,country_wd
Q49463065,Kasodo,,1,0,36.3,sub-county of Uganda,1,country_wd
Q49463067,Kassanda,,1,0,36.3,sub-county of Uganda,1,country_wd
Q49463069,Kateta Sub-County,,1,0,36.3,sub-county of Uganda,1,country_wd
Q49463071,Katoke Town Council,,1,0,36.3,town council of Uganda,1,country_wd
Q49463072,Katwe/Butego Division,,1,0,36.3,division of Uganda,1,country_wd
Q49463074,Kawempe,,1,0,36.3,sub-county of Uganda,1,country_wd
Q49463075,Kebisoni Sub-County,,1,0,36.3,sub-county of Uganda,1,country_wd
Q49463080,Kenshunga,,1,0,36.3,sub-county of Uganda,1,country_wd
Q49463098,Kibiito Town Council,,1,0,36.3,town council of Uganda,1,country_wd
Q49463100,Kigaraale,,1,0,36.3,sub-county of Uganda,1,country_wd
Q49463101,Kikatsi Sub-County,,1,0,36.3,sub-county of Uganda,1,country_wd
Q49463104,Kikyenkye,,1,0,36.3,sub-county of Uganda,1,country_wd
Q49463105,Kisoko,,1,0,36.3,sub-county of Uganda,1,country_wd
Q49463107,Kisomoro,,1,0,36.3,sub-county of Uganda,1,country_wd
Q49463109,Kitanda,,1,0,36.3,sub-county of Uganda,1,country_wd
Q49463111,Kitgum Matidi Sub-County,,1,0,36.3,sub-county of Uganda,1,country_wd
Q49463112,Kitgum Town Council,,1,0,36.3,town council of Uganda,1,country_wd
Q49463114,Kkome Islands Sub-County,,1,0,36.3,sub-county of Uganda,1,country_wd
Q49463118,Koch,,1,0,36.3,sub-county of Uganda,1,country_wd
Q49463121,Kucwiny,,1,0,36.3,sub-county of Uganda,1,country_wd
Q49463122,Kumi County,,1,0,36.3,sub-county of Uganda,1,country_wd
Q49463129,Kyabugimbi Sub-County,,1,0,36.3,sub-county of Uganda,1,country_wd
Q49463131,Kyalulangira Sub-County,,1,0,36.3,sub-county of Uganda,1,country_wd
Q49463134,Kyankwanzi,,1,0,36.3,sub-county of Uganda,1,country_wd
Q49463136,Kyarusozi,,1,0,36.3,sub-county of Uganda,1,country_wd
Q49463137,Kyarusozi Town Council,,1,0,36.3,town council of Uganda,1,country_wd
Q49463139,Kyesiiga,,1,0,36.3,sub-county of Uganda,1,country_wd
Q49463344,Labongo-Amida Sub-County,,1,0,36.3,sub-county of Uganda,1,country_wd
Q49463346,Labongo-Layamo Sub-County,,1,0,36.3,sub-county of Uganda,1,country_wd
Q49463360,Lagoro Sub-County,,1,0,36.3,sub-county of Uganda,1,country_wd
Q49463363,Laguti Sub-County,,1,0,36.3,sub-county of Uganda,1,country_wd
Q49463376,Lamogi,,1,0,36.3,sub-county of Uganda,1,country_wd
Q49463382,Lamwo Parish,,1,0,36.3,parish of Uganda,1,country_wd
Q49463454,Lapul Sub-County,,1,0,36.3,sub-county of Uganda,1,country_wd
Q49463478,Latanya Sub-County,,1,0,36.3,sub-county of Uganda,1,country_wd
Q49463816,Lokung,,1,0,36.3,sub-county of Uganda,1,country_wd
Q49463875,Loregae,,1,0,36.3,sub-county of Uganda,1,country_wd
Q49463879,Loro,,1,0,36.3,sub-county of Uganda,1,country_wd
Q49463932,Lukole,,1,0,36.3,sub-county of Uganda,1,country_wd
Q49463957,Luwero Sub-County,,1,0,36.3,sub-county of Uganda,1,country_wd
Q49463990,Madi-Opei Sub-County,,1,0,36.3,sub-county of Uganda,1,country_wd
Q49464011,Makuutu Sub-county,,1,0,36.3,sub-county of Uganda,1,country_wd
Q49464020,Maliba,,1,0,36.3,sub-county of Uganda,1,country_wd
Q49464035,Manibe,,1,0,36.3,sub-county of Uganda,1,country_wd
Q49464066,Masha Sub-County,,1,0,36.3,sub-county of Uganda,1,country_wd
Q49464189,Minakulu,,1,0,36.3,sub-county of Uganda,1,country_wd
Q49464370,Mpeefu,,1,0,36.3,sub-county of Uganda,1,country_wd
Q49464371,Mpungu Sub-County,,1,0,36.3,sub-county of Uganda,1,country_wd
Q49464372,Muchwini Sub-County,,1,0,36.3,sub-county of Uganda,1,country_wd
Q49464374,Muduma Sub-County,,1,0,36.3,sub-county of Uganda,1,country_wd
Q49464377,Mugiti,,1,0,36.3,sub-county of Uganda,1,country_wd
Q49464382,Muko Sub-County,,1,0,36.3,sub-county of Uganda,1,country_wd
Q49464397,Myene,,1,0,36.3,sub-county of Uganda,1,country_wd
Q49464408,Nabukalu,,1,0,36.3,sub-county of Uganda,1,country_wd
Q49464410,Nadunget,,1,0,36.3,sub-county of Uganda,1,country_wd
Q49464414,Nakawa,,1,0,36.3,sub-county of Uganda,1,country_wd
Q49464415,Namayumba Sub-County,,1,0,36.3,sub-county of Uganda,1,country_wd
Q49464452,Nebbi,,1,0,36.3,sub-county of Uganda,1,country_wd
Q49464461,Ngai,,1,0,36.3,sub-county of Uganda,1,country_wd
Q49464462,Ngarama Sub-County,,1,0,36.3,sub-county of Uganda,1,country_wd
Q49464463,Ngariam,,1,0,36.3,sub-county of Uganda,1,country_wd
Q49464464,Ngora subcounty,,1,0,36.3,sub-county of Uganda,1,country_wd
Q49464465,Ngora Town Council,,1,0,36.3,town council of Uganda,1,country_wd
Q49464474,Nkoma,,1,0,36.3,sub-county of Uganda,1,country_wd
Q49464506,Nsambya,,1,0,36.3,sub-county of Uganda,1,country_wd
Q49464507,Ntungamo Sub-County,,1,0,36.3,sub-county of Uganda,1,country_wd
Q49464508,Ntwetwe,,1,0,36.3,sub-county of Uganda,1,country_wd
Q49464513,Nyakabande,,1,0,36.3,sub-county of Uganda,1,country_wd
Q49464514,Nyakagyeme Sub-County,,1,0,36.3,sub-county of Uganda,1,country_wd
Q49464516,Nyakwae,,1,0,36.3,sub-county of Uganda,1,country_wd
Q49464517,Nyaravur,,1,0,36.3,sub-county of Uganda,1,country_wd
Q49464518,Nyendo/Senyange Division,,1,0,36.3,division of Uganda,1,country_wd
Q49464526,Odek,,1,0,36.3,sub-county of Uganda,1,country_wd
Q49464527,Offaka,,1,0,36.3,sub-county of Uganda,1,country_wd
Q49464529,Ogalai,,1,0,36.3,sub-county of Uganda,1,country_wd
Q49464532,Ogili Sub-County,,1,0,36.3,sub-county of Uganda,1,country_wd
Q49464534,Ogoko,,1,0,36.3,sub-county of Uganda,1,country_wd
Q49464536,Ojwina,,1,0,36.3,sub-county of Uganda,1,country_wd
Q49464548,Omiya Pachua,,1,0,36.3,sub-county of Uganda,1,country_wd
Q49464551,Ongako Sub-County,,1,0,36.3,sub-county of Uganda,1,country_wd
Q49464566,Orungo,,1,0,36.3,sub-county of Uganda,1,country_wd
Q49464588,Pabbo,,1,0,36.3,sub-county of Uganda,1,country_wd
Q49464591,Pader Town Council Sub-County,,1,0,36.3,sub-county of Uganda,1,country_wd
Q49464592,Padibe East Sub-County,,1,0,36.3,sub-county of Uganda,1,country_wd
Q49464594,Padibe West,,1,0,36.3,sub-county of Uganda,1,country_wd
Q49464597,Paicho Sub-County,,1,0,36.3,sub-county of Uganda,1,country_wd
Q49464598,Paidha,,1,0,36.3,sub-county of Uganda,1,country_wd
Q49464605,Pajule Sub-County,,1,0,36.3,sub-county of Uganda,1,country_wd
Q49464606,Pajulu,,1,0,36.3,sub-county of Uganda,1,country_wd
Q49464607,Pakwach Town,,1,0,36.3,town council of Uganda,1,country_wd
Q49464608,Palabek Gem,,1,0,36.3,sub-county of Uganda,1,country_wd
Q49464609,Palabek-Kal Sub-County,,1,0,36.3,sub-county of Uganda,1,country_wd
Q49464611,Palaro,,1,0,36.3,sub-county of Uganda,1,country_wd
Q49464616,Paloga Sub-County,,1,0,36.3,sub-county of Uganda,1,country_wd
Q49464633,Panyango,,1,0,36.3,sub-county of Uganda,1,country_wd
Q49464654,Pawach Parish,,1,0,36.3,parish of Uganda,1,country_wd
Q49465108,Rhino Camp,,1,0,36.3,sub-county of Uganda,1,country_wd
Q49465181,Rubaya,,1,0,36.3,sub-county of Uganda,1,country_wd
Q49465185,Rugando,,1,0,36.3,sub-county of Uganda,1,country_wd
Q49465186,Rugyeyo Sub-County,,1,0,36.3,sub-county of Uganda,1,country_wd
Q49465187,Ruhaama Sub-County,,1,0,36.3,sub-county of Uganda,1,country_wd
Q49465189,Rumogi Sub-County,,1,0,36.3,sub-county of Uganda,1,country_wd
Q49465191,Rupa,,1,0,36.3,sub-county of Uganda,1,country_wd
Q49465194,Rwemikoma Sub-County,,1,0,36.3,sub-county of Uganda,1,country_wd
Q49466007,Sanga,,1,0,36.3,sub-county of Uganda,1,country_wd
Q49466370,Tapac,,1,0,36.3,sub-county of Uganda,1,country_wd
Q49466684,Wadelai,,1,0,36.3,sub-county of Uganda,1,country_wd
Q49466691,Wanale Sub-county,,1,0,36.3,sub-county of Uganda,1,country_wd
Q49509094,Kabalega Falls National Park,,1,0,36.3,park,1,country_wd
Q49540565,Ezekiel Muhanguzi,Ezekiel Muhanguzi,1,0,36.3,human,1,citizenship_wd
Q4957775,Salome Kabengano,,1,0,36.3,human,1,citizenship_wd
Q49598908,Narongole Plain,,1,0,36.3,plain,1,country_wd
Q49627751,Isimba Hydropower Project,,1,0,36.3,,1,country_wd
Q49656266,Makusu Island,,1,0,36.3,island,1,country_wd
Q49741881,Amar,,1,0,36.3,hot spring,1,country_wd
Q49743486,Lopederu,,1,0,36.3,,1,country_wd
Q4986092,Bugabula,Bugabula,1,0,36.3,,1,country_wd
Q4986119,Bugala Power Station,Bugala Thermal Power Station,1,0,36.3,thermal power station,1,country_wd
Q4986229,Bugoloobi,Bugolobi,1,0,36.3,neighborhood,2,country_wd|keyword_title
Q4986282,Bugweri kingdom,Bugweri kingdom,1,0,36.3,,1,country_wd
Q4986697,Buima,Buima,1,0,36.3,chiefdom,1,country_wd
Q4987000,Bukono kingdom,Bukono kingdom,1,0,36.3,,1,country_wd
Q4987001,Bukooli kingdom,Bukooli Chiefdom,1,0,36.3,,1,country_wd
Q4987158,Bukwanga Kiki,Bukwanga Kiki,1,0,36.3,,1,country_wd
Q4987204,Bulamogi,Bulamogi,1,0,36.3,,1,country_wd
Q4996445,Bulingugwe Island,Bulingugwe Island,1,0,36.3,island,1,country_wd
Q4997973,Bunyaruguru,Bunyaruguru,1,0,36.3,,1,country_wd
Q4997983,Bunyole,Bunyole,1,0,36.3,,1,country_wd
Q4997984,Bunyoro sub-region,Bunyoro sub-region,1,0,36.3,sub-region of Uganda,2,country_wd|keyword_title
Q5001642,Busiki,Busiki,1,0,36.3,chiefdom,1,country_wd
Q5002004,Busoga College,Busoga College,1,0,36.3,boarding school,2,country_wd|keyword_title
Q5002005,Busoga sub-region,Busoga sub-region,1,0,36.3,sub-region of Uganda,2,country_wd|keyword_title
Q5002334,Butabika,Butabika,1,0,36.3,human settlement,1,country_wd
Q5002496,Butembe,Butembe,1,0,36.3,,1,country_wd
Q5003685,Bwindi Community Hospital,Bwindi Community Hospital,1,0,36.3,hospital,1,country_wd
Q5013933,CRO FC,CRO FC,1,0,36.3,association football club,1,country_wd
Q5035614,Capital Markets Authority,Capital Markets Authority of Uganda,1,0,36.3,government agency,3,country_wd|keyword_title|part_of_wd
Q50701530,Samantha Nassolo,,1,0,36.3,human,1,birth_death_wd
Q5097098,Chiefdom of Bunya,Chiefdom of Bunya,1,0,36.3,,1,country_wd
Q51079104,National Environment Management Authority of Uganda,National Environment Management Authority,1,0,36.3,government agency,1,country_wd
Q5124427,Civil Aviation Authority of Uganda,Uganda Civil Aviation Authority,1,0,36.3,"government agency, air navigation service provider",2,country_wd|keyword_title
Q5152465,Commercial Bank of Africa,Commercial Bank of Africa (Uganda),1,0,36.3,business,2,country_wd|keyword_title
Q5153428,Common Man's Charter,Common Man's Charter,1,0,36.3,,2,country_wd|keyword_title
Q51683036,Wabigalo–Nakasongola–Sasira Road,Wabigalo–Nakasongola–Sasira Road,1,0,36.3,road,1,country_wd
Q51685571,Patric Ronnie,,1,0,36.3,human,1,citizenship_wd
Q5181995,Crane Bank,Crane Bank,1,0,36.3,business,1,country_wd
Q51879359,Melvin Kakooza,,1,0,36.3,human,1,birth_death_wd
Q5204903,DFCU House,DFCU House,1,0,36.3,built structure,1,country_wd
Q52340448,Joy Tukahirwa,,1,0,36.3,human,1,citizenship_wd
Q5270937,Diamond Trust Bank (Uganda) Limited,Diamond Trust Bank (Uganda),1,0,36.3,business,2,country_wd|keyword_title
Q5326819,Early history of Uganda,Early history of Uganda,1,0,36.3,historical period,2,country_wd|keyword_title
Q5327647,East African Airlines,,1,0,36.3,airline,1,country_wd
Q5338321,Ediofe Hills FC,Ediofe Hills FC,1,0,36.3,association football club,1,country_wd
Q5380121,Entebbe-Kampala Highway,Entebbe–Kampala Expressway,1,0,36.3,road,2,country_wd|keyword_title
Q5393119,Ernest Gerald Gibbins,Ernest Gibbins,1,0,36.3,human,1,birth_death_wd
Q5445205,Feroz Abbasi,Feroz Abbasi,1,0,36.3,human,2,birth_death_wd|citizenship_wd
Q5471866,Fort Portal Hospital,Fort Portal Hospital,1,0,36.3,hospital,1,country_wd
Q54805373,Ronnie Iloya,,1,0,36.3,human,1,citizenship_wd
Q55074874,Restoration Gateway Hospital,Restoration Gateway Hospital,1,0,36.3,hospital,1,country_wd
Q55075072,Mbarara Regional Cancer Centre,Mbarara Regional Cancer Centre,1,0,36.3,built structure,1,country_wd
Q55075074,Arua Regional Cancer Centre,Arua Regional Cancer Centre,1,0,36.3,built structure,1,country_wd
Q55075130,Uganda Microfinance Regulatory Authority,Uganda Microfinance Regulatory Authority,1,0,36.3,government agency,2,country_wd|keyword_title
Q55142254,geology of Uganda,Geology of Uganda,1,0,36.3,,2,country_wd|keyword_title
Q5528732,Gayaza-Ziroobwe Road,Gayaza–Ziroobwe Road,1,0,36.3,road,1,country_wd
Q55357001,Don Nabasa,Don Nabasa,1,0,36.3,human,2,birth_death_wd|citizenship_wd
Q55391880,2018 Uganda Cup,2018 Uganda Cup,1,0,36.3,sports season,2,country_wd|keyword_title
Q55391881,2017 Uganda Cup,2017 Uganda Cup,1,0,36.3,sports season,2,country_wd|keyword_title
Q55392271,City House Jinja,City House Jinja,1,0,36.3,building,1,country_wd
Q55394577,Moroto Ateker Cement Company Limited,Moroto Ateker Cement Company Limited,1,0,36.3,company,1,country_wd
Q55528297,Acholi,,1,0,36.3,tribal area,1,country_wd
Q55528389,Acwa Lolim Game Reserve,,1,0,36.3,,1,country_wd
Q55530611,Ajai Game Reserve,,1,0,36.3,,1,country_wd
Q55576870,Bugungu Hippopotamus and Elephant Sanctuary,,1,0,36.3,,1,country_wd
Q55603106,Abryanz Style and Fashion Awards 2016,Abryanz Style and Fashion Awards 2016,1,0,36.3,award ceremony,1,country_wd
Q55604326,Asset allocation among commercial banks in Uganda,Asset allocation among commercial banks in Uganda,1,0,36.3,,1,country_wd
Q55614362,Imvepi Refugee Settlement,Imvepi Refugee Settlement,1,0,36.3,"human settlement, refugee camp",1,country_wd
Q55614400,Independence Day,Independence Day (Uganda),1,0,36.3,public holiday,2,country_wd|keyword_title
Q55614506,Insurance Towers,Insurance Towers,1,0,36.3,building,1,country_wd
Q55614546,International Specialized Hospital of Uganda,International Specialized Hospital of Uganda,1,0,36.3,hospital,2,country_wd|keyword_title
Q55615979,Kijabijo,Kijabijo,1,0,36.3,human settlement,1,country_wd
Q55624895,Ndejje University FC,Ndejje University FC,1,0,36.3,association football club,1,country_wd
Q55627163,Nyumanzi Refugee Settlement,Nyumanzi Refugee Settlement,1,0,36.3,human settlement,1,country_wd
Q55627374,Oil companies in Uganda,Oil companies in Uganda,1,0,36.3,Wikimedia list article,2,country_wd|keyword_title
Q55628478,Palorinya Refugee Settlement,Palorinya Refugee Settlement,1,0,36.3,"human settlement, refugee camp",1,country_wd
Q55630465,Prime minister of Rwenzururu,Prime Minister of Rwenzururu,1,0,36.3,position,1,country_wd
Q55636455,Uganda Relationships Commission,Uganda Relationships Commission,1,0,36.3,,2,country_wd|keyword_title
Q55636456,Uganda men's national lacrosse team,Uganda men's national lacrosse team,1,0,36.3,national sports team,2,country_wd|keyword_title
Q55641551,Reach A Hand Uganda,Reach a Hand Uganda,1,0,36.3,nonprofit organization,2,country_wd|keyword_title
Q55642404,Top Finance Bank Uganda Limited,Salaam Bank Uganda,1,0,36.3,,2,country_wd|keyword_title
Q55642462,Uganda People's Defence Force Land forces,Uganda People's Defence Force Land forces,1,0,36.3,,1,country_wd
Q55655150,Burkina Faso–Uganda relations,,1,0,36.3,bilateral relation,1,country_wd
Q5570701,Global Trust Bank,Global Trust Bank (Uganda),1,0,36.3,business,2,country_wd|keyword_title
Q55887086,Kampala–Gulu Highway,Kampala–Gulu Highway,1,0,36.3,road,2,country_wd|keyword_title
Q55887869,Thobani Centre,Thobani Centre,1,0,36.3,building,1,country_wd
Q55888356,Uganda National Medical Stores,Uganda National Medical Stores,1,0,36.3,,2,country_wd|keyword_title
Q56064396,Archbishop Janani Luwum Day,Archbishop Janani Luwum Day,1,0,36.3,public holiday,1,country_wd
Q56065559,Leah Kagasa,Leah Kagasa,1,0,36.3,human,2,birth_death_wd|citizenship_wd
Q5617904,Gulu-Nimule Road,Gulu–Nimule Road,1,0,36.3,road,1,country_wd
Q56276041,Lwensinga,Lwensinga,1,0,36.3,human settlement,1,country_wd
Q56276212,Bishop Ceaser Asili Memorial Hospital,Bishop Ceaser Asili Memorial Hospital,1,0,36.3,hospital,1,country_wd
Q56276494,Buhimba–Nalweyo–Kakindu–Bulamagi Road,Buhimba–Nalweyo–Kakindu–Bulamagi Road,1,0,36.3,road,1,country_wd
Q56276625,Bulamagi–Igayaza–Kakumiro Road,Bulamagi–Igayaza–Kakumiro Road,1,0,36.3,road,1,country_wd
Q56276791,Tanzania–Uganda Natural Gas Pipeline,Tanzania–Uganda Natural Gas Pipeline,1,0,36.3,built structure,2,country_wd|keyword_title
Q56277932,Robert Ssentongo,Robert Ssentongo (surgeon),1,0,36.3,human,2,birth_death_wd|citizenship_wd
Q56278464,Busitema Solar Power Station,Busitema Solar Power Station,1,0,36.3,photovoltaic power station,1,country_wd
Q56280402,Uganda Medical Association,Uganda Medical Association,1,0,36.3,"organization, medical association",2,country_wd|keyword_title
Q56280529,Chief of Defence Force,Chief of Defence Forces (Uganda),1,0,36.3,position,2,country_wd|keyword_title
Q56437663,Aruya,,1,0,36.3,stream,1,country_wd
Q56437664,Aruya,,1,0,36.3,,1,country_wd
Q56437666,Aruya,,1,0,36.3,,1,country_wd
Q56437961,Ateng,,1,0,36.3,,1,country_wd
Q56489384,Patrice Njojo,Patrice Njojo,1,0,36.3,human,1,birth_death_wd
Q56544217,Dufile Animal Sanctuary,,1,0,36.3,wildlife park,1,country_wd
Q56544742,Dure,,1,0,36.3,,1,country_wd
Q56590829,Elephant Nature Park,,1,0,36.3,,1,country_wd
Q56605107,National Theatre,,1,0,36.3,"theatre building, movie theater",1,country_wd
Q56605115,Nommo Gallery,,1,0,36.3,art museum,1,country_wd
Q56628196,Wikimedia Community User Group Uganda,,1,0,36.3,Wikimedia user group,1,country_wd
Q56629194,aircraft in Ugandan service,,1,0,36.3,aircraft fleet,1,country_wd
Q56647930,aircraft in Ugandan military service,,1,0,36.3,aircraft fleet,1,country_wd
Q56811167,Thorold Masefield,Thorold Masefield,1,0,36.3,human,1,birth_death_wd
Q56823052,2018 African Tchoukball Championships,,1,0,36.3,sports season,1,country_wd
Q57312681,Uganda at the 2018 African Championships in Athletics,,1,0,36.3,nation at sport competition,1,country_wd
Q57332707,Grace Ndagire,,1,0,36.3,human,1,citizenship_wd
Q5877791,Hoima Hospital,Hoima Hospital,1,0,36.3,hospital,1,country_wd
Q5916124,,Housing Finance Bank,1,0,36.3,business,1,country_wd
Q59290367,British High Commission Kampala,"High Commission of the United Kingdom, Kampala",1,0,36.3,high commission,3,country_wd|keyword_title|part_of_wd
Q59291689,"Embassy of Germany, Kampala",,1,0,36.3,embassy,2,country_wd|part_of_wd
Q5945844,Arne Lemberg,,1,0,36.3,human,1,birth_death_wd
Q5998719,Joseph Muweke,,1,0,36.3,human,1,birth_death_wd
Q6006634,Imperial Hotels Group,Imperial Hotels Group,1,0,36.3,business,1,country_wd
Q6018651,Index of Uganda-related articles,,1,0,36.3,Wikimedia list article,1,country_wd
Q60193442,Opuyo–Moroto High Voltage Power Line,Opuyo–Moroto High Voltage Power Line,1,0,36.3,overhead power line,1,country_wd
Q60455140,Stephen Twinoburyo,Stephen Twinoburyo,1,0,36.3,human,2,birth_death_wd|citizenship_wd
Q6050002,International Criminal Court investigation in Uganda,International Criminal Court investigation in Uganda,1,0,36.3,,2,country_wd|keyword_title
Q6051972,International Medical Group,International Medical Group (Uganda),1,0,36.3,business,2,country_wd|keyword_title
Q60524458,Battle of Tororo,Battle of Tororo,1,0,36.3,battle,1,country_wd
Q60586297,Narendra Nathwani,Narendra Nathwani,1,0,36.3,human,1,birth_death_wd
Q60617085,Churchill Lukwiya Onen,Churchill Lukwiya Onen,1,0,36.3,human,2,birth_death_wd|citizenship_wd
Q60651142,1985 in Uganda,,1,0,36.3,events in a specific year or time period,1,country_wd
Q60676048,John Boscoe Waigo,John Boscoe Waigo,1,0,36.3,human,1,citizenship_wd
Q60676087,Kasmiro Omona,Kasmiro Omona,1,0,36.3,human,1,citizenship_wd
Q60676661,Abdul Tebazalwa,Abdul Tebazalwa,1,0,36.3,human,1,citizenship_wd
Q60744436,Student movements in Uganda,Student movements in Uganda,1,0,36.3,,2,country_wd|keyword_title
Q60744887,Kigorobya,Kigorobya,1,0,36.3,human settlement,1,country_wd
Q60745286,Biso,"Biso, Uganda",1,0,36.3,human settlement,2,country_wd|keyword_title
Q60746495,Uganda National Examinations Board,Uganda National Examinations Board,1,0,36.3,government agency,2,country_wd|keyword_title
Q60746767,Uganda National Teachers Union,Uganda National Teachers Union,1,0,36.3,government agency,2,country_wd|keyword_title
Q60753937,Kagulu Hill,Kagulu Hill,1,0,36.3,mountain,1,country_wd
Q60756114,"People Power, Our Power","People Power, Our Power",1,0,36.3,"pressure group, political movement",1,country_wd
Q60763482,Hot Pink Catwalk,Hot Pink Catwalk,1,0,36.3,,1,country_wd
Q60772796,Abryanz Style and Fashion Awards 2018,Abryanz Style and Fashion Awards 2018,1,0,36.3,award ceremony,1,country_wd
Q6079935,Ishaka Adventist Hospital,Ishaka Adventist Hospital,1,0,36.3,hospital,1,country_wd
Q60846288,Our Lady of Victory Abbey,,1,0,36.3,Trappist monastery,1,country_wd
Q60960567,Nicholas Okwir,Nicholas Okwir,1,0,36.3,human,2,birth_death_wd|citizenship_wd
Q61014536,Nkonge Solar Power Station,Nkonge Solar Power Station,1,0,36.3,photovoltaic power station,1,country_wd
Q6110703,Jachan Mandir Omach,Jachan Mandir Omach,1,0,36.3,human,1,citizenship_wd
Q61241012,Ugandans,,1,0,36.3,human population,2,citizenship_wd|country_wd
Q61438585,Kigo,"Kigo, Uganda",1,0,36.3,human settlement,2,country_wd|keyword_title
Q61438898,Nabbingo,Nabbingo,1,0,36.3,human settlement,1,country_wd
Q61439268,Mbale Regional Cancer Centre,Mbale Regional Cancer Centre,1,0,36.3,built structure,1,country_wd
Q61439271,Gulu Regional Cancer Centre,Gulu Regional Cancer Centre,1,0,36.3,built structure,1,country_wd
Q61659745,Kenneth Ocen Obwot,Kenneth Ocen Obwot,1,0,36.3,human,2,birth_death_wd|citizenship_wd
Q61896466,Karuma–Juba High Voltage Power Line,Karuma–Juba High Voltage Power Line,1,0,36.3,overhead power line,1,country_wd
Q61932776,Private Sector Foundation Uganda,Private Sector Foundation Uganda,1,0,36.3,organization,2,country_wd|keyword_title
Q61934134,Uganda Association of Women Lawyers,Uganda Association of Women Lawyers (FIDA-U),1,0,36.3,"nonprofit organization, women's organization",2,country_wd|keyword_title
Q62023488,Sanga Island,,1,0,36.3,island,1,country_wd
Q62129062,Ivan Magomu,Ivan Magomu,1,0,36.3,human,1,citizenship_wd
Q62396169,Scovia Ayikoru,,1,0,36.3,human,1,birth_death_wd
Q62481250,Buganda Road Primary School,Buganda Road Primary School,1,0,36.3,primary school,2,country_wd|keyword_title
Q62592153,Chris Mukiza,Chris Mukiza,1,0,36.3,human,2,birth_death_wd|citizenship_wd
Q62629775,Peninnah Tukamwesiga,Peninnah Tukamwesiga,1,0,36.3,human,2,birth_death_wd|citizenship_wd
Q63022114,Francis Katamba,Francis Katamba,1,0,36.3,human,1,birth_death_wd
Q6309994,Julius Ocwinyo,Julius Ocwinyo,1,0,36.3,human,2,birth_death_wd|citizenship_wd
Q63101179,Jim Beesigye Owoyesigire,Jim Beesigye Owoyesigire,1,0,36.3,human,2,birth_death_wd|citizenship_wd
Q63197659,Ernest Obitre Gama,Ernest Obitre Gama,1,0,36.3,human,1,citizenship_wd
Q63253690,Ntungwe,,1,0,36.3,river,1,country_wd
Q63346719,Hoima–Kinyara–Kafu High Voltage Power Line,Hoima–Kinyara–Kafu High Voltage Power Line,1,0,36.3,high-voltage power line,1,country_wd
Q6346357,Kagando Hospital,Kagando Hospital,1,0,36.3,hospital,1,country_wd
Q6349473,Kakira Power Station,Kakira Thermal Power Station,1,0,36.3,"combined heat and power station, biomass-fired power station",1,country_wd
Q6350660,Kalapata sub-county,Kalapata sub-county,1,0,36.3,human settlement,1,country_wd
Q6351915,Kaleerwe,Kaleerwe,1,0,36.3,neighborhood,1,country_wd
Q6354247,Kalongo Hospital,Kalongo Hospital,1,0,36.3,hospital,1,country_wd
Q6359095,Kampala Associated Advocates,Kampala Associated Advocates,1,0,36.3,law firm,2,country_wd|keyword_title
Q6359102,Kampala Hill,Kampala Hill,1,0,36.3,neighborhood,2,country_wd|keyword_title
Q6359104,Kampala Hilton Hotel,The Pearl of Africa Hotel Kampala,1,0,36.3,hotel,2,country_wd|keyword_title
Q6359109,Kampala Intercontinental Hotel,Kampala Kingdom Hotel,1,0,36.3,hotel,2,country_wd|keyword_title
Q6359120,Kampala Northern Bypass Highway,Kampala Northern Bypass Highway,1,0,36.3,road,2,country_wd|keyword_title
Q6359840,Kamuli Hospital,Kamuli General Hospital,1,0,36.3,hospital,1,country_wd
Q6359842,Kamuli Mission Hospital,Kamuli Mission Hospital,1,0,36.3,hospital,1,country_wd
Q6359912,Kamwookya,Kamwookya,1,0,36.3,neighborhood,1,country_wd
Q6365673,Kanungu Power Station,Kanungu Hydroelectric Power Station,1,0,36.3,hydroelectric power station,1,country_wd
Q6366536,Kapedo sub-county,Kapedo sub-county,1,0,36.3,human settlement,1,country_wd
Q6370159,Karenga Community Wildlife Management Area,Karenga Community Wildlife Management Area,1,0,36.3,protected area,1,country_wd
Q6370160,Karenga sub-county,Karenga sub-county,1,0,36.3,human settlement,1,country_wd
Q6376620,Kathile sub-county,Kathile sub-county,1,0,36.3,human settlement,1,country_wd
Q6379411,Kawaala,Kawaala,1,0,36.3,neighborhood,2,country_wd|keyword_title
Q6379968,Kawempe,Kawempe,1,0,36.3,neighborhood,1,country_wd
Q63968038,Angola–Uganda relations,,1,0,36.3,bilateral relation,1,country_wd
Q63969588,Eritrea–Uganda relations,,1,0,36.3,bilateral relation,1,country_wd
Q63978549,Liechtenstein–Uganda relations,,1,0,36.3,bilateral relation,1,country_wd
Q63979111,Bolivia–Uganda relations,,1,0,36.3,bilateral relation,1,country_wd
Q63979630,Mozambique–Uganda relations,,1,0,36.3,bilateral relation,1,country_wd
Q63980321,Albania–Uganda relations,,1,0,36.3,bilateral relation,1,country_wd
Q63980665,Belgium–Uganda relations,,1,0,36.3,bilateral relation,1,country_wd
Q63981154,Ethiopia–Uganda relations,,1,0,36.3,bilateral relation,1,country_wd
Q63987119,Tajikistan–Uganda relations,,1,0,36.3,bilateral relation,1,country_wd
Q63990292,Romania–Uganda relations,,1,0,36.3,bilateral relation,1,country_wd
Q63991560,Argentina–Uganda relations,,1,0,36.3,bilateral relation,1,country_wd
Q63992806,Cyprus–Uganda relations,,1,0,36.3,bilateral relation,1,country_wd
Q63993332,Sierra Leone–Uganda relations,,1,0,36.3,bilateral relation,1,country_wd
Q63993897,Nepal–Uganda relations,,1,0,36.3,bilateral relation,1,country_wd
Q63994762,Liberia–Uganda relations,,1,0,36.3,bilateral relation,1,country_wd
Q63998124,Czech Republic–Uganda relations,,1,0,36.3,bilateral relation,1,country_wd
Q64004078,Myanmar–Uganda relations,,1,0,36.3,bilateral relation,1,country_wd
Q64010490,Amos Wekesa,Amos Wekesa,1,0,36.3,human,2,birth_death_wd|citizenship_wd
Q6403924,Kibaale Community Schools,Kibaale Community Schools,1,0,36.3,,1,country_wd
Q6404080,Kibuli,Kibuli,1,0,36.3,neighborhood,1,country_wd
Q6404090,Kibuye,"Kibuye, Uganda",1,0,36.3,neighborhood,2,country_wd|keyword_title
Q6405936,Kigezi sub-region,Kigezi sub-region,1,0,36.3,sub-region of Uganda,1,country_wd
Q6405968,Kigoowa,Kigoowa,1,0,36.3,neighborhood,1,country_wd
Q6406198,Kikaaya,Kikaaya,1,0,36.3,neighborhood,1,country_wd
Q6406203,Kikagati Power Station,Kikagati Hydroelectric Power Station,1,0,36.3,hydroelectric power station,1,country_wd
Q64138407,Saudi Arabia–Uganda relations,,1,0,36.3,bilateral relation,1,country_wd
Q64141263,Uganda–Zimbabwe relations,,1,0,36.3,bilateral relation,1,country_wd
Q6414271,Kinshasa Highway,Kinshasa Highway,1,0,36.3,road,1,country_wd
Q6414458,Kinyara Power Station,Kinyara Thermal Power Station,1,0,36.3,"combined heat and power station, biomass-fired power station",1,country_wd
Q6414460,Kinyara Sugar Works Limited,Kinyara Sugar Works Limited,1,0,36.3,business,1,country_wd
Q64148152,Palau–Uganda relations,,1,0,36.3,bilateral relation,1,country_wd
Q64148710,Mali–Uganda relations,,1,0,36.3,bilateral relation,1,country_wd
Q64149093,Nigeria–Uganda relations,,1,0,36.3,bilateral relation,1,country_wd
Q64151807,Uganda–Yemen relations,,1,0,36.3,bilateral relation,1,country_wd
Q64152427,Uganda–Vanuatu relations,,1,0,36.3,bilateral relation,1,country_wd
Q64152806,Gabon–Uganda relations,,1,0,36.3,bilateral relation,1,country_wd
Q64153224,Panama–Uganda relations,,1,0,36.3,bilateral relation,1,country_wd
Q64153608,Cuba–Uganda relations,,1,0,36.3,bilateral relation,1,country_wd
Q64154249,Georgia–Uganda relations,,1,0,36.3,bilateral relation,1,country_wd
Q64156860,Tunisia–Uganda relations,,1,0,36.3,bilateral relation,1,country_wd
Q64157174,North Korea–Uganda relations,,1,0,36.3,bilateral relation,1,country_wd
Q64160637,Nauru–Uganda relations,,1,0,36.3,bilateral relation,1,country_wd
Q6416374,Kisaasi,Kisaasi,1,0,36.3,neighborhood,1,country_wd
Q6416720,Kisiizi Power Station,Kisiizi Hydroelectric Power Station,1,0,36.3,hydroelectric power station,1,country_wd
Q64169446,Uganda–Zambia relations,,1,0,36.3,bilateral relation,1,country_wd
Q64172910,Fiji–Uganda relations,,1,0,36.3,bilateral relation,1,country_wd
Q64174037,Marshall Islands–Uganda relations,,1,0,36.3,bilateral relation,1,country_wd
Q64176294,Sudan–Uganda relations,,1,0,36.3,bilateral relation,1,country_wd
Q64176668,Kuwait–Uganda relations,,1,0,36.3,bilateral relation,1,country_wd
Q64180576,Republic of the Congo–Uganda relations,,1,0,36.3,bilateral relation,1,country_wd
Q6418216,Kitikifumba,Kitikifumba,1,0,36.3,human settlement,1,country_wd
Q6418278,Kitojo Hospital,Kitojo Hospital,1,0,36.3,hospital,1,country_wd
Q6418640,Kitukutwe,Kitukutwe,1,0,36.3,human settlement,1,country_wd
Q64186747,Dominican Republic–Uganda relations,,1,0,36.3,bilateral relation,1,country_wd
Q6418842,Kiwaatule,Kiwaatule,1,0,36.3,"neighborhood, human settlement",1,country_wd
Q6418933,Kiwoko,Kiwoko,1,0,36.3,human settlement,1,country_wd
Q6418934,Kiwoko Hospital,Kiwoko Hospital,1,0,36.3,hospital,1,country_wd
Q64194532,Grenada–Uganda relations,,1,0,36.3,bilateral relation,1,country_wd
Q64204592,Costa Rica–Uganda relations,,1,0,36.3,bilateral relation,1,country_wd
Q6426498,Kojo Nana Obiri-Yeboah,Kojo Nana Obiri-Yeboah,1,0,36.3,human,1,citizenship_wd
Q6430555,Kooki,Kooki,1,0,36.3,kingdom,1,country_wd
Q6442775,Kulambiro,Kulambiro,1,0,36.3,neighborhood,1,country_wd
Q6450632,Kyabazinga of Busoga,Kyabazinga of Busoga,1,0,36.3,noble title,2,country_wd|keyword_title
Q6450651,Kyagalanyi Coffee Limited,Kyagalanyi Coffee Limited,1,0,36.3,business,1,country_wd
Q6450894,Kyebando,Kyebando,1,0,36.3,neighborhood,1,country_wd
Q64747733,Yusuf Gowon,Yusuf Gowon,1,0,36.3,human,1,citizenship_wd
Q64748284,James Birungi,James Birungi,1,0,36.3,human,2,birth_death_wd|citizenship_wd
Q64755718,Katete,Katete (Uganda),1,0,36.3,village,2,country_wd|keyword_title
Q64781736,Ivan Massa,,1,0,36.3,human,2,birth_death_wd|citizenship_wd
Q6478264,Lake Victoria Serena Resort,Lake Victoria Serena Resort,1,0,36.3,hotel,1,country_wd
Q64918753,Armenia–Uganda relations,,1,0,36.3,bilateral relation,1,country_wd
Q64918953,Honduras–Uganda relations,,1,0,36.3,bilateral relation,1,country_wd
Q64919130,Eswatini–Uganda relations,,1,0,36.3,bilateral relation,1,country_wd
Q64919359,Ecuador–Uganda relations,,1,0,36.3,bilateral relation,1,country_wd
Q64919801,Lesotho–Uganda relations,,1,0,36.3,bilateral relation,1,country_wd
Q64920197,Botswana–Uganda relations,,1,0,36.3,bilateral relation,1,country_wd
Q64920571,Singapore–Uganda relations,,1,0,36.3,bilateral relation,1,country_wd
Q64920788,Latvia–Uganda relations,,1,0,36.3,bilateral relation,1,country_wd
Q64921190,Guyana–Uganda relations,,1,0,36.3,bilateral relation,1,country_wd
Q64921758,Slovenia–Uganda relations,,1,0,36.3,bilateral relation,1,country_wd
Q64922294,Central African Republic–Uganda relations,,1,0,36.3,bilateral relation,1,country_wd
Q64923647,Federated States of Micronesia–Uganda relations,,1,0,36.3,bilateral relation,1,country_wd
Q64924205,Laos–Uganda relations,,1,0,36.3,bilateral relation,1,country_wd
Q64924930,Slovakia–Uganda relations,,1,0,36.3,bilateral relation,1,country_wd
Q64925399,Estonia–Uganda relations,,1,0,36.3,bilateral relation,1,country_wd
Q64925954,Burundi–Uganda relations,,1,0,36.3,bilateral relation,1,country_wd
Q64926437,Bahrain–Uganda relations,,1,0,36.3,bilateral relation,1,country_wd
Q64926440,Lebanon–Uganda relations,,1,0,36.3,bilateral relation,1,country_wd
Q64926446,Syria–Uganda relations,,1,0,36.3,bilateral relation,1,country_wd
Q64926452,Guinea–Uganda relations,,1,0,36.3,bilateral relation,1,country_wd
Q64926454,Finland–Uganda relations,,1,0,36.3,bilateral relation,1,country_wd
Q64926456,Senegal–Uganda relations,,1,0,36.3,bilateral relation,1,country_wd
Q64926461,Cambodia–Uganda relations,,1,0,36.3,bilateral relation,1,country_wd
Q64926472,Belize–Uganda relations,,1,0,36.3,bilateral relation,1,country_wd
Q64926475,Iceland–Uganda relations,,1,0,36.3,bilateral relation,1,country_wd
Q64926490,Peru–Uganda relations,,1,0,36.3,bilateral relation,1,country_wd
Q64926492,Bosnia and Herzegovina–Uganda relations,,1,0,36.3,bilateral relation,1,country_wd
Q64926497,Tuvalu–Uganda relations,,1,0,36.3,bilateral relation,1,country_wd
Q64926501,Ghana–Uganda relations,,1,0,36.3,bilateral relation,1,country_wd
Q64926503,Niger–Uganda relations,,1,0,36.3,bilateral relation,1,country_wd
Q64926510,Mongolia–Uganda relations,,1,0,36.3,bilateral relation,1,country_wd
Q64926526,Croatia–Uganda relations,,1,0,36.3,bilateral relation,1,country_wd
Q64926532,Iraq–Uganda relations,,1,0,36.3,bilateral relation,1,country_wd
Q64926534,Qatar–Uganda relations,,1,0,36.3,bilateral relation,1,country_wd
Q64926536,Pakistan–Uganda relations,,1,0,36.3,bilateral relation,1,country_wd
Q64926539,Jamaica–Uganda relations,,1,0,36.3,bilateral relation,1,country_wd
Q64926542,Morocco–Uganda relations,,1,0,36.3,bilateral relation,1,country_wd
Q64926558,Guatemala–Uganda relations,,1,0,36.3,bilateral relation,1,country_wd
Q64926563,Moldova–Uganda relations,,1,0,36.3,bilateral relation,1,country_wd
Q64926566,Sri Lanka–Uganda relations,,1,0,36.3,bilateral relation,1,country_wd
Q64926568,Egypt–Uganda relations,,1,0,36.3,bilateral relation,1,country_wd
Q64926572,Mauritania–Uganda relations,,1,0,36.3,bilateral relation,1,country_wd
Q64926586,South Africa–Uganda relations,,1,0,36.3,bilateral relation,1,country_wd
Q64926596,Austria–Uganda relations,,1,0,36.3,bilateral relation,1,country_wd
Q64926599,Norway–Uganda relations,,1,0,36.3,bilateral relation,1,country_wd
Q64926613,Luxembourg–Uganda relations,,1,0,36.3,bilateral relation,1,country_wd
Q64926616,Ireland–Uganda relations,,1,0,36.3,bilateral relation,1,country_wd
Q64926626,New Zealand–Uganda relations,,1,0,36.3,bilateral relation,1,country_wd
Q64926638,Bhutan–Uganda relations,,1,0,36.3,bilateral relation,1,country_wd
Q64926640,Kiribati–Uganda relations,,1,0,36.3,bilateral relation,1,country_wd
Q64926645,Samoa–Uganda relations,,1,0,36.3,bilateral relation,1,country_wd
Q64926657,Libya–Uganda relations,,1,0,36.3,bilateral relation,1,country_wd
Q64926661,Somalia–Uganda relations,,1,0,36.3,bilateral relation,1,country_wd
Q64926668,Bulgaria–Uganda relations,,1,0,36.3,bilateral relation,1,country_wd
Q64926687,Djibouti–Uganda relations,,1,0,36.3,bilateral relation,1,country_wd
Q64926701,Kyrgyzstan–Uganda relations,,1,0,36.3,bilateral relation,1,country_wd
Q64926702,Madagascar–Uganda relations,,1,0,36.3,bilateral relation,1,country_wd
Q64926704,Barbados–Uganda relations,,1,0,36.3,bilateral relation,1,country_wd
Q64926705,Iran–Uganda relations,,1,0,36.3,bilateral relation,1,country_wd
Q64926726,Philippines–Uganda relations,,1,0,36.3,bilateral relation,1,country_wd
Q64926744,Oman–Uganda relations,,1,0,36.3,bilateral relation,1,country_wd
Q64926754,Afghanistan–Uganda relations,,1,0,36.3,bilateral relation,1,country_wd
Q64926758,Suriname–Uganda relations,,1,0,36.3,bilateral relation,1,country_wd
Q64926765,Benin–Uganda relations,,1,0,36.3,bilateral relation,1,country_wd
Q64926770,Sweden–Uganda relations,,1,0,36.3,bilateral relation,1,country_wd
Q64926781,Namibia–Uganda relations,,1,0,36.3,bilateral relation,1,country_wd
Q64926785,Dominica–Uganda relations,,1,0,36.3,bilateral relation,1,country_wd
Q64926794,Chad–Uganda relations,,1,0,36.3,bilateral relation,1,country_wd
Q64926801,Malta–Uganda relations,,1,0,36.3,bilateral relation,1,country_wd
Q64926809,Jordan–Uganda relations,,1,0,36.3,bilateral relation,1,country_wd
Q64926814,Andorra–Uganda relations,,1,0,36.3,bilateral relation,1,country_wd
Q64926839,North Macedonia–Uganda relations,,1,0,36.3,bilateral relation,1,country_wd
Q64926854,Maldives–Uganda relations,,1,0,36.3,bilateral relation,1,country_wd
Q64926866,Seychelles–Uganda relations,,1,0,36.3,bilateral relation,1,country_wd
Q64926868,Nicaragua–Uganda relations,,1,0,36.3,bilateral relation,1,country_wd
Q64926883,Hungary–Uganda relations,,1,0,36.3,bilateral relation,1,country_wd
Q64926896,Colombia–Uganda relations,,1,0,36.3,bilateral relation,1,country_wd
Q64926912,Mauritius–Uganda relations,,1,0,36.3,bilateral relation,1,country_wd
Q64926943,Bahamas–Uganda relations,,1,0,36.3,bilateral relation,1,country_wd
Q64930760,Cameroon–Uganda relations,,1,0,36.3,bilateral relation,1,country_wd
Q65013902,Ndeezi Alex,,1,0,36.3,human,1,citizenship_wd
Q65040874,Karugutu,"Karugutu, Uganda",1,0,36.3,human settlement,2,country_wd|keyword_title
Q65041761,Legal practice in Uganda,Legal practice in Uganda,1,0,36.3,,2,country_wd|keyword_title
Q65043493,Uganda Specialized Nursing University,Uganda Specialized Nursing University,1,0,36.3,academic institution,2,country_wd|keyword_title
Q65044670,2019 Ugandan landslide,2019 Ugandan landslide,1,0,36.3,landslide,1,country_wd
Q65044888,Uganda Joint Medical Store,Uganda Joint Medical Store,1,0,36.3,,2,country_wd|keyword_title
Q65052298,NSSF Mbarara Complex,NSSF Mbarara Complex,1,0,36.3,building,1,country_wd
Q65056549,Mutolere,Mutolere,1,0,36.3,human settlement,1,country_wd
Q65056919,Busengo,"Busengo, Uganda",1,0,36.3,border city,2,country_wd|keyword_title
Q65057060,Naluwerere,Naluwerere,1,0,36.3,human settlement,1,country_wd
Q65059170,Uganda Land Commission,Uganda Land Commission,1,0,36.3,,2,country_wd|keyword_title
Q65062396,Kahunge,Kahunge,1,0,36.3,human settlement,1,country_wd
Q65063774,National Planning Authority of Uganda,National Planning Authority of Uganda,1,0,36.3,regulatory agency,2,country_wd|keyword_title
Q65065734,BRAC Uganda Bank Limited,BRAC Uganda Bank Limited,1,0,36.3,,2,country_wd|keyword_title
Q65065878,Fisheries Survey of Lake Victoria,Fisheries Survey of Lake Victoria,1,0,36.3,,1,country_wd
Q65066092,Battle of Karuma Falls,Battle of Karuma Falls,1,0,36.3,battle,1,country_wd
Q65066326,Kampala Hilton Garden Inn,Hilton Garden Inn Kampala,1,0,36.3,hotel,2,country_wd|keyword_title
Q65067317,Semliki Airstrip,Semliki Airstrip,1,0,36.3,"aerodrome, commercial traffic aerodrome",1,country_wd
Q65067556,Battle of Bombo,Battle of Bombo,1,0,36.3,battle,1,country_wd
Q65068993,Battle of Bondo,Battle of Bondo,1,0,36.3,battle,1,country_wd
Q65072528,Wairaka,"Wairaka, Uganda",1,0,36.3,human settlement,2,country_wd|keyword_title
Q65074492,Uganda Sugar Manufacturers' Association,Uganda Sugar Manufacturers' Association,1,0,36.3,organization,2,country_wd|keyword_title
Q65074904,Garuga,"Garuga, Uganda",1,0,36.3,human settlement,2,country_wd|keyword_title
Q65074984,Mbarara–Kisangani Road,Mbarara–Kisangani Road,1,0,36.3,road,1,country_wd
Q65077472,Battle of Lira,Battle of Lira,1,0,36.3,battle,1,country_wd
Q65082127,Kabale–Lake Bunyonyi Road,Kabale–Lake Bunyonyi Road,1,0,36.3,road,1,country_wd
Q65083753,Battle of Jinja,Battle of Jinja,1,0,36.3,battle,1,country_wd
Q65085173,Midsocbank,Midsocbank,1,0,36.3,,1,country_wd
Q65087052,Masindi–Biso Road,Masindi–Biso Road,1,0,36.3,road,1,country_wd
Q65121050,Kabuga Hill,Kabuga Hill,1,0,36.3,hill,1,country_wd
Q65121447,Lodonga,Lodonga,1,0,36.3,human settlement,1,country_wd
Q65200387,borders of Uganda,,1,0,36.3,"political border, international border",2,country_wd|part_of_wd
Q65245946,Lutheran Church of Uganda,,1,0,36.3,Christian Church,1,country_wd
Q65452070,Balubaale,,1,0,36.3,creator deity,1,country_wd
Q65452533,Ssekalowooleza Kayikuuzi,,1,0,36.3,human,1,citizenship_wd
Q65503040,Amirali Karmali,Amirali Karmali,1,0,36.3,human,2,birth_death_wd|citizenship_wd
Q6557580,Lira Hospital,Lira Hospital,1,0,36.3,hospital,1,country_wd
Q65589511,Juma Miiro,,1,0,36.3,human,1,citizenship_wd
Q65699339,Tororo Cemetery,,1,0,36.3,Commonwealth War Graves Commission maintained cemetery,1,country_wd
Q66023173,Uganda at the 2019 African Games,Uganda at the 2019 African Games,1,0,36.3,nation at sport competition,2,country_wd|keyword_title
Q6627093,list of mammals of Uganda,List of mammals of Uganda,1,0,36.3,Wikimedia list article,2,country_wd|keyword_title
Q6627869,list of medical schools in Uganda,List of medical schools in Uganda,1,0,36.3,Wikimedia list article,2,country_wd|keyword_title
Q6668886,Lolelia sub-county,Lolelia sub-county,1,0,36.3,human settlement,1,country_wd
Q6678858,Lord's Resistance Army insurgency,Lord's Resistance Army insurgency (1987–1994),1,0,36.3,,1,country_wd
Q6694624,Loyoro,"Loyoro, Uganda",1,0,36.3,human settlement,2,country_wd|keyword_title
Q6699714,Luganda Society,Luganda Society,1,0,36.3,voluntary association,1,country_wd
Q6704348,Lungujja,Lungujja,1,0,36.3,neighborhood,1,country_wd
Q6705208,Lusoga Language Authority,Lusoga Language Authority,1,0,36.3,,1,country_wd
Q67151586,Ugandan Knuckles,Ugandan Knuckles,1,0,36.3,"comics character, video game character, internet meme",1,citizenship_wd
Q6719899,MV Pemba,MV Pemba,1,0,36.3,train ferry,1,country_wd
Q6727579,Madhvani Group,Madhvani Group,1,0,36.3,business,1,country_wd
Q67510915,Speke Monument (Uganda),,1,0,36.3,"obelisk, monument, memorial",1,country_wd
Q67512734,Uganda Bookshop,,1,0,36.3,shop,1,country_wd
Q67513144,Komuge rock art site,,1,0,36.3,prehistoric archaeological site,1,country_wd
Q67513871,CHOGM Monument,,1,0,36.3,monument,1,country_wd
Q67516315,Entebbe Cinema Hall,,1,0,36.3,building,1,country_wd
Q67756415,Father Aloysius Ngobya Memorial,,1,0,36.3,tomb,1,country_wd
Q6782422,Masaka Hospital,Masaka Regional Referral Hospital,1,0,36.3,hospital,1,country_wd
Q6783286,Masindi Hotel,Masindi Hotel,1,0,36.3,hotel,1,country_wd
Q6786624,maternal health in Uganda,Maternal health in Uganda,1,0,36.3,aspect in a geographic region,2,country_wd|keyword_title
Q6786914,Matheniko Wildlife Reserve,Matheniko Wildlife Reserve,1,0,36.3,wildlife reserve,1,country_wd
Q67912258,Shree Sanatan Dhama Mandal temple,,1,0,36.3,temple,1,country_wd
Q6791958,Matugga-Kapeeka Road,Matugga–Kapeeka Road,1,0,36.3,road,1,country_wd
Q6799627,Mbarara-Kikagati Road,Mbarara–Kikagati Road,1,0,36.3,road,1,country_wd
Q6857645,military history of Uganda,Military history of Uganda,1,0,36.3,,2,country_wd|keyword_title
Q6862814,Minakulu County,Minakulu,1,0,36.3,county of Uganda,1,country_wd
Q6867106,Ministry of Health Building,Ministry of Health Uganda Headquarters,1,0,36.3,built structure,1,country_wd
Q6867594,"Ministry of Trade, Industry and Cooperatives","Ministry of Trade, Industry and Cooperatives (Uganda)",1,0,36.3,ministry,2,country_wd|keyword_title
Q68789223,Muzinga Square,,1,0,36.3,"artillery, monument",1,country_wd
Q6915834,Moses Kalanzi,,1,0,36.3,human,2,birth_death_wd|citizenship_wd
Q6926595,Movement House,Movement House,1,0,36.3,built structure,1,country_wd
Q6928210,Mpanga,Mpanga,1,0,36.3,human settlement,1,country_wd
Q6928242,Mpererwe,Mpererwe,1,0,36.3,neighborhood,1,country_wd
Q6930885,Mubende Hospital,Mubende Hospital,1,0,36.3,hospital,1,country_wd
Q6933682,Mukwano Group,Mukwano Group,1,0,36.3,business,1,country_wd
Q6933715,Mulago,Mulago,1,0,36.3,hill,2,country_wd|keyword_title
Q6944234,Mutundwe,Mutundwe,1,0,36.3,neighborhood,1,country_wd
Q6954249,NIAAD,NIAAD,1,0,36.3,,1,country_wd
Q6956533,Naalya,Naalya,1,0,36.3,human settlement,1,country_wd
Q6957748,Nadiket seminary,"St. Mary's Seminary, Nadiket",1,0,36.3,Catholic seminary,1,country_wd
Q6958373,Nagalama,Nagalama,1,0,36.3,human settlement,1,country_wd
Q6959082,Naguru,"Naguru, Uganda",1,0,36.3,geographical feature,2,country_wd|keyword_title
Q6959083,Naguru General Hospital,Naguru General Hospital,1,0,36.3,hospital,1,country_wd
Q6960008,Najjanankumbi,Najjanankumbi,1,0,36.3,neighborhood,1,country_wd
Q6960009,Najjera,Najjera,1,0,36.3,human settlement,1,country_wd
Q6960313,Nakaseke Hospital,Nakaseke General Hospital,1,0,36.3,hospital,1,country_wd
Q6960364,Nakawa,Nakawa,1,0,36.3,neighborhood,1,country_wd
Q6960368,Nakawa Division,Nakawa Division,1,0,36.3,administrative territorial entity,1,country_wd
Q6961293,Namanve Thermal Power Station,Namanve Thermal Power Station,1,0,36.3,oil-fired power station,1,country_wd
Q6961898,Namirembe Hill Side High School,Namirembe Hill Side High School,1,0,36.3,secondary school,1,country_wd
Q6962122,Namungoona,Namungoona,1,0,36.3,neighborhood,1,country_wd
Q6962138,Namuwongo,Namuwongo,1,0,36.3,neighborhood,1,country_wd
Q6970895,National Bank of Commerce,National Bank of Commerce (Uganda),1,0,36.3,business,2,country_wd|keyword_title
Q6971097,National Book Trust of Uganda,National Book Trust of Uganda,1,0,36.3,organization,2,country_wd|keyword_title
Q6973428,National Housing and Construction Company,National Housing and Construction Company,1,0,36.3,business,1,country_wd
Q6973781,National Insurance Corporation,National Insurance Corporation,1,0,36.3,"business, enterprise",1,country_wd
Q6983724,Ndejje,Ndejje,1,0,36.3,human settlement,1,country_wd
Q70348636,Muzamiru Kibeedi Mutangula,Muzamiru Kibeedi Mutangula,1,0,36.3,human,2,birth_death_wd|citizenship_wd
Q7041563,Rukiga,,1,0,36.3,city,1,country_wd
Q7067544,Nsambya,Nsambya,1,0,36.3,neighborhood,1,country_wd
Q7067545,Nsambya Home Care,Nsambya Home Care,1,0,36.3,,1,country_wd
Q7067548,Nsangi,Nsangi,1,0,36.3,human settlement,1,country_wd
Q7067550,Nsasa,Nsasa,1,0,36.3,human settlement,1,country_wd
Q7070790,Nyagak Power Station,Nyagak Hydroelectric Power Station,1,0,36.3,"dam, hydroelectric power station",1,country_wd
Q7071349,Nzizi Power Station,Nzizi Thermal Power Station,1,0,36.3,natural gas-fired power station,1,country_wd
Q7075611,Obwera,Obwera,1,0,36.3,,1,country_wd
Q7090792,Omugabe,Omugabe,1,0,36.3,noble title,1,country_wd
Q7098598,Opportunity Uganda Limited,Opportunity Bank Uganda Limited,1,0,36.3,business,2,country_wd|keyword_title
Q7099208,Oraba,Oraba,1,0,36.3,"human settlement, border city",1,country_wd
Q7112498,outline of Uganda,Outline of Uganda,1,0,36.3,Wikimedia outline article,2,country_wd|keyword_title
Q7120908,PS Speke,PS Speke,1,0,36.3,ship,1,country_wd
Q7121526,Pabbo,Pabbo,1,0,36.3,human settlement,1,country_wd
Q71315164,Patrick Kawuma,Patrick Kawuma,1,0,36.3,human,1,citizenship_wd
Q7135482,Paranga,"Paranga, Uganda",1,0,36.3,town,2,country_wd|keyword_title
Q7158032,Pearl Air Services,,1,0,36.3,airline,1,country_wd
Q7164761,Pension Towers,Pension Towers,1,0,36.3,built structure,1,country_wd
Q7167923,Perezi Kamunanwire,Perezi Kamunanwire,1,0,36.3,human,2,birth_death_wd|citizenship_wd
Q71728124,Second Obote Cabinet,,1,0,36.3,Cabinet of Uganda,2,country_wd|part_of_wd
Q7226395,polygamy in Uganda,Polygamy in Uganda,1,0,36.3,aspect in a geographic region,2,country_wd|keyword_title
Q7233607,PostBank Uganda,Pearl Bank,1,0,36.3,business,2,country_wd|keyword_title
Q7268724,Quality Chemical Industries Limited,Quality Chemical Industries Limited,1,0,36.3,business,1,country_wd
Q7284308,Railway stations in Uganda,Railway stations in Uganda,1,0,36.3,Wikimedia list article,2,country_wd|keyword_title
Q7284651,Rainbow International School,Rainbow International School,1,0,36.3,boarding school,1,country_wd
Q7366148,Roofings Limited,Roofings Group,1,0,36.3,business,1,country_wd
Q7380186,Rupa gold mine,Rupa gold mine,1,0,36.3,mine,1,country_wd
Q7380469,Rural Agency for Sustainable Development,Rural Agency for Sustainable Development,1,0,36.3,,1,country_wd
Q7383717,Rwakitura,Rwakitura,1,0,36.3,human settlement,1,country_wd
Q7418059,Sango Bay Estates Limited,Sango Bay Estates Limited,1,0,36.3,business,1,country_wd
Q7438495,Scouting and Guiding in Uganda,Scouting and Guiding in Uganda,1,0,36.3,aspect in a geographic region,2,country_wd|keyword_title
Q7509455,Sidok sub-county,Sidok sub-county,1,0,36.3,human settlement,1,country_wd
Q7516610,Silver upholders,,1,0,36.3,organization,1,country_wd
Q7550624,Social Democrats of Uganda,Social Democrats of Uganda,1,0,36.3,political party,2,country_wd|keyword_title
Q7563658,Soroti Hospital,Soroti Hospital,1,0,36.3,hospital,1,country_wd
Q7579789,Sports TV Uganda Limited,Sports TV Uganda Limited,1,0,36.3,,2,country_wd|keyword_title
Q7588327,St. Henry's College Kitovu,St. Henry's College Kitovu,1,0,36.3,boarding school,1,country_wd
Q7592215,StGiNU,StGiNU,1,0,36.3,,1,country_wd
Q7598202,Standard Chartered Uganda,Standard Chartered Uganda,1,0,36.3,business,2,country_wd|keyword_title
Q7604065,Statewide Insurance Company,Statewide Insurance Company,1,0,36.3,business,1,country_wd
Q7630601,sub-county of Uganda,Sub-counties of Uganda,1,0,36.3,,2,country_wd|keyword_title
Q7675881,Taibah College School,Taibah College School,1,0,36.3,boarding school,1,country_wd
Q7685155,Tara Subcounty,Tara Subcounty,1,0,36.3,,1,country_wd
Q7696696,Telephone numbers in Uganda,Telephone numbers in Uganda,1,0,36.3,telephone numbering plan,2,country_wd|keyword_title
Q7771039,Uganda Buddhist Centre,The Uganda Buddhist Centre,1,0,36.3,vihāra,2,country_wd|keyword_title
Q77869778,Deborah Odong,,1,0,36.3,human,1,citizenship_wd
Q78047411,Abryanz Style and Fashion Awards 2019,Abryanz Style and Fashion Awards 2019,1,0,36.3,award ceremony,1,country_wd
Q7805777,timeline of Kampala history,Timeline of Kampala,1,0,36.3,Wikimedia timeline,2,country_wd|keyword_title
Q7826175,Tooro sub-region,Tooro sub-region,1,0,36.3,sub-region of Uganda,1,country_wd
Q7826697,Tororo Priory,Tororo Priory,1,0,36.3,monastery,1,country_wd
Q7845759,Tropical Bank,Tropical Bank,1,0,36.3,business,1,country_wd
Q7856754,Tushar Makwana,Tushar Makwana,1,0,36.3,human,2,birth_death_wd|citizenship_wd
Q7864511,Uganda Freight Forwarders Association,Uganda Freight Forwarders Association,1,0,36.3,association,2,country_wd|keyword_title
Q7864601,UGAFODE Microfinance Limited,UGAFODE Microfinance Limited,1,0,36.3,business,1,country_wd
Q7865449,uNight,UNight,1,0,36.3,,1,country_wd
Q7877585,Uganda Certificate of Education,Uganda Certificate of Education,1,0,36.3,"school, document, academic degree",3,country_wd|keyword_title|part_of_wd
Q7877587,Uganda Commercial Bank,Uganda Commercial Bank,1,0,36.3,"bank, business",2,country_wd|keyword_title
Q7877594,Uganda Export Promotion Board,Uganda Export Promotion Board,1,0,36.3,government agency,2,country_wd|keyword_title
Q7877595,Uganda Finance Trust Limited,Finance Trust Bank,1,0,36.3,business,2,country_wd|keyword_title
Q7877599,Uganda Independence Medal,Uganda Independence Medal,1,0,36.3,award,2,country_wd|keyword_title
Q7877600,Uganda Insurance Commission,Uganda Insurance Commission,1,0,36.3,,1,country_wd
Q7877603,Uganda Landmine Survivors Association,Uganda Landmine Survivors Association,1,0,36.3,,2,country_wd|keyword_title
Q7877626,Uganda Program on Cancer and Infectious Diseases,Uganda Program on Cancer and Infectious Diseases,1,0,36.3,,1,country_wd
Q7877637,Uganda YMCA,Uganda YMCA,1,0,36.3,,2,country_wd|keyword_title
Q7877646,Uganda at the 1994 Commonwealth Games,Uganda at the 1994 Commonwealth Games,1,0,36.3,nation at sport competition,2,country_wd|keyword_title
Q7877650,Uganda at the 2002 Commonwealth Games,Uganda at the 2002 Commonwealth Games,1,0,36.3,nation at sport competition,2,country_wd|keyword_title
Q7877652,Uganda at the 2006 Commonwealth Games,Uganda at the 2006 Commonwealth Games,1,0,36.3,nation at sport competition,2,country_wd|keyword_title
Q7877659,Uganda cricket team in Bermuda in 2009,Uganda cricket team in Bermuda in 2009,1,0,36.3,sports season,1,country_wd
Q7877666,Uganda space program,Ugandan space initiatives,1,0,36.3,space program,2,country_wd|keyword_title
Q7877678,Ugandan booby trap,Ugandan booby trap,1,0,36.3,,2,country_wd|keyword_title
Q7877691,Ugandan nationalism,Ugandan nationalism,1,0,36.3,political ideology,1,country_wd
Q7887506,United Bank for Africa,United Bank for Africa Uganda Limited,1,0,36.3,business,2,country_wd|keyword_title
Q7933160,Violent Crime Crack Unit of Uganda,Violent Crime Crack Unit of Uganda,1,0,36.3,,2,country_wd|keyword_title
Q79859730,1986 in Uganda,,1,0,36.3,events in a specific year or time period,1,country_wd
Q7994138,Whitaker scandal,Whitaker scandal,1,0,36.3,,1,country_wd
Q8017966,William S. Kalema,William S. Kalema,1,0,36.3,human,2,birth_death_wd|citizenship_wd
Q8065519,Zalmai Araa,,1,0,36.3,human,1,birth_death_wd
Q83688343,Joseph Kaddu Kutfesa,Joseph Kaddu Kutfesa,1,0,36.3,human,1,citizenship_wd
Q84507497,Patrick R. Rubaihayo,Patrick Rubaihayo,1,0,36.3,human,2,birth_death_wd|citizenship_wd
Q85749511,Bunagana–Rutshuru Road,Bunagana–Rutshuru–Goma Road,1,0,36.3,road,1,country_wd
Q85763958,Goli–Bunia Road,Goli–Mahagi–Bunia Road,1,0,36.3,road,1,country_wd
Q85783368,Makerere University Teaching Hospital,Makerere University Teaching Hospital,1,0,36.3,university hospital,1,country_wd
Q85784465,Mayanja Memorial Hospital,Mayanja Memorial Hospital,1,0,36.3,hospital,1,country_wd
Q85789956,Ntara,Ntara,1,0,36.3,human settlement,1,country_wd
Q85805400,Team University,Team University,1,0,36.3,university,1,country_wd
Q85810055,Tondeka Metro Bus Service,Tondeka Metro Bus Service,1,0,36.3,bus company,1,country_wd
Q85810378,trade unions in Uganda,Trade unions in Uganda,1,0,36.3,aspect in a geographic region,2,country_wd|keyword_title
Q85811750,Uganda Road Fund,Uganda Road Fund,1,0,36.3,,2,country_wd|keyword_title
Q85845970,Fun Factory Uganda,Fun Factory Uganda,1,0,36.3,business,2,country_wd|keyword_title
Q85852330,Uganda and the World Bank,Uganda and the World Bank,1,0,36.3,,2,country_wd|keyword_title
Q85875050,Macuenda,,1,0,36.3,human,1,birth_death_wd
Q85875771,Mucassa,,1,0,36.3,human,1,birth_death_wd
Q860230,Charles Masembe,,1,0,36.3,human,1,citizenship_wd
Q86752717,Mulawa,"Mulawa, Uganda",1,0,36.3,human settlement,2,country_wd|keyword_title
Q86754401,Buwalasi Theological College,Buwalasi Theological College,1,0,36.3,,1,country_wd
Q86756725,Buhugu,Buhugu,1,0,36.3,human settlement,1,country_wd
Q88265298,Evaristo Muyinda,,1,0,36.3,human,1,birth_death_wd
Q9147089,Alex Cherop,,1,0,36.3,human,1,citizenship_wd
Q9286301,Happy Mary Bacia,,1,0,36.3,human,1,citizenship_wd
Q9396155,Jehovah's Witnesses in Uganda,,1,0,36.3,Jehovah's Witnesses of an area,1,country_wd
Q96195087,Drake Muyodi,,1,0,36.3,human,1,citizenship_wd
Q96210199,Uganda at the 2019 Summer Universiade,Uganda at the 2019 Summer Universiade,1,0,36.3,nation at sport competition,2,country_wd|keyword_title
Q96379090,Ganyenda,Ganyenda,1,0,36.3,human settlement,1,country_wd
Q96385269,Kamwenge Subcounty,Kamwenge Subcounty,1,0,36.3,,1,country_wd
Q96385546,Kayunga–Busaana–Nabuganyi Road,Kayunga–Busaana–Nabuganyi Road,1,0,36.3,road,1,country_wd
Q96386489,Kyabandara,Kyabandara,1,0,36.3,,1,country_wd
Q96394501,Mvara Secondary School,Mvara Secondary School,1,0,36.3,school,1,country_wd
Q96395932,Nkongoro,Nkongoro,1,0,36.3,parish of Uganda,1,country_wd
Q96395935,Nkumba,Nkumba,1,0,36.3,urban area,1,country_wd
Q96404816,"Saints Andrew and Philip Cathedral, Mukono","Saints Andrew and Philip Cathedral, Mukono",1,0,36.3,,1,country_wd
Q96404940,Sango Bay forests,Sango Bay forests,1,0,36.3,,1,country_wd
Q96406340,St. Joseph’s College Ombaci,"St. Joseph's College, Ombaci",1,0,36.3,,1,country_wd
Q96406374,"St Andrew's Cathedral, Namukozi","St Andrew's Cathedral, Namukozi",1,0,36.3,,1,country_wd
Q96411805,UCU Canons,UCU Canons,1,0,36.3,"basketball team, basketball club",1,country_wd
Q96412038,Uganda Film Festival Award for Best Actor in a Television Drama,Uganda Film Festival Award for Best Actor in a Television Drama,1,0,36.3,class of award,2,country_wd|keyword_title
Q96412063,Bernhard Perceval von Wattenwyl,,1,0,36.3,human,1,birth_death_wd
Q96412120,Uganda at the 2003 All-Africa Games,Uganda at the 2003 All-Africa Games,1,0,36.3,nation at sport competition,2,country_wd|keyword_title
Q96412124,Uganda at the 2007 All-Africa Games,Uganda at the 2007 All-Africa Games,1,0,36.3,nation at sport competition,2,country_wd|keyword_title
Q96415694,Xsabo Lira Solarline,Xsabo Lira Solarline,1,0,36.3,photovoltaic power station,1,country_wd
Q96481416,Shanita Namuyimba,,1,0,36.3,human,2,birth_death_wd|citizenship_wd
Q96633783,Success and Failure Based on Reason and Reality,Success and Failure Based on Reason and Reality,1,0,36.3,literary work,1,country_wd
Q96782752,Ivan Bwowe,Ivan Bwowe,1,0,36.3,human,2,birth_death_wd|citizenship_wd
Q97177552,Atiak–Laropi Road,Atiak–Laropi Road,1,0,36.3,road,1,country_wd
Q97277431,Makerere University School of Law,Makerere University School of Law,1,0,36.3,university,1,country_wd
Q97354784,legal education in Uganda,Legal education in Uganda,1,0,36.3,aspect in a geographic region,2,country_wd|keyword_title
Q97355520,WBS Television,WBS Television,1,0,36.3,,1,country_wd
Q97355775,list of television stations in Uganda,List of television stations in Uganda,1,0,36.3,Wikimedia list article,2,country_wd|keyword_title
Q97357027,2020 in Uganda,2020 in Uganda,1,0,36.3,events in a specific year or time period,2,country_wd|keyword_title
Q97357495,Traditional and Modern Health Practitioners Together Against AIDS,Traditional and Modern Health Practitioners Together Against AIDS,1,0,36.3,"non-governmental organization, health charity",1,country_wd
Q97359658,Anglican dioceses of Rwenzori,Anglican dioceses of Rwenzori,1,0,36.3,,2,country_wd|keyword_title
Q97359660,Anglican dioceses of Ankole and Kigezi,Anglican dioceses of Ankole and Kigezi,1,0,36.3,,2,country_wd|keyword_title
Q97359661,Anglican dioceses of Northern Uganda,Anglican dioceses of Northern Uganda,1,0,36.3,,2,country_wd|keyword_title
Q97359664,Anglican dioceses of Eastern Uganda,Anglican dioceses of Eastern Uganda,1,0,36.3,,2,country_wd|keyword_title
Q97393690,Ssemagulu Royal Museum,Ssemagulu Royal Museum,1,0,36.3,museum,1,country_wd
Q97516128,Multiracial Ugandans in Uganda,Multiracial Ugandans in Uganda,1,0,36.3,,2,country_wd|keyword_title
Q97704150,Radio One FM,,1,0,36.3,radio station,1,country_wd
Q97781970,Visit Africa,,1,0,36.3,"website, tourism, brand",1,country_wd
Q99285630,Kampala International University - Western Campus,,1,0,36.3,campus,1,country_wd
Q99311315,Satish Brahmbhatt,,1,0,36.3,human,1,birth_death_wd
Q99430251,Agojo Refugee Settlement,Agojo refugee settlement,1,0,36.3,human settlement,2,country_wd|part_of_wd
Q99472359,Elema Refugee settlement,Elema Refugee Settlement,1,0,36.3,"human settlement, refugee camp",2,country_wd|part_of_wd
Q99521297,Olua I Refugee Settlement,Olua I Refugee settlement,1,0,36.3,"human settlement, refugee camp",1,country_wd
Q99543535,Olua II Refugee settlement,Olua II Refugee settlement,1,0,36.3,"human settlement, refugee camp",1,country_wd
Q99630821,Uganda men's national road cycling team,,1,0,36.3,elite national cycling team,1,country_wd
Q99631681,Uganda women's national cycling team,,1,0,36.3,elite national cycling team,1,country_wd
Q99642048,Uganda men's U23 national cycling team,,1,0,36.3,under-23 national cycling team,1,country_wd
Q99642571,Uganda women's U23 national cycling team,,1,0,36.3,under-23 national cycling team,1,country_wd
Q99643011,Uganda men's U19 national cycling team,,1,0,36.3,junior national cycling team,1,country_wd
Q99646263,Uganda women's U19 national cycling team,,1,0,36.3,junior national cycling team,1,country_wd
Q99646833,Uganda national cycling team,,1,0,36.3,national cycling team,1,country_wd
