source,kind,name,district,parent,party,votes,verdict,matched_label
EC,constituency,UPE COUNTY,AMUDAT,AMUDAT,,,no_article_found,
EC,constituency,BUSHIGAI COUNTY,BUDUDA,BUDUDA,,,no_article_found,
EC,constituency,LUTSESHE COUNTY,BUDUDA,BUDUDA,,,no_article_found,
EC,constituency,T'OO COUNTY,BUKWO,BUKWO,,,no_article_found,
EC,constituency,ELGON COUNTY,BULAMBULI,BULAMBULI,,,no_article_found,
EC,constituency,ELGON NORTH COUNTY,BULAMBULI,BULAMBULI,,,no_article_found,
EC,constituency,BUVUMA ISLANDS COUNTY,BUVUMA,BUVUMA,,,no_article_found,
EC,constituency,FORTPORTAL CENTRAL DIVISION,FORTPORTAL CITY,FORTPORTAL CITY,,,no_article_found,
EC,constituency,FORTPORTAL NORTH DIVISION,FORTPORTAL CITY,FORTPORTAL CITY,,,no_article_found,
EC,constituency,BARDEGE-LAYIBI DIVISION,GULU CITY,GULU CITY,,,no_article_found,
EC,constituency,LAROO-PECE DIVISION,GULU CITY,GULU CITY,,,no_article_found,
EC,constituency,JINJANORTH DIVISION,JINJA CITY,JINJA CITY,,,no_article_found,
EC,constituency,JINJASOUTH DIVISION EAST,JINJA CITY,JINJA CITY,,,no_article_found,
EC,constituency,JINJASOUTH DIVISION WEST,JINJA CITY,JINJA CITY,,,no_article_found,
EC,constituency,IK COUNTY,KAABONG,KAABONG,,,no_article_found,
EC,constituency,BUJUMBA COUNTY,KALANGALA,KALANGALA,,,no_article_found,
EC,constituency,KAMPALACENTRAL DIVISION,KAMPALA,KAMPALA,,,no_article_found,
EC,constituency,KINKIZI COUNTY EAST,KANUNGU,KANUNGU,,,no_article_found,
EC,constituency,KINKIZI COUNTY WEST,KANUNGU,KANUNGU,,,no_article_found,
EC,constituency,BUYANJAEAST COUNTY,KIBAALE,KIBAALE,,,no_article_found,
EC,constituency,SOI COUNTY,KWEEN,KWEEN,,,no_article_found,
EC,constituency,KYAKACENTRAL COUNTY,KYEGEGWA,KYEGEGWA,,,no_article_found,
EC,constituency,KYAKANORTH COUNTY,KYEGEGWA,KYEGEGWA,,,no_article_found,
EC,constituency,KYAKASOUTH COUNTY,KYEGEGWA,KYEGEGWA,,,no_article_found,
EC,constituency,PALABEK COUNTY,LAMWO,LAMWO,,,no_article_found,
EC,constituency,LIRAEAST DIVISION,LIRA CITY,LIRA CITY,,,no_article_found,
EC,constituency,LIRAWEST DIVISION,LIRA CITY,LIRA CITY,,,no_article_found,
EC,constituency,LUUKANORTH COUNTY,LUUKA,LUUKA,,,no_article_found,
EC,constituency,LUUKASOUTH COUNTY,LUUKA,LUUKA,,,no_article_found,
EC,constituency,BUKOTO COUNTY MID-WEST,LWENGO,LWENGO,,,no_article_found,
EC,constituency,LOWER MADI COUNTY,MADI-OKOLLO,MADI-OKOLLO,,,no_article_found,
EC,constituency,UPPER MADI COUNTY,MADI-OKOLLO,MADI-OKOLLO,,,no_article_found,
EC,constituency,KIMAANYA-KABONERA DIVISION,MASAKA CITY,MASAKA CITY,,,no_article_found,
EC,constituency,NYENDO-MUKUNGWE DIVISION,MASAKA CITY,MASAKA CITY,,,no_article_found,
EC,constituency,BUWEKULASOUTH COUNTY,MUBENDE,MUBENDE,,,no_article_found,
EC,constituency,CHEKWII COUNTY (KADAM),NAKAPIRIPIRIT,NAKAPIRIPIRIT,,,no_article_found,
EC,constituency,BUDYEBO COUNTY,NAKASONGOLA,NAKASONGOLA,,,no_article_found,
EC,constituency,BUKOOLI ISLAND COUNTY,NAMAYINGO,NAMAYINGO,,,no_article_found,
EC,constituency,BUBULOEAST COUNTY,NAMISINDWA,NAMISINDWA,,,no_article_found,
EC,constituency,BUKONO COUNTY,NAMUTUMBA,NAMUTUMBA,,,no_article_found,
EC,constituency,TOCHI COUNTY,OMORO,OMORO,,,no_article_found,
EC,constituency,BUYAMBA COUNTY,RAKAI,RAKAI,,,no_article_found,
EC,constituency,RUJUMBURA COUNTY,RUKUNGIRI,RUKUNGIRI,,,no_article_found,
EC,constituency,RWAMPARAEAST COUNTY,RWAMPARA,RWAMPARA,,,no_article_found,
EC,constituency,DAKABELA COUNTY,SOROTI,SOROTI,,,no_article_found,
EC,constituency,MAWOGOLANORTH COUNTY,SSEMBABULE,SSEMBABULE,,,no_article_found,
EC,constituency,MAWOGOLAWEST COUNTY,SSEMBABULE,SSEMBABULE,,,no_article_found,
EC,constituency,WEST BUDAMA CENTRAL COUNTY,TORORO,TORORO,,,no_article_found,
EC,constituency,WEST BUDAMA COUNTY NORTH,TORORO,TORORO,,,no_article_found,
EC,constituency,WEST BUDAMA COUNTY SOUTH,TORORO,TORORO,,,no_article_found,
EC,constituency,WEST BUDAMA NORTH EAST COUNTY,TORORO,TORORO,,,no_article_found,
EC,constituency,ORA COUNTY,ZOMBO,ZOMBO,,,no_article_found,
UBOS,county,UPE COUNTY,AMUDAT,AMUDAT,,,no_article_found,
UBOS,county,BUSHIGAI COUNTY,BUDUDA,BUDUDA,,,no_article_found,
UBOS,county,LUTSESHE COUNTY,BUDUDA,BUDUDA,,,no_article_found,
UBOS,county,T'OO COUNTY,BUKWO,BUKWO,,,no_article_found,
UBOS,county,ELGON COUNTY,BULAMBULI,BULAMBULI,,,no_article_found,
UBOS,county,ELGON NORTH COUNTY,BULAMBULI,BULAMBULI,,,no_article_found,
UBOS,county,BUVUMA ISLANDS COUNTY,BUVUMA,BUVUMA,,,no_article_found,
UBOS,county,BARDEGE-LAYIBI DIVISION,GULU CITY,GULU CITY,,,no_article_found,
UBOS,county,LAROO-PECE DIVISION,GULU CITY,GULU CITY,,,no_article_found,
UBOS,county,IK COUNTY,KAABONG,KAABONG,,,no_article_found,
UBOS,county,BUJUMBA COUNTY,KALANGALA,KALANGALA,,,no_article_found,
UBOS,county,KINKIZI COUNTY,KANUNGU,KANUNGU,,,no_article_found,
UBOS,county,BBALE COUNTY,KAYUNGA,KAYUNGA,,,no_article_found,
UBOS,county,SOI COUNTY,KWEEN,KWEEN,,,no_article_found,
UBOS,county,PALABEK COUNTY,LAMWO,LAMWO,,,no_article_found,
UBOS,county,LOWER MADI COUNTY,MADI-OKOLLO,MADI-OKOLLO,,,no_article_found,
UBOS,county,UPPER MADI COUNTY,MADI-OKOLLO,MADI-OKOLLO,,,no_article_found,
UBOS,county,KIMAANYA-KABONERA DIVISION,MASAKA CITY,MASAKA CITY,,,no_article_found,
UBOS,county,NYENDO-MUKUNGWE DIVISION,MASAKA CITY,MASAKA CITY,,,no_article_found,
UBOS,county,BUDYEBO COUNTY,NAKASONGOLA,NAKASONGOLA,,,no_article_found,
UBOS,county,BUKOOLI ISLAND COUNTY,NAMAYINGO,NAMAYINGO,,,no_article_found,
UBOS,county,BUKONO COUNTY,NAMUTUMBA,NAMUTUMBA,,,no_article_found,
UBOS,county,TOCHI COUNTY,OMORO,OMORO,,,no_article_found,
UBOS,county,BUYAMBA COUNTY,RAKAI,RAKAI,,,no_article_found,
UBOS,county,RUJUMBURA COUNTY,RUKUNGIRI,RUKUNGIRI,,,no_article_found,
UBOS,county,DAKABELA COUNTY,SOROTI,SOROTI,,,no_article_found,
UBOS,county,WEST BUDAMA CENTRAL COUNTY,TORORO,TORORO,,,no_article_found,
UBOS,county,WEST BUDAMA COUNTY,TORORO,TORORO,,,no_article_found,
UBOS,county,WEST BUDAMA NORTH EAST COUNTY,TORORO,TORORO,,,no_article_found,
UBOS,county,ORA COUNTY,ZOMBO,ZOMBO,,,no_article_found,
UBOS,district,APAA,APAA,,,,no_article_found,
EC,mp,AYEPA MICHAEL,ABIM,LABWOR COUNTY,NRM,10661,no_article_found,
EC,mp,ELEM LEO,ALEBTONG,MOROTO COUNTY,UPC,16204,no_article_found,
EC,mp,OCEN GEOFFREY,AMOLATAR,KIOGA NORTH COUNTY,UPC,17658,no_article_found,
EC,mp,OBONG PETER ACUDA,APAC,MARUZI COUNTY,UPC,12421,no_article_found,
EC,mp,OTIM BERNARD,APAC,MARUZI NORTH COUNTY,NRM,11107,no_article_found,
EC,mp,LENIA CHARITY KEVIN,ARUA,VURRA COUNTY,NRM,20708,no_article_found,
EC,mp,MUZAID KHEMIS,ARUA CITY,ARUA CENTRAL DIVISION,FDC,6966,no_article_found,
EC,mp,ONZIMA PHIONA,ARUA CITY,AYIVU DIVISION WEST,NRM,12203,no_article_found,
EC,mp,TIYO WILLIAM TAYLOR ODAA,ARUA CITY,AYIVU DIVISION EAST,NRM,18225,no_article_found,
EC,mp,GOIRE MOSES,BUDAKA,BUDAKA COUNTY,NRM,28854,no_article_found,
EC,mp,KAMPANYA ABDU SWAIBU,BUDAKA,IKI-IKI COUNTY,NRM,14444,no_article_found,
EC,mp,WABUSANI STEVEN MAKWA,BUDUDA,BUSHIGAI COUNTY,NRM,3944,no_article_found,
EC,mp,AYAGALACHI JAMALI,BUGIRI,BUKOOLI COUNTY NORTH,NUP,19094,no_article_found,
EC,mp,OKETCHO JOHN FRANCIS,BUGIRI,BUGIRI MUNICIPALITY,NRM,3794,no_article_found,
EC,mp,WANDERA SADALA,BUGWERI,BUGWERI COUNTY,NRM,24624,no_article_found,
EC,mp,KARIISA JOHNBOSCO KOY,BUHWEJU,BUHWEJU WEST COUNTY,NRM,16786,no_article_found,
EC,mp,MUTEKANGA ZADOCK,BUHWEJU,BUHWEJU COUNTY,NRM,11322,no_article_found,
EC,mp,KANAABI JIMMY,BUIKWE,BUIKWE COUNTY SOUTH,NUP,23053,no_article_found,
EC,mp,MUSANJE MOSES,BUIKWE,NJERU MUNICIPALITY,NUP,18665,no_article_found,
EC,mp,SENTEZA RICHARD,BUIKWE,LUGAZI MUNICIPALITY,INDEPENDENT,10914,no_article_found,
EC,mp,OKWERE DAVID BEECHAM,BUKEDEA,BUKEDEA COUNTY,NRM,68103,no_article_found,
EC,mp,KISEKKA SALIM,BUKOMANSIMBI,BUKOMANSIMBI NORTH COUNTY,NRM,9037,no_article_found,
EC,mp,SSERUNJOGI HASSAN MUKIIBI,BUKOMANSIMBI,BUKOMANSIMBI SOUTH COUNTY,INDEPENDENT,11582,no_article_found,
EC,mp,KAPYAGON BRIAN,BUKWO,KONGASIS COUNTY,INDEPENDENT,11056,no_article_found,
EC,mp,KITI PETER,BUKWO,T'OO COUNTY,NRM,9121,no_article_found,
EC,mp,BIARAEMMANUEL WEPUKHULU,BULAMBULI,BULAMBULI COUNTY,NRM,11611,no_article_found,
EC,mp,WAMAKUYU IGNATIUS MUDIMI,BULAMBULI,ELGON COUNTY,INDEPENDENT,6023,no_article_found,
EC,mp,ATUGONZA ALLAN,BULIISA,BULIISA COUNTY,NRM,15478,no_article_found,
EC,mp,MBALIBULHA CHRISTOPHER KIBANZANGA TABAN,BUNDIBUGYO,BUGHENDERA COUNTY,INDEPENDENT,17343,no_article_found,
EC,mp,KALENZI VICTOR,BUNYANGABU,BUNYANGABU COUNTY,NRM,30153,no_article_found,
EC,mp,AMANYA COHEN KYAMPENE,BUSHENYI,IGARA COUNTY WEST,NRM,19797,no_article_found,
EC,mp,BASSAJJA IDDI,BUSHENYI,BUSHENYI -ISHAKA MUNICIPALITY,NRM,11641,no_article_found,
EC,mp,MULEMYA ISMAIL SOWED,BUSIA,BUSIA MUNICIPALITY,NRM,6350,no_article_found,
EC,mp,WANDERA JOHN PAUL,BUSIA,SAMIA BUGWE COUNTY NORTH,INDEPENDENT,17747,no_article_found,
EC,mp,WANYAMA RICHARD,BUSIA,SAMIA BUGWE CENTRAL COUNTY,NRM,18316,no_article_found,
EC,mp,MUTEGO RONARD HANGUJJA,BUTALEJA,BUNYOLE EAST COUNTY,INDEPENDENT,17355,no_article_found,
EC,mp,WALUSWAKAJAMES,BUTALEJA,BUNYOLE WEST COUNTY,NRM,20270,no_article_found,
EC,mp,MUKIIBI ERIASA SSERUNJOGI,BUTAMBALA,BUTAMBALA COUNTY,INDEPENDENT,18102,no_article_found,
EC,mp,MUDUKOI FRED ODUCHU,BUTEBO,BUTEBO COUNTY,NRM,25460,no_article_found,
EC,mp,OGWAL JOSEPH JONES,DOKOLO,DOKOLO NORTH COUNTY,NRM,8845,no_article_found,
EC,mp,OPITO VINCENT,DOKOLO,DOKOLO SOUTH COUNTY,UPC,18024,no_article_found,
EC,mp,MUGISAMARGARET MUHANGA,FORTPORTAL CITY,FORTPORTAL NORTH DIVISION,NRM,10333,no_article_found,
EC,mp,MUHENDA RONALD,FORTPORTAL CITY,FORTPORTAL CENTRAL DIVISION,INDEPENDENT,10956,no_article_found,
EC,mp,RWAKOOJOROBINA GUREME,GOMBA,GOMBA WEST COUNTY,NRM,16930,no_article_found,
EC,mp,SAAZI GODFREY,GOMBA,GOMBA EAST COUNTY,NUP,10907,no_article_found,
EC,mp,OKELLO PATRICK ONGUTI,GULU,ASWA COUNTY,DP,13889,no_article_found,
EC,mp,KASIGWA GERALD BIHEMAISO,HOIMA,KIGOROBYA COUNTY,NRM,12175,no_article_found,
EC,mp,WAKABI PIUS,HOIMA,BUGAHYA COUNTY,NRM,30923,no_article_found,
EC,mp,ISINGOMA PATRICK MWESIGWA,HOIMA CITY,HOIMA EAST DIVISION,INDEPENDENT,10688,no_article_found,
EC,mp,KASULE ISMAIL,HOIMA CITY,HOIMA WEST DIVISION,ANT,9102,no_article_found,
EC,mp,AGABA PETER,IBANDA,IBANDA MUNICIPALITY,NRM,14279,no_article_found,
EC,mp,GUMA DAVID GUMISIRIZA,IBANDA,IBANDA COUNTY NORTH,NRM,13496,no_article_found,
EC,mp,NINKUSIIMA JOHN PAUL,IBANDA,IBANDA COUNTY SOUTH,NRM,18615,no_article_found,
EC,mp,KUNGU SAMUEL BAMUTEEZE,IGANGA,KIGULU COUNTY NORTH,NRM,18130,no_article_found,
EC,mp,MUDIOBOLE ABEDI NASSER,IGANGA,IGANGA MUNICIPALITY,NUP,11751,no_article_found,
EC,mp,KANGWAGYE STEPHEN RWAKANUMA,ISINGIRO,BUKANGA COUNTY,NRM,31594,no_article_found,
EC,mp,MUJUNI ASENSIO MAARI,ISINGIRO,ISINGIRO COUNTY SOUTH,NRM,23752,no_article_found,
EC,mp,TUMWESIGYE ANTHONY,ISINGIRO,ISINGIRO WEST COUNTY,INDEPENDENT,9047,no_article_found,
EC,mp,KIIRYA GRACE PADDY WANZALA,JINJA,BUTEMBE COUNTY,FDC,6215,no_article_found,
EC,mp,ODWORI JOHN,JINJA,KAGOMA NORTH COUNTY,NUP,9593,no_article_found,
EC,mp,WALYOMU MOSES MUWANIKA,JINJA,KAGOMA COUNTY,INDEPENDENT,6685,no_article_found,
EC,mp,BATUWA TIMOTHY LUSALA,JINJA CITY,JINJASOUTH DIVISION WEST,NUP,4900,no_article_found,
EC,mp,MUYONJOHUSSEIN,JINJA CITY,JINJANORTH DIVISION,NUP,20157,no_article_found,
EC,mp,KOMOL JOSEPH MIIDI,KAABONG,DODOTH NORTH COUNTY,NRM,8350,no_article_found,
EC,mp,PAAK PETER PEX,KAABONG,DODOTH EAST COUNTY,NRM,10159,no_article_found,
EC,mp,BEGUMISA PROTAZIO,KABALE,NDORWA COUNTY EAST,NRM,17662,no_article_found,
EC,mp,NATURINDA ELIAB,KABALE,NDORWA COUNTY WEST,NRM,22601,no_article_found,
EC,mp,EDAKASI ALFRED ELALU-OLALE,KABERAMAIDO,KABERAMAIDO COUNTY,NRM,11891,no_article_found,
EC,mp,OKULLO FRANCIS,KABERAMAIDO,OCHERO COUNTY,NRM,7996,no_article_found,
EC,mp,NAMARADENNIS,KAGADI,BUYAGA WEST COUNTY,NRM,42315,no_article_found,
EC,mp,TWESIGE STEPHEN,KAGADI,BUYAGA EAST COUNTY,NRM,34637,no_article_found,
EC,mp,LUBEGA GEORGE WILLY,KAKUMIRO,BUGANGAIZI SOUTH COUNTY,NRM,17076,no_article_found,
EC,mp,TWINAMASIKO ONESIMUS,KAKUMIRO,BUGANGAIZI EAST COUNTY,NRM,19679,no_article_found,
EC,mp,ONGALO-OBOTE CLEMENT KENNETH,KALAKI,KALAKI COUNTY,NRM,20541,no_article_found,
EC,mp,LUGOLOOBI WILLY BAGEYENTE,KALANGALA,BUJUMBA COUNTY,NRM,5564,no_article_found,
EC,mp,KASAJJA GEORGE PATRICK,KALIRO,BULAMOGI NORTH WEST COUNTY,NRM,13048,no_article_found,
EC,mp,MUTEBI BENARD MUGOYA,KALIRO,BULAMOGI COUNTY,INDEPENDENT,29268,no_article_found,
EC,mp,KIRULUUTA YUSUF JUNIOR NKERETTANYI,KALUNGU,KALUNGU COUNTY EAST,NUP,15473,no_article_found,
EC,mp,KABANDA MINSA NABBENGO,KAMPALA,KAMPALACENTRAL DIVISION,NRM,22280,no_article_found,
EC,mp,KASIRYE NGANDA ALI,KAMPALA,MAKINDYE DIVISION EAST,NUP,17700,no_article_found,
EC,mp,KAWALYA ABUBAKER,KAMPALA,RUBAGA DIVISION NORTH,NUP,30589,no_article_found,
EC,mp,LUYIMBAZI NALUKOOLAELIAS,KAMPALA,KAWEMPE DIVISION NORTH,NUP,34955,no_article_found,
EC,mp,MAALAZAHRAH LUYIRIKA,KAMPALA,MAKINDYE DIVISION WEST,NUP,32264,no_article_found,
EC,mp,NASSOLOEUGENIA,KAMPALA,RUBAGA DIVISION SOUTH,NUP,35366,no_article_found,
EC,mp,NTALE NSEREKO MADINA,KAMPALA,KAWEMPE DIVISION SOUTH,NRM,18591,no_article_found,
EC,mp,BAZAANYA MATAYO,KAMULI,BUGABULA COUNTY SOUTH,NRM,14615,no_article_found,
EC,mp,MUGABI MUZAALE MARTIN KISULE,KAMULI,BUZAAYA COUNTY,NRM,10547,no_article_found,
EC,mp,TEIRAJOHN,KAMULI,BUGABULA COUNTY NORTH,NRM,10178,no_article_found,
EC,mp,NIRINGIYIMANA JAMES RUUGI KABERUKA,KANUNGU,KINKIZI COUNTY WEST,NRM,22505,no_article_found,
EC,mp,KITIYO PATRICK,KAPCHORWA,KAPCHORWA MUNICIPALITY,INDEPENDENT,10352,no_article_found,
EC,mp,TWALLA FADIL,KAPCHORWA,TINGEY COUNTY,NRM,14219,no_article_found,
EC,mp,AKORIKIN FRANCIS,KAPELEBYONG,KAPELEBYONG COUNTY,NRM,14670,no_article_found,
EC,mp,BAATOM BEN KORYANG,KARENGA,DODOTH WEST COUNTY,NRM,4655,no_article_found,
EC,mp,LOLUK FIDELIS LOGWEE,KARENGA,NAPORE WEST COUNTY,INDEPENDENT,2919,no_article_found,
EC,mp,KITANYWASOWEDI,KASESE,BUSONGORA COUNTY NORTH,NRM,21064,no_article_found,
EC,mp,KIYONGA C W C B,KASESE,BUKONJO COUNTY WEST,NRM,35899,no_article_found,
EC,mp,MONDAY JULIUS RUDE,KASESE,BUKONZO COUNTY EAST,NRM,28195,no_article_found,
EC,mp,MULINDWA DAVID ISIMBWA,KASESE,BUSONGORA COUNTY SOUTH,NRM,10845,no_article_found,
EC,mp,BISASO ABDUL,KASSANDA,KASSANDA COUNTY SOUTH,NRM,11765,no_article_found,
EC,mp,BUKENYA MICHAEL IGA,KASSANDA,BUKUYA COUNTY,NRM,15860,no_article_found,
EC,mp,ONGOROK RICHARD,KATAKWI,USUK COUNTY,NRM,7873,no_article_found,
EC,mp,OSSIYA SOLOMON ALEMU,KATAKWI,TOROMA COUNTY,NRM,10044,no_article_found,
EC,mp,BASEKE FRED,KAYUNGA,NTENJERU COUNTY SOUTH,NRM,14573,no_article_found,
EC,mp,TEBANDEKE CHARLES,KAYUNGA,BBAALE COUNTY,NUP,17507,no_article_found,
EC,mp,ATWIJUKIRE DAN KIMOSHO,KAZO,KAZO COUNTY,NRM,40904,no_article_found,
EC,mp,KASAIJAMATIA,KIBAALE,BUYANJA COUNTY,NRM,18104,no_article_found,
EC,mp,KUGONZA EMELY,KIBAALE,BUYANJAEAST COUNTY,NRM,17,no_article_found,
EC,mp,LULE ERIA ERICK,KIBOGA,KIBOGA WEST COUNTY,NRM,9235,no_article_found,
EC,mp,MUSOKE MICHAEL TREVOSS,KIBOGA,KIBOGA EAST COUNTY,NUP,8866,no_article_found,
EC,mp,KINOBERE HERBERT TOM,KIBUKU,KIBUKU COUNTY,INDEPENDENT,14522,no_article_found,
EC,mp,WAKIDA PATRICK GODFREY,KIBUKU,KABWERI COUNTY,NRM,19766,no_article_found,
EC,mp,ASEERA STEPHEN,KIKUUBE,BUHAGUZI EAST COUNTY,NRM,10668,no_article_found,
EC,mp,TWINOMUJUNI FRANCIS KAZINI,KIKUUBE,BUHAGUZI COUNTY,NRM,21336,no_article_found,
EC,mp,KAJWENGYE TWINOMUGISHA WILSON,KIRUHURA,NYABUSHOZI COUNTY,NRM,21474,no_article_found,
EC,mp,TUMURAMYE GENENSIO,KIRUHURA,KASHONGI COUNTY,NRM,13088,no_article_found,
EC,mp,KARUBANGA JACOB ATEENYI,KIRYANDONGO,KIBANDA SOUTH COUNTY,INDEPENDENT,9531,no_article_found,
EC,mp,HABYARA FORTUNATE,KISORO,BUFUMBIRA COUNTY NORTH,NRM,8374,no_article_found,
EC,mp,KWIZERA EDDIE WA-GAHUNGU,KISORO,BUKIMBIRI COUNTY,INDEPENDENT,14761,no_article_found,
EC,mp,NIYONSABA ALEX,KISORO,BUFUMBIRA COUNTY SOUTH,NRM,23897,no_article_found,
EC,mp,NKRUMAH ROLAND,KISORO,BUFUMBIRA COUNTY EAST,NRM,14708,no_article_found,
EC,mp,MUGABE ROBERT,KITAGWENDA,KITAGWENDA COUNTY,NRM,33249,no_article_found,
EC,mp,OKOYA JOHN CALVIN,KITGUM,CHUA EAST COUNTY,INDEPENDENT,14688,no_article_found,
EC,mp,ONEKA LIT AMERE DENIS,KITGUM,KITGUM MUNICIPALITY,FDC,6176,no_article_found,
EC,mp,ORYEMA SIMON PETER ADUM,KITGUM,CHUA WEST COUNTY,NRM,9024,no_article_found,
EC,mp,DUUKI BRAN,KOBOKO,KOBOKO MUNICIPALITY,NUP,2362,no_article_found,
EC,mp,MUSANOAH,KOBOKO,KOBOKO NORTH COUNTY,NRM,7720,no_article_found,
EC,mp,OKOT BONIFACE HENRY,KOLE,KOLE SOUTH COUNTY,NRM,16447,no_article_found,
EC,mp,OPIO SAMUEL ACUTI,KOLE,KOLE NORTH COUNTY,NRM,26933,no_article_found,
EC,mp,ACHIA LOKIRU GABRIEL,KOTIDO,JIE COUNTY,NRM,28972,no_article_found,
EC,mp,ISMAIL MUHAMMAD LOMWAR,KOTIDO,KOTIDO MUNICIPALITY,NRM,8320,no_article_found,
EC,mp,ERON TONNY,KWANIA,KWANIA COUNTY,NRM,11429,no_article_found,
EC,mp,ONGU JAMES,KWANIA,KWANIA NORTH COUNTY,NRM,16363,no_article_found,
EC,mp,CHEMONGES WILLIAM,KWEEN,KWEEN COUNTY,NRM,19762,no_article_found,
EC,mp,MALINGA ISAAC MAIKUT,KWEEN,SOI COUNTY,NRM,3038,no_article_found,
EC,mp,BINGI PATRICK NYANZI,KYANKWANZI,BUTEMBA COUNTY,NRM,20051,no_article_found,
EC,mp,KIKABI EDWARD,KYANKWANZI,NTWETWE COUNTY,NRM,16057,no_article_found,
EC,mp,KAHEERU VINCENT FREEDOM,KYEGEGWA,KYAKANORTH COUNTY,NRM,18242,no_article_found,
EC,mp,KASUKAALI METHUSELAH,KYENJOJO,MWENGE CENTRAL COUNTY,NRM,18033,no_article_found,
EC,mp,KUTEESAMARY KAMULI,KYENJOJO,MWENGE COUNTY SOUTH,NRM,44860,no_article_found,
EC,mp,NYEKO JOHNNSON KEZEKIYA,LAMWO,LAMWO COUNTY,NRM,21851,no_article_found,
EC,mp,ENGOLASAM,LIRA,ERUTE COUNTY SOUTH,NRM,22509,no_article_found,
EC,mp,ONGOM PATRICK,LIRA,ERUTE COUNTY NORTH,NRM,10213,no_article_found,
EC,mp,ALYELADENIS OMODI,LIRA CITY,LIRAEAST DIVISION,NRM,17495,no_article_found,
EC,mp,OBONG VINCENT SHEDRICK,LIRA CITY,LIRAWEST DIVISION,UPC,13455,no_article_found,
EC,mp,BAGOOLE NGOBI JOHN,LUUKA,LUUKANORTH COUNTY,NRM,11190,no_article_found,
EC,mp,KISASTEPHEN BAKUBALWAYO,LUUKA,LUUKASOUTH COUNTY,NRM,14181,no_article_found,
EC,mp,KIRUMIRAHASSAN,LUWEERO,KATIKAMU COUNTY SOUTH,NUP,19534,no_article_found,
EC,mp,SEKABIRADENES,LUWEERO,KATIKAMU COUNTY NORTH,NUP,22137,no_article_found,
EC,mp,SSEKITOLEEKO ROBERT,LUWEERO,BAMUNANIKA COUNTY,NUP,22303,no_article_found,
EC,mp,KIYIMBA EMMANUEL,LWENGO,BUKOTO COUNTY MID-WEST,NRM,10061,no_article_found,
EC,mp,KIZZA HAKIM SAWULA,LWENGO,BUKOTO COUNTY SOUTH,NUP,8055,no_article_found,
EC,mp,SSENTAYI MUHAMAD,LWENGO,BUKOTO COUNTY WEST,NRM,16599,no_article_found,
EC,mp,ASIIMWE ENOS KINYWAMACHUNDA,LYANTONDE,KABULA COUNTY,NRM,15925,no_article_found,
EC,mp,OGAMA ALLI ISMAIL,MADI-OKOLLO,LOWER MADI COUNTY,NRM,12915,no_article_found,
EC,mp,MATEMBU CHRISS WATAKA,MANAFWA,BUBULO COUNTY WEST,INDEPENDENT,17991,no_article_found,
EC,mp,TOM ALITI CANDIA,MARACHA,MARACHA EAST COUNTY,NRM,12606,no_article_found,
EC,mp,UHURU NELSON,MARACHA,MARACHA COUNTY,NRM,13696,no_article_found,
EC,mp,SEBAMALARICHARD,MASAKA,BUKOTO COUNTY CENTRAL,DP,5124,no_article_found,
EC,mp,KUTEESAPATRICK,MASAKA CITY,KIMAANYA-KABONERA DIVISION,NUP,8103,no_article_found,
EC,mp,LUBOWA SSEBINA GYAVIIRA,MASAKA CITY,NYENDO-MUKUNGWE DIVISION,NUP,21447,no_article_found,
EC,mp,AKUGIZIBWE ALED RONALD,MASINDI,BURULI COUNTY,NRM,13321,no_article_found,
EC,mp,BYAMUKAMA ROGERS,MASINDI,MASINDI MUNICIPALITY,NRM,14218,no_article_found,
EC,mp,KIIZA KENNETH NYENDWOHA,MASINDI,BUJENJE COUNTY,NRM,14604,no_article_found,
EC,mp,EKORO ALEX IRUKAN,MAYUGE,BUNYA COUNTY EAST,NRM,13994,no_article_found,
EC,mp,MPAATA SALLEH,MAYUGE,BUNYA COUNTY SOUTH,NRM,14459,no_article_found,
EC,mp,MASABA MUHAMOOD MUTENYO,MBALE,BUNGOKHO CENTRAL COUNTY,NRM,11930,no_article_found,
EC,mp,WANYENYA SHAFIGA,MBALE,BUNGOKHO COUNTY NORTH,NRM,9844,no_article_found,
EC,mp,WOKURI GEOFREY,MBALE,BUNGOKHO COUNTY SOUTH,NRM,16610,no_article_found,
EC,mp,MASABA KARIM,MBALE CITY,INDUSTRIAL DIVISION,INDEPENDENT,12081,no_article_found,
EC,mp,NANGOLI UMAR,MBALE CITY,NORTHERN DIVISION,INDEPENDENT,16174,no_article_found,
EC,mp,MUSINGUZI PATRICK,MBARARA,KASHARI NORTH COUNTY,NRM,11904,no_article_found,
EC,mp,TUMUSIIME JOHN BOSCO,MBARARA,KASHARI SOUTH COUNTY,NRM,14698,no_article_found,
EC,mp,BAKASHABA CHRISTOPHER,MBARARA CITY,MBARARA NORTH DIVISION,NRM,5478,no_article_found,
EC,mp,ATUHWEREIRE ARTHUR KAZOORA,MITOOMA,RUHINDA SOUTH COUNTY,NRM,12163,no_article_found,
EC,mp,MAKUMBI HENRY KAMYA,MITYANA,MITYANA COUNTY SOUTH,NRM,8734,no_article_found,
EC,mp,NSEGUMIRE MUHAMAD KIBEDI,MITYANA,MITYANA COUNTY NORTH,NRM,18365,no_article_found,
EC,mp,ADOME FRANCIS LORIKA,MOROTO,MOROTO MUNICIPALITY,NRM,2307,no_article_found,
EC,mp,LOKORU ALBERT,MOROTO,TEPETH COUNTY,INDEPENDENT,4246,no_article_found,
EC,mp,ALERO TOM AZA,MOYO,WEST MOYO COUNTY,NRM,17170,no_article_found,
EC,mp,KAKOOZA JOSEPH,MUBENDE,BUWEKULA COUNTY,NRM,10306,no_article_found,
EC,mp,MUBANGIZI DEDAN,MUBENDE,BUWEKULASOUTH COUNTY,NRM,7908,no_article_found,
EC,mp,NABAWANUKA SUMAYAH,MUBENDE,MUBENDE MUNICIPALITY,NUP,9073,no_article_found,
EC,mp,KIWANUKA ABDALLAH,MUKONO,MUKONO COUNTY NORTH,NUP,15925,no_article_found,
EC,mp,MASERUKAROBERT,MUKONO,MUKONO COUNTY SOUTH,NUP,19621,no_article_found,
EC,mp,LOKORU STEPHENSON YOYO,NAKAPIRIPIRIT,CHEKWII EAST COUNTY,NRM,4539,no_article_found,
EC,mp,LONGOLI SIMON PETER,NAKAPIRIPIRIT,CHEKWII COUNTY (KADAM),NRM,13136,no_article_found,
EC,mp,BASAJJASSUBI NSEREKO CHARLES KAWUMA,NAKASEKE,NAKASEKE SOUTH COUNTY,NRM,30732,no_article_found,
EC,mp,KABUYE KYOFA,NAKASEKE,NAKASEKE CENTRAL COUNTY,NRM,13742,no_article_found,
EC,mp,SSEBBUGGA-KIMEZE BERUNADO,NAKASONGOLA,BUDYEBO COUNTY,NRM,13628,no_article_found,
EC,mp,ADIDWA ABDU,NAMAYINGO,BUKOOLI SOUTH COUNTY,INDEPENDENT,8595,no_article_found,
EC,mp,OKEYOH PETER,NAMAYINGO,BUKOOLI ISLAND COUNTY,NRM,7574,no_article_found,
EC,mp,OUMA WILLY,NAMAYINGO,NAMAYINGO SOUTH COUNTY,INDEPENDENT,13934,no_article_found,
EC,mp,MUSILAJOHN,NAMISINDWA,BUBULOEAST COUNTY,NRM,19215,no_article_found,
EC,mp,NANZALAMETRINE,NAMISINDWA,NAMISINDWA COUNTY,NRM,9521,no_article_found,
EC,mp,WAISWA JOEL AZALWA,NAMUTUMBA,BUSIKI COUNTY,INDEPENDENT,20065,no_article_found,
EC,mp,ILUKOL EMMANUEL,NAPAK,BOKORA COUNTY,INDEPENDENT,9152,no_article_found,
EC,mp,LOCAP PETERKHEN,NAPAK,BOKORA EAST COUNTY,NRM,8241,no_article_found,
EC,mp,ONGIERTHO EMMANUEL JOR,NEBBI,NEBBI MUNICIPALITY,INDEPENDENT,6042,no_article_found,
EC,mp,OTIMGIW ISAAC ISMAIL,NEBBI,PADYERE COUNTY,NRM,32073,no_article_found,
EC,mp,ACHAYO JULIET LODOU,NGORA,NGORA COUNTY,NRM,15077,no_article_found,
EC,mp,ISAMAT ABRAHAM,NGORA,KAPIR COUNTY,NRM,7046,no_article_found,
EC,mp,RUGUMAYO EDISON,NTOROKO,NTOROKO COUNTY,NRM,17318,no_article_found,
EC,mp,KAHIMA MOSES MUGABE,NTUNGAMO,RUHAAMA EAST COUNTY,NRM,44523,no_article_found,
EC,mp,KARUHANGA GERALD KAFUREEKA,NTUNGAMO,NTUNGAMO MUNICIPALITY,INDEPENDENT,3967,no_article_found,
EC,mp,TUKAHIRWA JAMES BYENJERU HUNTER,NTUNGAMO,KAJARA COUNTY,NRM,25129,no_article_found,
EC,mp,OKELLO GEOFFREY CHARLES,NWOYA,NWOYA EAST COUNTY,DP,4249,no_article_found,
EC,mp,OPIYO DENISH GEOFFREY,NWOYA,NWOYA COUNTY,DP,5044,no_article_found,
EC,mp,FUNGAROO KAPS HASSAN,OBONGI,OBONGI COUNTY,FDC,8503,no_article_found,
EC,mp,OJOK ANDREW OULANYAH,OMORO,OMORO COUNTY,NRM,18567,no_article_found,
EC,mp,OKOT PETER,OMORO,TOCHI COUNTY,DP,7841,no_article_found,
EC,mp,ACON JULIUS BUA,OTUKE,OTUKE EAST COUNTY,NRM,9122,no_article_found,
EC,mp,OMARAPAUL,OTUKE,OTUKE COUNTY,NRM,8319,no_article_found,
EC,mp,OTTOBER WELLBORN ODIYA,PADER,ARUU NORTH COUNTY,NRM,14327,no_article_found,
EC,mp,ALENYO MARSHALL GODFREY,PAKWACH,JONAM COUNTY,INDEPENDENT,23294,no_article_found,
EC,mp,IBASERET JOSEPHINE NKIBS,PALLISA,AGULE COUNTY,NRM,9447,no_article_found,
EC,mp,IBRAHIM IBRAHIM AISU,PALLISA,PALLISA COUNTY,NRM,17609,no_article_found,
EC,mp,SSEMWANGA GYAVIIRA,RAKAI,BUYAMBA COUNTY,NRM,21327,no_article_found,
EC,mp,TAYEBWA DIDAS KABUMBUZA,RAKAI,KOOKI COUNTY,NRM,28511,no_article_found,
EC,mp,KABAASABALABA BRUCE,RUBANDA,RUBANDA COUNTY WEST,NRM,26497,no_article_found,
EC,mp,ATWIJUKIRE BOAZ,RUBIRIZI,KATERERA COUNTY,INDEPENDENT,16303,no_article_found,
EC,mp,CADETBENJAMIN,RUBIRIZI,BUNYARUGURU COUNTY,NRM,18203,no_article_found,
EC,mp,KICONCO KATABAAZI PATRICK,RUKIGA,RUKIGA COUNTY,NRM,25629,no_article_found,
EC,mp,MWESIGWA MATHIAS,RUKUNGIRI,RUBABO COUNTY,NRM,16102,no_article_found,
EC,mp,TUMUKUNDE HENRY KAKURUGU,RUKUNGIRI,RUKUNGIRI MUNICIPALITY,NRM,7115,no_article_found,
EC,mp,KANKUNDA AMOS KIBWIKA,RWAMPARA,RWAMPARA COUNTY,NRM,15469,no_article_found,
EC,mp,NGABIRANO CHARLES,RWAMPARA,RWAMPARAEAST COUNTY,INDEPENDENT,12022,no_article_found,
EC,mp,EMAJU PETER PAUL,SERERE,KASILO COUNTY,NRM,9183,no_article_found,
EC,mp,OJIIT PETER,SERERE,PINGIRE COUNTY,INDEPENDENT,8058,no_article_found,
EC,mp,OMODING EMMANUEL,SERERE,SERERE COUNTY,NRM,26353,no_article_found,
EC,mp,KAMUNTU EPHRAIMU,SHEEMA,SHEEMA COUNTY SOUTH,NRM,15337,no_article_found,
EC,mp,KATESHUMBWA DICKSONS,SHEEMA,SHEEMA MUNICIPALITY,NRM,19202,no_article_found,
EC,mp,NAKIYI JULIUS MUNTU,SIRONKO,BUDADIRI COUNTY EAST,NRM,21017,no_article_found,
EC,mp,WANYOTO GODFREY,SIRONKO,BUDADIRI COUNTY WEST,INDEPENDENT,18022,no_article_found,
EC,mp,AEKU PATRICK,SOROTI,SOROTI COUNTY,NRM,9747,no_article_found,
EC,mp,ARIKO HERBERT EDMUND OKWORO,SOROTI,GWERI COUNTY,NRM,11862,no_article_found,
EC,mp,EDOPU PETER EDEKU,SOROTI,DAKABELA COUNTY,NRM,9588,no_article_found,
EC,mp,ATTAN OKIA MOSES,SOROTI CITY,SOROTI EAST COUNTY,FDC,7682,no_article_found,
EC,mp,AINE GODFREY KAGUTA,SSEMBABULE,MAWOGOLANORTH COUNTY,NRM,15923,no_article_found,
EC,mp,BYUMA OSWALD DEZ,SSEMBABULE,MAWOGOLA COUNTY,NRM,25781,no_article_found,
EC,mp,RWASHANDE EMMANUEL,SSEMBABULE,LWEMIYAGA COUNTY,NRM,30285,no_article_found,
EC,mp,BABANGA WILFRED ERIMA,TEREGO,TEREGO EAST COUNTY,NRM,17643,no_article_found,
EC,mp,DRAMVIKU ERIC SABITI,TEREGO,TEREGO WEST COUNTY,NRM,7057,no_article_found,
EC,mp,ANGURAFREDRICK,TORORO,TORORO SOUTH COUNTY,NRM,20311,no_article_found,
EC,mp,OCHAI MAXIMUS,TORORO,WEST BUDAMA COUNTY NORTH,NRM,12259,no_article_found,
EC,mp,OKETCHO GEORGE,TORORO,WEST BUDAMA COUNTY SOUTH,NRM,12050,no_article_found,
EC,mp,OWERE RICHARD MACHIKA,TORORO,WEST BUDAMA NORTH EAST COUNTY,NRM,12042,no_article_found,
EC,mp,OWINO NICHOLAS SIMON,TORORO,TORORO NORTH COUNTY,NRM,14321,no_article_found,
EC,mp,SHYAM JAY TANNA,TORORO,TORORO MUNICIPALITY,INDEPENDENT,5781,no_article_found,
EC,mp,GASHAIJASHYAKA STEVEN,WAKISO,ENTEBBE MUNICIPALITY,NRM,12124,no_article_found,
EC,mp,KENAN OPIO,WAKISO,BUSIRO COUNTY SOUTH,NRM,36494,no_article_found,
EC,mp,MATOVU EMMANUEL MAGOOLA,WAKISO,BUSIRO COUNTY EAST,INDEPENDENT,45625,no_article_found,
EC,mp,MAYANJAMOSES,WAKISO,BUSIRO COUNTY NORTH,NRM,19444,no_article_found,
EC,mp,MUSISI GEORGE,WAKISO,KIRA MUNICIPALITY,NUP,24848,no_article_found,
EC,mp,SSERUKENYA DAVID,WAKISO,MAKINDYE-SSABAGABO MUNICIPALITY,NUP,28733,no_article_found,
EC,mp,ALIONI YORKE ODRIA,YUMBE,ARINGA SOUTH COUNTY,NRM,13679,no_article_found,
EC,mp,EZAMA SIRAJI BRAHAN,YUMBE,ARINGA COUNTY,NRM,6541,no_article_found,
EC,mp,KARIM MUSA,YUMBE,ARINGA NORTH COUNTY,INDEPENDENT,12360,no_article_found,
EC,mp,BIYIKALAWRENCE SONGA,ZOMBO,ORA COUNTY,INDEPENDENT,14559,no_article_found,
EC,mp,OKUMU GABRIEL,ZOMBO,OKORO COUNTY,NRM,18556,no_article_found,
UBOS,parish,ABONGEPACH,ABIM,ABIM,,,no_article_found,
UBOS,parish,ACHANGALI WARD,ABIM,ORWAMUGE TOWN COUNCIL,,,no_article_found,
UBOS,parish,ACHWAA WARD,ABIM,MORULEM TOWN COUNCIL,,,no_article_found,
UBOS,parish,ADEA,ABIM,MORULEM,,,no_article_found,
UBOS,parish,ADWAL,ABIM,ABIM,,,no_article_found,
UBOS,parish,AKWANGAGWEL,ABIM,MORULEM,,,no_article_found,
UBOS,parish,ANGOROM,ABIM,CAMKOK,,,no_article_found,
UBOS,parish,ANGWEE WARD,ABIM,ABIM TOWN COUNCIL,,,no_article_found,
UBOS,parish,ANINATA,ABIM,ABIM,,,no_article_found,
UBOS,parish,AOJAPIRO,ABIM,LOTUKEI,,,no_article_found,
UBOS,parish,APOK,ABIM,ATUNGA,,,no_article_found,
UBOS,parish,AREMBWOLA,ABIM,ABIM,,,no_article_found,
UBOS,parish,AREMO WARD,ABIM,MORULEM TOWN COUNCIL,,,no_article_found,
UBOS,parish,ARENGEPUA WARD,ABIM,MORULEM TOWN COUNCIL,,,no_article_found,
UBOS,parish,ARENGETITHOE WARD,ABIM,ABUK TOWN COUNCIL,,,no_article_found,
UBOS,parish,ARIDAI,ABIM,LOTUKEI,,,no_article_found,
UBOS,parish,ARIDAI WARD,ABIM,ORWAMUGE TOWN COUNCIL,,,no_article_found,
UBOS,parish,ATUNGA,ABIM,ATUNGA,,,no_article_found,
UBOS,parish,AWOKOLEM WARD,ABIM,ABUK TOWN COUNCIL,,,no_article_found,
UBOS,parish,BARLYECH,ABIM,AWACH,,,no_article_found,
UBOS,parish,BARTANGA WARD,ABIM,ORWAMUGE TOWN COUNCIL,,,no_article_found,
UBOS,parish,CEMEE WARD,ABIM,ABUK TOWN COUNCIL,,,no_article_found,
UBOS,parish,DISTRICT QUARTERS WARD,ABIM,ABUK TOWN COUNCIL,,,no_article_found,
UBOS,parish,GANGMING,ABIM,LOTUKEI,,,no_article_found,
UBOS,parish,GOLONGER WARD,ABIM,MORULEM TOWN COUNCIL,,,no_article_found,
UBOS,parish,GOTAPWOU,ABIM,AWACH,,,no_article_found,
UBOS,parish,GULOPONO,ABIM,LOTUKEI,,,no_article_found,
UBOS,parish,GULOTWORO,ABIM,MAGAMAGA,,,no_article_found,
UBOS,parish,KAKWETH WARD,ABIM,ORWAMUGE TOWN COUNCIL,,,no_article_found,
UBOS,parish,KALAKALA WARD,ABIM,KIRU TOWN COUNCIL,,,no_article_found,
UBOS,parish,KANU,ABIM,ABIM,,,no_article_found,
UBOS,parish,KATALA,ABIM,OPOPONGO,,,no_article_found,
UBOS,parish,KATHEBAKUME,ABIM,NYAKWAE,,,no_article_found,
UBOS,parish,KATHIMONGOR,ABIM,ALEREK,,,no_article_found,
UBOS,parish,KAWANG WARD,ABIM,ALEREK TOWN COUNCIL,,,no_article_found,
UBOS,parish,KIRU WARD,ABIM,KIRU TOWN COUNCIL,,,no_article_found,
UBOS,parish,KOBULIN,ABIM,NYAKWAE,,,no_article_found,
UBOS,parish,KOPUA,ABIM,OPOPONGO,,,no_article_found,
UBOS,parish,KOTHIDANY,ABIM,CAMKOK,,,no_article_found,
UBOS,parish,KOYA,ABIM,MAGAMAGA,,,no_article_found,
UBOS,parish,KULODWONG,ABIM,ALEREK,,,no_article_found,
UBOS,parish,LOBOLWALA WARD,ABIM,MORULEM TOWN COUNCIL,,,no_article_found,
UBOS,parish,LOKA,ABIM,LOTUKEI,,,no_article_found,
UBOS,parish,MONYANGA,ABIM,MAGAMAGA,,,no_article_found,
UBOS,parish,NUTHU,ABIM,OPOPONGO,,,no_article_found,
UBOS,parish,OBOLOKOME WARD,ABIM,MORULEM TOWN COUNCIL,,,no_article_found,
UBOS,parish,OCOM,ABIM,ALEREK,,,no_article_found,
UBOS,parish,OIMA,ABIM,ABIM,,,no_article_found,
UBOS,parish,OKILILING,ABIM,CAMKOK,,,no_article_found,
UBOS,parish,OKIMIA,ABIM,NYAKWAE,,,no_article_found,
UBOS,parish,OLEM,ABIM,ALEREK,,,no_article_found,
UBOS,parish,OPOPONGO,ABIM,OPOPONGO,,,no_article_found,
UBOS,parish,OPOROTH,ABIM,AWACH,,,no_article_found,
UBOS,parish,OREE WARD,ABIM,ABUK TOWN COUNCIL,,,no_article_found,
UBOS,parish,ORETHA,ABIM,NYAKWAE,,,no_article_found,
UBOS,parish,ORINGOWELO WARD,ABIM,ABIM TOWN COUNCIL,,,no_article_found,
UBOS,parish,ORWAMUGE WARD,ABIM,ORWAMUGE TOWN COUNCIL,,,no_article_found,
UBOS,parish,ORYEOTYENE,ABIM,ATUNGA,,,no_article_found,
UBOS,parish,OTALABAR,ABIM,ATUNGA,,,no_article_found,
UBOS,parish,OTUMPILI WARD,ABIM,ALEREK TOWN COUNCIL,,,no_article_found,
UBOS,parish,OYARO WARD,ABIM,KIRU TOWN COUNCIL,,,no_article_found,
UBOS,parish,PUPUKAMUYA,ABIM,NYAKWAE,,,no_article_found,
UBOS,parish,ROGOM,ABIM,NYAKWAE,,,no_article_found,
UBOS,parish,RUKA WARD,ABIM,MORULEM TOWN COUNCIL,,,no_article_found,
UBOS,parish,UNIVERSITY WARD,ABIM,ALEREK TOWN COUNCIL,,,no_article_found,
UBOS,parish,WIAWER WARD,ABIM,ABIM TOWN COUNCIL,,,no_article_found,
UBOS,parish,WILELA,ABIM,MAGAMAGA,,,no_article_found,
UBOS,parish,YARAYARA,ABIM,LOTUKEI,,,no_article_found,
UBOS,parish,AGOJO,ADJUMANI,CIFORO,,,no_article_found,
UBOS,parish,AGOJO SETTLEMENT,ADJUMANI,REFUGEE SETTLEMENT CAMPS,,,no_article_found,
UBOS,parish,AJUGOPI,ADJUMANI,DZAIPI,,,no_article_found,
UBOS,parish,ARASI,ADJUMANI,ARINYAPI,,,no_article_found,
UBOS,parish,ATABOO WARD,ADJUMANI,PAKELE TOWN COUNCIL,,,no_article_found,
UBOS,parish,AYILO 1 SETTLEMENT,ADJUMANI,REFUGEE SETTLEMENT CAMPS,,,no_article_found,
UBOS,parish,AYILO 2 SETTLEMENT,ADJUMANI,REFUGEE SETTLEMENT CAMPS,,,no_article_found,
UBOS,parish,BACERE,ADJUMANI,OFUA,,,no_article_found,
UBOS,parish,BARATUKU SETTLEMENT,ADJUMANI,REFUGEE SETTLEMENT CAMPS,,,no_article_found,
UBOS,parish,BIYAYA WARD,ADJUMANI,ADJUMANI TOWN COUNCIL,,,no_article_found,
UBOS,parish,BOROLI SETTLEMENT,ADJUMANI,REFUGEE SETTLEMENT CAMPS,,,no_article_found,
UBOS,parish,CENTRAL WARD,ADJUMANI,PAKELE TOWN COUNCIL,,,no_article_found,
UBOS,parish,CENTRAL WARD,ADJUMANI,ADJUMANI TOWN COUNCIL,,,no_article_found,
UBOS,parish,CESIA WARD,ADJUMANI,ADJUMANI TOWN COUNCIL,,,no_article_found,
UBOS,parish,ELEMA SETTLEMENT,ADJUMANI,REFUGEE SETTLEMENT CAMPS,,,no_article_found,
UBOS,parish,ESIA,ADJUMANI,ADROPI,,,no_article_found,
UBOS,parish,FUDA,ADJUMANI,PAKELE,,,no_article_found,
UBOS,parish,GULINYA,ADJUMANI,UKUSIJONI,,,no_article_found,
UBOS,parish,IBIBIAWORO,ADJUMANI,PAKELE,,,no_article_found,
UBOS,parish,ILINYI,ADJUMANI,OFUA,,,no_article_found,
UBOS,parish,ITUJI,ADJUMANI,ARINYAPI,,,no_article_found,
UBOS,parish,JIHWA,ADJUMANI,PACHARA,,,no_article_found,
UBOS,parish,KIRABA,ADJUMANI,UKUSIJONI,,,no_article_found,
UBOS,parish,KOLIDIDI,ADJUMANI,ITIRIKWA,,,no_article_found,
UBOS,parish,LAJOPI,ADJUMANI,ADROPI,,,no_article_found,
UBOS,parish,LEWA,ADJUMANI,PAKELE,,,no_article_found,
UBOS,parish,LOA,ADJUMANI,CIFORO,,,no_article_found,
UBOS,parish,LOGOANGWA,ADJUMANI,DZAIPI,,,no_article_found,
UBOS,parish,MAAJI,ADJUMANI,UKUSIJONI,,,no_article_found,
UBOS,parish,MAAJI 1 SETTLEMENT,ADJUMANI,REFUGEE SETTLEMENT CAMPS,,,no_article_found,
UBOS,parish,MAAJI 2 SETTLEMENT,ADJUMANI,REFUGEE SETTLEMENT CAMPS,,,no_article_found,
UBOS,parish,MAAJI 3 SETTLEMENT,ADJUMANI,REFUGEE SETTLEMENT CAMPS,,,no_article_found,
UBOS,parish,MARINDI,ADJUMANI,PACHARA,,,no_article_found,
UBOS,parish,MELIADERI,ADJUMANI,PAKELE,,,no_article_found,
UBOS,parish,MELIJO,ADJUMANI,PAKELE,,,no_article_found,
UBOS,parish,MGBERE,ADJUMANI,DZAIPI,,,no_article_found,
UBOS,parish,MINIKI,ADJUMANI,DZAIPI,,,no_article_found,
UBOS,parish,MIRIEYI SETTLEMENT,ADJUMANI,REFUGEE SETTLEMENT CAMPS,,,no_article_found,
UBOS,parish,MUGI,ADJUMANI,CIFORO,,,no_article_found,
UBOS,parish,MUNGULA,ADJUMANI,ITIRIKWA,,,no_article_found,
UBOS,parish,MUNGULA 1 SETTLEMENT,ADJUMANI,REFUGEE SETTLEMENT CAMPS,,,no_article_found,
UBOS,parish,MUNGULA 2 SETTLEMENT,ADJUMANI,REFUGEE SETTLEMENT CAMPS,,,no_article_found,
UBOS,parish,NYIVURA WARD,ADJUMANI,PAKELE TOWN COUNCIL,,,no_article_found,
UBOS,parish,NYUMANZI SETTLEMENT,ADJUMANI,REFUGEE SETTLEMENT CAMPS,,,no_article_found,
UBOS,parish,OBILOKONG,ADJUMANI,ADROPI,,,no_article_found,
UBOS,parish,ODU,ADJUMANI,ITIRIKWA,,,no_article_found,
UBOS,parish,OKANGALI,ADJUMANI,CIFORO,,,no_article_found,
UBOS,parish,OLIJI,ADJUMANI,REFUGEE SETTLEMENT CAMPS,,,no_article_found,
UBOS,parish,OLUA 1 SETTLEMENT,ADJUMANI,REFUGEE SETTLEMENT CAMPS,,,no_article_found,
UBOS,parish,OLUA 2 SETTLEMENT,ADJUMANI,REFUGEE SETTLEMENT CAMPS,,,no_article_found,
UBOS,parish,OMI,ADJUMANI,PACHARA,,,no_article_found,
UBOS,parish,OPEJO,ADJUMANI,CIFORO,,,no_article_found,
UBOS,parish,OPENZINZI,ADJUMANI,ADROPI,,,no_article_found,
UBOS,parish,OPI,ADJUMANI,OFUA,,,no_article_found,
UBOS,parish,PAGIRINYA SETTLEMENT,ADJUMANI,REFUGEE SETTLEMENT CAMPS,,,no_article_found,
UBOS,parish,PALEMO,ADJUMANI,ADROPI,,,no_article_found,
UBOS,parish,PAYARU,ADJUMANI,UKUSIJONI,,,no_article_found,
UBOS,parish,PERECI,ADJUMANI,PAKELE,,,no_article_found,
UBOS,parish,PERECI WARD,ADJUMANI,PAKELE TOWN COUNCIL,,,no_article_found,
UBOS,parish,SUBBE,ADJUMANI,OFUA,,,no_article_found,
UBOS,parish,TIANYU,ADJUMANI,OFUA,,,no_article_found,
UBOS,parish,UNNA,ADJUMANI,PACHARA,,,no_article_found,
UBOS,parish,ZINYINI,ADJUMANI,ARINYAPI,,,no_article_found,
UBOS,parish,ZOKA,ADJUMANI,ITIRIKWA,,,no_article_found,
UBOS,parish,ABILONINO,AGAGO,LIRA KATO,,,no_article_found,
UBOS,parish,ABONE GANG KAL WARD,AGAGO,LIRA-PALWO TOWN COUNCIL,,,no_article_found,
UBOS,parish,ACHOL-PII,AGAGO,ARUM,,,no_article_found,
UBOS,parish,ADEMI,AGAGO,AGENGO,,,no_article_found,
UBOS,parish,AGELEC,AGAGO,ARUM,,,no_article_found,
UBOS,parish,AGENGO,AGAGO,AGENGO,,,no_article_found,
UBOS,parish,AJALI ATEDE,AGAGO,AJALI,,,no_article_found,
UBOS,parish,AJALI WARD,AGAGO,AGAGO TOWN COUNCIL,,,no_article_found,
UBOS,parish,AKOMO WARD,AGAGO,PATONGO TOWN COUNCIL,,,no_article_found,
UBOS,parish,ALAA WARD,AGAGO,ADILANG TOWN COUNCIL,,,no_article_found,
UBOS,parish,ALELA,AGAGO,ARUM,,,no_article_found,
UBOS,parish,ALUPERE WARD,AGAGO,KALONGO TOWN COUNCIL,,,no_article_found,
UBOS,parish,ALWEE,AGAGO,AGENGO,,,no_article_found,
UBOS,parish,AMYEL,AGAGO,LAPONO,,,no_article_found,
UBOS,parish,ATECE,AGAGO,OMOT,,,no_article_found,
UBOS,parish,ATUT,AGAGO,KUYWEE,,,no_article_found,
UBOS,parish,AWONODWE,AGAGO,OMOT,,,no_article_found,
UBOS,parish,BARADANGA,AGAGO,GEREGERE,,,no_article_found,
UBOS,parish,BARIMA,AGAGO,OMOT,,,no_article_found,
UBOS,parish,BIWANG,AGAGO,LIRA KATO,,,no_article_found,
UBOS,parish,BIWANG,AGAGO,LIRA-PALWO,,,no_article_found,
UBOS,parish,BULOTWOMO WARD,AGAGO,LIRA-PALWO TOWN COUNCIL,,,no_article_found,
UBOS,parish,FOREST WARD,AGAGO,PATONGO TOWN COUNCIL,,,no_article_found,
UBOS,parish,GUDA WARD,AGAGO,WOL TOWN COUNCIL,,,no_article_found,
UBOS,parish,KAKET,AGAGO,LAPONO,,,no_article_found,
UBOS,parish,KAL,AGAGO,PATONGO,,,no_article_found,
UBOS,parish,KAL-AGUM,AGAGO,KUYWEE,,,no_article_found,
UBOS,parish,KAZIKAZI,AGAGO,ARUM,,,no_article_found,
UBOS,parish,KICO WARD,AGAGO,WOL TOWN COUNCIL,,,no_article_found,
UBOS,parish,KIWARO,AGAGO,LOKOLE,,,no_article_found,
UBOS,parish,KUBWOR WARD,AGAGO,KALONGO TOWN COUNCIL,,,no_article_found,
UBOS,parish,KULAKA,AGAGO,ADILANG,,,no_article_found,
UBOS,parish,LABWA,AGAGO,ADILANG,,,no_article_found,
UBOS,parish,LADERE,AGAGO,AJALI,,,no_article_found,
UBOS,parish,LAI WARD,AGAGO,LAI-MUTTO TOWN COUNCIL,,,no_article_found,
UBOS,parish,LAJWA,AGAGO,AJALI,,,no_article_found,
UBOS,parish,LAKWA,AGAGO,PATONGO,,,no_article_found,
UBOS,parish,LAKWA,AGAGO,OMIYA PACWA,,,no_article_found,
UBOS,parish,LALAL WARD,AGAGO,ADILANG TOWN COUNCIL,,,no_article_found,
UBOS,parish,LAMIT,AGAGO,KUYWEE,,,no_article_found,
UBOS,parish,LANYIRINYIRI,AGAGO,LIRA-PALWO,,,no_article_found,
UBOS,parish,LAPETA,AGAGO,LIRA-PALWO,,,no_article_found,
UBOS,parish,LAPILYET WARD,AGAGO,LIRA-PALWO TOWN COUNCIL,,,no_article_found,
UBOS,parish,LAPONO-MUK,AGAGO,LIRA KATO,,,no_article_found,
UBOS,parish,LAPYEM,AGAGO,ADILANG,,,no_article_found,
UBOS,parish,LATINLING,AGAGO,GEREGERE,,,no_article_found,
UBOS,parish,LIGILIGI,AGAGO,LAPEREBONG,,,no_article_found,
UBOS,parish,LIRA-KATO,AGAGO,LIRA KATO,,,no_article_found,
UBOS,parish,LOJIM,AGAGO,OMIYA PACWA,,,no_article_found,
UBOS,parish,LOKABAR,AGAGO,WOL,,,no_article_found,
UBOS,parish,LOMOI,AGAGO,OMIYA PACWA,,,no_article_found,
UBOS,parish,LUBANYA WARD,AGAGO,WOL TOWN COUNCIL,,,no_article_found,
UBOS,parish,LUKEE,AGAGO,KOTOMOR,,,no_article_found,
UBOS,parish,LUKWANGOLE,AGAGO,PATONGO,,,no_article_found,
UBOS,parish,LUMULE WARD,AGAGO,ADILANG TOWN COUNCIL,,,no_article_found,
UBOS,parish,LUTOME,AGAGO,AGENGO,,,no_article_found,
UBOS,parish,MUTTO,AGAGO,PAIMOL,,,no_article_found,
UBOS,parish,MUTTO WARD,AGAGO,LAI-MUTTO TOWN COUNCIL,,,no_article_found,
UBOS,parish,NAM,AGAGO,ADILANG,,,no_article_found,
UBOS,parish,NANANGWE,AGAGO,LAPEREBONG,,,no_article_found,
UBOS,parish,NGEKIDI,AGAGO,LAPEREBONG,,,no_article_found,
UBOS,parish,NGUDI,AGAGO,LOKOLE,,,no_article_found,
UBOS,parish,NGWERO,AGAGO,LOKOLE,,,no_article_found,
UBOS,parish,ODONGKIWINYO,AGAGO,PATONGO,,,no_article_found,
UBOS,parish,OGOLE,AGAGO,LAPONO,,,no_article_found,
UBOS,parish,OGOLE,AGAGO,WOL,,,no_article_found,
UBOS,parish,OGONG,AGAGO,KOTOMOR,,,no_article_found,
UBOS,parish,OJUR,AGAGO,LAMIYO,,,no_article_found,
UBOS,parish,OLUNG,AGAGO,LOKOLE,,,no_article_found,
UBOS,parish,OLUPE,AGAGO,GEREGERE,,,no_article_found,
UBOS,parish,OLYELO WIDYEL,AGAGO,KOTOMOR,,,no_article_found,
UBOS,parish,OMATOWEE,AGAGO,KOTOMOR,,,no_article_found,
UBOS,parish,OMONGO,AGAGO,LIRA-PALWO,,,no_article_found,
UBOS,parish,ONGALO,AGAGO,LAPONO,,,no_article_found,
UBOS,parish,OPARI,AGAGO,OMOT,,,no_article_found,
UBOS,parish,OPOROT WARD,AGAGO,PATONGO TOWN COUNCIL,,,no_article_found,
UBOS,parish,ORET WARD,AGAGO,KALONGO TOWN COUNCIL,,,no_article_found,
UBOS,parish,ORINA,AGAGO,LAPEREBONG,,,no_article_found,
UBOS,parish,OTAKA,AGAGO,LAMIYO,,,no_article_found,
UBOS,parish,OTEK,AGAGO,KOTOMOR,,,no_article_found,
UBOS,parish,OTUMPILI,AGAGO,AJALI,,,no_article_found,
UBOS,parish,PABALA,AGAGO,PARABONGO,,,no_article_found,
UBOS,parish,PACABOL,AGAGO,PAIMOL,,,no_article_found,
UBOS,parish,PACER,AGAGO,PARABONGO,,,no_article_found,
UBOS,parish,PAICAM,AGAGO,LAMIYO,,,no_article_found,
UBOS,parish,PAKOR,AGAGO,PARABONGO,,,no_article_found,
UBOS,parish,PALUTI,AGAGO,KUYWEE,,,no_article_found,
UBOS,parish,PAMPARA WARD,AGAGO,AGAGO TOWN COUNCIL,,,no_article_found,
UBOS,parish,PANYAGOL WARD,AGAGO,WOL TOWN COUNCIL,,,no_article_found,
UBOS,parish,PARUMU,AGAGO,PARABONGO,,,no_article_found,
UBOS,parish,POLCANI,AGAGO,LAMIYO,,,no_article_found,
UBOS,parish,PYERGWENG WARD,AGAGO,LIRA-PALWO TOWN COUNCIL,,,no_article_found,
UBOS,parish,ROGO,AGAGO,WOL,,,no_article_found,
UBOS,parish,TAA,AGAGO,PAIMOL,,,no_article_found,
UBOS,parish,TENGE,AGAGO,GEREGERE,,,no_article_found,
UBOS,parish,TORI,AGAGO,AGENGO,,,no_article_found,
UBOS,parish,TOWN WARD,AGAGO,KALONGO TOWN COUNCIL,,,no_article_found,
UBOS,parish,WIIDWOL,AGAGO,LOKOLE,,,no_article_found,
UBOS,parish,WIPOLO WARD,AGAGO,LAI-MUTTO TOWN COUNCIL,,,no_article_found,
UBOS,parish,ABANGOIMANY,ALEBTONG,ABIA,,,no_article_found,
UBOS,parish,ABERIDWOGO,ALEBTONG,ABIA,,,no_article_found,
UBOS,parish,ABIITING,ALEBTONG,APALA,,,no_article_found,
UBOS,parish,ABONGO AWOBE WARD,ALEBTONG,APALA TOWN COUNCIL,,,no_article_found,
UBOS,parish,ABONGOATIN,ALEBTONG,AMUGU,,,no_article_found,
UBOS,parish,ABONGODYANG WARD,ALEBTONG,APALA TOWN COUNCIL,,,no_article_found,
UBOS,parish,ABUKAMOLA,ALEBTONG,OMORO,,,no_article_found,
UBOS,parish,ABUNGA,ALEBTONG,AMUGU,,,no_article_found,
UBOS,parish,ACEDE,ALEBTONG,AWEI,,,no_article_found,
UBOS,parish,ACEK WARD,ALEBTONG,AMUGU TOWN COUNCIL,,,no_article_found,
UBOS,parish,ADWIR,ALEBTONG,ADWIR,,,no_article_found,
UBOS,parish,AJONYI WARD,ALEBTONG,AMUGU TOWN COUNCIL,,,no_article_found,
UBOS,parish,AKWANGKEL,ALEBTONG,ALOI,,,no_article_found,
UBOS,parish,ALAL WARD,ALEBTONG,ALOI TOWN COUNCIL,,,no_article_found,
UBOS,parish,ALANYI,ALEBTONG,ABAKO,,,no_article_found,
UBOS,parish,ALOLOLOLO,ALEBTONG,ADWIR,,,no_article_found,
UBOS,parish,ALYEC WARD,ALEBTONG,ALEBTONG TOWN COUNCIL,,,no_article_found,
UBOS,parish,AMONOMITO,ALEBTONG,APALA,,,no_article_found,
UBOS,parish,AMONONENO,ALEBTONG,ABAKO,,,no_article_found,
UBOS,parish,ANARA,ALEBTONG,ALOI,,,no_article_found,
UBOS,parish,ANGETTA,ALEBTONG,ANGETTA,,,no_article_found,
UBOS,parish,ANINO WARD,ALEBTONG,ALOI TOWN COUNCIL,,,no_article_found,
UBOS,parish,ANYANGA,ALEBTONG,AKURA,,,no_article_found,
UBOS,parish,ANYANGA B,ALEBTONG,AKURA,,,no_article_found,
UBOS,parish,ANYITI,ALEBTONG,ABAKO,,,no_article_found,
UBOS,parish,APADO WARD,ALEBTONG,ALEBTONG TOWN COUNCIL,,,no_article_found,
UBOS,parish,APANYAPANY WARD,ALEBTONG,APALA TOWN COUNCIL,,,no_article_found,
UBOS,parish,ATELELO,ALEBTONG,ANGETTA,,,no_article_found,
UBOS,parish,ATINKOK,ALEBTONG,ABIA,,,no_article_found,
UBOS,parish,AWAPINY,ALEBTONG,ABAKO,,,no_article_found,
UBOS,parish,AWEINGO,ALEBTONG,ANGETTA,,,no_article_found,
UBOS,parish,AWIEPEK WARD,ALEBTONG,ALOI TOWN COUNCIL,,,no_article_found,
UBOS,parish,AWORI,ALEBTONG,ABAKO,,,no_article_found,
UBOS,parish,BARDAGO,ALEBTONG,AKURA,,,no_article_found,
UBOS,parish,BAROPIRO,ALEBTONG,OMORO,,,no_article_found,
UBOS,parish,BEDIWORO WARD,ALEBTONG,APALA TOWN COUNCIL,,,no_article_found,
UBOS,parish,CENTRAL WARD,ALEBTONG,APALA TOWN COUNCIL,,,no_article_found,
UBOS,parish,CUNGACIKI WARD,ALEBTONG,APALA TOWN COUNCIL,,,no_article_found,
UBOS,parish,ELUPE WARD,ALEBTONG,APALA TOWN COUNCIL,,,no_article_found,
UBOS,parish,IMAKIOBORO WARD,ALEBTONG,ALOI TOWN COUNCIL,,,no_article_found,
UBOS,parish,KAI,ALEBTONG,AKURA,,,no_article_found,
UBOS,parish,NAKABELA WARD,ALEBTONG,ALEBTONG TOWN COUNCIL,,,no_article_found,
UBOS,parish,OBIM,ALEBTONG,APALA,,,no_article_found,
UBOS,parish,OBUO,ALEBTONG,ANGETTA,,,no_article_found,
UBOS,parish,OCOKOBER,ALEBTONG,ADWIR,,,no_article_found,
UBOS,parish,OCULOKORI,ALEBTONG,OMORO,,,no_article_found,
UBOS,parish,OJUL,ALEBTONG,AWEI,,,no_article_found,
UBOS,parish,OKOMO,ALEBTONG,ADWIR,,,no_article_found,
UBOS,parish,OKOTO WARD,ALEBTONG,ALOI TOWN COUNCIL,,,no_article_found,
UBOS,parish,OKUM WARD,ALEBTONG,AMUGU TOWN COUNCIL,,,no_article_found,
UBOS,parish,OKURANGO,ALEBTONG,ANGETTA,,,no_article_found,
UBOS,parish,OKWANGOLE,ALEBTONG,APALA,,,no_article_found,
UBOS,parish,OLAOILONGO,ALEBTONG,APALA,,,no_article_found,
UBOS,parish,OLWERO,ALEBTONG,ADWIR,,,no_article_found,
UBOS,parish,OLYET,ALEBTONG,AWEI,,,no_article_found,
UBOS,parish,OMARARI,ALEBTONG,OMORO,,,no_article_found,
UBOS,parish,OMEE,ALEBTONG,AMUGU,,,no_article_found,
UBOS,parish,OPAYENG WARD,ALEBTONG,AMUGU TOWN COUNCIL,,,no_article_found,
UBOS,parish,OTENO,ALEBTONG,ABIA,,,no_article_found,
UBOS,parish,OTWEOTOKE,ALEBTONG,AKURA,,,no_article_found,
UBOS,parish,OWALO,ALEBTONG,AWEI,,,no_article_found,
UBOS,parish,TE-ICONGA WARD,ALEBTONG,ALOI TOWN COUNCIL,,,no_article_found,
UBOS,parish,TEKULU,ALEBTONG,ABIA,,,no_article_found,
UBOS,parish,ABALODYANG,AMOLATAR,AKWON,,,no_article_found,
UBOS,parish,ABARIKORI,AMOLATAR,AGIKDAK,,,no_article_found,
UBOS,parish,ABARLER,AMOLATAR,MUNTU,,,no_article_found,
UBOS,parish,ABEJA,AMOLATAR,ABEJA,,,no_article_found,
UBOS,parish,ABURKIDI,AMOLATAR,ARWOTCEK,,,no_article_found,
UBOS,parish,ABURKOT WARD,AMOLATAR,AMOLATAR TOWN COUNCIL,,,no_article_found,
UBOS,parish,ABWOCKWAR,AMOLATAR,ETAM,,,no_article_found,
UBOS,parish,ABWONG,AMOLATAR,ARWOTCEK,,,no_article_found,
UBOS,parish,ACAN ORYEMA,AMOLATAR,OPALI,,,no_article_found,
UBOS,parish,ACOTEDO,AMOLATAR,AGWINGIRI,,,no_article_found,
UBOS,parish,ADAGANI,AMOLATAR,NAMASALE,,,no_article_found,
UBOS,parish,ADONYIMO,AMOLATAR,OPALI,,,no_article_found,
UBOS,parish,ADUM WARD,AMOLATAR,ETAM TOWN COUNCIL,,,no_article_found,
UBOS,parish,AGULUDIA,AMOLATAR,NAMASALE,,,no_article_found,
UBOS,parish,AGWENONYWAL,AMOLATAR,NALUBWOYO,,,no_article_found,
UBOS,parish,AKOL,AMOLATAR,ABEJA,,,no_article_found,
UBOS,parish,AKONGOMIT,AMOLATAR,AWELLO,,,no_article_found,
UBOS,parish,AKURILUBA,AMOLATAR,OPALI,,,no_article_found,
UBOS,parish,ALARO WARD,AMOLATAR,ETAM TOWN COUNCIL,,,no_article_found,
UBOS,parish,ALEMERE,AMOLATAR,AGWINGIRI,,,no_article_found,
UBOS,parish,ALEMERE WEST,AMOLATAR,AGWINGIRI,,,no_article_found,
UBOS,parish,ALOBO-OKWE,AMOLATAR,AGIKDAK,,,no_article_found,
UBOS,parish,ALYECMEDA,AMOLATAR,AGWINGIRI,,,no_article_found,
UBOS,parish,ALYET,AMOLATAR,APUTI,,,no_article_found,
UBOS,parish,AMAI,AMOLATAR,APUTI,,,no_article_found,
UBOS,parish,AMIRIMIRI WARD,AMOLATAR,AMOLATAR TOWN COUNCIL,,,no_article_found,
UBOS,parish,ANAMIDO,AMOLATAR,ETAM,,,no_article_found,
UBOS,parish,ANAMWANY,AMOLATAR,AWELLO,,,no_article_found,
UBOS,parish,ANYWAL WAKE,AMOLATAR,AGWINGIRI,,,no_article_found,
UBOS,parish,ANYWALI,AMOLATAR,APUTI,,,no_article_found,
UBOS,parish,APALE PE WARD,AMOLATAR,AMOLATAR TOWN COUNCIL,,,no_article_found,
UBOS,parish,ARINGO CENG,AMOLATAR,ABEJA,,,no_article_found,
UBOS,parish,AROMI,AMOLATAR,AKWON,,,no_article_found,
UBOS,parish,ARWOT WARD,AMOLATAR,ETAM TOWN COUNCIL,,,no_article_found,
UBOS,parish,ATERO,AMOLATAR,AWELLO,,,no_article_found,
UBOS,parish,ATOMORO,AMOLATAR,AWELLO,,,no_article_found,
UBOS,parish,AWEIPEKO WARD,AMOLATAR,NAMASALE TOWN COUNCIL,,,no_article_found,
UBOS,parish,AWIKORI,AMOLATAR,ACII,,,no_article_found,
UBOS,parish,AWINYIPANY,AMOLATAR,APUTI,,,no_article_found,
UBOS,parish,AWIODYEK,AMOLATAR,ETAM,,,no_article_found,
UBOS,parish,AWONANGIRO,AMOLATAR,AGIKDAK,,,no_article_found,
UBOS,parish,AYAMAWELE,AMOLATAR,ARWOTCEK,,,no_article_found,
UBOS,parish,BANGLADESH,AMOLATAR,NAMASALE,,,no_article_found,
UBOS,parish,BURAKWANA,AMOLATAR,NAMASALE,,,no_article_found,
UBOS,parish,CENTRAL WARD,AMOLATAR,NAMASALE TOWN COUNCIL,,,no_article_found,
UBOS,parish,CHAKWARA WARD,AMOLATAR,ETAM TOWN COUNCIL,,,no_article_found,
UBOS,parish,EPYEL WARD,AMOLATAR,AMOLATAR TOWN COUNCIL,,,no_article_found,
UBOS,parish,GOZWE,AMOLATAR,NAMASALE,,,no_article_found,
UBOS,parish,IZIGWE,AMOLATAR,NAMASALE,,,no_article_found,
UBOS,parish,KABANGALA,AMOLATAR,MUNTU,,,no_article_found,
UBOS,parish,KAYAGO WARD,AMOLATAR,NAMASALE TOWN COUNCIL,,,no_article_found,
UBOS,parish,KIKONDO,AMOLATAR,NAMASALE,,,no_article_found,
UBOS,parish,KONGORO,AMOLATAR,ACII,,,no_article_found,
UBOS,parish,MUCHORA,AMOLATAR,ACII,,,no_article_found,
UBOS,parish,NABWEYO,AMOLATAR,NAMASALE,,,no_article_found,
UBOS,parish,NAKATITI,AMOLATAR,MUNTU,,,no_article_found,
UBOS,parish,NALUBWOYO,AMOLATAR,NALUBWOYO,,,no_article_found,
UBOS,parish,NAMIZA,AMOLATAR,AGWINGIRI,,,no_article_found,
UBOS,parish,OBOTO MOO,AMOLATAR,APUTI,,,no_article_found,
UBOS,parish,OCAMOLUM,AMOLATAR,NALUBWOYO,,,no_article_found,
UBOS,parish,ODIAK,AMOLATAR,MUNTU,,,no_article_found,
UBOS,parish,ODYEDO,AMOLATAR,AWELLO,,,no_article_found,
UBOS,parish,OGENGA,AMOLATAR,ARWOTCEK,,,no_article_found,
UBOS,parish,OJEM,AMOLATAR,ARWOTCEK,,,no_article_found,
UBOS,parish,OKIJI,AMOLATAR,AKWON,,,no_article_found,
UBOS,parish,OLYAKA,AMOLATAR,NAMASALE,,,no_article_found,
UBOS,parish,OPALI,AMOLATAR,OPALI,,,no_article_found,
UBOS,parish,OTANGOCINGE,AMOLATAR,ABEJA,,,no_article_found,
UBOS,parish,OTIKE,AMOLATAR,ACII,,,no_article_found,
UBOS,parish,OTIRA,AMOLATAR,OPALI,,,no_article_found,
UBOS,parish,WABINUA WARD,AMOLATAR,NAMASALE TOWN COUNCIL,,,no_article_found,
UBOS,parish,ABILIYEP,AMUDAT,ABILIYEP,,,no_article_found,
UBOS,parish,ABONGAI,AMUDAT,KARITA,,,no_article_found,
UBOS,parish,ACHORICHOR,AMUDAT,ACHORICHOR,,,no_article_found,
UBOS,parish,AKORIKEYA,AMUDAT,ABILIYEP,,,no_article_found,
UBOS,parish,ALAKAS,AMUDAT,AMUDAT,,,no_article_found,
UBOS,parish,ANGURUMA,AMUDAT,KONGOROK,,,no_article_found,
UBOS,parish,AROL WARD,AMUDAT,KARITA TOWN COUNCIL,,,no_article_found,
UBOS,parish,ARUKANES,AMUDAT,LOKALES,,,no_article_found,
UBOS,parish,CHEMONING A WARD,AMUDAT,KARITA TOWN COUNCIL,,,no_article_found,
UBOS,parish,CHEPKARARAT,AMUDAT,LOKALES,,,no_article_found,
UBOS,parish,CHEPONGOS,AMUDAT,AMUDAT,,,no_article_found,
UBOS,parish,CHEPTAPOYO,AMUDAT,LOSIDOK,,,no_article_found,
UBOS,parish,DINGDINGA,AMUDAT,KATABOK,,,no_article_found,
UBOS,parish,IWAKAI,AMUDAT,ACHORICHOR,,,no_article_found,
UBOS,parish,JUMBE WARD,AMUDAT,AMUDAT TOWN COUNCIL,,,no_article_found,
UBOS,parish,KALAS WARD,AMUDAT,AMUDAT TOWN COUNCIL,,,no_article_found,
UBOS,parish,KAPETAWOI,AMUDAT,KATABOK,,,no_article_found,
UBOS,parish,KONGOROK,AMUDAT,KONGOROK,,,no_article_found,
UBOS,parish,LOBOROKOCHA,AMUDAT,LOROO,,,no_article_found,
UBOS,parish,LOBURIN,AMUDAT,AMUDAT,,,no_article_found,
UBOS,parish,LOCHENGENGE WARD,AMUDAT,AMUDAT TOWN COUNCIL,,,no_article_found,
UBOS,parish,LOKALES,AMUDAT,LOKALES,,,no_article_found,
UBOS,parish,LOKOMA,AMUDAT,LOSIDOK,,,no_article_found,
UBOS,parish,LOMERAI,AMUDAT,ACHORICHOR,,,no_article_found,
UBOS,parish,LOMEUTA B WARD,AMUDAT,KARITA TOWN COUNCIL,,,no_article_found,
UBOS,parish,LOSIDOK,AMUDAT,LOSIDOK,,,no_article_found,
UBOS,parish,LOYEP,AMUDAT,ABILIYEP,,,no_article_found,
UBOS,parish,MORUAKRUK,AMUDAT,LOKALES,,,no_article_found,
UBOS,parish,MORUONGOR WARD,AMUDAT,KARITA TOWN COUNCIL,,,no_article_found,
UBOS,parish,MOTANY,AMUDAT,KATABOK,,,no_article_found,
UBOS,parish,NABOKOTOM,AMUDAT,AMUDAT,,,no_article_found,
UBOS,parish,NAMOSING,AMUDAT,LOROO,,,no_article_found,
UBOS,parish,NAPOROKOCHA,AMUDAT,KARITA,,,no_article_found,
UBOS,parish,NAREMIT,AMUDAT,AMUDAT,,,no_article_found,
UBOS,parish,NGONGOSOWON,AMUDAT,AMUDAT,,,no_article_found,
UBOS,parish,SENIOR QUARTERS WARD,AMUDAT,KARITA TOWN COUNCIL,,,no_article_found,
UBOS,parish,TAPARAK WARD,AMUDAT,KARITA TOWN COUNCIL,,,no_article_found,
UBOS,parish,TINGAS WARD,AMUDAT,AMUDAT TOWN COUNCIL,,,no_article_found,
UBOS,parish,ABEKO,AMURIA,OGOLAI,,,no_article_found,
UBOS,parish,ABOKET,AMURIA,MORUNGATUNY,,,no_article_found,
UBOS,parish,ABWANGET,AMURIA,WILLA,,,no_article_found,
UBOS,parish,ADAKUN,AMURIA,ORUNGO,,,no_article_found,
UBOS,parish,AGWANJUA,AMURIA,OLWA,,,no_article_found,
UBOS,parish,AITA,AMURIA,AKERIAU,,,no_article_found,
UBOS,parish,AITA,AMURIA,MORUNGATUNY,,,no_article_found,
UBOS,parish,AJAKI,AMURIA,APEDURU,,,no_article_found,
UBOS,parish,AJOKOMOT,AMURIA,AMOLO,,,no_article_found,
UBOS,parish,AJOTA,AMURIA,WERA,,,no_article_found,
UBOS,parish,AKULAR,AMURIA,ABIA,,,no_article_found,
UBOS,parish,AKUM,AMURIA,WILLA,,,no_article_found,
UBOS,parish,ALIRA WARD,AMURIA,AMURIA TOWN COUNCIL,,,no_article_found,
UBOS,parish,AMECHA,AMURIA,ORUNGO,,,no_article_found,
UBOS,parish,AMILIMIL,AMURIA,KUJU,,,no_article_found,
UBOS,parish,AMUCU,AMURIA,APEDURU,,,no_article_found,
UBOS,parish,AMUKURAT,AMURIA,AMOLO,,,no_article_found,
UBOS,parish,AMUSUS,AMURIA,KUJU,,,no_article_found,
UBOS,parish,ANGOLE,AMURIA,WERA,,,no_article_found,
UBOS,parish,ANGOROM,AMURIA,KUJU,,,no_article_found,
UBOS,parish,ANYAIKI WARD,AMURIA,ORUNGO TOWN COUNCIL,,,no_article_found,
UBOS,parish,AOJAKITOI,AMURIA,KUJU,,,no_article_found,
UBOS,parish,APARISA,AMURIA,ASAMUK,,,no_article_found,
UBOS,parish,AROBA,AMURIA,AMOLO,,,no_article_found,
UBOS,parish,ARUTE,AMURIA,ABARILELA,,,no_article_found,
UBOS,parish,ATEN,AMURIA,WERA,,,no_article_found,
UBOS,parish,ATUBA,AMURIA,KUJU,,,no_article_found,
UBOS,parish,AWELU,AMURIA,OLWA,,,no_article_found,
UBOS,parish,AYOLA,AMURIA,OLWA,,,no_article_found,
UBOS,parish,BEN ETONU WARD,AMURIA,ASAMUK TOWN COUNCIL,,,no_article_found,
UBOS,parish,CENTRAL WARD,AMURIA,WERA TOWN COUNCIL,,,no_article_found,
UBOS,parish,CENTRAL WARD,AMURIA,ORUNGO TOWN COUNCIL,,,no_article_found,
UBOS,parish,CORNER STONE,AMURIA,MORUNGATUNY,,,no_article_found,
UBOS,parish,DODOS,AMURIA,ABARILELA,,,no_article_found,
UBOS,parish,FR TOUBER WARD,AMURIA,ASAMUK TOWN COUNCIL,,,no_article_found,
UBOS,parish,GOLOKWARA,AMURIA,AMOLO,,,no_article_found,
UBOS,parish,JALAM,AMURIA,OLWA,,,no_article_found,
UBOS,parish,MORUINERA,AMURIA,ORUNGO,,,no_article_found,
UBOS,parish,OBAR,AMURIA,KUJU,,,no_article_found,
UBOS,parish,OBUR,AMURIA,ASAMUK,,,no_article_found,
UBOS,parish,OCAGA WARD,AMURIA,ASAMUK TOWN COUNCIL,,,no_article_found,
UBOS,parish,OCAKAI,AMURIA,OGONGORA,,,no_article_found,
UBOS,parish,OCAL,AMURIA,ABARILELA,,,no_article_found,
UBOS,parish,OCOCIA,AMURIA,OGOLAI,,,no_article_found,
UBOS,parish,OCOR,AMURIA,AMOLO,,,no_article_found,
UBOS,parish,ODEPE,AMURIA,OGOLAI,,,no_article_found,
UBOS,parish,ODONGAI,AMURIA,ABIA,,,no_article_found,
UBOS,parish,ODOON,AMURIA,APEDURU,,,no_article_found,
UBOS,parish,ODUKUT WARD,AMURIA,ORUNGO TOWN COUNCIL,,,no_article_found,
UBOS,parish,OELAI,AMURIA,OGONGORA,,,no_article_found,
UBOS,parish,OGANGAI,AMURIA,MORUNGATUNY,,,no_article_found,
UBOS,parish,OGOLAI,AMURIA,OGOLAI,,,no_article_found,
UBOS,parish,OGONGORA,AMURIA,OGONGORA,,,no_article_found,
UBOS,parish,OGUDO,AMURIA,ABIA,,,no_article_found,
UBOS,parish,OJAMAI,AMURIA,ASAMUK,,,no_article_found,
UBOS,parish,OJUKOT,AMURIA,MORUNGATUNY,,,no_article_found,
UBOS,parish,OKUDE,AMURIA,AKERIAU,,,no_article_found,
UBOS,parish,OKUTOI WARD,AMURIA,AMURIA TOWN COUNCIL,,,no_article_found,
UBOS,parish,OLEKAI,AMURIA,ASAMUK,,,no_article_found,
UBOS,parish,OLELAI,AMURIA,ABARILELA,,,no_article_found,
UBOS,parish,OLELE,AMURIA,OGONGORA,,,no_article_found,
UBOS,parish,OLIANAI,AMURIA,WERA,,,no_article_found,
UBOS,parish,OLWA,AMURIA,OLWA,,,no_article_found,
UBOS,parish,OMARIAI,AMURIA,APEDURU,,,no_article_found,
UBOS,parish,OMORATOK,AMURIA,ORUNGO,,,no_article_found,
UBOS,parish,ONYEBA,AMURIA,OGONGORA,,,no_article_found,
UBOS,parish,OPAM,AMURIA,AMOLO,,,no_article_found,
UBOS,parish,OPIRIAI,AMURIA,WERA,,,no_article_found,
UBOS,parish,OSEKAI,AMURIA,WERA,,,no_article_found,
UBOS,parish,OTUBET,AMURIA,AKERIAU,,,no_article_found,
UBOS,parish,OWANGAI,AMURIA,ORUNGO,,,no_article_found,
UBOS,parish,SUGUR,AMURIA,AMOLO,,,no_article_found,
UBOS,parish,TEMELE,AMURIA,AKERIAU,,,no_article_found,
UBOS,parish,WILA,AMURIA,WILLA,,,no_article_found,
UBOS,parish,ACWERA,AMURU,AMURU,,,no_article_found,
UBOS,parish,ALII,AMURU,LAYIMA,,,no_article_found,
UBOS,parish,AMOYOKOL WARD,AMURU,ATIAK TOWN COUNCIL,,,no_article_found,
UBOS,parish,AMOYOKOMA WARD,AMURU,AMURU TOWN COUNCIL,,,no_article_found,
UBOS,parish,ATORO,AMURU,LAKANG,,,no_article_found,
UBOS,parish,BANA,AMURU,LAKANG,,,no_article_found,
UBOS,parish,CERI,AMURU,POGO,,,no_article_found,
UBOS,parish,COKE,AMURU,LAMOGI,,,no_article_found,
UBOS,parish,ELEGU LORIKWO WARD,AMURU,ELEGU TOWN COUNCIL,,,no_article_found,
UBOS,parish,GAYA,AMURU,PABBO,,,no_article_found,
UBOS,parish,KALADIMA WARD,AMURU,ELEGU TOWN COUNCIL,,,no_article_found,
UBOS,parish,KATATYER,AMURU,LAYIMA,,,no_article_found,
UBOS,parish,KIBOGI WARD,AMURU,ATIAK TOWN COUNCIL,,,no_article_found,
UBOS,parish,LACOR,AMURU,LAMOGI,,,no_article_found,
UBOS,parish,LAJALULA,AMURU,LAKANG,,,no_article_found,
UBOS,parish,LALEM,AMURU,OPARA,,,no_article_found,
UBOS,parish,LAYIK WARD,AMURU,PABBO TOWN COUNCIL,,,no_article_found,
UBOS,parish,LUJORO,AMURU,LAYIMA,,,no_article_found,
UBOS,parish,LUJORO WARD,AMURU,AMURU TOWN COUNCIL,,,no_article_found,
UBOS,parish,LULAI,AMURU,OPARA,,,no_article_found,
UBOS,parish,OBBO,AMURU,LAMOGI,,,no_article_found,
UBOS,parish,ODUR,AMURU,GURU GURU,,,no_article_found,
UBOS,parish,OGWERA,AMURU,POGO,,,no_article_found,
UBOS,parish,OKIDI,AMURU,ATIAK,,,no_article_found,
UBOS,parish,OKUNGED,AMURU,AMURU,,,no_article_found,
UBOS,parish,OLINGA,AMURU,POGO,,,no_article_found,
UBOS,parish,OMEE,AMURU,OPARA,,,no_article_found,
UBOS,parish,OTICI,AMURU,GURU GURU,,,no_article_found,
UBOS,parish,OTOROKUME,AMURU,POGO,,,no_article_found,
UBOS,parish,OTWEE WARD,AMURU,AMURU TOWN COUNCIL,,,no_article_found,
UBOS,parish,PABBO KAL,AMURU,PABBO,,,no_article_found,
UBOS,parish,PABUGA WARD,AMURU,ATIAK TOWN COUNCIL,,,no_article_found,
UBOS,parish,PACILO,AMURU,ATIAK,,,no_article_found,
UBOS,parish,PAGAK,AMURU,AMURU,,,no_article_found,
UBOS,parish,PAGIMORO WARD,AMURU,ATIAK TOWN COUNCIL,,,no_article_found,
UBOS,parish,PAGORO,AMURU,LAMOGI,,,no_article_found,
UBOS,parish,PALEMA,AMURU,LAMOGI,,,no_article_found,
UBOS,parish,PALUKERE,AMURU,OPARA,,,no_article_found,
UBOS,parish,PALWONG,AMURU,PABBO,,,no_article_found,
UBOS,parish,PAMUCA,AMURU,AMURU,,,no_article_found,
UBOS,parish,PARUBANGA,AMURU,PABBO,,,no_article_found,
UBOS,parish,PARWACA,AMURU,ATIAK,,,no_article_found,
UBOS,parish,PAWEL,AMURU,OPARA,,,no_article_found,
UBOS,parish,POGI WARD,AMURU,AMURU TOWN COUNCIL,,,no_article_found,
UBOS,parish,PUKUMU,AMURU,OPARA,,,no_article_found,
UBOS,parish,PUPWONYA,AMURU,ATIAK,,,no_article_found,
UBOS,parish,RECKICEKE,AMURU,LAYIMA,,,no_article_found,
UBOS,parish,TORO,AMURU,AMURU,,,no_article_found,
UBOS,parish,ABEDI,APAC,APAC,,,no_article_found,
UBOS,parish,ABERIDWOGO WARD,APAC,IBUJE TOWN COUNCIL,,,no_article_found,
UBOS,parish,ABYEIBUTI WARD,APAC,AKOKORO TOWN COUNCIL,,,no_article_found,
UBOS,parish,ADEM,APAC,CHEGERE,,,no_article_found,
UBOS,parish,AGANGA,APAC,IBUJE,,,no_article_found,
UBOS,parish,AGONG,APAC,TE-BOKE,,,no_article_found,
UBOS,parish,AKERE,APAC,APAC,,,no_article_found,
UBOS,parish,AKETO,APAC,IBUJE,,,no_article_found,
UBOS,parish,ALARO,APAC,APOI,,,no_article_found,
UBOS,parish,ALENGA WARD,APAC,IBUJE TOWN COUNCIL,,,no_article_found,
UBOS,parish,ALWOROCENG,APAC,IBUJE,,,no_article_found,
UBOS,parish,AMII-ABERIDWOGO,APAC,IBUJE,,,no_article_found,
UBOS,parish,AMII-AMILO,APAC,IBUJE,,,no_article_found,
UBOS,parish,AMINTENG,APAC,AGULLU DIVISION,,,no_article_found,
UBOS,parish,AMUN,APAC,APOI,,,no_article_found,
UBOS,parish,ANGAYIKI WARD,APAC,AKERE DIVISION,,,no_article_found,
UBOS,parish,APOI,APAC,APOI,,,no_article_found,
UBOS,parish,ATANA,APAC,APAC,,,no_article_found,
UBOS,parish,ATIGOLWOK,APAC,CHEGERE,,,no_article_found,
UBOS,parish,ATOPI,APAC,APAC,,,no_article_found,
UBOS,parish,ATOPI WARD,APAC,AROCHA DIVISION,,,no_article_found,
UBOS,parish,AWILA,APAC,AKOKORO,,,no_article_found,
UBOS,parish,AWIR WARD,APAC,AGULLU DIVISION,,,no_article_found,
UBOS,parish,AYEOLYEC,APAC,AKOKORO,,,no_article_found,
UBOS,parish,AYERA WARD,APAC,AKERE DIVISION,,,no_article_found,
UBOS,parish,BARDEK WARD,APAC,ATIK DIVISION,,,no_article_found,
UBOS,parish,BARODILO,APAC,TE-BOKE,,,no_article_found,
UBOS,parish,BARODONG WARD,APAC,AROCHA DIVISION,,,no_article_found,
UBOS,parish,BUNG WARD,APAC,ATIK DIVISION,,,no_article_found,
UBOS,parish,CENTRAL WARD,APAC,AKERE DIVISION,,,no_article_found,
UBOS,parish,CHEGERE,APAC,CHEGERE,,,no_article_found,
UBOS,parish,DAM WARD,APAC,AKERE DIVISION,,,no_article_found,
UBOS,parish,ILEE,APAC,TE-BOKE,,,no_article_found,
UBOS,parish,KIDILANI,APAC,CHEGERE,,,no_article_found,
UBOS,parish,KUNGU,APAC,AKOKORO,,,no_article_found,
UBOS,parish,NGEC WARD,APAC,AROCHA DIVISION,,,no_article_found,
UBOS,parish,ODOKOMAC WARD,APAC,AGULLU DIVISION,,,no_article_found,
UBOS,parish,OLILI WARD,APAC,ATIK DIVISION,,,no_article_found,
UBOS,parish,OLOLANGO,APAC,TE-BOKE,,,no_article_found,
UBOS,parish,ONGICA,APAC,CHEGERE,,,no_article_found,
UBOS,parish,OWANG WARD,APAC,AROCHA DIVISION,,,no_article_found,
UBOS,parish,OYO WARD,APAC,AROCHA DIVISION,,,no_article_found,
UBOS,parish,TAROGALI,APAC,IBUJE,,,no_article_found,
UBOS,parish,TE-IBU WARD,APAC,AGULLU DIVISION,,,no_article_found,
UBOS,parish,TEBOKE,APAC,TE-BOKE,,,no_article_found,
UBOS,parish,TEMOGO WARD,APAC,AROCHA DIVISION,,,no_article_found,
UBOS,parish,TETUGU WARD,APAC,AKOKORO TOWN COUNCIL,,,no_article_found,
UBOS,parish,WANSOLO,APAC,APOI,,,no_article_found,
UBOS,parish,WORMWAKA WARD,APAC,AGULLU DIVISION,,,no_article_found,
UBOS,parish,AJONO,ARUA,VURRA,,,no_article_found,
UBOS,parish,ALIVU,ARUA,AJIA,,,no_article_found,
UBOS,parish,ANYAVU,ARUA,LOGIRI,,,no_article_found,
UBOS,parish,ANZUU,ARUA,VURRA,,,no_article_found,
UBOS,parish,AWIKA,ARUA,ARIVU,,,no_article_found,
UBOS,parish,AYAA,ARUA,AJIA,,,no_article_found,
UBOS,parish,AYAA-YIA,ARUA,AJIA,,,no_article_found,
UBOS,parish,AYAVU,ARUA,VURRA,,,no_article_found,
UBOS,parish,CHIABA,ARUA,LOGIRI,,,no_article_found,
UBOS,parish,ECEKO,ARUA,ARIVU,,,no_article_found,
UBOS,parish,ERUBA,ARUA,VURRA,,,no_article_found,
UBOS,parish,EWAA,ARUA,AJIA,,,no_article_found,
UBOS,parish,EZUKU,ARUA,VURRA,,,no_article_found,
UBOS,parish,JIKI,ARUA,LOGIRI,,,no_article_found,
UBOS,parish,KULUVA,ARUA,VURRA,,,no_article_found,
UBOS,parish,LAZEBU,ARUA,LOGIRI,,,no_article_found,
UBOS,parish,NYIO,ARUA,VURRA,,,no_article_found,
UBOS,parish,NYIRIVU,ARUA,AJIA,,,no_article_found,
UBOS,parish,OCHOKO,ARUA,AJIA,,,no_article_found,
UBOS,parish,OKAVU,ARUA,LOGIRI,,,no_article_found,
UBOS,parish,OLEVU,ARUA,AJIA,,,no_article_found,
UBOS,parish,OLIBA,ARUA,LOGIRI,,,no_article_found,
UBOS,parish,OMBAVU,ARUA,ARIVU,,,no_article_found,
UBOS,parish,OMBOKORO,ARUA,AJIA,,,no_article_found,
UBOS,parish,OMOO,ARUA,ARIVU,,,no_article_found,
UBOS,parish,OPIA,ARUA,VURRA,,,no_article_found,
UBOS,parish,OZOO,ARUA,LOGIRI,,,no_article_found,
UBOS,parish,PAJURU,ARUA,ARIVU,,,no_article_found,
UBOS,parish,RINGILI,ARUA,VURRA,,,no_article_found,
UBOS,parish,TILEVU,ARUA,VURRA,,,no_article_found,
UBOS,parish,ULUPI,ARUA,ARIVU,,,no_article_found,
UBOS,parish,ADALAFU WARD,ARUA CITY,AYIVU DIVISION,,,no_article_found,
UBOS,parish,ALIVU-AROI WARD,ARUA CITY,AYIVU DIVISION,,,no_article_found,
UBOS,parish,ALIVU-PAJULU WARD,ARUA CITY,AYIVU DIVISION,,,no_article_found,
UBOS,parish,AMBEKO WARD,ARUA CITY,AYIVU DIVISION,,,no_article_found,
UBOS,parish,ANIPI WARD,ARUA CITY,AYIVU DIVISION,,,no_article_found,
UBOS,parish,ANZU WARD,ARUA CITY,AYIVU DIVISION,,,no_article_found,
UBOS,parish,ARIWARA WARD,ARUA CITY,AYIVU DIVISION,,,no_article_found,
UBOS,parish,AWINDIRI WARD,ARUA CITY,ARUA CENTRAL DIVISION,,,no_article_found,
UBOS,parish,BAZAAR WARD,ARUA CITY,ARUA CENTRAL DIVISION,,,no_article_found,
UBOS,parish,BUNYU WARD,ARUA CITY,AYIVU DIVISION,,,no_article_found,
UBOS,parish,BURA WARD,ARUA CITY,AYIVU DIVISION,,,no_article_found,
UBOS,parish,DRIWALA WARD,ARUA CITY,AYIVU DIVISION,,,no_article_found,
UBOS,parish,ELEKU WARD,ARUA CITY,AYIVU DIVISION,,,no_article_found,
UBOS,parish,ETORI WARD,ARUA CITY,AYIVU DIVISION,,,no_article_found,
UBOS,parish,EWADRI WARD,ARUA CITY,AYIVU DIVISION,,,no_article_found,
UBOS,parish,KAMULE WARD,ARUA CITY,AYIVU DIVISION,,,no_article_found,
UBOS,parish,KATI WARD,ARUA CITY,AYIVU DIVISION,,,no_article_found,
UBOS,parish,KOMITE WARD,ARUA CITY,AYIVU DIVISION,,,no_article_found,
UBOS,parish,KUBO WARD,ARUA CITY,AYIVU DIVISION,,,no_article_found,
UBOS,parish,LUFE WARD,ARUA CITY,AYIVU DIVISION,,,no_article_found,
UBOS,parish,LUVU WARD,ARUA CITY,AYIVU DIVISION,,,no_article_found,
UBOS,parish,MICU WARD,ARUA CITY,AYIVU DIVISION,,,no_article_found,
UBOS,parish,MITE WARD,ARUA CITY,AYIVU DIVISION,,,no_article_found,
UBOS,parish,MVARA WARD,ARUA CITY,ARUA CENTRAL DIVISION,,,no_article_found,
UBOS,parish,NYARACU WARD,ARUA CITY,AYIVU DIVISION,,,no_article_found,
UBOS,parish,NYIO WARD,ARUA CITY,AYIVU DIVISION,,,no_article_found,
UBOS,parish,NYIOVURA WARD,ARUA CITY,AYIVU DIVISION,,,no_article_found,
UBOS,parish,ODRAVU-DADAMU WARD,ARUA CITY,AYIVU DIVISION,,,no_article_found,
UBOS,parish,ODRAVU-MANIBE WARD,ARUA CITY,AYIVU DIVISION,,,no_article_found,
UBOS,parish,ODULUBA WARD,ARUA CITY,AYIVU DIVISION,,,no_article_found,
UBOS,parish,OLEVU WARD,ARUA CITY,AYIVU DIVISION,,,no_article_found,
UBOS,parish,OMBACHI-ADUMI WARD,ARUA CITY,AYIVU DIVISION,,,no_article_found,
UBOS,parish,OMBACHI-MANIBE WARD,ARUA CITY,AYIVU DIVISION,,,no_article_found,
UBOS,parish,OMBOKORO-MANIBE WARD,ARUA CITY,AYIVU DIVISION,,,no_article_found,
UBOS,parish,OMBOKORO-OLUKO WARD,ARUA CITY,AYIVU DIVISION,,,no_article_found,
UBOS,parish,ONZIVU WARD,ARUA CITY,AYIVU DIVISION,,,no_article_found,
UBOS,parish,OREKU WARD,ARUA CITY,AYIVU DIVISION,,,no_article_found,
UBOS,parish,ORUGBO WARD,ARUA CITY,AYIVU DIVISION,,,no_article_found,
UBOS,parish,PANGISA WARD,ARUA CITY,ARUA CENTRAL DIVISION,,,no_article_found,
UBOS,parish,POKEA WARD,ARUA CITY,AYIVU DIVISION,,,no_article_found,
UBOS,parish,ROBU-AROI WARD,ARUA CITY,AYIVU DIVISION,,,no_article_found,
UBOS,parish,ROBU-MANIBE WARD,ARUA CITY,AYIVU DIVISION,,,no_article_found,
UBOS,parish,TANGANYIKA WARD,ARUA CITY,ARUA CENTRAL DIVISION,,,no_article_found,
UBOS,parish,TANGANYIKA WARD,ARUA CITY,AYIVU DIVISION,,,no_article_found,
UBOS,parish,TURU WARD,ARUA CITY,AYIVU DIVISION,,,no_article_found,
UBOS,parish,WANDI WARD,ARUA CITY,AYIVU DIVISION,,,no_article_found,
UBOS,parish,YABIAVOKO WARD,ARUA CITY,AYIVU DIVISION,,,no_article_found,
UBOS,parish,YAPI WARD,ARUA CITY,AYIVU DIVISION,,,no_article_found,
UBOS,parish,BUKALIGWOKO,BUDAKA,MUGITI,,,no_article_found,
UBOS,parish,BULALAKA WARD,BUDAKA,KACHOMO TOWN COUNCIL,,,no_article_found,
UBOS,parish,BULOKI,BUDAKA,KATIRA,,,no_article_found,
UBOS,parish,BULOKI WARD,BUDAKA,IKI-IKI TOWN COUNCIL,,,no_article_found,
UBOS,parish,BUNAMINTO,BUDAKA,IKI-IKI,,,no_article_found,
UBOS,parish,BUNAMWERA,BUDAKA,MUGITI,,,no_article_found,
UBOS,parish,BUNYEKERO,BUDAKA,NABOA TOWN COUNCIL,,,no_article_found,
UBOS,parish,BUNYOLO,BUDAKA,KAMONKOLI,,,no_article_found,
UBOS,parish,BUPUCHAI,BUDAKA,KAMERUKA,,,no_article_found,
UBOS,parish,BURWETA WARD,BUDAKA,KACHOMO TOWN COUNCIL,,,no_article_found,
UBOS,parish,BWASE WARD,BUDAKA,BUDAKA TOWN COUNCIL,,,no_article_found,
UBOS,parish,CHALI,BUDAKA,BUDAKA,,,no_article_found,
UBOS,parish,IDUDI A,BUDAKA,NANSANGA,,,no_article_found,
UBOS,parish,IDUDI B,BUDAKA,NANSANGA,,,no_article_found,
UBOS,parish,JAMI,BUDAKA,KAMONKOLI,,,no_article_found,
UBOS,parish,KABUNA,BUDAKA,KABUNA,,,no_article_found,
UBOS,parish,KABYONGA,BUDAKA,KAKOLI,,,no_article_found,
UBOS,parish,KADATUMI,BUDAKA,KATIRA,,,no_article_found,
UBOS,parish,KADENGHE,BUDAKA,IKI-IKI,,,no_article_found,
UBOS,parish,KADENGHE WARD,BUDAKA,KACHOMO TOWN COUNCIL,,,no_article_found,
UBOS,parish,KADIMUKOLI,BUDAKA,KADIMUKOLI,,,no_article_found,
UBOS,parish,KAITANGOLE WARD,BUDAKA,IKI-IKI TOWN COUNCIL,,,no_article_found,
UBOS,parish,KAKOLI,BUDAKA,KAKOLI,,,no_article_found,
UBOS,parish,KAPERI,BUDAKA,KABUNA,,,no_article_found,
UBOS,parish,KAPERI,BUDAKA,KAKULE,,,no_article_found,
UBOS,parish,KASULETA,BUDAKA,KAKULE,,,no_article_found,
UBOS,parish,KEBULA,BUDAKA,KADERUNA,,,no_article_found,
UBOS,parish,KEREKERENE,BUDAKA,KATIRA,,,no_article_found,
UBOS,parish,KIRYOLO,BUDAKA,KADERUNA,,,no_article_found,
UBOS,parish,KODIRI,BUDAKA,KACHOMO,,,no_article_found,
UBOS,parish,KOSITI,BUDAKA,KADIMUKOLI,,,no_article_found,
UBOS,parish,KOTIA,BUDAKA,KABUNA,,,no_article_found,
UBOS,parish,KOTINYANGA,BUDAKA,KACHOMO,,,no_article_found,
UBOS,parish,LERYA,BUDAKA,KAKULE,,,no_article_found,
UBOS,parish,LERYA,BUDAKA,KAMERUKA,,,no_article_found,
UBOS,parish,LUPADA,BUDAKA,NABOA TOWN COUNCIL,,,no_article_found,
UBOS,parish,MACHOLI WARD,BUDAKA,BUDAKA TOWN COUNCIL,,,no_article_found,
UBOS,parish,NABUGALO,BUDAKA,KAMERUKA,,,no_article_found,
UBOS,parish,NABWEYO WARD,BUDAKA,BUDAKA TOWN COUNCIL,,,no_article_found,
UBOS,parish,NACHEWU,BUDAKA,KADIMUKOLI,,,no_article_found,
UBOS,parish,NAKISENYE WARD,BUDAKA,LYAMA TOWN COUNCIL,,,no_article_found,
UBOS,parish,NALUGONDO,BUDAKA,TADEMERI,,,no_article_found,
UBOS,parish,NALULI,BUDAKA,TADEMERI,,,no_article_found,
UBOS,parish,NAMENGO WARD,BUDAKA,BUDAKA TOWN COUNCIL,,,no_article_found,
UBOS,parish,NAMPANGALA,BUDAKA,BUDAKA,,,no_article_found,
UBOS,parish,NAMUKALO,BUDAKA,TADEMERI,,,no_article_found,
UBOS,parish,NAMUSITA,BUDAKA,KAKULE,,,no_article_found,
UBOS,parish,NANGEYE,BUDAKA,NABOA TOWN COUNCIL,,,no_article_found,
UBOS,parish,NANZALA,BUDAKA,KAMERUKA,,,no_article_found,
UBOS,parish,NASENYI,BUDAKA,MUGITI,,,no_article_found,
UBOS,parish,NAUNGHOLI,BUDAKA,KADERUNA,,,no_article_found,
UBOS,parish,NYANZA,BUDAKA,KAKOLI,,,no_article_found,
UBOS,parish,NYANZA,BUDAKA,MUGITI,,,no_article_found,
UBOS,parish,SAPIRI,BUDAKA,BUDAKA,,,no_article_found,
UBOS,parish,SEKULO,BUDAKA,KADIMUKOLI,,,no_article_found,
UBOS,parish,SUNI WARD,BUDAKA,LYAMA TOWN COUNCIL,,,no_article_found,
UBOS,parish,TADEMERI,BUDAKA,TADEMERI,,,no_article_found,
UBOS,parish,BIKIMASWA,BUDUDA,BUSIRIWA,,,no_article_found,
UBOS,parish,BUBORE,BUDUDA,BUNABUTITI,,,no_article_found,
UBOS,parish,BUBUKASHA,BUDUDA,BUMAYOKA,,,no_article_found,
UBOS,parish,BUBUNGI,BUDUDA,BUNABUTITI,,,no_article_found,
UBOS,parish,BUBUYERA WARD,BUDUDA,KIKHOLO TOWN COUNCIL,,,no_article_found,
UBOS,parish,BUFUKHULA,BUDUDA,BUSHIRIBO,,,no_article_found,
UBOS,parish,BUFUMA,BUDUDA,BUFUMA,,,no_article_found,
UBOS,parish,BUFUTSA,BUDUDA,BUSHIKA,,,no_article_found,
UBOS,parish,BUIRIMBI,BUDUDA,BUKIBOKOLO,,,no_article_found,
UBOS,parish,BUKARI,BUDUDA,BUKIBOKOLO,,,no_article_found,
UBOS,parish,BUKHALALI,BUDUDA,BUDUDA,,,no_article_found,
UBOS,parish,BUKHATONDI,BUDUDA,BUDUDA,,,no_article_found,
UBOS,parish,BUKHAUKHA,BUDUDA,BUSHIKA,,,no_article_found,
UBOS,parish,BUKHAYENJELE,BUDUDA,BUMAYOKA,,,no_article_found,
UBOS,parish,BUKHONE,BUDUDA,BUSIRIWA,,,no_article_found,
UBOS,parish,BUKHURA,BUDUDA,BUMASHETI,,,no_article_found,
UBOS,parish,BUKHWAKA,BUDUDA,BUSHIRIBO,,,no_article_found,
UBOS,parish,BUKIBALERA,BUDUDA,BUNDESI,,,no_article_found,
UBOS,parish,BUKIBINO,BUDUDA,BUKIBINO,,,no_article_found,
UBOS,parish,BUKIBUMBI,BUDUDA,BUKALASI,,,no_article_found,
UBOS,parish,BUKIMUMA,BUDUDA,BUKIBINO,,,no_article_found,
UBOS,parish,BUKIRIMWA,BUDUDA,BUKIBINO,,,no_article_found,
UBOS,parish,BULATSE,BUDUDA,BUFUMA,,,no_article_found,
UBOS,parish,BULOBI WARD,BUDUDA,KIKHOLO TOWN COUNCIL,,,no_article_found,
UBOS,parish,BULOLI,BUDUDA,BUDUDA,,,no_article_found,
UBOS,parish,BULOLI NORTH WARD,BUDUDA,BUDUDA TOWN COUNCIL,,,no_article_found,
UBOS,parish,BULOLI SOUTH WARD,BUDUDA,BUDUDA TOWN COUNCIL,,,no_article_found,
UBOS,parish,BULUMINO,BUDUDA,BUKIBOKOLO,,,no_article_found,
UBOS,parish,BUMABALA,BUDUDA,BUNATSAMI,,,no_article_found,
UBOS,parish,BUMAEMBA,BUDUDA,BULUCHEKE,,,no_article_found,
UBOS,parish,BUMAKHWA,BUDUDA,NALWANZA,,,no_article_found,
UBOS,parish,BUMAKITA,BUDUDA,NALWANZA,,,no_article_found,
UBOS,parish,BUMAKUMA WARD,BUDUDA,BUKIGAI TOWN COUNCIL,,,no_article_found,
UBOS,parish,BUMANGOYE,BUDUDA,BUKIGAI,,,no_article_found,
UBOS,parish,BUMASA,BUDUDA,BUSHIRIBO,,,no_article_found,
UBOS,parish,BUMASATA,BUDUDA,BULUCHEKE,,,no_article_found,
UBOS,parish,BUMASIME,BUDUDA,BUNDESI,,,no_article_found,
UBOS,parish,BUMIRUME,BUDUDA,BUKIGAI,,,no_article_found,
UBOS,parish,BUMUKONYA,BUDUDA,NAKATSI,,,no_article_found,
UBOS,parish,BUMUSENYE,BUDUDA,NAKATSI,,,no_article_found,
UBOS,parish,BUMUSHISO,BUDUDA,BUSHIKA,,,no_article_found,
UBOS,parish,BUMUSI,BUDUDA,NALWANZA,,,no_article_found,
UBOS,parish,BUMUSI UPPER,BUDUDA,NALWANZA,,,no_article_found,
UBOS,parish,BUMUTU,BUDUDA,BUNATSAMI,,,no_article_found,
UBOS,parish,BUMWALUKANI,BUDUDA,BUMWALUKANI,,,no_article_found,
UBOS,parish,BUMWALYE,BUDUDA,BULUCHEKE,,,no_article_found,
UBOS,parish,BUNABUTITI,BUDUDA,BUNABUTITI,,,no_article_found,
UBOS,parish,BUNABWIRE WARD,BUDUDA,BUKIGAI TOWN COUNCIL,,,no_article_found,
UBOS,parish,BUNAKHAYOTI,BUDUDA,NABWEYA,,,no_article_found,
UBOS,parish,BUNAKUTI WARD,BUDUDA,BUKIGAI TOWN COUNCIL,,,no_article_found,
UBOS,parish,BUNAMANDA,BUDUDA,BUKIBINO,,,no_article_found,
UBOS,parish,BUNAMANDA,BUDUDA,BUNABUTITI,,,no_article_found,
UBOS,parish,BUNAMASHE,BUDUDA,BUDUDA,,,no_article_found,
UBOS,parish,BUNAMBALE,BUDUDA,BUSHIRIBO,,,no_article_found,
UBOS,parish,BUNAMBATSU,BUDUDA,NAKATSI,,,no_article_found,
UBOS,parish,BUNAMBOKA,BUDUDA,BUNDESI,,,no_article_found,
UBOS,parish,BUNAMEE,BUDUDA,BUMASHETI,,,no_article_found,
UBOS,parish,BUNAMEE WARD,BUDUDA,KUUSHU TOWN COUNCIL,,,no_article_found,
UBOS,parish,BUNAMUBI,BUDUDA,BUKIGAI,,,no_article_found,
UBOS,parish,BUNAMUKYE,BUDUDA,BUKIBOKOLO,,,no_article_found,
UBOS,parish,BUNAMULEMBWA,BUDUDA,BUMWALUKANI,,,no_article_found,
UBOS,parish,BUNAMUTUNYI,BUDUDA,BUDUDA,,,no_article_found,
UBOS,parish,BUNAMUTUNYI WARD,BUDUDA,BUDUDA TOWN COUNCIL,,,no_article_found,
UBOS,parish,BUNAMWAMBA,BUDUDA,BUWALI,,,no_article_found,
UBOS,parish,BUNANDUTU,BUDUDA,NABWEYA,,,no_article_found,
UBOS,parish,BUNANDUTU,BUDUDA,BUMAYOKA,,,no_article_found,
UBOS,parish,BUNANGO,BUDUDA,NALWANZA,,,no_article_found,
UBOS,parish,BUNANTSUSHI,BUDUDA,BULUCHEKE,,,no_article_found,
UBOS,parish,BUNANYILI,BUDUDA,BUNATSAMI,,,no_article_found,
UBOS,parish,BUNANYIRI WARD,BUDUDA,KIKHOLO TOWN COUNCIL,,,no_article_found,
UBOS,parish,BUNAPORO,BUDUDA,BUKIGAI,,,no_article_found,
UBOS,parish,BUNASHISWA WARD,BUDUDA,KUUSHU TOWN COUNCIL,,,no_article_found,
UBOS,parish,BUNATONDO,BUDUDA,MABONO,,,no_article_found,
UBOS,parish,BUNATSAMI,BUDUDA,BUNATSAMI,,,no_article_found,
UBOS,parish,BUNATSIMI,BUDUDA,NAKATSI,,,no_article_found,
UBOS,parish,BUNATSUMYA,BUDUDA,NABWEYA,,,no_article_found,
UBOS,parish,BUNAWATSI,BUDUDA,BUDUDA,,,no_article_found,
UBOS,parish,BUNDESI,BUDUDA,BUNDESI,,,no_article_found,
UBOS,parish,BUNEBOSHE,BUDUDA,BUSIRIWA,,,no_article_found,
UBOS,parish,BUNEEMBE,BUDUDA,BUDUDA,,,no_article_found,
UBOS,parish,BUNYANGA,BUDUDA,NABWEYA,,,no_article_found,
UBOS,parish,BURABA,BUDUDA,BUSIRIWA,,,no_article_found,
UBOS,parish,BURAFULA,BUDUDA,BUSHIYI,,,no_article_found,
UBOS,parish,BUSAI,BUDUDA,BUDUDA,,,no_article_found,
UBOS,parish,BUSAMALI,BUDUDA,BUMASHETI,,,no_article_found,
UBOS,parish,BUSHIMWEMWE,BUDUDA,BUDUDA,,,no_article_found,
UBOS,parish,BUSHINYEKWA,BUDUDA,BUDUDA,,,no_article_found,
UBOS,parish,BUSHISWABULA,BUDUDA,BUFUMA,,,no_article_found,
UBOS,parish,BUSHUNYA WARD,BUDUDA,KIKHOLO TOWN COUNCIL,,,no_article_found,
UBOS,parish,BUSIRIWA,BUDUDA,BUSIRIWA,,,no_article_found,
UBOS,parish,BUSWALIKHA,BUDUDA,BUSHIRIBO,,,no_article_found,
UBOS,parish,BUTILIKU,BUDUDA,BUKIGAI,,,no_article_found,
UBOS,parish,BUWAGIYU,BUDUDA,NALWANZA,,,no_article_found,
UBOS,parish,BUWAKHATA,BUDUDA,BUKIBOKOLO,,,no_article_found,
UBOS,parish,BUWALI,BUDUDA,BUWALI,,,no_article_found,
UBOS,parish,BUWANABISI WARD,BUDUDA,BUDUDA TOWN COUNCIL,,,no_article_found,
UBOS,parish,BUWASHI,BUDUDA,BUWALI,,,no_article_found,
UBOS,parish,BUYI,BUDUDA,BUSIRIWA,,,no_article_found,
UBOS,parish,IBAALE WARD,BUDUDA,KUUSHU TOWN COUNCIL,,,no_article_found,
UBOS,parish,KASUNI,BUDUDA,BUKALASI,,,no_article_found,
UBOS,parish,KHAMA WARD,BUDUDA,NANGAKO TOWN COUNCIL,,,no_article_found,
UBOS,parish,KIKHOLO WARD,BUDUDA,KIKHOLO TOWN COUNCIL,,,no_article_found,
UBOS,parish,KITSATSA,BUDUDA,MABONO,,,no_article_found,
UBOS,parish,KITSAWA WARD,BUDUDA,KUUSHU TOWN COUNCIL,,,no_article_found,
UBOS,parish,MAABA,BUDUDA,BUBIITA,,,no_article_found,
UBOS,parish,MABINA,BUDUDA,BUKALASI,,,no_article_found,
UBOS,parish,MABONO,BUDUDA,MABONO,,,no_article_found,
UBOS,parish,MAIKA,BUDUDA,BUNDESI,,,no_article_found,
UBOS,parish,MAKUKYE,BUDUDA,MABONO,,,no_article_found,
UBOS,parish,MASAKHANU,BUDUDA,BUKALASI,,,no_article_found,
UBOS,parish,MATSAKHA,BUDUDA,BUMAYOKA,,,no_article_found,
UBOS,parish,MATUWA,BUDUDA,BUSHIYI,,,no_article_found,
UBOS,parish,MBELEMA WARD,BUDUDA,BUKIGAI TOWN COUNCIL,,,no_article_found,
UBOS,parish,MUKINI WARD,BUDUDA,NANGAKO TOWN COUNCIL,,,no_article_found,
UBOS,parish,MUNKAGA WARD,BUDUDA,NANGAKO TOWN COUNCIL,,,no_article_found,
UBOS,parish,MUTSITSI WARD,BUDUDA,NANGAKO TOWN COUNCIL,,,no_article_found,
UBOS,parish,NABAFU,BUDUDA,BUSHIRIBO,,,no_article_found,
UBOS,parish,NABINGOMA WARD,BUDUDA,BUKIGAI TOWN COUNCIL,,,no_article_found,
UBOS,parish,NABOOTI,BUDUDA,BUFUMA,,,no_article_found,
UBOS,parish,NABULALO,BUDUDA,BUKALASI,,,no_article_found,
UBOS,parish,NAKHASHISI,BUDUDA,BUNDESI,,,no_article_found,
UBOS,parish,NAKUNGULYU,BUDUDA,BUSHIYI,,,no_article_found,
UBOS,parish,NAMAITSU,BUDUDA,BUKIBINO,,,no_article_found,
UBOS,parish,NAMAKUKYE,BUDUDA,BUFUMA,,,no_article_found,
UBOS,parish,NAMAKUTO,BUDUDA,BUSHIKA,,,no_article_found,
UBOS,parish,NAMALILA,BUDUDA,BUNDESI,,,no_article_found,
UBOS,parish,NAMAMUKA,BUDUDA,BUSHIYI,,,no_article_found,
UBOS,parish,NAMARUMBA,BUDUDA,BUKALASI,,,no_article_found,
UBOS,parish,NAMASHETI,BUDUDA,BUNDESI,,,no_article_found,
UBOS,parish,NAMATIALE,BUDUDA,BUNABUTITI,,,no_article_found,
UBOS,parish,NAMETSI,BUDUDA,BUNDESI,,,no_article_found,
UBOS,parish,NAMIRUMBA,BUDUDA,BUSHIYI,,,no_article_found,
UBOS,parish,NAMUKHUYU,BUDUDA,BUMAYOKA,,,no_article_found,
UBOS,parish,NANGAKO WARD,BUDUDA,NANGAKO TOWN COUNCIL,,,no_article_found,
UBOS,parish,NANGOBE,BUDUDA,BUMAYOKA,,,no_article_found,
UBOS,parish,NAPOSHI,BUDUDA,BUSHIKA,,,no_article_found,
UBOS,parish,NASHULA WARD,BUDUDA,BUDUDA TOWN COUNCIL,,,no_article_found,
UBOS,parish,NGAAME,BUDUDA,BUKALASI,,,no_article_found,
UBOS,parish,NSHITSUBO WARD,BUDUDA,KIKHOLO TOWN COUNCIL,,,no_article_found,
UBOS,parish,RENYELI,BUDUDA,BUNDESI,,,no_article_found,
UBOS,parish,RUKURU,BUDUDA,MABONO,,,no_article_found,
UBOS,parish,SAKUSAKU,BUDUDA,BUMWALUKANI,,,no_article_found,
UBOS,parish,SHIBANGA,BUDUDA,BUNDESI,,,no_article_found,
UBOS,parish,SHIKHOLO,BUDUDA,BUMWALUKANI,,,no_article_found,
UBOS,parish,SHIKHULUSI,BUDUDA,BUBIITA,,,no_article_found,
UBOS,parish,SHISABASI,BUDUDA,BUDUDA,,,no_article_found,
UBOS,parish,SHISHENDU,BUDUDA,BUBIITA,,,no_article_found,
UBOS,parish,SHITEKA,BUDUDA,BUBIITA,,,no_article_found,
UBOS,parish,SUMME,BUDUDA,BUKALASI,,,no_article_found,
UBOS,parish,TUNWATSI,BUDUDA,BUNDESI,,,no_article_found,
UBOS,parish,ULUKUSI,BUDUDA,MABONO,,,no_article_found,
UBOS,parish,WAMEYO,BUDUDA,BUKIBINO,,,no_article_found,
UBOS,parish,BUBALYA,BUGIRI,NABUKALU TOWN COUNCIL,,,no_article_found,
UBOS,parish,BUBUGO,BUGIRI,BUWUNGA,,,no_article_found,
UBOS,parish,BUDE WARD,BUGIRI,MAYUGE TOWN COUNCIL,,,no_article_found,
UBOS,parish,BUDUNDULI WARD,BUGIRI,BUSOWA TOWN COUNCIL,,,no_article_found,
UBOS,parish,BUFUNDA,BUGIRI,BULUGUYI,,,no_article_found,
UBOS,parish,BUGAYI,BUGIRI,BULUGUYI,,,no_article_found,
UBOS,parish,BUGESO,BUGIRI,IWEMBA,,,no_article_found,
UBOS,parish,BUGUBO,BUGIRI,KAPYANGA,,,no_article_found,
UBOS,parish,BUGUNGA,BUGIRI,KAPYANGA,,,no_article_found,
UBOS,parish,BUKATU,BUGIRI,BUDHAYA,,,no_article_found,
UBOS,parish,BUKUBANSIRI,BUGIRI,NABUKALU,,,no_article_found,
UBOS,parish,BUKYANSIKO WARD,BUGIRI,NABUKALU TOWN COUNCIL,,,no_article_found,
UBOS,parish,BULUGUYI WARD,BUGIRI,MUWAYO TOWN COUNCIL,,,no_article_found,
UBOS,parish,BULUME WARD,BUGIRI,BUSOWA TOWN COUNCIL,,,no_article_found,
UBOS,parish,BULUWE,BUGIRI,BULESA,,,no_article_found,
UBOS,parish,BUPALA,BUGIRI,BUWUNGA,,,no_article_found,
UBOS,parish,BUSINI WARD,BUGIRI,MUTELELE TOWN COUNCIL,,,no_article_found,
UBOS,parish,BUTYABULE,BUGIRI,NABUKALU,,,no_article_found,
UBOS,parish,BUWOLYA WARD,BUGIRI,MAYUGE TOWN COUNCIL,,,no_article_found,
UBOS,parish,BUWUNI RURAL WARD,BUGIRI,BUWUNI TOWN COUNCIL,,,no_article_found,
UBOS,parish,BUYALA,BUGIRI,IWEMBA,,,no_article_found,
UBOS,parish,BWOLE WARD,BUGIRI,WESTERN DIVISION,,,no_article_found,
UBOS,parish,GULIMWOYO WARD,BUGIRI,NAMAYEMBA TOWN COUNCIL,,,no_article_found,
UBOS,parish,IGGWE,BUGIRI,BULESA,,,no_article_found,
UBOS,parish,ISAGAZA WARD,BUGIRI,NAMAYEMBA TOWN COUNCIL,,,no_article_found,
UBOS,parish,ISAKABUSOLO,BUGIRI,BULIDHA,,,no_article_found,
UBOS,parish,ISEGERO,BUGIRI,NABUKALU,,,no_article_found,
UBOS,parish,ISEGERO,BUGIRI,NANKOMA,,,no_article_found,
UBOS,parish,ITAKAIBOLU WARD,BUGIRI,NANKOMA TOWN COUNCIL,,,no_article_found,
UBOS,parish,KAFUFU WARD,BUGIRI,NAMAYEMBA TOWN COUNCIL,,,no_article_found,
UBOS,parish,KALULU WARD,BUGIRI,NABUKALU TOWN COUNCIL,,,no_article_found,
UBOS,parish,KASEBERE WARD,BUGIRI,BUWUNI TOWN COUNCIL,,,no_article_found,
UBOS,parish,KAYOGERA,BUGIRI,MUTERERE,,,no_article_found,
UBOS,parish,KIMASA WARD,BUGIRI,MAYUGE TOWN COUNCIL,,,no_article_found,
UBOS,parish,KISEITAKA,BUGIRI,KAPYANGA,,,no_article_found,
UBOS,parish,KITODHA,BUGIRI,BULESA,,,no_article_found,
UBOS,parish,LUWOOKO,BUGIRI,BUWUNGA,,,no_article_found,
UBOS,parish,LUYA WARD,BUGIRI,NABUKALU TOWN COUNCIL,,,no_article_found,
UBOS,parish,LWANIKA,BUGIRI,NABUKALU,,,no_article_found,
UBOS,parish,LYAVALA WARD,BUGIRI,MUTELELE TOWN COUNCIL,,,no_article_found,
UBOS,parish,MAGOOLA,BUGIRI,BUWUNGA,,,no_article_found,
UBOS,parish,MAKHOMA NORTH WARD,BUGIRI,BUWUNI TOWN COUNCIL,,,no_article_found,
UBOS,parish,MAKHOMA SOUTH WARD,BUGIRI,BUWUNI TOWN COUNCIL,,,no_article_found,
UBOS,parish,MAKOMA,BUGIRI,BULIDHA,,,no_article_found,
UBOS,parish,MASITA WARD,BUGIRI,NANKOMA TOWN COUNCIL,,,no_article_found,
UBOS,parish,MATOVU,BUGIRI,NANKOMA,,,no_article_found,
UBOS,parish,MAWANGA,BUGIRI,BUWUNGA,,,no_article_found,
UBOS,parish,MAYUGE RURAL,BUGIRI,BUDHAYA,,,no_article_found,
UBOS,parish,MUTANDA WARD,BUGIRI,MUTELELE TOWN COUNCIL,,,no_article_found,
UBOS,parish,MUWAYO WARD,BUGIRI,MUWAYO TOWN COUNCIL,,,no_article_found,
UBOS,parish,NABIGINGO,BUGIRI,BULIDHA,,,no_article_found,
UBOS,parish,NABIKAKA WARD,BUGIRI,BUSOWA TOWN COUNCIL,,,no_article_found,
UBOS,parish,NABIRERE,BUGIRI,IWEMBA,,,no_article_found,
UBOS,parish,NAINALA WARD,BUGIRI,BUWUNI TOWN COUNCIL,,,no_article_found,
UBOS,parish,NAKASITA WARD,BUGIRI,NANKOMA TOWN COUNCIL,,,no_article_found,
UBOS,parish,NAKAVULE,BUGIRI,KAPYANGA,,,no_article_found,
UBOS,parish,NAKIDUDULA WARD,BUGIRI,BUSOWA TOWN COUNCIL,,,no_article_found,
UBOS,parish,NAKIVAMBA WARD,BUGIRI,NABUKALU TOWN COUNCIL,,,no_article_found,
UBOS,parish,NAMABUGO WARD,BUGIRI,NAMAYEMBA TOWN COUNCIL,,,no_article_found,
UBOS,parish,NAMAKOKO,BUGIRI,NANKOMA,,,no_article_found,
UBOS,parish,NAMASERE,BUGIRI,BULESA,,,no_article_found,
UBOS,parish,NAMASERE B WARD,BUGIRI,BUWUNI TOWN COUNCIL,,,no_article_found,
UBOS,parish,NAMBO,BUGIRI,IWEMBA,,,no_article_found,
UBOS,parish,NAMUKONGE,BUGIRI,KAPYANGA,,,no_article_found,
UBOS,parish,NAMUNTENGA WARD,BUGIRI,NANKOMA TOWN COUNCIL,,,no_article_found,
UBOS,parish,NANKONKOLO WARD,BUGIRI,BUWUNI TOWN COUNCIL,,,no_article_found,
UBOS,parish,NAWANDHUKI WARD,BUGIRI,BUSOWA TOWN COUNCIL,,,no_article_found,
UBOS,parish,NAWANGO WARD,BUGIRI,NANKOMA TOWN COUNCIL,,,no_article_found,
UBOS,parish,NDIFAKULYA,BUGIRI,KAPYANGA,,,no_article_found,
UBOS,parish,NDIFAKULYA A WARD,BUGIRI,WESTERN DIVISION,,,no_article_found,
UBOS,parish,NKAIZA,BUGIRI,NABUKALU,,,no_article_found,
UBOS,parish,NKUSI WARD,BUGIRI,EASTERN DIVISION,,,no_article_found,
UBOS,parish,NSANGO,BUGIRI,BULUGUYI,,,no_article_found,
UBOS,parish,NSONO,BUGIRI,NANKOMA,,,no_article_found,
UBOS,parish,WANGOBO,BUGIRI,NABUKALU,,,no_article_found,
UBOS,parish,BUBENGE,BUGWERI,IGOMBE,,,no_article_found,
UBOS,parish,BULUNGULI,BUGWERI,BUYANGA,,,no_article_found,
UBOS,parish,BUMOOZI,BUGWERI,BUYANGA,,,no_article_found,
UBOS,parish,BUNIANTOLE,BUGWERI,IBULANKU,,,no_article_found,
UBOS,parish,BUSEMBATIA MARKET WARD,BUGWERI,BUSEMBATIA TOWN COUNCIL,,,no_article_found,
UBOS,parish,BUTENDE WARD,BUGWERI,BUSESA TOWN COUNCIL,,,no_article_found,
UBOS,parish,BUWOOYA,BUGWERI,BUYANGA,,,no_article_found,
UBOS,parish,BUYIRIMA WARD,BUGWERI,BUSEMBATIA TOWN COUNCIL,,,no_article_found,
UBOS,parish,BWIGULA,BUGWERI,BUYANGA,,,no_article_found,
UBOS,parish,IBAAKO WARD,BUGWERI,BUSESA TOWN COUNCIL,,,no_article_found,
UBOS,parish,IDINDA,BUGWERI,NAMALEMBA,,,no_article_found,
UBOS,parish,IDUDI A WARD,BUGWERI,IDUDI TOWN COUNCIL,,,no_article_found,
UBOS,parish,IDUDI B WARD,BUGWERI,IDUDI TOWN COUNCIL,,,no_article_found,
UBOS,parish,IDUDI C WARD,BUGWERI,IDUDI TOWN COUNCIL,,,no_article_found,
UBOS,parish,IDUDI D WARD,BUGWERI,IDUDI TOWN COUNCIL,,,no_article_found,
UBOS,parish,KAKOGE WARD,BUGWERI,BUSEMBATIA TOWN COUNCIL,,,no_article_found,
UBOS,parish,KALALU,BUGWERI,BUYANGA,,,no_article_found,
UBOS,parish,KIGULAMO,BUGWERI,MAKUUTU,,,no_article_found,
UBOS,parish,KIKUNYU,BUGWERI,IGOMBE,,,no_article_found,
UBOS,parish,KIKUNYU WARD,BUGWERI,IDUDI TOWN COUNCIL,,,no_article_found,
UBOS,parish,LUBIRA,BUGWERI,BUYANGA,,,no_article_found,
UBOS,parish,MAJENGO WARD,BUGWERI,BUSEMBATIA TOWN COUNCIL,,,no_article_found,
UBOS,parish,MAKANDWA,BUGWERI,MAKUUTU,,,no_article_found,
UBOS,parish,MINANI,BUGWERI,NAMALEMBA,,,no_article_found,
UBOS,parish,MUFUMI WARD,BUGWERI,IDUDI TOWN COUNCIL,,,no_article_found,
UBOS,parish,NAMIGANDA,BUGWERI,IBULANKU,,,no_article_found,
UBOS,parish,NAMUNYUMYA,BUGWERI,NAMALEMBA,,,no_article_found,
UBOS,parish,NAWANSEGA,BUGWERI,IBULANKU,,,no_article_found,
UBOS,parish,NSAALE,BUGWERI,IBULANKU,,,no_article_found,
UBOS,parish,WALANGA,BUGWERI,IGOMBE,,,no_article_found,
UBOS,parish,BUTUURO,BUHWEJU,KARUNGU,,,no_article_found,
UBOS,parish,BWOGA,BUHWEJU,RWENGWE,,,no_article_found,
UBOS,parish,ENGAAJU,BUHWEJU,ENGAJU,,,no_article_found,
UBOS,parish,IBOGORA,BUHWEJU,KARUNGU,,,no_article_found,
UBOS,parish,KABEGARAMIRE,BUHWEJU,NYAKISHANA,,,no_article_found,
UBOS,parish,KAJUMBURA,BUHWEJU,ENGAJU,,,no_article_found,
UBOS,parish,KAMUHIGA,BUHWEJU,NYAKISHANA,,,no_article_found,
UBOS,parish,KAMUKAKI,BUHWEJU,KARUNGU,,,no_article_found,
UBOS,parish,KANGARAMA WARD,BUHWEJU,NYAKAZIBA TOWN COUNCIL,,,no_article_found,
UBOS,parish,KANIGA,BUHWEJU,RWENGWE,,,no_article_found,
UBOS,parish,KANKARA,BUHWEJU,BUHUNGA,,,no_article_found,
UBOS,parish,KAREMBE,BUHWEJU,BIHANGA,,,no_article_found,
UBOS,parish,KASHENYI WARD,BUHWEJU,KASHENYI-KAJANI TOWN COUNCIL,,,no_article_found,
UBOS,parish,KATARA,BUHWEJU,KARUNGU,,,no_article_found,
UBOS,parish,KATINDA,BUHWEJU,NYAKISHANA,,,no_article_found,
UBOS,parish,KATONGO,BUHWEJU,ENGAJU,,,no_article_found,
UBOS,parish,KEMIKYERA,BUHWEJU,KYAHENDA,,,no_article_found,
UBOS,parish,KIRAMIRA,BUHWEJU,NYAKISHANA,,,no_article_found,
UBOS,parish,KITEGA,BUHWEJU,BITSYA,,,no_article_found,
UBOS,parish,KITOJO,BUHWEJU,RUBENGYE,,,no_article_found,
UBOS,parish,KITOOKYE WARD,BUHWEJU,NYAKAZIBA TOWN COUNCIL,,,no_article_found,
UBOS,parish,KYAHENDA,BUHWEJU,KYAHENDA,,,no_article_found,
UBOS,parish,KYAJURA WARD,BUHWEJU,NSIIKA TOWN COUNCIL,,,no_article_found,
UBOS,parish,KYAMAHUNGU,BUHWEJU,ENGAJU,,,no_article_found,
UBOS,parish,KYAMATO,BUHWEJU,NYAKISHANA,,,no_article_found,
UBOS,parish,KYANKANDA,BUHWEJU,RWENGWE,,,no_article_found,
UBOS,parish,KYANYABITA,BUHWEJU,BITSYA,,,no_article_found,
UBOS,parish,KYENJOGYERA,BUHWEJU,BUHUNGA,,,no_article_found,
UBOS,parish,KYEYARE,BUHWEJU,RWENGWE,,,no_article_found,
UBOS,parish,KYOOMA,BUHWEJU,ENGAJU,,,no_article_found,
UBOS,parish,MABANGA,BUHWEJU,NYAKISHANA,,,no_article_found,
UBOS,parish,MURAARO,BUHWEJU,NYAKISHANA,,,no_article_found,
UBOS,parish,MUSHASHA,BUHWEJU,BUHUNGA,,,no_article_found,
UBOS,parish,MUTONGO,BUHWEJU,NYAKISHANA,,,no_article_found,
UBOS,parish,MUZEIGURU,BUHWEJU,BITSYA,,,no_article_found,
UBOS,parish,NYAKASHAKA WARD,BUHWEJU,NYAKASHAKA TOWN COUNCIL,,,no_article_found,
UBOS,parish,NYAKAZIBA,BUHWEJU,BIHANGA,,,no_article_found,
UBOS,parish,NYAKAZIBA WARD,BUHWEJU,NYAKAZIBA TOWN COUNCIL,,,no_article_found,
UBOS,parish,NYAKISHOJWA,BUHWEJU,RWENGWE,,,no_article_found,
UBOS,parish,NYAKITARAKA,BUHWEJU,BIHANGA,,,no_article_found,
UBOS,parish,NYAKITOKO WARD,BUHWEJU,NYAKASHAKA TOWN COUNCIL,,,no_article_found,
UBOS,parish,NYAMIHIRA,BUHWEJU,KYAHENDA,,,no_article_found,
UBOS,parish,NYARUJOJE,BUHWEJU,NYAKISHANA,,,no_article_found,
UBOS,parish,RUBENGYE,BUHWEJU,RUBENGYE,,,no_article_found,
UBOS,parish,RUGABA WARD,BUHWEJU,NSIIKA TOWN COUNCIL,,,no_article_found,
UBOS,parish,RUKONDO,BUHWEJU,NYAKISHANA,,,no_article_found,
UBOS,parish,RUNENGO,BUHWEJU,BIHANGA,,,no_article_found,
UBOS,parish,RUSHAMBYA,BUHWEJU,BURERE,,,no_article_found,
UBOS,parish,RUSHAYO,BUHWEJU,NYAKISHANA,,,no_article_found,
UBOS,parish,RWAJERE,BUHWEJU,BURERE,,,no_article_found,
UBOS,parish,RWANKONDO,BUHWEJU,KARUNGU,,,no_article_found,
UBOS,parish,RWANYAMABARE,BUHWEJU,NYAKISHANA,,,no_article_found,
UBOS,parish,RWEMOMA WARD,BUHWEJU,NYAKASHAKA TOWN COUNCIL,,,no_article_found,
UBOS,parish,BBINGA,BUIKWE,SSI,,,no_article_found,
UBOS,parish,BIBBO WARD,BUIKWE,KAWOLO DIVISION,,,no_article_found,
UBOS,parish,BUKASA WARD,BUIKWE,NKOKONJERU TOWN COUNCIL,,,no_article_found,
UBOS,parish,BULYANTEETE WARD,BUIKWE,KAWOLO DIVISION,,,no_article_found,
UBOS,parish,BUSAABAGA WARD,BUIKWE,KAWOLO DIVISION,,,no_article_found,
UBOS,parish,BUTININDI WARD,BUIKWE,KAWOLO DIVISION,,,no_article_found,
UBOS,parish,BUVUNYA WARD,BUIKWE,NAJJEMBE DIVISION,,,no_article_found,
UBOS,parish,BUWOOLA WARD,BUIKWE,NAJJEMBE DIVISION,,,no_article_found,
UBOS,parish,BUZIIKA (B),BUIKWE,NYENGA DIVISION,,,no_article_found,
UBOS,parish,DUNGI,BUIKWE,NGOGWE,,,no_article_found,
UBOS,parish,GULAMA,BUIKWE,NAJJA,,,no_article_found,
UBOS,parish,KABANGA WARD,BUIKWE,NAJJEMBE DIVISION,,,no_article_found,
UBOS,parish,KABIZZI,BUIKWE,NYENGA DIVISION,,,no_article_found,
UBOS,parish,KABOWA WARD,BUIKWE,CENTRAL DIVISION,,,no_article_found,
UBOS,parish,KAWOTTO WARD,BUIKWE,CENTRAL DIVISION,,,no_article_found,
UBOS,parish,KIGENDA WARD,BUIKWE,KAWOLO DIVISION,,,no_article_found,
UBOS,parish,KIKAWULA WARD,BUIKWE,CENTRAL DIVISION,,,no_article_found,
UBOS,parish,KIKWAYI,BUIKWE,NGOGWE,,,no_article_found,
UBOS,parish,KIMERA,BUIKWE,SSI,,,no_article_found,
UBOS,parish,KIRINGO,BUIKWE,NGOGWE,,,no_article_found,
UBOS,parish,KISIIMBA,BUIKWE,NAJJA,,,no_article_found,
UBOS,parish,KITAZI,BUIKWE,BUIKWE,,,no_article_found,
UBOS,parish,KITEZA WARD,BUIKWE,KAWOLO DIVISION,,,no_article_found,
UBOS,parish,KIYINDI WARD,BUIKWE,KIYINDI TOWN COUNCIL,,,no_article_found,
UBOS,parish,KIZIGO WARD,BUIKWE,NAJJEMBE DIVISION,,,no_article_found,
UBOS,parish,KKONKO,BUIKWE,WAKISI DIVISION,,,no_article_found,
UBOS,parish,KOBA,BUIKWE,SSI,,,no_article_found,
UBOS,parish,LUBONGO,BUIKWE,NGOGWE,,,no_article_found,
UBOS,parish,LUGALA,BUIKWE,SSI,,,no_article_found,
UBOS,parish,LUGOBA,BUIKWE,SSI,,,no_article_found,
UBOS,parish,LUWAYO WARD,BUIKWE,KAWOLO DIVISION,,,no_article_found,
UBOS,parish,LWERU WARD,BUIKWE,BUIKWE TOWN COUNCIL,,,no_article_found,
UBOS,parish,MALINDI,BUIKWE,WAKISI DIVISION,,,no_article_found,
UBOS,parish,MALONGWE,BUIKWE,BUIKWE,,,no_article_found,
UBOS,parish,MAWOTTO,BUIKWE,NAJJA,,,no_article_found,
UBOS,parish,MUVO,BUIKWE,SSI,,,no_article_found,
UBOS,parish,NAKALANGA,BUIKWE,WAKISI DIVISION,,,no_article_found,
UBOS,parish,NAKAZADDE WARD,BUIKWE,CENTRAL DIVISION,,,no_article_found,
UBOS,parish,NAMABU,BUIKWE,NYENGA DIVISION,,,no_article_found,
UBOS,parish,NAMATOVU,BUIKWE,NAJJA,,,no_article_found,
UBOS,parish,NAMENGO WARD,BUIKWE,CENTRAL DIVISION,,,no_article_found,
UBOS,parish,NAMUKUMA,BUIKWE,SSI,,,no_article_found,
UBOS,parish,NAMULESA,BUIKWE,NGOGWE,,,no_article_found,
UBOS,parish,NDOLWA,BUIKWE,NGOGWE,,,no_article_found,
UBOS,parish,NSAKYA WARD,BUIKWE,NAJJEMBE DIVISION,,,no_article_found,
UBOS,parish,SAGAZI WARD,BUIKWE,KAWOLO DIVISION,,,no_article_found,
UBOS,parish,SSUGU,BUIKWE,BUIKWE,,,no_article_found,
UBOS,parish,SSUNGA,BUIKWE,NYENGA DIVISION,,,no_article_found,
UBOS,parish,TONGOLO,BUIKWE,NYENGA DIVISION,,,no_article_found,
UBOS,parish,TUKULU,BUIKWE,NAJJA,,,no_article_found,
UBOS,parish,ZITWE,BUIKWE,SSI,,,no_article_found,
UBOS,parish,ZZINGA WARD,BUIKWE,KIYINDI TOWN COUNCIL,,,no_article_found,
UBOS,parish,ABILAEP,BUKEDEA,KAMUTUR,,,no_article_found,
UBOS,parish,ABITITI,BUKEDEA,MALERA,,,no_article_found,
UBOS,parish,ACOMAI,BUKEDEA,KAMUTUR,,,no_article_found,
UBOS,parish,ADODOI,BUKEDEA,BUKEDEA,,,no_article_found,
UBOS,parish,AEREERE,BUKEDEA,KAMUTUR,,,no_article_found,
UBOS,parish,AGOR,BUKEDEA,KOLIR,,,no_article_found,
UBOS,parish,AIROGO WARD,BUKEDEA,KONGUNGA TOWN COUNCIL,,,no_article_found,
UBOS,parish,AKAKAAT,BUKEDEA,KAMUTUR,,,no_article_found,
UBOS,parish,AKERO,BUKEDEA,BUKEDEA,,,no_article_found,
UBOS,parish,AKOU- ETOM,BUKEDEA,KAMUTUR,,,no_article_found,
UBOS,parish,AKUNGUR,BUKEDEA,KABARWA,,,no_article_found,
UBOS,parish,AKUORO,BUKEDEA,BUKEDEA,,,no_article_found,
UBOS,parish,AMUEN,BUKEDEA,KOLIR,,,no_article_found,
UBOS,parish,AMUJEJU,BUKEDEA,KAMUTUR,,,no_article_found,
UBOS,parish,AMUS,BUKEDEA,KWARIKWAR,,,no_article_found,
UBOS,parish,ANGANGAM,BUKEDEA,AMINIT,,,no_article_found,
UBOS,parish,APUJAN,BUKEDEA,KWARIKWAR,,,no_article_found,
UBOS,parish,APUTIPUT,BUKEDEA,KACHUMBALA,,,no_article_found,
UBOS,parish,APUTIPUTI,BUKEDEA,BUKEDEA,,,no_article_found,
UBOS,parish,APUTON WARD,BUKEDEA,KONGUNGA TOWN COUNCIL,,,no_article_found,
UBOS,parish,ATIRIRI,BUKEDEA,KOCHEKA,,,no_article_found,
UBOS,parish,BUSANO,BUKEDEA,AMINIT,,,no_article_found,
UBOS,parish,CHODONG,BUKEDEA,KIDONGOLE,,,no_article_found,
UBOS,parish,DADIR,BUKEDEA,KACHUMBALA,,,no_article_found,
UBOS,parish,EMOKORI WARD,BUKEDEA,BUKEDEA TOWN COUNCIL,,,no_article_found,
UBOS,parish,GAGAMA,BUKEDEA,KOCHEKA,,,no_article_found,
UBOS,parish,KABARWA,BUKEDEA,KABARWA,,,no_article_found,
UBOS,parish,KABWALIN,BUKEDEA,KWARIKWAR,,,no_article_found,
UBOS,parish,KACHABOI,BUKEDEA,KACHUMBALA,,,no_article_found,
UBOS,parish,KACHABULE,BUKEDEA,KABARWA,,,no_article_found,
UBOS,parish,KACHABULE,BUKEDEA,ALIGOI,,,no_article_found,
UBOS,parish,KACHABULE WARD,BUKEDEA,BUKEDEA TOWN COUNCIL,,,no_article_found,
UBOS,parish,KACHAGE,BUKEDEA,KOCHEKA,,,no_article_found,
UBOS,parish,KACHEDE,BUKEDEA,KABARWA,,,no_article_found,
UBOS,parish,KACHOC,BUKEDEA,MALERA,,,no_article_found,
UBOS,parish,KACHUL,BUKEDEA,KOENA,,,no_article_found,
UBOS,parish,KACHURU,BUKEDEA,KWARIKWAR,,,no_article_found,
UBOS,parish,KADACAR,BUKEDEA,KANGOLE,,,no_article_found,
UBOS,parish,KADESOK,BUKEDEA,KOMUGE,,,no_article_found,
UBOS,parish,KADOA,BUKEDEA,KIDONGOLE,,,no_article_found,
UBOS,parish,KAGOLOTO,BUKEDEA,KOLIR,,,no_article_found,
UBOS,parish,KAJAMAKA,BUKEDEA,BUKEDEA,,,no_article_found,
UBOS,parish,KAJAMAKA,BUKEDEA,KOENA,,,no_article_found,
UBOS,parish,KAKERE,BUKEDEA,KOCHEKA,,,no_article_found,
UBOS,parish,KAKEREI,BUKEDEA,ALIGOI,,,no_article_found,
UBOS,parish,KAKORI,BUKEDEA,KABARWA,,,no_article_found,
UBOS,parish,KAKURAU,BUKEDEA,KANGOLE,,,no_article_found,
UBOS,parish,KAKUTOT,BUKEDEA,KANGOLE,,,no_article_found,
UBOS,parish,KALENGO,BUKEDEA,AMINIT,,,no_article_found,
UBOS,parish,KALEU,BUKEDEA,KANGOLE,,,no_article_found,
UBOS,parish,KALOKO,BUKEDEA,BUKEDEA,,,no_article_found,
UBOS,parish,KALOU,BUKEDEA,KABARWA,,,no_article_found,
UBOS,parish,KALUPO,BUKEDEA,KIDONGOLE,,,no_article_found,
UBOS,parish,KAMAILUK,BUKEDEA,KANGOLE,,,no_article_found,
UBOS,parish,KAMON,BUKEDEA,BUKEDEA,,,no_article_found,
UBOS,parish,KAMUNO,BUKEDEA,KABARWA,,,no_article_found,
UBOS,parish,KAMUTUR,BUKEDEA,KAMUTUR,,,no_article_found,
UBOS,parish,KANGOLE,BUKEDEA,KANGOLE,,,no_article_found,
UBOS,parish,KANYAMUTAMU,BUKEDEA,KIDONGOLE,,,no_article_found,
UBOS,parish,KANYANGA,BUKEDEA,KIDONGOLE,,,no_article_found,
UBOS,parish,KANYANGA,BUKEDEA,MALERA,,,no_article_found,
UBOS,parish,KANYIPA,BUKEDEA,KOLIR,,,no_article_found,
UBOS,parish,KAPAANG,BUKEDEA,KACHUMBALA,,,no_article_found,
UBOS,parish,KAPARIS,BUKEDEA,KANGOLE,,,no_article_found,
UBOS,parish,KAPUYAN WARD,BUKEDEA,KONGUNGA TOWN COUNCIL,,,no_article_found,
UBOS,parish,KAREU,BUKEDEA,KOLIR,,,no_article_found,
UBOS,parish,KASECHI,BUKEDEA,MALERA,,,no_article_found,
UBOS,parish,KASENY,BUKEDEA,KOLIR,,,no_article_found,
UBOS,parish,KASERA,BUKEDEA,KAMUTUR,,,no_article_found,
UBOS,parish,KASOKA,BUKEDEA,BUKEDEA,,,no_article_found,
UBOS,parish,KATEKWAN,BUKEDEA,KOENA,,,no_article_found,
UBOS,parish,KATEKWAN TOWN BOARD,BUKEDEA,KOENA,,,no_article_found,
UBOS,parish,KAWO,BUKEDEA,KOENA,,,no_article_found,
UBOS,parish,KAWO,BUKEDEA,KOMUGE,,,no_article_found,
UBOS,parish,KAYUKUM,BUKEDEA,AMINIT,,,no_article_found,
UBOS,parish,KIDE WARD,BUKEDEA,BUKEDEA TOWN COUNCIL,,,no_article_found,
UBOS,parish,KIDONGOLE TOWN BOARD,BUKEDEA,KIDONGOLE,,,no_article_found,
UBOS,parish,KOBAALE,BUKEDEA,KANGOLE,,,no_article_found,
UBOS,parish,KOBOLI,BUKEDEA,KIDONGOLE,,,no_article_found,
UBOS,parish,KOCHEKA,BUKEDEA,KOCHEKA,,,no_article_found,
UBOS,parish,KOCUS,BUKEDEA,KAMUTUR,,,no_article_found,
UBOS,parish,KODIATA,BUKEDEA,KOLIR,,,no_article_found,
UBOS,parish,KODIKE,BUKEDEA,KABARWA,,,no_article_found,
UBOS,parish,KOENA,BUKEDEA,KOENA,,,no_article_found,
UBOS,parish,KOKOLOTUM,BUKEDEA,KOCHEKA,,,no_article_found,
UBOS,parish,KOKUTU,BUKEDEA,BUKEDEA,,,no_article_found,
UBOS,parish,KOKWAKIPI,BUKEDEA,KOMUGE,,,no_article_found,
UBOS,parish,KOKWECH,BUKEDEA,MALERA,,,no_article_found,
UBOS,parish,KOMELEKES WARD,BUKEDEA,KONGUNGA TOWN COUNCIL,,,no_article_found,
UBOS,parish,KOMOLO,BUKEDEA,KWARIKWAR,,,no_article_found,
UBOS,parish,KOMONGOMERI,BUKEDEA,KAMUTUR,,,no_article_found,
UBOS,parish,KOMUGE,BUKEDEA,KOMUGE,,,no_article_found,
UBOS,parish,KOMURAIKEREI WARD,BUKEDEA,KONGUNGA TOWN COUNCIL,,,no_article_found,
UBOS,parish,KONGATUNY,BUKEDEA,ALIGOI,,,no_article_found,
UBOS,parish,KONGOIDI WARD,BUKEDEA,KONGUNGA TOWN COUNCIL,,,no_article_found,
UBOS,parish,KONGUNGA WARD,BUKEDEA,KONGUNGA TOWN COUNCIL,,,no_article_found,
UBOS,parish,KOPETA,BUKEDEA,KOLIR,,,no_article_found,
UBOS,parish,KORENG,BUKEDEA,KANGOLE,,,no_article_found,
UBOS,parish,KOSIRE,BUKEDEA,KOENA,,,no_article_found,
UBOS,parish,KOTIA,BUKEDEA,ALIGOI,,,no_article_found,
UBOS,parish,KOTIOKOT,BUKEDEA,KABARWA,,,no_article_found,
UBOS,parish,KOTOLUTU,BUKEDEA,KIDONGOLE,,,no_article_found,
UBOS,parish,KOTWONGO,BUKEDEA,KOENA,,,no_article_found,
UBOS,parish,KOUTULAI,BUKEDEA,KOMUGE,,,no_article_found,
UBOS,parish,KWARIKWARI,BUKEDEA,KWARIKWAR,,,no_article_found,
UBOS,parish,MAGARA,BUKEDEA,KABARWA,,,no_article_found,
UBOS,parish,MANGA,BUKEDEA,KOMUGE,,,no_article_found,
UBOS,parish,MIROI,BUKEDEA,KOLIR,,,no_article_found,
UBOS,parish,NALUGAI WARD,BUKEDEA,KONGUNGA TOWN COUNCIL,,,no_article_found,
UBOS,parish,NYAKOI,BUKEDEA,KWARIKWAR,,,no_article_found,
UBOS,parish,OBUR,BUKEDEA,KACHUMBALA,,,no_article_found,
UBOS,parish,OKICHIRA,BUKEDEA,BUKEDEA,,,no_article_found,
UBOS,parish,OKOBWA,BUKEDEA,KOCHEKA,,,no_article_found,
UBOS,parish,OKOLIMERI,BUKEDEA,BUKEDEA,,,no_article_found,
UBOS,parish,OKOUBA,BUKEDEA,MALERA,,,no_article_found,
UBOS,parish,OKUM,BUKEDEA,AMINIT,,,no_article_found,
UBOS,parish,OKUNGURO COMPLEX WARD,BUKEDEA,BUKEDEA TOWN COUNCIL,,,no_article_found,
UBOS,parish,OKUNGURO PARENTS WARD,BUKEDEA,BUKEDEA TOWN COUNCIL,,,no_article_found,
UBOS,parish,OLASAI WARD,BUKEDEA,KONGUNGA TOWN COUNCIL,,,no_article_found,
UBOS,parish,OLUWA,BUKEDEA,KOENA,,,no_article_found,
UBOS,parish,OLUWA,BUKEDEA,KOLIR,,,no_article_found,
UBOS,parish,OMIDIL,BUKEDEA,KOLIR,,,no_article_found,
UBOS,parish,OMONIEK,BUKEDEA,KOCHEKA,,,no_article_found,
UBOS,parish,OMONYONO,BUKEDEA,KOCHEKA,,,no_article_found,
UBOS,parish,OMONYONO,BUKEDEA,KOMUGE,,,no_article_found,
UBOS,parish,ONGAARA,BUKEDEA,KOMUGE,,,no_article_found,
UBOS,parish,OSANYUK,BUKEDEA,KANGOLE,,,no_article_found,
UBOS,parish,OSWAPAI WARD,BUKEDEA,BUKEDEA TOWN COUNCIL,,,no_article_found,
UBOS,parish,OTIMONGA WARD,BUKEDEA,KONGUNGA TOWN COUNCIL,,,no_article_found,
UBOS,parish,SAPIR,BUKEDEA,KWARIKWAR,,,no_article_found,
UBOS,parish,SUULA,BUKEDEA,KOCHEKA,,,no_article_found,
UBOS,parish,TAJAR,BUKEDEA,KAMUTUR,,,no_article_found,
UBOS,parish,TAKARAMIAN,BUKEDEA,KABARWA,,,no_article_found,
UBOS,parish,TAMULA WARD,BUKEDEA,BUKEDEA TOWN COUNCIL,,,no_article_found,
UBOS,parish,TANK,BUKEDEA,BUKEDEA,,,no_article_found,
UBOS,parish,TOKOR,BUKEDEA,KABARWA,,,no_article_found,
UBOS,parish,TUKUM,BUKEDEA,KOLIR,,,no_article_found,
UBOS,parish,BUKANGO,BUKOMANSIMBI,BUKANGO,,,no_article_found,
UBOS,parish,BUSAGULA WARD,BUKOMANSIMBI,KIGANGAZZI TOWN COUNCIL,,,no_article_found,
UBOS,parish,BUTALAGA,BUKOMANSIMBI,BIGASA,,,no_article_found,
UBOS,parish,GAYAAZA,BUKOMANSIMBI,KITANDA,,,no_article_found,
UBOS,parish,GONGWE,BUKOMANSIMBI,BIGASA,,,no_article_found,
UBOS,parish,KABIGI WARD,BUKOMANSIMBI,BUTENGA TOWN COUNCIL,,,no_article_found,
UBOS,parish,KAGOLOGOLO WARD,BUKOMANSIMBI,KAGOLOGOLO TOWN COUNCIL,,,no_article_found,
UBOS,parish,KASSEBWERA,BUKOMANSIMBI,BUTENGA,,,no_article_found,
UBOS,parish,KAWOKO,BUKOMANSIMBI,BUTENGA,,,no_article_found,
UBOS,parish,KIGUNGUMIKA WARD,BUKOMANSIMBI,BUKOMANSIMBI TOWN COUNCIL,,,no_article_found,
UBOS,parish,KIREMBEKO WARD,BUKOMANSIMBI,BUKOMANSIMBI TOWN COUNCIL,,,no_article_found,
UBOS,parish,KIRYASAAKA,BUKOMANSIMBI,KIBINGE,,,no_article_found,
UBOS,parish,KISABA WARD,BUKOMANSIMBI,KIGANGAZZI TOWN COUNCIL,,,no_article_found,
UBOS,parish,KISAGAZI WARD,BUKOMANSIMBI,BUKOMANSIMBI TOWN COUNCIL,,,no_article_found,
UBOS,parish,KISOJJO,BUKOMANSIMBI,KIBINGE,,,no_article_found,
UBOS,parish,KITEERA,BUKOMANSIMBI,BIGASA,,,no_article_found,
UBOS,parish,KITEMI,BUKOMANSIMBI,BUKANGO,,,no_article_found,
UBOS,parish,KYANGO WARD,BUKOMANSIMBI,BUKOMANSIMBI TOWN COUNCIL,,,no_article_found,
UBOS,parish,KYANKOLE,BUKOMANSIMBI,BUTENGA,,,no_article_found,
UBOS,parish,KYAZIIZA,BUKOMANSIMBI,BUKANGO,,,no_article_found,
UBOS,parish,LUWOKO,BUKOMANSIMBI,KITANDA,,,no_article_found,
UBOS,parish,MAKUKUULU,BUKOMANSIMBI,KITANDA,,,no_article_found,
UBOS,parish,MALEKU,BUKOMANSIMBI,KIBINGE,,,no_article_found,
UBOS,parish,MBAALE WARD,BUKOMANSIMBI,KAGOLOGOLO TOWN COUNCIL,,,no_article_found,
UBOS,parish,MBAALE WARD,BUKOMANSIMBI,BUTENGA TOWN COUNCIL,,,no_article_found,
UBOS,parish,MBIRIZI,BUKOMANSIMBI,BIGASA,,,no_article_found,
UBOS,parish,MEERU WARD,BUKOMANSIMBI,BUTENGA TOWN COUNCIL,,,no_article_found,
UBOS,parish,MITIGYERA,BUKOMANSIMBI,KITANDA,,,no_article_found,
UBOS,parish,MPAAMA WARD,BUKOMANSIMBI,KAGOLOGOLO TOWN COUNCIL,,,no_article_found,
UBOS,parish,MUNUNYU WARD,BUKOMANSIMBI,BUTENGA TOWN COUNCIL,,,no_article_found,
UBOS,parish,AMANANG,BUKWO,AMANANG,,,no_article_found,
UBOS,parish,ARALAM,BUKWO,LWONGON,,,no_article_found,
UBOS,parish,ARALAM,BUKWO,RIWO,,,no_article_found,
UBOS,parish,BISHO,BUKWO,CHESOWER,,,no_article_found,
UBOS,parish,BOROWON,BUKWO,KAMET,,,no_article_found,
UBOS,parish,BRIM,BUKWO,BRIM,,,no_article_found,
UBOS,parish,BURKEYWO,BUKWO,TULEL,,,no_article_found,
UBOS,parish,CENTRAL,BUKWO,CHEPKWASTA,,,no_article_found,
UBOS,parish,CHEBINYINY,BUKWO,CHEPKWASTA,,,no_article_found,
UBOS,parish,CHEBINYINY,BUKWO,KAPTERERWO,,,no_article_found,
UBOS,parish,CHEBINYINY,BUKWO,TULEL,,,no_article_found,
UBOS,parish,CHEBIRBEI,BUKWO,AMANANG,,,no_article_found,
UBOS,parish,CHEBOI,BUKWO,AMANANG,,,no_article_found,
UBOS,parish,CHEKWIR,BUKWO,LWONGON,,,no_article_found,
UBOS,parish,CHEMUKANG,BUKWO,BRIM,,,no_article_found,
UBOS,parish,CHEMUKANG,BUKWO,KABEI,,,no_article_found,
UBOS,parish,CHEMURON,BUKWO,CHEPKWASTA,,,no_article_found,
UBOS,parish,CHEMURON,BUKWO,BRIM,,,no_article_found,
UBOS,parish,CHEMURON WARD,BUKWO,KAPNANDI TOWN COUNCIL,,,no_article_found,
UBOS,parish,CHEMUSABE,BUKWO,BRIM,,,no_article_found,
UBOS,parish,CHEMWABIT,BUKWO,SENENDET,,,no_article_found,
UBOS,parish,CHEMWAISUS,BUKWO,KORTEK,,,no_article_found,
UBOS,parish,CHEMWEYET,BUKWO,KAPSARUR,,,no_article_found,
UBOS,parish,CHEPKUSAWAR,BUKWO,SUAM,,,no_article_found,
UBOS,parish,CHEPKUTO,BUKWO,KAPSARUR,,,no_article_found,
UBOS,parish,CHEPSOYKEI,BUKWO,RIWO,,,no_article_found,
UBOS,parish,CHEPTOROR,BUKWO,KAPSARUR,,,no_article_found,
UBOS,parish,CHEPTUIMET WARD,BUKWO,RIWO TOWN COUNCIL,,,no_article_found,
UBOS,parish,CHESIMAT,BUKWO,KORTEK,,,no_article_found,
UBOS,parish,KABASKEN WARD,BUKWO,BUKWO TOWN COUNCIL,,,no_article_found,
UBOS,parish,KABOKWO,BUKWO,TULEL,,,no_article_found,
UBOS,parish,KABYOYON,BUKWO,SUAM,,,no_article_found,
UBOS,parish,KAMUTUNGON,BUKWO,BUKWA,,,no_article_found,
UBOS,parish,KAPCHEMOGEN,BUKWO,BRIM,,,no_article_found,
UBOS,parish,KAPKOKOYO,BUKWO,KORTEK,,,no_article_found,
UBOS,parish,KAPKOLOSWO,BUKWO,KAPTERERWO,,,no_article_found,
UBOS,parish,KAPKOMBOLOY,BUKWO,SENENDET,,,no_article_found,
UBOS,parish,KAPKOMOL,BUKWO,SENENDET,,,no_article_found,
UBOS,parish,KAPKOROS,BUKWO,KAPKOROS,,,no_article_found,
UBOS,parish,KAPKUMOLON,BUKWO,KAMET,,,no_article_found,
UBOS,parish,KAPKUMOLON,BUKWO,MUTUSHET,,,no_article_found,
UBOS,parish,KAPKURESON WARD,BUKWO,BUKWO TOWN COUNCIL,,,no_article_found,
UBOS,parish,KAPKWARE WARD,BUKWO,RIWO TOWN COUNCIL,,,no_article_found,
UBOS,parish,KAPKWENO,BUKWO,SUAM,,,no_article_found,
UBOS,parish,KAPMOKON WARD,BUKWO,RIWO TOWN COUNCIL,,,no_article_found,
UBOS,parish,KAPNANDI WARD,BUKWO,KAPNANDI TOWN COUNCIL,,,no_article_found,
UBOS,parish,KAPNANUNJIRO,BUKWO,MUTUSHET,,,no_article_found,
UBOS,parish,KAPROBEN,BUKWO,KAPKOROS,,,no_article_found,
UBOS,parish,KAPSABIT,BUKWO,CHEPKWASTA,,,no_article_found,
UBOS,parish,KAPSARUR,BUKWO,KAPSARUR,,,no_article_found,
UBOS,parish,KAPSEKEK,BUKWO,CHEPKWASTA,,,no_article_found,
UBOS,parish,KAPSENETON,BUKWO,KABEI,,,no_article_found,
UBOS,parish,KAPSUKWAR WARD,BUKWO,BUKWO TOWN COUNCIL,,,no_article_found,
UBOS,parish,KAPSWAMA,BUKWO,LWONGON,,,no_article_found,
UBOS,parish,KAPTA,BUKWO,KAPSARUR,,,no_article_found,
UBOS,parish,KAPTALI,BUKWO,KAPTERERWO,,,no_article_found,
UBOS,parish,KAPTEKA,BUKWO,CHESOWER,,,no_article_found,
UBOS,parish,KAPTERIT,BUKWO,MUTUSHET,,,no_article_found,
UBOS,parish,KAPTOMOLOGON WARD,BUKWO,KAPNANDI TOWN COUNCIL,,,no_article_found,
UBOS,parish,KAWIMBI,BUKWO,KAPKOROS,,,no_article_found,
UBOS,parish,KIRETEI,BUKWO,KAPSARUR,,,no_article_found,
UBOS,parish,KOBELYO,BUKWO,MUTUSHET,,,no_article_found,
UBOS,parish,KOKOPCHAYA,BUKWO,BUKWA,,,no_article_found,
UBOS,parish,KONGTA,BUKWO,BUKWA,,,no_article_found,
UBOS,parish,KUBOBEI,BUKWO,KORTEK,,,no_article_found,
UBOS,parish,KUBULWO,BUKWO,AMANANG,,,no_article_found,
UBOS,parish,KURANGUR WARD,BUKWO,SUAM TOWN COUNCIL,,,no_article_found,
UBOS,parish,KWIRWOT WARD,BUKWO,SUAM TOWN COUNCIL,,,no_article_found,
UBOS,parish,LAGAM WARD,BUKWO,KAPNANDI TOWN COUNCIL,,,no_article_found,
UBOS,parish,LULU WARD,BUKWO,KAPNANDI TOWN COUNCIL,,,no_article_found,
UBOS,parish,LULWO WARD,BUKWO,RIWO TOWN COUNCIL,,,no_article_found,
UBOS,parish,LWONGON,BUKWO,LWONGON,,,no_article_found,
UBOS,parish,LWONGON,BUKWO,MUTUSHET,,,no_article_found,
UBOS,parish,MATIMBEI,BUKWO,SUAM,,,no_article_found,
UBOS,parish,MAYAK,BUKWO,TULEL,,,no_article_found,
UBOS,parish,MOKOTU,BUKWO,CHEPKWASTA,,,no_article_found,
UBOS,parish,MOKOYON,BUKWO,LWONGON,,,no_article_found,
UBOS,parish,MOKOYWET WARD,BUKWO,KAPNANDI TOWN COUNCIL,,,no_article_found,
UBOS,parish,MOSOP WARD,BUKWO,SUAM TOWN COUNCIL,,,no_article_found,
UBOS,parish,MUIMET,BUKWO,BUKWA,,,no_article_found,
UBOS,parish,MUKULEI,BUKWO,KAMET,,,no_article_found,
UBOS,parish,MUTUSHET,BUKWO,MUTUSHET,,,no_article_found,
UBOS,parish,NDILAI,BUKWO,LWONGON,,,no_article_found,
UBOS,parish,NYALIT,BUKWO,CHESOWER,,,no_article_found,
UBOS,parish,RAKWAYANDET WARD,BUKWO,SUAM TOWN COUNCIL,,,no_article_found,
UBOS,parish,REBERON,BUKWO,KAPKOROS,,,no_article_found,
UBOS,parish,ROROK,BUKWO,KABEI,,,no_article_found,
UBOS,parish,ROTYO,BUKWO,KAPKOROS,,,no_article_found,
UBOS,parish,RWANDA,BUKWO,SENENDET,,,no_article_found,
UBOS,parish,SHAMBABEL,BUKWO,BRIM,,,no_article_found,
UBOS,parish,SIIT,BUKWO,CHESOWER,,,no_article_found,
UBOS,parish,SOSHO,BUKWO,AMANANG,,,no_article_found,
UBOS,parish,SUNGORA,BUKWO,CHEPKWASTA,,,no_article_found,
UBOS,parish,TITIM,BUKWO,CHEPKWASTA,,,no_article_found,
UBOS,parish,TORASIS WARD,BUKWO,BUKWO TOWN COUNCIL,,,no_article_found,
UBOS,parish,TOROKYO,BUKWO,CHEPKWASTA,,,no_article_found,
UBOS,parish,TUYOBEI,BUKWO,LWONGON,,,no_article_found,
UBOS,parish,YEMITEK,BUKWO,KAMET,,,no_article_found,
UBOS,parish,ADMINISTRATION WARD,BULAMBULI,BULAMBULI TOWN COUNCIL,,,no_article_found,
UBOS,parish,BUFUKHULA,BULAMBULI,NABBONGO,,,no_article_found,
UBOS,parish,BUFUMBULA,BULAMBULI,NABBONGO,,,no_article_found,
UBOS,parish,BUGATISA,BULAMBULI,BULAGO,,,no_article_found,
UBOS,parish,BUGIMWERA,BULAMBULI,BUMASOBO,,,no_article_found,
UBOS,parish,BUKIBOLOGOTO,BULAMBULI,SIMU,,,no_article_found,
UBOS,parish,BULAKO,BULAMBULI,MUYEMBE,,,no_article_found,
UBOS,parish,BULUGUYA,BULAMBULI,BUNAMBUTYE,,,no_article_found,
UBOS,parish,BULUMELA,BULAMBULI,BWIKHONGE,,,no_article_found,
UBOS,parish,BULUMERA,BULAMBULI,BUNALWERE,,,no_article_found,
UBOS,parish,BUMASARI,BULAMBULI,BUNAMBUTYE,,,no_article_found,
UBOS,parish,BUMASOKHO,BULAMBULI,NABBONGO,,,no_article_found,
UBOS,parish,BUMBOCHA,BULAMBULI,BUMUFUNI,,,no_article_found,
UBOS,parish,BUMUFUNI,BULAMBULI,BUMUFUNI,,,no_article_found,
UBOS,parish,BUMUGOYA,BULAMBULI,MUYEMBE,,,no_article_found,
UBOS,parish,BUMUGUSHA,BULAMBULI,SISIYI,,,no_article_found,
UBOS,parish,BUMUSAMALI,BULAMBULI,BUWANYANGA,,,no_article_found,
UBOS,parish,BUMUSAMALI,BULAMBULI,BULAGO,,,no_article_found,
UBOS,parish,BUMWAMBU,BULAMBULI,LUSHA,,,no_article_found,
UBOS,parish,BUNABAHALA,BULAMBULI,SOTTI,,,no_article_found,
UBOS,parish,BUNABUDE,BULAMBULI,LUSHA,,,no_article_found,
UBOS,parish,BUNALWERE,BULAMBULI,BUNALWERE,,,no_article_found,
UBOS,parish,BUNALWERE,BULAMBULI,BWIKHONGE,,,no_article_found,
UBOS,parish,BUNAMALIRO,BULAMBULI,BUKHALU,,,no_article_found,
UBOS,parish,BUNAMBOZO,BULAMBULI,SOTTI,,,no_article_found,
UBOS,parish,BUNAMUJJE,BULAMBULI,BUNALWERE,,,no_article_found,
UBOS,parish,BUNANGAKA,BULAMBULI,NABBONGO,,,no_article_found,
UBOS,parish,BUNANGANDA,BULAMBULI,BUNAMBUTYE,,,no_article_found,
UBOS,parish,BUNASUFWA,BULAMBULI,BULAGO,,,no_article_found,
UBOS,parish,BUNATAJJE,BULAMBULI,BUGINYANYA,,,no_article_found,
UBOS,parish,BUNGWANYI,BULAMBULI,MUYEMBE,,,no_article_found,
UBOS,parish,BUNGWANYI WARD,BULAMBULI,BUYAGA TOWN COUNCIL,,,no_article_found,
UBOS,parish,BURUKURU WARD,BULAMBULI,BULAMBULI TOWN COUNCIL,,,no_article_found,
UBOS,parish,BUSABULO,BULAMBULI,BUWANYANGA,,,no_article_found,
UBOS,parish,BUSHANGI,BULAMBULI,BUNAMBUTYE,,,no_article_found,
UBOS,parish,BUSHIENDE,BULAMBULI,BUKHALU,,,no_article_found,
UBOS,parish,BUSHUNU,BULAMBULI,BUMASOBO,,,no_article_found,
UBOS,parish,BUSIYA,BULAMBULI,BULAGO,,,no_article_found,
UBOS,parish,BUWAKOOLI,BULAMBULI,NABBONGO,,,no_article_found,
UBOS,parish,BUWANYANGA,BULAMBULI,BUWANYANGA,,,no_article_found,
UBOS,parish,BUWEBELE,BULAMBULI,BUMUFUNI,,,no_article_found,
UBOS,parish,BUWEKANDA,BULAMBULI,BWIKHONGE,,,no_article_found,
UBOS,parish,BUWOKADALA,BULAMBULI,BUMASOBO,,,no_article_found,
UBOS,parish,BUYAGA MARKET WARD,BULAMBULI,BUYAGA TOWN COUNCIL,,,no_article_found,
UBOS,parish,BUYAKA,BULAMBULI,MUYEMBE,,,no_article_found,
UBOS,parish,BUZEMUNWA,BULAMBULI,BUFUMBO,,,no_article_found,
UBOS,parish,BWIKONGE WARD,BULAMBULI,BULAMBULI TOWN COUNCIL,,,no_article_found,
UBOS,parish,DOOBA,BULAMBULI,NABIWUTULU,,,no_article_found,
UBOS,parish,GABUGOTO,BULAMBULI,MASIRA,,,no_article_found,
UBOS,parish,GABUSOGOLOLO,BULAMBULI,NABIWUTULU,,,no_article_found,
UBOS,parish,GAMANGWENI,BULAMBULI,BUMUGIBOLE,,,no_article_found,
UBOS,parish,GAMATIMBEI,BULAMBULI,NAMISUNI,,,no_article_found,
UBOS,parish,GANZO,BULAMBULI,MASIRA,,,no_article_found,
UBOS,parish,GIBUZALE,BULAMBULI,SISIYI,,,no_article_found,
UBOS,parish,GIDUNO,BULAMBULI,BUGINYANYA,,,no_article_found,
UBOS,parish,GOOZI,BULAMBULI,BUGINYANYA,,,no_article_found,
UBOS,parish,JEWA,BULAMBULI,LUSHA,,,no_article_found,
UBOS,parish,KAMU,BULAMBULI,KAMU,,,no_article_found,
UBOS,parish,KIDEGA,BULAMBULI,SIMU,,,no_article_found,
UBOS,parish,KIKOBERO,BULAMBULI,MASIRA,,,no_article_found,
UBOS,parish,KIKUYU,BULAMBULI,SIMU,,,no_article_found,
UBOS,parish,KINGANDA,BULAMBULI,LUSHA,,,no_article_found,
UBOS,parish,KINYOFU,BULAMBULI,MASIRA,,,no_article_found,
UBOS,parish,KIRWALI,BULAMBULI,BUGINYANYA,,,no_article_found,
UBOS,parish,KISEKYE,BULAMBULI,NAMISUNI,,,no_article_found,
UBOS,parish,LOGOLI,BULAMBULI,BUMUGIBOLE,,,no_article_found,
UBOS,parish,LUGOBA,BULAMBULI,NABIWUTULU,,,no_article_found,
UBOS,parish,LUSASO,BULAMBULI,NAMISUNI,,,no_article_found,
UBOS,parish,LUZZI,BULAMBULI,SISIYI,,,no_article_found,
UBOS,parish,MABONO,BULAMBULI,SISIYI,,,no_article_found,
UBOS,parish,MABUGU,BULAMBULI,BULUGANYA,,,no_article_found,
UBOS,parish,MAGALA WARD,BULAMBULI,BULEGENI TOWN COUNCIL,,,no_article_found,
UBOS,parish,MALUNGI,BULAMBULI,BUFUMBO,,,no_article_found,
UBOS,parish,MARAMA,BULAMBULI,SOTTI,,,no_article_found,
UBOS,parish,MASOLA,BULAMBULI,KAMU,,,no_article_found,
UBOS,parish,MAYIYI,BULAMBULI,BUMUGIBOLE,,,no_article_found,
UBOS,parish,MBIGI,BULAMBULI,BUFUMBO,,,no_article_found,
UBOS,parish,MBIGI,BULAMBULI,BULEGENI,,,no_article_found,
UBOS,parish,MUVULE,BULAMBULI,BULEGENI,,,no_article_found,
UBOS,parish,NABBONGO,BULAMBULI,NABBONGO,,,no_article_found,
UBOS,parish,NAMBEKYE,BULAMBULI,NAMISUNI,,,no_article_found,
UBOS,parish,NAMEZI,BULAMBULI,NAMISUNI,,,no_article_found,
UBOS,parish,NAMUDONGO,BULAMBULI,NAMISUNI,,,no_article_found,
UBOS,parish,NAMUNANE,BULAMBULI,BULUGANYA,,,no_article_found,
UBOS,parish,NATABA,BULAMBULI,BULUGANYA,,,no_article_found,
UBOS,parish,NAZWAZWA,BULAMBULI,BUMASOBO,,,no_article_found,
UBOS,parish,SAMAZI,BULAMBULI,BULEGENI,,,no_article_found,
UBOS,parish,SAVANNAH,BULAMBULI,SIMU,,,no_article_found,
UBOS,parish,SIMU,BULAMBULI,BUKHALU,,,no_article_found,
UBOS,parish,SIMU,BULAMBULI,SIMU,,,no_article_found,
UBOS,parish,SOMI,BULAMBULI,KAMU,,,no_article_found,
UBOS,parish,SOTTI,BULAMBULI,SOTTI,,,no_article_found,
UBOS,parish,SUGUTA,BULAMBULI,BUMUGIBOLE,,,no_article_found,
UBOS,parish,TABALI,BULAMBULI,BUGINYANYA,,,no_article_found,
UBOS,parish,TUNYI,BULAMBULI,NABIWUTULU,,,no_article_found,
UBOS,parish,AVOGERA,BULIISA,NGWEDO,,,no_article_found,
UBOS,parish,BUGANA,BULIISA,BULIISA,,,no_article_found,
UBOS,parish,BUGOIGO,BULIISA,BUTIABA,,,no_article_found,
UBOS,parish,CENTRAL WARD,BULIISA,BULIISA TOWN COUNCIL,,,no_article_found,
UBOS,parish,GARASOYA,BULIISA,KIHUNGYA,,,no_article_found,
UBOS,parish,KAGERA,BULIISA,KIHUNGYA,,,no_article_found,
UBOS,parish,KAHEMURA,BULIISA,BIISO TOWN COUNCIL,,,no_article_found,
UBOS,parish,KAKOORA,BULIISA,BULIISA,,,no_article_found,
UBOS,parish,KICHOKE WARD,BULIISA,WANSEKO TOWN COUNCIL,,,no_article_found,
UBOS,parish,KIGOYA,BULIISA,BULIISA,,,no_article_found,
UBOS,parish,KIGUNGU WARD,BULIISA,BIISO TOWN COUNCIL,,,no_article_found,
UBOS,parish,KIHUHA WARD,BULIISA,BIISO TOWN COUNCIL,,,no_article_found,
UBOS,parish,KIRAMA,BULIISA,KIGWERA,,,no_article_found,
UBOS,parish,KISANSYA,BULIISA,KIGWERA,,,no_article_found,
UBOS,parish,MUBAKO,BULIISA,NGWEDO,,,no_article_found,
UBOS,parish,MUVULE,BULIISA,NGWEDO,,,no_article_found,
UBOS,parish,NDANDAMIRE WARD,BULIISA,WANSEKO TOWN COUNCIL,,,no_article_found,
UBOS,parish,NORTH WARD,BULIISA,BUTIABA TOWN COUNCIL,,,no_article_found,
UBOS,parish,NYAMASOGA,BULIISA,BIISO,,,no_article_found,
UBOS,parish,NYAMITETE,BULIISA,BULIISA,,,no_article_found,
UBOS,parish,NYERAMYA,BULIISA,KIHUNGYA,,,no_article_found,
UBOS,parish,WAAKI,BULIISA,KIHUNGYA,,,no_article_found,
UBOS,parish,BHAMBA WARD,BUNDIBUGYO,NYAHUKA TOWN COUNCIL,,,no_article_found,
UBOS,parish,BIMARA WARD,BUNDIBUGYO,BUNDIBUGYO TOWN COUNCIL,,,no_article_found,
UBOS,parish,BUBOMBOLI,BUNDIBUGYO,KISUBBA,,,no_article_found,
UBOS,parish,BUDWEYA,BUNDIBUGYO,MBATYA,,,no_article_found,
UBOS,parish,BUGANDO,BUNDIBUGYO,NTOTORO,,,no_article_found,
UBOS,parish,BUGANIKIRE WARD,BUNDIBUGYO,BUGANIKERE TOWN COUNCIL,,,no_article_found,
UBOS,parish,BUGOMBWA,BUNDIBUGYO,BUSARU,,,no_article_found,
UBOS,parish,BUHANDA,BUNDIBUGYO,TOKWE,,,no_article_found,
UBOS,parish,BUKANGAMA,BUNDIBUGYO,BUKONZO,,,no_article_found,
UBOS,parish,BULEMBA,BUNDIBUGYO,MBATYA,,,no_article_found,
UBOS,parish,BULILEYA WARD,BUNDIBUGYO,KAGHEMA TOWN COUNCIL,,,no_article_found,
UBOS,parish,BUMADU WARD,BUNDIBUGYO,BUNDIBUGYO TOWN COUNCIL,,,no_article_found,
UBOS,parish,BUMATE,BUNDIBUGYO,HARUGALI,,,no_article_found,
UBOS,parish,BUMATE WARD,BUNDIBUGYO,BUNDIBUGYO TOWN COUNCIL,,,no_article_found,
UBOS,parish,BUNDIBUTURO,BUNDIBUGYO,KIRUMYA,,,no_article_found,
UBOS,parish,BUNDIKAHUNGU WARD,BUNDIBUGYO,NYAHUKA TOWN COUNCIL,,,no_article_found,
UBOS,parish,BUNDIKAKEMBA WARD,BUNDIBUGYO,BUGANIKERE TOWN COUNCIL,,,no_article_found,
UBOS,parish,BUNDIKEKI,BUNDIBUGYO,KIRUMYA,,,no_article_found,
UBOS,parish,BUNDIKUYALI WARD,BUNDIBUGYO,NYAHUKA TOWN COUNCIL,,,no_article_found,
UBOS,parish,BUNDIMASOLI WARD,BUNDIBUGYO,NTANDI TOWN COUNCIL,,,no_article_found,
UBOS,parish,BUNDIMBUGA WARD,BUNDIBUGYO,BUTAMA-MITUNDA TOWN COUNCIL,,,no_article_found,
UBOS,parish,BUNDIMULINGA WARD,BUNDIBUGYO,NYAHUKA TOWN COUNCIL,,,no_article_found,
UBOS,parish,BUNDIMURANGYA,BUNDIBUGYO,KIRUMYA,,,no_article_found,
UBOS,parish,BUNDIMWENDI,BUNDIBUGYO,BUSARU,,,no_article_found,
UBOS,parish,BUNDINAMANDI,BUNDIBUGYO,BUNDINGOMA,,,no_article_found,
UBOS,parish,BUNDINGOMA,BUNDIBUGYO,BUNDINGOMA,,,no_article_found,
UBOS,parish,BUNDINJONGYA WARD,BUNDIBUGYO,BUTAMA-MITUNDA TOWN COUNCIL,,,no_article_found,
UBOS,parish,BUNDINYAMA,BUNDIBUGYO,TOKWE,,,no_article_found,
UBOS,parish,BUNGHUHA,BUNDIBUGYO,MBATYA,,,no_article_found,
UBOS,parish,BUNYANGULE,BUNDIBUGYO,SINDILA,,,no_article_found,
UBOS,parish,BUNYARUTA,BUNDIBUGYO,TOKWE,,,no_article_found,
UBOS,parish,BUPOMBOLI,BUNDIBUGYO,HARUGALI,,,no_article_found,
UBOS,parish,BURAMBAGIRA,BUNDIBUGYO,NGAMBA,,,no_article_found,
UBOS,parish,BURONDO,BUNDIBUGYO,BURONDO,,,no_article_found,
UBOS,parish,BUSAMBA,BUNDIBUGYO,MBATYA,,,no_article_found,
UBOS,parish,BUSORU,BUNDIBUGYO,KISUBBA,,,no_article_found,
UBOS,parish,BUSU,BUNDIBUGYO,BUNDINGOMA,,,no_article_found,
UBOS,parish,BUTAMA,BUNDIBUGYO,NDUGUTU,,,no_article_found,
UBOS,parish,BUTAMA CENTRAL WARD,BUNDIBUGYO,BUTAMA-MITUNDA TOWN COUNCIL,,,no_article_found,
UBOS,parish,BUTHUNGERERI,BUNDIBUGYO,MBATYA,,,no_article_found,
UBOS,parish,HAKITARA,BUNDIBUGYO,KISUBBA,,,no_article_found,
UBOS,parish,HAKITENGYA,BUNDIBUGYO,TOKWE,,,no_article_found,
UBOS,parish,HAMUTITI WARD,BUNDIBUGYO,BUNDIBUGYO TOWN COUNCIL,,,no_article_found,
UBOS,parish,HUMYA,BUNDIBUGYO,BUBUKWANGA,,,no_article_found,
UBOS,parish,IRAMBURA,BUNDIBUGYO,BUKONZO,,,no_article_found,
UBOS,parish,KAGHEMA WARD,BUNDIBUGYO,KAGHEMA TOWN COUNCIL,,,no_article_found,
UBOS,parish,KAGHUGHU,BUNDIBUGYO,KAGUGU,,,no_article_found,
UBOS,parish,KAHIMBI WARD,BUNDIBUGYO,BUTAMA-MITUNDA TOWN COUNCIL,,,no_article_found,
UBOS,parish,KAHUNGU WARD,BUNDIBUGYO,NYAHUKA TOWN COUNCIL,,,no_article_found,
UBOS,parish,KAKIRIMA WARD,BUNDIBUGYO,KAGHEMA TOWN COUNCIL,,,no_article_found,
UBOS,parish,KALEYALEYA,BUNDIBUGYO,NGITE,,,no_article_found,
UBOS,parish,KANANKULUNGO,BUNDIBUGYO,BUBANDI,,,no_article_found,
UBOS,parish,KANYANGOMA,BUNDIBUGYO,NGITE,,,no_article_found,
UBOS,parish,KANYANSIMBI WARD,BUNDIBUGYO,BUNDIBUGYO TOWN COUNCIL,,,no_article_found,
UBOS,parish,KANYANSIRI,BUNDIBUGYO,NTOTORO,,,no_article_found,
UBOS,parish,KASANZI,BUNDIBUGYO,NDUGUTU,,,no_article_found,
UBOS,parish,KASIRI WARD,BUNDIBUGYO,NYAHUKA TOWN COUNCIL,,,no_article_found,
UBOS,parish,KASULENGE,BUNDIBUGYO,HARUGALI,,,no_article_found,
UBOS,parish,KATSANGIRWA,BUNDIBUGYO,BUKONZO,,,no_article_found,
UBOS,parish,KATUMBA,BUNDIBUGYO,KIRUMYA,,,no_article_found,
UBOS,parish,KATWAKALI,BUNDIBUGYO,KASITU,,,no_article_found,
UBOS,parish,KIHOKO,BUNDIBUGYO,HARUGALI,,,no_article_found,
UBOS,parish,KIKYO,BUNDIBUGYO,NGAMBA,,,no_article_found,
UBOS,parish,KINYANKENDE,BUNDIBUGYO,NTOTORO,,,no_article_found,
UBOS,parish,KINYANTE,BUNDIBUGYO,BUSARU,,,no_article_found,
UBOS,parish,KIRAMBI WARD,BUNDIBUGYO,NTANDI TOWN COUNCIL,,,no_article_found,
UBOS,parish,KIRINDI,BUNDIBUGYO,HARUGALI,,,no_article_found,
UBOS,parish,KIRINDI,BUNDIBUGYO,BUSARU,,,no_article_found,
UBOS,parish,KISUBBA WARD,BUNDIBUGYO,KAGHEMA TOWN COUNCIL,,,no_article_found,
UBOS,parish,KITENGYA WARD,BUNDIBUGYO,BUTAMA-MITUNDA TOWN COUNCIL,,,no_article_found,
UBOS,parish,KITSOLIMA,BUNDIBUGYO,HARUGALI,,,no_article_found,
UBOS,parish,KITUTI,BUNDIBUGYO,BUKONZO,,,no_article_found,
UBOS,parish,KUKA,BUNDIBUGYO,MIRAMBI,,,no_article_found,
UBOS,parish,KYAMAIZI WARD,BUNDIBUGYO,BUGANIKERE TOWN COUNCIL,,,no_article_found,
UBOS,parish,KYEBUMBA,BUNDIBUGYO,KAGUGU,,,no_article_found,
UBOS,parish,LAMIA WARD,BUNDIBUGYO,BUSUNGA TOWN COUNCIL,,,no_article_found,
UBOS,parish,LUGO WARD,BUNDIBUGYO,KAGHEMA TOWN COUNCIL,,,no_article_found,
UBOS,parish,MABERE,BUNDIBUGYO,MABERE,,,no_article_found,
UBOS,parish,MAHINYI,BUNDIBUGYO,MABERE,,,no_article_found,
UBOS,parish,MALOMBA,BUNDIBUGYO,MABERE,,,no_article_found,
UBOS,parish,MAMPONGYA,BUNDIBUGYO,BUBUKWANGA,,,no_article_found,
UBOS,parish,MASULE,BUNDIBUGYO,NGITE,,,no_article_found,
UBOS,parish,MATAISA,BUNDIBUGYO,TOKWE,,,no_article_found,
UBOS,parish,MPULYA WARD,BUNDIBUGYO,NTANDI TOWN COUNCIL,,,no_article_found,
UBOS,parish,MULUNGITANWA WARD,BUNDIBUGYO,BUSUNGA TOWN COUNCIL,,,no_article_found,
UBOS,parish,MUNGUNI,BUNDIBUGYO,KASITU,,,no_article_found,
UBOS,parish,MWEMBI,BUNDIBUGYO,BURONDO,,,no_article_found,
UBOS,parish,NAKABISIRI WARD,BUNDIBUGYO,KAGHEMA TOWN COUNCIL,,,no_article_found,
UBOS,parish,NDALIBANA,BUNDIBUGYO,KASITU,,,no_article_found,
UBOS,parish,NGITE,BUNDIBUGYO,NGITE,,,no_article_found,
UBOS,parish,NJANJA,BUNDIBUGYO,MIRAMBI,,,no_article_found,
UBOS,parish,NJULE EAST,BUNDIBUGYO,BUBANDI,,,no_article_found,
UBOS,parish,NJUULE,BUNDIBUGYO,BUBANDI,,,no_article_found,
UBOS,parish,NKISYA WARD,BUNDIBUGYO,BUGANIKERE TOWN COUNCIL,,,no_article_found,
UBOS,parish,NKURANGA,BUNDIBUGYO,KAGUGU,,,no_article_found,
UBOS,parish,NTANDI WARD,BUNDIBUGYO,NTANDI TOWN COUNCIL,,,no_article_found,
UBOS,parish,NYABUGESERA WARD,BUNDIBUGYO,NTANDI TOWN COUNCIL,,,no_article_found,
UBOS,parish,NYAHUNGU WARD,BUNDIBUGYO,BUGANIKERE TOWN COUNCIL,,,no_article_found,
UBOS,parish,NYAKASOHA,BUNDIBUGYO,BUNDINGOMA,,,no_article_found,
UBOS,parish,NYAKIGHOMA,BUNDIBUGYO,MABERE,,,no_article_found,
UBOS,parish,NYALULU,BUNDIBUGYO,HARUGALI,,,no_article_found,
UBOS,parish,NYAMBARO,BUNDIBUGYO,BUBANDI,,,no_article_found,
UBOS,parish,NYANKIRO,BUNDIBUGYO,KIRUMYA,,,no_article_found,
UBOS,parish,NYANKONDA,BUNDIBUGYO,SINDILA,,,no_article_found,
UBOS,parish,NYASORO,BUNDIBUGYO,NTOTORO,,,no_article_found,
UBOS,parish,RUTOBO WARD,BUNDIBUGYO,BUSUNGA TOWN COUNCIL,,,no_article_found,
UBOS,parish,SAARA,BUNDIBUGYO,BUBUKWANGA,,,no_article_found,
UBOS,parish,SIMBYA NKURU WARD,BUNDIBUGYO,NYAHUKA TOWN COUNCIL,,,no_article_found,
UBOS,parish,SIMBYA WARD,BUNDIBUGYO,BUGANIKERE TOWN COUNCIL,,,no_article_found,
UBOS,parish,TOMBWE,BUNDIBUGYO,BUBANDI,,,no_article_found,
UBOS,parish,BUGHUMBA,BUNYANGABU,KATEEBWA,,,no_article_found,
UBOS,parish,BUGUZI,BUNYANGABU,KISOMORO,,,no_article_found,
UBOS,parish,BUKARA,BUNYANGABU,BUKARA,,,no_article_found,
UBOS,parish,BULYAMBAGHU,BUNYANGABU,BUKARA,,,no_article_found,
UBOS,parish,BUNAIGA,BUNYANGABU,KATEEBWA,,,no_article_found,
UBOS,parish,BUSANDA,BUNYANGABU,BUKARA,,,no_article_found,
UBOS,parish,BUTYOKA,BUNYANGABU,KATEEBWA,,,no_article_found,
UBOS,parish,CENTRAL WARD,BUNYANGABU,KIBIITO TOWN COUNCIL,,,no_article_found,
UBOS,parish,CENTRAL WARD,BUNYANGABU,NYAKIGUMBA TOWN COUNCIL,,,no_article_found,
UBOS,parish,CENTRAL WARD,BUNYANGABU,RUBONA TOWN COUNCIL,,,no_article_found,
UBOS,parish,EAST WARD,BUNYANGABU,KIBIITO TOWN COUNCIL,,,no_article_found,
UBOS,parish,EAST WARD,BUNYANGABU,NYAKIGUMBA TOWN COUNCIL,,,no_article_found,
UBOS,parish,KABAALE,BUNYANGABU,KIBIITO,,,no_article_found,
UBOS,parish,KABAHANGO,BUNYANGABU,BUHEESI,,,no_article_found,
UBOS,parish,KADINDIMO,BUNYANGABU,RWIMI,,,no_article_found,
UBOS,parish,KAGOOGA WARD,BUNYANGABU,KAKINGA TOWN COUNCIL,,,no_article_found,
UBOS,parish,KAHONDO,BUNYANGABU,KISOMORO,,,no_article_found,
UBOS,parish,KAINA,BUNYANGABU,RWIMI,,,no_article_found,
UBOS,parish,KAJUMIRO WARD,BUNYANGABU,KAKINGA TOWN COUNCIL,,,no_article_found,
UBOS,parish,KASUNGANYANJA,BUNYANGABU,KIBIITO,,,no_article_found,
UBOS,parish,KASURA,BUNYANGABU,KIYOMBYA,,,no_article_found,
UBOS,parish,KIBOOTA WARD,BUNYANGABU,BUHEESI TOWN COUNCIL,,,no_article_found,
UBOS,parish,KIREMEZI,BUNYANGABU,BUHEESI,,,no_article_found,
UBOS,parish,KIYOMBYA,BUNYANGABU,KIYOMBYA,,,no_article_found,
UBOS,parish,KYAMIYAGA,BUNYANGABU,BUHEESI,,,no_article_found,
UBOS,parish,KYAMUKUBE WARD,BUNYANGABU,KYAMUKUBE TOWN COUNCIL,,,no_article_found,
UBOS,parish,LYAMABWA,BUNYANGABU,KISOMORO,,,no_article_found,
UBOS,parish,MITANDI WARD,BUNYANGABU,KYAMUKUBE TOWN COUNCIL,,,no_article_found,
UBOS,parish,MUJUNJU,BUNYANGABU,KIBIITO,,,no_article_found,
UBOS,parish,MUTUMBA WARD,BUNYANGABU,KYAMUKUBE TOWN COUNCIL,,,no_article_found,
UBOS,parish,NSUURA WARD,BUNYANGABU,KYAMUKUBE TOWN COUNCIL,,,no_article_found,
UBOS,parish,NYABWINA WARD,BUNYANGABU,RWIMI TOWN COUNCIL,,,no_article_found,
UBOS,parish,NYAMISEKE,BUNYANGABU,KIYOMBYA,,,no_article_found,
UBOS,parish,NYARUGONGO,BUNYANGABU,KABONERO,,,no_article_found,
UBOS,parish,PIIDA,BUNYANGABU,KIYOMBYA,,,no_article_found,
UBOS,parish,RUBALIKA WARD,BUNYANGABU,KAKINGA TOWN COUNCIL,,,no_article_found,
UBOS,parish,RWEIHARA,BUNYANGABU,RWIMI,,,no_article_found,
UBOS,parish,RWENSENENE,BUNYANGABU,BUHEESI TOWN COUNCIL,,,no_article_found,
UBOS,parish,SOUTH EAST WARD,BUNYANGABU,KIBIITO TOWN COUNCIL,,,no_article_found,
UBOS,parish,SOUTH WARD,BUNYANGABU,NYAKIGUMBA TOWN COUNCIL,,,no_article_found,
UBOS,parish,SOUTH WEST WARD,BUNYANGABU,KIBIITO TOWN COUNCIL,,,no_article_found,
UBOS,parish,WEST WARD,BUNYANGABU,KIBIITO TOWN COUNCIL,,,no_article_found,
UBOS,parish,WEST WARD,BUNYANGABU,NYAKIGUMBA TOWN COUNCIL,,,no_article_found,
UBOS,parish,BIJENGYE,BUSHENYI,KYABUGIMBI,,,no_article_found,
UBOS,parish,BIRIMBI,BUSHENYI,NKANGA,,,no_article_found,
UBOS,parish,BUGAARA,BUSHENYI,RUHUMURO,,,no_article_found,
UBOS,parish,BUNYARIGI WARD,BUSHENYI,CENTRAL DIVISION,,,no_article_found,
UBOS,parish,BURAMBA WARD,BUSHENYI,ISHAKA DIVISION,,,no_article_found,
UBOS,parish,BURUNGIRA,BUSHENYI,RUHUMURO,,,no_article_found,
UBOS,parish,CENTRAL WARD,BUSHENYI,CENTRAL DIVISION,,,no_article_found,
UBOS,parish,KABANDE,BUSHENYI,NKANGA,,,no_article_found,
UBOS,parish,KABARE,BUSHENYI,KAKANJU,,,no_article_found,
UBOS,parish,KAHUNGYE,BUSHENYI,NYABUBARE,,,no_article_found,
UBOS,parish,KAINAMO,BUSHENYI,IBAARE,,,no_article_found,
UBOS,parish,KAJUNJU,BUSHENYI,KYABUGIMBI,,,no_article_found,
UBOS,parish,KAKONI,BUSHENYI,KYAMUHUNGA,,,no_article_found,
UBOS,parish,KANYEGYERO,BUSHENYI,NKANGA,,,no_article_found,
UBOS,parish,KARARO,BUSHENYI,KYEIZOOBA,,,no_article_found,
UBOS,parish,KASHENYI WARD,BUSHENYI,ISHAKA DIVISION,,,no_article_found,
UBOS,parish,KATIKAMWE WARD,BUSHENYI,KYABUGIMBI TOWN COUNCIL,,,no_article_found,
UBOS,parish,KIBAARE,BUSHENYI,BUMBAIRE,,,no_article_found,
UBOS,parish,KIBAARE WARD,BUSHENYI,NYAKABIRIZI DIVISION,,,no_article_found,
UBOS,parish,KIBAZI,BUSHENYI,KYAMUHUNGA,,,no_article_found,
UBOS,parish,KIGOMA WARD,BUSHENYI,KIZINDA TOWN COUNCIL,,,no_article_found,
UBOS,parish,KIMURI,BUSHENYI,BITOOMA TOWN COUNCIL,,,no_article_found,
UBOS,parish,KITOJO,BUSHENYI,KAKANJU,,,no_article_found,
UBOS,parish,KIYAGA,BUSHENYI,BUMBAIRE,,,no_article_found,
UBOS,parish,KIZINDA WARD,BUSHENYI,KIZINDA TOWN COUNCIL,,,no_article_found,
UBOS,parish,KYAMUGABO,BUSHENYI,IBAARE,,,no_article_found,
UBOS,parish,KYEIGOMBE,BUSHENYI,KYABUGIMBI,,,no_article_found,
UBOS,parish,KYEITEMBE WARD,BUSHENYI,CENTRAL DIVISION,,,no_article_found,
UBOS,parish,MASHONGA,BUSHENYI,KYAMUHUNGA,,,no_article_found,
UBOS,parish,MASHONGA WARD,BUSHENYI,KYAMUHUNGA TOWN COUNCIL,,,no_article_found,
UBOS,parish,NGORORA WARD,BUSHENYI,BITOOMA TOWN COUNCIL,,,no_article_found,
UBOS,parish,NSHUMI,BUSHENYI,KYAMUHUNGA,,,no_article_found,
UBOS,parish,NUMBA,BUSHENYI,BUMBAIRE,,,no_article_found,
UBOS,parish,NYAMIREMBE,BUSHENYI,NKANGA,,,no_article_found,
UBOS,parish,NYAMIYAGA,BUSHENYI,KYEIZOOBA,,,no_article_found,
UBOS,parish,NYARUGOTE,BUSHENYI,NYABUBARE,,,no_article_found,
UBOS,parish,NYEIBINGO,BUSHENYI,RUHUMURO,,,no_article_found,
UBOS,parish,RUHARO WARD,BUSHENYI,CENTRAL DIVISION,,,no_article_found,
UBOS,parish,RUSHINYA,BUSHENYI,KAKANJU,,,no_article_found,
UBOS,parish,RUTOOMA WARD,BUSHENYI,RWENTUHA TOWN COUNCIL,,,no_article_found,
UBOS,parish,RWENJERU WARD,BUSHENYI,NYAKABIRIZI DIVISION,,,no_article_found,
UBOS,parish,RYAMABENGWA WARD,BUSHENYI,CENTRAL DIVISION,,,no_article_found,
UBOS,parish,RYEISHE,BUSHENYI,IBAARE,,,no_article_found,
UBOS,parish,SWAZI,BUSHENYI,KYAMUHUNGA,,,no_article_found,
UBOS,parish,TOWN WARD,BUSHENYI,ISHAKA DIVISION,,,no_article_found,
UBOS,parish,WARD I,BUSHENYI,NYAKABIRIZI DIVISION,,,no_article_found,
UBOS,parish,WARD II,BUSHENYI,CENTRAL DIVISION,,,no_article_found,
UBOS,parish,WARD III,BUSHENYI,ISHAKA DIVISION,,,no_article_found,
UBOS,parish,WARD IV,BUSHENYI,ISHAKA DIVISION,,,no_article_found,
UBOS,parish,ABOCHET,BUSIA,BUTEBA,,,no_article_found,
UBOS,parish,ABOCHET WARD,BUSIA,TIIRA TOWN COUNCIL,,,no_article_found,
UBOS,parish,AJUKET WARD,BUSIA,TIIRA TOWN COUNCIL,,,no_article_found,
UBOS,parish,AMONEKAKINEI,BUSIA,BUTEBA,,,no_article_found,
UBOS,parish,BUCHICHA,BUSIA,SIKUDA,,,no_article_found,
UBOS,parish,BUDIMO,BUSIA,LUMINO,,,no_article_found,
UBOS,parish,BUHASABA,BUSIA,BUHEHE,,,no_article_found,
UBOS,parish,BUHATUBA,BUSIA,MASAFU,,,no_article_found,
UBOS,parish,BUHOBE,BUSIA,BULUMBI,,,no_article_found,
UBOS,parish,BUHOYA WARD,BUSIA,NAMUNGODI TOWN COUNCIL,,,no_article_found,
UBOS,parish,BUHUMI WARD,BUSIA,NAMUNGODI TOWN COUNCIL,,,no_article_found,
UBOS,parish,BULWENGE,BUSIA,BUHEHE,,,no_article_found,
UBOS,parish,BUMUNJI,BUSIA,MASINYA,,,no_article_found,
UBOS,parish,BUSIABALA,BUSIA,LUNYO,,,no_article_found,
UBOS,parish,BUSIBEMBE,BUSIA,BUYANGA,,,no_article_found,
UBOS,parish,BUSIKHO,BUSIA,MASINYA,,,no_article_found,
UBOS,parish,BUSIME,BUSIA,BUSIME,,,no_article_found,
UBOS,parish,BUTANGASI,BUSIA,MASABA,,,no_article_found,
UBOS,parish,BUTOTE WARD,BUSIA,MASAFU TOWN COUNCIL,,,no_article_found,
UBOS,parish,BUWEMBE,BUSIA,BUYANGA,,,no_article_found,
UBOS,parish,BUWUMBA,BUSIA,DABANI,,,no_article_found,
UBOS,parish,BUYUNDA,BUSIA,BUYANGA,,,no_article_found,
UBOS,parish,BWANIHA,BUSIA,BUSIME,,,no_article_found,
UBOS,parish,CENTRAL WARD,BUSIA,EASTERN DIVISION,,,no_article_found,
UBOS,parish,CHAWO,BUSIA,BUSITEMA,,,no_article_found,
UBOS,parish,DADIRA,BUSIA,MAJANJI,,,no_article_found,
UBOS,parish,HABULEKE,BUSIA,BUSITEMA,,,no_article_found,
UBOS,parish,HASYULE,BUSIA,LUMINO,,,no_article_found,
UBOS,parish,JUNGE,BUSIA,MAJANJI,,,no_article_found,
UBOS,parish,KUBO,BUSIA,MASAFU,,,no_article_found,
UBOS,parish,MASINYA,BUSIA,MASINYA,,,no_article_found,
UBOS,parish,MAWANGA,BUSIA,MASAFU,,,no_article_found,
UBOS,parish,MAWANGA WARD,BUSIA,MASAFU TOWN COUNCIL,,,no_article_found,
UBOS,parish,MAWERO,BUSIA,BUTEBA,,,no_article_found,
UBOS,parish,MBEHENYI,BUSIA,MASABA,,,no_article_found,
UBOS,parish,MUNDINDI,BUSIA,BUSIME,,,no_article_found,
UBOS,parish,NAGABITA,BUSIA,MAJANJI,,,no_article_found,
UBOS,parish,NALWIRE,BUSIA,LUNYO,,,no_article_found,
UBOS,parish,NAMUGONDI WARD,BUSIA,NAMUNGODI TOWN COUNCIL,,,no_article_found,
UBOS,parish,NANGWE,BUSIA,DABANI,,,no_article_found,
UBOS,parish,NEKUKU,BUSIA,LUNYO,,,no_article_found,
UBOS,parish,NORTH A WARD,BUSIA,WESTERN DIVISION,,,no_article_found,
UBOS,parish,NORTH B WARD,BUSIA,WESTERN DIVISION,,,no_article_found,
UBOS,parish,NORTH C WARD,BUSIA,EASTERN DIVISION,,,no_article_found,
UBOS,parish,NORTH EAST A WARD,BUSIA,EASTERN DIVISION,,,no_article_found,
UBOS,parish,NORTH EAST B WARD,BUSIA,EASTERN DIVISION,,,no_article_found,
UBOS,parish,RUKAKA,BUSIA,BUSIME,,,no_article_found,
UBOS,parish,SIKUDA,BUSIA,SIKUDA,,,no_article_found,
UBOS,parish,SOUTH EAST WARD,BUSIA,EASTERN DIVISION,,,no_article_found,
UBOS,parish,SOUTH WEST WARD,BUSIA,WESTERN DIVISION,,,no_article_found,
UBOS,parish,SYANYONJA,BUSIA,BUSITEMA,,,no_article_found,
UBOS,parish,TIIRA WARD,BUSIA,TIIRA TOWN COUNCIL,,,no_article_found,
UBOS,parish,BINGO,BUTALEJA,NAWANJOFU,,,no_article_found,
UBOS,parish,BUBALYA,BUTALEJA,BUSOLWE,,,no_article_found,
UBOS,parish,BUBBINGE,BUTALEJA,NAWANJOFU,,,no_article_found,
UBOS,parish,BUDUSU,BUTALEJA,BUDUMBA,,,no_article_found,
UBOS,parish,BUFUJJA WARD,BUTALEJA,BUFUJJA-KACHONGA TOWN COUNCIL,,,no_article_found,
UBOS,parish,BUGADUNYA WARD,BUTALEJA,BUFUJJA-KACHONGA TOWN COUNCIL,,,no_article_found,
UBOS,parish,BUGALO,BUTALEJA,NAWANJOFU,,,no_article_found,
UBOS,parish,BUGEGEGE,BUTALEJA,BUSABI,,,no_article_found,
UBOS,parish,BUGOSA,BUTALEJA,BUTALEJA,,,no_article_found,
UBOS,parish,BUHABEBA,BUTALEJA,BUSOLWE,,,no_article_found,
UBOS,parish,BUMWAMI,BUTALEJA,BUSABA TOWN COUNCIL,,,no_article_found,
UBOS,parish,BUNAWALE,BUTALEJA,BUDUMBA,,,no_article_found,
UBOS,parish,BUNGHAGI WARD,BUTALEJA,BUTALEJA TOWN COUNCIL,,,no_article_found,
UBOS,parish,BUNGHANGA,BUTALEJA,BUDUMBA,,,no_article_found,
UBOS,parish,BUNGHUMU,BUTALEJA,BUSOLWE,,,no_article_found,
UBOS,parish,BUSIBIRA,BUTALEJA,BUTALEJA,,,no_article_found,
UBOS,parish,BUWESA,BUTALEJA,BUSABI,,,no_article_found,
UBOS,parish,BUWIHULA,BUTALEJA,BUSABA,,,no_article_found,
UBOS,parish,CHADONGO,BUTALEJA,KACHONGA,,,no_article_found,
UBOS,parish,DOHO,BUTALEJA,MAZIMASA,,,no_article_found,
UBOS,parish,HABIGA,BUTALEJA,BUSABI,,,no_article_found,
UBOS,parish,HALANGA WARD,BUTALEJA,BUSABA TOWN COUNCIL,,,no_article_found,
UBOS,parish,HISEGA WARD,BUTALEJA,BUTALEJA TOWN COUNCIL,,,no_article_found,
UBOS,parish,KACHEKERE,BUTALEJA,NAWEYO,,,no_article_found,
UBOS,parish,KAITI,BUTALEJA,HIMUTU,,,no_article_found,
UBOS,parish,KAITI,BUTALEJA,NAWEYO,,,no_article_found,
UBOS,parish,KANGALABA,BUTALEJA,HIMUTU,,,no_article_found,
UBOS,parish,KANYENYA,BUTALEJA,HIMUTU,,,no_article_found,
UBOS,parish,KAPISA,BUTALEJA,MAZIMASA,,,no_article_found,
UBOS,parish,LUBEMBE,BUTALEJA,MAZIMASA,,,no_article_found,
UBOS,parish,LUJEHE WARD,BUTALEJA,BUTALEJA TOWN COUNCIL,,,no_article_found,
UBOS,parish,MABALE,BUTALEJA,BUTALEJA,,,no_article_found,
UBOS,parish,MABALE,BUTALEJA,BUDUMBA,,,no_article_found,
UBOS,parish,MALANGHA,BUTALEJA,BUSABI,,,no_article_found,
UBOS,parish,MANYAMYE,BUTALEJA,BUSABI,,,no_article_found,
UBOS,parish,MASANGHE,BUTALEJA,BUDUMBA,,,no_article_found,
UBOS,parish,MASANGHE,BUTALEJA,NAWANJOFU,,,no_article_found,
UBOS,parish,MAZIMASA,BUTALEJA,MAZIMASA,,,no_article_found,
UBOS,parish,MUDODO WARD,BUTALEJA,BUFUJJA-KACHONGA TOWN COUNCIL,,,no_article_found,
UBOS,parish,MUGULU,BUTALEJA,BUSOLWE,,,no_article_found,
UBOS,parish,MULANDU,BUTALEJA,BUTALEJA,,,no_article_found,
UBOS,parish,MULANGA,BUTALEJA,BUSABA,,,no_article_found,
UBOS,parish,MUYAGO,BUTALEJA,MAZIMASA,,,no_article_found,
UBOS,parish,MWIHA,BUTALEJA,BUSABA TOWN COUNCIL,,,no_article_found,
UBOS,parish,NABIGANDA WARD,BUTALEJA,NABIGANDA TOWN COUNCIL,,,no_article_found,
UBOS,parish,NAKABI WARD,BUTALEJA,NABIGANDA TOWN COUNCIL,,,no_article_found,
UBOS,parish,NAKWASI,BUTALEJA,BUTALEJA,,,no_article_found,
UBOS,parish,NAKWIGA WARD,BUTALEJA,BUSOLWE TOWN COUNCIL,,,no_article_found,
UBOS,parish,NAMAJJI,BUTALEJA,KACHONGA,,,no_article_found,
UBOS,parish,NAMAWA,BUTALEJA,KACHONGA,,,no_article_found,
UBOS,parish,NAMPOLOGOMA WARD,BUTALEJA,NABIGANDA TOWN COUNCIL,,,no_article_found,
UBOS,parish,NAMULO,BUTALEJA,HIMUTU,,,no_article_found,
UBOS,parish,NAMUNASA,BUTALEJA,KACHONGA,,,no_article_found,
UBOS,parish,NAMUNSWA WARD,BUTALEJA,NABIGANDA TOWN COUNCIL,,,no_article_found,
UBOS,parish,NAMUSERU WARD,BUTALEJA,NABIGANDA TOWN COUNCIL,,,no_article_found,
UBOS,parish,NANYULU WARD,BUTALEJA,BUTALEJA TOWN COUNCIL,,,no_article_found,
UBOS,parish,NASEMENYE WARD,BUTALEJA,NABIGANDA TOWN COUNCIL,,,no_article_found,
UBOS,parish,NASINYI,BUTALEJA,NAWEYO,,,no_article_found,
UBOS,parish,NAWASU WARD,BUTALEJA,BUSOLWE TOWN COUNCIL,,,no_article_found,
UBOS,parish,NAWINYOHA WARD,BUTALEJA,BUSABA TOWN COUNCIL,,,no_article_found,
UBOS,parish,NEBBO WARD,BUTALEJA,BUFUJJA-KACHONGA TOWN COUNCIL,,,no_article_found,
UBOS,parish,SAGENDA WARD,BUTALEJA,BUTALEJA TOWN COUNCIL,,,no_article_found,
UBOS,parish,TINDI,BUTALEJA,HIMUTU,,,no_article_found,
UBOS,parish,WANGALE,BUTALEJA,HIMUTU,,,no_article_found,
UBOS,parish,BUKESA,BUTAMBALA,NGANDO,,,no_article_found,
UBOS,parish,BULE,BUTAMBALA,BULO,,,no_article_found,
UBOS,parish,BUTAWUKA,BUTAMBALA,BULO,,,no_article_found,
UBOS,parish,BUTENDE,BUTAMBALA,NGANDO,,,no_article_found,
UBOS,parish,BWEYA(SSETA),BUTAMBALA,KALAMBA,,,no_article_found,
UBOS,parish,GWATIRO,BUTAMBALA,BUDDE,,,no_article_found,
UBOS,parish,KABASANDA WARD,BUTAMBALA,KALAMBA TOWN COUNCIL,,,no_article_found,
UBOS,parish,KATABIRA,BUTAMBALA,KIBIBI TOWN COUNCIL,,,no_article_found,
UBOS,parish,KAYENJE WARD,BUTAMBALA,GOMBE TOWN COUNCIL,,,no_article_found,
UBOS,parish,KIBUGGA,BUTAMBALA,BUDDE,,,no_article_found,
UBOS,parish,KIROKOLA WARD,BUTAMBALA,KALAMBA TOWN COUNCIL,,,no_article_found,
UBOS,parish,KITIMBA,BUTAMBALA,KALAMBA,,,no_article_found,
UBOS,parish,KYERIMA,BUTAMBALA,BULO,,,no_article_found,
UBOS,parish,LUGALA,BUTAMBALA,BUDDE,,,no_article_found,
UBOS,parish,LUGALI,BUTAMBALA,NGANDO,,,no_article_found,
UBOS,parish,MABANDA,BUTAMBALA,KIBIBI TOWN COUNCIL,,,no_article_found,
UBOS,parish,MITWETWE,BUTAMBALA,KIBIBI TOWN COUNCIL,,,no_article_found,
UBOS,parish,NAKATOOKE,BUTAMBALA,BULO,,,no_article_found,
UBOS,parish,NSOZIBIRI WARD,BUTAMBALA,KALAMBA TOWN COUNCIL,,,no_article_found,
UBOS,parish,NTOLOMWE WARD,BUTAMBALA,GOMBE TOWN COUNCIL,,,no_article_found,
UBOS,parish,BUCHEMA,BUTEBO,KADOKOLENE,,,no_article_found,
UBOS,parish,BULALAKA,BUTEBO,KABWANGASI,,,no_article_found,
UBOS,parish,BULOKI,BUTEBO,PUTTI,,,no_article_found,
UBOS,parish,BUPADOI WARD,BUTEBO,KANGINIMA TOWN COUNCIL,,,no_article_found,
UBOS,parish,BUYEDA,BUTEBO,KAPUNYASI,,,no_article_found,
UBOS,parish,CENTRAL WARD,BUTEBO,BUTEBO TOWN COUNCIL,,,no_article_found,
UBOS,parish,DOKO,BUTEBO,KABWANGASI,,,no_article_found,
UBOS,parish,EAST WARD,BUTEBO,BUTEBO TOWN COUNCIL,,,no_article_found,
UBOS,parish,KABELAI,BUTEBO,KABELAI,,,no_article_found,
UBOS,parish,KABEREKEKE WARD,BUTEBO,PETETE TOWN COUNCIL,,,no_article_found,
UBOS,parish,KACHABALI,BUTEBO,PETETE,,,no_article_found,
UBOS,parish,KACHOCHA WARD,BUTEBO,PETETE TOWN COUNCIL,,,no_article_found,
UBOS,parish,KACHURU,BUTEBO,KACHURU,,,no_article_found,
UBOS,parish,KADOKOLENE,BUTEBO,KADOKOLENE,,,no_article_found,
UBOS,parish,KADOTO,BUTEBO,KAKORO,,,no_article_found,
UBOS,parish,KADUYON,BUTEBO,KANYUM,,,no_article_found,
UBOS,parish,KAITISYA WARD,BUTEBO,KAKORO TOWN COUNCIL,,,no_article_found,
UBOS,parish,KALOJA,BUTEBO,KABWANGASI,,,no_article_found,
UBOS,parish,KANGADO,BUTEBO,BUTEBO,,,no_article_found,
UBOS,parish,KAPUNYASI,BUTEBO,KAPUNYASI,,,no_article_found,
UBOS,parish,KASAJJA WARD,BUTEBO,KAKORO TOWN COUNCIL,,,no_article_found,
UBOS,parish,KASEKINYI WARD,BUTEBO,KABWANGASI TOWN COUNCIL,,,no_article_found,
UBOS,parish,KASUPETE,BUTEBO,KANGINIMA,,,no_article_found,
UBOS,parish,KASYEBAI,BUTEBO,BUTEBO,,,no_article_found,
UBOS,parish,KATERYO,BUTEBO,KADOKOLENE,,,no_article_found,
UBOS,parish,KATIKA WARD,BUTEBO,KANGINIMA TOWN COUNCIL,,,no_article_found,
UBOS,parish,KATUBAI,BUTEBO,KACHURU,,,no_article_found,
UBOS,parish,KAWOJAN,BUTEBO,MAIZIMASA,,,no_article_found,
UBOS,parish,KAYOGA,BUTEBO,KABELAI,,,no_article_found,
UBOS,parish,KINAKUMI,BUTEBO,KACHURU,,,no_article_found,
UBOS,parish,KITOIKA WONONI,BUTEBO,KANGINIMA,,,no_article_found,
UBOS,parish,KOKALEN,BUTEBO,KANYUM,,,no_article_found,
UBOS,parish,KOMOLO,BUTEBO,MAIZIMASA,,,no_article_found,
UBOS,parish,KOSINGHE WARD,BUTEBO,PETETE TOWN COUNCIL,,,no_article_found,
UBOS,parish,MAIZIMASA,BUTEBO,MAIZIMASA,,,no_article_found,
UBOS,parish,MANYOWE,BUTEBO,PETETE,,,no_article_found,
UBOS,parish,MORUTOME WARD,BUTEBO,KABWANGASI TOWN COUNCIL,,,no_article_found,
UBOS,parish,NABIKU,BUTEBO,PUTTI,,,no_article_found,
UBOS,parish,NALIDI,BUTEBO,KANGINIMA,,,no_article_found,
UBOS,parish,NASENYI,BUTEBO,KABWANGASI,,,no_article_found,
UBOS,parish,NASULETA,BUTEBO,KAPUNYASI,,,no_article_found,
UBOS,parish,NORTH WARD,BUTEBO,BUTEBO TOWN COUNCIL,,,no_article_found,
UBOS,parish,ODIPANYA,BUTEBO,BUTEBO,,,no_article_found,
UBOS,parish,PUTTI,BUTEBO,PUTTI,,,no_article_found,
UBOS,parish,SIDANYI,BUTEBO,PETETE,,,no_article_found,
UBOS,parish,SOUTH WARD,BUTEBO,BUTEBO TOWN COUNCIL,,,no_article_found,
UBOS,parish,SUKUSUKU,BUTEBO,MAIZIMASA,,,no_article_found,
UBOS,parish,TEKWANA,BUTEBO,KAKORO,,,no_article_found,
UBOS,parish,TIIRA,BUTEBO,PUTTI,,,no_article_found,
UBOS,parish,WEST WARD,BUTEBO,BUTEBO TOWN COUNCIL,,,no_article_found,
UBOS,parish,BUKINAALWA,BUVUMA,BUWOOYA,,,no_article_found,
UBOS,parish,BUWAGGA,BUVUMA,BUGAYA,,,no_article_found,
UBOS,parish,BUWANGA,BUVUMA,NAIRAMBI,,,no_article_found,
UBOS,parish,BUWANGA CENTRAL,BUVUMA,BUVUMA TOWN COUNCIL,,,no_article_found,
UBOS,parish,BUWANGA WARD,BUVUMA,BUVUMA TOWN COUNCIL,,,no_article_found,
UBOS,parish,BUWANZI,BUVUMA,BUWOOYA,,,no_article_found,
UBOS,parish,BUWOOYA,BUVUMA,BUWOOYA,,,no_article_found,
UBOS,parish,BUYE,BUVUMA,BUGAYA,,,no_article_found,
UBOS,parish,BUZIRI,BUVUMA,BWEEMA,,,no_article_found,
UBOS,parish,DDEMBE,BUVUMA,LWAJE,,,no_article_found,
UBOS,parish,KASERERE,BUVUMA,LWAJE,,,no_article_found,
UBOS,parish,KIREWE,BUVUMA,LUBYA TOWN COUNCIL,,,no_article_found,
UBOS,parish,KIRONGO,BUVUMA,BUSAMUZI,,,no_article_found,
UBOS,parish,LIIBU,BUVUMA,LYABAANA TOWN COUNCIL,,,no_article_found,
UBOS,parish,LUFU,BUVUMA,NAIRAMBI,,,no_article_found,
UBOS,parish,LUKALE,BUVUMA,NAIRAMBI,,,no_article_found,
UBOS,parish,LUNYANJA,BUVUMA,BUSAMUZI,,,no_article_found,
UBOS,parish,LYABALUME,BUVUMA,LWAJE,,,no_article_found,
UBOS,parish,MAGYO,BUVUMA,NAIRAMBI,,,no_article_found,
UBOS,parish,MALIJJA,BUVUMA,BWEEMA,,,no_article_found,
UBOS,parish,MAWANGA,BUVUMA,BUSAMUZI,,,no_article_found,
UBOS,parish,MUWAMA,BUVUMA,LYABAANA TOWN COUNCIL,,,no_article_found,
UBOS,parish,NAMITI,BUVUMA,LUBYA TOWN COUNCIL,,,no_article_found,
UBOS,parish,NDWASI,BUVUMA,BUGAYA,,,no_article_found,
UBOS,parish,SAMBA,BUVUMA,LYABAANA TOWN COUNCIL,,,no_article_found,
UBOS,parish,TOME WARD,BUVUMA,BUVUMA TOWN COUNCIL,,,no_article_found,
UBOS,parish,WALWANDA WARD,BUVUMA,BUVUMA TOWN COUNCIL,,,no_article_found,
UBOS,parish,ZINGA,BUVUMA,BUGAYA,,,no_article_found,
UBOS,parish,ZIRU,BUVUMA,LYABAANA TOWN COUNCIL,,,no_article_found,
UBOS,parish,BUDIPA,BUYENDE,IRUNDU,,,no_article_found,
UBOS,parish,BUDOLA,BUYENDE,GUMPI,,,no_article_found,
UBOS,parish,BUGULUSI WARD,BUYENDE,IRUNDU TOWN COUNCIL,,,no_article_found,
UBOS,parish,BUKUTULA,BUYENDE,IRUNDU,,,no_article_found,
UBOS,parish,BULEMBO,BUYENDE,KIDERA,,,no_article_found,
UBOS,parish,BUMUGOLI,BUYENDE,KAGULU,,,no_article_found,
UBOS,parish,BUMYUKA WARD,BUYENDE,BUYENDE TOWN COUNCIL,,,no_article_found,
UBOS,parish,BUSAABI,BUYENDE,BUGAYA,,,no_article_found,
UBOS,parish,BUTASWA,BUYENDE,BUGAYA,,,no_article_found,
UBOS,parish,BUTAYUNJWA,BUYENDE,BUYANJA,,,no_article_found,
UBOS,parish,BUTONGOLE,BUYENDE,NDOLWA,,,no_article_found,
UBOS,parish,BUYAMBA,BUYENDE,NGANDHO,,,no_article_found,
UBOS,parish,BUYUMBA,BUYENDE,KAGULU,,,no_article_found,
UBOS,parish,GUMPI,BUYENDE,GUMPI,,,no_article_found,
UBOS,parish,GWASE,BUYENDE,NGANDHO,,,no_article_found,
UBOS,parish,IGALAZA,BUYENDE,IRUNDU,,,no_article_found,
UBOS,parish,IKANDA,BUYENDE,BUYENDE,,,no_article_found,
UBOS,parish,IMMERI,BUYENDE,NKONDO,,,no_article_found,
UBOS,parish,INNULA,BUYENDE,GUMPI,,,no_article_found,
UBOS,parish,IRAAPA,BUYENDE,BUGAYA,,,no_article_found,
UBOS,parish,IRINGA EAST,BUYENDE,NKONDO,,,no_article_found,
UBOS,parish,IRINGA WEST,BUYENDE,NKONDO,,,no_article_found,
UBOS,parish,IRUNDU WARD,BUYENDE,IRUNDU TOWN COUNCIL,,,no_article_found,
UBOS,parish,ITAMIA WARD,BUYENDE,KIDERA TOWN COUNCIL,,,no_article_found,
UBOS,parish,KABUGUDHO WARD,BUYENDE,KIDERA TOWN COUNCIL,,,no_article_found,
UBOS,parish,KABUKYE,BUYENDE,KAGULU,,,no_article_found,
UBOS,parish,KAGWA WARD,BUYENDE,IRUNDU TOWN COUNCIL,,,no_article_found,
UBOS,parish,KANAKU WARD,BUYENDE,IRUNDU TOWN COUNCIL,,,no_article_found,
UBOS,parish,KASIIRA,BUYENDE,KIDERA,,,no_article_found,
UBOS,parish,KIGINGI,BUYENDE,NKONDO,,,no_article_found,
UBOS,parish,KIGWERI,BUYENDE,BUGAYA,,,no_article_found,
UBOS,parish,KIMBAYA,BUYENDE,GUMPI,,,no_article_found,
UBOS,parish,KINAWAMBOGO WARD,BUYENDE,BUYENDE TOWN COUNCIL,,,no_article_found,
UBOS,parish,KIRIBAIRYA,BUYENDE,BUYENDE,,,no_article_found,
UBOS,parish,KIRIMBI,BUYENDE,NGANDHO,,,no_article_found,
UBOS,parish,KIRIMWA,BUYENDE,KAGULU,,,no_article_found,
UBOS,parish,KISAIKYE,BUYENDE,KIDERA,,,no_article_found,
UBOS,parish,KITAIDHUMBA WARD,BUYENDE,KIDERA TOWN COUNCIL,,,no_article_found,
UBOS,parish,KITETE WARD,BUYENDE,KIDERA TOWN COUNCIL,,,no_article_found,
UBOS,parish,KITUKIRO,BUYENDE,GUMPI,,,no_article_found,
UBOS,parish,KIWABA,BUYENDE,NKONDO,,,no_article_found,
UBOS,parish,KYANKOOLE WARD,BUYENDE,BUKUNGU TOWN COUNCIL,,,no_article_found,
UBOS,parish,MAKANGA WARD,BUYENDE,BUYENDE TOWN COUNCIL,,,no_article_found,
UBOS,parish,MALIMA,BUYENDE,NKONDO,,,no_article_found,
UBOS,parish,MANGO,BUYENDE,BUYENDE,,,no_article_found,
UBOS,parish,MISERU,BUYENDE,KIDERA,,,no_article_found,
UBOS,parish,MULALI,BUYENDE,KAGULU,,,no_article_found,
UBOS,parish,NABIGAGA,BUYENDE,NDOLWA,,,no_article_found,
UBOS,parish,NABISIKI,BUYENDE,NGANDHO,,,no_article_found,
UBOS,parish,NABITULA,BUYENDE,GUMPI,,,no_article_found,
UBOS,parish,NAKABIRA WARD,BUYENDE,BUYENDE TOWN COUNCIL,,,no_article_found,
UBOS,parish,NAMUKUNYU,BUYENDE,BUGAYA,,,no_article_found,
UBOS,parish,NAMUSIKIZI,BUYENDE,BUGAYA,,,no_article_found,
UBOS,parish,NAMUSITA,BUYENDE,BUYENDE,,,no_article_found,
UBOS,parish,NDOLWA,BUYENDE,NDOLWA,,,no_article_found,
UBOS,parish,NDUDU,BUYENDE,KIDERA,,,no_article_found,
UBOS,parish,NDULYA,BUYENDE,NKONDO,,,no_article_found,
UBOS,parish,NGANDHO,BUYENDE,NGANDHO,,,no_article_found,
UBOS,parish,NKOONE,BUYENDE,IRUNDU,,,no_article_found,
UBOS,parish,NSEKASEKA,BUYENDE,NKONDO,,,no_article_found,
UBOS,parish,NSOMBA,BUYENDE,KAGULU,,,no_article_found,
UBOS,parish,NTAALA,BUYENDE,BUYANJA,,,no_article_found,
UBOS,parish,WESUNIRE,BUYENDE,NDOLWA,,,no_article_found,
UBOS,parish,ABENYO,DOKOLO,DOKOLO,,,no_article_found,
UBOS,parish,ABURCERO,DOKOLO,AMWOMA,,,no_article_found,
UBOS,parish,ACANPII,DOKOLO,DOKOLO,,,no_article_found,
UBOS,parish,ACOTO WARD,DOKOLO,AGWATA TOWN COUNCIL,,,no_article_found,
UBOS,parish,ADAGMON,DOKOLO,DOKOLO,,,no_article_found,
UBOS,parish,ADAGNYEKO,DOKOLO,OKWALONGWEN,,,no_article_found,
UBOS,parish,ADAGWOO,DOKOLO,AMWOMA,,,no_article_found,
UBOS,parish,ADEROLONGO SOUTH WARD,DOKOLO,BATA TOWN COUNCIL,,,no_article_found,
UBOS,parish,ADWILA,DOKOLO,KANGAI,,,no_article_found,
UBOS,parish,ADWOKI,DOKOLO,AGWATTA,,,no_article_found,
UBOS,parish,ADWONG-OWOR,DOKOLO,ADEKNINO,,,no_article_found,
UBOS,parish,AGENI,DOKOLO,OKWONGODUL,,,no_article_found,
UBOS,parish,AGOGA,DOKOLO,KWERA,,,no_article_found,
UBOS,parish,AGWICIRI,DOKOLO,AGWATTA,,,no_article_found,
UBOS,parish,AJIBA,DOKOLO,ADEKNINO,,,no_article_found,
UBOS,parish,AKOLODONG,DOKOLO,AMWOMA,,,no_article_found,
UBOS,parish,AKUROLANGO WARD,DOKOLO,KANGAI TOWN COUNCIL,,,no_article_found,
UBOS,parish,AKWANGA,DOKOLO,OKWALONGWEN,,,no_article_found,
UBOS,parish,ALAPATA,DOKOLO,BATTA,,,no_article_found,
UBOS,parish,ALENGA,DOKOLO,DOKOLO,,,no_article_found,
UBOS,parish,ALUTI,DOKOLO,OKWALONGWEN,,,no_article_found,
UBOS,parish,ALYECJUK,DOKOLO,AGWATTA,,,no_article_found,
UBOS,parish,AMONOLOCO,DOKOLO,ADOK,,,no_article_found,
UBOS,parish,AMUDA CENTRAL WARD,DOKOLO,AGWATA TOWN COUNCIL,,,no_article_found,
UBOS,parish,AMUDA EASTERN WARD,DOKOLO,AGWATA TOWN COUNCIL,,,no_article_found,
UBOS,parish,AMUNAMUN,DOKOLO,ADOK,,,no_article_found,
UBOS,parish,ANANGOGWEC,DOKOLO,DOKOLO,,,no_article_found,
UBOS,parish,ANERALIBI,DOKOLO,OKWONGODUL,,,no_article_found,
UBOS,parish,ANGAI WARD,DOKOLO,KANGAI TOWN COUNCIL,,,no_article_found,
UBOS,parish,ANGWENYA,DOKOLO,KANGAI,,,no_article_found,
UBOS,parish,ANGWENYA WARD,DOKOLO,KANGAI TOWN COUNCIL,,,no_article_found,
UBOS,parish,ANINGO CENTRAL WARD,DOKOLO,BATA TOWN COUNCIL,,,no_article_found,
UBOS,parish,ANWANGI,DOKOLO,KWERA,,,no_article_found,
UBOS,parish,ANYACOTO,DOKOLO,OKWONGODUL,,,no_article_found,
UBOS,parish,APENYANG,DOKOLO,KWERA,,,no_article_found,
UBOS,parish,APENYO,DOKOLO,BATTA,,,no_article_found,
UBOS,parish,APENYOWEO,DOKOLO,OKWONGODUL,,,no_article_found,
UBOS,parish,APYE,DOKOLO,ADOK,,,no_article_found,
UBOS,parish,ARIDI,DOKOLO,ADEKNINO,,,no_article_found,
UBOS,parish,ATABU,DOKOLO,BATTA,,,no_article_found,
UBOS,parish,AWIRI,DOKOLO,DOKOLO,,,no_article_found,
UBOS,parish,AYUNI,DOKOLO,KANGAI,,,no_article_found,
UBOS,parish,AYUNI WARD,DOKOLO,KANGAI TOWN COUNCIL,,,no_article_found,
UBOS,parish,BARDEGE,DOKOLO,BATTA,,,no_article_found,
UBOS,parish,BARDYANG,DOKOLO,ADOK,,,no_article_found,
UBOS,parish,CENTRAL WARD,DOKOLO,DOKOLO TOWN COUNCIL,,,no_article_found,
UBOS,parish,CHWAGERE,DOKOLO,KANGAI,,,no_article_found,
UBOS,parish,IGULI,DOKOLO,AMWOMA,,,no_article_found,
UBOS,parish,KACUNG EAST WARD,DOKOLO,AGWATA TOWN COUNCIL,,,no_article_found,
UBOS,parish,KACUNG WEST WARD,DOKOLO,AGWATA TOWN COUNCIL,,,no_article_found,
UBOS,parish,MAIROANGWEN,DOKOLO,AGWATA TOWN COUNCIL,,,no_article_found,
UBOS,parish,OCERO,DOKOLO,BATTA,,,no_article_found,
UBOS,parish,OKWONGODUL,DOKOLO,OKWONGODUL,,,no_article_found,
UBOS,parish,OTORO,DOKOLO,KWERA,,,no_article_found,
UBOS,parish,OYENG-OPERE,DOKOLO,KWERA,,,no_article_found,
UBOS,parish,TETUGO A,DOKOLO,AGWATA TOWN COUNCIL,,,no_article_found,
UBOS,parish,TETUGO B,DOKOLO,AGWATA TOWN COUNCIL,,,no_article_found,
UBOS,parish,BAZAAR WARD,FORT PORTAL CITY,FORT PORTAL CENTRAL DIVISION,,,no_article_found,
UBOS,parish,BUKWALI WARD,FORT PORTAL CITY,FORT PORTAL CENTRAL DIVISION,,,no_article_found,
UBOS,parish,BUTEBE WARD,FORT PORTAL CITY,FORT PORTAL NORTH DIVISION,,,no_article_found,
UBOS,parish,IBAALE WARD,FORT PORTAL CITY,FORT PORTAL CENTRAL DIVISION,,,no_article_found,
UBOS,parish,IBONDE WARD,FORT PORTAL CITY,FORT PORTAL NORTH DIVISION,,,no_article_found,
UBOS,parish,KAGOTE WARD,FORT PORTAL CITY,FORT PORTAL CENTRAL DIVISION,,,no_article_found,
UBOS,parish,KAZINGO WARD,FORT PORTAL CITY,FORT PORTAL NORTH DIVISION,,,no_article_found,
UBOS,parish,KIGUMA WARD,FORT PORTAL CITY,FORT PORTAL NORTH DIVISION,,,no_article_found,
UBOS,parish,KIJANJU WARD,FORT PORTAL CITY,FORT PORTAL CENTRAL DIVISION,,,no_article_found,
UBOS,parish,KITAKA WARD,FORT PORTAL CITY,FORT PORTAL NORTH DIVISION,,,no_article_found,
UBOS,parish,KITARASA WARD,FORT PORTAL CITY,FORT PORTAL NORTH DIVISION,,,no_article_found,
UBOS,parish,MANDAKO WARD,FORT PORTAL CITY,FORT PORTAL NORTH DIVISION,,,no_article_found,
UBOS,parish,NYABUKARA WARD,FORT PORTAL CITY,FORT PORTAL CENTRAL DIVISION,,,no_article_found,
UBOS,parish,NYAKAGONGO WARD,FORT PORTAL CITY,FORT PORTAL CENTRAL DIVISION,,,no_article_found,
UBOS,parish,NYAKITOJO WARD,FORT PORTAL CITY,FORT PORTAL NORTH DIVISION,,,no_article_found,
UBOS,parish,RUBINGO WARD,FORT PORTAL CITY,FORT PORTAL NORTH DIVISION,,,no_article_found,
UBOS,parish,RWENGOMA WARD,FORT PORTAL CITY,FORT PORTAL CENTRAL DIVISION,,,no_article_found,
UBOS,parish,RWENKUBA WARD,FORT PORTAL CITY,FORT PORTAL NORTH DIVISION,,,no_article_found,
UBOS,parish,BUGULA,GOMBA,KYAYI,,,no_article_found,
UBOS,parish,BUKANDULA,GOMBA,KABULASOKE,,,no_article_found,
UBOS,parish,BUKUNDUGULU,GOMBA,KYEGONZA,,,no_article_found,
UBOS,parish,BULWADDA,GOMBA,KABULASOKE,,,no_article_found,
UBOS,parish,BUTITI,GOMBA,KABULASOKE,,,no_article_found,
UBOS,parish,DDEGEYA,GOMBA,MADDU,,,no_article_found,
UBOS,parish,GOLOLA,GOMBA,MPENJA,,,no_article_found,
UBOS,parish,KAKOMO,GOMBA,MPENJA,,,no_article_found,
UBOS,parish,KALWANGA,GOMBA,KABULASOKE,,,no_article_found,
UBOS,parish,KALYAMAWOLU,GOMBA,KYAYI,,,no_article_found,
UBOS,parish,KANZIIRA,GOMBA,MPENJA,,,no_article_found,
UBOS,parish,KATIKAMPANDA,GOMBA,TTABA-BBINZI,,,no_article_found,
UBOS,parish,KAWUULA,GOMBA,KIFAMPA,,,no_article_found,
UBOS,parish,KIFAMPA,GOMBA,KIFAMPA,,,no_article_found,
UBOS,parish,KIRIRI,GOMBA,MPENJA,,,no_article_found,
UBOS,parish,KOOME WARD,GOMBA,KANONI TOWN COUNCIL,,,no_article_found,
UBOS,parish,KUBAMITWE,GOMBA,TTABA-BBINZI,,,no_article_found,
UBOS,parish,KYABAGAMBA,GOMBA,MADDU,,,no_article_found,
UBOS,parish,KYAYI,GOMBA,KYAYI,,,no_article_found,
UBOS,parish,LUGAAGA,GOMBA,KABULASOKE,,,no_article_found,
UBOS,parish,MALELE,GOMBA,KYEGONZA,,,no_article_found,
UBOS,parish,MAMBA,GOMBA,KYEGONZA,,,no_article_found,
UBOS,parish,MASERUKA,GOMBA,MPENJA,,,no_article_found,
UBOS,parish,MATONGO,GOMBA,KABULASOKE,,,no_article_found,
UBOS,parish,MAWUKI,GOMBA,KABULASOKE,,,no_article_found,
UBOS,parish,MITYEGONGA,GOMBA,KIFAMPA,,,no_article_found,
UBOS,parish,NAKIJJU,GOMBA,KYEGONZA,,,no_article_found,
UBOS,parish,NAMABEYA,GOMBA,KYEGONZA,,,no_article_found,
UBOS,parish,NGERIBALYA,GOMBA,MPENJA,,,no_article_found,
UBOS,parish,NGOMANENE,GOMBA,TTABA-BBINZI,,,no_article_found,
UBOS,parish,NSAMBWE,GOMBA,KYEGONZA,,,no_article_found,
UBOS,parish,NTALAGI WARD,GOMBA,MADDU TOWN COUNCIL,,,no_article_found,
UBOS,parish,SAALI,GOMBA,KYEGONZA,,,no_article_found,
UBOS,parish,TTABA-BBINZI,GOMBA,TTABA-BBINZI,,,no_article_found,
UBOS,parish,WANJEYO WARD,GOMBA,KANONI TOWN COUNCIL,,,no_article_found,
UBOS,parish,ACUTOMER GEM,GULU,PAIBONA,,,no_article_found,
UBOS,parish,ANGAYA,GULU,UNYAMA,,,no_article_found,
UBOS,parish,APEM,GULU,OMEL,,,no_article_found,
UBOS,parish,ATIABAR CENTRAL,GULU,BUNGATIRA,,,no_article_found,
UBOS,parish,ATIABAR NORTH,GULU,BUNGATIRA,,,no_article_found,
UBOS,parish,ATIABAR SOUTH,GULU,BUNGATIRA,,,no_article_found,
UBOS,parish,ATOO HILL,GULU,PAICHO,,,no_article_found,
UBOS,parish,AWICH,GULU,PALARO,,,no_article_found,
UBOS,parish,AYWERI,GULU,PAIBONA,,,no_article_found,
UBOS,parish,BOKE,GULU,PAICHO,,,no_article_found,
UBOS,parish,BOLIPII,GULU,PAIBONA,,,no_article_found,
UBOS,parish,BULKUR,GULU,OMEL,,,no_article_found,
UBOS,parish,GWENGDIYA,GULU,AWACH,,,no_article_found,
UBOS,parish,KAL,GULU,PATIKO,,,no_article_found,
UBOS,parish,KAL ALII B,GULU,PAICHO,,,no_article_found,
UBOS,parish,KAL-ALII,GULU,PAICHO,,,no_article_found,
UBOS,parish,KAL-UMU,GULU,PAICHO,,,no_article_found,
UBOS,parish,KULUKENO,GULU,OWOO,,,no_article_found,
UBOS,parish,LAKWELA,GULU,OMEL,,,no_article_found,
UBOS,parish,LAMINTO,GULU,PAICHO,,,no_article_found,
UBOS,parish,LUGORE,GULU,OWALO,,,no_article_found,
UBOS,parish,MEDE,GULU,PALARO,,,no_article_found,
UBOS,parish,OCETOAKA,GULU,PALARO,,,no_article_found,
UBOS,parish,ODING,GULU,UNYAMA,,,no_article_found,
UBOS,parish,OGURU,GULU,PUKONY,,,no_article_found,
UBOS,parish,OGWARI,GULU,OMEL,,,no_article_found,
UBOS,parish,ONGEDO,GULU,PALARO,,,no_article_found,
UBOS,parish,OROKO,GULU,PALARO,,,no_article_found,
UBOS,parish,OTEGE,GULU,PUKONY,,,no_article_found,
UBOS,parish,PABWO,GULU,OWOO,,,no_article_found,
UBOS,parish,PADUNY,GULU,AWACH,,,no_article_found,
UBOS,parish,PAGEYA,GULU,AWACH,,,no_article_found,
UBOS,parish,PAGIK,GULU,PAICHO,,,no_article_found,
UBOS,parish,PAWEL,GULU,PATIKO,,,no_article_found,
UBOS,parish,POKOGALI,GULU,OWALO,,,no_article_found,
UBOS,parish,PUGWINYI,GULU,AWACH,,,no_article_found,
UBOS,parish,PUGWINYI,GULU,OWOO,,,no_article_found,
UBOS,parish,PUNENA,GULU,BUNGATIRA,,,no_article_found,
UBOS,parish,TUGU,GULU,PAIBONA,,,no_article_found,
UBOS,parish,WILUL,GULU,PUKONY,,,no_article_found,
UBOS,parish,ACOYO WARD,GULU CITY,LAROO-PECE DIVISION,,,no_article_found,
UBOS,parish,AGONGA WARD,GULU CITY,LAROO-PECE DIVISION,,,no_article_found,
UBOS,parish,AGWEE WARD,GULU CITY,LAROO-PECE DIVISION,,,no_article_found,
UBOS,parish,FOR GOD WARD,GULU CITY,BARDEGE-LAYIBI DIVISION,,,no_article_found,
UBOS,parish,IRIAGA WARD,GULU CITY,LAROO-PECE DIVISION,,,no_article_found,
UBOS,parish,KAL WARD,GULU CITY,LAROO-PECE DIVISION,,,no_article_found,
UBOS,parish,KANYAGOGA WARD,GULU CITY,BARDEGE-LAYIBI DIVISION,,,no_article_found,
UBOS,parish,KWEYO WARD,GULU CITY,BARDEGE-LAYIBI DIVISION,,,no_article_found,
UBOS,parish,LABOURLINE WARD,GULU CITY,LAROO-PECE DIVISION,,,no_article_found,
UBOS,parish,LALIYA WARD,GULU CITY,LAROO-PECE DIVISION,,,no_article_found,
UBOS,parish,LAWIYADUL WARD,GULU CITY,LAROO-PECE DIVISION,,,no_article_found,
UBOS,parish,LIBRARY WARD,GULU CITY,BARDEGE-LAYIBI DIVISION,,,no_article_found,
UBOS,parish,OBIYA LAROO WARD,GULU CITY,LAROO-PECE DIVISION,,,no_article_found,
UBOS,parish,OITINO WARD,GULU CITY,BARDEGE-LAYIBI DIVISION,,,no_article_found,
UBOS,parish,PAGEYA LAROO WARD,GULU CITY,LAROO-PECE DIVISION,,,no_article_found,
UBOS,parish,PAGEYA WARD,GULU CITY,LAROO-PECE DIVISION,,,no_article_found,
UBOS,parish,PAKWELO WARD,GULU CITY,LAROO-PECE DIVISION,,,no_article_found,
UBOS,parish,PAMINANO WARD,GULU CITY,BARDEGE-LAYIBI DIVISION,,,no_article_found,
UBOS,parish,PATUDA-ABUGA WARD,GULU CITY,BARDEGE-LAYIBI DIVISION,,,no_article_found,
UBOS,parish,PATUDA-LAYIBI WARD,GULU CITY,BARDEGE-LAYIBI DIVISION,,,no_article_found,
UBOS,parish,PAWEL WARD,GULU CITY,LAROO-PECE DIVISION,,,no_article_found,
UBOS,parish,PECE PRISONS WARD,GULU CITY,LAROO-PECE DIVISION,,,no_article_found,
UBOS,parish,QUEENS AVENUE WARD,GULU CITY,LAROO-PECE DIVISION,,,no_article_found,
UBOS,parish,TECHO WARD,GULU CITY,BARDEGE-LAYIBI DIVISION,,,no_article_found,
UBOS,parish,TEGWANA WARD,GULU CITY,LAROO-PECE DIVISION,,,no_article_found,
UBOS,parish,TWON OKUN WARD,GULU CITY,LAROO-PECE DIVISION,,,no_article_found,
UBOS,parish,VANGUARD WARD,GULU CITY,LAROO-PECE DIVISION,,,no_article_found,
UBOS,parish,BIRUNGU,HOIMA,KITOBA,,,no_article_found,
UBOS,parish,BUKONA,HOIMA,KISUKUMA,,,no_article_found,
UBOS,parish,BULYANGO,HOIMA,KITOBA,,,no_article_found,
UBOS,parish,BURARU,HOIMA,BURARU,,,no_article_found,
UBOS,parish,BUSANGA,HOIMA,BURARU,,,no_article_found,
UBOS,parish,BUTEMA,HOIMA,BUHANIKA,,,no_article_found,
UBOS,parish,BWIKYA,HOIMA,BOMBO,,,no_article_found,
UBOS,parish,CENTRAL WARD,HOIMA,BULINDI TOWN COUNCIL,,,no_article_found,
UBOS,parish,HAIBALE,HOIMA,KISUKUMA,,,no_article_found,
UBOS,parish,HANGA,HOIMA,BOMBO,,,no_article_found,
UBOS,parish,HANGA,HOIMA,KIGOROBYA,,,no_article_found,
UBOS,parish,KABAALE,HOIMA,KABAALE,,,no_article_found,
UBOS,parish,KABATINDULE,HOIMA,KISUKUMA,,,no_article_found,
UBOS,parish,KANYIIRA,HOIMA,BOMBO,,,no_article_found,
UBOS,parish,KAPAAPI,HOIMA,KAPAAPI,,,no_article_found,
UBOS,parish,KATEREIGA,HOIMA,BUHANIKA,,,no_article_found,
UBOS,parish,KIBAIRE WARD,HOIMA,BULINDI TOWN COUNCIL,,,no_article_found,
UBOS,parish,KIBANJWA,HOIMA,KITOBA,,,no_article_found,
UBOS,parish,KIBENGEYA,HOIMA,KAPAAPI,,,no_article_found,
UBOS,parish,KIBUGUBYA,HOIMA,KYABIGAMBIRE,,,no_article_found,
UBOS,parish,KIGAAGA,HOIMA,KABAALE,,,no_article_found,
UBOS,parish,KIGANJA,HOIMA,KIGANJA,,,no_article_found,
UBOS,parish,KIGOMBA,HOIMA,KIJONGO,,,no_article_found,
UBOS,parish,KIKEREGE,HOIMA,BUHANIKA,,,no_article_found,
UBOS,parish,KIRAGURA,HOIMA,KITOBA,,,no_article_found,
UBOS,parish,KIRYANGOBE,HOIMA,KITOBA,,,no_article_found,
UBOS,parish,KISABAGWA,HOIMA,KYABIGAMBIRE,,,no_article_found,
UBOS,parish,KISUKUMA,HOIMA,KISUKUMA,,,no_article_found,
UBOS,parish,KITOROGYA,HOIMA,BUHANIKA,,,no_article_found,
UBOS,parish,KYABANATI,HOIMA,BURARU,,,no_article_found,
UBOS,parish,KYABISAGAZI,HOIMA,KIGOROBYA,,,no_article_found,
UBOS,parish,KYAMUKWENDA,HOIMA,KAPAAPI,,,no_article_found,
UBOS,parish,KYERAMYA,HOIMA,KIGANJA,,,no_article_found,
UBOS,parish,KYOHAIRWE,HOIMA,BUHANIKA,,,no_article_found,
UBOS,parish,MBEGU,HOIMA,KABAALE,,,no_article_found,
UBOS,parish,NGARAGI,HOIMA,KISUKUMA,,,no_article_found,
UBOS,parish,NORTH EAST WARD,HOIMA,KIGOROBYA TOWN COUNCIL,,,no_article_found,
UBOS,parish,NZOROBI,HOIMA,KABAALE,,,no_article_found,
UBOS,parish,RWENTALE,HOIMA,BUSERUKA,,,no_article_found,
UBOS,parish,SOUTH EAST WARD,HOIMA,KIGOROBYA TOWN COUNCIL,,,no_article_found,
UBOS,parish,SOUTH WEST WARD,HOIMA,KIGOROBYA TOWN COUNCIL,,,no_article_found,
UBOS,parish,BUJUURA WARD,HOIMA CITY,HOIMA WEST DIVISION,,,no_article_found,
UBOS,parish,BWIKYA WARD,HOIMA CITY,HOIMA EAST DIVISION,,,no_article_found,
UBOS,parish,CENTRAL WARD,HOIMA CITY,HOIMA EAST DIVISION,,,no_article_found,
UBOS,parish,KARONGO WARD,HOIMA CITY,HOIMA WEST DIVISION,,,no_article_found,
UBOS,parish,KASINGO WARD,HOIMA CITY,HOIMA WEST DIVISION,,,no_article_found,
UBOS,parish,KIDUUMA WARD,HOIMA CITY,HOIMA WEST DIVISION,,,no_article_found,
UBOS,parish,KIHOMBOZA WARD,HOIMA CITY,HOIMA WEST DIVISION,,,no_article_found,
UBOS,parish,KIHUKYA WARD,HOIMA CITY,HOIMA WEST DIVISION,,,no_article_found,
UBOS,parish,KYENTALE WARD,HOIMA CITY,HOIMA EAST DIVISION,,,no_article_found,
UBOS,parish,NYAKAMBUGU WARD,HOIMA CITY,HOIMA EAST DIVISION,,,no_article_found,
UBOS,parish,BIRONGO,IBANDA,KIJONGO,,,no_article_found,
UBOS,parish,BUFUNDA WARD,IBANDA,BUFUNDA DIVISION,,,no_article_found,
UBOS,parish,BWENDA,IBANDA,RUKIRI,,,no_article_found,
UBOS,parish,IRIMYA,IBANDA,KICUZI,,,no_article_found,
UBOS,parish,IRWANIRO,IBANDA,KIKYENKYE,,,no_article_found,
UBOS,parish,ITABYAMA WARD,IBANDA,RUSHANGO TOWN COUNCIL,,,no_article_found,
UBOS,parish,KABAARE WARD,IBANDA,BISHESHE DIVISION,,,no_article_found,
UBOS,parish,KAGONGO WARD,IBANDA,KAGONGO DIVISION,,,no_article_found,
UBOS,parish,KAKATSI WARD,IBANDA,BISHESHE DIVISION,,,no_article_found,
UBOS,parish,KAMWIRI,IBANDA,KIJONGO,,,no_article_found,
UBOS,parish,KANYANSHEKO WARD,IBANDA,KAGONGO DIVISION,,,no_article_found,
UBOS,parish,KANYARUGIRI WARD,IBANDA,KANYARUGIRI TOWN COUNCIL,,,no_article_found,
UBOS,parish,KANYWAMBOGO,IBANDA,KICUZI,,,no_article_found,
UBOS,parish,KARANGARA WARD,IBANDA,BISHESHE DIVISION,,,no_article_found,
UBOS,parish,KAREMBA WARD,IBANDA,RWENKOBWA TOWN COUNCIL,,,no_article_found,
UBOS,parish,KASHOZI,IBANDA,ISHONGORORO,,,no_article_found,
UBOS,parish,KATEMBE,IBANDA,RUKIRI,,,no_article_found,
UBOS,parish,KATONGORE WARD,IBANDA,BUFUNDA DIVISION,,,no_article_found,
UBOS,parish,KAYENJE WARD,IBANDA,BUFUNDA DIVISION,,,no_article_found,
UBOS,parish,KIGUNGA,IBANDA,RUKIRI,,,no_article_found,
UBOS,parish,KIHANI,IBANDA,KIKYENKYE,,,no_article_found,
UBOS,parish,KIKONI WARD,IBANDA,BUFUNDA DIVISION,,,no_article_found,
UBOS,parish,KYARUHANGA WARD,IBANDA,KAGONGO DIVISION,,,no_article_found,
UBOS,parish,KYEIKUCU WARD,IBANDA,KAGONGO DIVISION,,,no_article_found,
UBOS,parish,KYENGANDO,IBANDA,NYAMAREBE,,,no_article_found,
UBOS,parish,KYENTAMA,IBANDA,NYABUHIKYE,,,no_article_found,
UBOS,parish,MABONA,IBANDA,RUKIRI,,,no_article_found,
UBOS,parish,MPASHA,IBANDA,RUKIRI,,,no_article_found,
UBOS,parish,MUSHUNGA,IBANDA,ISHONGORORO,,,no_article_found,
UBOS,parish,MUZIZA,IBANDA,ISHONGORORO,,,no_article_found,
UBOS,parish,NGANGO WARD,IBANDA,IGORORA TOWN COUNCIL,,,no_article_found,
UBOS,parish,NYAKABUNGO,IBANDA,NYAMAREBE,,,no_article_found,
UBOS,parish,NYAKATOKYE WARD,IBANDA,KAGONGO DIVISION,,,no_article_found,
UBOS,parish,NYANTSIMBO WARD,IBANDA,ISHONGORORO TOWN COUNCIL,,,no_article_found,
UBOS,parish,NYARUKIIKA,IBANDA,RUKIRI,,,no_article_found,
UBOS,parish,RUGAZI WARD,IBANDA,BISHESHE DIVISION,,,no_article_found,
UBOS,parish,RUGOBA,IBANDA,NYABUHIKYE,,,no_article_found,
UBOS,parish,RWAMAGUNDU WARD,IBANDA,KANYARUGIRI TOWN COUNCIL,,,no_article_found,
UBOS,parish,RWAMBU,IBANDA,KIJONGO,,,no_article_found,
UBOS,parish,RWENSHAMBYA,IBANDA,KEIHANGARA,,,no_article_found,
UBOS,parish,RWENSHURI WARD,IBANDA,KAGONGO DIVISION,,,no_article_found,
UBOS,parish,RWOBUZIZI WARD,IBANDA,BUFUNDA DIVISION,,,no_article_found,
UBOS,parish,RYABIJU,IBANDA,NYAMAREBE,,,no_article_found,
UBOS,parish,BUGONGO,IGANGA,NAWANDALA,,,no_article_found,
UBOS,parish,BUGONO,IGANGA,NABITENDE,,,no_article_found,
UBOS,parish,BUGUMBA WARD,IGANGA,NORTHERN DIVISION,,,no_article_found,
UBOS,parish,BUKAYE,IGANGA,NAKALAMA,,,no_article_found,
UBOS,parish,BUKOONA,IGANGA,NAKALAMA,,,no_article_found,
UBOS,parish,BUKOYO,IGANGA,BULAMAGI,,,no_article_found,
UBOS,parish,BULIGO WARD,IGANGA,CENTRAL DIVISION,,,no_article_found,
UBOS,parish,BULOWOOZA,IGANGA,BULAMAGI,,,no_article_found,
UBOS,parish,BULUBANDI,IGANGA,NAKIGO,,,no_article_found,
UBOS,parish,BULUMWAKI WARD,IGANGA,NAMUNGALWE TOWN COUNCIL,,,no_article_found,
UBOS,parish,BUNYAMA,IGANGA,NAKIGO,,,no_article_found,
UBOS,parish,BUNYIRO,IGANGA,NAWANYINGI,,,no_article_found,
UBOS,parish,BUSEYI,IGANGA,NAKALAMA,,,no_article_found,
UBOS,parish,BUSOWOOBI,IGANGA,NAKIGO,,,no_article_found,
UBOS,parish,BWANALIRA,IGANGA,BULAMAGI,,,no_article_found,
UBOS,parish,IGAMBA WARD,IGANGA,NORTHERN DIVISION,,,no_article_found,
UBOS,parish,ITANDA,IGANGA,NABITENDE,,,no_article_found,
UBOS,parish,IWAWU,IGANGA,BULAMAGI,,,no_article_found,
UBOS,parish,KABIRA-ITUBA,IGANGA,NABITENDE,,,no_article_found,
UBOS,parish,KASAMBIKA,IGANGA,NABITENDE,,,no_article_found,
UBOS,parish,KASOKOSO WARD,IGANGA,CENTRAL DIVISION,,,no_article_found,
UBOS,parish,KAZIGO,IGANGA,KIDAAGO,,,no_article_found,
UBOS,parish,KIDAAGO,IGANGA,KIDAAGO,,,no_article_found,
UBOS,parish,KYENDABAWALA,IGANGA,NAWANDALA,,,no_article_found,
UBOS,parish,MAGOGO,IGANGA,NAWANYINGI,,,no_article_found,
UBOS,parish,MWENDANFUKO WARD,IGANGA,NAMUNGALWE TOWN COUNCIL,,,no_article_found,
UBOS,parish,MWIRA,IGANGA,NAMBALE,,,no_article_found,
UBOS,parish,NABIDONGHA PRISON WARD,IGANGA,CENTRAL DIVISION,,,no_article_found,
UBOS,parish,NABIDONGHA WARD,IGANGA,CENTRAL DIVISION,,,no_article_found,
UBOS,parish,NAIBIRI,IGANGA,KIDAAGO,,,no_article_found,
UBOS,parish,NAKAVULE WARD,IGANGA,CENTRAL DIVISION,,,no_article_found,
UBOS,parish,NALUKO,IGANGA,NABITENDE,,,no_article_found,
UBOS,parish,NAMUNKANAGA WARD,IGANGA,NAMUNGALWE TOWN COUNCIL,,,no_article_found,
UBOS,parish,NAMUNKESU WARD,IGANGA,NAMUNGALWE TOWN COUNCIL,,,no_article_found,
UBOS,parish,NAMUNSAALA WARD,IGANGA,NAMUNGALWE TOWN COUNCIL,,,no_article_found,
UBOS,parish,NAMUSIISI,IGANGA,NAWANDALA,,,no_article_found,
UBOS,parish,NASUTI,IGANGA,NAMBALE,,,no_article_found,
UBOS,parish,NAWANGAIZA,IGANGA,NAWANDALA,,,no_article_found,
UBOS,parish,NAWANSEGA WARD,IGANGA,NAMUNGALWE TOWN COUNCIL,,,no_article_found,
UBOS,parish,NKATU WARD,IGANGA,NORTHERN DIVISION,,,no_article_found,
UBOS,parish,NKONO WARD,IGANGA,NORTHERN DIVISION,,,no_article_found,
UBOS,parish,WAIRAMA,IGANGA,NAKIGO,,,no_article_found,
UBOS,parish,BASECAMP RCW II,ISINGIRO,NAKIVALE BASECAMP RWC III,,,no_article_found,
UBOS,parish,BURAMBIRA WARD,ISINGIRO,KAMUBEIZI TOWN COUNCIL,,,no_article_found,
UBOS,parish,BURIGI,ISINGIRO,MBAARE,,,no_article_found,
UBOS,parish,BURUMBA,ISINGIRO,KAKAMBA,,,no_article_found,
UBOS,parish,BURUNGAMO,ISINGIRO,NGARAMA,,,no_article_found,
UBOS,parish,BUSHEKA,ISINGIRO,ENDINZI,,,no_article_found,
UBOS,parish,CENTRAL WARD,ISINGIRO,KABUYANDA TOWN COUNCIL,,,no_article_found,
UBOS,parish,ENDIINZI A WARD,ISINGIRO,ENDIINZI TOWN COUNCIL,,,no_article_found,
UBOS,parish,ENDIINZI B WARD,ISINGIRO,ENDIINZI TOWN COUNCIL,,,no_article_found,
UBOS,parish,IBUMBA,ISINGIRO,NYAMUYANJA,,,no_article_found,
UBOS,parish,IRYANGO,ISINGIRO,KABUYANDA TOWN COUNCIL,,,no_article_found,
UBOS,parish,ISANJA RWC II,ISINGIRO,NAKIVALE-JURU RWC III,,,no_article_found,
UBOS,parish,ISHINGISHA,ISINGIRO,NTUNGU,,,no_article_found,
UBOS,parish,KABAARE,ISINGIRO,NGARAMA,,,no_article_found,
UBOS,parish,KABAARE,ISINGIRO,MASHA,,,no_article_found,
UBOS,parish,KABAARE WARD,ISINGIRO,RUGAAGA TOWN COUNCIL,,,no_article_found,
UBOS,parish,KABAHINDA RCW II,ISINGIRO,NAKIVALE-JURU RWC III,,,no_article_found,
UBOS,parish,KABAHINDA-JURU RCW II,ISINGIRO,NAKIVALE-JURU RWC III,,,no_article_found,
UBOS,parish,KABANZANA RWC II,ISINGIRO,NAKIVALE BASECAMP RWC III,,,no_article_found,
UBOS,parish,KABESHEKYERE,ISINGIRO,KAMUBEIZI,,,no_article_found,
UBOS,parish,KABUGU,ISINGIRO,KABUYANDA,,,no_article_found,
UBOS,parish,KAGAAGA,ISINGIRO,NGARAMA,,,no_article_found,
UBOS,parish,KAGARA,ISINGIRO,KABUYANDA,,,no_article_found,
UBOS,parish,KAGOGO,ISINGIRO,KABINGO,,,no_article_found,
UBOS,parish,KAHENDA,ISINGIRO,BIRERE,,,no_article_found,
UBOS,parish,KAJAHO,ISINGIRO,RUYANGA,,,no_article_found,
UBOS,parish,KAKAMBA,ISINGIRO,KAKAMBA,,,no_article_found,
UBOS,parish,KAMAAYA WARD,ISINGIRO,ENDIINZI TOWN COUNCIL,,,no_article_found,
UBOS,parish,KAMUBEIZI,ISINGIRO,KAMUBEIZI,,,no_article_found,
UBOS,parish,KAMUBEIZI WARD,ISINGIRO,KAMUBEIZI TOWN COUNCIL,,,no_article_found,
UBOS,parish,KAMURI WARD,ISINGIRO,ISINGIRO TOWN COUNCIL,,,no_article_found,
UBOS,parish,KANKINGI,ISINGIRO,KASHUMBA,,,no_article_found,
UBOS,parish,KANKINGI RCW II,ISINGIRO,NAKIVALE-JURU RWC III,,,no_article_found,
UBOS,parish,KANYWAMAIZI,ISINGIRO,KABUYANDA,,,no_article_found,
UBOS,parish,KARAMA,ISINGIRO,RUBOROGOTA,,,no_article_found,
UBOS,parish,KASHARIRA,ISINGIRO,BUGANGO TOWN COUNCIL,,,no_article_found,
UBOS,parish,KASHENYI,ISINGIRO,KAKAMBA,,,no_article_found,
UBOS,parish,KASHOGA,ISINGIRO,ENDINZI,,,no_article_found,
UBOS,parish,KASHOJWA,ISINGIRO,RUGAAGA,,,no_article_found,
UBOS,parish,KASHOJWA RWC II,ISINGIRO,NAKIVALE BASECAMP RWC III,,,no_article_found,
UBOS,parish,KATANGA WARD,ISINGIRO,KIKAGATE TOWN COUNCIL,,,no_article_found,
UBOS,parish,KATANOGA,ISINGIRO,NYAMUYANJA,,,no_article_found,
UBOS,parish,KATEMBE,ISINGIRO,KABINGO,,,no_article_found,
UBOS,parish,KIGALI RWC II,ISINGIRO,NAKIVALE BASECAMP RWC III,,,no_article_found,
UBOS,parish,KIGARAGARA,ISINGIRO,KASHUMBA,,,no_article_found,
UBOS,parish,KIGYENDWA,ISINGIRO,NYAMUYANJA,,,no_article_found,
UBOS,parish,KIHANDA,ISINGIRO,MBAARE,,,no_article_found,
UBOS,parish,KIKAGATE BOARDER WARD,ISINGIRO,KIKAGATE TOWN COUNCIL,,,no_article_found,
UBOS,parish,KIKOBA WARD,ISINGIRO,ENDIINZI TOWN COUNCIL,,,no_article_found,
UBOS,parish,KIKOKWA,ISINGIRO,BIRERE,,,no_article_found,
UBOS,parish,KIKOKWA WARD,ISINGIRO,BUGANGO TOWN COUNCIL,,,no_article_found,
UBOS,parish,KIMBUGU,ISINGIRO,NTUNGU,,,no_article_found,
UBOS,parish,KIRETWA ZONE RWC II,ISINGIRO,NAKIVALE BASECAMP RWC III,,,no_article_found,
UBOS,parish,KIRYABURO WARD,ISINGIRO,RUGAAGA TOWN COUNCIL,,,no_article_found,
UBOS,parish,KISHARIRA WARD,ISINGIRO,KAMUBEIZI TOWN COUNCIL,,,no_article_found,
UBOS,parish,KISHUNJU WARD,ISINGIRO,BUGANGO TOWN COUNCIL,,,no_article_found,
UBOS,parish,KISHURO,ISINGIRO,BIRERE,,,no_article_found,
UBOS,parish,KISURA ZONE,ISINGIRO,NAKIVALE-RUBONDO RWC III,,,no_article_found,
UBOS,parish,KISYORO WARD,ISINGIRO,KABUYANDA TOWN COUNCIL,,,no_article_found,
UBOS,parish,KITEZO WARD,ISINGIRO,KIKAGATE TOWN COUNCIL,,,no_article_found,
UBOS,parish,KITURA,ISINGIRO,KAGARAMA,,,no_article_found,
UBOS,parish,KITYAZA RCW II,ISINGIRO,NAKIVALE BASECAMP RWC III,,,no_article_found,
UBOS,parish,KITYAZA RCW II,ISINGIRO,NAKIVALE-JURU RWC III,,,no_article_found,
UBOS,parish,KYABAHESI,ISINGIRO,MBAARE,,,no_article_found,
UBOS,parish,KYABAZIBWE WARD,ISINGIRO,BUGANGO TOWN COUNCIL,,,no_article_found,
UBOS,parish,KYABINUNGA,ISINGIRO,KAGARAMA,,,no_article_found,
UBOS,parish,KYABISHAHO WARD,ISINGIRO,ISINGIRO TOWN COUNCIL,,,no_article_found,
UBOS,parish,KYAMPANGO WARD,ISINGIRO,RUGAAGA TOWN COUNCIL,,,no_article_found,
UBOS,parish,KYAMUSONI,ISINGIRO,RUBOROGOTA,,,no_article_found,
UBOS,parish,KYARUBAMBURA,ISINGIRO,RUGAAGA,,,no_article_found,
UBOS,parish,KYARUGAAJU,ISINGIRO,KABINGO,,,no_article_found,
UBOS,parish,KYARUGOZA,ISINGIRO,KAMUBEIZI,,,no_article_found,
UBOS,parish,KYEIRUMBA,ISINGIRO,KABINGO,,,no_article_found,
UBOS,parish,KYERA,ISINGIRO,BIRERE,,,no_article_found,
UBOS,parish,KYEZIMBIRE,ISINGIRO,KIKAGATE,,,no_article_found,
UBOS,parish,MABONA WARD,ISINGIRO,ISINGIRO TOWN COUNCIL,,,no_article_found,
UBOS,parish,MIGYERA WARD,ISINGIRO,RUHIIRA TOWN COUNCIL,,,no_article_found,
UBOS,parish,MIRAMBIRO,ISINGIRO,RUSHASHA,,,no_article_found,
UBOS,parish,MPIKYE,ISINGIRO,RWANJOGYERA,,,no_article_found,
UBOS,parish,MUREMA,ISINGIRO,BUGANGO TOWN COUNCIL,,,no_article_found,
UBOS,parish,NGARAMA RWC II,ISINGIRO,NAKIVALE-JURU RWC III,,,no_article_found,
UBOS,parish,NSHENYI,ISINGIRO,RUBOROGOTA,,,no_article_found,
UBOS,parish,NSHORORO,ISINGIRO,MBAARE,,,no_article_found,
UBOS,parish,NSHORORO WARD,ISINGIRO,BUGANGO TOWN COUNCIL,,,no_article_found,
UBOS,parish,NSHUNGEZI,ISINGIRO,RUYANGA,,,no_article_found,
UBOS,parish,NTENGA,ISINGIRO,KAKAMBA,,,no_article_found,
UBOS,parish,NTUNDU,ISINGIRO,KIKAGATE,,,no_article_found,
UBOS,parish,NTUNGU,ISINGIRO,NTUNGU,,,no_article_found,
UBOS,parish,NYABUBAARE,ISINGIRO,RUGAAGA,,,no_article_found,
UBOS,parish,NYABUSHENYI,ISINGIRO,KIKAGATE,,,no_article_found,
UBOS,parish,NYABYONDO,ISINGIRO,ENDIINZI TOWN COUNCIL,,,no_article_found,
UBOS,parish,NYAKAGANDO RWC II,ISINGIRO,NAKIVALE-RUBONDO RWC III,,,no_article_found,
UBOS,parish,NYAKAKONI,ISINGIRO,MASHA,,,no_article_found,
UBOS,parish,NYAKAMURI WARD,ISINGIRO,RUHIIRA TOWN COUNCIL,,,no_article_found,
UBOS,parish,NYAKARAMBI,ISINGIRO,NYAKITUNDA,,,no_article_found,
UBOS,parish,NYAKIGYERA,ISINGIRO,KAGARAMA,,,no_article_found,
UBOS,parish,NYAMARUNGI,ISINGIRO,MBAARE,,,no_article_found,
UBOS,parish,NYARUBUNGO,ISINGIRO,MASHA,,,no_article_found,
UBOS,parish,NYARUGUGU RWC II,ISINGIRO,NAKIVALE BASECAMP RWC III,,,no_article_found,
UBOS,parish,OMUKAKOREIJO,ISINGIRO,NTUNGU,,,no_article_found,
UBOS,parish,RUBONDO RWC II,ISINGIRO,NAKIVALE-RUBONDO RWC III,,,no_article_found,
UBOS,parish,RUHIIRA NORTHERN WARD,ISINGIRO,RUHIIRA TOWN COUNCIL,,,no_article_found,
UBOS,parish,RUHIRA CENTRAL WARD,ISINGIRO,RUHIIRA TOWN COUNCIL,,,no_article_found,
UBOS,parish,RUHOOKO ZONE,ISINGIRO,NAKIVALE-RUBONDO RWC III,,,no_article_found,
UBOS,parish,RUKUUBA,ISINGIRO,MASHA,,,no_article_found,
UBOS,parish,RUMURI,ISINGIRO,MASHA,,,no_article_found,
UBOS,parish,RURONGO,ISINGIRO,KAKAMBA,,,no_article_found,
UBOS,parish,RUSHWA,ISINGIRO,KASHUMBA,,,no_article_found,
UBOS,parish,RUTOOMA,ISINGIRO,RUYANGA,,,no_article_found,
UBOS,parish,RUTUNGA,ISINGIRO,RWANJOGYERA,,,no_article_found,
UBOS,parish,RUYANGA,ISINGIRO,RUYANGA,,,no_article_found,
UBOS,parish,RWAKAKWENDA,ISINGIRO,KABUYANDA,,,no_article_found,
UBOS,parish,RWAKASASIRA,ISINGIRO,RWANJOGYERA,,,no_article_found,
UBOS,parish,RWAMBAGA,ISINGIRO,ENDINZI,,,no_article_found,
UBOS,parish,RWAMWIJUKA,ISINGIRO,KIKAGATE,,,no_article_found,
UBOS,parish,RWANGABO,ISINGIRO,RUGAAGA,,,no_article_found,
UBOS,parish,RWANGUNGA,ISINGIRO,RUBOROGOTA,,,no_article_found,
UBOS,parish,RWANJOGYERA,ISINGIRO,RWANJOGYERA,,,no_article_found,
UBOS,parish,RWANTAHA,ISINGIRO,RUSHASHA,,,no_article_found,
UBOS,parish,RWEKUBO WARD,ISINGIRO,ISINGIRO TOWN COUNCIL,,,no_article_found,
UBOS,parish,RWENFUNJO,ISINGIRO,RWETANGO,,,no_article_found,
UBOS,parish,RWENSHEBASHEBE,ISINGIRO,MASHA,,,no_article_found,
UBOS,parish,RWENYANGA,ISINGIRO,RWETANGO,,,no_article_found,
UBOS,parish,RWETANGO,ISINGIRO,RWETANGO,,,no_article_found,
UBOS,parish,BUDIMA,JINJA,BUTAGAYA,,,no_article_found,
UBOS,parish,BUGOBYA,JINJA,BUSEDDE,,,no_article_found,
UBOS,parish,BULUGO WARD,JINJA,BUYENGO TOWN COUNCIL,,,no_article_found,
UBOS,parish,BUWABUZI WARD,JINJA,BUYENGO TOWN COUNCIL,,,no_article_found,
UBOS,parish,BUWEERA,JINJA,BUWENGE,,,no_article_found,
UBOS,parish,CHICO WARD,JINJA,KAKIRA TOWN COUNCIL,,,no_article_found,
UBOS,parish,ITAKAIBOLU,JINJA,BUSEDDE,,,no_article_found,
UBOS,parish,IZIRU WARD,JINJA,BUYENGO TOWN COUNCIL,,,no_article_found,
UBOS,parish,KABYAZA WARD,JINJA,KAKIRA TOWN COUNCIL,,,no_article_found,
UBOS,parish,KAGAIRE WARD,JINJA,BUWENGE TOWN COUNCIL,,,no_article_found,
UBOS,parish,KAIIRA,JINJA,BUWENGE,,,no_article_found,
UBOS,parish,KALITUNSI WARD,JINJA,BUWENGE TOWN COUNCIL,,,no_article_found,
UBOS,parish,KAMWANI WARD,JINJA,BUWENGE TOWN COUNCIL,,,no_article_found,
UBOS,parish,KARONGO WARD,JINJA,KAKIRA TOWN COUNCIL,,,no_article_found,
UBOS,parish,KASALINA WARD,JINJA,BUWENGE TOWN COUNCIL,,,no_article_found,
UBOS,parish,KISASI,JINJA,BUSEDDE,,,no_article_found,
UBOS,parish,KITANABA,JINJA,BUWENGE,,,no_article_found,
UBOS,parish,LUBANI WARD,JINJA,NAMAGERA TOWN COUNCIL,,,no_article_found,
UBOS,parish,MAGAMAGA,JINJA,BUWENGE,,,no_article_found,
UBOS,parish,MAWOITO WARD,JINJA,KAKIRA TOWN COUNCIL,,,no_article_found,
UBOS,parish,MPUMWIRE WARD,JINJA,NAMAGERA TOWN COUNCIL,,,no_article_found,
UBOS,parish,MWIRI WARD,JINJA,KAKIRA TOWN COUNCIL,,,no_article_found,
UBOS,parish,NABITAMBALA,JINJA,BUSEDDE,,,no_article_found,
UBOS,parish,NAKAKULWE (KISOZI),JINJA,BUTAGAYA,,,no_article_found,
UBOS,parish,NALINAIBI,JINJA,BUSEDDE,,,no_article_found,
UBOS,parish,NAMAGERA WARD,JINJA,NAMAGERA TOWN COUNCIL,,,no_article_found,
UBOS,parish,NAWAMPANDA,JINJA,BUTAGAYA,,,no_article_found,
UBOS,parish,POLOTA WARD,JINJA,KAKIRA TOWN COUNCIL,,,no_article_found,
UBOS,parish,WANSIIMBA,JINJA,BUTAGAYA,,,no_article_found,
UBOS,parish,BUDHUMBULI EAST WARD,JINJA CITY,JINJA NORTH DIVISION,,,no_article_found,
UBOS,parish,BUDHUMBULI WEST WARD,JINJA CITY,JINJA NORTH DIVISION,,,no_article_found,
UBOS,parish,BUWAGI (KAKYOMYA) WARD,JINJA CITY,JINJA NORTH DIVISION,,,no_article_found,
UBOS,parish,IVUNAMBA WARD,JINJA CITY,JINJA NORTH DIVISION,,,no_article_found,
UBOS,parish,KATENDE WARD,JINJA CITY,JINJA NORTH DIVISION,,,no_article_found,
UBOS,parish,MAGGWA WARD,JINJA CITY,JINJA SOUTH DIVISION,,,no_article_found,
UBOS,parish,MASESE WARD,JINJA CITY,JINJA SOUTH DIVISION,,,no_article_found,
UBOS,parish,NAKANYONYI WARD,JINJA CITY,JINJA NORTH DIVISION,,,no_article_found,
UBOS,parish,NALUFENYA WARD,JINJA CITY,JINJA SOUTH DIVISION,,,no_article_found,
UBOS,parish,NAMIZI WARD,JINJA CITY,JINJA NORTH DIVISION,,,no_article_found,
UBOS,parish,NAMULESA WARD,JINJA CITY,JINJA NORTH DIVISION,,,no_article_found,
UBOS,parish,NAWANGOMA WARD,JINJA CITY,JINJA NORTH DIVISION,,,no_article_found,
UBOS,parish,OLD BOMA WARD,JINJA CITY,JINJA SOUTH DIVISION,,,no_article_found,
UBOS,parish,WANYAMA WARD,JINJA CITY,JINJA NORTH DIVISION,,,no_article_found,
UBOS,parish,WANYANGE WARD,JINJA CITY,JINJA NORTH DIVISION,,,no_article_found,
UBOS,parish,BIAFRA WARD,KAABONG,KAABONG TOWN COUNCIL,,,no_article_found,
UBOS,parish,CAMPSWAHILI WARD,KAABONG,KAABONG TOWN COUNCIL,,,no_article_found,
UBOS,parish,CENTRAL WARD,KAABONG,KAABONG TOWN COUNCIL,,,no_article_found,
UBOS,parish,JERUSALEM WARD,KAABONG,KATHILE TOWN COUNCIL,,,no_article_found,
UBOS,parish,KACHEMICHEM WARD,KAABONG,KALAPATA TOWN COUNCIL,,,no_article_found,
UBOS,parish,KAIMESE,KAABONG,LOLELIA,,,no_article_found,
UBOS,parish,KAJIIR,KAABONG,LODIKO,,,no_article_found,
UBOS,parish,KAKAMAR,KAABONG,KAKAMAR,,,no_article_found,
UBOS,parish,KAKUTATOM,KAABONG,LOTIM,,,no_article_found,
UBOS,parish,KALOBOKI,KAABONG,LOTIM,,,no_article_found,
UBOS,parish,KALONGOR,KAABONG,KAABONG EAST,,,no_article_found,
UBOS,parish,KAMACHARIKOL,KAABONG,KATHILE SOUTH,,,no_article_found,
UBOS,parish,KANGIOS,KAABONG,LODIKO,,,no_article_found,
UBOS,parish,KAPALU,KAABONG,TIMU,,,no_article_found,
UBOS,parish,KAPILAN BAR EAST WARD,KAABONG,KAABONG TOWN COUNCIL,,,no_article_found,
UBOS,parish,KAPILAN BAR WEST WARD,KAABONG,KAABONG TOWN COUNCIL,,,no_article_found,
UBOS,parish,KITE-LORE,KAABONG,KAKAMAR,,,no_article_found,
UBOS,parish,KOKOSOWA,KAABONG,KAMION,,,no_article_found,
UBOS,parish,KOMURIA EAST WARD,KAABONG,KAABONG TOWN COUNCIL,,,no_article_found,
UBOS,parish,KOMURIA WEST WARD,KAABONG,KAABONG TOWN COUNCIL,,,no_article_found,
UBOS,parish,KOSUI,KAABONG,LOTIM,,,no_article_found,
UBOS,parish,KOTIRAE,KAABONG,KAKAMAR,,,no_article_found,
UBOS,parish,KOTOME,KAABONG,LODIKO,,,no_article_found,
UBOS,parish,LEENY,KAABONG,LOLELIA SOUTH,,,no_article_found,
UBOS,parish,LEMUGETE,KAABONG,KATHILE,,,no_article_found,
UBOS,parish,LOBATOU,KAABONG,KATHILE,,,no_article_found,
UBOS,parish,LOBONGIA,KAABONG,LOBONGIA,,,no_article_found,
UBOS,parish,LOCHEREP,KAABONG,SIDOK (KOPOTH),,,no_article_found,
UBOS,parish,LOCHOKEI,KAABONG,LOLELIA,,,no_article_found,
UBOS,parish,LOIS,KAABONG,KATHILE SOUTH,,,no_article_found,
UBOS,parish,LOKALI,KAABONG,KATHILE SOUTH,,,no_article_found,
UBOS,parish,LOKANAYONA,KAABONG,LOYORO,,,no_article_found,
UBOS,parish,LOKARENGAK,KAABONG,KATHILE,,,no_article_found,
UBOS,parish,LOKERUI,KAABONG,KAABONG WEST,,,no_article_found,
UBOS,parish,LOKERUI CENTRE,KAABONG,KAABONG WEST,,,no_article_found,
UBOS,parish,LOKIYEKES,KAABONG,LOLELIA SOUTH,,,no_article_found,
UBOS,parish,LOKOLIA,KAABONG,KAABONG EAST,,,no_article_found,
UBOS,parish,LOKWAKARAMOE,KAABONG,MORUNGOLE,,,no_article_found,
UBOS,parish,LOLELIA CENTER,KAABONG,LOLELIA,,,no_article_found,
UBOS,parish,LOMERIS,KAABONG,KAABONG WEST,,,no_article_found,
UBOS,parish,LOMERUMA,KAABONG,LOYORO,,,no_article_found,
UBOS,parish,LOMILIMIL(NATINGOROK),KAABONG,KAKAMAR,,,no_article_found,
UBOS,parish,LOMORUITAE,KAABONG,KAABONG WEST,,,no_article_found,
UBOS,parish,LOMUSIAN,KAABONG,LOBONGIA,,,no_article_found,
UBOS,parish,LONGARO,KAABONG,SIDOK (KOPOTH),,,no_article_found,
UBOS,parish,LOPEDO/TEUSO,KAABONG,LODIKO,,,no_article_found,
UBOS,parish,LOPUTUK WARD,KAABONG,KAABONG TOWN COUNCIL,,,no_article_found,
UBOS,parish,LOSOGOLO,KAABONG,KAABONG EAST,,,no_article_found,
UBOS,parish,LOTETELEIT,KAABONG,LOLELIA,,,no_article_found,
UBOS,parish,MEUS,KAABONG,KALAPATA,,,no_article_found,
UBOS,parish,MORUKINEI,KAABONG,LOLELIA,,,no_article_found,
UBOS,parish,MORUKORI,KAABONG,LOTIM,,,no_article_found,
UBOS,parish,MORUNGOLE,KAABONG,MORUNGOLE,,,no_article_found,
UBOS,parish,MULEDO,KAABONG,LOLELIA SOUTH,,,no_article_found,
UBOS,parish,NABONYIA WARD,KAABONG,KALAPATA TOWN COUNCIL,,,no_article_found,
UBOS,parish,NACHUKUL,KAABONG,KATHILE SOUTH,,,no_article_found,
UBOS,parish,NAKATAPAN,KAABONG,LOLELIA SOUTH,,,no_article_found,
UBOS,parish,NAPETAKORI WARD,KAABONG,KALAPATA TOWN COUNCIL,,,no_article_found,
UBOS,parish,NARENGEPAK,KAABONG,KATHILE,,,no_article_found,
UBOS,parish,NARIAMAAOI,KAABONG,KATHILE SOUTH,,,no_article_found,
UBOS,parish,NARIONOMORU,KAABONG,KATHILE,,,no_article_found,
UBOS,parish,NAROGOS,KAABONG,LOLELIA,,,no_article_found,
UBOS,parish,NARUBE,KAABONG,KATHILE,,,no_article_found,
UBOS,parish,NAWADOU,KAABONG,KAMION,,,no_article_found,
UBOS,parish,PAJAR,KAABONG,LOBONGIA,,,no_article_found,
UBOS,parish,PAJAR WARD,KAABONG,KAABONG TOWN COUNCIL,,,no_article_found,
UBOS,parish,SAKATAN,KAABONG,LODIKO,,,no_article_found,
UBOS,parish,TEREGU WARD,KAABONG,KATHILE TOWN COUNCIL,,,no_article_found,
UBOS,parish,TOROI,KAABONG,LOYORO,,,no_article_found,
UBOS,parish,USAKE,KAABONG,MORUNGOLE,,,no_article_found,
UBOS,parish,BIGAAGA,KABALE,BUTANDA,,,no_article_found,
UBOS,parish,BIRAMBO,KABALE,MAZIBA,,,no_article_found,
UBOS,parish,BURAMBA,KABALE,KAHUNGYE,,,no_article_found,
UBOS,parish,BURAMBIRA,KABALE,KAHARO,,,no_article_found,
UBOS,parish,BURANGA,KABALE,KAMUGANGUZI,,,no_article_found,
UBOS,parish,BUSHURO,KABALE,KITUMBA,,,no_article_found,
UBOS,parish,BUTOBERE,KABALE,KABALE CENTRAL,,,no_article_found,
UBOS,parish,BWAMA ISLAND,KABALE,KITUMBA,,,no_article_found,
UBOS,parish,CENTRAL,KABALE,KABALE CENTRAL,,,no_article_found,
UBOS,parish,HABUHURIRO,KABALE,KAHUNGYE,,,no_article_found,
UBOS,parish,HAMUHAMBO WARD,KABALE,RYAKARIMIRA TOWN COUNCIL,,,no_article_found,
UBOS,parish,KABERE,KABALE,BUTANDA,,,no_article_found,
UBOS,parish,KACERERE WARD,KABALE,KATUNA TOWN COUNCIL,,,no_article_found,
UBOS,parish,KACERERE WARD,KABALE,RYAKARIMIRA TOWN COUNCIL,,,no_article_found,
UBOS,parish,KAHONDO,KABALE,MAZIBA,,,no_article_found,
UBOS,parish,KAHUNGYE,KABALE,KAHUNGYE,,,no_article_found,
UBOS,parish,KANJOBE,KABALE,KYANAMIRA,,,no_article_found,
UBOS,parish,KARUBANDA,KABALE,KABALE SOUTHERN,,,no_article_found,
UBOS,parish,KARUJANGA,KABALE,KIBUGA,,,no_article_found,
UBOS,parish,KARWERU,KABALE,MAZIBA,,,no_article_found,
UBOS,parish,KARWERU (KAFUNJO),KABALE,BUHARA,,,no_article_found,
UBOS,parish,KASHEREGYENYI,KABALE,KAMUGANGUZI,,,no_article_found,
UBOS,parish,KATOKYE,KABALE,KYANAMIRA,,,no_article_found,
UBOS,parish,KAVU,KABALE,MAZIBA,,,no_article_found,
UBOS,parish,KICUMBI,KABALE,KAMUGANGUZI,,,no_article_found,
UBOS,parish,KIFURUGUTU,KABALE,BUTANDA,,,no_article_found,
UBOS,parish,KIGATA,KABALE,KYANAMIRA,,,no_article_found,
UBOS,parish,KIGONGI WARD,KABALE,KABALE CENTRAL,,,no_article_found,
UBOS,parish,KIJUGUTA,KABALE,KABALE NORTHERN,,,no_article_found,
UBOS,parish,KINIOGO,KABALE,KATUNA TOWN COUNCIL,,,no_article_found,
UBOS,parish,KINYAMARI,KABALE,BUTANDA,,,no_article_found,
UBOS,parish,KIRIGIME,KABALE,KABALE SOUTHERN,,,no_article_found,
UBOS,parish,KISAASA,KABALE,KAMUGANGUZI,,,no_article_found,
UBOS,parish,KISIBO,KABALE,KIBUGA,,,no_article_found,
UBOS,parish,KITANGA,KABALE,BUHARA,,,no_article_found,
UBOS,parish,KITOHWA,KABALE,KAHARO,,,no_article_found,
UBOS,parish,KITOOMA,KABALE,RUBAYA,,,no_article_found,
UBOS,parish,KYASANO,KABALE,KAMUGANGUZI,,,no_article_found,
UBOS,parish,KYONYO,KABALE,KATUNA TOWN COUNCIL,,,no_article_found,
UBOS,parish,LOWER BUGONGI,KABALE,KABALE NORTHERN,,,no_article_found,
UBOS,parish,MAYENGO,KABALE,KAMUGANGUZI,,,no_article_found,
UBOS,parish,MUKARANGYE,KABALE,KATUNA TOWN COUNCIL,,,no_article_found,
UBOS,parish,MURAMBO,KABALE,BUTANDA,,,no_article_found,
UBOS,parish,MUSAMBA,KABALE,RUBAYA,,,no_article_found,
UBOS,parish,MUYUMBU,KABALE,KYANAMIRA,,,no_article_found,
UBOS,parish,MWANJARI,KABALE,KABALE SOUTHERN,,,no_article_found,
UBOS,parish,MWENDO,KABALE,KITUMBA,,,no_article_found,
UBOS,parish,NTARABANA,KABALE,BUHARA,,,no_article_found,
UBOS,parish,NYABIKONI,KABALE,KABALE CENTRAL,,,no_article_found,
UBOS,parish,NYABUSHABI,KABALE,KYANAMIRA,,,no_article_found,
UBOS,parish,NYAKAGYERA,KABALE,KYANAMIRA,,,no_article_found,
UBOS,parish,NYAKASHARARA,KABALE,KAHARO,,,no_article_found,
UBOS,parish,NYAMIRYANGO,KABALE,BUTANDA,,,no_article_found,
UBOS,parish,NYANJA,KABALE,MAZIBA,,,no_article_found,
UBOS,parish,NYINAMURONZI WARD,KABALE,KATUNA TOWN COUNCIL,,,no_article_found,
UBOS,parish,NYOMBE,KABALE,KAHUNGYE,,,no_article_found,
UBOS,parish,RUBUMBA,KABALE,KAHUNGYE,,,no_article_found,
UBOS,parish,RUKORE WARD,KABALE,RYAKARIMIRA TOWN COUNCIL,,,no_article_found,
UBOS,parish,RUSHAKI,KABALE,KABALE SOUTHERN,,,no_article_found,
UBOS,parish,RUTARE,KABALE,KIBUGA,,,no_article_found,
UBOS,parish,RUTOOMA,KABALE,KABALE NORTHERN,,,no_article_found,
UBOS,parish,RWANYENA,KABALE,RUBAYA,,,no_article_found,
UBOS,parish,RWEMIHANGA,KABALE,KAHUNGYE,,,no_article_found,
UBOS,parish,RWENE,KABALE,BUHARA,,,no_article_found,
UBOS,parish,UPPER BUGONGI,KABALE,KABALE NORTHERN,,,no_article_found,
UBOS,parish,BURAMBIRA,KABAROLE,KASENDA,,,no_article_found,
UBOS,parish,BURUNGU WARD,KABAROLE,MUGUSU TOWN COUNCIL,,,no_article_found,
UBOS,parish,BUTINDA WARD,KABAROLE,MUGUSU TOWN COUNCIL,,,no_article_found,
UBOS,parish,ISUNGA,KABAROLE,KASENDA,,,no_article_found,
UBOS,parish,KABATA WARD,KABAROLE,KASENDA TOWN COUNCIL,,,no_article_found,
UBOS,parish,KAHANGI,KABAROLE,HAKIBALE,,,no_article_found,
UBOS,parish,KAHUUNA WARD,KABAROLE,KIJURA TOWN COUNCIL,,,no_article_found,
UBOS,parish,KAISAGARA WARD,KABAROLE,KIJURA TOWN COUNCIL,,,no_article_found,
UBOS,parish,KAMABALE,KABAROLE,KARANGURA,,,no_article_found,
UBOS,parish,KASIISI WARD,KABAROLE,KIKO TOWN COUNCIL,,,no_article_found,
UBOS,parish,KASWA,KABAROLE,BUSORO,,,no_article_found,
UBOS,parish,KIBASI WARD,KABAROLE,KIBASI TOWN COUNCIL,,,no_article_found,
UBOS,parish,KIBEEDE WARD,KABAROLE,MUGUSU TOWN COUNCIL,,,no_article_found,
UBOS,parish,KIBOHA WARD,KABAROLE,MUGUSU TOWN COUNCIL,,,no_article_found,
UBOS,parish,KIBURARA,KABAROLE,HAKIBALE,,,no_article_found,
UBOS,parish,KIBWA,KABAROLE,KARANGURA,,,no_article_found,
UBOS,parish,KICUNA,KABAROLE,RWENGAJU,,,no_article_found,
UBOS,parish,KIDUBULI,KABAROLE,RWENGAJU,,,no_article_found,
UBOS,parish,KIHONDO,KABAROLE,KICWAMBA,,,no_article_found,
UBOS,parish,KIRAARO,KABAROLE,MUGUSU,,,no_article_found,
UBOS,parish,KIRERE,KABAROLE,BUSORO,,,no_article_found,
UBOS,parish,KISERU WARD,KABAROLE,MUGUSU TOWN COUNCIL,,,no_article_found,
UBOS,parish,KITULE,KABAROLE,HAKIBALE,,,no_article_found,
UBOS,parish,KIYAGA WARD,KABAROLE,KIBASI TOWN COUNCIL,,,no_article_found,
UBOS,parish,KYAKABASEKE,KABAROLE,KABENDE,,,no_article_found,
UBOS,parish,KYAKAIGO,KABAROLE,HARUGONGO,,,no_article_found,
UBOS,parish,KYAMUHORO WARD,KABAROLE,KIBASI TOWN COUNCIL,,,no_article_found,
UBOS,parish,KYAMUKOKA,KABAROLE,RUTEETE,,,no_article_found,
UBOS,parish,KYAMWIRUKYA,KABAROLE,KABENDE,,,no_article_found,
UBOS,parish,KYANTAMBARA,KABAROLE,KASENDA,,,no_article_found,
UBOS,parish,KYANYAWARA WARD,KABAROLE,KIKO TOWN COUNCIL,,,no_article_found,
UBOS,parish,KYARWAGONYA,KABAROLE,HAKIBALE,,,no_article_found,
UBOS,parish,KYEREREZI WARD,KABAROLE,KIJURA TOWN COUNCIL,,,no_article_found,
UBOS,parish,KYEZIRE,KABAROLE,MUGUSU,,,no_article_found,
UBOS,parish,MASONGORA,KABAROLE,KABENDE,,,no_article_found,
UBOS,parish,NYABUBAALE WARD,KABAROLE,KIKO TOWN COUNCIL,,,no_article_found,
UBOS,parish,NYABUSWA,KABAROLE,MUGUSU,,,no_article_found,
UBOS,parish,NYABWEYA,KABAROLE,KASENDA,,,no_article_found,
UBOS,parish,NYAKITOKOLI,KABAROLE,KARANGURA,,,no_article_found,
UBOS,parish,NYANTABOMA,KABAROLE,HARUGONGO,,,no_article_found,
UBOS,parish,RURAMA,KABAROLE,RUTEETE,,,no_article_found,
UBOS,parish,RWANKENZI WARD,KABAROLE,KASENDA TOWN COUNCIL,,,no_article_found,
UBOS,parish,ABIRABIRA,KABERAMAIDO,APERIKIRA,,,no_article_found,
UBOS,parish,ABOLTOK,KABERAMAIDO,KOBULUBULU,,,no_article_found,
UBOS,parish,ACANPI,KABERAMAIDO,KABERAMAIDO,,,no_article_found,
UBOS,parish,AKWALAKWALA,KABERAMAIDO,KOBULUBULU,,,no_article_found,
UBOS,parish,ALEM WARD,KABERAMAIDO,KABERAMAIDO TOWN COUNCIL,,,no_article_found,
UBOS,parish,APELE,KABERAMAIDO,ORIAMO,,,no_article_found,
UBOS,parish,APERIKIRA,KABERAMAIDO,APERIKIRA,,,no_article_found,
UBOS,parish,ARARAK WARD,KABERAMAIDO,KABERAMAIDO TOWN COUNCIL,,,no_article_found,
UBOS,parish,KABALKWERU,KABERAMAIDO,KOBULUBULU,,,no_article_found,
UBOS,parish,KAGAA,KABERAMAIDO,OCHERO,,,no_article_found,
UBOS,parish,KAGAA WARD,KABERAMAIDO,OCHERO TOWN COUNCIL,,,no_article_found,
UBOS,parish,KAMUK,KABERAMAIDO,KABERAMAIDO,,,no_article_found,
UBOS,parish,KANYALAM,KABERAMAIDO,OCHERO,,,no_article_found,
UBOS,parish,KATINGE,KABERAMAIDO,KOBULUBULU,,,no_article_found,
UBOS,parish,MAJENGO WARD,KABERAMAIDO,KABERAMAIDO TOWN COUNCIL,,,no_article_found,
UBOS,parish,MUREM,KABERAMAIDO,OKILE,,,no_article_found,
UBOS,parish,OGAK,KABERAMAIDO,OKILE,,,no_article_found,
UBOS,parish,OGERAI,KABERAMAIDO,OKILE,,,no_article_found,
UBOS,parish,OKAPEL,KABERAMAIDO,APERIKIRA,,,no_article_found,
UBOS,parish,OKERATOK WARD,KABERAMAIDO,OCHERO TOWN COUNCIL,,,no_article_found,
UBOS,parish,OKILE,KABERAMAIDO,OKILE,,,no_article_found,
UBOS,parish,OLELAI,KABERAMAIDO,APERIKIRA,,,no_article_found,
UBOS,parish,ONGOLANGOL,KABERAMAIDO,ALWA,,,no_article_found,
UBOS,parish,ORIAMO,KABERAMAIDO,ORIAMO,,,no_article_found,
UBOS,parish,PALATAU,KABERAMAIDO,ALWA,,,no_article_found,
UBOS,parish,SWAGERE,KABERAMAIDO,OCHERO,,,no_article_found,
UBOS,parish,BATAHULIRA,KAGADI,MAIRIRWE,,,no_article_found,
UBOS,parish,BUGWARA,KAGADI,KICUCURA,,,no_article_found,
UBOS,parish,BUHUMULIRO,KAGADI,BUHUMULIRO,,,no_article_found,
UBOS,parish,BULIGIRA WARD,KAGADI,MPEEFU YA SANDE TOWN COUNCIL,,,no_article_found,
UBOS,parish,BUSIRABO,KAGADI,KAGADI,,,no_article_found,
UBOS,parish,BUSWAKA,KAGADI,KYATEREKERA,,,no_article_found,
UBOS,parish,BUSWAKA WARD,KAGADI,KYATEREKERA TOWN COUNCIL,,,no_article_found,
UBOS,parish,BUTUMBA WARD,KAGADI,MUHORRO TOWN COUNCIL,,,no_article_found,
UBOS,parish,BWERANYANGE,KAGADI,BUHUMULIRO,,,no_article_found,
UBOS,parish,HAMUGYI,KAGADI,KYAKABADIIMA,,,no_article_found,
UBOS,parish,ISUNGA,KAGADI,ISUNGA,,,no_article_found,
UBOS,parish,IZAHUURA,KAGADI,RUGASHARI,,,no_article_found,
UBOS,parish,KACUNDWA,KAGADI,KYANAISOKE,,,no_article_found,
UBOS,parish,KAHUNDE,KAGADI,ISUNGA,,,no_article_found,
UBOS,parish,KAHUNIRO WARD,KAGADI,PACHWA TOWN COUNCIL,,,no_article_found,
UBOS,parish,KAITEMBA,KAGADI,MABAALE,,,no_article_found,
UBOS,parish,KAMAIRA WARD,KAGADI,RUTETE TOWN COUNCIL,,,no_article_found,
UBOS,parish,KAMAMBU,KAGADI,BURORA,,,no_article_found,
UBOS,parish,KAMATA WARD,KAGADI,PACHWA TOWN COUNCIL,,,no_article_found,
UBOS,parish,KAMINA,KAGADI,NDAIGA,,,no_article_found,
UBOS,parish,KAMUROZA,KAGADI,KAMUROZA,,,no_article_found,
UBOS,parish,KAMUSEGU,KAGADI,BWIKARA,,,no_article_found,
UBOS,parish,KAMUYANGE,KAGADI,KYAKABADIIMA,,,no_article_found,
UBOS,parish,KANYABEBE,KAGADI,KANYABEEBE,,,no_article_found,
UBOS,parish,KANYABEEBE CENTRAL,KAGADI,KANYABEEBE,,,no_article_found,
UBOS,parish,KANYANGOMA,KAGADI,KAGADI,,,no_article_found,
UBOS,parish,KANYEGARAMIRE WARD,KAGADI,KYENZIGE TOWN COUNCIL,,,no_article_found,
UBOS,parish,KAPYEMI WARD,KAGADI,MUHORRO TOWN COUNCIL,,,no_article_found,
UBOS,parish,KARAIHYA WARD,KAGADI,MABAALE TOWN COUNCIL,,,no_article_found,
UBOS,parish,KARUSWIGA WARD,KAGADI,MUHORRO TOWN COUNCIL,,,no_article_found,
UBOS,parish,KASHAGALI,KAGADI,KANYABEEBE,,,no_article_found,
UBOS,parish,KASOKERO WARD,KAGADI,KYENZIGE TOWN COUNCIL,,,no_article_found,
UBOS,parish,KATIKENGEYO,KAGADI,NYAKARONGO,,,no_article_found,
UBOS,parish,KATONZI WARD,KAGADI,MABAALE TOWN COUNCIL,,,no_article_found,
UBOS,parish,KAYEMBE,KAGADI,BURORA,,,no_article_found,
UBOS,parish,KENGA,KAGADI,KAGADI,,,no_article_found,
UBOS,parish,KENTOMI WARD,KAGADI,RUTETE TOWN COUNCIL,,,no_article_found,
UBOS,parish,KIBAANDA,KAGADI,RUGASHARI,,,no_article_found,
UBOS,parish,KICUCURA,KAGADI,KICUCURA,,,no_article_found,
UBOS,parish,KIDUUMA,KAGADI,KIRYANGA,,,no_article_found,
UBOS,parish,KIHAYURA,KAGADI,KAGADI,,,no_article_found,
UBOS,parish,KIHINGANA,KAGADI,KIRYANGA,,,no_article_found,
UBOS,parish,KIHUMURO,KAGADI,BURORA,,,no_article_found,
UBOS,parish,KIHURA,KAGADI,NYABUTANZI,,,no_article_found,
UBOS,parish,KIJONJOMI,KAGADI,ISUNGA,,,no_article_found,
UBOS,parish,KIKOMAGWA,KAGADI,KAMUROZA,,,no_article_found,
UBOS,parish,KIKONDA,KAGADI,KIRYANGA,,,no_article_found,
UBOS,parish,KIMANYA,KAGADI,NYABUTANZI,,,no_article_found,
UBOS,parish,KINYARUGONJO,KAGADI,KINYARUGONJO,,,no_article_found,
UBOS,parish,KIRABA WARD,KAGADI,KAGADI TOWN COUNCIL,,,no_article_found,
UBOS,parish,KIRYANJAGI,KAGADI,KABAMBA,,,no_article_found,
UBOS,parish,KISUNGU,KAGADI,NYAKARONGO,,,no_article_found,
UBOS,parish,KISUURA,KAGADI,BWIKARA,,,no_article_found,
UBOS,parish,KISWEEKA WARD,KAGADI,MUHORRO TOWN COUNCIL,,,no_article_found,
UBOS,parish,KITEBERE,KAGADI,NDAIGA,,,no_article_found,
UBOS,parish,KITEGWA WARD,KAGADI,KAGADI TOWN COUNCIL,,,no_article_found,
UBOS,parish,KITEMA,KAGADI,KYENZIGE,,,no_article_found,
UBOS,parish,KITEMBA,KAGADI,KICUCURA,,,no_article_found,
UBOS,parish,KITEMUZI,KAGADI,MABAALE,,,no_article_found,
UBOS,parish,KITOORO,KAGADI,KICUCURA,,,no_article_found,
UBOS,parish,KURUKURU WARD,KAGADI,MPEEFU YA SANDE TOWN COUNCIL,,,no_article_found,
UBOS,parish,KYABASARA,KAGADI,PACHWA,,,no_article_found,
UBOS,parish,KYABISULITA,KAGADI,KICUCURA,,,no_article_found,
UBOS,parish,KYABITUNDU WARD,KAGADI,RUGASHARI TOWN COUNCIL,,,no_article_found,
UBOS,parish,KYAKABANDA,KAGADI,PACHWA,,,no_article_found,
UBOS,parish,KYAKATABA,KAGADI,KAMUROZA,,,no_article_found,
UBOS,parish,KYAMAJEGERE,KAGADI,KICUCURA,,,no_article_found,
UBOS,parish,KYAMASEGA,KAGADI,NYABUTANZI,,,no_article_found,
UBOS,parish,KYARWAKYA,KAGADI,KAMUROZA,,,no_article_found,
UBOS,parish,KYEMA,KAGADI,MAIRIRWE,,,no_article_found,
UBOS,parish,KYESAMIRE,KAGADI,MUHORRO,,,no_article_found,
UBOS,parish,KYETERA WARD,KAGADI,MABAALE TOWN COUNCIL,,,no_article_found,
UBOS,parish,KYEYA WARD,KAGADI,MABAALE TOWN COUNCIL,,,no_article_found,
UBOS,parish,KYOMUKAMA WARD,KAGADI,KAGADI TOWN COUNCIL,,,no_article_found,
UBOS,parish,MABERENGA,KAGADI,NYAKARONGO,,,no_article_found,
UBOS,parish,MAIRIRWE,KAGADI,MAIRIRWE,,,no_article_found,
UBOS,parish,MAMBUGU WARD,KAGADI,KAGADI TOWN COUNCIL,,,no_article_found,
UBOS,parish,MBOGWA,KAGADI,KABAMBA,,,no_article_found,
UBOS,parish,MBURAMAIZI,KAGADI,KINYARUGONJO,,,no_article_found,
UBOS,parish,MPAMBA,KAGADI,KYENZIGE,,,no_article_found,
UBOS,parish,MPAMBA WARD,KAGADI,KYENZIGE TOWN COUNCIL,,,no_article_found,
UBOS,parish,MUGYENZA WARD,KAGADI,MPEEFU YA SANDE TOWN COUNCIL,,,no_article_found,
UBOS,parish,MUKUMBWA WARD,KAGADI,MABAALE TOWN COUNCIL,,,no_article_found,
UBOS,parish,MUTUNGURU,KAGADI,KINYARUGONJO,,,no_article_found,
UBOS,parish,NAIGANA,KAGADI,KYANAISOKE,,,no_article_found,
UBOS,parish,NYABUHIKE,KAGADI,KYENZIGE,,,no_article_found,
UBOS,parish,NYABUTANZI,KAGADI,NYABUTANZI,,,no_article_found,
UBOS,parish,NYAISAMBA,KAGADI,KIRYANGA,,,no_article_found,
UBOS,parish,NYAKASHEEMA,KAGADI,RUTEETE,,,no_article_found,
UBOS,parish,NYAKASHEMA WARD,KAGADI,RUTETE TOWN COUNCIL,,,no_article_found,
UBOS,parish,NYAKASOZI,KAGADI,KABAMBA,,,no_article_found,
UBOS,parish,NYAKASOZI,KAGADI,GALIBOLEKA,,,no_article_found,
UBOS,parish,NYAMACUMU,KAGADI,MUHORRO,,,no_article_found,
UBOS,parish,NYAMASA,KAGADI,BWIKARA,,,no_article_found,
UBOS,parish,NYAMASOGA,KAGADI,NDAIGA,,,no_article_found,
UBOS,parish,NYAMIGISA,KAGADI,BURORA,,,no_article_found,
UBOS,parish,NYAMIGISA WARD,KAGADI,PACHWA TOWN COUNCIL,,,no_article_found,
UBOS,parish,NYAMITI WARD,KAGADI,MUHORRO TOWN COUNCIL,,,no_article_found,
UBOS,parish,NYAMUKAIKURU,KAGADI,BURORA,,,no_article_found,
UBOS,parish,NYAMUKARA WARD,KAGADI,MPEEFU YA SANDE TOWN COUNCIL,,,no_article_found,
UBOS,parish,NYAMYAKA WARD,KAGADI,MABAALE TOWN COUNCIL,,,no_article_found,
UBOS,parish,NYANKOMA,KAGADI,GALIBOLEKA,,,no_article_found,
UBOS,parish,NYANSEKE WARD,KAGADI,MUHORRO TOWN COUNCIL,,,no_article_found,
UBOS,parish,NYANTONZI WARD,KAGADI,KYATEREKERA TOWN COUNCIL,,,no_article_found,
UBOS,parish,PACHWA WARD,KAGADI,PACHWA TOWN COUNCIL,,,no_article_found,
UBOS,parish,RUBAALE,KAGADI,KANYABEEBE,,,no_article_found,
UBOS,parish,RUSEKERE,KAGADI,KABAMBA,,,no_article_found,
UBOS,parish,RUTOOMA,KAGADI,GALIBOLEKA,,,no_article_found,
UBOS,parish,RUTOOMA WARD,KAGADI,RUGASHARI TOWN COUNCIL,,,no_article_found,
UBOS,parish,RUTUUZA,KAGADI,BURORA,,,no_article_found,
UBOS,parish,RUZAIRE,KAGADI,KABAMBA,,,no_article_found,
UBOS,parish,RWABARANGA,KAGADI,MPEEFU,,,no_article_found,
UBOS,parish,RWENTALE,KAGADI,BURORA,,,no_article_found,
UBOS,parish,WANGEYO,KAGADI,KYATEREKERA,,,no_article_found,
UBOS,parish,YORUDAN WARD,KAGADI,RUGASHARI TOWN COUNCIL,,,no_article_found,
UBOS,parish,BINIKIRA,KAKUMIRO,MPASAANA,,,no_article_found,
UBOS,parish,BUHONDA,KAKUMIRO,KISIITA,,,no_article_found,
UBOS,parish,BUJAAJA,KAKUMIRO,MPASAANA,,,no_article_found,
UBOS,parish,BUKUUMI,KAKUMIRO,BWANSWA,,,no_article_found,
UBOS,parish,BURAMAGI WARD,KAKUMIRO,IGAYAZA TOWN COUNCIL,,,no_article_found,
UBOS,parish,BURUUKO WARD,KAKUMIRO,NYARWEYO TOWN COUNCIL,,,no_article_found,
UBOS,parish,BWIKARAGYE WARD,KAKUMIRO,KISIITA TOWN COUNCIL,,,no_article_found,
UBOS,parish,CENTRAL WARD,KAKUMIRO,MPASAANA TOWN COUNCIL,,,no_article_found,
UBOS,parish,CENTRAL WARD,KAKUMIRO,KAKUMIRO TOWN COUNCIL,,,no_article_found,
UBOS,parish,GAMUGOLE WARD,KAKUMIRO,NKOOKO TOWN COUNCIL,,,no_article_found,
UBOS,parish,IGAYAZA,KAKUMIRO,BIREMBO,,,no_article_found,
UBOS,parish,IGAYAZA WARD,KAKUMIRO,IGAYAZA TOWN COUNCIL,,,no_article_found,
UBOS,parish,IJUMANGABO,KAKUMIRO,MWITANZIGE,,,no_article_found,
UBOS,parish,IRINDIMURA,KAKUMIRO,NALWEYO,,,no_article_found,
UBOS,parish,ISUNGA,KAKUMIRO,KIBIJJO,,,no_article_found,
UBOS,parish,KABWORO WARD,KAKUMIRO,KAKUMIRO TOWN COUNCIL,,,no_article_found,
UBOS,parish,KAHUNGERA,KAKUMIRO,KISENGWE,,,no_article_found,
UBOS,parish,KAKAYO,KAKUMIRO,KASAMBYA,,,no_article_found,
UBOS,parish,KAKISEKE,KAKUMIRO,NALWEYO,,,no_article_found,
UBOS,parish,KAMUSENENE WARD,KAKUMIRO,NKOOKO TOWN COUNCIL,,,no_article_found,
UBOS,parish,KANYAWAWA WARD,KAKUMIRO,KAKUMIRO TOWN COUNCIL,,,no_article_found,
UBOS,parish,KARANGALA,KAKUMIRO,KIBIJJO,,,no_article_found,
UBOS,parish,KARUUKO,KAKUMIRO,NALWEYO,,,no_article_found,
UBOS,parish,KATATEMWA,KAKUMIRO,KAKINDO,,,no_article_found,
UBOS,parish,KATIKARA,KAKUMIRO,KATIKARA,,,no_article_found,
UBOS,parish,KIBIJJO,KAKUMIRO,KIBIJJO,,,no_article_found,
UBOS,parish,KIGOMA,KAKUMIRO,KIKOORA,,,no_article_found,
UBOS,parish,KIHAMBA,KAKUMIRO,KASAMBYA,,,no_article_found,
UBOS,parish,KIHUMURO,KAKUMIRO,BWANSWA,,,no_article_found,
UBOS,parish,KIHURUMBA,KAKUMIRO,BWANSWA,,,no_article_found,
UBOS,parish,KIHUUNA,KAKUMIRO,KAKINDO,,,no_article_found,
UBOS,parish,KIJANGI,KAKUMIRO,KIJANGI,,,no_article_found,
UBOS,parish,KIJEGERE,KAKUMIRO,KITAIHUKA,,,no_article_found,
UBOS,parish,KIJUUNGU WARD,KAKUMIRO,MPASAANA TOWN COUNCIL,,,no_article_found,
UBOS,parish,KIJWENGE,KAKUMIRO,NALWEYO,,,no_article_found,
UBOS,parish,KIKAADA,KAKUMIRO,KASAMBYA,,,no_article_found,
UBOS,parish,KIKOORA,KAKUMIRO,KIKOORA,,,no_article_found,
UBOS,parish,KIKWAYA,KAKUMIRO,KIKWAYA,,,no_article_found,
UBOS,parish,KINENA WARD,KAKUMIRO,KAKINDO TOWN COUNCIL,,,no_article_found,
UBOS,parish,KINUNDA,KAKUMIRO,KITAIHUKA,,,no_article_found,
UBOS,parish,KIRIISA,KAKUMIRO,KITAIHUKA,,,no_article_found,
UBOS,parish,KIRYANGOBE,KAKUMIRO,KASAMBYA,,,no_article_found,
UBOS,parish,KISAIGI,KAKUMIRO,KAKINDO,,,no_article_found,
UBOS,parish,KISAIGI WARD,KAKUMIRO,KAKINDO TOWN COUNCIL,,,no_article_found,
UBOS,parish,KISIIJA,KAKUMIRO,BIREMBO,,,no_article_found,
UBOS,parish,KITABOONA,KAKUMIRO,KATIKARA,,,no_article_found,
UBOS,parish,KITAIHUKA,KAKUMIRO,KITAIHUKA,,,no_article_found,
UBOS,parish,KITEGURA,KAKUMIRO,NKOOKO,,,no_article_found,
UBOS,parish,KITUTUMA,KAKUMIRO,KIBIJJO,,,no_article_found,
UBOS,parish,KIWEEZA,KAKUMIRO,KASAMBYA,,,no_article_found,
UBOS,parish,KYABAKAMBA WARD,KAKUMIRO,NKOOKO TOWN COUNCIL,,,no_article_found,
UBOS,parish,KYABALIITWA WARD,KAKUMIRO,KISIITA TOWN COUNCIL,,,no_article_found,
UBOS,parish,KYABEYA WARD,KAKUMIRO,NYARWEYO TOWN COUNCIL,,,no_article_found,
UBOS,parish,KYABUSINGE,KAKUMIRO,MWITANZIGE,,,no_article_found,
UBOS,parish,KYAKABANGALI,KAKUMIRO,KIKWAYA,,,no_article_found,
UBOS,parish,KYAKAJUMBI,KAKUMIRO,KIKWAYA,,,no_article_found,
UBOS,parish,KYAKAPERE,KAKUMIRO,KISIITA,,,no_article_found,
UBOS,parish,KYAKARONGO,KAKUMIRO,BIREMBO,,,no_article_found,
UBOS,parish,KYAKIJUUTO,KAKUMIRO,KISIITA,,,no_article_found,
UBOS,parish,KYAKUTEREKERA,KAKUMIRO,MWITANZIGE,,,no_article_found,
UBOS,parish,KYAMAGWARA,KAKUMIRO,KISENGWE,,,no_article_found,
UBOS,parish,KYANDARA,KAKUMIRO,KYABASAIJA,,,no_article_found,
UBOS,parish,KYANGOTA,KAKUMIRO,KATIKARA,,,no_article_found,
UBOS,parish,KYEMENGO,KAKUMIRO,KISENGWE,,,no_article_found,
UBOS,parish,KYOBU,KAKUMIRO,KISIITA,,,no_article_found,
UBOS,parish,LUBAYA,KAKUMIRO,KYABASAIJA,,,no_article_found,
UBOS,parish,LUBUMBO,KAKUMIRO,NKOOKO,,,no_article_found,
UBOS,parish,MAJERU WARD,KAKUMIRO,KAKINDO TOWN COUNCIL,,,no_article_found,
UBOS,parish,MASONDE WARD,KAKUMIRO,KAKUMIRO TOWN COUNCIL,,,no_article_found,
UBOS,parish,MITEMBO,KAKUMIRO,KASAMBYA,,,no_article_found,
UBOS,parish,MPAANGA,KAKUMIRO,KYABASAIJA,,,no_article_found,
UBOS,parish,MPONGO WARD,KAKUMIRO,MPASAANA TOWN COUNCIL,,,no_article_found,
UBOS,parish,MUZIRANDURU,KAKUMIRO,KIBIJJO,,,no_article_found,
UBOS,parish,MWITANZIGE,KAKUMIRO,MWITANZIGE,,,no_article_found,
UBOS,parish,NKWAKI WARD,KAKUMIRO,KAKINDO TOWN COUNCIL,,,no_article_found,
UBOS,parish,NSAANA,KAKUMIRO,NKOOKO,,,no_article_found,
UBOS,parish,NYABIRUNGI WARD,KAKUMIRO,KISIITA TOWN COUNCIL,,,no_article_found,
UBOS,parish,NYAKATETE,KAKUMIRO,KIJANGI,,,no_article_found,
UBOS,parish,NYAKATOOKE,KAKUMIRO,KIKOORA,,,no_article_found,
UBOS,parish,NYAMALIGITA,KAKUMIRO,KIKOORA,,,no_article_found,
UBOS,parish,NYANSIMBI,KAKUMIRO,BIREMBO,,,no_article_found,
UBOS,parish,NYARWEYO WARD,KAKUMIRO,NYARWEYO TOWN COUNCIL,,,no_article_found,
UBOS,parish,RUBAZI WARD,KAKUMIRO,IGAYAZA TOWN COUNCIL,,,no_article_found,
UBOS,parish,RUKUNYU WARD,KAKUMIRO,KAKINDO TOWN COUNCIL,,,no_article_found,
UBOS,parish,RUTOOMA,KAKUMIRO,NKOOKO,,,no_article_found,
UBOS,parish,RWAMADONGO,KAKUMIRO,MWITANZIGE,,,no_article_found,
UBOS,parish,RWAMATA,KAKUMIRO,MPASAANA,,,no_article_found,
UBOS,parish,RWAMATA WARD,KAKUMIRO,MPASAANA TOWN COUNCIL,,,no_article_found,
UBOS,parish,RWEMBUBA,KAKUMIRO,KIJANGI,,,no_article_found,
UBOS,parish,SAZIKE,KAKUMIRO,KIBIJJO,,,no_article_found,
UBOS,parish,SEMWEMA WARD,KAKUMIRO,KAKUMIRO TOWN COUNCIL,,,no_article_found,
UBOS,parish,ABERMUNYU WARD,KALAKI,OTUBOI TOWN COUNCIL,,,no_article_found,
UBOS,parish,AMORU,KALAKI,OTUBOI,,,no_article_found,
UBOS,parish,ANGOLITOK,KALAKI,OGWOLO,,,no_article_found,
UBOS,parish,CENTRAL WARD,KALAKI,KALAKI TOWN COUNCIL,,,no_article_found,
UBOS,parish,CENTRAL WARD,KALAKI,OTUBOI TOWN COUNCIL,,,no_article_found,
UBOS,parish,DOKDWONG,KALAKI,KALAKI TOWN COUNCIL,,,no_article_found,
UBOS,parish,EYENGA WARD,KALAKI,KALAKI TOWN COUNCIL,,,no_article_found,
UBOS,parish,IPENET,KALAKI,OCELAKUR,,,no_article_found,
UBOS,parish,KABERKOLE,KALAKI,OTUBOI,,,no_article_found,
UBOS,parish,KABERPILA,KALAKI,OGWOLO,,,no_article_found,
UBOS,parish,KADIE,KALAKI,OTUBOI,,,no_article_found,
UBOS,parish,KADIE WARD,KALAKI,OTUBOI TOWN COUNCIL,,,no_article_found,
UBOS,parish,KADINYA,KALAKI,KALAKI,,,no_article_found,
UBOS,parish,KAKERE,KALAKI,KALAKI,,,no_article_found,
UBOS,parish,KAMIDAKAN,KALAKI,APAPAI,,,no_article_found,
UBOS,parish,KIBIMO,KALAKI,BULULU,,,no_article_found,
UBOS,parish,OBULE WARD,KALAKI,KALAKI TOWN COUNCIL,,,no_article_found,
UBOS,parish,OBUR,KALAKI,BULULU,,,no_article_found,
UBOS,parish,OCELAKUR,KALAKI,OCELAKUR,,,no_article_found,
UBOS,parish,OGWOLO,KALAKI,OGWOLO,,,no_article_found,
UBOS,parish,OKWEJE WARD,KALAKI,KALAKI TOWN COUNCIL,,,no_article_found,
UBOS,parish,OMID,KALAKI,ANYARA,,,no_article_found,
UBOS,parish,OPILTOK,KALAKI,OTUBOI,,,no_article_found,
UBOS,parish,OPUNGURE,KALAKI,KAKURE,,,no_article_found,
UBOS,parish,OUSIA,KALAKI,APAPAI,,,no_article_found,
UBOS,parish,OYOMAI,KALAKI,KAKURE,,,no_article_found,
UBOS,parish,SANGAI,KALAKI,OCELAKUR,,,no_article_found,
UBOS,parish,BBETA,KALANGALA,MUGOYE,,,no_article_found,
UBOS,parish,BUGGALA,KALANGALA,MAZINGA,,,no_article_found,
UBOS,parish,BUJUMBA,KALANGALA,BUJUMBA,,,no_article_found,
UBOS,parish,BUNYAMA,KALANGALA,BUJUMBA,,,no_article_found,
UBOS,parish,BUTULUME,KALANGALA,MAZINGA,,,no_article_found,
UBOS,parish,BUWANGA,KALANGALA,KYAMUSWA,,,no_article_found,
UBOS,parish,BUZINGO,KALANGALA,KYAMUSWA,,,no_article_found,
UBOS,parish,BWENDERO,KALANGALA,BUJUMBA,,,no_article_found,
UBOS,parish,JAANA,KALANGALA,BUBEKE,,,no_article_found,
UBOS,parish,KAGULUBE,KALANGALA,MUGOYE,,,no_article_found,
UBOS,parish,LULAMBA,KALANGALA,BUFUMIRA,,,no_article_found,
UBOS,parish,MULABANA,KALANGALA,BUJUMBA,,,no_article_found,
UBOS,parish,BILARI WARD,KALIRO,NAMWIWA TOWN COUNCIL,,,no_article_found,
UBOS,parish,BUDINI WARD,KALIRO,KALIRO TOWN COUNCIL,,,no_article_found,
UBOS,parish,BUDOMERO,KALIRO,BUDOMERO,,,no_article_found,
UBOS,parish,BUGODA,KALIRO,NAMUGONGO,,,no_article_found,
UBOS,parish,BUGONZA,KALIRO,NAMUGONGO,,,no_article_found,
UBOS,parish,BUGWABI WARD,KALIRO,NAWAIKOKE TOWN COUNCIL,,,no_article_found,
UBOS,parish,BUHANGALA,KALIRO,NAWAIKOKE,,,no_article_found,
UBOS,parish,BUJJEJJE WARD,KALIRO,BULUMBA TOWN COUNCIL,,,no_article_found,
UBOS,parish,BUJUGU,KALIRO,BUKAMBA,,,no_article_found,
UBOS,parish,BUKAIRE WARD,KALIRO,NAMWIWA TOWN COUNCIL,,,no_article_found,
UBOS,parish,BUKAMBA,KALIRO,BUKAMBA,,,no_article_found,
UBOS,parish,BUKUMANKOOLA,KALIRO,KALIRO TOWN COUNCIL,,,no_article_found,
UBOS,parish,BULIKE,KALIRO,NANSOLOLO,,,no_article_found,
UBOS,parish,BULIMA,KALIRO,BUMANYA,,,no_article_found,
UBOS,parish,BULUMBA CENTRAL WARD,KALIRO,BULUMBA TOWN COUNCIL,,,no_article_found,
UBOS,parish,BUNSWEZYA WARD,KALIRO,NAMWIWA TOWN COUNCIL,,,no_article_found,
UBOS,parish,BUPENI,KALIRO,NAWAIKOKE,,,no_article_found,
UBOS,parish,BUPYANA,KALIRO,GADUMIRE,,,no_article_found,
UBOS,parish,BUSANDA,KALIRO,KASOKWE,,,no_article_found,
UBOS,parish,BUSEREKA,KALIRO,BUKAMBA,,,no_article_found,
UBOS,parish,BUSEREKA WARD,KALIRO,NAMWIWA TOWN COUNCIL,,,no_article_found,
UBOS,parish,BUSULUMBA,KALIRO,KISINDA,,,no_article_found,
UBOS,parish,BUTAJJUBE,KALIRO,KASOKWE,,,no_article_found,
UBOS,parish,BUTEGE,KALIRO,NAMUGONGO,,,no_article_found,
UBOS,parish,BUVULUNGUTI,KALIRO,BUKAMBA,,,no_article_found,
UBOS,parish,BUYINDA,KALIRO,BUYINDA,,,no_article_found,
UBOS,parish,BUYODI,KALIRO,KASOKWE,,,no_article_found,
UBOS,parish,BUYUGE,KALIRO,GADUMIRE,,,no_article_found,
UBOS,parish,BUYUNGA WARD,KALIRO,KALIRO TOWN COUNCIL,,,no_article_found,
UBOS,parish,BWAYUYA,KALIRO,KASOKWE,,,no_article_found,
UBOS,parish,IGULAMUBIRI,KALIRO,NAMUGONGO,,,no_article_found,
UBOS,parish,ISALO,KALIRO,GADUMIRE,,,no_article_found,
UBOS,parish,KALALU,KALIRO,BUMANYA,,,no_article_found,
UBOS,parish,KANABUGO WARD,KALIRO,NAMWIWA TOWN COUNCIL,,,no_article_found,
UBOS,parish,KANAKAMBA,KALIRO,NAMUGONGO,,,no_article_found,
UBOS,parish,KASOKWE,KALIRO,KASOKWE,,,no_article_found,
UBOS,parish,KASULETA,KALIRO,BUMANYA,,,no_article_found,
UBOS,parish,KIBWIZA,KALIRO,KISINDA,,,no_article_found,
UBOS,parish,KIGANDA,KALIRO,NAMWIWA,,,no_article_found,
UBOS,parish,KIRANGA,KALIRO,BUYINDA,,,no_article_found,
UBOS,parish,KISINDA,KALIRO,KISINDA,,,no_article_found,
UBOS,parish,KITEGA,KALIRO,BUKAMBA,,,no_article_found,
UBOS,parish,KIWANABUZI,KALIRO,NAMWIWA,,,no_article_found,
UBOS,parish,KIYUNGA,KALIRO,BUDOMERO,,,no_article_found,
UBOS,parish,KYAMBAYA,KALIRO,NAWAIKOKE,,,no_article_found,
UBOS,parish,KYANFUBA,KALIRO,BUDOMERO,,,no_article_found,
UBOS,parish,KYANI,KALIRO,BUMANYA,,,no_article_found,
UBOS,parish,LONDE WARD,KALIRO,BULUMBA TOWN COUNCIL,,,no_article_found,
UBOS,parish,LUBULO,KALIRO,KISINDA,,,no_article_found,
UBOS,parish,MADIBIRA,KALIRO,BUYINDA,,,no_article_found,
UBOS,parish,MASUNA WARD,KALIRO,BULUMBA TOWN COUNCIL,,,no_article_found,
UBOS,parish,MPAMBWA,KALIRO,KISINDA,,,no_article_found,
UBOS,parish,MUHIRA,KALIRO,NANSOLOLO,,,no_article_found,
UBOS,parish,MUSIHA WARD,KALIRO,NAWAIKOKE TOWN COUNCIL,,,no_article_found,
UBOS,parish,MWANGHA WARD,KALIRO,NAWAIKOKE TOWN COUNCIL,,,no_article_found,
UBOS,parish,NABIKOLI,KALIRO,NAMUGONGO,,,no_article_found,
UBOS,parish,NAIGOMBWA,KALIRO,KALIRO TOWN COUNCIL,,,no_article_found,
UBOS,parish,NALENYA WARD,KALIRO,BULUMBA TOWN COUNCIL,,,no_article_found,
UBOS,parish,NAMAWA,KALIRO,NAWAIKOKE,,,no_article_found,
UBOS,parish,NAMEJJE,KALIRO,BUYINDA,,,no_article_found,
UBOS,parish,NAMUKOGE,KALIRO,NAMUGONGO,,,no_article_found,
UBOS,parish,NAMUSOLO,KALIRO,BUMANYA,,,no_article_found,
UBOS,parish,NANGALA,KALIRO,BUKAMBA,,,no_article_found,
UBOS,parish,NANSOLOLO,KALIRO,NANSOLOLO,,,no_article_found,
UBOS,parish,NANTAMALI,KALIRO,NANSOLOLO,,,no_article_found,
UBOS,parish,NATWANA,KALIRO,NAMUGONGO,,,no_article_found,
UBOS,parish,NAWANDYO,KALIRO,KISINDA,,,no_article_found,
UBOS,parish,NKONTE WARD,KALIRO,BULUMBA TOWN COUNCIL,,,no_article_found,
UBOS,parish,NSAMULE,KALIRO,NAWAIKOKE,,,no_article_found,
UBOS,parish,PANYOLO,KALIRO,GADUMIRE,,,no_article_found,
UBOS,parish,SAAKA,KALIRO,NAMWIWA,,,no_article_found,
UBOS,parish,TABABA,KALIRO,GADUMIRE,,,no_article_found,
UBOS,parish,WALYABIRA WARD,KALIRO,NAWAIKOKE TOWN COUNCIL,,,no_article_found,
UBOS,parish,WANGOBO WARD,KALIRO,NAMWIWA TOWN COUNCIL,,,no_article_found,
UBOS,parish,BAJJA WARD,KALUNGU,LUKAYA TOWN COUNCIL,,,no_article_found,
UBOS,parish,BAKALUBA WARD,KALUNGU,KYAMULIBWA TOWN COUNCIL,,,no_article_found,
UBOS,parish,BAKIJJULULA,KALUNGU,KYAMULIBWA,,,no_article_found,
UBOS,parish,BUGOMOLA,KALUNGU,LWABENGE,,,no_article_found,
UBOS,parish,BUGONZI,KALUNGU,BUKULULA,,,no_article_found,
UBOS,parish,BULAWULA,KALUNGU,KALUNGU,,,no_article_found,
UBOS,parish,BWASANDEKU,KALUNGU,KALUNGU,,,no_article_found,
UBOS,parish,BWESA,KALUNGU,LWABENGE,,,no_article_found,
UBOS,parish,CENTRAL WARD,KALUNGU,KYAMULIBWA TOWN COUNCIL,,,no_article_found,
UBOS,parish,CENTRAL WARD,KALUNGU,LUKAYA TOWN COUNCIL,,,no_article_found,
UBOS,parish,KABAALE,KALUNGU,KYAMULIBWA,,,no_article_found,
UBOS,parish,KATEREGGA WARD,KALUNGU,KYAMULIBWA TOWN COUNCIL,,,no_article_found,
UBOS,parish,KIBISI,KALUNGU,LWABENGE,,,no_article_found,
UBOS,parish,KIGASA,KALUNGU,KYAMULIBWA,,,no_article_found,
UBOS,parish,KIKUKUMBI WARD,KALUNGU,KALUNGU TOWN COUNCIL,,,no_article_found,
UBOS,parish,KIRAGGA,KALUNGU,LWABENGE,,,no_article_found,
UBOS,parish,KISAAWA WARD,KALUNGU,KALUNGU TOWN COUNCIL,,,no_article_found,
UBOS,parish,KITI,KALUNGU,BUKULULA,,,no_article_found,
UBOS,parish,KITOSI,KALUNGU,KYAMULIBWA,,,no_article_found,
UBOS,parish,KYAMBALA,KALUNGU,BUKULULA,,,no_article_found,
UBOS,parish,LUSAANA WARD,KALUNGU,KALUNGU TOWN COUNCIL,,,no_article_found,
UBOS,parish,LUSANGO,KALUNGU,BUKULULA,,,no_article_found,
UBOS,parish,LUSASA/KALUNGI,KALUNGU,BUKULULA,,,no_article_found,
UBOS,parish,MABUYE,KALUNGU,BUKULULA,,,no_article_found,
UBOS,parish,MAGEZI KIZUNGU WARD,KALUNGU,LUKAYA TOWN COUNCIL,,,no_article_found,
UBOS,parish,MUKOKO,KALUNGU,BUKULULA,,,no_article_found,
UBOS,parish,NABUTONGWA,KALUNGU,KALUNGU,,,no_article_found,
UBOS,parish,NTALE,KALUNGU,KALUNGU,,,no_article_found,
UBOS,parish,YAKOBO WARD,KALUNGU,KYAMULIBWA TOWN COUNCIL,,,no_article_found,
UBOS,parish,ZAAKE WARD,KALUNGU,KYAMULIBWA TOWN COUNCIL,,,no_article_found,
UBOS,parish,BUKASA,KAMPALA,MAKINDYE DIVISION,,,no_article_found,
UBOS,parish,BUKESA,KAMPALA,KAMPALA CENTRAL DIVISION,,,no_article_found,
UBOS,parish,BUZIGA,KAMPALA,MAKINDYE DIVISION,,,no_article_found,
UBOS,parish,BWAISE III,KAMPALA,KAWEMPE DIVISION,,,no_article_found,
UBOS,parish,CIVIC CENTRE,KAMPALA,KAMPALA CENTRAL DIVISION,,,no_article_found,
UBOS,parish,INDUSTRIAL AREA,KAMPALA,KAMPALA CENTRAL DIVISION,,,no_article_found,
UBOS,parish,ITEK,KAMPALA,NAKAWA DIVISION,,,no_article_found,
UBOS,parish,KABOWA,KAMPALA,RUBAGA DIVISION,,,no_article_found,
UBOS,parish,KAGUGUBE,KAMPALA,KAMPALA CENTRAL DIVISION,,,no_article_found,
UBOS,parish,KAMWOKYA I,KAMPALA,KAMPALA CENTRAL DIVISION,,,no_article_found,
UBOS,parish,KAMWOKYA II,KAMPALA,KAMPALA CENTRAL DIVISION,,,no_article_found,
UBOS,parish,KAZO-ANGOLA,KAMPALA,KAWEMPE DIVISION,,,no_article_found,
UBOS,parish,KIKAYA,KAMPALA,KAWEMPE DIVISION,,,no_article_found,
UBOS,parish,KISENYI III,KAMPALA,KAMPALA CENTRAL DIVISION,,,no_article_found,
UBOS,parish,KISUGU,KAMPALA,MAKINDYE DIVISION,,,no_article_found,
UBOS,parish,KISWA,KAMPALA,NAKAWA DIVISION,,,no_article_found,
UBOS,parish,KIWATULE,KAMPALA,NAKAWA DIVISION,,,no_article_found,
UBOS,parish,KOLOLO III,KAMPALA,KAMPALA CENTRAL DIVISION,,,no_article_found,
UBOS,parish,KOMAMBOGA,KAMPALA,KAWEMPE DIVISION,,,no_article_found,
UBOS,parish,LUKULI,KAMPALA,MAKINDYE DIVISION,,,no_article_found,
UBOS,parish,LUWAFU,KAMPALA,MAKINDYE DIVISION,,,no_article_found,
UBOS,parish,LUZIRA PRISONS,KAMPALA,NAKAWA DIVISION,,,no_article_found,
UBOS,parish,MAKERERE III,KAMPALA,KAWEMPE DIVISION,,,no_article_found,
UBOS,parish,MUK - MULUKA I,KAMPALA,KAWEMPE DIVISION,,,no_article_found,
UBOS,parish,MUK - MULUKA II,KAMPALA,KAWEMPE DIVISION,,,no_article_found,
UBOS,parish,MUK - MULUKA III,KAMPALA,KAWEMPE DIVISION,,,no_article_found,
UBOS,parish,MUK - MULUKA IV,KAMPALA,KAWEMPE DIVISION,,,no_article_found,
UBOS,parish,MULAGO III,KAMPALA,KAWEMPE DIVISION,,,no_article_found,
UBOS,parish,NABISUNSA,KAMPALA,NAKAWA DIVISION,,,no_article_found,
UBOS,parish,NAKASERO III,KAMPALA,KAMPALA CENTRAL DIVISION,,,no_article_found,
UBOS,parish,NAKAWA INSTITUTIONS,KAMPALA,NAKAWA DIVISION,,,no_article_found,
UBOS,parish,NAKIVUBO,KAMPALA,KAMPALA CENTRAL DIVISION,,,no_article_found,
UBOS,parish,NAKULABYE,KAMPALA,RUBAGA DIVISION,,,no_article_found,
UBOS,parish,NSAMBYA ESTATE,KAMPALA,MAKINDYE DIVISION,,,no_article_found,
UBOS,parish,NSAMBYA POLICE BARRACKS,KAMPALA,MAKINDYE DIVISION,,,no_article_found,
UBOS,parish,NSAMBYA RAILWAYS,KAMPALA,MAKINDYE DIVISION,,,no_article_found,
UBOS,parish,OLD KAMPALA,KAMPALA,KAMPALA CENTRAL DIVISION,,,no_article_found,
UBOS,parish,SALAAMA,KAMPALA,MAKINDYE DIVISION,,,no_article_found,
UBOS,parish,UPK,KAMPALA,NAKAWA DIVISION,,,no_article_found,
UBOS,parish,UPPER ESTATE,KAMPALA,NAKAWA DIVISION,,,no_article_found,
UBOS,parish,WABIGALO,KAMPALA,MAKINDYE DIVISION,,,no_article_found,
UBOS,parish,BALAWOLI NORTHERN,KAMULI,BALAWOLI TOWN COUNCIL,,,no_article_found,
UBOS,parish,BUDHATEMWA,KAMULI,KITAYUNJWA,,,no_article_found,
UBOS,parish,BUGANZA,KAMULI,KITAYUNJWA,,,no_article_found,
UBOS,parish,BUGEYWA,KAMULI,BUTANSI,,,no_article_found,
UBOS,parish,BUGONDHA,KAMULI,NAMWENDWA,,,no_article_found,
UBOS,parish,BUGONDHA,KAMULI,MBULAMUTI,,,no_article_found,
UBOS,parish,BUKUTU,KAMULI,BULOPA,,,no_article_found,
UBOS,parish,BULOGO,KAMULI,NAMWENDWA,,,no_article_found,
UBOS,parish,BULUUYA WARD,KAMULI,NAMWENDWA TOWN COUNCIL,,,no_article_found,
UBOS,parish,BULYANGO WARD,KAMULI,NAMWENDWA TOWN COUNCIL,,,no_article_found,
UBOS,parish,BUPADHENGO,KAMULI,NAWANYAGO,,,no_article_found,
UBOS,parish,BUPADHENGO URBAN WARD,KAMULI,NAWANYAGO TOWN COUNCIL,,,no_article_found,
UBOS,parish,BUSANDHA,KAMULI,BUGULUMBYA,,,no_article_found,
UBOS,parish,BUSEJJA WARD,KAMULI,NAMWENDWA TOWN COUNCIL,,,no_article_found,
UBOS,parish,BUSIMBA WARD,KAMULI,NAMWENDWA TOWN COUNCIL,,,no_article_found,
UBOS,parish,BUSOTA WARD,KAMULI,SOUTHERN DIVISION,,,no_article_found,
UBOS,parish,BUTEME,KAMULI,MAGOGO,,,no_article_found,
UBOS,parish,BUTENDE,KAMULI,KITAYUNJWA,,,no_article_found,
UBOS,parish,BUWANUME WARD,KAMULI,NORTHERN DIVISION,,,no_article_found,
UBOS,parish,BUWOYA,KAMULI,BUGULUMBYA,,,no_article_found,
UBOS,parish,BWIIZA,KAMULI,NAMASAGALI,,,no_article_found,
UBOS,parish,EAST WARD,KAMULI,KISOZI TOWN COUNCIL,,,no_article_found,
UBOS,parish,ISINGO,KAMULI,NAMWENDWA,,,no_article_found,
UBOS,parish,IZANIRO,KAMULI,KISOZI,,,no_article_found,
UBOS,parish,KAGUMBA,KAMULI,KAGUMBA,,,no_article_found,
UBOS,parish,KAKUNYU,KAMULI,KISOZI,,,no_article_found,
UBOS,parish,KAMULI-NAMWENDA WARD,KAMULI,SOUTHERN DIVISION,,,no_article_found,
UBOS,parish,KAMULI-SABAWALI WARD,KAMULI,NORTHERN DIVISION,,,no_article_found,
UBOS,parish,KASAMBIRA WARD,KAMULI,KASAMBIRA TOWN COUNCIL,,,no_article_found,
UBOS,parish,KASOIGO WARD,KAMULI,NORTHERN DIVISION,,,no_article_found,
UBOS,parish,KAWAGA SOUTHERN,KAMULI,BALAWOLI TOWN COUNCIL,,,no_article_found,
UBOS,parish,KIIGE,KAMULI,KAGUMBA,,,no_article_found,
UBOS,parish,KINU,KAMULI,NAMWENDWA,,,no_article_found,
UBOS,parish,KISAIKYE,KAMULI,NAMASAGALI,,,no_article_found,
UBOS,parish,KIYUNGA,KAMULI,KISOZI,,,no_article_found,
UBOS,parish,KIYUNGA,KAMULI,MBULAMUTI,,,no_article_found,
UBOS,parish,KYEEYA,KAMULI,NAMWENDWA,,,no_article_found,
UBOS,parish,LUGOLOIRE WARD,KAMULI,MBULAMUTI TOWN COUNCIL,,,no_article_found,
UBOS,parish,LULYAMBUZI,KAMULI,WANKOLE,,,no_article_found,
UBOS,parish,LUZINGA,KAMULI,WANKOLE,,,no_article_found,
UBOS,parish,LWANYAMA,KAMULI,MAGOGO,,,no_article_found,
UBOS,parish,MAGOGO,KAMULI,MAGOGO,,,no_article_found,
UBOS,parish,MANDWA WARD,KAMULI,SOUTHERN DIVISION,,,no_article_found,
UBOS,parish,MATUMU,KAMULI,MAGOGO,,,no_article_found,
UBOS,parish,MISSION WARD,KAMULI,NAMWENDWA TOWN COUNCIL,,,no_article_found,
UBOS,parish,MPAKITONI,KAMULI,BULOPA,,,no_article_found,
UBOS,parish,MULAMBA WARD,KAMULI,SOUTHERN DIVISION,,,no_article_found,
UBOS,parish,MUWEBWA WARD,KAMULI,NORTHERN DIVISION,,,no_article_found,
UBOS,parish,NABIRUMBA I,KAMULI,NABWIGULU,,,no_article_found,
UBOS,parish,NABIRUMBA II,KAMULI,NABWIGULU,,,no_article_found,
UBOS,parish,NABULEZI,KAMULI,BALAWOLI,,,no_article_found,
UBOS,parish,NAGAMULI,KAMULI,BULOPA,,,no_article_found,
UBOS,parish,NAGWENYI,KAMULI,BULOPA,,,no_article_found,
UBOS,parish,NAIBOWA,KAMULI,BUTANSI,,,no_article_found,
UBOS,parish,NAKIBUNGULYA,KAMULI,BUGULUMBYA,,,no_article_found,
UBOS,parish,NAKULYAKU WARD,KAMULI,SOUTHERN DIVISION,,,no_article_found,
UBOS,parish,NALUWOLI,KAMULI,BUTANSI,,,no_article_found,
UBOS,parish,NAMAGANDA,KAMULI,KITAYUNJWA,,,no_article_found,
UBOS,parish,NAMAGANDA,KAMULI,KISOZI,,,no_article_found,
UBOS,parish,NAMAIRA,KAMULI,BALAWOLI,,,no_article_found,
UBOS,parish,NAMISAMBYA I,KAMULI,KITAYUNJWA,,,no_article_found,
UBOS,parish,NAMISAMBYA II WARD,KAMULI,NORTHERN DIVISION,,,no_article_found,
UBOS,parish,NAMUNYINGI,KAMULI,NABWIGULU,,,no_article_found,
UBOS,parish,NANKANDULO,KAMULI,MAGOGO,,,no_article_found,
UBOS,parish,NAWANENDE TOWN BOARD,KAMULI,BUGULUMBYA,,,no_article_found,
UBOS,parish,NAWANGO,KAMULI,KITAYUNJWA,,,no_article_found,
UBOS,parish,NAWANGOMA,KAMULI,BUGULUMBYA,,,no_article_found,
UBOS,parish,NAWANSASO,KAMULI,KITAYUNJWA,,,no_article_found,
UBOS,parish,NAWANTUMBI,KAMULI,NAWANYAGO,,,no_article_found,
UBOS,parish,NAWANTUMBI URBAN WARD,KAMULI,NAWANYAGO TOWN COUNCIL,,,no_article_found,
UBOS,parish,NDALIKE,KAMULI,NAMWENDWA,,,no_article_found,
UBOS,parish,WEST WARD,KAMULI,KISOZI TOWN COUNCIL,,,no_article_found,
UBOS,parish,BASE CAMP II & IV,KAMWENGE,RWAMWANJA REFUGEE CAMP,,,no_article_found,
UBOS,parish,BASECAMP I & III,KAMWENGE,RWAMWANJA REFUGEE CAMP,,,no_article_found,
UBOS,parish,BIGODI WARD,KAMWENGE,BIGODI TOWN COUNCIL,,,no_article_found,
UBOS,parish,BISOZI,KAMWENGE,NKOMA,,,no_article_found,
UBOS,parish,BITOJO WARD,KAMWENGE,BIGULI TOWN COUNCIL,,,no_article_found,
UBOS,parish,BUHUMURIRO,KAMWENGE,NTONWA,,,no_article_found,
UBOS,parish,BUJONGOBE WARD,KAMWENGE,BIGODI TOWN COUNCIL,,,no_article_found,
UBOS,parish,BUREGYEYA WARD,KAMWENGE,NKOMA-KATALYEBA TOWN COUNCIL,,,no_article_found,
UBOS,parish,BUSINGE,KAMWENGE,KAMWENGE,,,no_article_found,
UBOS,parish,BUSINGE WARD,KAMWENGE,KABUGA TOWN COUNCIL,,,no_article_found,
UBOS,parish,IBUGA,KAMWENGE,BIGULI,,,no_article_found,
UBOS,parish,IRUHURA,KAMWENGE,KABAMBIRO,,,no_article_found,
UBOS,parish,KABURISOKE WARD,KAMWENGE,KAMWENGE TOWN COUNCIL,,,no_article_found,
UBOS,parish,KABUYE,KAMWENGE,KABUYE,,,no_article_found,
UBOS,parish,KAHONDO,KAMWENGE,BUSIRIBA,,,no_article_found,
UBOS,parish,KAIHORA A,KAMWENGE,RWAMWANJA REFUGEE CAMP,,,no_article_found,
UBOS,parish,KAIHORA BC,KAMWENGE,RWAMWANJA REFUGEE CAMP,,,no_article_found,
UBOS,parish,KAIHORA D,KAMWENGE,RWAMWANJA REFUGEE CAMP,,,no_article_found,
UBOS,parish,KAMUSENENE,KAMWENGE,BWIZI,,,no_article_found,
UBOS,parish,KANIMI,KAMWENGE,BUSIRIBA,,,no_article_found,
UBOS,parish,KANYONZA I WARD,KAMWENGE,LYAKAHUNGU TOWN COUNCIL,,,no_article_found,
UBOS,parish,KANYONZA II WARD,KAMWENGE,LYAKAHUNGU TOWN COUNCIL,,,no_article_found,
UBOS,parish,KAROKARUNGI WARD,KAMWENGE,KABUGA TOWN COUNCIL,,,no_article_found,
UBOS,parish,KASORORA,KAMWENGE,NTONWA,,,no_article_found,
UBOS,parish,KEBISINGO,KAMWENGE,KABAMBIRO,,,no_article_found,
UBOS,parish,KIBOOTA,KAMWENGE,NTONWA,,,no_article_found,
UBOS,parish,KIDUNDUMA,KAMWENGE,NKOMA,,,no_article_found,
UBOS,parish,KIHURA WARD,KAMWENGE,KAHUNGE TOWN COUNCIL,,,no_article_found,
UBOS,parish,KIJUNGU WARD,KAMWENGE,LYAKAHUNGU TOWN COUNCIL,,,no_article_found,
UBOS,parish,KIKIRI,KAMWENGE,NTONWA,,,no_article_found,
UBOS,parish,KIKURRA A & B,KAMWENGE,RWAMWANJA REFUGEE CAMP,,,no_article_found,
UBOS,parish,KINYONZA WARD,KAMWENGE,NKOMA-KATALYEBA TOWN COUNCIL,,,no_article_found,
UBOS,parish,KITONZI WARD,KAMWENGE,KAMWENGE TOWN COUNCIL,,,no_article_found,
UBOS,parish,KIYAGAARA,KAMWENGE,KAHUNGE,,,no_article_found,
UBOS,parish,KYABAKWERERE WARD,KAMWENGE,BIGODI TOWN COUNCIL,,,no_article_found,
UBOS,parish,KYAKAITABA,KAMWENGE,NTONWA,,,no_article_found,
UBOS,parish,KYAKANYEMERA WARD,KAMWENGE,RUKUNYU TOWN COUNCIL,,,no_article_found,
UBOS,parish,KYAKARAFA,KAMWENGE,BUSIRIBA,,,no_article_found,
UBOS,parish,KYEMPANGO A I,KAMWENGE,RWAMWANJA REFUGEE CAMP,,,no_article_found,
UBOS,parish,KYEMPANGO A II & III,KAMWENGE,RWAMWANJA REFUGEE CAMP,,,no_article_found,
UBOS,parish,KYEMPANGO A IV & C III,KAMWENGE,RWAMWANJA REFUGEE CAMP,,,no_article_found,
UBOS,parish,KYEMPANGO B I & B II,KAMWENGE,RWAMWANJA REFUGEE CAMP,,,no_article_found,
UBOS,parish,KYEMPANGO B III & C II,KAMWENGE,RWAMWANJA REFUGEE CAMP,,,no_article_found,
UBOS,parish,KYEMPANGO C I,KAMWENGE,RWAMWANJA REFUGEE CAMP,,,no_article_found,
UBOS,parish,MABALE,KAMWENGE,NKOMA,,,no_article_found,
UBOS,parish,MAHANE WARD,KAMWENGE,NKOMA-KATALYEBA TOWN COUNCIL,,,no_article_found,
UBOS,parish,MAHANI A & B,KAMWENGE,RWAMWANJA REFUGEE CAMP,,,no_article_found,
UBOS,parish,MAHEGA ZONE,KAMWENGE,RWAMWANJA REFUGEE CAMP,,,no_article_found,
UBOS,parish,MALERE,KAMWENGE,BIGULI,,,no_article_found,
UBOS,parish,MASANGI,KAMWENGE,NTONWA,,,no_article_found,
UBOS,parish,MUHUNGA,KAMWENGE,NTONWA,,,no_article_found,
UBOS,parish,MUKUKURU,KAMWENGE,KABUYE,,,no_article_found,
UBOS,parish,MUTAAMA,KAMWENGE,KABUYE,,,no_article_found,
UBOS,parish,NKOMA A & MIKOLE,KAMWENGE,RWAMWANJA REFUGEE CAMP,,,no_article_found,
UBOS,parish,NKONI,KAMWENGE,BWIZI,,,no_article_found,
UBOS,parish,NTENUNGI AB,KAMWENGE,RWAMWANJA REFUGEE CAMP,,,no_article_found,
UBOS,parish,NTENUNGI C,KAMWENGE,RWAMWANJA REFUGEE CAMP,,,no_article_found,
UBOS,parish,NTONWA,KAMWENGE,NTONWA,,,no_article_found,
UBOS,parish,NYABUBALE_MAHANGO WARD,KAMWENGE,BIGODI TOWN COUNCIL,,,no_article_found,
UBOS,parish,NYAKAHAMA,KAMWENGE,KAHUNGE,,,no_article_found,
UBOS,parish,NYAMASHEGWA,KAMWENGE,KABAMBIRO,,,no_article_found,
UBOS,parish,RUBABA WARD,KAMWENGE,KAHUNGE TOWN COUNCIL,,,no_article_found,
UBOS,parish,RUGONJO WARD,KAMWENGE,KAHUNGE TOWN COUNCIL,,,no_article_found,
UBOS,parish,RUKUNYU WARD,KAMWENGE,RUKUNYU TOWN COUNCIL,,,no_article_found,
UBOS,parish,RWEBISHAHI WARD,KAMWENGE,BIGULI TOWN COUNCIL,,,no_article_found,
UBOS,parish,RWEMIRAMA WARD,KAMWENGE,KAMWENGE TOWN COUNCIL,,,no_article_found,
UBOS,parish,RWENGORO WARD,KAMWENGE,RUKUNYU TOWN COUNCIL,,,no_article_found,
UBOS,parish,RWENKUBA WARD,KAMWENGE,KAHUNGE TOWN COUNCIL,,,no_article_found,
UBOS,parish,RWOMURIRO WARD,KAMWENGE,LYAKAHUNGU TOWN COUNCIL,,,no_article_found,
UBOS,parish,BIHOMBORWA WARD,KANUNGU,KIHIIHI TOWN COUNCIL,,,no_article_found,
UBOS,parish,BUJENGWE,KANUNGU,KAYONZA,,,no_article_found,
UBOS,parish,BUJERENGYE,KANUNGU,KIHANDA,,,no_article_found,
UBOS,parish,BUKORWE,KANUNGU,NYANGA,,,no_article_found,
UBOS,parish,BUKUNGA,KANUNGU,KAYUNGWE,,,no_article_found,
UBOS,parish,BUREMA,KANUNGU,KANYANTOROGO,,,no_article_found,
UBOS,parish,BUSHURA,KANUNGU,KIRIMA,,,no_article_found,
UBOS,parish,BUZINIRO,KANUNGU,BUGONGI,,,no_article_found,
UBOS,parish,BWERONDE,KANUNGU,KYESHERO,,,no_article_found,
UBOS,parish,CENTRAL WARD,KANUNGU,BUHOMA TOWN COUNCIL,,,no_article_found,
UBOS,parish,CENTRAL WARD,KANUNGU,KAMBUGA TOWN COUNCIL,,,no_article_found,
UBOS,parish,CENTRAL WARD,KANUNGU,NYAKABUNGO TOWN COUNCIL,,,no_article_found,
UBOS,parish,IHEMBE,KANUNGU,BUGONGI,,,no_article_found,
UBOS,parish,KAMAHE,KANUNGU,NYANGA,,,no_article_found,
UBOS,parish,KAMAKOMA,KANUNGU,KINAABA,,,no_article_found,
UBOS,parish,KANYAMATEMBE,KANUNGU,KINAABA,,,no_article_found,
UBOS,parish,KANYAMBEHO,KANUNGU,NYAKINONI,,,no_article_found,
UBOS,parish,KARANGARA,KANUNGU,KAYONZA,,,no_article_found,
UBOS,parish,KARUBEIZI,KANUNGU,NYAKINONI,,,no_article_found,
UBOS,parish,KASHENYI,KANUNGU,KYESHERO,,,no_article_found,
UBOS,parish,KASHESHA,KANUNGU,KIHEMBE,,,no_article_found,
UBOS,parish,KASHOJWA,KANUNGU,RUGYEYO,,,no_article_found,
UBOS,parish,KATEBERE,KANUNGU,KAYUNGWE,,,no_article_found,
UBOS,parish,KATUNGU,KANUNGU,RUGYEYO,,,no_article_found,
UBOS,parish,KIBIMBIRI,KANUNGU,KIHIIHI,,,no_article_found,
UBOS,parish,KIHEMBE,KANUNGU,KIHEMBE,,,no_article_found,
UBOS,parish,KIRINGA,KANUNGU,KAMBUGA,,,no_article_found,
UBOS,parish,KISHENYI,KANUNGU,KANYANTOROGO,,,no_article_found,
UBOS,parish,KISHURO,KANUNGU,KATETE,,,no_article_found,
UBOS,parish,KYAMUKOMBE,KANUNGU,KINAABA,,,no_article_found,
UBOS,parish,KYESHERO,KANUNGU,KYESHERO,,,no_article_found,
UBOS,parish,MASHAKU,KANUNGU,NYAMIRAMA,,,no_article_found,
UBOS,parish,MISHENYI,KANUNGU,KAYUNGWE,,,no_article_found,
UBOS,parish,MUKIRWA,KANUNGU,KINAABA,,,no_article_found,
UBOS,parish,NGAARA,KANUNGU,MPUNGU,,,no_article_found,
UBOS,parish,NKUNDA,KANUNGU,NYANGA,,,no_article_found,
UBOS,parish,NTUNGWA,KANUNGU,NYAMIRAMA,,,no_article_found,
UBOS,parish,NYABIREHE,KANUNGU,KIHEMBE,,,no_article_found,
UBOS,parish,NYAKASHURE,KANUNGU,NYAMIRAMA,,,no_article_found,
UBOS,parish,NYAKATOMA,KANUNGU,KIHANDA,,,no_article_found,
UBOS,parish,NYAKATUNGURU WARD,KANUNGU,KIHIIHI TOWN COUNCIL,,,no_article_found,
UBOS,parish,NYAKAZINGA,KANUNGU,KAYUNGWE,,,no_article_found,
UBOS,parish,NYAKIBUGA,KANUNGU,KIHANDA,,,no_article_found,
UBOS,parish,NYAKISHOJWA,KANUNGU,KATETE,,,no_article_found,
UBOS,parish,NYAMIGOYE,KANUNGU,KANYANTOROGO,,,no_article_found,
UBOS,parish,NYARUGUNDA,KANUNGU,KAMBUGA,,,no_article_found,
UBOS,parish,NYARURAMBI,KANUNGU,KATETE,,,no_article_found,
UBOS,parish,NYARURAMBI,KANUNGU,NYAMIRAMA,,,no_article_found,
UBOS,parish,NYARURAMBI,KANUNGU,RUGYEYO,,,no_article_found,
UBOS,parish,NYARUTOJO,KANUNGU,KAMBUGA,,,no_article_found,
UBOS,parish,RUBIMBWA,KANUNGU,KIRIMA,,,no_article_found,
UBOS,parish,RUSHAKA,KANUNGU,NYAMIRAMA,,,no_article_found,
UBOS,parish,RUSHEBEYA,KANUNGU,BUGONGI,,,no_article_found,
UBOS,parish,RUSOROZA,KANUNGU,KIHIIHI,,,no_article_found,
UBOS,parish,RUTENDERE,KANUNGU,KAYONZA,,,no_article_found,
UBOS,parish,RUTUGUNDA,KANUNGU,KIRIMA,,,no_article_found,
UBOS,parish,RWANGA WARD,KANUNGU,KIHIIHI TOWN COUNCIL,,,no_article_found,
UBOS,parish,RWENKYENDE,KANUNGU,KIHANDA,,,no_article_found,
UBOS,parish,SAMARIA,KANUNGU,NYAKINONI,,,no_article_found,
UBOS,parish,TOWN WARD,KANUNGU,KANYANTOROGO TOWN COUNCIL,,,no_article_found,
UBOS,parish,BARAWA WARD,KAPCHORWA,CENTRAL DIVISION,,,no_article_found,
UBOS,parish,BASAR WARD,KAPCHORWA,WEST DIVISION,,,no_article_found,
UBOS,parish,BORON,KAPCHORWA,AMUKOL,,,no_article_found,
UBOS,parish,CHEBASER,KAPCHORWA,CHEMA,,,no_article_found,
UBOS,parish,CHEBELAT,KAPCHORWA,GAMOGO,,,no_article_found,
UBOS,parish,CHEKWANDA WARD,KAPCHORWA,SIPI TOWN COUNCIL,,,no_article_found,
UBOS,parish,CHEKWATIT,KAPCHORWA,KAWOWO,,,no_article_found,
UBOS,parish,CHEMANGANG,KAPCHORWA,CHEMA,,,no_article_found,
UBOS,parish,CHEMONGES WARD,KAPCHORWA,CENTRAL DIVISION,,,no_article_found,
UBOS,parish,CHEMOSONG,KAPCHORWA,CHEMA,,,no_article_found,
UBOS,parish,CHEPSIKUROI WARD,KAPCHORWA,CENTRAL DIVISION,,,no_article_found,
UBOS,parish,CHEPTERECH,KAPCHORWA,CHEPTERECH,,,no_article_found,
UBOS,parish,CHEPTERIT,KAPCHORWA,SIPI,,,no_article_found,
UBOS,parish,CHEPTUYA,KAPCHORWA,KAPSINDA,,,no_article_found,
UBOS,parish,CHERUBEI,KAPCHORWA,KASEREM,,,no_article_found,
UBOS,parish,CHESOYEN,KAPCHORWA,CHEPTERECH,,,no_article_found,
UBOS,parish,GAMATUI,KAPCHORWA,SIPI,,,no_article_found,
UBOS,parish,GUBONGOI,KAPCHORWA,KABEYWA,,,no_article_found,
UBOS,parish,KABAT WARD,KAPCHORWA,WEST DIVISION,,,no_article_found,
UBOS,parish,KABORE,KAPCHORWA,CHEMA,,,no_article_found,
UBOS,parish,KAMOKO,KAPCHORWA,CHEPTERECH,,,no_article_found,
UBOS,parish,KAPCHEBOKO,KAPCHORWA,AMUKOL,,,no_article_found,
UBOS,parish,KAPCHELA,KAPCHORWA,KAWOWO,,,no_article_found,
UBOS,parish,KAPCHESIY WARD,KAPCHORWA,EAST DIVISION,,,no_article_found,
UBOS,parish,KAPENGURIA WARD,KAPCHORWA,WEST DIVISION,,,no_article_found,
UBOS,parish,KAPKWAI,KAPCHORWA,CHEMA,,,no_article_found,
UBOS,parish,KAPKWATENY,KAPCHORWA,MUNARYA,,,no_article_found,
UBOS,parish,KAPKWINGI WARD,KAPCHORWA,WEST DIVISION,,,no_article_found,
UBOS,parish,KAPKWIRWOK TOWN WARD,KAPCHORWA,SIPI TOWN COUNCIL,,,no_article_found,
UBOS,parish,KAPKWIRWOK WARD,KAPCHORWA,SIPI TOWN COUNCIL,,,no_article_found,
UBOS,parish,KAPLAK WARD,KAPCHORWA,EAST DIVISION,,,no_article_found,
UBOS,parish,KAPLEKO WARD,KAPCHORWA,WEST DIVISION,,,no_article_found,
UBOS,parish,KAPNARBABA,KAPCHORWA,GAMOGO,,,no_article_found,
UBOS,parish,KAPNONGORE,KAPCHORWA,AMUKOL,,,no_article_found,
UBOS,parish,KAPNYIKEW WARD,KAPCHORWA,WEST DIVISION,,,no_article_found,
UBOS,parish,KAPSABUKO,KAPCHORWA,KAPSINDA,,,no_article_found,
UBOS,parish,KAPSOYOY,KAPCHORWA,CHEPTERECH,,,no_article_found,
UBOS,parish,KAPTONO,KAPCHORWA,KASEREM,,,no_article_found,
UBOS,parish,KAPTUL WARD,KAPCHORWA,WEST DIVISION,,,no_article_found,
UBOS,parish,KATONGO,KAPCHORWA,GAMOGO,,,no_article_found,
UBOS,parish,KIMAWA,KAPCHORWA,KAWOWO,,,no_article_found,
UBOS,parish,KIRING,KAPCHORWA,KAPSINDA,,,no_article_found,
UBOS,parish,KIRWOKO WARD,KAPCHORWA,EAST DIVISION,,,no_article_found,
UBOS,parish,KOBIL,KAPCHORWA,KAWOWO,,,no_article_found,
UBOS,parish,KOKWOMURYA WARD,KAPCHORWA,CENTRAL DIVISION,,,no_article_found,
UBOS,parish,KONGOWO,KAPCHORWA,KAPSINDA,,,no_article_found,
UBOS,parish,KUTUNG WARD,KAPCHORWA,WEST DIVISION,,,no_article_found,
UBOS,parish,KWOMO,KAPCHORWA,CHEMA,,,no_article_found,
UBOS,parish,KWOTI WARD,KAPCHORWA,EAST DIVISION,,,no_article_found,
UBOS,parish,LOCH,KAPCHORWA,GAMOGO,,,no_article_found,
UBOS,parish,MARINY,KAPCHORWA,AMUKOL,,,no_article_found,
UBOS,parish,MORON,KAPCHORWA,KAPTANYA,,,no_article_found,
UBOS,parish,NGANGATA,KAPCHORWA,KAPTANYA,,,no_article_found,
UBOS,parish,NGASIRE,KAPCHORWA,MUNARYA,,,no_article_found,
UBOS,parish,NGESI,KAPCHORWA,KASEREM,,,no_article_found,
UBOS,parish,RAKON,KAPCHORWA,MUNARYA,,,no_article_found,
UBOS,parish,REBERWO,KAPCHORWA,KAWOWO,,,no_article_found,
UBOS,parish,ROROK,KAPCHORWA,CHEPTERECH,,,no_article_found,
UBOS,parish,SANZARA,KAPCHORWA,KAWOWO,,,no_article_found,
UBOS,parish,SENGWEL,KAPCHORWA,KAPSINDA,,,no_article_found,
UBOS,parish,SIRIMITYO,KAPCHORWA,KASEREM,,,no_article_found,
UBOS,parish,SIRON WARD,KAPCHORWA,EAST DIVISION,,,no_article_found,
UBOS,parish,SULU,KAPCHORWA,GAMOGO,,,no_article_found,
UBOS,parish,TANGWEN,KAPCHORWA,KABEYWA,,,no_article_found,
UBOS,parish,TARITO,KAPCHORWA,KABEYWA,,,no_article_found,
UBOS,parish,TERYET WARD,KAPCHORWA,EAST DIVISION,,,no_article_found,
UBOS,parish,TONGWO WARD,KAPCHORWA,WEST DIVISION,,,no_article_found,
UBOS,parish,TUBAN WARD,KAPCHORWA,WEST DIVISION,,,no_article_found,
UBOS,parish,TUMBOBOI,KAPCHORWA,KAPTANYA,,,no_article_found,
UBOS,parish,TUYOBEI,KAPCHORWA,KAPSINDA,,,no_article_found,
UBOS,parish,WERE,KAPCHORWA,KASEREM,,,no_article_found,
UBOS,parish,YEMBEK,KAPCHORWA,KABEYWA,,,no_article_found,
UBOS,parish,ACEGEREKUMA WARD,KAPELEBYONG,KAPELEBYONG TOWN COUNCIL,,,no_article_found,
UBOS,parish,ACINGA,KAPELEBYONG,ACINGA,,,no_article_found,
UBOS,parish,ADEPAR,KAPELEBYONG,ACINGA,,,no_article_found,
UBOS,parish,AGONGA,KAPELEBYONG,OKUNGUR,,,no_article_found,
UBOS,parish,AIRABET,KAPELEBYONG,OKUNGUR,,,no_article_found,
UBOS,parish,AJESAI WARD,KAPELEBYONG,OBALANGA TOWN COUNCIL,,,no_article_found,
UBOS,parish,AKILENG,KAPELEBYONG,ALITO,,,no_article_found,
UBOS,parish,AKODOKODOI,KAPELEBYONG,OKUNGUR,,,no_article_found,
UBOS,parish,AKOUETOM WARD,KAPELEBYONG,ACOWA TOWN COUNCIL,,,no_article_found,
UBOS,parish,AKUM,KAPELEBYONG,ACOWA,,,no_article_found,
UBOS,parish,ALUPE,KAPELEBYONG,OBALANGA,,,no_article_found,
UBOS,parish,ALWENYA,KAPELEBYONG,OBALANGA,,,no_article_found,
UBOS,parish,AMASENIKO,KAPELEBYONG,KAPELEBYONG,,,no_article_found,
UBOS,parish,AMEMIA,KAPELEBYONG,KAPELEBYONG,,,no_article_found,
UBOS,parish,AMERO,KAPELEBYONG,ACOWA,,,no_article_found,
UBOS,parish,AMINITO,KAPELEBYONG,AKOROMIT,,,no_article_found,
UBOS,parish,AMOOTOM,KAPELEBYONG,OKUNGUR,,,no_article_found,
UBOS,parish,ANGEREPO,KAPELEBYONG,ACOWA,,,no_article_found,
UBOS,parish,ANGICA,KAPELEBYONG,ALITO,,,no_article_found,
UBOS,parish,APARISIA WARD,KAPELEBYONG,ACOWA TOWN COUNCIL,,,no_article_found,
UBOS,parish,ARIDAI,KAPELEBYONG,OKUNGUR,,,no_article_found,
UBOS,parish,ATUMAKASIKOU WARD,KAPELEBYONG,ACOWA TOWN COUNCIL,,,no_article_found,
UBOS,parish,CENTRAL WARD,KAPELEBYONG,AKORE TOWN COUNCIL,,,no_article_found,
UBOS,parish,CENTRAL WARD,KAPELEBYONG,OBALANGA TOWN COUNCIL,,,no_article_found,
UBOS,parish,CULA,KAPELEBYONG,ACINGA,,,no_article_found,
UBOS,parish,INDIA WARD,KAPELEBYONG,OBALANGA TOWN COUNCIL,,,no_article_found,
UBOS,parish,IYALAKWE,KAPELEBYONG,ALITO,,,no_article_found,
UBOS,parish,KOBUIN,KAPELEBYONG,AKOROMIT,,,no_article_found,
UBOS,parish,LABIRA,KAPELEBYONG,OBALANGA,,,no_article_found,
UBOS,parish,MATILONG,KAPELEBYONG,ALITO,,,no_article_found,
UBOS,parish,NYADA,KAPELEBYONG,KAPELEBYONG,,,no_article_found,
UBOS,parish,NYAIKURO,KAPELEBYONG,ACINGA,,,no_article_found,
UBOS,parish,NYAKALI WARD,KAPELEBYONG,KAPELEBYONG TOWN COUNCIL,,,no_article_found,
UBOS,parish,ODERAI WARD,KAPELEBYONG,ACOWA TOWN COUNCIL,,,no_article_found,
UBOS,parish,ODERAI WARD,KAPELEBYONG,KAPELEBYONG TOWN COUNCIL,,,no_article_found,
UBOS,parish,ODIDING,KAPELEBYONG,OKUNGUR,,,no_article_found,
UBOS,parish,ODUKULU WARD,KAPELEBYONG,KAPELEBYONG TOWN COUNCIL,,,no_article_found,
UBOS,parish,OKENYAI WARD,KAPELEBYONG,OBALANGA TOWN COUNCIL,,,no_article_found,
UBOS,parish,OKOBOI,KAPELEBYONG,KAPELEBYONG,,,no_article_found,
UBOS,parish,OLEKAT,KAPELEBYONG,AKOROMIT,,,no_article_found,
UBOS,parish,OLET,KAPELEBYONG,ACINGA,,,no_article_found,
UBOS,parish,OLOBAI WARD,KAPELEBYONG,KAPELEBYONG TOWN COUNCIL,,,no_article_found,
UBOS,parish,OPOT,KAPELEBYONG,OBALANGA,,,no_article_found,
UBOS,parish,KAKWANGA,KARENGA,KAKWANGA,,,no_article_found,
UBOS,parish,KANGOLE WARD,KARENGA,KARENGA TOWN COUNCIL,,,no_article_found,
UBOS,parish,KIDEPO WARD,KARENGA,KIDEPO TOWN COUNCIL,,,no_article_found,
UBOS,parish,KIKISS WARD,KARENGA,KIDEPO TOWN COUNCIL,,,no_article_found,
UBOS,parish,KOKOLIO WARD,KARENGA,KIDEPO TOWN COUNCIL,,,no_article_found,
UBOS,parish,KOMOLICHER,KARENGA,KAPEDO,,,no_article_found,
UBOS,parish,KUMET,KARENGA,SANGAR,,,no_article_found,
UBOS,parish,LOKIAL,KARENGA,SANGAR,,,no_article_found,
UBOS,parish,LOKORI,KARENGA,LOKORI,,,no_article_found,
UBOS,parish,LOMANOK,KARENGA,KAWALAKOL,,,no_article_found,
UBOS,parish,LOMEJ/NATIIRA,KARENGA,KAWALAKOL,,,no_article_found,
UBOS,parish,LONGOLETYAANGA,KARENGA,LOBALANGIT,,,no_article_found,
UBOS,parish,LOYORO/NAPORE,KARENGA,KARENGA,,,no_article_found,
UBOS,parish,NAESEKAPEL,KARENGA,KAKWANGA,,,no_article_found,
UBOS,parish,NAKELLIO,KARENGA,LOBALANGIT,,,no_article_found,
UBOS,parish,NAKIDIIR WARD,KARENGA,KIDEPO TOWN COUNCIL,,,no_article_found,
UBOS,parish,NAKITEMYET,KARENGA,SANGAR,,,no_article_found,
UBOS,parish,NAKITOIT,KARENGA,KARENGA,,,no_article_found,
UBOS,parish,NAKORICHOKEI WARD,KARENGA,KAPEDO TOWN COUNCIL,,,no_article_found,
UBOS,parish,NAOYAGUM,KARENGA,KAWALAKOL,,,no_article_found,
UBOS,parish,NASEPERWAE,KARENGA,KAWALAKOL,,,no_article_found,
UBOS,parish,NATABA WARD,KARENGA,KIDEPO TOWN COUNCIL,,,no_article_found,
UBOS,parish,NEW KARENGA WARD,KARENGA,KARENGA TOWN COUNCIL,,,no_article_found,
UBOS,parish,OPOTIPOT,KARENGA,LOKORI,,,no_article_found,
UBOS,parish,PIRE,KARENGA,LOBALANGIT,,,no_article_found,
UBOS,parish,SANGAR,KARENGA,SANGAR,,,no_article_found,
UBOS,parish,SARACHOM,KARENGA,LOBALANGIT,,,no_article_found,
UBOS,parish,BASE CAMP WARD,KASESE,CENTRAL DIVISION,,,no_article_found,
UBOS,parish,BIKONE,KASESE,MALIBA,,,no_article_found,
UBOS,parish,BIKUNYA,KASESE,KARAMBI,,,no_article_found,
UBOS,parish,BUBOTYO,KASESE,IHANDIRO,,,no_article_found,
UBOS,parish,BUGHALITSA,KASESE,RUKOKI,,,no_article_found,
UBOS,parish,BUGHENDERO,KASESE,BUHUHIRA,,,no_article_found,
UBOS,parish,BUHAGHURA,KASESE,RUKOKI,,,no_article_found,
UBOS,parish,BUHATIRO,KASESE,IHANDIRO,,,no_article_found,
UBOS,parish,BUHUNA,KASESE,KARAMBI,,,no_article_found,
UBOS,parish,BUKUMBIA,KASESE,NYAKABINGO,,,no_article_found,
UBOS,parish,BUNYAKALIJA,KASESE,MBUNGA,,,no_article_found,
UBOS,parish,BUNYAMURWA,KASESE,BWESUMBU,,,no_article_found,
UBOS,parish,BUNYANDIKO,KASESE,KILEMBE,,,no_article_found,
UBOS,parish,BUNYISWA,KASESE,BWERA,,,no_article_found,
UBOS,parish,BURAMBIRA WARD,KASESE,RUGENDABARA-KIKONGO TOWN COUNCIL,,,no_article_found,
UBOS,parish,BUSAMBU WARD,KASESE,MUHOKYA TOWN COUNCIL,,,no_article_found,
UBOS,parish,BUSIBI WARD,KASESE,KABATUNDA-KIRABAHO TOWN COUNCI,,,no_article_found,
UBOS,parish,BUTHALE,KASESE,KYARUMBA,,,no_article_found,
UBOS,parish,BUTSWA WARD,KASESE,KABATUNDA-KIRABAHO TOWN COUNCI,,,no_article_found,
UBOS,parish,BUYAGHA,KASESE,KYONDO,,,no_article_found,
UBOS,parish,BWENANULE WARD,KASESE,MUHOKYA TOWN COUNCIL,,,no_article_found,
UBOS,parish,CENTRAL WARD,KASESE,KINYAMESEKE TOWN COUNCIL,,,no_article_found,
UBOS,parish,HAMUKUNGU,KASESE,LAKE KATWE,,,no_article_found,
UBOS,parish,HARUKUNGU,KASESE,ISANGO,,,no_article_found,
UBOS,parish,IBIMBO,KASESE,KYONDO,,,no_article_found,
UBOS,parish,IHANGO,KASESE,IHANDIRO,,,no_article_found,
UBOS,parish,KABAFU,KASESE,ISANGO,,,no_article_found,
UBOS,parish,KABATUNDA WARD,KASESE,KABATUNDA-KIRABAHO TOWN COUNCI,,,no_article_found,
UBOS,parish,KABIMBA,KASESE,KITABU,,,no_article_found,
UBOS,parish,KABIRIZI,KASESE,KITABU,,,no_article_found,
UBOS,parish,KABIRIZI,KASESE,LAKE KATWE,,,no_article_found,
UBOS,parish,KABUGHABUGHA WARD,KASESE,KYARUMBA TOWN COUNCIL,,,no_article_found,
UBOS,parish,KABUYIRI WARD,KASESE,MPONDWE - LHUBIRIHA TOWN COUNCIL,,,no_article_found,
UBOS,parish,KABWE,KASESE,MBUNGA,,,no_article_found,
UBOS,parish,KACUNGIRO,KASESE,MUNKUNYU,,,no_article_found,
UBOS,parish,KAGANDO,KASESE,KISINGA,,,no_article_found,
UBOS,parish,KAGANDO WARD,KASESE,KISINGA TOWN COUNCIL,,,no_article_found,
UBOS,parish,KAGHEMA,KASESE,KYARUMBA,,,no_article_found,
UBOS,parish,KAGHORWE,KASESE,NYAKIYUMBU,,,no_article_found,
UBOS,parish,KAHENDERO WARD,KASESE,MUHOKYA TOWN COUNCIL,,,no_article_found,
UBOS,parish,KAHOKYA,KASESE,KAHOKYA,,,no_article_found,
UBOS,parish,KAJWENGE,KASESE,KISINGA,,,no_article_found,
UBOS,parish,KALHAMYA,KASESE,KAHOKYA,,,no_article_found,
UBOS,parish,KALIBO,KASESE,KILEMBE,,,no_article_found,
UBOS,parish,KAMAIBA WARD,KASESE,CENTRAL DIVISION,,,no_article_found,
UBOS,parish,KAMARULI,KASESE,NYAKATONZI,,,no_article_found,
UBOS,parish,KAMASASA,KASESE,KARAMBI,,,no_article_found,
UBOS,parish,KAMBUKAMABWE WARD,KASESE,MPONDWE - LHUBIRIHA TOWN COUNCIL,,,no_article_found,
UBOS,parish,KAMUKUMBI,KASESE,ISANGO,,,no_article_found,
UBOS,parish,KAMUSONGE,KASESE,KILEMBE,,,no_article_found,
UBOS,parish,KANAMBA,KASESE,KARUSANDARA,,,no_article_found,
UBOS,parish,KANYANGEYA WARD,KASESE,NYAMWAMBA DIVISION,,,no_article_found,
UBOS,parish,KANYATSI,KASESE,KITHOLU,,,no_article_found,
UBOS,parish,KANYATSI,KASESE,KYARUMBA,,,no_article_found,
UBOS,parish,KANYATSI,KASESE,KYONDO,,,no_article_found,
UBOS,parish,KANYATSI WARD,KASESE,KITHOMA-KANYATSI TOWN COUNCIL,,,no_article_found,
UBOS,parish,KARUNGIBATI WARD,KASESE,HIMA TOWN COUNCIL,,,no_article_found,
UBOS,parish,KASANGALI,KASESE,BWESUMBU,,,no_article_found,
UBOS,parish,KASOKERO,KASESE,KYONDO,,,no_article_found,
UBOS,parish,KASWA,KASESE,BWESUMBU,,,no_article_found,
UBOS,parish,KATHEMBO WARD,KASESE,KITHOMA-KANYATSI TOWN COUNCIL,,,no_article_found,
UBOS,parish,KATHOLU/KATOJO,KASESE,NYAKIYUMBU,,,no_article_found,
UBOS,parish,KATIRI WARD,KASESE,BULEMBIA DIVISION,,,no_article_found,
UBOS,parish,KAYEMBE,KASESE,ISANGO,,,no_article_found,
UBOS,parish,KENDAHI WARD,KASESE,HIMA TOWN COUNCIL,,,no_article_found,
UBOS,parish,KIBALYA,KASESE,NYAKABINGO,,,no_article_found,
UBOS,parish,KIBANDAMA,KASESE,KILEMBE,,,no_article_found,
UBOS,parish,KIBIRI,KASESE,MUHOKYA,,,no_article_found,
UBOS,parish,KIBIRIZI,KASESE,BUGOYE,,,no_article_found,
UBOS,parish,KIBUMBA WARD,KASESE,MALIBA TOWN COUNCIL,,,no_article_found,
UBOS,parish,KIGANDA WARD,KASESE,KATWE - KABATORO TOWN COUNCIL,,,no_article_found,
UBOS,parish,KIGORO I,KASESE,RUKOKI,,,no_article_found,
UBOS,parish,KIHARA WARD,KASESE,NYAMWAMBA DIVISION,,,no_article_found,
UBOS,parish,KIHOGO WARD,KASESE,RUGENDABARA-KIKONGO TOWN COUNCIL,,,no_article_found,
UBOS,parish,KIHOKO,KASESE,IHANDIRO,,,no_article_found,
UBOS,parish,KIHOKO WARD,KASESE,KITSWAMBA TOWN COUNCIL,,,no_article_found,
UBOS,parish,KIHUNGU,KASESE,KYARUMBA,,,no_article_found,
UBOS,parish,KIHYO,KASESE,KITSWAMBA,,,no_article_found,
UBOS,parish,KIKONGO WARD,KASESE,RUGENDABARA-KIKONGO TOWN COUNCIL,,,no_article_found,
UBOS,parish,KIKURA WARD,KASESE,MUBUKU TOWN COUNCIL,,,no_article_found,
UBOS,parish,KIKYO,KASESE,IHANDIRO,,,no_article_found,
UBOS,parish,KINYAMASEKE NORTH WARD,KASESE,KINYAMESEKE TOWN COUNCIL,,,no_article_found,
UBOS,parish,KINYAMASEKE SOUTH WARD,KASESE,KINYAMESEKE TOWN COUNCIL,,,no_article_found,
UBOS,parish,KINYAMINAGHA,KASESE,KITABU,,,no_article_found,
UBOS,parish,KINYATEKE,KASESE,KAHOKYA,,,no_article_found,
UBOS,parish,KINYWANKOKO WARD,KASESE,KISINGA TOWN COUNCIL,,,no_article_found,
UBOS,parish,KIRABAHO WARD,KASESE,KABATUNDA-KIRABAHO TOWN COUNCI,,,no_article_found,
UBOS,parish,KIRARO,KASESE,KITHOLU,,,no_article_found,
UBOS,parish,KIREMBE,KASESE,MUHOKYA,,,no_article_found,
UBOS,parish,KIREMBE WARD,KASESE,CENTRAL DIVISION,,,no_article_found,
UBOS,parish,KIRIMO,KASESE,KILEMBE,,,no_article_found,
UBOS,parish,KISAKA,KASESE,BWERA,,,no_article_found,
UBOS,parish,KISANGA,KASESE,MALIBA,,,no_article_found,
UBOS,parish,KISANGA WARD,KASESE,NYAMWAMBA DIVISION,,,no_article_found,
UBOS,parish,KISOLHOLHO,KASESE,KARAMBI,,,no_article_found,
UBOS,parish,KITABU,KASESE,KITABU,,,no_article_found,
UBOS,parish,KITHOBIRA,KASESE,KITHOLU,,,no_article_found,
UBOS,parish,KITHOLU,KASESE,KITHOLU,,,no_article_found,
UBOS,parish,KITHOMA,KASESE,BUHUHIRA,,,no_article_found,
UBOS,parish,KITHOMA WARD,KASESE,KITHOMA-KANYATSI TOWN COUNCIL,,,no_article_found,
UBOS,parish,KITHUTI,KASESE,KARAMBI,,,no_article_found,
UBOS,parish,KITSUTSU,KASESE,MUNKUNYU,,,no_article_found,
UBOS,parish,KYABIKERE,KASESE,KITHOLU,,,no_article_found,
UBOS,parish,KYABIKERE WARD,KASESE,KITHOMA-KANYATSI TOWN COUNCIL,,,no_article_found,
UBOS,parish,KYABWENGE,KASESE,MAHANGO,,,no_article_found,
UBOS,parish,KYAKITALE WARD,KASESE,KATWE - KABATORO TOWN COUNCIL,,,no_article_found,
UBOS,parish,KYALANGA,KASESE,KARUSANDARA,,,no_article_found,
UBOS,parish,KYAMBOGHO,KASESE,NYAKABINGO,,,no_article_found,
UBOS,parish,KYAMBOGHO WARD,KASESE,MPONDWE - LHUBIRIHA TOWN COUNCIL,,,no_article_found,
UBOS,parish,KYANGUMIRYA,KASESE,MBUNGA,,,no_article_found,
UBOS,parish,KYANGWALE WARD,KASESE,RUGENDABARA-KIKONGO TOWN COUNCIL,,,no_article_found,
UBOS,parish,KYANJUKI WARD,KASESE,BULEMBIA DIVISION,,,no_article_found,
UBOS,parish,KYANYA WARD,KASESE,IBANDA-KYANYA TOWN COUNCIL,,,no_article_found,
UBOS,parish,KYAPA,KASESE,NYAKABINGO,,,no_article_found,
UBOS,parish,KYARUKARA WARD,KASESE,KATWE - KABATORO TOWN COUNCIL,,,no_article_found,
UBOS,parish,KYEMPARA,KASESE,ISANGO,,,no_article_found,
UBOS,parish,KYOGHA,KASESE,BWERA,,,no_article_found,
UBOS,parish,LHUHIRI,KASESE,MAHANGO,,,no_article_found,
UBOS,parish,LYAKIREMA,KASESE,NYAKIYUMBU,,,no_article_found,
UBOS,parish,MABWE WARD,KASESE,KABATUNDA-KIRABAHO TOWN COUNCI,,,no_article_found,
UBOS,parish,MAIRUKUMI WARD,KASESE,KINYAMESEKE TOWN COUNCIL,,,no_article_found,
UBOS,parish,MBATA,KASESE,BWESUMBU,,,no_article_found,
UBOS,parish,MBUNGA,KASESE,MBUNGA,,,no_article_found,
UBOS,parish,MOWLEM WARD,KASESE,HIMA TOWN COUNCIL,,,no_article_found,
UBOS,parish,MPUMURO SQUARE WARD,KASESE,MALIBA TOWN COUNCIL,,,no_article_found,
UBOS,parish,MUGHETE,KASESE,KITABU,,,no_article_found,
UBOS,parish,MUHAMBO,KASESE,BUGOYE,,,no_article_found,
UBOS,parish,MUHINDI,KASESE,NYAKIYUMBU,,,no_article_found,
UBOS,parish,MUHUMUZA,KASESE,BUHUHIRA,,,no_article_found,
UBOS,parish,MUHUMUZA WARD,KASESE,KITSWAMBA TOWN COUNCIL,,,no_article_found,
UBOS,parish,MURAMBI,KASESE,KAHOKYA,,,no_article_found,
UBOS,parish,MURAMBI WARD,KASESE,KITSWAMBA TOWN COUNCIL,,,no_article_found,
UBOS,parish,MURUTI,KASESE,NYAKATONZI,,,no_article_found,
UBOS,parish,MUSOMORO WARD,KASESE,KINYAMESEKE TOWN COUNCIL,,,no_article_found,
UBOS,parish,NAMUHUGA WARD,KASESE,BULEMBIA DIVISION,,,no_article_found,
UBOS,parish,NSENYI,KASESE,KISINGA,,,no_article_found,
UBOS,parish,NSENYI WARD,KASESE,KISINGA TOWN COUNCIL,,,no_article_found,
UBOS,parish,NYABIRONGO,KASESE,KISINGA,,,no_article_found,
UBOS,parish,NYABIRONGO WARD,KASESE,KISINGA TOWN COUNCIL,,,no_article_found,
UBOS,parish,NYABISUSU,KASESE,MALIBA,,,no_article_found,
UBOS,parish,NYABUGANDO WARD,KASESE,MPONDWE - LHUBIRIHA TOWN COUNCIL,,,no_article_found,
UBOS,parish,NYAKABINGO III WARD,KASESE,BULEMBIA DIVISION,,,no_article_found,
UBOS,parish,NYAKAHYA WARD,KASESE,MPONDWE - LHUBIRIHA TOWN COUNCIL,,,no_article_found,
UBOS,parish,NYAKALENGIJYO WARD,KASESE,IBANDA-KYANYA TOWN COUNCIL,,,no_article_found,
UBOS,parish,NYAKASANGA I WARD,KASESE,NYAMWAMBA DIVISION,,,no_article_found,
UBOS,parish,NYAKASANGA II WARD,KASESE,NYAMWAMBA DIVISION,,,no_article_found,
UBOS,parish,NYAKASANGA III WARD,KASESE,NYAMWAMBA DIVISION,,,no_article_found,
UBOS,parish,NYAKAZINGA,KASESE,MBUNGA,,,no_article_found,
UBOS,parish,NYAKEYA WARD,KASESE,KYARUMBA TOWN COUNCIL,,,no_article_found,
UBOS,parish,NYAMAMBUKA WARD,KASESE,MPONDWE - LHUBIRIHA TOWN COUNCIL,,,no_article_found,
UBOS,parish,NYAMIRAMI,KASESE,MUHOKYA,,,no_article_found,
UBOS,parish,NYAMUGASANI,KASESE,NYAKATONZI,,,no_article_found,
UBOS,parish,NYAMUSULE,KASESE,MAHANGO,,,no_article_found,
UBOS,parish,NYANGORONGO,KASESE,MALIBA,,,no_article_found,
UBOS,parish,NYANSEKE WARD,KASESE,KITSWAMBA TOWN COUNCIL,,,no_article_found,
UBOS,parish,NYARUKUNGU CALVERT WARD,KASESE,MALIBA TOWN COUNCIL,,,no_article_found,
UBOS,parish,RAILWAY WARD,KASESE,CENTRAL DIVISION,,,no_article_found,
UBOS,parish,RUGENDABARA,KASESE,KITSWAMBA,,,no_article_found,
UBOS,parish,RUGENDABARA WARD,KASESE,RUGENDABARA-KIKONGO TOWN COUNCIL,,,no_article_found,
UBOS,parish,RUKOOKI WARD,KASESE,NYAMWAMBA DIVISION,,,no_article_found,
UBOS,parish,RUSESE WARD,KASESE,MPONDWE - LHUBIRIHA TOWN COUNCIL,,,no_article_found,
UBOS,parish,RWABIHUNGU,KASESE,KAHOKYA,,,no_article_found,
UBOS,parish,RWENGAJU WARD,KASESE,KINYAMESEKE TOWN COUNCIL,,,no_article_found,
UBOS,parish,RWENGUBA,KASESE,BWERA,,,no_article_found,
UBOS,parish,RWENGUHYO WARD,KASESE,KISINGA TOWN COUNCIL,,,no_article_found,
UBOS,parish,RWENJUBU WARD,KASESE,KATWE - KABATORO TOWN COUNCIL,,,no_article_found,
UBOS,parish,RWESANDE,KASESE,KYABARUNGIRA,,,no_article_found,
UBOS,parish,SCHEME WARD,KASESE,NYAMWAMBA DIVISION,,,no_article_found,
UBOS,parish,TOP HILL WARD,KASESE,KATWE - KABATORO TOWN COUNCIL,,,no_article_found,
UBOS,parish,TOWN CENTRE WARD,KASESE,CENTRAL DIVISION,,,no_article_found,
UBOS,parish,TOWN ZONE WARD,KASESE,HIMA TOWN COUNCIL,,,no_article_found,
UBOS,parish,BBIRA,KASSANDA,MAKOKOTO,,,no_article_found,
UBOS,parish,BINIKIRA,KASSANDA,KASSANDA,,,no_article_found,
UBOS,parish,BUCOOCO,KASSANDA,KIJJUNA,,,no_article_found,
UBOS,parish,BULINIMULA,KASSANDA,KITUMBI,,,no_article_found,
UBOS,parish,BULYAMBIDDE,KASSANDA,MAKOKOTO,,,no_article_found,
UBOS,parish,BUSENGEJJO WARD,KASSANDA,KASSANDA TOWN COUNCIL,,,no_article_found,
UBOS,parish,BUSEREGENYU,KASSANDA,MBIRIZI,,,no_article_found,
UBOS,parish,BWEYONGEDDE,KASSANDA,KALWANA,,,no_article_found,
UBOS,parish,CENTRAL WARD,KASSANDA,KASSANDA TOWN COUNCIL,,,no_article_found,
UBOS,parish,DDALAMBA,KASSANDA,KALWANA,,,no_article_found,
UBOS,parish,GAMBWA,KASSANDA,NALUTUNTU,,,no_article_found,
UBOS,parish,JJEMBA WARD,KASSANDA,KASSANDA TOWN COUNCIL,,,no_article_found,
UBOS,parish,KABOSI,KASSANDA,BUKUYA TOWN COUNCIL,,,no_article_found,
UBOS,parish,KABUYIMBA,KASSANDA,BUKUYA TOWN COUNCIL,,,no_article_found,
UBOS,parish,KALAATA WARD,KASSANDA,BUKUYA TOWN COUNCIL,,,no_article_found,
UBOS,parish,KAMPIRI,KASSANDA,MYANZI,,,no_article_found,
UBOS,parish,KAMULI NJAGALA,KASSANDA,KASSANDA,,,no_article_found,
UBOS,parish,KAMUSENENE,KASSANDA,KITUMBI,,,no_article_found,
UBOS,parish,KAMUSENENE,KASSANDA,KIGANDA,,,no_article_found,
UBOS,parish,KAMUSU WARD,KASSANDA,KIGANDA TOWN COUNCIL,,,no_article_found,
UBOS,parish,KASAAZI,KASSANDA,KALWANA,,,no_article_found,
UBOS,parish,KASAMBA,KASSANDA,BUKUYA,,,no_article_found,
UBOS,parish,KAWASA,KASSANDA,MAKOKOTO,,,no_article_found,
UBOS,parish,KAWAWA,KASSANDA,MANYOGASEKA,,,no_article_found,
UBOS,parish,KAWUNGERA WARD,KASSANDA,KIGANDA TOWN COUNCIL,,,no_article_found,
UBOS,parish,KIGALAMA,KASSANDA,KIGANDA,,,no_article_found,
UBOS,parish,KIGALAMA,KASSANDA,MYANZI,,,no_article_found,
UBOS,parish,KIGALAMA WARD,KASSANDA,KIGANDA TOWN COUNCIL,,,no_article_found,
UBOS,parish,KIGUDDE,KASSANDA,MBIRIZI,,,no_article_found,
UBOS,parish,KIJJUNA,KASSANDA,KIJJUNA,,,no_article_found,
UBOS,parish,KIRYAJOOBYO,KASSANDA,KIJJUNA,,,no_article_found,
UBOS,parish,KITEREDDE,KASSANDA,MANYOGASEKA,,,no_article_found,
UBOS,parish,KITONGO WARD,KASSANDA,KASSANDA TOWN COUNCIL,,,no_article_found,
UBOS,parish,KIZIBAWO,KASSANDA,BUKUYA,,,no_article_found,
UBOS,parish,KIZIIKA,KASSANDA,KITUMBI,,,no_article_found,
UBOS,parish,KYABAKADE,KASSANDA,MAKOKOTO,,,no_article_found,
UBOS,parish,KYABALANZI,KASSANDA,KALWANA,,,no_article_found,
UBOS,parish,KYABAYIMA,KASSANDA,MANYOGASEKA,,,no_article_found,
UBOS,parish,KYAKATEBE,KASSANDA,NALUTUNTU,,,no_article_found,
UBOS,parish,KYAKAYANJA WARD,KASSANDA,KIGANDA TOWN COUNCIL,,,no_article_found,
UBOS,parish,KYAMULINGA,KASSANDA,KIJJUNA,,,no_article_found,
UBOS,parish,KYAMUSOTA WARD,KASSANDA,KIGANDA TOWN COUNCIL,,,no_article_found,
UBOS,parish,KYANAMUGERA,KASSANDA,NALUTUNTU,,,no_article_found,
UBOS,parish,KYATO,KASSANDA,MBIRIZI,,,no_article_found,
UBOS,parish,KYAYI,KASSANDA,MANYOGASEKA,,,no_article_found,
UBOS,parish,KYEDIKYO WARD,KASSANDA,KASSANDA TOWN COUNCIL,,,no_article_found,
UBOS,parish,KYOGA,KASSANDA,KAMULI,,,no_article_found,
UBOS,parish,KYOJJOMANYI,KASSANDA,KIGANDA,,,no_article_found,
UBOS,parish,LUGINGI,KASSANDA,KIJJUNA,,,no_article_found,
UBOS,parish,LUTUNKU,KASSANDA,MANYOGASEKA,,,no_article_found,
UBOS,parish,LWABAZA,KASSANDA,KALWANA,,,no_article_found,
UBOS,parish,LWANTALE,KASSANDA,KASSANDA,,,no_article_found,
UBOS,parish,MAGGWA,KASSANDA,KASSANDA,,,no_article_found,
UBOS,parish,MAKOKOTO,KASSANDA,MAKOKOTO,,,no_article_found,
UBOS,parish,MAKONZI WARD,KASSANDA,KASSANDA TOWN COUNCIL,,,no_article_found,
UBOS,parish,MIREMBE-KAWEESA WARD,KASSANDA,KASSANDA TOWN COUNCIL,,,no_article_found,
UBOS,parish,MUNDADDE,KASSANDA,KITUMBI,,,no_article_found,
UBOS,parish,MYALIRO,KASSANDA,MANYOGASEKA,,,no_article_found,
UBOS,parish,NABUGONDO,KASSANDA,KASSANDA,,,no_article_found,
UBOS,parish,NAKABIMBA WARD,KASSANDA,KIGANDA TOWN COUNCIL,,,no_article_found,
UBOS,parish,NAKATEETE,KASSANDA,KALWANA,,,no_article_found,
UBOS,parish,NAKIDUDUMA WARD,KASSANDA,KIGANDA TOWN COUNCIL,,,no_article_found,
UBOS,parish,NAMABAALE,KASSANDA,KASSANDA,,,no_article_found,
UBOS,parish,NAMAKONKOME,KASSANDA,MAKOKOTO,,,no_article_found,
UBOS,parish,NAMIRINGA WARD,KASSANDA,KASSANDA TOWN COUNCIL,,,no_article_found,
UBOS,parish,NAMIRYANGO,KASSANDA,BUKUYA,,,no_article_found,
UBOS,parish,NCHWAMAZZI,KASSANDA,BUKUYA TOWN COUNCIL,,,no_article_found,
UBOS,parish,NSOZINGA,KASSANDA,KIGANDA,,,no_article_found,
UBOS,parish,NSOZINGA WARD,KASSANDA,KIGANDA TOWN COUNCIL,,,no_article_found,
UBOS,parish,AAKUM,KATAKWI,GUYAGUYA,,,no_article_found,
UBOS,parish,ABELA,KATAKWI,GETOM,,,no_article_found,
UBOS,parish,ABOIBOI,KATAKWI,GETOM,,,no_article_found,
UBOS,parish,ABULE,KATAKWI,AMUSIA,,,no_article_found,
UBOS,parish,ABWANGET,KATAKWI,GETOM,,,no_article_found,
UBOS,parish,ABWOKODIA,KATAKWI,USUK,,,no_article_found,
UBOS,parish,ABYELUT,KATAKWI,USUK,,,no_article_found,
UBOS,parish,ACANGA,KATAKWI,NGARIAM,,,no_article_found,
UBOS,parish,ACANGA,KATAKWI,PALAM,,,no_article_found,
UBOS,parish,ACUNA,KATAKWI,ANGODINGOD,,,no_article_found,
UBOS,parish,ADACAR,KATAKWI,GUYAGUYA,,,no_article_found,
UBOS,parish,ADIPALA,KATAKWI,NGARIAM,,,no_article_found,
UBOS,parish,ADUGULU,KATAKWI,OKORE,,,no_article_found,
UBOS,parish,ADUNGULU,KATAKWI,OMODOI,,,no_article_found,
UBOS,parish,AELENYANG,KATAKWI,PALAM,,,no_article_found,
UBOS,parish,AJESAI,KATAKWI,GETOM,,,no_article_found,
UBOS,parish,AKETA,KATAKWI,ONGONGOJA,,,no_article_found,
UBOS,parish,AKETA TOWN BOARD,KATAKWI,ONGONGOJA,,,no_article_found,
UBOS,parish,AKOBOI,KATAKWI,AKOBOI,,,no_article_found,
UBOS,parish,AKOBOI,KATAKWI,KAPUJAN,,,no_article_found,
UBOS,parish,AKOBOI,KATAKWI,OMODOI,,,no_article_found,
UBOS,parish,AKOMOTUKOI,KATAKWI,ONGONGOJA,,,no_article_found,
UBOS,parish,AKURAO,KATAKWI,TOROMA,,,no_article_found,
UBOS,parish,ALELES,KATAKWI,AKOBOI,,,no_article_found,
UBOS,parish,ALELES,KATAKWI,TOROMA,,,no_article_found,
UBOS,parish,ALENGO,KATAKWI,PALAM,,,no_article_found,
UBOS,parish,ALIAKAMER,KATAKWI,KATAKWI,,,no_article_found,
UBOS,parish,ALOGOOK,KATAKWI,KATAKWI,,,no_article_found,
UBOS,parish,ALUKUCOK,KATAKWI,AKOBOI,,,no_article_found,
UBOS,parish,AMORU,KATAKWI,NGARIAM,,,no_article_found,
UBOS,parish,AMUSIA,KATAKWI,AMUSIA,,,no_article_found,
UBOS,parish,ANGEREPO,KATAKWI,OKULONYO,,,no_article_found,
UBOS,parish,ANGIRINYI,KATAKWI,TOROMA,,,no_article_found,
UBOS,parish,ANGISA,KATAKWI,MAGORO,,,no_article_found,
UBOS,parish,ANGODINGOD,KATAKWI,ANGODINGOD,,,no_article_found,
UBOS,parish,ANGOROM,KATAKWI,GETOM,,,no_article_found,
UBOS,parish,APAPAI TOWN BOARD,KATAKWI,KAPUJAN,,,no_article_found,
UBOS,parish,APARISA,KATAKWI,KATAKWI,,,no_article_found,
UBOS,parish,APARISA,KATAKWI,OMODOI,,,no_article_found,
UBOS,parish,APELEUN,KATAKWI,NGARIAM,,,no_article_found,
UBOS,parish,APELEUN,KATAKWI,MAGORO,,,no_article_found,
UBOS,parish,APOLIN,KATAKWI,KATAKWI,,,no_article_found,
UBOS,parish,APUUTON,KATAKWI,TOROMA,,,no_article_found,
UBOS,parish,ARIET,KATAKWI,KAPUJAN,,,no_article_found,
UBOS,parish,ATERAI,KATAKWI,PALAM,,,no_article_found,
UBOS,parish,ATETE,KATAKWI,ANGODINGOD,,,no_article_found,
UBOS,parish,ATOROM OBONGUT WARD,KATAKWI,TOROMA TOWN COUNCIL,,,no_article_found,
UBOS,parish,BISINA,KATAKWI,NGARIAM,,,no_article_found,
UBOS,parish,CENTRAL WARD,KATAKWI,USUK TOWN COUNCIL,,,no_article_found,
UBOS,parish,CHELEUKO,KATAKWI,USUK,,,no_article_found,
UBOS,parish,DADAS,KATAKWI,AKOBOI,,,no_article_found,
UBOS,parish,GETOM,KATAKWI,GETOM,,,no_article_found,
UBOS,parish,GUYAGUYA,KATAKWI,GUYAGUYA,,,no_article_found,
UBOS,parish,KAIKAMOSING,KATAKWI,NGARIAM,,,no_article_found,
UBOS,parish,KAMENU,KATAKWI,MAGORO,,,no_article_found,
UBOS,parish,KANAPA,KATAKWI,MAGORO,,,no_article_found,
UBOS,parish,KEELIM,KATAKWI,OKORE,,,no_article_found,
UBOS,parish,KIPINYANG,KATAKWI,MAGORO,,,no_article_found,
UBOS,parish,KOKORIO,KATAKWI,KAPUJAN,,,no_article_found,
UBOS,parish,LALEI,KATAKWI,AKOBOI,,,no_article_found,
UBOS,parish,MILMIL,KATAKWI,ONGONGOJA,,,no_article_found,
UBOS,parish,NGARIAM TOWN BOARD,KATAKWI,PALAM,,,no_article_found,
UBOS,parish,OBURATUM,KATAKWI,ONGONGOJA,,,no_article_found,
UBOS,parish,OBWANGOR WARD,KATAKWI,MAGORO TOWN COUNCIL,,,no_article_found,
UBOS,parish,OBWOBWO,KATAKWI,ONGONGOJA,,,no_article_found,
UBOS,parish,OCORIMONGIN TOWN BOARD,KATAKWI,KATAKWI,,,no_article_found,
UBOS,parish,ODOOT,KATAKWI,PALAM,,,no_article_found,
UBOS,parish,ODOOT TOWN BOARD,KATAKWI,PALAM,,,no_article_found,
UBOS,parish,OKOCHO,KATAKWI,OKULONYO,,,no_article_found,
UBOS,parish,OKOKOMA,KATAKWI,AKOBOI,,,no_article_found,
UBOS,parish,OKORE,KATAKWI,OKORE,,,no_article_found,
UBOS,parish,OKORITOK,KATAKWI,USUK,,,no_article_found,
UBOS,parish,OKUDA,KATAKWI,ONGONGOJA,,,no_article_found,
UBOS,parish,OKULIAK,KATAKWI,OKULONYO,,,no_article_found,
UBOS,parish,OKULONYO,KATAKWI,OKULONYO,,,no_article_found,
UBOS,parish,OKUSO,KATAKWI,NGARIAM,,,no_article_found,
UBOS,parish,OKWAMOMWAR,KATAKWI,PALAM,,,no_article_found,
UBOS,parish,OLELA,KATAKWI,KATAKWI,,,no_article_found,
UBOS,parish,OLILIM TOWN BOARD,KATAKWI,PALAM,,,no_article_found,
UBOS,parish,OLUPE,KATAKWI,GETOM,,,no_article_found,
UBOS,parish,OLUPE,KATAKWI,NGARIAM,,,no_article_found,
UBOS,parish,OLUPE TOWN BOARD,KATAKWI,NGARIAM,,,no_article_found,
UBOS,parish,OMASIA,KATAKWI,MAGORO,,,no_article_found,
UBOS,parish,OMINYA,KATAKWI,TOROMA,,,no_article_found,
UBOS,parish,OMUKUNY,KATAKWI,OKULONYO,,,no_article_found,
UBOS,parish,ONGATUNYO,KATAKWI,ONGONGOJA,,,no_article_found,
UBOS,parish,ONGEMA,KATAKWI,USUK,,,no_article_found,
UBOS,parish,OPETA,KATAKWI,MAGORO,,,no_article_found,
UBOS,parish,OPIANANYA,KATAKWI,OKORE,,,no_article_found,
UBOS,parish,ORIAU,KATAKWI,MAGORO,,,no_article_found,
UBOS,parish,ORIMAI,KATAKWI,KAPUJAN,,,no_article_found,
UBOS,parish,ORUNGO TOWN BOARD,KATAKWI,GUYAGUYA,,,no_article_found,
UBOS,parish,OSOBUT,KATAKWI,NGARIAM,,,no_article_found,
UBOS,parish,OSUDAN,KATAKWI,KATAKWI,,,no_article_found,
UBOS,parish,OSUDIO,KATAKWI,MAGORO,,,no_article_found,
UBOS,parish,OSUGURO,KATAKWI,KAPUJAN,,,no_article_found,
UBOS,parish,OUNYAI,KATAKWI,PALAM,,,no_article_found,
UBOS,parish,PAKWI,KATAKWI,OKORE,,,no_article_found,
UBOS,parish,PALAM,KATAKWI,PALAM,,,no_article_found,
UBOS,parish,RWATAMA,KATAKWI,OKORE,,,no_article_found,
UBOS,parish,TOIBONG,KATAKWI,GUYAGUYA,,,no_article_found,
UBOS,parish,BALISANGA,KAYUNGA,KAYONZA,,,no_article_found,
UBOS,parish,BUBAJJWE,KAYUNGA,KAYUNGA,,,no_article_found,
UBOS,parish,BUKAMBA,KAYUNGA,NAZIGO,,,no_article_found,
UBOS,parish,BUKOLOTO,KAYUNGA,KAYUNGA,,,no_article_found,
UBOS,parish,BUKOLOTO WARD,KAYUNGA,KAYUNGA TOWN COUNCIL,,,no_article_found,
UBOS,parish,BUKUJJU,KAYUNGA,KAYUNGA,,,no_article_found,
UBOS,parish,BUSAALE,KAYUNGA,KAYUNGA,,,no_article_found,
UBOS,parish,BUYOBE,KAYUNGA,KAYUNGA,,,no_article_found,
UBOS,parish,GWERO-NAMAYUGE,KAYUNGA,GALIRAYA,,,no_article_found,
UBOS,parish,KAFUMBA,KAYUNGA,KAYONZA,,,no_article_found,
UBOS,parish,KAMUSABI,KAYUNGA,KAYONZA,,,no_article_found,
UBOS,parish,KANYWERO,KAYUNGA,KAYONZA,,,no_article_found,
UBOS,parish,KASANA,KAYUNGA,BUSAANA,,,no_article_found,
UBOS,parish,KASANA WARD,KAYUNGA,BUSAANA TOWN COUNCIL,,,no_article_found,
UBOS,parish,KASOKWE,KAYUNGA,GALIRAYA,,,no_article_found,
UBOS,parish,KATIKANYONYI,KAYUNGA,NAZIGO,,,no_article_found,
UBOS,parish,KAWOOMYA,KAYUNGA,KANGULUMIRA,,,no_article_found,
UBOS,parish,KIGAYAZA WARD,KAYUNGA,KANGULUMIRA TOWN COUNCIL,,,no_article_found,
UBOS,parish,KIKWANYA,KAYUNGA,KANGULUMIRA,,,no_article_found,
UBOS,parish,KIMANYA,KAYUNGA,NAZIGO,,,no_article_found,
UBOS,parish,KIMANYA WARD,KAYUNGA,NAZIGO TOWN COUNCIL,,,no_article_found,
UBOS,parish,KIRASA,KAYUNGA,GALIRAYA,,,no_article_found,
UBOS,parish,KIRINDI,KAYUNGA,NAZIGO,,,no_article_found,
UBOS,parish,KITATYA,KAYUNGA,KITIMBWA,,,no_article_found,
UBOS,parish,KITEREDDE,KAYUNGA,KAYUNGA,,,no_article_found,
UBOS,parish,KIWANGULA,KAYUNGA,BUSAANA,,,no_article_found,
UBOS,parish,KOKOTERO,KAYUNGA,BBAALE,,,no_article_found,
UBOS,parish,KYERIMA,KAYUNGA,KITIMBWA,,,no_article_found,
UBOS,parish,KYERIMA WARD,KAYUNGA,KITIMBWA TOWN COUNCIL,,,no_article_found,
UBOS,parish,LUSENKE,KAYUNGA,BUSAANA,,,no_article_found,
UBOS,parish,LUSENKE WARD,KAYUNGA,BUSAANA TOWN COUNCIL,,,no_article_found,
UBOS,parish,MISANGA,KAYUNGA,BBAALE,,,no_article_found,
UBOS,parish,MUGONGO,KAYUNGA,BBAALE,,,no_article_found,
UBOS,parish,NABUGANYI,KAYUNGA,BUSAANA,,,no_article_found,
UBOS,parish,NAKASEETA,KAYUNGA,KAYUNGA,,,no_article_found,
UBOS,parish,NAKATUNDU WARD,KAYUNGA,KANGULUMIRA TOWN COUNCIL,,,no_article_found,
UBOS,parish,NAKITOKOLO,KAYUNGA,BBAALE,,,no_article_found,
UBOS,parish,NAKIVUBO,KAYUNGA,KITIMBWA,,,no_article_found,
UBOS,parish,NAKYESSA,KAYUNGA,KAYONZA,,,no_article_found,
UBOS,parish,NAMAGABI WARD,KAYUNGA,KAYUNGA TOWN COUNCIL,,,no_article_found,
UBOS,parish,NAMALERE,KAYUNGA,GALIRAYA,,,no_article_found,
UBOS,parish,NAMALIRI,KAYUNGA,KAYONZA,,,no_article_found,
UBOS,parish,NAMIZO,KAYUNGA,KAYONZA,,,no_article_found,
UBOS,parish,NAMPANYI,KAYUNGA,BUSAANA,,,no_article_found,
UBOS,parish,NAMUKUMA,KAYUNGA,BUSAANA,,,no_article_found,
UBOS,parish,NAMUKUMA WARD,KAYUNGA,BUSAANA TOWN COUNCIL,,,no_article_found,
UBOS,parish,NAMULABA,KAYUNGA,KITIMBWA,,,no_article_found,
UBOS,parish,NAMUSAALA,KAYUNGA,BUSAANA,,,no_article_found,
UBOS,parish,NATTETA,KAYUNGA,NAZIGO,,,no_article_found,
UBOS,parish,NATTETA WARD,KAYUNGA,NAZIGO TOWN COUNCIL,,,no_article_found,
UBOS,parish,NSIIMA,KAYUNGA,NAZIGO,,,no_article_found,
UBOS,parish,NSOTOKA,KAYUNGA,KAYUNGA,,,no_article_found,
UBOS,parish,NTIMBA,KAYUNGA,GALIRAYA,,,no_article_found,
UBOS,parish,SEETA-NYIIZE,KAYUNGA,KANGULUMIRA,,,no_article_found,
UBOS,parish,WABUYINJA WARD,KAYUNGA,KITIMBWA TOWN COUNCIL,,,no_article_found,
UBOS,parish,WABWOKO,KAYUNGA,KITIMBWA,,,no_article_found,
UBOS,parish,WABWOKO WARD,KAYUNGA,KITIMBWA TOWN COUNCIL,,,no_article_found,
UBOS,parish,WEST/KIBIRA WARD,KAYUNGA,KAYUNGA TOWN COUNCIL,,,no_article_found,
UBOS,parish,AKATONGORE,KAZO,MIGINA,,,no_article_found,
UBOS,parish,AKENGYEYA,KAZO,KYAMPANGARA,,,no_article_found,
UBOS,parish,BIGUTSYO WARD,KAZO,BUREMBA TOWN COUNCIL,,,no_article_found,
UBOS,parish,BISHOZI,KAZO,ENGARI,,,no_article_found,
UBOS,parish,BUGARIHE,KAZO,RWEMIKOMA,,,no_article_found,
UBOS,parish,BWAGONGA,KAZO,KANONI,,,no_article_found,
UBOS,parish,BYESHEMBE WARD,KAZO,KAZO TOWN COUNCIL,,,no_article_found,
UBOS,parish,GABARUNGI WARD,KAZO,KAZO TOWN COUNCIL,,,no_article_found,
UBOS,parish,KAGARAMIRA,KAZO,NKUNGU,,,no_article_found,
UBOS,parish,KAGIRA,KAZO,NKUNGU,,,no_article_found,
UBOS,parish,KAJUZYA,KAZO,NKUNGU,,,no_article_found,
UBOS,parish,KAKONI WARD,KAZO,BUREMBA TOWN COUNCIL,,,no_article_found,
UBOS,parish,KANTAGANYA,KAZO,ENGARI,,,no_article_found,
UBOS,parish,KATARAZA,KAZO,NKUNGU,,,no_article_found,
UBOS,parish,KAYANGA,KAZO,KAZO,,,no_article_found,
UBOS,parish,KEICHUMU,KAZO,ENGARI,,,no_article_found,
UBOS,parish,KIGUMA,KAZO,BURUNGA,,,no_article_found,
UBOS,parish,KIJOOHA WARD,KAZO,BUREMBA TOWN COUNCIL,,,no_article_found,
UBOS,parish,KIJUMA,KAZO,RWEMIKOMA,,,no_article_found,
UBOS,parish,KIKONI,KAZO,MIGINA,,,no_article_found,
UBOS,parish,KITONGORE,KAZO,KANONI,,,no_article_found,
UBOS,parish,KYABAHURA WARD,KAZO,BUREMBA TOWN COUNCIL,,,no_article_found,
UBOS,parish,KYAMPANGARA,KAZO,KYAMPANGARA,,,no_article_found,
UBOS,parish,KYENGANDO,KAZO,ENGARI,,,no_article_found,
UBOS,parish,MAGONDO,KAZO,BURUNGA,,,no_article_found,
UBOS,parish,MBABA,KAZO,KAZO,,,no_article_found,
UBOS,parish,MBOGO,KAZO,KANONI,,,no_article_found,
UBOS,parish,MIGINA,KAZO,MIGINA,,,no_article_found,
UBOS,parish,MUSHABWA,KAZO,KYAMPANGARA,,,no_article_found,
UBOS,parish,NGOMBA WARD,KAZO,BUREMBA TOWN COUNCIL,,,no_article_found,
UBOS,parish,NSHESHE,KAZO,ENGARI,,,no_article_found,
UBOS,parish,NSHUNGA,KAZO,NKUNGU,,,no_article_found,
UBOS,parish,NTAMBAZI,KAZO,KAZO,,,no_article_found,
UBOS,parish,NYARUBANGA,KAZO,KANONI,,,no_article_found,
UBOS,parish,NYUNGU,KAZO,KYAMPANGARA,,,no_article_found,
UBOS,parish,OBWENGARA WARD,KAZO,KAZO TOWN COUNCIL,,,no_article_found,
UBOS,parish,RWAKAHAYA,KAZO,KANONI,,,no_article_found,
UBOS,parish,RWAMURANGA,KAZO,KAZO,,,no_article_found,
UBOS,parish,RWEMENGO,KAZO,KANONI,,,no_article_found,
UBOS,parish,RWEMIRONDO WARD,KAZO,KAZO TOWN COUNCIL,,,no_article_found,
UBOS,parish,RWEMPIRI WARD,KAZO,KAZO TOWN COUNCIL,,,no_article_found,
UBOS,parish,RWIGI,KAZO,BURUNGA,,,no_article_found,
UBOS,parish,BUCUHYA,KIBAALE,KARAMA,,,no_article_found,
UBOS,parish,BUJOGORO,KIBAALE,NYAMARUNDA,,,no_article_found,
UBOS,parish,BUKONDA,KIBAALE,KABASEKENDE,,,no_article_found,
UBOS,parish,IGOZA,KIBAALE,NYAMARWA,,,no_article_found,
UBOS,parish,IMARA,KIBAALE,MUGARAMA,,,no_article_found,
UBOS,parish,KABALEGA WARD,KIBAALE,KIBAALE TOWN COUNCIL,,,no_article_found,
UBOS,parish,KABASEKENDE,KIBAALE,KABASEKENDE,,,no_article_found,
UBOS,parish,KACU,KIBAALE,KYAKAZIHIRE,,,no_article_found,
UBOS,parish,KAHYORO,KIBAALE,BWAMIRAMIRA,,,no_article_found,
UBOS,parish,KAISEKENKERE,KIBAALE,MATALE,,,no_article_found,
UBOS,parish,KAMONDO,KIBAALE,NYAMARWA,,,no_article_found,
UBOS,parish,KAMURASI WARD,KIBAALE,KIBAALE TOWN COUNCIL,,,no_article_found,
UBOS,parish,KARANGARA,KIBAALE,MATALE,,,no_article_found,
UBOS,parish,KEZIMBIRA,KIBAALE,MUGARAMA,,,no_article_found,
UBOS,parish,KIBAALI,KIBAALE,BWAMIRAMIRA,,,no_article_found,
UBOS,parish,KIBEEDI WARD,KIBAALE,NYAMARUNDA TOWN COUNCIL,,,no_article_found,
UBOS,parish,KIBOGO,KIBAALE,NYAMARUNDA,,,no_article_found,
UBOS,parish,KICUNDA,KIBAALE,KASIMBI,,,no_article_found,
UBOS,parish,KIGUJJU,KIBAALE,BUBANGO,,,no_article_found,
UBOS,parish,KIHEBEBA,KIBAALE,KASIMBI,,,no_article_found,
UBOS,parish,KIKAADA,KIBAALE,BWAMIRAMIRA,,,no_article_found,
UBOS,parish,KIRASA,KIBAALE,KYEBANDO,,,no_article_found,
UBOS,parish,KIRIBANGA,KIBAALE,BWAMIRAMIRA,,,no_article_found,
UBOS,parish,KISALIZI,KIBAALE,KYEBANDO,,,no_article_found,
UBOS,parish,KISINDIZI,KIBAALE,KARAMA,,,no_article_found,
UBOS,parish,KITABA,KIBAALE,MATALE,,,no_article_found,
UBOS,parish,KITENGETO,KIBAALE,MATALE,,,no_article_found,
UBOS,parish,KITONEZI WARD,KIBAALE,NYAMARUNDA TOWN COUNCIL,,,no_article_found,
UBOS,parish,KITUTU,KIBAALE,KARAMA,,,no_article_found,
UBOS,parish,KITUUMA,KIBAALE,MUGARAMA,,,no_article_found,
UBOS,parish,KYAKATWANGA,KIBAALE,NYAMARWA,,,no_article_found,
UBOS,parish,KYAKAZIHIRE,KIBAALE,KYAKAZIHIRE,,,no_article_found,
UBOS,parish,KYANYI,KIBAALE,NYAMARUNDA,,,no_article_found,
UBOS,parish,MAASAZA WARD,KIBAALE,KIBAALE TOWN COUNCIL,,,no_article_found,
UBOS,parish,MAISUKA,KIBAALE,KYAKAZIHIRE,,,no_article_found,
UBOS,parish,MANYINYA,KIBAALE,KASIMBI,,,no_article_found,
UBOS,parish,MUTAGATA,KIBAALE,KYEBANDO,,,no_article_found,
UBOS,parish,NYAMUGURA,KIBAALE,KABASEKENDE,,,no_article_found,
UBOS,parish,RUGUUZA WARD,KIBAALE,KIBAALE TOWN COUNCIL,,,no_article_found,
UBOS,parish,RUSENKE,KIBAALE,KYEBANDO,,,no_article_found,
UBOS,parish,RWAMAGANDO,KIBAALE,KABASEKENDE,,,no_article_found,
UBOS,parish,RWAMAGANDO,KIBAALE,KYAKAZIHIRE,,,no_article_found,
UBOS,parish,RWEGA,KIBAALE,BUBANGO,,,no_article_found,
UBOS,parish,WANTEMA,KIBAALE,KAYANJA,,,no_article_found,
UBOS,parish,BAMUSUUTA WARD,KIBOGA,KIBOGA TOWN COUNCIL,,,no_article_found,
UBOS,parish,BIKKO,KIBOGA,NAKASOZI,,,no_article_found,
UBOS,parish,BULYANKUYEGE,KIBOGA,KYOMYA,,,no_article_found,
UBOS,parish,BUNINGA,KIBOGA,KYEKUMBYA,,,no_article_found,
UBOS,parish,BUZIBWEERA WARD,KIBOGA,KIBOGA TOWN COUNCIL,,,no_article_found,
UBOS,parish,DEGEYA,KIBOGA,NKANDWA,,,no_article_found,
UBOS,parish,GOGONYA,KIBOGA,KIBIGA,,,no_article_found,
UBOS,parish,KAAKIBWA,KIBOGA,NAKASOZI,,,no_article_found,
UBOS,parish,KABUYE,KIBOGA,KAYERA,,,no_article_found,
UBOS,parish,KAGOBE,KIBOGA,KAPEKE,,,no_article_found,
UBOS,parish,KAGOGO,KIBOGA,KYOMYA,,,no_article_found,
UBOS,parish,KAJJERE,KIBOGA,KIBIGA,,,no_article_found,
UBOS,parish,KAKINZI,KIBOGA,DDWANIRO,,,no_article_found,
UBOS,parish,KAKUNYU WARD,KIBOGA,BUKOMERO TOWN COUNCIL,,,no_article_found,
UBOS,parish,KALOKOLA,KIBOGA,DDWANIRO,,,no_article_found,
UBOS,parish,KASEGA,KIBOGA,KAPEKE,,,no_article_found,
UBOS,parish,KASEJJERE,KIBOGA,LWAMATA,,,no_article_found,
UBOS,parish,KATALAMA,KIBOGA,DDWANIRO,,,no_article_found,
UBOS,parish,KATANZIGE WARD,KIBOGA,LWAMATA TOWN COUNCIL,,,no_article_found,
UBOS,parish,KATEERA WARD,KIBOGA,BUKOMERO TOWN COUNCIL,,,no_article_found,
UBOS,parish,KAWAWA WARD,KIBOGA,LWAMATA TOWN COUNCIL,,,no_article_found,
UBOS,parish,KIJJOJOLO WARD,KIBOGA,BUKOMERO TOWN COUNCIL,,,no_article_found,
UBOS,parish,KIKOOBA,KIBOGA,BUKOMERO,,,no_article_found,
UBOS,parish,KINDEKE,KIBOGA,KAYERA,,,no_article_found,
UBOS,parish,KIRULUMBA WARD,KIBOGA,KIBOGA TOWN COUNCIL,,,no_article_found,
UBOS,parish,KIRYANKOZI,KIBOGA,NKANDWA,,,no_article_found,
UBOS,parish,KISAGAZI,KIBOGA,LWAMATA,,,no_article_found,
UBOS,parish,KISWEKA,KIBOGA,KYEKUMBYA,,,no_article_found,
UBOS,parish,KITAGENDA WARD,KIBOGA,LWAMATA TOWN COUNCIL,,,no_article_found,
UBOS,parish,KIZINGA,KIBOGA,KIBIGA,,,no_article_found,
UBOS,parish,KYAMUKWEYA,KIBOGA,KAYERA,,,no_article_found,
UBOS,parish,KYANAMUYONJO,KIBOGA,KYOMYA,,,no_article_found,
UBOS,parish,KYAYIMBA,KIBOGA,KAPEKE,,,no_article_found,
UBOS,parish,KYEKUMBYA,KIBOGA,KYEKUMBYA,,,no_article_found,
UBOS,parish,KYOOMYA,KIBOGA,KYOMYA,,,no_article_found,
UBOS,parish,LUSWA,KIBOGA,MUWANGA,,,no_article_found,
UBOS,parish,LWANKONGE,KIBOGA,DDWANIRO,,,no_article_found,
UBOS,parish,MATAAGI WARD,KIBOGA,BUKOMERO TOWN COUNCIL,,,no_article_found,
UBOS,parish,MATAGI,KIBOGA,BUKOMERO,,,no_article_found,
UBOS,parish,MWEZI,KIBOGA,BUKOMERO,,,no_article_found,
UBOS,parish,NABWENDO,KIBOGA,MUWANGA,,,no_article_found,
UBOS,parish,NAKASENGERE,KIBOGA,NAKASOZI,,,no_article_found,
UBOS,parish,NAKASOZI,KIBOGA,NAKASOZI,,,no_article_found,
UBOS,parish,NAKIGGA,KIBOGA,NAKASOZI,,,no_article_found,
UBOS,parish,NKANDWA,KIBOGA,NKANDWA,,,no_article_found,
UBOS,parish,NSALA,KIBOGA,LWAMATA,,,no_article_found,
UBOS,parish,NYAMIRINGA,KIBOGA,KAPEKE,,,no_article_found,
UBOS,parish,SOGOLERO,KIBOGA,BUKOMERO,,,no_article_found,
UBOS,parish,SSINDE,KIBOGA,KYEKUMBYA,,,no_article_found,
UBOS,parish,WABINYIRA,KIBOGA,MUWANGA,,,no_article_found,
UBOS,parish,BUBERA WARD,KIBUKU,KIBUKU TOWN COUNCIL,,,no_article_found,
UBOS,parish,BUBULANGA,KIBUKU,KITUTI,,,no_article_found,
UBOS,parish,BUCHERA,KIBUKU,KASASIRA,,,no_article_found,
UBOS,parish,BUGWERE WARD,KIBUKU,TIRINYI TOWN COUNCIL,,,no_article_found,
UBOS,parish,BUKAMUGEWO,KIBUKU,BUSETA,,,no_article_found,
UBOS,parish,BUKATIKOKO,KIBUKU,KITUTI,,,no_article_found,
UBOS,parish,BUKATIKOKO WARD,KIBUKU,TIRINYI TOWN COUNCIL,,,no_article_found,
UBOS,parish,BUKENYE,KIBUKU,NANKODO,,,no_article_found,
UBOS,parish,BULABYA,KIBUKU,NANDERE,,,no_article_found,
UBOS,parish,BULUBA,KIBUKU,NANDERE,,,no_article_found,
UBOS,parish,BULYAWITA,KIBUKU,KENKEBU,,,no_article_found,
UBOS,parish,BUMBANTE,KIBUKU,KAKUTU,,,no_article_found,
UBOS,parish,BUMINZA,KIBUKU,KIBUKU,,,no_article_found,
UBOS,parish,BUNGHOLE,KIBUKU,BUSETA,,,no_article_found,
UBOS,parish,BUSIGINYI,KIBUKU,KENKEBU,,,no_article_found,
UBOS,parish,BWIKOMBA,KIBUKU,NANKODO,,,no_article_found,
UBOS,parish,DODOI,KIBUKU,KADAMA,,,no_article_found,
UBOS,parish,GOLIGOLI,KIBUKU,GOLI GOLI,,,no_article_found,
UBOS,parish,KABUSULE,KIBUKU,NABISWA,,,no_article_found,
UBOS,parish,KADOTO WARD,KIBUKU,BULANGIRA TOWN COUNCIL,,,no_article_found,
UBOS,parish,KAGOLI,KIBUKU,KENKEBU,,,no_article_found,
UBOS,parish,KAJOKO,KIBUKU,NABISWA,,,no_article_found,
UBOS,parish,KAKUBEKE,KIBUKU,KAKUTU,,,no_article_found,
UBOS,parish,KAKUNYUMUNYU WARD,KIBUKU,BULANGIRA TOWN COUNCIL,,,no_article_found,
UBOS,parish,KAKUTU,KIBUKU,KAKUTU,,,no_article_found,
UBOS,parish,KALAMPETE,KIBUKU,TIRINYI,,,no_article_found,
UBOS,parish,KAMOLOKINI,KIBUKU,KAGUMU,,,no_article_found,
UBOS,parish,KANGALABA WARD,KIBUKU,BULANGIRA TOWN COUNCIL,,,no_article_found,
UBOS,parish,KANYOLO,KIBUKU,KIBUKU,,,no_article_found,
UBOS,parish,KAPYANI,KIBUKU,NANKODO,,,no_article_found,
UBOS,parish,KASECHA,KIBUKU,KABWERI,,,no_article_found,
UBOS,parish,KATAKA,KIBUKU,TIRINYI,,,no_article_found,
UBOS,parish,KATAKOPA,KIBUKU,KENKEBU,,,no_article_found,
UBOS,parish,KATIRYO,KIBUKU,KITUTI,,,no_article_found,
UBOS,parish,KATYAIME,KIBUKU,NANDERE,,,no_article_found,
UBOS,parish,KAUTUKWI,KIBUKU,BULANGIRA,,,no_article_found,
UBOS,parish,KAWAMI WARD,KIBUKU,KADAMA TOWN COUNCIL,,,no_article_found,
UBOS,parish,KENKEBU,KIBUKU,KENKEBU,,,no_article_found,
UBOS,parish,KIRYOLO,KIBUKU,LWATAMA,,,no_article_found,
UBOS,parish,KITANTALO WARD,KIBUKU,TIRINYI TOWN COUNCIL,,,no_article_found,
UBOS,parish,KITENDE,KIBUKU,KENKEBU,,,no_article_found,
UBOS,parish,KITUTI,KIBUKU,KITUTI,,,no_article_found,
UBOS,parish,KIYALYO WARD,KIBUKU,TIRINYI TOWN COUNCIL,,,no_article_found,
UBOS,parish,KOBOLWA WARD,KIBUKU,KIBUKU TOWN COUNCIL,,,no_article_found,
UBOS,parish,KOMODO,KIBUKU,KABWERI,,,no_article_found,
UBOS,parish,KOTOLO,KIBUKU,TIRINYI,,,no_article_found,
UBOS,parish,KUJJI WARD,KIBUKU,TIRINYI TOWN COUNCIL,,,no_article_found,
UBOS,parish,LWATAMA,KIBUKU,LWATAMA,,,no_article_found,
UBOS,parish,MAJALA,KIBUKU,GOLI GOLI,,,no_article_found,
UBOS,parish,MAVUNGO,KIBUKU,NANDERE,,,no_article_found,
UBOS,parish,MIKOMBE,KIBUKU,KIRIKA,,,no_article_found,
UBOS,parish,MINYANI,KIBUKU,KIBUKU,,,no_article_found,
UBOS,parish,MOLOKOCHOMO,KIBUKU,KENKEBU,,,no_article_found,
UBOS,parish,NABISWA,KIBUKU,NABISWA,,,no_article_found,
UBOS,parish,NABULANGHANGHA,KIBUKU,GOLI GOLI,,,no_article_found,
UBOS,parish,NABULI,KIBUKU,KAGUMU,,,no_article_found,
UBOS,parish,NABUNYERE WARD,KIBUKU,KADAMA TOWN COUNCIL,,,no_article_found,
UBOS,parish,NADOTO,KIBUKU,KIBUKU,,,no_article_found,
UBOS,parish,NAGONGHA WARD,KIBUKU,KASASIRA TOWN COUNCIL,,,no_article_found,
UBOS,parish,NAKITENDE,KIBUKU,KAGUMU,,,no_article_found,
UBOS,parish,NAKOMA,KIBUKU,KAGUMU,,,no_article_found,
UBOS,parish,NALUBEMBE,KIBUKU,KIBUKU,,,no_article_found,
UBOS,parish,NAMAWONDO WARD,KIBUKU,KIBUKU TOWN COUNCIL,,,no_article_found,
UBOS,parish,NAMPIIDO,KIBUKU,NABISWA,,,no_article_found,
UBOS,parish,NAMUYONGA,KIBUKU,LWATAMA,,,no_article_found,
UBOS,parish,NANDERE,KIBUKU,NANDERE,,,no_article_found,
UBOS,parish,NANGAIZA,KIBUKU,GOLI GOLI,,,no_article_found,
UBOS,parish,NANKODO,KIBUKU,NANKODO,,,no_article_found,
UBOS,parish,NANKOKOLI,KIBUKU,KAGUMU,,,no_article_found,
UBOS,parish,NANOKO,KIBUKU,LWATAMA,,,no_article_found,
UBOS,parish,NATOTO,KIBUKU,BUSETA,,,no_article_found,
UBOS,parish,NYADERA,KIBUKU,KABWERI,,,no_article_found,
UBOS,parish,PEDULU,KIBUKU,KADAMA,,,no_article_found,
UBOS,parish,PULAKA,KIBUKU,BULANGIRA,,,no_article_found,
UBOS,parish,SAALA,KIBUKU,KIRIKA,,,no_article_found,
UBOS,parish,SAALA,KIBUKU,TIRINYI,,,no_article_found,
UBOS,parish,YOYO,KIBUKU,GOLI GOLI,,,no_article_found,
UBOS,parish,BUBOGO,KIKUUBE,KABWOYA,,,no_article_found,
UBOS,parish,BUHUKA,KIKUUBE,KYANGWALI,,,no_article_found,
UBOS,parish,BULIMYA,KIKUUBE,KIZIRANFUMBI,,,no_article_found,
UBOS,parish,BULIMYA WARD,KIKUUBE,KIKUUBE TOWN COUNCIL,,,no_article_found,
UBOS,parish,BUTOOLE,KIKUUBE,KYANGWALI,,,no_article_found,
UBOS,parish,IGWANJURA,KIKUUBE,KABWOYA,,,no_article_found,
UBOS,parish,KAMUSUNSI WARD,KIKUUBE,KIKUUBE TOWN COUNCIL,,,no_article_found,
UBOS,parish,KARUHINDA,KIKUUBE,KYANGWALI RSC,,,no_article_found,
UBOS,parish,KASEETA,KIKUUBE,KABWOYA,,,no_article_found,
UBOS,parish,KASONGA,KIKUUBE,KYANGWALI,,,no_article_found,
UBOS,parish,KASONGA,KIKUUBE,KYANGWALI RSC,,,no_article_found,
UBOS,parish,KATANGA,KIKUUBE,BUGAMBE,,,no_article_found,
UBOS,parish,KENTOMI,KIKUUBE,KYANGWALI RSC,,,no_article_found,
UBOS,parish,KIDOMA,KIKUUBE,KIZIRANFUMBI,,,no_article_found,
UBOS,parish,KIGAAYA EAST WARD,KIKUUBE,BUHIMBA TOWN COUNCIL,,,no_article_found,
UBOS,parish,KIGAAYA WEST WARD,KIKUUBE,BUHIMBA TOWN COUNCIL,,,no_article_found,
UBOS,parish,KIGORRA WARD,KIKUUBE,KIKUUBE TOWN COUNCIL,,,no_article_found,
UBOS,parish,KIJUBWE,KIKUUBE,KYANGWALI RSC,,,no_article_found,
UBOS,parish,KILIMA,KIKUUBE,KYANGWALI RSC,,,no_article_found,
UBOS,parish,KIMBUGU,KIKUUBE,KABWOYA,,,no_article_found,
UBOS,parish,KINAKYEITAKA,KIKUUBE,KYANGWALI RSC,,,no_article_found,
UBOS,parish,KINOGOZI,KIKUUBE,BUHIMBA,,,no_article_found,
UBOS,parish,KIROKOLE,KIKUUBE,KYANGWALI RSC,,,no_article_found,
UBOS,parish,KISAMBO WARD,KIKUUBE,KIKUUBE TOWN COUNCIL,,,no_article_found,
UBOS,parish,KYABATALYA,KIKUUBE,BUHIMBA,,,no_article_found,
UBOS,parish,KYEBITAKA,KIKUUBE,KYANGWALI RSC,,,no_article_found,
UBOS,parish,MOMBASA,KIKUUBE,KYANGWALI RSC,,,no_article_found,
UBOS,parish,MUKARANGE,KIKUUBE,KYANGWALI RSC,,,no_article_found,
UBOS,parish,MUKUNYU A,KIKUUBE,KYANGWALI RSC,,,no_article_found,
UBOS,parish,MUKUNYU B,KIKUUBE,KYANGWALI RSC,,,no_article_found,
UBOS,parish,MULUMBA,KIKUUBE,KYANGWALI RSC,,,no_article_found,
UBOS,parish,MUNSISA A,KIKUUBE,KYANGWALI RSC,,,no_article_found,
UBOS,parish,MUNSISA B,KIKUUBE,KYANGWALI RSC,,,no_article_found,
UBOS,parish,MUNTEME,KIKUUBE,KIZIRANFUMBI,,,no_article_found,
UBOS,parish,MUSAIJA-MUKURU EAST,KIKUUBE,BUHIMBA,,,no_article_found,
UBOS,parish,MUSAIJA-MUKURU WEST,KIKUUBE,BUHIMBA,,,no_article_found,
UBOS,parish,NAMAKAKALE,KIKUUBE,KYANGWALI RSC,,,no_article_found,
UBOS,parish,NGURWE,KIKUUBE,KYANGWALI RSC,,,no_article_found,
UBOS,parish,NYABITETE,KIKUUBE,KYANGWALI RSC,,,no_article_found,
UBOS,parish,NYAMBOGO,KIKUUBE,KYANGWALI RSC,,,no_article_found,
UBOS,parish,NYAMIGANDA,KIKUUBE,KYANGWALI RSC,,,no_article_found,
UBOS,parish,NYAMPINDU,KIKUUBE,KYANGWALI RSC,,,no_article_found,
UBOS,parish,NYARUGABU,KIKUUBE,BUGAMBE,,,no_article_found,
UBOS,parish,RUGUSE,KIKUUBE,BUGAMBE,,,no_article_found,
UBOS,parish,RUHUNGA,KIKUUBE,BUHIMBA,,,no_article_found,
UBOS,parish,RWENYAWAWA,KIKUUBE,KYANGWALI RSC,,,no_article_found,
UBOS,parish,AKABAARE,KIRUHURA,RWENSHANDE,,,no_article_found,
UBOS,parish,AKAJUMBURA,KIRUHURA,RWETAMU,,,no_article_found,
UBOS,parish,AKAKU,KIRUHURA,KANYARYERU,,,no_article_found,
UBOS,parish,AKATONGORE WARD,KIRUHURA,RUSHERE TOWN COUNCIL,,,no_article_found,
UBOS,parish,BIJUBWE,KIRUHURA,NYAKASHASHARA,,,no_article_found,
UBOS,parish,BUGWEIRARO,KIRUHURA,RWETAMU,,,no_article_found,
UBOS,parish,BWEEZA,KIRUHURA,KITURA,,,no_article_found,
UBOS,parish,BYANAMIRA,KIRUHURA,KASHONGI,,,no_article_found,
UBOS,parish,EKIZIMBI WARD,KIRUHURA,SANGA TOWN COUNCIL,,,no_article_found,
UBOS,parish,EMBARE,KIRUHURA,KIKATSI,,,no_article_found,
UBOS,parish,IFURA,KIRUHURA,RWENSHANDE,,,no_article_found,
UBOS,parish,KABUSHWERE,KIRUHURA,KASHONGI,,,no_article_found,
UBOS,parish,KAITANTUREGYE,KIRUHURA,KINONI,,,no_article_found,
UBOS,parish,KANITSYA,KIRUHURA,RWETAMU,,,no_article_found,
UBOS,parish,KANYARYERU RES SCH,KIRUHURA,KANYARYERU,,,no_article_found,
UBOS,parish,KASHWA WARD,KIRUHURA,KIRUHURA TOWN COUNCIL,,,no_article_found,
UBOS,parish,KEIKOTI,KIRUHURA,KIKATSI,,,no_article_found,
UBOS,parish,KITABO,KIRUHURA,KASHONGI,,,no_article_found,
UBOS,parish,KITURA,KIRUHURA,KITURA,,,no_article_found,
UBOS,parish,KYAKABUNGA,KIRUHURA,NYAKASHASHARA,,,no_article_found,
UBOS,parish,MACUNCU,KIRUHURA,KINONI,,,no_article_found,
UBOS,parish,MOOYA,KIRUHURA,KITURA,,,no_article_found,
UBOS,parish,MUGORE WARD,KIRUHURA,RUSHERE TOWN COUNCIL,,,no_article_found,
UBOS,parish,NSHWERENKYE WARD,KIRUHURA,RUSHERE TOWN COUNCIL,,,no_article_found,
UBOS,parish,NSWEREEMPANGO WARD,KIRUHURA,RUSHERE TOWN COUNCIL,,,no_article_found,
UBOS,parish,NTARAMA,KIRUHURA,KASHONGI,,,no_article_found,
UBOS,parish,NYABURUNGA,KIRUHURA,KITURA,,,no_article_found,
UBOS,parish,NYAKASHARARA,KIRUHURA,KENSHUNGA,,,no_article_found,
UBOS,parish,NYAKASHARARA WARD,KIRUHURA,KIRUHURA TOWN COUNCIL,,,no_article_found,
UBOS,parish,NYANKUMBA,KIRUHURA,AKAYANJA,,,no_article_found,
UBOS,parish,RUGONGI,KIRUHURA,KENSHUNGA,,,no_article_found,
UBOS,parish,RURAMBIRA,KIRUHURA,NYAKASHASHARA,,,no_article_found,
UBOS,parish,RUSHORORO,KIRUHURA,AKAYANJA,,,no_article_found,
UBOS,parish,RWABARATA,KIRUHURA,SANGA,,,no_article_found,
UBOS,parish,RWAKOBO,KIRUHURA,AKAYANJA,,,no_article_found,
UBOS,parish,RWAMUHUKU,KIRUHURA,SANGA,,,no_article_found,
UBOS,parish,RWAMURANDA,KIRUHURA,KANYARYERU,,,no_article_found,
UBOS,parish,RWANYANGWE,KIRUHURA,KASHONGI,,,no_article_found,
UBOS,parish,RWENJUBU,KIRUHURA,KASHONGI,,,no_article_found,
UBOS,parish,RWETAMU,KIRUHURA,RWETAMU,,,no_article_found,
UBOS,parish,APODORWA,KIRYANDONGO,MBOIRA,,,no_article_found,
UBOS,parish,BUHOOMOZI,KIRYANDONGO,KIGUMBA,,,no_article_found,
UBOS,parish,CENTRAL WARD,KIRYANDONGO,BWEYALE TOWN COUNCIL,,,no_article_found,
UBOS,parish,CENTRAL WARD,KIRYANDONGO,KARUMA TOWN COUNCIL,,,no_article_found,
UBOS,parish,CHOPE LWOR,KIRYANDONGO,KICHWABUGINGO,,,no_article_found,
UBOS,parish,DIIKA,KIRYANDONGO,KYANKENDE,,,no_article_found,
UBOS,parish,DIIMA,KIRYANDONGO,DIIMA,,,no_article_found,
UBOS,parish,KAHARA,KIRYANDONGO,KYANKENDE,,,no_article_found,
UBOS,parish,KAKWOKWO,KIRYANDONGO,MUTUNDA,,,no_article_found,
UBOS,parish,KIBEKA,KIRYANDONGO,KIRYANDONGO,,,no_article_found,
UBOS,parish,KICHWABUGINGO,KIRYANDONGO,KICHWABUGINGO,,,no_article_found,
UBOS,parish,KIFURUTA,KIRYANDONGO,MBOIRA,,,no_article_found,
UBOS,parish,KIIGYA,KIRYANDONGO,KIGUMBA,,,no_article_found,
UBOS,parish,KIKUBE,KIRYANDONGO,KIRYANDONGO,,,no_article_found,
UBOS,parish,KIMOGORO,KIRYANDONGO,MUTUNDA,,,no_article_found,
UBOS,parish,KITUKUZA,KIRYANDONGO,MASINDI PORT,,,no_article_found,
UBOS,parish,KITWARA,KIRYANDONGO,KIRYANDONGO,,,no_article_found,
UBOS,parish,KYANKENDE,KIRYANDONGO,KYANKENDE,,,no_article_found,
UBOS,parish,KYEMBERA,KIRYANDONGO,KIRYANDONGO,,,no_article_found,
UBOS,parish,LABOKE,KIRYANDONGO,NYAMAHASA,,,no_article_found,
UBOS,parish,MPUMWE,KIRYANDONGO,KIGUMBA,,,no_article_found,
UBOS,parish,NYAMAHASA,KIRYANDONGO,NYAMAHASA,,,no_article_found,
UBOS,parish,NYINGA,KIRYANDONGO,KICHWABUGINGO,,,no_article_found,
UBOS,parish,OKWECE,KIRYANDONGO,DIIMA,,,no_article_found,
UBOS,parish,PANYADOLI,KIRYANDONGO,MUTUNDA,,,no_article_found,
UBOS,parish,RANCH I,KIRYANDONGO,KIRYANDONGO REFUGEE CAMP,,,no_article_found,
UBOS,parish,RANCH XVIII,KIRYANDONGO,KIRYANDONGO REFUGEE CAMP,,,no_article_found,
UBOS,parish,RANCH XXXVII,KIRYANDONGO,KIRYANDONGO REFUGEE CAMP,,,no_article_found,
UBOS,parish,WAIBANGO,KIRYANDONGO,MASINDI PORT,,,no_article_found,
UBOS,parish,WAKISANYI,KIRYANDONGO,MASINDI PORT,,,no_article_found,
UBOS,parish,WARD A,KIRYANDONGO,KIGUMBA TOWN COUNCIL,,,no_article_found,
UBOS,parish,WARD B,KIRYANDONGO,KIGUMBA TOWN COUNCIL,,,no_article_found,
UBOS,parish,WARD C,KIRYANDONGO,KIGUMBA TOWN COUNCIL,,,no_article_found,
UBOS,parish,BIIZI,KISORO,MURORA,,,no_article_found,
UBOS,parish,BITARE,KISORO,NYABWISHENYA,,,no_article_found,
UBOS,parish,BUBUYE,KISORO,NYUNDO,,,no_article_found,
UBOS,parish,BUGARA WARD,KISORO,MUPAKA TOWN COUNCIL,,,no_article_found,
UBOS,parish,BUHOZI,KISORO,BUSANZA,,,no_article_found,
UBOS,parish,BUHUMBU,KISORO,BUSANZA,,,no_article_found,
UBOS,parish,BUSAMBA WARD,KISORO,SOUTH DIVISION,,,no_article_found,
UBOS,parish,BUTENGO WARD,KISORO,NYANAMO TOWN COUNCIL,,,no_article_found,
UBOS,parish,CENTRAL WARD,KISORO,CHAHAFI TOWN COUNCIL,,,no_article_found,
UBOS,parish,CENTRAL WARD,KISORO,MUPAKA TOWN COUNCIL,,,no_article_found,
UBOS,parish,CENTRAL WARD,KISORO,CENTRAL DIVISION,,,no_article_found,
UBOS,parish,CHIBUMBA,KISORO,MURORA,,,no_article_found,
UBOS,parish,CHIHE,KISORO,NYAKINAMA,,,no_article_found,
UBOS,parish,GASASA WARD,KISORO,BUNAGANA TOWN COUNCIL,,,no_article_found,
UBOS,parish,GASIZA,KISORO,NYAKABANDE,,,no_article_found,
UBOS,parish,GASIZA WARD,KISORO,SOUTH DIVISION,,,no_article_found,
UBOS,parish,GASOVU,KISORO,NYARUSIZA,,,no_article_found,
UBOS,parish,GASOVU,KISORO,NYABWISHENYA,,,no_article_found,
UBOS,parish,GISORORA,KISORO,NYAKABANDE,,,no_article_found,
UBOS,parish,GISOZI,KISORO,MURAMBA,,,no_article_found,
UBOS,parish,GITENDERI,KISORO,NYARUSIZA,,,no_article_found,
UBOS,parish,GITOWA WARD,KISORO,BUNAGANA TOWN COUNCIL,,,no_article_found,
UBOS,parish,HOSPITAL WARD,KISORO,SOUTH DIVISION,,,no_article_found,
UBOS,parish,KABURASAZI WARD,KISORO,MUPAKA TOWN COUNCIL,,,no_article_found,
UBOS,parish,KAGEZI,KISORO,KANABA,,,no_article_found,
UBOS,parish,KAGUNGA,KISORO,BUKIMBIRI,,,no_article_found,
UBOS,parish,KAHURIRE A WARD,KISORO,NKURINGO TOWN COUNCIL,,,no_article_found,
UBOS,parish,KAHURIRE B WARD,KISORO,NKURINGO TOWN COUNCIL,,,no_article_found,
UBOS,parish,KAMONYI WARD,KISORO,NORTH DIVISION,,,no_article_found,
UBOS,parish,KASHENYI WARD,KISORO,NYANAMO TOWN COUNCIL,,,no_article_found,
UBOS,parish,KASHIJA WARD,KISORO,RUBUGURI TOWN COUNCIL,,,no_article_found,
UBOS,parish,KIBUGU,KISORO,KIRUNDO,,,no_article_found,
UBOS,parish,KIGYEYO WARD,KISORO,NYANAMO TOWN COUNCIL,,,no_article_found,
UBOS,parish,KIKOBERO WARD,KISORO,NKURINGO TOWN COUNCIL,,,no_article_found,
UBOS,parish,KINYABABA WARD,KISORO,CYANIKA TOWN COUNCIL,,,no_article_found,
UBOS,parish,KIRIMBIRO WARD,KISORO,CYANIKA TOWN COUNCIL,,,no_article_found,
UBOS,parish,MABUNGO,KISORO,NYARUSIZA,,,no_article_found,
UBOS,parish,MBUGA,KISORO,NYAKINAMA,,,no_article_found,
UBOS,parish,MUGANZA,KISORO,CHAHI,,,no_article_found,
UBOS,parish,MUHINDURA,KISORO,KANABA,,,no_article_found,
UBOS,parish,MURORE WARD,KISORO,NKURINGO TOWN COUNCIL,,,no_article_found,
UBOS,parish,NORTH WARD,KISORO,CHAHAFI TOWN COUNCIL,,,no_article_found,
UBOS,parish,NTEKO WARD,KISORO,NKURINGO TOWN COUNCIL,,,no_article_found,
UBOS,parish,NYABAREMURA WARD,KISORO,RUBUGURI TOWN COUNCIL,,,no_article_found,
UBOS,parish,NYAGASHINGE WARD,KISORO,NORTH DIVISION,,,no_article_found,
UBOS,parish,NYAMAGANA WARD,KISORO,CENTRAL DIVISION,,,no_article_found,
UBOS,parish,NYAMIYAGA WARD,KISORO,NYANAMO TOWN COUNCIL,,,no_article_found,
UBOS,parish,NYARUTEMBE,KISORO,NYABWISHENYA,,,no_article_found,
UBOS,parish,RUGONGWE,KISORO,NYANAMO TOWN COUNCIL,,,no_article_found,
UBOS,parish,RUKONGI,KISORO,NYARUSIZA,,,no_article_found,
UBOS,parish,RUKORO WARD,KISORO,CYANIKA TOWN COUNCIL,,,no_article_found,
UBOS,parish,RUTAKA,KISORO,KIRUNDO,,,no_article_found,
UBOS,parish,RUTARE,KISORO,CHAHI,,,no_article_found,
UBOS,parish,RWARAMBA,KISORO,NYAKINAMA,,,no_article_found,
UBOS,parish,RWINGWE,KISORO,NYAKABANDE,,,no_article_found,
UBOS,parish,SOOKO,KISORO,MURAMBA,,,no_article_found,
UBOS,parish,SOUTH WARD,KISORO,CHAHAFI TOWN COUNCIL,,,no_article_found,
UBOS,parish,BUHUMURIRO WARD,KITAGWENDA,BUKURUNGO TOWN COUNCIL,,,no_article_found,
UBOS,parish,BUJUMIRO,KITAGWENDA,BUHANDA,,,no_article_found,
UBOS,parish,BUKURUNGU WARD,KITAGWENDA,BUKURUNGO TOWN COUNCIL,,,no_article_found,
UBOS,parish,BURYANSUNGWE,KITAGWENDA,KICHECHE,,,no_article_found,
UBOS,parish,IHARAGATWA WARD,KITAGWENDA,BUKURUNGO TOWN COUNCIL,,,no_article_found,
UBOS,parish,IRYANGABI,KITAGWENDA,KAKASI,,,no_article_found,
UBOS,parish,KAGAZI WARD,KITAGWENDA,KABUJOGERA TOWN COUNCIL,,,no_article_found,
UBOS,parish,KAKASI,KITAGWENDA,KAKASI,,,no_article_found,
UBOS,parish,KAMAYENJE,KITAGWENDA,NYABBANI,,,no_article_found,
UBOS,parish,KANTOZI WARD,KITAGWENDA,KABUJOGERA TOWN COUNCIL,,,no_article_found,
UBOS,parish,KANYABIKYERE WARD,KITAGWENDA,MAHYORO TOWN COUNCIL,,,no_article_found,
UBOS,parish,KANYWAMBOGO,KITAGWENDA,KAKASI,,,no_article_found,
UBOS,parish,KAYANGA,KITAGWENDA,KICHECHE,,,no_article_found,
UBOS,parish,KEKUBO,KITAGWENDA,KANARA,,,no_article_found,
UBOS,parish,KENGEYA,KITAGWENDA,BUHANDA,,,no_article_found,
UBOS,parish,KIGOTO,KITAGWENDA,KICHECHE,,,no_article_found,
UBOS,parish,KIKONDO WARD,KITAGWENDA,KABUJOGERA TOWN COUNCIL,,,no_article_found,
UBOS,parish,KINYAMUGARA,KITAGWENDA,KICHECHE,,,no_article_found,
UBOS,parish,KITAKA,KITAGWENDA,KAKASI,,,no_article_found,
UBOS,parish,KITOMA,KITAGWENDA,KAKASI,,,no_article_found,
UBOS,parish,KITONZI,KITAGWENDA,MAHYORO,,,no_article_found,
UBOS,parish,KITONZI,KITAGWENDA,NTARA,,,no_article_found,
UBOS,parish,KYARWERA,KITAGWENDA,RUHUNGA,,,no_article_found,
UBOS,parish,KYENDAGARA WARD,KITAGWENDA,MAHYORO TOWN COUNCIL,,,no_article_found,
UBOS,parish,KYOTAMUSHANA WARD,KITAGWENDA,KITAGWENDA TOWN COUNCIL,,,no_article_found,
UBOS,parish,NGANIKO,KITAGWENDA,NYABBANI,,,no_article_found,
UBOS,parish,NYAKACWAMBA,KITAGWENDA,NTARA,,,no_article_found,
UBOS,parish,NYAKASHENYI,KITAGWENDA,BUHANDA,,,no_article_found,
UBOS,parish,NYAKASURA,KITAGWENDA,MAHYORO,,,no_article_found,
UBOS,parish,NYAKEERA WARD,KITAGWENDA,BUKURUNGO TOWN COUNCIL,,,no_article_found,
UBOS,parish,NYAMABALE,KITAGWENDA,RWENJAZA,,,no_article_found,
UBOS,parish,NYARURAMBI,KITAGWENDA,RWENJAZA,,,no_article_found,
UBOS,parish,RUHUNGA,KITAGWENDA,RUHUNGA,,,no_article_found,
UBOS,parish,RUTOOMA,KITAGWENDA,RWENJAZA,,,no_article_found,
UBOS,parish,RWAMASINDE WARD,KITAGWENDA,KABUJOGERA TOWN COUNCIL,,,no_article_found,
UBOS,parish,RWENJAZA,KITAGWENDA,RWENJAZA,,,no_article_found,
UBOS,parish,RWENKUBEBE,KITAGWENDA,NYABBANI,,,no_article_found,
UBOS,parish,RWENSHAMA,KITAGWENDA,KANARA,,,no_article_found,
UBOS,parish,RWESIGIIRE,KITAGWENDA,NYABBANI,,,no_article_found,
UBOS,parish,AKOBI,KITGUM,OMIYA ANYIMA WEST,,,no_article_found,
UBOS,parish,AKURUMO,KITGUM,OROM EAST,,,no_article_found,
UBOS,parish,BALAKWA,KITGUM,LALANO,,,no_article_found,
UBOS,parish,BULUZI,KITGUM,LAGORO,,,no_article_found,
UBOS,parish,BURA,KITGUM,MUCHWINI WEST,,,no_article_found,
UBOS,parish,CENTRAL WARD,KITGUM,NAMOKORA TOWN COUNCIL,,,no_article_found,
UBOS,parish,DIETE,KITGUM,NAMOKORA,,,no_article_found,
UBOS,parish,GREEN LAND WARD,KITGUM,PAGER DIVISION,,,no_article_found,
UBOS,parish,GULE,KITGUM,OROM,,,no_article_found,
UBOS,parish,GUU WARD A,KITGUM,PANDWONG DIVISION,,,no_article_found,
UBOS,parish,GUU WARD B,KITGUM,PANDWONG DIVISION,,,no_article_found,
UBOS,parish,IBAKARA WARD,KITGUM,KITGUM MATIDI TOWN COUNCIL,,,no_article_found,
UBOS,parish,JERUSALEM WARD,KITGUM,KITGUM MATIDI TOWN COUNCIL,,,no_article_found,
UBOS,parish,KALABONG,KITGUM,NAMOKORA NORTH,,,no_article_found,
UBOS,parish,KARAKELET,KITGUM,OROM,,,no_article_found,
UBOS,parish,KATUBBU WARD,KITGUM,NAMOKORA TOWN COUNCIL,,,no_article_found,
UBOS,parish,KATWOTWO,KITGUM,OROM EAST,,,no_article_found,
UBOS,parish,KWARAYO,KITGUM,KITENY,,,no_article_found,
UBOS,parish,LABER,KITGUM,LAGORO,,,no_article_found,
UBOS,parish,LABILO,KITGUM,LAGORO,,,no_article_found,
UBOS,parish,LADOTONEN,KITGUM,KITENY,,,no_article_found,
UBOS,parish,LADWOGGI WARD,KITGUM,NAMOKORA TOWN COUNCIL,,,no_article_found,
UBOS,parish,LAKWOR,KITGUM,LALANO,,,no_article_found,
UBOS,parish,LALANO,KITGUM,LALANO,,,no_article_found,
UBOS,parish,LAMIT,KITGUM,AKWANG,,,no_article_found,
UBOS,parish,LOLIA,KITGUM,OROM,,,no_article_found,
UBOS,parish,LOLWA,KITGUM,OROM,,,no_article_found,
UBOS,parish,LUGWAR,KITGUM,AKWANG,,,no_article_found,
UBOS,parish,LUKWOR,KITGUM,LABONGO-AMIDA,,,no_article_found,
UBOS,parish,LUMULE,KITGUM,KITGUM MATIDI,,,no_article_found,
UBOS,parish,LUNGANYURA,KITGUM,OROM,,,no_article_found,
UBOS,parish,MELONG,KITGUM,OMIYA-ANYIMA,,,no_article_found,
UBOS,parish,OCETOKE,KITGUM,LABONGO LAYAMO,,,no_article_found,
UBOS,parish,OGWAPOKE,KITGUM,MUCHWINI EAST,,,no_article_found,
UBOS,parish,OKIDI,KITGUM,LABONGO AMIDA WEST,,,no_article_found,
UBOS,parish,OKOL,KITGUM,MUCHWINI EAST,,,no_article_found,
UBOS,parish,OKUTI,KITGUM,OROM EAST,,,no_article_found,
UBOS,parish,ONYALA,KITGUM,NAMOKORA NORTH,,,no_article_found,
UBOS,parish,ORYANG A,KITGUM,LABONGO-AMIDA,,,no_article_found,
UBOS,parish,ORYANGA B,KITGUM,KITGUM MATIDI,,,no_article_found,
UBOS,parish,PACHUA,KITGUM,MUCHWINI WEST,,,no_article_found,
UBOS,parish,PAGEN,KITGUM,LABONGO LAYAMO,,,no_article_found,
UBOS,parish,PAGER WARD A,KITGUM,PAGER DIVISION,,,no_article_found,
UBOS,parish,PAGER WARD B,KITGUM,PAGER DIVISION,,,no_article_found,
UBOS,parish,PAGWA WARD,KITGUM,KITGUM MATIDI TOWN COUNCIL,,,no_article_found,
UBOS,parish,PAGWOK,KITGUM,NAMOKORA NORTH,,,no_article_found,
UBOS,parish,PAIBONY,KITGUM,KITGUM MATIDI,,,no_article_found,
UBOS,parish,PAIBWOR,KITGUM,LABONGO LAYAMO,,,no_article_found,
UBOS,parish,PAJIMO,KITGUM,AKWANG,,,no_article_found,
UBOS,parish,PAJONG,KITGUM,MUCWINI,,,no_article_found,
UBOS,parish,PAKUMU WARD,KITGUM,KITGUM MATIDI TOWN COUNCIL,,,no_article_found,
UBOS,parish,PALABOLO,KITGUM,NAMOKORA NORTH,,,no_article_found,
UBOS,parish,PALAMENY,KITGUM,OMIYA ANYIMA WEST,,,no_article_found,
UBOS,parish,PALUBA,KITGUM,KITENY,,,no_article_found,
UBOS,parish,PALWO,KITGUM,OMIYA ANYIMA WEST,,,no_article_found,
UBOS,parish,PAMOLO,KITGUM,LABONGO LAYAMO,,,no_article_found,
UBOS,parish,PANDWONG WARD,KITGUM,PANDWONG DIVISION,,,no_article_found,
UBOS,parish,PANYUM,KITGUM,OMIYA-ANYIMA,,,no_article_found,
UBOS,parish,PARA,KITGUM,OMIYA ANYIMA WEST,,,no_article_found,
UBOS,parish,PARWECH WARD,KITGUM,KITGUM MATIDI TOWN COUNCIL,,,no_article_found,
UBOS,parish,PAWIDI,KITGUM,LAGORO,,,no_article_found,
UBOS,parish,PELLA,KITGUM,OMIYA-ANYIMA,,,no_article_found,
UBOS,parish,PUBECH,KITGUM,MUCHWINI EAST,,,no_article_found,
UBOS,parish,PUDO,KITGUM,MUCHWINI WEST,,,no_article_found,
UBOS,parish,PUGODA EAST,KITGUM,NAMOKORA,,,no_article_found,
UBOS,parish,PUGODA WEST,KITGUM,NAMOKORA,,,no_article_found,
UBOS,parish,TOWN WARD,KITGUM,CENTRAL DIVISION,,,no_article_found,
UBOS,parish,WEST LAND WARD A,KITGUM,CENTRAL DIVISION,,,no_article_found,
UBOS,parish,WEST LAND WARD B,KITGUM,CENTRAL DIVISION,,,no_article_found,
UBOS,parish,WIGWENG,KITGUM,LAGORO,,,no_article_found,
UBOS,parish,WIGWENG WARD,KITGUM,NAMOKORA TOWN COUNCIL,,,no_article_found,
UBOS,parish,YEPA,KITGUM,MUCWINI,,,no_article_found,
UBOS,parish,ABELE WARD,KOBOKO,SOUTH DIVISION,,,no_article_found,
UBOS,parish,AJIPALA,KOBOKO,LOBULE,,,no_article_found,
UBOS,parish,ALIRIBU,KOBOKO,LOBULE,,,no_article_found,
UBOS,parish,ALLA,KOBOKO,DRANYA,,,no_article_found,
UBOS,parish,AMUNUPI WARD,KOBOKO,WESTERN DIVISION,,,no_article_found,
UBOS,parish,ANGALUA WARD,KOBOKO,ORABA TOWN COUNCIL,,,no_article_found,
UBOS,parish,ASUNGA,KOBOKO,MIDIA,,,no_article_found,
UBOS,parish,AUNGA,KOBOKO,DRANYA,,,no_article_found,
UBOS,parish,AWINDIRI WARD,KOBOKO,ORABA TOWN COUNCIL,,,no_article_found,
UBOS,parish,AYIPE,KOBOKO,KULUBA,,,no_article_found,
UBOS,parish,BAMURE,KOBOKO,LUDARA,,,no_article_found,
UBOS,parish,CHAKULIA,KOBOKO,LUDARA,,,no_article_found,
UBOS,parish,DEGIBA,KOBOKO,MIDIA,,,no_article_found,
UBOS,parish,DRICILE,KOBOKO,MIDIA,,,no_article_found,
UBOS,parish,GBOROKOLONGO,KOBOKO,ABUKU,,,no_article_found,
UBOS,parish,GINYAKO,KOBOKO,DRANYA,,,no_article_found,
UBOS,parish,GODIA WARD,KOBOKO,WESTERN DIVISION,,,no_article_found,
UBOS,parish,GUREPI,KOBOKO,LUDARA,,,no_article_found,
UBOS,parish,ISOKO WARD,KOBOKO,WESTERN DIVISION,,,no_article_found,
UBOS,parish,KAKANYA WARD,KOBOKO,ORABA TOWN COUNCIL,,,no_article_found,
UBOS,parish,KECHI,KOBOKO,LUDARA,,,no_article_found,
UBOS,parish,KIAKUMIRI WARD,KOBOKO,KERI TOWN COUNCIL,,,no_article_found,
UBOS,parish,KINGABA,KOBOKO,MIDIA,,,no_article_found,
UBOS,parish,LEIKO,KOBOKO,DRANYA,,,no_article_found,
UBOS,parish,LIMA,KOBOKO,LUDARA,,,no_article_found,
UBOS,parish,LONGIRA,KOBOKO,LUDARA,,,no_article_found,
UBOS,parish,LUDURI WARD,KOBOKO,KERI TOWN COUNCIL,,,no_article_found,
UBOS,parish,LURUJO,KOBOKO,LOBULE,,,no_article_found,
UBOS,parish,LURUNU,KOBOKO,MIDIA,,,no_article_found,
UBOS,parish,METINO,KOBOKO,ABUKU,,,no_article_found,
UBOS,parish,MONODU,KOBOKO,KULUBA,,,no_article_found,
UBOS,parish,NYAGAZIA,KOBOKO,DRANYA,,,no_article_found,
UBOS,parish,NYAI,KOBOKO,ABUKU,,,no_article_found,
UBOS,parish,NYAJO,KOBOKO,LUDARA,,,no_article_found,
UBOS,parish,NYAMBIRI,KOBOKO,KULUBA,,,no_article_found,
UBOS,parish,NYANGILIA WARD,KOBOKO,SOUTH DIVISION,,,no_article_found,
UBOS,parish,NYARAGALA WARD,KOBOKO,KERI TOWN COUNCIL,,,no_article_found,
UBOS,parish,NYOKE WARD,KOBOKO,ORABA TOWN COUNCIL,,,no_article_found,
UBOS,parish,NYOKPA WARD,KOBOKO,KERI TOWN COUNCIL,,,no_article_found,
UBOS,parish,NYORICHEKU,KOBOKO,ABUKU,,,no_article_found,
UBOS,parish,ONYOKUNGA,KOBOKO,ABUKU,,,no_article_found,
UBOS,parish,PADROMBU,KOBOKO,LOBULE,,,no_article_found,
UBOS,parish,PAMODO,KOBOKO,KULUBA,,,no_article_found,
UBOS,parish,PODO,KOBOKO,LUDARA,,,no_article_found,
UBOS,parish,PONYURA,KOBOKO,LOBULE,,,no_article_found,
UBOS,parish,ROMONI WARD,KOBOKO,ORABA TOWN COUNCIL,,,no_article_found,
UBOS,parish,ROPOLI WARD,KOBOKO,ORABA TOWN COUNCIL,,,no_article_found,
UBOS,parish,TEREMUNGA WARD,KOBOKO,NORTH DIVISION,,,no_article_found,
UBOS,parish,TRIANGLE WARD,KOBOKO,NORTH DIVISION,,,no_article_found,
UBOS,parish,WEKE WARD,KOBOKO,ORABA TOWN COUNCIL,,,no_article_found,
UBOS,parish,YATUA,KOBOKO,LOBULE,,,no_article_found,
UBOS,parish,ABELI,KOLE,AKALO,,,no_article_found,
UBOS,parish,ABONGO JOK,KOLE,OKWERODOT,,,no_article_found,
UBOS,parish,ABUR,KOLE,AYER,,,no_article_found,
UBOS,parish,ADEL-LOGO,KOLE,OKWERODOT,,,no_article_found,
UBOS,parish,AGEGE,KOLE,BALA,,,no_article_found,
UBOS,parish,AKER WARD,KOLE,ALITO TOWN COUNCIL,,,no_article_found,
UBOS,parish,AKWIRIDIDI WARD,KOLE,ABOKE TOWN COUNCIL,,,no_article_found,
UBOS,parish,ALEMI,KOLE,AYER,,,no_article_found,
UBOS,parish,AMOILELA,KOLE,BALA,,,no_article_found,
UBOS,parish,AMUGE,KOLE,ALITO,,,no_article_found,
UBOS,parish,ANGIC,KOLE,BALA,,,no_article_found,
UBOS,parish,APACH,KOLE,ABOKE,,,no_article_found,
UBOS,parish,APIIOGURU,KOLE,ALITO,,,no_article_found,
UBOS,parish,APURU,KOLE,ABOKE,,,no_article_found,
UBOS,parish,AUMI,KOLE,BALA,,,no_article_found,
UBOS,parish,AWEINGWEC WARD,KOLE,ABOKE TOWN COUNCIL,,,no_article_found,
UBOS,parish,AYALA-OYA,KOLE,ALITO,,,no_article_found,
UBOS,parish,AYAMO,KOLE,OKWERODOT,,,no_article_found,
UBOS,parish,AYARA,KOLE,OKWERODOT,,,no_article_found,
UBOS,parish,BAR-AKALO,KOLE,AKALO,,,no_article_found,
UBOS,parish,BARONGIN,KOLE,ALITO,,,no_article_found,
UBOS,parish,BUA-ATYENO WARD,KOLE,ALITO TOWN COUNCIL,,,no_article_found,
UBOS,parish,ILERA,KOLE,AYER,,,no_article_found,
UBOS,parish,LELAKOT,KOLE,OKWERODOT,,,no_article_found,
UBOS,parish,OBUTU,KOLE,OKWERODOT,,,no_article_found,
UBOS,parish,OGWANGACUMA WARD,KOLE,ABOKE TOWN COUNCIL,,,no_article_found,
UBOS,parish,OKWOR,KOLE,AYER,,,no_article_found,
UBOS,parish,OMOLADYANG,KOLE,BALA,,,no_article_found,
UBOS,parish,OMUGE,KOLE,BALA,,,no_article_found,
UBOS,parish,OMWARA,KOLE,BALA,,,no_article_found,
UBOS,parish,OPETA,KOLE,ABOKE,,,no_article_found,
UBOS,parish,OTKWACH,KOLE,ALITO,,,no_article_found,
UBOS,parish,OWANI ADILO WARD,KOLE,ALITO TOWN COUNCIL,,,no_article_found,
UBOS,parish,TEKIDI WARD,KOLE,ALITO TOWN COUNCIL,,,no_article_found,
UBOS,parish,TELELA,KOLE,AYER,,,no_article_found,
UBOS,parish,405 BRIGADE,KOTIDO,KANAIR,,,no_article_found,
UBOS,parish,ITAKWARA,KOTIDO,NAPUMPUM,,,no_article_found,
UBOS,parish,JIE LOLELIA,KOTIDO,KACHERI,,,no_article_found,
UBOS,parish,KADOCHA,KOTIDO,KANAIR,,,no_article_found,
UBOS,parish,KADOKINI WARD,KOTIDO,SOUTH DIVISION,,,no_article_found,
UBOS,parish,KAILENY,KOTIDO,NAKAPELIMORU,,,no_article_found,
UBOS,parish,KALOGWEL WARD,KOTIDO,KACHERI TOWN COUNCIL,,,no_article_found,
UBOS,parish,KALONGOLEMUGE,KOTIDO,KANAIR,,,no_article_found,
UBOS,parish,KANALOBAE,KOTIDO,MAARU,,,no_article_found,
UBOS,parish,KANGOROK,KOTIDO,KAMOR,,,no_article_found,
UBOS,parish,KAPADAKOOK CENTRAL WARD,KOTIDO,SOUTH DIVISION,,,no_article_found,
UBOS,parish,KAPISINYANG WARD,KOTIDO,NORTH DIVISION,,,no_article_found,
UBOS,parish,KAPUYON,KOTIDO,KAMOR,,,no_article_found,
UBOS,parish,KODOKEI,KOTIDO,RENGEN,,,no_article_found,
UBOS,parish,KOKORIA,KOTIDO,KAPETA,,,no_article_found,
UBOS,parish,KOKUWUAM WARD,KOTIDO,KACHERI TOWN COUNCIL,,,no_article_found,
UBOS,parish,KOPUSANG,KOTIDO,LOKWAKIAL,,,no_article_found,
UBOS,parish,KOTIDO RURAL WARD,KOTIDO,CENTRAL DIVISION,,,no_article_found,
UBOS,parish,KOTYANG,KOTIDO,RENGEN,,,no_article_found,
UBOS,parish,KOTYANG CENTRAL WARD,KOTIDO,NORTH DIVISION,,,no_article_found,
UBOS,parish,LOBANYA,KOTIDO,KAPETA,,,no_article_found,
UBOS,parish,LOCHOTO WARD,KOTIDO,NORTH DIVISION,,,no_article_found,
UBOS,parish,LODERA,KOTIDO,PANYANGARA,,,no_article_found,
UBOS,parish,LODOKET,KOTIDO,LOLETIO,,,no_article_found,
UBOS,parish,LOGOMAN,KOTIDO,LONGAROE,,,no_article_found,
UBOS,parish,LOGWANGAITA WARD,KOTIDO,NORTH DIVISION,,,no_article_found,
UBOS,parish,LOKIDING WARD,KOTIDO,KACHERI TOWN COUNCIL,,,no_article_found,
UBOS,parish,LOKITALAEBU EAST WARD,KOTIDO,LOKITELAEBU TOWN COUNCIL,,,no_article_found,
UBOS,parish,LOKITALAEBU SOUTH WARD,KOTIDO,LOKITELAEBU TOWN COUNCIL,,,no_article_found,
UBOS,parish,LOKITALAEBU WARD,KOTIDO,LOKITELAEBU TOWN COUNCIL,,,no_article_found,
UBOS,parish,LOKOONA WARD,KOTIDO,KACHERI TOWN COUNCIL,,,no_article_found,
UBOS,parish,LOKORE WARD,KOTIDO,WEST DIVISION,,,no_article_found,
UBOS,parish,LOKOREIN,KOTIDO,RENGEN,,,no_article_found,
UBOS,parish,LOKWASINYON,KOTIDO,KACHERI,,,no_article_found,
UBOS,parish,LOLITO,KOTIDO,NAPUMPUM,,,no_article_found,
UBOS,parish,LOLOGOKA,KOTIDO,KOTIDO,,,no_article_found,
UBOS,parish,LOMONIA,KOTIDO,LOLETIO,,,no_article_found,
UBOS,parish,LONGEREP,KOTIDO,NAKAPELIMORU,,,no_article_found,
UBOS,parish,LOOKOROK,KOTIDO,LOKWAKIAL,,,no_article_found,
UBOS,parish,LOONGOR,KOTIDO,MAARU,,,no_article_found,
UBOS,parish,LOPUYO,KOTIDO,LONGAROE,,,no_article_found,
UBOS,parish,LOSAKUCHA,KOTIDO,KAPETA,,,no_article_found,
UBOS,parish,LOTANYAT,KOTIDO,KAPETA,,,no_article_found,
UBOS,parish,MIRESIAE WARD,KOTIDO,NORTH DIVISION,,,no_article_found,
UBOS,parish,MODOKONYANG,KOTIDO,LOLETIO,,,no_article_found,
UBOS,parish,MORUITIT,KOTIDO,RENGEN,,,no_article_found,
UBOS,parish,NAADOI,KOTIDO,KAMOR,,,no_article_found,
UBOS,parish,NAGIRIGIRIOI,KOTIDO,KOTIDO,,,no_article_found,
UBOS,parish,NAKAAL WARD,KOTIDO,SOUTH DIVISION,,,no_article_found,
UBOS,parish,NAKAPELIMORU TOWN BOARD,KOTIDO,NAKAPELIMORU,,,no_article_found,
UBOS,parish,NAKORETO,KOTIDO,MAARU,,,no_article_found,
UBOS,parish,NAKWAALET,KOTIDO,LONGAROE,,,no_article_found,
UBOS,parish,NAKWAKWA,KOTIDO,MAARU,,,no_article_found,
UBOS,parish,NANGAYOM WARD,KOTIDO,WEST DIVISION,,,no_article_found,
UBOS,parish,NANGELEKEK,KOTIDO,KOTIDO,,,no_article_found,
UBOS,parish,NAPEIKAR,KOTIDO,KACHERI,,,no_article_found,
UBOS,parish,NAPONGA,KOTIDO,LONGAROE,,,no_article_found,
UBOS,parish,NAPUPUM TOWN BOARD,KOTIDO,NAPUMPUM,,,no_article_found,
UBOS,parish,NAPUTIR,KOTIDO,LOLETIO,,,no_article_found,
UBOS,parish,NARIKAPET WARD,KOTIDO,CENTRAL DIVISION,,,no_article_found,
UBOS,parish,NAYESE WARD,KOTIDO,NORTH DIVISION,,,no_article_found,
UBOS,parish,POTONGOR,KOTIDO,KANAIR,,,no_article_found,
UBOS,parish,RENGEN TOWN BOARD,KOTIDO,RENGEN,,,no_article_found,
UBOS,parish,RIKITAE EAST,KOTIDO,PANYANGARA,,,no_article_found,
UBOS,parish,RIKITAE WEST,KOTIDO,PANYANGARA,,,no_article_found,
UBOS,parish,RUTOM,KOTIDO,MAARU,,,no_article_found,
UBOS,parish,THIWAKOL,KOTIDO,NAKAPELIMORU,,,no_article_found,
UBOS,parish,UM-UM WARD,KOTIDO,WEST DIVISION,,,no_article_found,
UBOS,parish,WATAKAU CENTRAL,KOTIDO,NAKAPELIMORU,,,no_article_found,
UBOS,parish,YEELE,KOTIDO,LOKWAKIAL,,,no_article_found,
UBOS,parish,AACHA,KUMI,KAKURES,,,no_article_found,
UBOS,parish,AAKUM,KUMI,ONGINO,,,no_article_found,
UBOS,parish,AARAMOR,KUMI,KAKURES,,,no_article_found,
UBOS,parish,ABUBUR WARD,KUMI,SOUTH DIVISION,,,no_article_found,
UBOS,parish,ACAPA WARD,KUMI,MUKONGORO TOWN COUNCIL,,,no_article_found,
UBOS,parish,ACERA,KUMI,TISAI,,,no_article_found,
UBOS,parish,ADERUN,KUMI,TISAI,,,no_article_found,
UBOS,parish,ADODOI,KUMI,KAKURES,,,no_article_found,
UBOS,parish,AGARIA,KUMI,KADAMI,,,no_article_found,
UBOS,parish,AGOLITOM,KUMI,KUMI,,,no_article_found,
UBOS,parish,AGURUT,KUMI,NYERO,,,no_article_found,
UBOS,parish,AGUYA,KUMI,TISAI,,,no_article_found,
UBOS,parish,AJUKET,KUMI,KANYUM,,,no_article_found,
UBOS,parish,AKADOT,KUMI,KADAMI,,,no_article_found,
UBOS,parish,AKALABAI,KUMI,ATUTUR,,,no_article_found,
UBOS,parish,AKIBUI,KUMI,ATUTUR,,,no_article_found,
UBOS,parish,AKIDE,KUMI,TISAI,,,no_article_found,
UBOS,parish,AKOLITOROM,KUMI,ONGINO,,,no_article_found,
UBOS,parish,AKUORO WARD,KUMI,ONGINO TOWN COUNCIL,,,no_article_found,
UBOS,parish,ALEMEN,KUMI,KAMACA,,,no_article_found,
UBOS,parish,ALUKAT,KUMI,KADAMI,,,no_article_found,
UBOS,parish,AMEJEI WARD,KUMI,NORTH DIVISION,,,no_article_found,
UBOS,parish,AOJAMOROK,KUMI,KADAMI,,,no_article_found,
UBOS,parish,APAADE WARD,KUMI,MUKONGORO TOWN COUNCIL,,,no_article_found,
UBOS,parish,APUTON WARD,KUMI,SOUTH DIVISION,,,no_article_found,
UBOS,parish,ARIET,KUMI,KANYUM,,,no_article_found,
UBOS,parish,ARIET,KUMI,ATUTUR,,,no_article_found,
UBOS,parish,ARIET,KUMI,NYERO,,,no_article_found,
UBOS,parish,ASALO,KUMI,KANYUM,,,no_article_found,
UBOS,parish,ASINGE,KUMI,KUMI,,,no_article_found,
UBOS,parish,ASINGE,KUMI,TISAI,,,no_article_found,
UBOS,parish,ATEKWA,KUMI,OGOOMA,,,no_article_found,
UBOS,parish,ATERAI WARD,KUMI,SOUTH DIVISION,,,no_article_found,
UBOS,parish,BAZAAR WARD,KUMI,NORTH DIVISION,,,no_article_found,
UBOS,parish,BOMA WARD,KUMI,SOUTH DIVISION,,,no_article_found,
UBOS,parish,CEELE,KUMI,ONGINO,,,no_article_found,
UBOS,parish,GORIA,KUMI,KADAMI,,,no_article_found,
UBOS,parish,KABATA WARD,KUMI,NORTH DIVISION,,,no_article_found,
UBOS,parish,KABUKOL,KUMI,KADAMI,,,no_article_found,
UBOS,parish,KABURA,KUMI,MUKONGORO,,,no_article_found,
UBOS,parish,KABWELE,KUMI,KANYUM,,,no_article_found,
UBOS,parish,KABWONGO WARD,KUMI,KANYUM TOWN COUNCIL,,,no_article_found,
UBOS,parish,KACHA WARD,KUMI,KANYUM TOWN COUNCIL,,,no_article_found,
UBOS,parish,KACHABOI,KUMI,KADAMI,,,no_article_found,
UBOS,parish,KACHABOI,KUMI,ONGINO,,,no_article_found,
UBOS,parish,KACHELAKWENY,KUMI,ONGINO,,,no_article_found,
UBOS,parish,KACHEREDE,KUMI,KANAPA,,,no_article_found,
UBOS,parish,KADAMI,KUMI,KADAMI,,,no_article_found,
UBOS,parish,KADERIN,KUMI,KADAMI,,,no_article_found,
UBOS,parish,KAJAMAKA,KUMI,KANYUM,,,no_article_found,
UBOS,parish,KAJAMAKA WARD,KUMI,MUKONGORO TOWN COUNCIL,,,no_article_found,
UBOS,parish,KAKOROKORON WARD,KUMI,MUKONGORO TOWN COUNCIL,,,no_article_found,
UBOS,parish,KAKURES,KUMI,KAKURES,,,no_article_found,
UBOS,parish,KALEMEN,KUMI,KAKURES,,,no_article_found,
UBOS,parish,KAMACA,KUMI,KAMACA,,,no_article_found,
UBOS,parish,KAMENYA,KUMI,OGOOMA,,,no_article_found,
UBOS,parish,KAMUNO,KUMI,KAKURES,,,no_article_found,
UBOS,parish,KAMUNYUMBI,KUMI,KAMACA,,,no_article_found,
UBOS,parish,KANAPA,KUMI,KANAPA,,,no_article_found,
UBOS,parish,KANGOLE,KUMI,KANAPA,,,no_article_found,
UBOS,parish,KANYAMUTAMU,KUMI,KAKURES,,,no_article_found,
UBOS,parish,KAPASAK WARD,KUMI,ONGINO TOWN COUNCIL,,,no_article_found,
UBOS,parish,KAPOKIN,KUMI,ATUTUR,,,no_article_found,
UBOS,parish,KAPOLIN,KUMI,ONGINO,,,no_article_found,
UBOS,parish,KAPUWAI,KUMI,MUKONGORO,,,no_article_found,
UBOS,parish,KAREU,KUMI,ONGINO,,,no_article_found,
UBOS,parish,KATILEKORI,KUMI,KAMACA,,,no_article_found,
UBOS,parish,KEES WARD,KUMI,NYERO TOWN COUNCIL,,,no_article_found,
UBOS,parish,KITUBA,KUMI,KAKURES,,,no_article_found,
UBOS,parish,KOCHOPO,KUMI,KANAPA,,,no_article_found,
UBOS,parish,KODIKE WARD,KUMI,NYERO TOWN COUNCIL,,,no_article_found,
UBOS,parish,KODOKOTO,KUMI,KAKURES,,,no_article_found,
UBOS,parish,KODUKULU,KUMI,KANAPA,,,no_article_found,
UBOS,parish,KOGIL WARD,KUMI,KANYUM TOWN COUNCIL,,,no_article_found,
UBOS,parish,KOMOLO,KUMI,KADAMI,,,no_article_found,
UBOS,parish,KOMOLO,KUMI,OGOOMA,,,no_article_found,
UBOS,parish,KONGURA,KUMI,KANAPA,,,no_article_found,
UBOS,parish,MADANG,KUMI,KAKURES,,,no_article_found,
UBOS,parish,MORUIKARA,KUMI,NYERO,,,no_article_found,
UBOS,parish,MORUPEDED,KUMI,ONGINO,,,no_article_found,
UBOS,parish,NYAGUO,KUMI,KADAMI,,,no_article_found,
UBOS,parish,OBOKORA WARD,KUMI,KANYUM TOWN COUNCIL,,,no_article_found,
UBOS,parish,OBOSOI WARD,KUMI,NYERO TOWN COUNCIL,,,no_article_found,
UBOS,parish,OBOTIA,KUMI,KANAPA,,,no_article_found,
UBOS,parish,ODEIDEI WARD,KUMI,MUKONGORO TOWN COUNCIL,,,no_article_found,
UBOS,parish,ODEREKAI,KUMI,KAKURES,,,no_article_found,
UBOS,parish,ODIPAI,KUMI,OGOOMA,,,no_article_found,
UBOS,parish,ODOKOTO,KUMI,KAKURES,,,no_article_found,
UBOS,parish,ODOTOI,KUMI,KADAMI,,,no_article_found,
UBOS,parish,ODOTUNO,KUMI,KANYUM,,,no_article_found,
UBOS,parish,OGOOMA,KUMI,OGOOMA,,,no_article_found,
UBOS,parish,OGOSOI,KUMI,MUKONGORO,,,no_article_found,
UBOS,parish,OIDON,KUMI,MUKONGORO,,,no_article_found,
UBOS,parish,OJIE,KUMI,KAMACA,,,no_article_found,
UBOS,parish,OJIMOKA WARD,KUMI,MUKONGORO TOWN COUNCIL,,,no_article_found,
UBOS,parish,OJINGA,KUMI,MUKONGORO,,,no_article_found,
UBOS,parish,OKANYAPURIO,KUMI,OGOOMA,,,no_article_found,
UBOS,parish,OKARUKA,KUMI,KAKURES,,,no_article_found,
UBOS,parish,OKEITO WARD,KUMI,KANYUM TOWN COUNCIL,,,no_article_found,
UBOS,parish,OKEMER,KUMI,KAMACA,,,no_article_found,
UBOS,parish,OKONAI,KUMI,KAKURES,,,no_article_found,
UBOS,parish,OKOTA WARD,KUMI,ONGINO TOWN COUNCIL,,,no_article_found,
UBOS,parish,OKOUBA WARD,KUMI,NORTH DIVISION,,,no_article_found,
UBOS,parish,OKUDU,KUMI,MUKONGORO,,,no_article_found,
UBOS,parish,OKUDUMO,KUMI,MUKONGORO,,,no_article_found,
UBOS,parish,OKUKUNYAI,KUMI,KAKURES,,,no_article_found,
UBOS,parish,OLADOT,KUMI,MUKONGORO,,,no_article_found,
UBOS,parish,OLASAI WARD,KUMI,MUKONGORO TOWN COUNCIL,,,no_article_found,
UBOS,parish,OLEICO,KUMI,MUKONGORO,,,no_article_found,
UBOS,parish,OLIMAI,KUMI,KANYUM,,,no_article_found,
UBOS,parish,OLUMOT,KUMI,KAMACA,,,no_article_found,
UBOS,parish,OLUNGIA WARD,KUMI,SOUTH DIVISION,,,no_article_found,
UBOS,parish,OLUPE,KUMI,KUMI,,,no_article_found,
UBOS,parish,OLUWA,KUMI,KAKURES,,,no_article_found,
UBOS,parish,OMATAKIRIA,KUMI,NYERO,,,no_article_found,
UBOS,parish,OMATENGA,KUMI,KUMI,,,no_article_found,
UBOS,parish,OMEREIN WARD,KUMI,MUKONGORO TOWN COUNCIL,,,no_article_found,
UBOS,parish,OMINAI,KUMI,OGOOMA,,,no_article_found,
UBOS,parish,OMOLOKONYO,KUMI,NORTH DIVISION,,,no_article_found,
UBOS,parish,OMURANG,KUMI,KANYUM,,,no_article_found,
UBOS,parish,OMUSIKAN WARD,KUMI,MUKONGORO TOWN COUNCIL,,,no_article_found,
UBOS,parish,OMUSIO WARD,KUMI,MUKONGORO TOWN COUNCIL,,,no_article_found,
UBOS,parish,ONGARIO WARD,KUMI,KANYUM TOWN COUNCIL,,,no_article_found,
UBOS,parish,ONYAKELO,KUMI,KAKURES,,,no_article_found,
UBOS,parish,OOGORIA,KUMI,KUMI,,,no_article_found,
UBOS,parish,OPUT WARD,KUMI,KANYUM TOWN COUNCIL,,,no_article_found,
UBOS,parish,OSEERA,KUMI,ONGINO,,,no_article_found,
UBOS,parish,OSOPOTOIT,KUMI,MUKONGORO,,,no_article_found,
UBOS,parish,OTIISA,KUMI,KAMACA,,,no_article_found,
UBOS,parish,OTIPE WARD,KUMI,SOUTH DIVISION,,,no_article_found,
UBOS,parish,OURIESIK,KUMI,KAKURES,,,no_article_found,
UBOS,parish,TANK WARD,KUMI,SOUTH DIVISION,,,no_article_found,
UBOS,parish,TOTOLIM,KUMI,KANAPA,,,no_article_found,
UBOS,parish,ABANY,KWANIA,ABONGOMOLA,,,no_article_found,
UBOS,parish,ABAPIRI,KWANIA,CAWENTE,,,no_article_found,
UBOS,parish,ABOKO,KWANIA,ADUKU,,,no_article_found,
UBOS,parish,ABULI,KWANIA,AYABI,,,no_article_found,
UBOS,parish,ABWONG,KWANIA,AKALI,,,no_article_found,
UBOS,parish,ACENLWORO,KWANIA,ATONGTIDI,,,no_article_found,
UBOS,parish,ACULAWIC,KWANIA,AYABI,,,no_article_found,
UBOS,parish,ACUNGI,KWANIA,ABONGOMOLA,,,no_article_found,
UBOS,parish,ACWAO,KWANIA,NAMBIESO,,,no_article_found,
UBOS,parish,ADEROLONGO,KWANIA,AKALI,,,no_article_found,
UBOS,parish,ADOGRAO,KWANIA,CAWENTE,,,no_article_found,
UBOS,parish,ADYEDA,KWANIA,ADUKU,,,no_article_found,
UBOS,parish,AGOLOWELO,KWANIA,ATONGTIDI,,,no_article_found,
UBOS,parish,AGWA,KWANIA,AKALI,,,no_article_found,
UBOS,parish,AGWICIRI,KWANIA,INOMO,,,no_article_found,
UBOS,parish,AJAR,KWANIA,CAWENTE,,,no_article_found,
UBOS,parish,AKALI,KWANIA,AKALI,,,no_article_found,
UBOS,parish,ALEL,KWANIA,AKALI,,,no_article_found,
UBOS,parish,ALIDO,KWANIA,CAWENTE,,,no_article_found,
UBOS,parish,ALIRA,KWANIA,ADUKU,,,no_article_found,
UBOS,parish,ALUKA,KWANIA,INOMO,,,no_article_found,
UBOS,parish,AMORIGOGA,KWANIA,ABONGOMOLA,,,no_article_found,
UBOS,parish,ANWANGI,KWANIA,NAMBIESO,,,no_article_found,
UBOS,parish,AORNGA,KWANIA,NAMBIESO,,,no_article_found,
UBOS,parish,APOLIKA,KWANIA,CAWENTE,,,no_article_found,
UBOS,parish,ATONGTIDI,KWANIA,ATONGTIDI,,,no_article_found,
UBOS,parish,ATULE,KWANIA,CAWENTE,,,no_article_found,
UBOS,parish,AYABI WARD,KWANIA,AYABI TOWN COUNCIL,,,no_article_found,
UBOS,parish,BANYA,KWANIA,INOMO,,,no_article_found,
UBOS,parish,BUNG,KWANIA,AYABI,,,no_article_found,
UBOS,parish,CENTRAL WARD,KWANIA,AYABI TOWN COUNCIL,,,no_article_found,
UBOS,parish,ETEKIBER,KWANIA,NAMBIESO,,,no_article_found,
UBOS,parish,GOI,KWANIA,ATONGTIDI,,,no_article_found,
UBOS,parish,IKWERA WARD,KWANIA,ADUKU TOWN COUNCIL,,,no_article_found,
UBOS,parish,IWAL,KWANIA,ATONGTIDI,,,no_article_found,
UBOS,parish,OGWIL,KWANIA,AYABI,,,no_article_found,
UBOS,parish,OGWOK,KWANIA,ABONGOMOLA,,,no_article_found,
UBOS,parish,OJOKDOT,KWANIA,NAMBIESO,,,no_article_found,
UBOS,parish,ONGOCENG,KWANIA,ADUKU,,,no_article_found,
UBOS,parish,OWINY,KWANIA,AYABI,,,no_article_found,
UBOS,parish,PUNUATAR WARD,KWANIA,AYABI TOWN COUNCIL,,,no_article_found,
UBOS,parish,TEDUKA WARD,KWANIA,ADUKU TOWN COUNCIL,,,no_article_found,
UBOS,parish,TEIORO,KWANIA,ABONGOMOLA,,,no_article_found,
UBOS,parish,WIGWENG,KWANIA,ATONGTIDI,,,no_article_found,
UBOS,parish,ALOMAN,KWEEN,KAPTUM,,,no_article_found,
UBOS,parish,CHEBEREN,KWEEN,KASEKO,,,no_article_found,
UBOS,parish,CHEBINYINY,KWEEN,KAPTUM,,,no_article_found,
UBOS,parish,CHEMANGA WARD,KWEEN,KAPNARKUT TOWN COUNCIL,,,no_article_found,
UBOS,parish,CHEMINY,KWEEN,KAPTUM,,,no_article_found,
UBOS,parish,CHEMWANIA,KWEEN,KAPRORON,,,no_article_found,
UBOS,parish,CHEMWINA EAST WARD,KWEEN,KAPRORON TOWN COUNCIL,,,no_article_found,
UBOS,parish,CHEPKUBE,KWEEN,KWOSIR,,,no_article_found,
UBOS,parish,CHEPKUTUS,KWEEN,TUIKAT,,,no_article_found,
UBOS,parish,CHEPTANDAN,KWEEN,KWOSIR,,,no_article_found,
UBOS,parish,CHEPTERE WARD,KWEEN,CHEPSUKUNYA TOWN COUNCIL,,,no_article_found,
UBOS,parish,CHEPYAKANIET,KWEEN,BINYINY,,,no_article_found,
UBOS,parish,CHERAKAN,KWEEN,KAPKWATA,,,no_article_found,
UBOS,parish,CHERANGUT,KWEEN,KWOSIR,,,no_article_found,
UBOS,parish,KABACHIRIA,KWEEN,NGENGE,,,no_article_found,
UBOS,parish,KABELYO,KWEEN,MOYOK,,,no_article_found,
UBOS,parish,KAMASAREN WARD,KWEEN,KAPNARKUT TOWN COUNCIL,,,no_article_found,
UBOS,parish,KAMWAM,KWEEN,KAPRORON,,,no_article_found,
UBOS,parish,KAMWESA,KWEEN,KWANYIY,,,no_article_found,
UBOS,parish,KAPCHESIMET,KWEEN,MOYOK,,,no_article_found,
UBOS,parish,KAPEROTWO,KWEEN,KAPKWATA,,,no_article_found,
UBOS,parish,KAPKOCH,KWEEN,KAPTOYOY,,,no_article_found,
UBOS,parish,KAPKUNEROI WARD,KWEEN,KAPNARKUT TOWN COUNCIL,,,no_article_found,
UBOS,parish,KAPKWAIKOI,KWEEN,KWANYIY,,,no_article_found,
UBOS,parish,KAPKWATA,KWEEN,KAPKWATA,,,no_article_found,
UBOS,parish,KAPKWICH WARD,KWEEN,CHEPSUKUNYA TOWN COUNCIL,,,no_article_found,
UBOS,parish,KAPKWOROS,KWEEN,KAPKWATA,,,no_article_found,
UBOS,parish,KAPKWOROS WARD,KWEEN,BINYINY TOWN COUNCIL,,,no_article_found,
UBOS,parish,KAPKWOT,KWEEN,NGENGE,,,no_article_found,
UBOS,parish,KAPLAKATET WARD,KWEEN,KAPRORON TOWN COUNCIL,,,no_article_found,
UBOS,parish,KAPLEGEP,KWEEN,KWANYIY,,,no_article_found,
UBOS,parish,KAPLEKEPSOI,KWEEN,MOYOK,,,no_article_found,
UBOS,parish,KAPNARKUT WARD,KWEEN,KAPNARKUT TOWN COUNCIL,,,no_article_found,
UBOS,parish,KAPNGOTINY,KWEEN,KWOSIR,,,no_article_found,
UBOS,parish,KAPSOBOIWYO WARD,KWEEN,KAPNARKUT TOWN COUNCIL,,,no_article_found,
UBOS,parish,KAPSOMO WARD,KWEEN,KAPRORON TOWN COUNCIL,,,no_article_found,
UBOS,parish,KAPSWAMA,KWEEN,GREEK RIVER (KIRIKI),,,no_article_found,
UBOS,parish,KAPTENG,KWEEN,KAPTOYOY,,,no_article_found,
UBOS,parish,KAPTERIT,KWEEN,SUNDET,,,no_article_found,
UBOS,parish,KAPYATEI,KWEEN,MOYOK,,,no_article_found,
UBOS,parish,KASEKO,KWEEN,KASEKO,,,no_article_found,
UBOS,parish,KAWORYO,KWEEN,KWOSIR,,,no_article_found,
UBOS,parish,KERE,KWEEN,TUIKAT,,,no_article_found,
UBOS,parish,KERE,KWEEN,GREEK RIVER (KIRIKI),,,no_article_found,
UBOS,parish,KERE WARD,KWEEN,KAPRORON TOWN COUNCIL,,,no_article_found,
UBOS,parish,KEROP,KWEEN,KAPTOYOY,,,no_article_found,
UBOS,parish,KEWAKWEEN,KWEEN,KITAWOI,,,no_article_found,
UBOS,parish,KISONGI,KWEEN,BINYINY,,,no_article_found,
UBOS,parish,KISONGI WARD,KWEEN,BINYINY TOWN COUNCIL,,,no_article_found,
UBOS,parish,KITANY,KWEEN,BENET,,,no_article_found,
UBOS,parish,KONO,KWEEN,BINYINY,,,no_article_found,
UBOS,parish,KORITE,KWEEN,GREEK RIVER (KIRIKI),,,no_article_found,
UBOS,parish,KOROSI WARD,KWEEN,KAPRORON TOWN COUNCIL,,,no_article_found,
UBOS,parish,KUBOBEY,KWEEN,SUNDET,,,no_article_found,
UBOS,parish,KUSURUT,KWEEN,KAPKWATA,,,no_article_found,
UBOS,parish,KUTWECH,KWEEN,KWANYIY,,,no_article_found,
UBOS,parish,KWOBUS WARD,KWEEN,BINYINY TOWN COUNCIL,,,no_article_found,
UBOS,parish,KWORUS,KWEEN,KAPKWATA,,,no_article_found,
UBOS,parish,LIKIL,KWEEN,BENET,,,no_article_found,
UBOS,parish,MENGYA,KWEEN,BENET,,,no_article_found,
UBOS,parish,MOIGUT,KWEEN,TUIKAT,,,no_article_found,
UBOS,parish,MOYOK,KWEEN,MOYOK,,,no_article_found,
UBOS,parish,MULUNGWA,KWEEN,KASEKO,,,no_article_found,
UBOS,parish,MUNDA,KWEEN,KWANYIY,,,no_article_found,
UBOS,parish,NASAK WARD,KWEEN,CHEPSUKUNYA TOWN COUNCIL,,,no_article_found,
UBOS,parish,NGARIAMWET WARD,KWEEN,CHEPSUKUNYA TOWN COUNCIL,,,no_article_found,
UBOS,parish,NGORYEMWO,KWEEN,KAPTOYOY,,,no_article_found,
UBOS,parish,NYILIT,KWEEN,SUNDET,,,no_article_found,
UBOS,parish,NYIMEI,KWEEN,KWANYIY,,,no_article_found,
UBOS,parish,PISWA,KWEEN,BENET,,,no_article_found,
UBOS,parish,RARAWA,KWEEN,KAPRORON,,,no_article_found,
UBOS,parish,SIKWO,KWEEN,NGENGE,,,no_article_found,
UBOS,parish,SISMACH,KWEEN,KAPKWATA,,,no_article_found,
UBOS,parish,SOSHO,KWEEN,NGENGE,,,no_article_found,
UBOS,parish,SOSUR,KWEEN,TUIKAT,,,no_article_found,
UBOS,parish,SUMATON,KWEEN,KITAWOI,,,no_article_found,
UBOS,parish,SUMOTWO,KWEEN,KWANYIY,,,no_article_found,
UBOS,parish,TABAGON,KWEEN,BINYINY,,,no_article_found,
UBOS,parish,TABAGON,KWEEN,KITAWOI,,,no_article_found,
UBOS,parish,TAMBAJJA,KWEEN,KASEKO,,,no_article_found,
UBOS,parish,TARAGON,KWEEN,BENET,,,no_article_found,
UBOS,parish,TARAK,KWEEN,KITAWOI,,,no_article_found,
UBOS,parish,TERENPOY,KWEEN,KITAWOI,,,no_article_found,
UBOS,parish,TOLIL,KWEEN,TUIKAT,,,no_article_found,
UBOS,parish,TOPOT,KWEEN,KWOSIR,,,no_article_found,
UBOS,parish,TOSWO,KWEEN,KAPTOYOY,,,no_article_found,
UBOS,parish,TUIKAT,KWEEN,TUIKAT,,,no_article_found,
UBOS,parish,TUKUMO,KWEEN,BINYINY,,,no_article_found,
UBOS,parish,TULWO WARD,KWEEN,CHEPSUKUNYA TOWN COUNCIL,,,no_article_found,
UBOS,parish,YATUI,KWEEN,TUIKAT,,,no_article_found,
UBOS,parish,BAKUSEKAMAJJA WARD,KYANKWANZI,NTUNDA TOWN COUNCIL,,,no_article_found,
UBOS,parish,BAMBALA,KYANKWANZI,MUWANGI,,,no_article_found,
UBOS,parish,BANANYWA,KYANKWANZI,BANANYWA,,,no_article_found,
UBOS,parish,BIROBOKA WARD,KYANKWANZI,KYANKWANZI TOWN COUNCIL,,,no_article_found,
UBOS,parish,BUGOMOLWA,KYANKWANZI,NKANDWA,,,no_article_found,
UBOS,parish,BUGULUMA,KYANKWANZI,BYERIMA,,,no_article_found,
UBOS,parish,BUKWIRI WARD,KYANKWANZI,BUTEMBA TOWN COUNCIL,,,no_article_found,
UBOS,parish,BULAGWE,KYANKWANZI,KIRYANNONGO,,,no_article_found,
UBOS,parish,BULAMULA,KYANKWANZI,BUTEMBA,,,no_article_found,
UBOS,parish,BUMBIRI,KYANKWANZI,MULAGI,,,no_article_found,
UBOS,parish,BWAABA,KYANKWANZI,BANDA,,,no_article_found,
UBOS,parish,BYERIMA,KYANKWANZI,BYERIMA,,,no_article_found,
UBOS,parish,DDEGEYA,KYANKWANZI,MUWANGI,,,no_article_found,
UBOS,parish,GALA WARD,KYANKWANZI,KYANKWANZI TOWN COUNCIL,,,no_article_found,
UBOS,parish,KABUWUKA,KYANKWANZI,NKANDWA,,,no_article_found,
UBOS,parish,KABUYE,KYANKWANZI,NTWETWE,,,no_article_found,
UBOS,parish,KALAGI,KYANKWANZI,NSAMBYA,,,no_article_found,
UBOS,parish,KALAGI WARD,KYANKWANZI,MASODDE-KALAGI TOWN COUNCIL,,,no_article_found,
UBOS,parish,KALUKWAJJU WARD,KYANKWANZI,WATTUBA TOWN COUNCIL,,,no_article_found,
UBOS,parish,KAMIRAMBAZZI WARD,KYANKWANZI,BUTEMBA TOWN COUNCIL,,,no_article_found,
UBOS,parish,KAMUCOPE,KYANKWANZI,KIGANDO,,,no_article_found,
UBOS,parish,KAMUKANGA,KYANKWANZI,BYERIMA,,,no_article_found,
UBOS,parish,KAMUTIIKA,KYANKWANZI,BANDA,,,no_article_found,
UBOS,parish,KASEJERE,KYANKWANZI,KYANKWANZI,,,no_article_found,
UBOS,parish,KASEKKA,KYANKWANZI,KISALA,,,no_article_found,
UBOS,parish,KASIRIBYA,KYANKWANZI,BUTEMBA,,,no_article_found,
UBOS,parish,KASOOLO,KYANKWANZI,NKANDWA,,,no_article_found,
UBOS,parish,KATANABIRWA WARD,KYANKWANZI,BUTEMBA TOWN COUNCIL,,,no_article_found,
UBOS,parish,KATOVU,KYANKWANZI,BYERIMA,,,no_article_found,
UBOS,parish,KATUUGO,KYANKWANZI,NSAMBYA,,,no_article_found,
UBOS,parish,KAYINDIYINDI,KYANKWANZI,NTWETWE,,,no_article_found,
UBOS,parish,KIBABI WARD,KYANKWANZI,KYANKWANZI TOWN COUNCIL,,,no_article_found,
UBOS,parish,KIDUUMI,KYANKWANZI,WATTUBA,,,no_article_found,
UBOS,parish,KIGABWA,KYANKWANZI,KIGANDO,,,no_article_found,
UBOS,parish,KIGANGAZZI WARD,KYANKWANZI,NTUNDA TOWN COUNCIL,,,no_article_found,
UBOS,parish,KIGOMA WARD,KYANKWANZI,MASODDE-KALAGI TOWN COUNCIL,,,no_article_found,
UBOS,parish,KIGOMA WARD,KYANKWANZI,NTWETWE TOWN COUNCIL,,,no_article_found,
UBOS,parish,KIJUUBYA,KYANKWANZI,BYERIMA,,,no_article_found,
UBOS,parish,KIKOLIMBO,KYANKWANZI,WATTUBA,,,no_article_found,
UBOS,parish,KIKONDA,KYANKWANZI,NSAMBYA,,,no_article_found,
UBOS,parish,KIKUUBYA,KYANKWANZI,KISALA,,,no_article_found,
UBOS,parish,KIRIMBI,KYANKWANZI,BANANYWA,,,no_article_found,
UBOS,parish,KIRYAJOBYO,KYANKWANZI,GAYAZA,,,no_article_found,
UBOS,parish,KIRYAMUSUNKU,KYANKWANZI,BYERIMA,,,no_article_found,
UBOS,parish,KIRYANNONGO,KYANKWANZI,BANANYWA,,,no_article_found,
UBOS,parish,KIRYANNONGO,KYANKWANZI,KIRYANNONGO,,,no_article_found,
UBOS,parish,KISALA,KYANKWANZI,KISALA,,,no_article_found,
UBOS,parish,KISOLOOZA,KYANKWANZI,WATTUBA,,,no_article_found,
UBOS,parish,KISOMESA,KYANKWANZI,KIRYANNONGO,,,no_article_found,
UBOS,parish,KISOODO,KYANKWANZI,BANANYWA,,,no_article_found,
UBOS,parish,KITEESA WARD,KYANKWANZI,NTUNDA TOWN COUNCIL,,,no_article_found,
UBOS,parish,KITEREDDE,KYANKWANZI,BYERIMA,,,no_article_found,
UBOS,parish,KITEREDDE,KYANKWANZI,MULAGI,,,no_article_found,
UBOS,parish,KITWALA,KYANKWANZI,MUWANGI,,,no_article_found,
UBOS,parish,KIWAGUZI,KYANKWANZI,MULAGI,,,no_article_found,
UBOS,parish,KIYIGIKWA,KYANKWANZI,NSAMBYA,,,no_article_found,
UBOS,parish,KIYOMBYA WARD,KYANKWANZI,WATTUBA TOWN COUNCIL,,,no_article_found,
UBOS,parish,KYAKABUGA,KYANKWANZI,NSAMBYA,,,no_article_found,
UBOS,parish,KYAMUSAKAZI,KYANKWANZI,NSAMBYA,,,no_article_found,
UBOS,parish,KYENDA,KYANKWANZI,BUTEMBA,,,no_article_found,
UBOS,parish,LUWAWU,KYANKWANZI,MULAGI,,,no_article_found,
UBOS,parish,LUWUUNA,KYANKWANZI,KISALA,,,no_article_found,
UBOS,parish,LWABALANGA,KYANKWANZI,BUTEMBA,,,no_article_found,
UBOS,parish,LWAMAGAALI,KYANKWANZI,BUTEMBA,,,no_article_found,
UBOS,parish,LWANJALE WARD,KYANKWANZI,NTWETWE TOWN COUNCIL,,,no_article_found,
UBOS,parish,LWANSAMA,KYANKWANZI,WATTUBA,,,no_article_found,
UBOS,parish,LWEBISANJA WARD,KYANKWANZI,KYANKWANZI TOWN COUNCIL,,,no_article_found,
UBOS,parish,LWEBISIRIZA WARD,KYANKWANZI,BUTEMBA TOWN COUNCIL,,,no_article_found,
UBOS,parish,LWEMIGANDA,KYANKWANZI,BANDA,,,no_article_found,
UBOS,parish,LWENDAGI,KYANKWANZI,BUTEMBA,,,no_article_found,
UBOS,parish,LWENKONGE WARD,KYANKWANZI,BUTEMBA TOWN COUNCIL,,,no_article_found,
UBOS,parish,MASODDE WARD,KYANKWANZI,MASODDE-KALAGI TOWN COUNCIL,,,no_article_found,
UBOS,parish,MBAALI,KYANKWANZI,NSAMBYA,,,no_article_found,
UBOS,parish,MBOGOBBIRI,KYANKWANZI,KIGANDO,,,no_article_found,
UBOS,parish,MISAGO,KYANKWANZI,BUTEMBA,,,no_article_found,
UBOS,parish,MPANGO,KYANKWANZI,KYANKWANZI,,,no_article_found,
UBOS,parish,MUJUNZA WARD,KYANKWANZI,NTUNDA TOWN COUNCIL,,,no_article_found,
UBOS,parish,MUWANGI,KYANKWANZI,MUWANGI,,,no_article_found,
UBOS,parish,NABITAKULI,KYANKWANZI,BUTEMBA,,,no_article_found,
UBOS,parish,NABULEMBEKO,KYANKWANZI,WATTUBA,,,no_article_found,
UBOS,parish,NAKITEMBE WARD,KYANKWANZI,WATTUBA TOWN COUNCIL,,,no_article_found,
UBOS,parish,NAKIVUBO,KYANKWANZI,KISALA,,,no_article_found,
UBOS,parish,NATYOLE,KYANKWANZI,KIRYANNONGO,,,no_article_found,
UBOS,parish,NCUCWE,KYANKWANZI,KIRYANNONGO,,,no_article_found,
UBOS,parish,NDAWERINGA WARD,KYANKWANZI,NTUNDA TOWN COUNCIL,,,no_article_found,
UBOS,parish,NDIBATA WARD,KYANKWANZI,NTWETWE TOWN COUNCIL,,,no_article_found,
UBOS,parish,NKANDWA,KYANKWANZI,NKANDWA,,,no_article_found,
UBOS,parish,NTEYERA WARD,KYANKWANZI,KYANKWANZI TOWN COUNCIL,,,no_article_found,
UBOS,parish,NTIBA,KYANKWANZI,NKANDWA,,,no_article_found,
UBOS,parish,NTUUTI WARD,KYANKWANZI,NTWETWE TOWN COUNCIL,,,no_article_found,
UBOS,parish,NTWETWE UPPER WARD,KYANKWANZI,NTWETWE TOWN COUNCIL,,,no_article_found,
UBOS,parish,NYABWEYO,KYANKWANZI,KYANKWANZI,,,no_article_found,
UBOS,parish,RWENGAJU WARD,KYANKWANZI,KYANKWANZI TOWN COUNCIL,,,no_article_found,
UBOS,parish,RWENGIRI WARD,KYANKWANZI,BUTEMBA TOWN COUNCIL,,,no_article_found,
UBOS,parish,SIRIMULA,KYANKWANZI,NTWETWE,,,no_article_found,
UBOS,parish,VVUMBA WARD,KYANKWANZI,MASODDE-KALAGI TOWN COUNCIL,,,no_article_found,
UBOS,parish,BUGIDO WARD,KYEGEGWA,MPARA TOWN COUNCIL,,,no_article_found,
UBOS,parish,BUGOGO WARD,KYEGEGWA,BUGOGO TOWN COUNCIL,,,no_article_found,
UBOS,parish,BUJUBULI,KYEGEGWA,NKANJA,,,no_article_found,
UBOS,parish,BUKERE,KYEGEGWA,KYAKA II REFUGEE CAMP,,,no_article_found,
UBOS,parish,BULITI,KYEGEGWA,KYAKA II REFUGEE CAMP,,,no_article_found,
UBOS,parish,BURARO WARD,KYEGEGWA,KAKABARA TOWN COUNCIL,,,no_article_found,
UBOS,parish,BWIRIZA,KYEGEGWA,KYAKA II REFUGEE CAMP,,,no_article_found,
UBOS,parish,BYABAKORA,KYEGEGWA,KYAKA II REFUGEE CAMP,,,no_article_found,
UBOS,parish,HAMUYAGA WARD,KYEGEGWA,BUGOGO TOWN COUNCIL,,,no_article_found,
UBOS,parish,IRINGA,KYEGEGWA,HAPUUYO,,,no_article_found,
UBOS,parish,ISUNGA,KYEGEGWA,NKAAKWA,,,no_article_found,
UBOS,parish,ITAMBABINIGA,KYEGEGWA,KYAKA II REFUGEE CAMP,,,no_article_found,
UBOS,parish,KABAGARA WARD,KYEGEGWA,BUGOGO TOWN COUNCIL,,,no_article_found,
UBOS,parish,KABARABA,KYEGEGWA,RWENTUHA,,,no_article_found,
UBOS,parish,KABOROGOTA,KYEGEGWA,KYAKA II REFUGEE CAMP,,,no_article_found,
UBOS,parish,KABWEZA,KYEGEGWA,KYEGEGWA,,,no_article_found,
UBOS,parish,KAHUNGURA,KYEGEGWA,MIGAMBA,,,no_article_found,
UBOS,parish,KAINGANI,KYEGEGWA,NKAAKWA,,,no_article_found,
UBOS,parish,KAKONI,KYEGEGWA,KYAKA II REFUGEE CAMP,,,no_article_found,
UBOS,parish,KAKONI,KYEGEGWA,NKANJA,,,no_article_found,
UBOS,parish,KARAMA,KYEGEGWA,KASULE,,,no_article_found,
UBOS,parish,KARUMAIMA WARD,KYEGEGWA,HAPUUYO TOWN COUNCIL,,,no_article_found,
UBOS,parish,KARWENYI,KYEGEGWA,RUYONZA,,,no_article_found,
UBOS,parish,KASABANWA,KYEGEGWA,MIGAMBA,,,no_article_found,
UBOS,parish,KATAMBA,KYEGEGWA,KYATEGA,,,no_article_found,
UBOS,parish,KATIIRWE,KYEGEGWA,RUYONZA,,,no_article_found,
UBOS,parish,KIBIRA WARD,KYEGEGWA,KYEGEGWA TOWN COUNCIL,,,no_article_found,
UBOS,parish,KIBUUBA,KYEGEGWA,KASULE,,,no_article_found,
UBOS,parish,KIGAMBO,KYEGEGWA,KIGAMBO,,,no_article_found,
UBOS,parish,KIGORANI,KYEGEGWA,MIGONGWE,,,no_article_found,
UBOS,parish,KIHAGUZI,KYEGEGWA,KAKABARA,,,no_article_found,
UBOS,parish,KIHAMBA,KYEGEGWA,KYEGEGWA,,,no_article_found,
UBOS,parish,KIJAGUZO,KYEGEGWA,KAKABARA,,,no_article_found,
UBOS,parish,KIJONGOBYA,KYEGEGWA,RUYONZA,,,no_article_found,
UBOS,parish,KIJUMA,KYEGEGWA,HAPUUYO,,,no_article_found,
UBOS,parish,KIKYEDO WARD,KYEGEGWA,KAKABARA TOWN COUNCIL,,,no_article_found,
UBOS,parish,KIREMBA,KYEGEGWA,RUYONZA,,,no_article_found,
UBOS,parish,KIRYABYOOMA,KYEGEGWA,MPARA,,,no_article_found,
UBOS,parish,KISAMBYA WARD,KYEGEGWA,MPARA TOWN COUNCIL,,,no_article_found,
UBOS,parish,KISHAGAZI,KYEGEGWA,RUYONZA,,,no_article_found,
UBOS,parish,KISOIRA,KYEGEGWA,MIGONGWE,,,no_article_found,
UBOS,parish,KITALEESA WARD,KYEGEGWA,HAPUUYO TOWN COUNCIL,,,no_article_found,
UBOS,parish,KITEMBE,KYEGEGWA,MIGAMBA,,,no_article_found,
UBOS,parish,KYABULIKUYA,KYEGEGWA,NKANJA,,,no_article_found,
UBOS,parish,KYAMAGABU,KYEGEGWA,NKANJA,,,no_article_found,
UBOS,parish,KYANKUNYULE,KYEGEGWA,MIGONGWE,,,no_article_found,
UBOS,parish,KYANYAMBALI,KYEGEGWA,KIGAMBO,,,no_article_found,
UBOS,parish,KYARUJUMBA,KYEGEGWA,RWENTUHA,,,no_article_found,
UBOS,parish,KYARWEHUTA,KYEGEGWA,KAKABARA,,,no_article_found,
UBOS,parish,KYATEGA,KYEGEGWA,KYATEGA,,,no_article_found,
UBOS,parish,KYESHOMBIRE,KYEGEGWA,RWENTUHA,,,no_article_found,
UBOS,parish,LYARUHINDA,KYEGEGWA,NKAAKWA,,,no_article_found,
UBOS,parish,MABYARRA WARD,KYEGEGWA,BUGOGO TOWN COUNCIL,,,no_article_found,
UBOS,parish,MAGOMA,KYEGEGWA,KIGAMBO,,,no_article_found,
UBOS,parish,MIGAMBA,KYEGEGWA,MIGAMBA,,,no_article_found,
UBOS,parish,MIGONGWE,KYEGEGWA,MIGONGWE,,,no_article_found,
UBOS,parish,MUKONDA,KYEGEGWA,HAPUUYO,,,no_article_found,
UBOS,parish,MUKONDO,KYEGEGWA,KYAKA II REFUGEE CAMP,,,no_article_found,
UBOS,parish,MUSANJU WARD,KYEGEGWA,MPARA TOWN COUNCIL,,,no_article_found,
UBOS,parish,MUZIIZI WARD,KYEGEGWA,HAPUUYO TOWN COUNCIL,,,no_article_found,
UBOS,parish,NGANGI,KYEGEGWA,RWENTUHA,,,no_article_found,
UBOS,parish,NGANGI WARD,KYEGEGWA,BUGOGO TOWN COUNCIL,,,no_article_found,
UBOS,parish,NKAAKA WARD,KYEGEGWA,KYEGEGWA TOWN COUNCIL,,,no_article_found,
UBOS,parish,NKAAKWA,KYEGEGWA,NKAAKWA,,,no_article_found,
UBOS,parish,NKOMANGANI,KYEGEGWA,KYATEGA,,,no_article_found,
UBOS,parish,NSONDAITANO WARD,KYEGEGWA,MPARA TOWN COUNCIL,,,no_article_found,
UBOS,parish,NSONGA,KYEGEGWA,MIGAMBA,,,no_article_found,
UBOS,parish,NYAKATOMA,KYEGEGWA,MPARA,,,no_article_found,
UBOS,parish,NYAMUGURA WARD,KYEGEGWA,HAPUUYO TOWN COUNCIL,,,no_article_found,
UBOS,parish,NYAMUHANAMI WARD,KYEGEGWA,KYEGEGWA TOWN COUNCIL,,,no_article_found,
UBOS,parish,RUCWAMIIGO,KYEGEGWA,HAPUUYO,,,no_article_found,
UBOS,parish,RUHANGIRE,KYEGEGWA,RWENTUHA,,,no_article_found,
UBOS,parish,RUSHAYUMBE WARD,KYEGEGWA,KAZINGA TOWN COUNCIL,,,no_article_found,
UBOS,parish,RUTARAKA WARD,KYEGEGWA,KAZINGA TOWN COUNCIL,,,no_article_found,
UBOS,parish,RWAHUNGA,KYEGEGWA,MPARA,,,no_article_found,
UBOS,parish,SOOBA,KYEGEGWA,MIGAMBA,,,no_article_found,
UBOS,parish,SWESWE,KYEGEGWA,KYAKA II REFUGEE CAMP,,,no_article_found,
UBOS,parish,SWESWE,KYEGEGWA,KYEGEGWA,,,no_article_found,
UBOS,parish,BARAHIIJA,KYENJOJO,KYARUSOZI,,,no_article_found,
UBOS,parish,BATALIKA,KYENJOJO,BATALIKA,,,no_article_found,
UBOS,parish,BIBUYE WARD,KYENJOJO,KISOJO TOWN COUNCIL,,,no_article_found,
UBOS,parish,BIGANDO,KYENJOJO,BATALIKA,,,no_article_found,
UBOS,parish,BINUNDA WARD,KYENJOJO,KYARUSOZI TOWN COUNCIL,,,no_article_found,
UBOS,parish,BUCUNI WARD,KYENJOJO,KYENJOJO TOWN COUNCIL,,,no_article_found,
UBOS,parish,BUHAZA WARD,KYENJOJO,KYARUSOZI TOWN COUNCIL,,,no_article_found,
UBOS,parish,BUHYABUNGA WARD,KYENJOJO,MBALE TOWN COUNCIL,,,no_article_found,
UBOS,parish,BUKONGWA,KYENJOJO,BUFUNJO,,,no_article_found,
UBOS,parish,BULEZI WARD,KYENJOJO,MBALE TOWN COUNCIL,,,no_article_found,
UBOS,parish,BURARO,KYENJOJO,NYANTUNGO,,,no_article_found,
UBOS,parish,BUSASA,KYENJOJO,BUGAAKI,,,no_article_found,
UBOS,parish,BUTARA WARD,KYENJOJO,RUGOMBE TOWN COUNCIL,,,no_article_found,
UBOS,parish,BUTUBIRI WARD,KYENJOJO,BUTUNDUZI TOWN COUNCIL,,,no_article_found,
UBOS,parish,BUTUNDUZI WARD,KYENJOJO,BUTUNDUZI TOWN COUNCIL,,,no_article_found,
UBOS,parish,BWAHURRO,KYENJOJO,KATOOKE,,,no_article_found,
UBOS,parish,BWENZI,KYENJOJO,BUTIITI,,,no_article_found,
UBOS,parish,BYERWA,KYENJOJO,KANYEGARAMIRE,,,no_article_found,
UBOS,parish,ENJERU,KYENJOJO,NYAKISI,,,no_article_found,
UBOS,parish,HAIKONA WARD,KYENJOJO,MABIRA TOWN COUNCIL,,,no_article_found,
UBOS,parish,HAKATOMA WARD,KYENJOJO,KYENJOJO TOWN COUNCIL,,,no_article_found,
UBOS,parish,HIIMA,KYENJOJO,BUGAAKI,,,no_article_found,
UBOS,parish,IBOROOGA WARD,KYENJOJO,KATOOKE TOWN COUNCIL,,,no_article_found,
UBOS,parish,IGAALI WARD,KYENJOJO,BUTUNDUZI TOWN COUNCIL,,,no_article_found,
UBOS,parish,IGOMA,KYENJOJO,KIGOYERA,,,no_article_found,
UBOS,parish,IHAMBA,KYENJOJO,NYANTUNGO,,,no_article_found,
UBOS,parish,IKAMIRO,KYENJOJO,KIGARAALE,,,no_article_found,
UBOS,parish,ISANDARA,KYENJOJO,BUTIITI,,,no_article_found,
UBOS,parish,KABAALE,KYENJOJO,KIGARAALE,,,no_article_found,
UBOS,parish,KABATOORO,KYENJOJO,NYAKISI,,,no_article_found,
UBOS,parish,KABIRIZI,KYENJOJO,NYABUHARWA,,,no_article_found,
UBOS,parish,KAFUNDA,KYENJOJO,NYAKISI,,,no_article_found,
UBOS,parish,KAGORRA,KYENJOJO,NYAKISI,,,no_article_found,
UBOS,parish,KAIGORO WARD,KYENJOJO,MBALE TOWN COUNCIL,,,no_article_found,
UBOS,parish,KAIHURA,KYENJOJO,BUTIITI,,,no_article_found,
UBOS,parish,KAISAMBA,KYENJOJO,KYARUSOZI,,,no_article_found,
UBOS,parish,KAITANYANA,KYENJOJO,NYANKWANZI,,,no_article_found,
UBOS,parish,KAKUBA WARD,KYENJOJO,KATOOKE TOWN COUNCIL,,,no_article_found,
UBOS,parish,KAMAZIMA,KYENJOJO,NYANKWANZI,,,no_article_found,
UBOS,parish,KAMUGASA WARD,KYENJOJO,MBALE TOWN COUNCIL,,,no_article_found,
UBOS,parish,KANDAMA WARD,KYENJOJO,KIFUKA TOWN COUNCIL,,,no_article_found,
UBOS,parish,KANGONDO WARD,KYENJOJO,KYAKATWIRE TOWN COUNCIL,,,no_article_found,
UBOS,parish,KANYANDAHI,KYENJOJO,NYANTUNGO,,,no_article_found,
UBOS,parish,KANYEGARAMIRE,KYENJOJO,KANYEGARAMIRE,,,no_article_found,
UBOS,parish,KANYINYA,KYENJOJO,BUTUNDUZI,,,no_article_found,
UBOS,parish,KASABA,KYENJOJO,KYEMBOGO,,,no_article_found,
UBOS,parish,KASAMBA,KYENJOJO,BUGAAKI,,,no_article_found,
UBOS,parish,KASIINA WARD,KYENJOJO,KYENJOJO TOWN COUNCIL,,,no_article_found,
UBOS,parish,KASWA,KYENJOJO,NYABIRONGO,,,no_article_found,
UBOS,parish,KATAMBALE,KYENJOJO,KIGOYERA,,,no_article_found,
UBOS,parish,KATARA WARD,KYENJOJO,KATOOKE TOWN COUNCIL,,,no_article_found,
UBOS,parish,KATARAZA,KYENJOJO,BUFUNJO,,,no_article_found,
UBOS,parish,KATEGERE,KYENJOJO,BUFUNJO,,,no_article_found,
UBOS,parish,KAWARUJU,KYENJOJO,KIHUURA,,,no_article_found,
UBOS,parish,KIBIRA,KYENJOJO,NYANTUNGO,,,no_article_found,
UBOS,parish,KIGOYERA,KYENJOJO,KIGOYERA,,,no_article_found,
UBOS,parish,KIGUNDA WARD,KYENJOJO,KISOJO TOWN COUNCIL,,,no_article_found,
UBOS,parish,KIHANI WARD,KYENJOJO,KYAMUTUNZI TOWN COUNCIL,,,no_article_found,
UBOS,parish,KIHARA WARD,KYENJOJO,KYARUSOZI TOWN COUNCIL,,,no_article_found,
UBOS,parish,KIJEBERE,KYENJOJO,BATALIKA,,,no_article_found,
UBOS,parish,KIJENGI,KYENJOJO,KITEGA,,,no_article_found,
UBOS,parish,KIJUMA WARD,KYENJOJO,KYENJOJO TOWN COUNCIL,,,no_article_found,
UBOS,parish,KIJWEKA,KYENJOJO,KIHUURA,,,no_article_found,
UBOS,parish,KIJWIGA,KYENJOJO,KATOOKE,,,no_article_found,
UBOS,parish,KIKODA,KYENJOJO,KISOJO,,,no_article_found,
UBOS,parish,KIKUMIRO,KYENJOJO,KIGARAALE,,,no_article_found,
UBOS,parish,KINOGERO,KYENJOJO,KATOOKE,,,no_article_found,
UBOS,parish,KINUBI WARD,KYENJOJO,MBALE TOWN COUNCIL,,,no_article_found,
UBOS,parish,KINYANTALE,KYENJOJO,NYABUHARWA,,,no_article_found,
UBOS,parish,KIRONGO WARD,KYENJOJO,KYENJOJO TOWN COUNCIL,,,no_article_found,
UBOS,parish,KISANGI,KYENJOJO,NYABIRONGO,,,no_article_found,
UBOS,parish,KISANGI WARD,KYENJOJO,RUGOMBE TOWN COUNCIL,,,no_article_found,
UBOS,parish,KISANSA,KYENJOJO,BATALIKA,,,no_article_found,
UBOS,parish,KISENGYA,KYENJOJO,KIGARAALE,,,no_article_found,
UBOS,parish,KISENGYA,KYENJOJO,KITEGA,,,no_article_found,
UBOS,parish,KITAIHUKA WARD,KYENJOJO,MABIRA TOWN COUNCIL,,,no_article_found,
UBOS,parish,KITEGA,KYENJOJO,KITEGA,,,no_article_found,
UBOS,parish,KITONGOLE,KYENJOJO,KISOJO,,,no_article_found,
UBOS,parish,KITUGUTU,KYENJOJO,KIGOYERA,,,no_article_found,
UBOS,parish,KYABAGONZA,KYENJOJO,BUGAAKI,,,no_article_found,
UBOS,parish,KYABARANGA,KYENJOJO,BUGAAKI,,,no_article_found,
UBOS,parish,KYAKABOYO,KYENJOJO,KATOOKE,,,no_article_found,
UBOS,parish,KYAKASANA,KYENJOJO,NYABIRONGO,,,no_article_found,
UBOS,parish,KYAKATWIRE WARD,KYENJOJO,KYAKATWIRE TOWN COUNCIL,,,no_article_found,
UBOS,parish,KYAMITARA WARD,KYENJOJO,KISOJO TOWN COUNCIL,,,no_article_found,
UBOS,parish,KYAMUGARRA,KYENJOJO,KANYEGARAMIRE,,,no_article_found,
UBOS,parish,KYAMUGENYI,KYENJOJO,KYEMBOGO,,,no_article_found,
UBOS,parish,KYAMUGENYI WARD,KYENJOJO,KYARUSOZI TOWN COUNCIL,,,no_article_found,
UBOS,parish,KYAMUTASA,KYENJOJO,NYANTUNGO,,,no_article_found,
UBOS,parish,KYANKARAMATA,KYENJOJO,KIHUURA,,,no_article_found,
UBOS,parish,KYANYABONGO WARD,KYENJOJO,KATOOKE TOWN COUNCIL,,,no_article_found,
UBOS,parish,KYANYAMUGABO WARD,KYENJOJO,BUTUNDUZI TOWN COUNCIL,,,no_article_found,
UBOS,parish,KYANYAMUKWAYA,KYENJOJO,BUGAAKI,,,no_article_found,
UBOS,parish,KYANYINAIBALE,KYENJOJO,KYARUSOZI,,,no_article_found,
UBOS,parish,KYASIGIREKI WARD,KYENJOJO,MABIRA TOWN COUNCIL,,,no_article_found,
UBOS,parish,KYONGERA,KYENJOJO,KYARUSOZI,,,no_article_found,
UBOS,parish,MABIRA WARD,KYENJOJO,MABIRA TOWN COUNCIL,,,no_article_found,
UBOS,parish,MABUGA,KYENJOJO,KIGARAALE,,,no_article_found,
UBOS,parish,MABWONWA,KYENJOJO,NYANTUNGO,,,no_article_found,
UBOS,parish,MBURARA,KYENJOJO,BATALIKA,,,no_article_found,
UBOS,parish,MIHIKIRO WARD,KYENJOJO,MBALE TOWN COUNCIL,,,no_article_found,
UBOS,parish,MIHONDO WARD,KYENJOJO,RUGOMBE TOWN COUNCIL,,,no_article_found,
UBOS,parish,MISANDIKA WARD,KYENJOJO,KYENJOJO TOWN COUNCIL,,,no_article_found,
UBOS,parish,MITOMA,KYENJOJO,BUGAAKI,,,no_article_found,
UBOS,parish,MUBEMBE,KYENJOJO,BATALIKA,,,no_article_found,
UBOS,parish,MUGALI,KYENJOJO,BUTUNDUZI,,,no_article_found,
UBOS,parish,MUGOMA WARD,KYENJOJO,MBALE TOWN COUNCIL,,,no_article_found,
UBOS,parish,MUKONOMURA WARD,KYENJOJO,BUTUNDUZI TOWN COUNCIL,,,no_article_found,
UBOS,parish,MUKUNYU WARD,KYENJOJO,BUTIITI TOWN COUNCIL,,,no_article_found,
UBOS,parish,MUZIZI WARD,KYENJOJO,KYAMUTUNZI TOWN COUNCIL,,,no_article_found,
UBOS,parish,MWARO WARD,KYENJOJO,KATOOKE TOWN COUNCIL,,,no_article_found,
UBOS,parish,MWIBAALE WARD,KYENJOJO,KYAKATWIRE TOWN COUNCIL,,,no_article_found,
UBOS,parish,MWOKYA,KYENJOJO,KIGOYERA,,,no_article_found,
UBOS,parish,MYERI,KYENJOJO,KATOOKE,,,no_article_found,
UBOS,parish,NAKAHUKA,KYENJOJO,BUTUNDUZI,,,no_article_found,
UBOS,parish,NGOMBE,KYENJOJO,KIHUURA,,,no_article_found,
UBOS,parish,NSANJA,KYENJOJO,NYABIRONGO,,,no_article_found,
UBOS,parish,NSINDE,KYENJOJO,KYARUSOZI,,,no_article_found,
UBOS,parish,NTOOMA WARD,KYENJOJO,KYENJOJO TOWN COUNCIL,,,no_article_found,
UBOS,parish,NTUNTU,KYENJOJO,NYANTUNGO,,,no_article_found,
UBOS,parish,NTURAGYE,KYENJOJO,NYANKWANZI,,,no_article_found,
UBOS,parish,NYABIRONGO,KYENJOJO,NYABIRONGO,,,no_article_found,
UBOS,parish,NYABURARA,KYENJOJO,KYEMBOGO,,,no_article_found,
UBOS,parish,NYAIBANDA,KYENJOJO,KIGARAALE,,,no_article_found,
UBOS,parish,NYAKATOMA,KYENJOJO,BUTUNDUZI,,,no_article_found,
UBOS,parish,NYAKISI,KYENJOJO,NYAKISI,,,no_article_found,
UBOS,parish,NYAKITOJO WARD,KYENJOJO,KYARUSOZI TOWN COUNCIL,,,no_article_found,
UBOS,parish,NYAMABUGA WARD,KYENJOJO,RUGOMBE TOWN COUNCIL,,,no_article_found,
UBOS,parish,NYAMANGA WARD,KYENJOJO,KIFUKA TOWN COUNCIL,,,no_article_found,
UBOS,parish,NYAMICU,KYENJOJO,KANYEGARAMIRE,,,no_article_found,
UBOS,parish,NYAMYEZI,KYENJOJO,NYANKWANZI,,,no_article_found,
UBOS,parish,RUBAKA WARD,KYENJOJO,BUTUNDUZI TOWN COUNCIL,,,no_article_found,
UBOS,parish,RUBANGO,KYENJOJO,NYAKISI,,,no_article_found,
UBOS,parish,RUGOMBE WARD,KYENJOJO,RUGOMBE TOWN COUNCIL,,,no_article_found,
UBOS,parish,RUGORRA,KYENJOJO,BUTUNDUZI,,,no_article_found,
UBOS,parish,RUHOKO,KYENJOJO,NYANTUNGO,,,no_article_found,
UBOS,parish,RUKUKURU,KYENJOJO,KITEGA,,,no_article_found,
UBOS,parish,RWAMUKORA,KYENJOJO,KATOOKE,,,no_article_found,
UBOS,parish,RWEITENGYA,KYENJOJO,KISOJO,,,no_article_found,
UBOS,parish,RWENJAZA,KYENJOJO,BUFUNJO,,,no_article_found,
UBOS,parish,RWENYUNYUZI WARD,KYENJOJO,BUTUNDUZI TOWN COUNCIL,,,no_article_found,
UBOS,parish,RWIBALE WARD,KYENJOJO,BUTUNDUZI TOWN COUNCIL,,,no_article_found,
UBOS,parish,BETHELEHEM,KYOTERA,NABIGASA,,,no_article_found,
UBOS,parish,BIGADA,KYOTERA,KAKUUTO,,,no_article_found,
UBOS,parish,BISANJE,KYOTERA,KABIRA,,,no_article_found,
UBOS,parish,BIWA WARD,KYOTERA,MUTUKULA TOWN COUNCIL,,,no_article_found,
UBOS,parish,BUKWALE,KYOTERA,NANGOMA,,,no_article_found,
UBOS,parish,BUYIISA,KYOTERA,KIRUMBA,,,no_article_found,
UBOS,parish,BUZIRANDUULU WARD,KYOTERA,KASAALI TOWN COUNCIL,,,no_article_found,
UBOS,parish,BWAMIJJA,KYOTERA,KABIRA,,,no_article_found,
UBOS,parish,BYERIMA,KYOTERA,KIRUMBA,,,no_article_found,
UBOS,parish,CENTRAL A WARD,KYOTERA,KASENSERO TOWN COUNCIL,,,no_article_found,
UBOS,parish,CENTRAL B WARD,KYOTERA,KASENSERO TOWN COUNCIL,,,no_article_found,
UBOS,parish,CENTRAL WARD,KYOTERA,MUTUKULA TOWN COUNCIL,,,no_article_found,
UBOS,parish,CENTRAL WARD,KYOTERA,KYOTERA TOWN COUNCIL,,,no_article_found,
UBOS,parish,GWANDA,KYOTERA,KYEBE,,,no_article_found,
UBOS,parish,INDUSTRIAL AREA,KYOTERA,KYOTERA TOWN COUNCIL,,,no_article_found,
UBOS,parish,KABUWOKO,KYOTERA,KIRUMBA,,,no_article_found,
UBOS,parish,KAGERA A WARD,KYOTERA,KASENSERO TOWN COUNCIL,,,no_article_found,
UBOS,parish,KAGERA B WARD,KYOTERA,KASENSERO TOWN COUNCIL,,,no_article_found,
UBOS,parish,KAKOMA,KYOTERA,KALISIZO,,,no_article_found,
UBOS,parish,KANABULEMU,KYOTERA,KYEBE,,,no_article_found,
UBOS,parish,KASANVU WARD,KYOTERA,MUTUKULA TOWN COUNCIL,,,no_article_found,
UBOS,parish,KATOVU,KYOTERA,KAKUUTO,,,no_article_found,
UBOS,parish,KIBUMBA,KYOTERA,KYEBE,,,no_article_found,
UBOS,parish,KIBUTAMO,KYOTERA,LWANKONI,,,no_article_found,
UBOS,parish,KIGENYA WARD,KYOTERA,KASAALI TOWN COUNCIL,,,no_article_found,
UBOS,parish,KIJEJJA,KYOTERA,NABIGASA,,,no_article_found,
UBOS,parish,KIJONJO,KYOTERA,KASASA,,,no_article_found,
UBOS,parish,KIKUNGWE,KYOTERA,KALISIZO,,,no_article_found,
UBOS,parish,KIMUKUNDA,KYOTERA,KASASA,,,no_article_found,
UBOS,parish,KISUNKU,KYOTERA,LWANKONI,,,no_article_found,
UBOS,parish,KISUULA,KYOTERA,KASASA,,,no_article_found,
UBOS,parish,KIZIBIRA,KYOTERA,KIRUMBA,,,no_article_found,
UBOS,parish,KOZZA WARD,KYOTERA,MUTUKULA TOWN COUNCIL,,,no_article_found,
UBOS,parish,KYAKONDA WARD,KYOTERA,KASAALI TOWN COUNCIL,,,no_article_found,
UBOS,parish,KYANGO,KYOTERA,KALISIZO,,,no_article_found,
UBOS,parish,KYASSIMBI,KYOTERA,NABIGASA,,,no_article_found,
UBOS,parish,KYENGEZA,KYOTERA,KIRUMBA,,,no_article_found,
UBOS,parish,LUKUNYU,KYOTERA,NANGOMA,,,no_article_found,
UBOS,parish,LWAMBA,KYOTERA,KIRUMBA,,,no_article_found,
UBOS,parish,LWAZI WARD,KYOTERA,MUTUKULA TOWN COUNCIL,,,no_article_found,
UBOS,parish,MINZIRO,KYOTERA,KYEBE,,,no_article_found,
UBOS,parish,MITI,KYOTERA,KALISIZO,,,no_article_found,
UBOS,parish,MITUKULA WARD,KYOTERA,KYOTERA TOWN COUNCIL,,,no_article_found,
UBOS,parish,MITYEBIRI,KYOTERA,KASASA,,,no_article_found,
UBOS,parish,MIZINDA,KYOTERA,NANGOMA,,,no_article_found,
UBOS,parish,NABYAJJWE,KYOTERA,LWANKONI,,,no_article_found,
UBOS,parish,NAKATOOGO,KYOTERA,NABIGASA,,,no_article_found,
UBOS,parish,NDOLO,KYOTERA,KABIRA,,,no_article_found,
UBOS,parish,NINZI WARD,KYOTERA,KALISIZO TOWN COUNCIL,,,no_article_found,
UBOS,parish,NJALA,KYOTERA,KABIRA,,,no_article_found,
UBOS,parish,NKENGE WARD,KYOTERA,KASAALI TOWN COUNCIL,,,no_article_found,
UBOS,parish,SSANJE-KABANO,KYOTERA,KASASA,,,no_article_found,
UBOS,parish,ABAKADYAK,LAMWO,ACEBA,,,no_article_found,
UBOS,parish,AGULUGWETTE,LAMWO,KATUM,,,no_article_found,
UBOS,parish,AJUKUKU,LAMWO,POTIKA,,,no_article_found,
UBOS,parish,ALAA,LAMWO,PADIBE EAST,,,no_article_found,
UBOS,parish,APYETA,LAMWO,OGILI,,,no_article_found,
UBOS,parish,ATENG PAR WARD,LAMWO,LAMWO TOWN COUNCIL,,,no_article_found,
UBOS,parish,ATWOL WARD,LAMWO,PADIBE TOWN COUNCIL,,,no_article_found,
UBOS,parish,AYUU ALALI,LAMWO,PALABEK-KAL,,,no_article_found,
UBOS,parish,BURPONG,LAMWO,PALABEK NYIMUR,,,no_article_found,
UBOS,parish,BWOMONO WARD,LAMWO,PALABEK KAL TOWN COUNCIL,,,no_article_found,
UBOS,parish,CUBU,LAMWO,PALABEK ABERA,,,no_article_found,
UBOS,parish,DIBOLYEC,LAMWO,LOKUNG EAST,,,no_article_found,
UBOS,parish,GANGDYANG WARD,LAMWO,PADIBE TOWN COUNCIL,,,no_article_found,
UBOS,parish,GEM,LAMWO,PALABEK-GEM,,,no_article_found,
UBOS,parish,GOTKWAR,LAMWO,LOKUNG EAST,,,no_article_found,
UBOS,parish,KAL,LAMWO,PALABEK-KAL,,,no_article_found,
UBOS,parish,KAL WARD,LAMWO,MADI-OPEI TOWN COUNCIL,,,no_article_found,
UBOS,parish,KAL WARD,LAMWO,PALABEK KAL TOWN COUNCIL,,,no_article_found,
UBOS,parish,KAMAMA WARD,LAMWO,PADIBE TOWN COUNCIL,,,no_article_found,
UBOS,parish,KATUM,LAMWO,KATUM,,,no_article_found,
UBOS,parish,KULUYEE WARD,LAMWO,PADIBE TOWN COUNCIL,,,no_article_found,
UBOS,parish,LABIGIRYANG,LAMWO,PALABEK-KAL,,,no_article_found,
UBOS,parish,LABIGIRYANG WARD,LAMWO,PALABEK KAL TOWN COUNCIL,,,no_article_found,
UBOS,parish,LAGURA,LAMWO,PALABEK-GEM,,,no_article_found,
UBOS,parish,LAGWEL,LAMWO,PADIBE WEST,,,no_article_found,
UBOS,parish,LANYWANG WARD,LAMWO,PALABEK KAL TOWN COUNCIL,,,no_article_found,
UBOS,parish,LAPYEM,LAMWO,ACEBA,,,no_article_found,
UBOS,parish,LARUC,LAMWO,AGORO,,,no_article_found,
UBOS,parish,LAWIYE-ODUNY,LAMWO,MADI-OPEI,,,no_article_found,
UBOS,parish,LAWOK,LAMWO,PADIBE EAST,,,no_article_found,
UBOS,parish,LELA PWOT,LAMWO,LOKUNG EAST,,,no_article_found,
UBOS,parish,LICWA,LAMWO,LOKUNG,,,no_article_found,
UBOS,parish,LIMUR,LAMWO,LOKUNG EAST,,,no_article_found,
UBOS,parish,LOKILI,LAMWO,ACEBA,,,no_article_found,
UBOS,parish,LOPULINGI,LAMWO,AGORO,,,no_article_found,
UBOS,parish,LORUNYA,LAMWO,AGORO,,,no_article_found,
UBOS,parish,LUGWAR,LAMWO,OGILI,,,no_article_found,
UBOS,parish,MADI AGWENG,LAMWO,PADIBE WEST,,,no_article_found,
UBOS,parish,MADI-KILOCH,LAMWO,PADIBE WEST,,,no_article_found,
UBOS,parish,NGACINO,LAMWO,AGORO,,,no_article_found,
UBOS,parish,NGOMOROMO,LAMWO,LOKUNG,,,no_article_found,
UBOS,parish,OCULA WARD,LAMWO,LAMWO TOWN COUNCIL,,,no_article_found,
UBOS,parish,OGWECH WARD,LAMWO,LAMWO TOWN COUNCIL,,,no_article_found,
UBOS,parish,OKOL,LAMWO,MADI-OPEI,,,no_article_found,
UBOS,parish,OLEBI WARD,LAMWO,LAMWO TOWN COUNCIL,,,no_article_found,
UBOS,parish,OPEE,LAMWO,LOKUNG,,,no_article_found,
UBOS,parish,PADWAT,LAMWO,PALABEK NYIMUR,,,no_article_found,
UBOS,parish,PAKALABULE WARD,LAMWO,LAMWO TOWN COUNCIL,,,no_article_found,
UBOS,parish,PANGIRA,LAMWO,LOKUNG,,,no_article_found,
UBOS,parish,PANYINGA,LAMWO,PADIBE EAST,,,no_article_found,
UBOS,parish,PARACELLE,LAMWO,PALABEK NYIMUR,,,no_article_found,
UBOS,parish,PARAPONO,LAMWO,LOKUNG EAST,,,no_article_found,
UBOS,parish,PATANGA,LAMWO,PALABEK-GEM,,,no_article_found,
UBOS,parish,PATANGA EAST,LAMWO,PALABEK-GEM,,,no_article_found,
UBOS,parish,PAUMA WARD,LAMWO,PALABEK KAL TOWN COUNCIL,,,no_article_found,
UBOS,parish,PAWAJA,LAMWO,PALOGA,,,no_article_found,
UBOS,parish,PAWENA,LAMWO,PALABEK ABERA,,,no_article_found,
UBOS,parish,POBANG WARD,LAMWO,MADI-OPEI TOWN COUNCIL,,,no_article_found,
UBOS,parish,POBAR,LAMWO,AGORO,,,no_article_found,
UBOS,parish,POBEL WARD,LAMWO,LAMWO TOWN COUNCIL,,,no_article_found,
UBOS,parish,POBURA,LAMWO,MADI-OPEI,,,no_article_found,
UBOS,parish,POTIKA,LAMWO,POTIKA,,,no_article_found,
UBOS,parish,RUDI,LAMWO,AGORO,,,no_article_found,
UBOS,parish,WANGTIT,LAMWO,PADIBE EAST,,,no_article_found,
UBOS,parish,WARIGO,LAMWO,PALABEK NYIMUR,,,no_article_found,
UBOS,parish,YWAYA,LAMWO,ACEBA,,,no_article_found,
UBOS,parish,ZONE 1,LAMWO,PALABEK REFUGEE SETTLEMENT CAMP,,,no_article_found,
UBOS,parish,ZONE 2,LAMWO,PALABEK REFUGEE SETTLEMENT CAMP,,,no_article_found,
UBOS,parish,ZONE 3,LAMWO,PALABEK REFUGEE SETTLEMENT CAMP,,,no_article_found,
UBOS,parish,ZONE 4,LAMWO,PALABEK REFUGEE SETTLEMENT CAMP,,,no_article_found,
UBOS,parish,ZONE 5A,LAMWO,PALABEK REFUGEE SETTLEMENT CAMP,,,no_article_found,
UBOS,parish,ZONE 5B,LAMWO,PALABEK REFUGEE SETTLEMENT CAMP,,,no_article_found,
UBOS,parish,ZONE 6,LAMWO,PALABEK REFUGEE SETTLEMENT CAMP,,,no_article_found,
UBOS,parish,ZONE 7,LAMWO,PALABEK REFUGEE SETTLEMENT CAMP,,,no_article_found,
UBOS,parish,ZONE 8,LAMWO,PALABEK REFUGEE SETTLEMENT CAMP,,,no_article_found,
UBOS,parish,ZONE 9,LAMWO,PALABEK REFUGEE SETTLEMENT CAMP,,,no_article_found,
UBOS,parish,ABALA,LIRA,AGWENG,,,no_article_found,
UBOS,parish,ABOLET,LIRA,ITEK,,,no_article_found,
UBOS,parish,ABONGORWOT,LIRA,AGALI,,,no_article_found,
UBOS,parish,ABUNGA,LIRA,BARR,,,no_article_found,
UBOS,parish,ABUTOADI,LIRA,WIODYEK,,,no_article_found,
UBOS,parish,ABWOCOLIL,LIRA,WIODYEK,,,no_article_found,
UBOS,parish,ACELELA,LIRA,AGWENG,,,no_article_found,
UBOS,parish,ACELELA WARD,LIRA,AGWENG TOWN COUNCIL,,,no_article_found,
UBOS,parish,ACUTKUMU,LIRA,AYAMI,,,no_article_found,
UBOS,parish,ADOLA,LIRA,WIODYEK,,,no_article_found,
UBOS,parish,ADWOA,LIRA,OGUR,,,no_article_found,
UBOS,parish,ADYAKA,LIRA,AGALI,,,no_article_found,
UBOS,parish,AKANGI,LIRA,OGUR,,,no_article_found,
UBOS,parish,AKANO,LIRA,OGUR,,,no_article_found,
UBOS,parish,ALEBERE,LIRA,ITEK,,,no_article_found,
UBOS,parish,ALER,LIRA,OGUR,,,no_article_found,
UBOS,parish,ALWORO,LIRA,AMACH,,,no_article_found,
UBOS,parish,ALYET,LIRA,AGALI,,,no_article_found,
UBOS,parish,AMIABIL WARD,LIRA,AGWENG TOWN COUNCIL,,,no_article_found,
UBOS,parish,AMOKOGEE,LIRA,WIODYEK,,,no_article_found,
UBOS,parish,ANGOLOCOM,LIRA,AGWENG,,,no_article_found,
UBOS,parish,APANYLONGO,LIRA,AGALI,,,no_article_found,
UBOS,parish,APINY MOO,LIRA,WIODYEK,,,no_article_found,
UBOS,parish,APUA,LIRA,AROMO,,,no_article_found,
UBOS,parish,APUCE,LIRA,AYAMI,,,no_article_found,
UBOS,parish,ARWOTOMITO,LIRA,AYAMI,,,no_article_found,
UBOS,parish,AYAC WARD,LIRA,AMACH TOWN COUNCIL,,,no_article_found,
UBOS,parish,AYAMO,LIRA,BARR,,,no_article_found,
UBOS,parish,AYIRA,LIRA,BARR,,,no_article_found,
UBOS,parish,BANYA WARD,LIRA,AMACH TOWN COUNCIL,,,no_article_found,
UBOS,parish,BAR-PII,LIRA,AROMO,,,no_article_found,
UBOS,parish,BAROGANDA,LIRA,AGWENG,,,no_article_found,
UBOS,parish,BEO,LIRA,AYAMI,,,no_article_found,
UBOS,parish,DIM,LIRA,AGWENG,,,no_article_found,
UBOS,parish,GOMI,LIRA,AGALI,,,no_article_found,
UBOS,parish,OBER,LIRA,BARR,,,no_article_found,
UBOS,parish,OBOT,LIRA,BARR,,,no_article_found,
UBOS,parish,OCAMONYANG,LIRA,AGALI,,,no_article_found,
UBOS,parish,ODOCA,LIRA,AROMO,,,no_article_found,
UBOS,parish,ODORO,LIRA,AROMO,,,no_article_found,
UBOS,parish,OKILE,LIRA,AGALI,,,no_article_found,
UBOS,parish,OKIO,LIRA,AYAMI,,,no_article_found,
UBOS,parish,OKUM,LIRA,AGALI,,,no_article_found,
UBOS,parish,OKWALOAMARA,LIRA,OGUR,,,no_article_found,
UBOS,parish,OLILO,LIRA,ITEK,,,no_article_found,
UBOS,parish,ONYAKEDE,LIRA,AMACH,,,no_article_found,
UBOS,parish,ONYWAKO,LIRA,ITEK,,,no_article_found,
UBOS,parish,OPEM,LIRA,BARR,,,no_article_found,
UBOS,parish,OREM,LIRA,BARR,,,no_article_found,
UBOS,parish,ORIT,LIRA,AGWENG,,,no_article_found,
UBOS,parish,ORORO,LIRA,AGALI,,,no_article_found,
UBOS,parish,OTARA,LIRA,AROMO,,,no_article_found,
UBOS,parish,RAO,LIRA,WIODYEK,,,no_article_found,
UBOS,parish,TE ADWONG,LIRA,AGWENG,,,no_article_found,
UBOS,parish,TE-OBURU,LIRA,AGWENG,,,no_article_found,
UBOS,parish,TETYANG,LIRA,ITEK,,,no_article_found,
UBOS,parish,WALELA,LIRA,AYAMI,,,no_article_found,
UBOS,parish,WIAKOT WARD,LIRA,AGWENG TOWN COUNCIL,,,no_article_found,
UBOS,parish,WIDAM WARD,LIRA,AGWENG TOWN COUNCIL,,,no_article_found,
UBOS,parish,WIODYEK,LIRA,WIODYEK,,,no_article_found,
UBOS,parish,ABONGODEN WARD,LIRA CITY,LIRA EAST DIVISION,,,no_article_found,
UBOS,parish,ACWAO WARD,LIRA CITY,LIRA EAST DIVISION,,,no_article_found,
UBOS,parish,AKIA WARD,LIRA CITY,LIRA EAST DIVISION,,,no_article_found,
UBOS,parish,AKWIAWORO WARD,LIRA CITY,LIRA EAST DIVISION,,,no_article_found,
UBOS,parish,AKWOYO,LIRA CITY,LIRA WEST DIVISION,,,no_article_found,
UBOS,parish,ALITO CAMP,LIRA CITY,LIRA WEST DIVISION,,,no_article_found,
UBOS,parish,AMUCA,LIRA CITY,LIRA WEST DIVISION,,,no_article_found,
UBOS,parish,ANAI WARD,LIRA CITY,LIRA WEST DIVISION,,,no_article_found,
UBOS,parish,ANGWETANGWET WARD,LIRA CITY,LIRA EAST DIVISION,,,no_article_found,
UBOS,parish,ANYANGAPUC WARD,LIRA CITY,LIRA EAST DIVISION,,,no_article_found,
UBOS,parish,ANYOMOREM WARD,LIRA CITY,LIRA EAST DIVISION,,,no_article_found,
UBOS,parish,ARUMGAI WARD,LIRA CITY,LIRA EAST DIVISION,,,no_article_found,
UBOS,parish,BAR OGOLE,LIRA CITY,LIRA WEST DIVISION,,,no_article_found,
UBOS,parish,BAR-APWO,LIRA CITY,LIRA WEST DIVISION,,,no_article_found,
UBOS,parish,BARONGER WARD,LIRA CITY,LIRA EAST DIVISION,,,no_article_found,
UBOS,parish,BAZAAR WARD,LIRA CITY,LIRA EAST DIVISION,,,no_article_found,
UBOS,parish,BLUE CORNER,LIRA CITY,LIRA WEST DIVISION,,,no_article_found,
UBOS,parish,BOKE WARD,LIRA CITY,LIRA EAST DIVISION,,,no_article_found,
UBOS,parish,BOROBORO EAST WARD,LIRA CITY,LIRA EAST DIVISION,,,no_article_found,
UBOS,parish,BOROBORO WEST WARD,LIRA CITY,LIRA EAST DIVISION,,,no_article_found,
UBOS,parish,CURA WARD,LIRA CITY,LIRA EAST DIVISION,,,no_article_found,
UBOS,parish,IPITO AWENO,LIRA CITY,LIRA WEST DIVISION,,,no_article_found,
UBOS,parish,IREDA EAST WARD,LIRA CITY,LIRA EAST DIVISION,,,no_article_found,
UBOS,parish,IREDA WEST WARD,LIRA CITY,LIRA EAST DIVISION,,,no_article_found,
UBOS,parish,IWAL WARD,LIRA CITY,LIRA EAST DIVISION,,,no_article_found,
UBOS,parish,JINJA CAMP,LIRA CITY,LIRA WEST DIVISION,,,no_article_found,
UBOS,parish,JUNIOR QUARTERS,LIRA CITY,LIRA WEST DIVISION,,,no_article_found,
UBOS,parish,KAKOGE WARD,LIRA CITY,LIRA WEST DIVISION,,,no_article_found,
UBOS,parish,OBER,LIRA CITY,LIRA WEST DIVISION,,,no_article_found,
UBOS,parish,OBUTOWELLO,LIRA CITY,LIRA WEST DIVISION,,,no_article_found,
UBOS,parish,ODOKOMIT,LIRA CITY,LIRA WEST DIVISION,,,no_article_found,
UBOS,parish,OMITO,LIRA CITY,LIRA WEST DIVISION,,,no_article_found,
UBOS,parish,OMITTO WARD,LIRA CITY,LIRA WEST DIVISION,,,no_article_found,
UBOS,parish,ONGICA WARD,LIRA CITY,LIRA EAST DIVISION,,,no_article_found,
UBOS,parish,ONGURA WARD,LIRA CITY,LIRA EAST DIVISION,,,no_article_found,
UBOS,parish,RAILWAY QUARTERS,LIRA CITY,LIRA EAST DIVISION,,,no_article_found,
UBOS,parish,SEN. QUARTERS WARD,LIRA CITY,LIRA EAST DIVISION,,,no_article_found,
UBOS,parish,STARCH FACTORY,LIRA CITY,LIRA WEST DIVISION,,,no_article_found,
UBOS,parish,TE-MOGO WARD,LIRA CITY,LIRA EAST DIVISION,,,no_article_found,
UBOS,parish,TE-OBIA WARD,LIRA CITY,LIRA EAST DIVISION,,,no_article_found,
UBOS,parish,TELELA WARD,LIRA CITY,LIRA EAST DIVISION,,,no_article_found,
UBOS,parish,BUDHABANGULA,LUUKA,BULONGO,,,no_article_found,
UBOS,parish,BUGOMBA,LUUKA,NAWAMPITI,,,no_article_found,
UBOS,parish,BUGONYOKA,LUUKA,BULONGO,,,no_article_found,
UBOS,parish,BUKANHA WARD,LUUKA,BUKOOVA TOWN COUNCIL,,,no_article_found,
UBOS,parish,BUKENDI,LUUKA,BULONGO,,,no_article_found,
UBOS,parish,BUKOOVA CENTRAL WARD,LUUKA,BUKOOVA TOWN COUNCIL,,,no_article_found,
UBOS,parish,BUKOOVA RURAL WARD,LUUKA,BUKOOVA TOWN COUNCIL,,,no_article_found,
UBOS,parish,BUKYANGWA,LUUKA,BUKOOMA,,,no_article_found,
UBOS,parish,BULANGA,LUUKA,BULANGA TOWN COUNCIL,,,no_article_found,
UBOS,parish,BUNABALA WARD,LUUKA,BUKOOVA TOWN COUNCIL,,,no_article_found,
UBOS,parish,BUNAFU,LUUKA,IKUMBYA,,,no_article_found,
UBOS,parish,BUNIKO,LUUKA,KYANVUMA TOWN COUNCIL,,,no_article_found,
UBOS,parish,BUSALAMU EAST WARD,LUUKA,BUSALAMU TOWN COUNCIL,,,no_article_found,
UBOS,parish,BUSALAMU NORTH WARD,LUUKA,BUSALAMU TOWN COUNCIL,,,no_article_found,
UBOS,parish,BUSALAMU SOUTH WARD,LUUKA,BUSALAMU TOWN COUNCIL,,,no_article_found,
UBOS,parish,BUSALAMU WEST WARD,LUUKA,BUSALAMU TOWN COUNCIL,,,no_article_found,
UBOS,parish,BUSANDA WARD,LUUKA,BUKOOVA TOWN COUNCIL,,,no_article_found,
UBOS,parish,BUSIIRO,LUUKA,WAIBUGA,,,no_article_found,
UBOS,parish,BUSIMAWU WARD,LUUKA,LUUKA TOWN COUNCIL,,,no_article_found,
UBOS,parish,BUSONGA,LUUKA,LUUKA TOWN COUNCIL,,,no_article_found,
UBOS,parish,BUTASERWA WARD,LUUKA,BUKOOVA TOWN COUNCIL,,,no_article_found,
UBOS,parish,BUTIMBWA,LUUKA,WAIBUGA,,,no_article_found,
UBOS,parish,BUWOLOGOMA,LUUKA,BUKANGA,,,no_article_found,
UBOS,parish,BUYOGA WARD,LUUKA,BUKOOVA TOWN COUNCIL,,,no_article_found,
UBOS,parish,BUYOOLA,LUUKA,NAWAMPITI,,,no_article_found,
UBOS,parish,INUULA,LUUKA,IKUMBYA,,,no_article_found,
UBOS,parish,ITAKAIBOLU,LUUKA,WAIBUGA,,,no_article_found,
UBOS,parish,ITWE,LUUKA,BULANGA TOWN COUNCIL,,,no_article_found,
UBOS,parish,KALYOWA,LUUKA,IRONGO,,,no_article_found,
UBOS,parish,KIBINGA,LUUKA,IRONGO,,,no_article_found,
UBOS,parish,KIROBA,LUUKA,BUKANGA,,,no_article_found,
UBOS,parish,KITWEKYAMBOGO,LUUKA,LUUKA TOWN COUNCIL,,,no_article_found,
UBOS,parish,KIYUNGA,LUUKA,LUUKA TOWN COUNCIL,,,no_article_found,
UBOS,parish,KYANVUMA,LUUKA,IRONGO,,,no_article_found,
UBOS,parish,LWADA,LUUKA,LUUKA TOWN COUNCIL,,,no_article_found,
UBOS,parish,LWAKI,LUUKA,WAIBUGA,,,no_article_found,
UBOS,parish,MAWUNDO WARD,LUUKA,BULANGA TOWN COUNCIL,,,no_article_found,
UBOS,parish,NABUBYA,LUUKA,BUKANGA,,,no_article_found,
UBOS,parish,NABYOTO WARD,LUUKA,BUKOOVA TOWN COUNCIL,,,no_article_found,
UBOS,parish,NAIGOBYA,LUUKA,BUKOOMA,,,no_article_found,
UBOS,parish,NAKABAALE WARD,LUUKA,KYANVUMA TOWN COUNCIL,,,no_article_found,
UBOS,parish,NAKABAMBWE,LUUKA,KYANVUMA TOWN COUNCIL,,,no_article_found,
UBOS,parish,NAKABUGU,LUUKA,BULONGO,,,no_article_found,
UBOS,parish,NAKISWIGA,LUUKA,NAWAMPITI,,,no_article_found,
UBOS,parish,NAMASENDA,LUUKA,BUKOOMA,,,no_article_found,
UBOS,parish,NAMUKUBEMBE,LUUKA,BUKANGA,,,no_article_found,
UBOS,parish,NAMULANDA,LUUKA,BUKOOMA,,,no_article_found,
UBOS,parish,NANTAMU,LUUKA,BULANGA TOWN COUNCIL,,,no_article_found,
UBOS,parish,NAWAKA,LUUKA,IKUMBYA,,,no_article_found,
UBOS,parish,NAWANKOMPE,LUUKA,NAWAMPITI,,,no_article_found,
UBOS,parish,NAWANSEGA WARD,LUUKA,BUKOOVA TOWN COUNCIL,,,no_article_found,
UBOS,parish,NSIMAKATONO,LUUKA,KYANVUMA TOWN COUNCIL,,,no_article_found,
UBOS,parish,NTAYIGIRWA,LUUKA,IKUMBYA,,,no_article_found,
UBOS,parish,WALIBO,LUUKA,BULANGA TOWN COUNCIL,,,no_article_found,
UBOS,parish,BAJJO,LUWEERO,NYIMBWA,,,no_article_found,
UBOS,parish,BAMUGOLODDE,LUWEERO,BUTUNTUMULA,,,no_article_found,
UBOS,parish,BUBUUBI,LUWEERO,ZIROBWE,,,no_article_found,
UBOS,parish,BUKALASA WARD,LUWEERO,WOBULENZI TOWN COUNCIL,,,no_article_found,
UBOS,parish,BUKAMBAGGA,LUWEERO,BUTUNTUMULA,,,no_article_found,
UBOS,parish,BUKEEKA,LUWEERO,KATIKAMU,,,no_article_found,
UBOS,parish,BUKOLWA WARD,LUWEERO,WOBULENZI TOWN COUNCIL,,,no_article_found,
UBOS,parish,BUSIIKA,LUWEERO,BUSIIKA TOWN COUNCIL,,,no_article_found,
UBOS,parish,BUSOKE,LUWEERO,BUSIIKA TOWN COUNCIL,,,no_article_found,
UBOS,parish,BUWANUKA WARD,LUWEERO,KAMIRA TOWN COUNCIL,,,no_article_found,
UBOS,parish,BUYEGO WARD,LUWEERO,NDEJJE TOWN COUNCIL,,,no_article_found,
UBOS,parish,BUYUKI,LUWEERO,KATIKAMU,,,no_article_found,
UBOS,parish,BWAZIBA,LUWEERO,LUWERO,,,no_article_found,
UBOS,parish,BWEYEYO,LUWEERO,LUWERO,,,no_article_found,
UBOS,parish,DDEGEYA,LUWEERO,KALAGALA,,,no_article_found,
UBOS,parish,GANGAMA WARD,LUWEERO,BOMBO TOWN COUNCIL,,,no_article_found,
UBOS,parish,KABAKEDDI,LUWEERO,LUWERO,,,no_article_found,
UBOS,parish,KABULANAKA,LUWEERO,ZIROBWE,,,no_article_found,
UBOS,parish,KABUNYATA,LUWEERO,KAMIRA TOWN COUNCIL,,,no_article_found,
UBOS,parish,KAGOGO,LUWEERO,MAKULUBITA,,,no_article_found,
UBOS,parish,KAGUGO,LUWEERO,LUWERO,,,no_article_found,
UBOS,parish,KAKABALA,LUWEERO,BUTUNTUMULA,,,no_article_found,
UBOS,parish,KAKAKALA,LUWEERO,ZIROBWE,,,no_article_found,
UBOS,parish,KAKINZI,LUWEERO,BUTUNTUMULA,,,no_article_found,
UBOS,parish,KALANAMU,LUWEERO,KALAGALA,,,no_article_found,
UBOS,parish,KALASA,LUWEERO,MAKULUBITA,,,no_article_found,
UBOS,parish,KALWANGA,LUWEERO,BUTUNTUMULA,,,no_article_found,
UBOS,parish,KANGAVE,LUWEERO,MAKULUBITA,,,no_article_found,
UBOS,parish,KANYANDA,LUWEERO,MAKULUBITA,,,no_article_found,
UBOS,parish,KASAALA,LUWEERO,LUWERO,,,no_article_found,
UBOS,parish,KASANA P.W.D WARD,LUWEERO,LUWEERO TOWN COUNCIL,,,no_article_found,
UBOS,parish,KATAGWE WARD,LUWEERO,KAMIRA TOWN COUNCIL,,,no_article_found,
UBOS,parish,KAYINDU,LUWEERO,KALAGALA,,,no_article_found,
UBOS,parish,KIBANYI,LUWEERO,BAMUNANIKA,,,no_article_found,
UBOS,parish,KIBIRIZI,LUWEERO,BAMUNANIKA,,,no_article_found,
UBOS,parish,KIGOMBE,LUWEERO,LUWERO,,,no_article_found,
UBOS,parish,KIKUBE,LUWEERO,LUWERO,,,no_article_found,
UBOS,parish,KIMAZI WARD,LUWEERO,KIKYUSA TOWN COUNCIL,,,no_article_found,
UBOS,parish,KIREKU,LUWEERO,KIKYUSA,,,no_article_found,
UBOS,parish,KITEME,LUWEERO,BAMUNANIKA,,,no_article_found,
UBOS,parish,KITENDERI,LUWEERO,KAMIRA,,,no_article_found,
UBOS,parish,KIWOGOZI WARD,LUWEERO,LUWEERO TOWN COUNCIL,,,no_article_found,
UBOS,parish,KIYANA WARD,LUWEERO,NDEJJE TOWN COUNCIL,,,no_article_found,
UBOS,parish,KIYANDA,LUWEERO,NYIMBWA,,,no_article_found,
UBOS,parish,KYALUGONDO,LUWEERO,KATIKAMU,,,no_article_found,
UBOS,parish,KYAMPISI (BAMUNANIKA),LUWEERO,BAMUNANIKA,,,no_article_found,
UBOS,parish,KYAMPOGOLA,LUWEERO,KIKYUSA,,,no_article_found,
UBOS,parish,KYAWANGABI,LUWEERO,BUTUNTUMULA,,,no_article_found,
UBOS,parish,LOMULE WARD,LUWEERO,BOMBO TOWN COUNCIL,,,no_article_found,
UBOS,parish,LUNYOLYA,LUWEERO,KALAGALA,,,no_article_found,
UBOS,parish,MABUYE,LUWEERO,KAMIRA,,,no_article_found,
UBOS,parish,MAKONKONYIGO WARD,LUWEERO,KAMIRA TOWN COUNCIL,,,no_article_found,
UBOS,parish,MAWALE,LUWEERO,MAKULUBITA,,,no_article_found,
UBOS,parish,MAZZI,LUWEERO,KAMIRA,,,no_article_found,
UBOS,parish,MIGADDE,LUWEERO,KATIKAMU,,,no_article_found,
UBOS,parish,MPAKAWERO WARD,LUWEERO,BOMBO TOWN COUNCIL,,,no_article_found,
UBOS,parish,MUSAALE,LUWEERO,KATIKAMU,,,no_article_found,
UBOS,parish,NAKATONYA,LUWEERO,NYIMBWA,,,no_article_found,
UBOS,parish,NAKIGOZA,LUWEERO,ZIROBWE,,,no_article_found,
UBOS,parish,NAKIKOOTA,LUWEERO,LUWERO,,,no_article_found,
UBOS,parish,NAMBEERE,LUWEERO,KAMIRA,,,no_article_found,
UBOS,parish,NGALONKALU,LUWEERO,ZIROBWE,,,no_article_found,
UBOS,parish,NGOGOLO,LUWEERO,BUTUNTUMULA,,,no_article_found,
UBOS,parish,NSANVU,LUWEERO,MAKULUBITA,,,no_article_found,
UBOS,parish,SEKAMULI,LUWEERO,BAMUNANIKA,,,no_article_found,
UBOS,parish,SSAMBWE WARD,LUWEERO,NDEJJE TOWN COUNCIL,,,no_article_found,
UBOS,parish,TWEYANZE,LUWEERO,KATIKAMU,,,no_article_found,
UBOS,parish,VVUMBA,LUWEERO,BUSIIKA TOWN COUNCIL,,,no_article_found,
UBOS,parish,WABUSANA,LUWEERO,KIKYUSA,,,no_article_found,
UBOS,parish,WALULEETA,LUWEERO,MAKULUBITA,,,no_article_found,
UBOS,parish,WANKANYA WARD,LUWEERO,KIKYUSA TOWN COUNCIL,,,no_article_found,
UBOS,parish,BIJAABA,LWENGO,KYAZANGA,,,no_article_found,
UBOS,parish,BUSUBI,LWENGO,KISEKKA,,,no_article_found,
UBOS,parish,CENTRAL WARD,LWENGO,KYAZANGA TOWN COUNCIL,,,no_article_found,
UBOS,parish,CENTRAL WARD,LWENGO,LWENGO TOWN COUNCIL,,,no_article_found,
UBOS,parish,CHURCH WARD,LWENGO,LWENGO TOWN COUNCIL,,,no_article_found,
UBOS,parish,KABALUNGI WARD,LWENGO,LWENGO TOWN COUNCIL,,,no_article_found,
UBOS,parish,KAGGANDA,LWENGO,KINGO,,,no_article_found,
UBOS,parish,KAKOMA,LWENGO,KYAZANGA,,,no_article_found,
UBOS,parish,KAKOMA WARD,LWENGO,KATOVU TOWN COUNCIL,,,no_article_found,
UBOS,parish,KANKAMBA,LWENGO,KISEKKA,,,no_article_found,
UBOS,parish,KATOVU,LWENGO,MALONGO,,,no_article_found,
UBOS,parish,KATOVU WARD,LWENGO,KATOVU TOWN COUNCIL,,,no_article_found,
UBOS,parish,KATUULO,LWENGO,KYAZANGA,,,no_article_found,
UBOS,parish,KIGEYE,LWENGO,MALONGO,,,no_article_found,
UBOS,parish,KIKENENE,LWENGO,KISEKKA,,,no_article_found,
UBOS,parish,KISANSALA,LWENGO,KINGO,,,no_article_found,
UBOS,parish,KITOORO WARD,LWENGO,KYAZANGA TOWN COUNCIL,,,no_article_found,
UBOS,parish,KIWANGALA,LWENGO,KISEKKA,,,no_article_found,
UBOS,parish,KYAWAGONYA,LWENGO,LWENGO,,,no_article_found,
UBOS,parish,LWENTALE WARD,LWENGO,KYAZANGA TOWN COUNCIL,,,no_article_found,
UBOS,parish,LYAKIBIRIIZI,LWENGO,KYAZANGA,,,no_article_found,
UBOS,parish,MAKONDO,LWENGO,NDAGWE,,,no_article_found,
UBOS,parish,MBIRIZI,LWENGO,LWENGO,,,no_article_found,
UBOS,parish,MULYAZAWO WARD,LWENGO,LWENGO TOWN COUNCIL,,,no_article_found,
UBOS,parish,MUSUBIRO,LWENGO,LWENGO,,,no_article_found,
UBOS,parish,NAKALEMBE A WARD,LWENGO,KINONI TOWN COUNCIL,,,no_article_found,
UBOS,parish,NAKALEMBE B WARD,LWENGO,KINONI TOWN COUNCIL,,,no_article_found,
UBOS,parish,NAKATEETE WARD,LWENGO,KYAZANGA TOWN COUNCIL,,,no_article_found,
UBOS,parish,NAKATETE,LWENGO,KISEKKA,,,no_article_found,
UBOS,parish,NAKYENYI,LWENGO,LWENGO,,,no_article_found,
UBOS,parish,NANYWA,LWENGO,NDAGWE,,,no_article_found,
UBOS,parish,NGEREKO,LWENGO,KISEKKA,,,no_article_found,
UBOS,parish,NKONI,LWENGO,KINGO,,,no_article_found,
UBOS,parish,NKUNYU,LWENGO,LWENGO,,,no_article_found,
UBOS,parish,NTUULA WARD,LWENGO,KATOVU TOWN COUNCIL,,,no_article_found,
UBOS,parish,BIWOLOBO,LYANTONDE,LYANTONDE,,,no_article_found,
UBOS,parish,BWAMULAMIRA,LYANTONDE,KINUUKA,,,no_article_found,
UBOS,parish,KABATEMA,LYANTONDE,KALIIRO,,,no_article_found,
UBOS,parish,KAGARA,LYANTONDE,KASAGAMA,,,no_article_found,
UBOS,parish,KATALE WARD,LYANTONDE,KALIIRO TOWN COUNCIL,,,no_article_found,
UBOS,parish,KATOVU,LYANTONDE,LYANTONDE,,,no_article_found,
UBOS,parish,KIROWOOZA,LYANTONDE,LYANTONDE,,,no_article_found,
UBOS,parish,KISALUWOKO,LYANTONDE,KASAGAMA,,,no_article_found,
UBOS,parish,KIYINDA,LYANTONDE,KALIIRO,,,no_article_found,
UBOS,parish,KYAKUTEREKERA,LYANTONDE,KALIIRO,,,no_article_found,
UBOS,parish,KYEMAMBA,LYANTONDE,LYAKAJURA,,,no_article_found,
UBOS,parish,KYEWANULA,LYANTONDE,LYANTONDE,,,no_article_found,
UBOS,parish,LYAKAJURA,LYANTONDE,LYAKAJURA,,,no_article_found,
UBOS,parish,NAKASOZI,LYANTONDE,KINUUKA,,,no_article_found,
UBOS,parish,NAMUTAMBA,LYANTONDE,KASAGAMA,,,no_article_found,
UBOS,parish,RWAMABARA,LYANTONDE,MPUMUDDE,,,no_article_found,
UBOS,parish,RWEERA,LYANTONDE,LYAKAJURA,,,no_article_found,
UBOS,parish,WABUSANA,LYANTONDE,KINUUKA,,,no_article_found,
UBOS,parish,ADRAA,MADI-OKOLLO,OFFAKA,,,no_article_found,
UBOS,parish,AJIBU,MADI-OKOLLO,OKOLLO,,,no_article_found,
UBOS,parish,ANIPI,MADI-OKOLLO,RHINO CAMP,,,no_article_found,
UBOS,parish,ARARA,MADI-OKOLLO,ULEPPI,,,no_article_found,
UBOS,parish,AWUVU WARD,MADI-OKOLLO,RHINO CAMP TOWN COUNCIL,,,no_article_found,
UBOS,parish,AYAVU WARD,MADI-OKOLLO,INDE TOWN COUNCIL,,,no_article_found,
UBOS,parish,AYUU,MADI-OKOLLO,ANYIRIBU,,,no_article_found,
UBOS,parish,AYUU WARD,MADI-OKOLLO,OKOLLO TOWN COUNCIL,,,no_article_found,
UBOS,parish,BAITO,MADI-OKOLLO,OKOLLO,,,no_article_found,
UBOS,parish,BANDILI,MADI-OKOLLO,RHINO CAMP,,,no_article_found,
UBOS,parish,DUMUNGA,MADI-OKOLLO,EWANGA,,,no_article_found,
UBOS,parish,EDEN ZONE,MADI-OKOLLO,RHINO CAMP REFUGEE SETTLEMENT,,,no_article_found,
UBOS,parish,ELIBU,MADI-OKOLLO,OFFAKA,,,no_article_found,
UBOS,parish,ENYIO WARD,MADI-OKOLLO,INDE TOWN COUNCIL,,,no_article_found,
UBOS,parish,ERAMVA WARD,MADI-OKOLLO,RHINO CAMP TOWN COUNCIL,,,no_article_found,
UBOS,parish,EWANGURU,MADI-OKOLLO,EWANGA,,,no_article_found,
UBOS,parish,GBULUKUATUNI,MADI-OKOLLO,RHINO CAMP,,,no_article_found,
UBOS,parish,KATIYI,MADI-OKOLLO,ULEPPI,,,no_article_found,
UBOS,parish,KIRANGA,MADI-OKOLLO,EWANGA,,,no_article_found,
UBOS,parish,KWILI,MADI-OKOLLO,RIGBO,,,no_article_found,
UBOS,parish,LAWURA,MADI-OKOLLO,ULEPPI,,,no_article_found,
UBOS,parish,LUBA,MADI-OKOLLO,RIGBO,,,no_article_found,
UBOS,parish,MANAGO,MADI-OKOLLO,RHINO CAMP,,,no_article_found,
UBOS,parish,NDARA WARD,MADI-OKOLLO,RHINO CAMP TOWN COUNCIL,,,no_article_found,
UBOS,parish,NDAVU,MADI-OKOLLO,PAWOR,,,no_article_found,
UBOS,parish,NDUBU WARD,MADI-OKOLLO,OKOLLO TOWN COUNCIL,,,no_article_found,
UBOS,parish,OCEA,MADI-OKOLLO,RIGBO,,,no_article_found,
UBOS,parish,OCEA ZONE,MADI-OKOLLO,RHINO CAMP REFUGEE SETTLEMENT,,,no_article_found,
UBOS,parish,OCEBU,MADI-OKOLLO,OFFAKA,,,no_article_found,
UBOS,parish,ODOI,MADI-OKOLLO,RIGBO,,,no_article_found,
UBOS,parish,ODUBU,MADI-OKOLLO,RIGBO,,,no_article_found,
UBOS,parish,ODUOBU ZONE,MADI-OKOLLO,RHINO CAMP REFUGEE SETTLEMENT,,,no_article_found,
UBOS,parish,OLALI,MADI-OKOLLO,OGOKO,,,no_article_found,
UBOS,parish,OLYEVU,MADI-OKOLLO,PAWOR,,,no_article_found,
UBOS,parish,OMII,MADI-OKOLLO,ANYIRIBU,,,no_article_found,
UBOS,parish,ONYOMU,MADI-OKOLLO,OKOLLO,,,no_article_found,
UBOS,parish,ORIBU,MADI-OKOLLO,OFFAKA,,,no_article_found,
UBOS,parish,OSIOZE WARD,MADI-OKOLLO,RHINO CAMP TOWN COUNCIL,,,no_article_found,
UBOS,parish,OYHUA WARD,MADI-OKOLLO,OKOLLO TOWN COUNCIL,,,no_article_found,
UBOS,parish,PAMVARA,MADI-OKOLLO,OGOKO,,,no_article_found,
UBOS,parish,PANDUKU,MADI-OKOLLO,PAWOR,,,no_article_found,
UBOS,parish,PARABOK,MADI-OKOLLO,PAWOR,,,no_article_found,
UBOS,parish,ROGA,MADI-OKOLLO,EWANGA,,,no_article_found,
UBOS,parish,TIKA ZONE,MADI-OKOLLO,RHINO CAMP REFUGEE SETTLEMENT,,,no_article_found,
UBOS,parish,WAKA - DINYA,MADI-OKOLLO,EWANGA,,,no_article_found,
UBOS,parish,YACHI,MADI-OKOLLO,OGOKO,,,no_article_found,
UBOS,parish,YILLI,MADI-OKOLLO,ANYIRIBU,,,no_article_found,
UBOS,parish,ASINGE,MANAFWA,LWANJUSI,,,no_article_found,
UBOS,parish,BAMUKHAMA,MANAFWA,BUNABUTSALE,,,no_article_found,
UBOS,parish,BIRARI,MANAFWA,KIMALULI,,,no_article_found,
UBOS,parish,BUBILUMI,MANAFWA,BUWAYA TOWN COUNCIL,,,no_article_found,
UBOS,parish,BUBUKANZA,MANAFWA,BUTOOTO,,,no_article_found,
UBOS,parish,BUBUTSATSA,MANAFWA,BUWAYA TOWN COUNCIL,,,no_article_found,
UBOS,parish,BUBWAYA,MANAFWA,MANAFWA TOWN COUNCIL,,,no_article_found,
UBOS,parish,BUBWAYO,MANAFWA,BUWAGOGO,,,no_article_found,
UBOS,parish,BUFUMBULA,MANAFWA,LWANJUSI,,,no_article_found,
UBOS,parish,BUGOBERO TOWN BOARD,MANAFWA,BUGOBERO TOWN COUNCIL,,,no_article_found,
UBOS,parish,BUKAMUKAMU,MANAFWA,BUKOMA,,,no_article_found,
UBOS,parish,BUKEWA,MANAFWA,BUKEWA,,,no_article_found,
UBOS,parish,BUKHADALA,MANAFWA,BUKHADALA,,,no_article_found,
UBOS,parish,BUKHINDE,MANAFWA,KIMALULI,,,no_article_found,
UBOS,parish,BUKHISA,MANAFWA,BUWANGANI TOWN COUNCIL,,,no_article_found,
UBOS,parish,BUKHONZO,MANAFWA,MAEFE,,,no_article_found,
UBOS,parish,BUKHWAYA,MANAFWA,BUKHOFU,,,no_article_found,
UBOS,parish,BUKHWAYA,MANAFWA,BUKUSU,,,no_article_found,
UBOS,parish,BUKIMANAYI,MANAFWA,KAATO,,,no_article_found,
UBOS,parish,BUKITUTU,MANAFWA,BUWANGANI TOWN COUNCIL,,,no_article_found,
UBOS,parish,BULAKO,MANAFWA,SIBANGA,,,no_article_found,
UBOS,parish,BUMABIMBA,MANAFWA,BUYINZA TOWN COUNCIL,,,no_article_found,
UBOS,parish,BUMAEFE,MANAFWA,MAEFE,,,no_article_found,
UBOS,parish,BUMAENA,MANAFWA,BUKHADALA,,,no_article_found,
UBOS,parish,BUMAGAMBO,MANAFWA,BUTIRU TOWN COUNCIL,,,no_article_found,
UBOS,parish,BUMAGAMBO,MANAFWA,SISUNI,,,no_article_found,
UBOS,parish,BUMAGIRA,MANAFWA,MAKENYA,,,no_article_found,
UBOS,parish,BUMASARI,MANAFWA,SIBANGA,,,no_article_found,
UBOS,parish,BUMASOKHO,MANAFWA,BUGOBERO,,,no_article_found,
UBOS,parish,BUMATOOLA,MANAFWA,KIMALULI,,,no_article_found,
UBOS,parish,BUMELELE,MANAFWA,BUKUSU,,,no_article_found,
UBOS,parish,BUMIRUMI,MANAFWA,MAKENYA,,,no_article_found,
UBOS,parish,BUMUFUNI,MANAFWA,MAKENYA,,,no_article_found,
UBOS,parish,BUMUFUNI I,MANAFWA,KHABUTOOLA,,,no_article_found,
UBOS,parish,BUMUFUNI II,MANAFWA,NANGALWE,,,no_article_found,
UBOS,parish,BUMUKARI,MANAFWA,KAATO,,,no_article_found,
UBOS,parish,BUMUKHWANA,MANAFWA,BUTOOTO,,,no_article_found,
UBOS,parish,BUMULEKHWA,MANAFWA,NALONDO,,,no_article_found,
UBOS,parish,BUMWALYE,MANAFWA,BUTIRU,,,no_article_found,
UBOS,parish,BUNABUTSALE,MANAFWA,BUNABUTSALE,,,no_article_found,
UBOS,parish,BUNABWILA,MANAFWA,BUNABWANA,,,no_article_found,
UBOS,parish,BUNAKAMI,MANAFWA,BUYINZA TOWN COUNCIL,,,no_article_found,
UBOS,parish,BUNAKHAIMA,MANAFWA,BUTIRU,,,no_article_found,
UBOS,parish,BUNAMBWILA WARD,MANAFWA,BUWAYA TOWN COUNCIL,,,no_article_found,
UBOS,parish,BUNAMONE,MANAFWA,MASAKA TOWN COUNCIL,,,no_article_found,
UBOS,parish,BUNAMUBI,MANAFWA,BUWANGANI TOWN COUNCIL,,,no_article_found,
UBOS,parish,BUNAMUKANDA,MANAFWA,BUTOOTO,,,no_article_found,
UBOS,parish,BUNAMUKHEYA,MANAFWA,KIMALULI,,,no_article_found,
UBOS,parish,BUNAMUKHOSI,MANAFWA,BUKUSU,,,no_article_found,
UBOS,parish,BUNAMUNGOMA,MANAFWA,KAATO,,,no_article_found,
UBOS,parish,BUNAMUTSO,MANAFWA,BUKEWA,,,no_article_found,
UBOS,parish,BUNANDUTU,MANAFWA,WESWA,,,no_article_found,
UBOS,parish,BUNANGABO,MANAFWA,KHABUTOOLA,,,no_article_found,
UBOS,parish,BUNAPONDI,MANAFWA,BUNABUTSALE,,,no_article_found,
UBOS,parish,BUNAPONDI A,MANAFWA,BUNABUTSALE,,,no_article_found,
UBOS,parish,BUNASAKA,MANAFWA,BUWAGOGO,,,no_article_found,
UBOS,parish,BUNATSABWANA,MANAFWA,WESWA,,,no_article_found,
UBOS,parish,BUNEFULE,MANAFWA,BUGOBERO TOWN COUNCIL,,,no_article_found,
UBOS,parish,BUNGOOLO,MANAFWA,WESWA,,,no_article_found,
UBOS,parish,BUNYINZA,MANAFWA,BUKUSU,,,no_article_found,
UBOS,parish,BUNYINZA,MANAFWA,BUYINZA TOWN COUNCIL,,,no_article_found,
UBOS,parish,BUSANGAI,MANAFWA,SIBANGA,,,no_article_found,
UBOS,parish,BUSANGAYI,MANAFWA,KHABUTOOLA,,,no_article_found,
UBOS,parish,BUSANTSA,MANAFWA,BUTTA,,,no_article_found,
UBOS,parish,BUSHABURIRI,MANAFWA,WESWA,,,no_article_found,
UBOS,parish,BUSIKE,MANAFWA,KIMALULI,,,no_article_found,
UBOS,parish,BUSUMBU,MANAFWA,BUTIRU TOWN COUNCIL,,,no_article_found,
UBOS,parish,BUSYAKILO,MANAFWA,BUTIRU,,,no_article_found,
UBOS,parish,BUTOTO,MANAFWA,BUTOOTO,,,no_article_found,
UBOS,parish,BUTSEMA,MANAFWA,NALONDO,,,no_article_found,
UBOS,parish,BUTUWA,MANAFWA,KAATO,,,no_article_found,
UBOS,parish,BUWABULA,MANAFWA,BUNABWANA,,,no_article_found,
UBOS,parish,BUWAKORO,MANAFWA,BUGOBERO,,,no_article_found,
UBOS,parish,BUWAMALERO,MANAFWA,BUTIRU TOWN COUNCIL,,,no_article_found,
UBOS,parish,BUWAMBOKO,MANAFWA,BUWANGANI TOWN COUNCIL,,,no_article_found,
UBOS,parish,BUWANGANI,MANAFWA,BUWANGANI TOWN COUNCIL,,,no_article_found,
UBOS,parish,BUWANGANI TOWN BOARD,MANAFWA,BUWANGANI TOWN COUNCIL,,,no_article_found,
UBOS,parish,BUWANYAMA,MANAFWA,MAYANZA,,,no_article_found,
UBOS,parish,BUWANYELA,MANAFWA,BUTIRU TOWN COUNCIL,,,no_article_found,
UBOS,parish,BUWANZALA,MANAFWA,BUKOMA,,,no_article_found,
UBOS,parish,BUWASIBI,MANAFWA,BUWAYA TOWN COUNCIL,,,no_article_found,
UBOS,parish,BUWASYEBA,MANAFWA,SIBANGA,,,no_article_found,
UBOS,parish,BUWAYA TOWN BOARD,MANAFWA,BUWAYA TOWN COUNCIL,,,no_article_found,
UBOS,parish,BUWEBOYA,MANAFWA,BUKEWA,,,no_article_found,
UBOS,parish,BUWEKOPYO,MANAFWA,MASAKA TOWN COUNCIL,,,no_article_found,
UBOS,parish,BUWERAYO,MANAFWA,BUSUKUYA,,,no_article_found,
UBOS,parish,BUWESONGA,MANAFWA,BUTOOTO,,,no_article_found,
UBOS,parish,BUWESWA,MANAFWA,WESWA,,,no_article_found,
UBOS,parish,BUWOPUWA,MANAFWA,BUTIRU,,,no_article_found,
UBOS,parish,FULUMA BUTTA,MANAFWA,BUTTA,,,no_article_found,
UBOS,parish,IKAALI,MANAFWA,BUKHOFU,,,no_article_found,
UBOS,parish,ISANGA,MANAFWA,BUTOOTO,,,no_article_found,
UBOS,parish,ISUNU,MANAFWA,KIMALULI,,,no_article_found,
UBOS,parish,KAYOMBE,MANAFWA,BUKOMA,,,no_article_found,
UBOS,parish,KHABUNGU WARD,MANAFWA,BUGOBERO TOWN COUNCIL,,,no_article_found,
UBOS,parish,KHATSONGA,MANAFWA,BUKHADALA,,,no_article_found,
UBOS,parish,KHAUNGU,MANAFWA,BUKUSU,,,no_article_found,
UBOS,parish,KHOLOMO,MANAFWA,BUTIRU TOWN COUNCIL,,,no_article_found,
UBOS,parish,KIBUKWA,MANAFWA,SISUNI,,,no_article_found,
UBOS,parish,KIWATA,MANAFWA,BUGOBERO TOWN COUNCIL,,,no_article_found,
UBOS,parish,KURUKU,MANAFWA,LWANJUSI,,,no_article_found,
UBOS,parish,LWANJUSI,MANAFWA,LWANJUSI,,,no_article_found,
UBOS,parish,MAKENYA,MANAFWA,MAKENYA,,,no_article_found,
UBOS,parish,MAKENYA,MANAFWA,SISUNI,,,no_article_found,
UBOS,parish,MARONGORI,MANAFWA,BUWANGANI TOWN COUNCIL,,,no_article_found,
UBOS,parish,MASAKA TOWN BOARD,MANAFWA,MASAKA TOWN COUNCIL,,,no_article_found,
UBOS,parish,MATENGE,MANAFWA,MAEFE,,,no_article_found,
UBOS,parish,MAYENZE,MANAFWA,MANAFWA TOWN COUNCIL,,,no_article_found,
UBOS,parish,MULUKHU,MANAFWA,SIBANGA,,,no_article_found,
UBOS,parish,NABIKINJI,MANAFWA,BUWANGANI TOWN COUNCIL,,,no_article_found,
UBOS,parish,NABITAWA,MANAFWA,SIBANGA,,,no_article_found,
UBOS,parish,NABULANDO,MANAFWA,BUKEWA,,,no_article_found,
UBOS,parish,NAKHENDO,MANAFWA,BUKHOFU,,,no_article_found,
UBOS,parish,NALONDO BUTTA,MANAFWA,NALONDO,,,no_article_found,
UBOS,parish,NAMALOKO,MANAFWA,MAYANZA,,,no_article_found,
UBOS,parish,NAMBAALE,MANAFWA,BUKUSU,,,no_article_found,
UBOS,parish,NAMIKELO,MANAFWA,SIBANGA,,,no_article_found,
UBOS,parish,NAMUKHOGE,MANAFWA,BUSUKUYA,,,no_article_found,
UBOS,parish,NANDEREMA,MANAFWA,BUNABWANA,,,no_article_found,
UBOS,parish,NANDUBISI,MANAFWA,BUWAGOGO,,,no_article_found,
UBOS,parish,NANGALWE,MANAFWA,NANGALWE,,,no_article_found,
UBOS,parish,NARURWA,MANAFWA,BUWAGOGO,,,no_article_found,
UBOS,parish,NASYANDA,MANAFWA,BUTIRU,,,no_article_found,
UBOS,parish,NEKINA,MANAFWA,NANGALWE,,,no_article_found,
UBOS,parish,PUWA,MANAFWA,LWANJUSI,,,no_article_found,
UBOS,parish,RARAKA,MANAFWA,LWANJUSI,,,no_article_found,
UBOS,parish,SHAMUKUNGA,MANAFWA,BUWAGOGO,,,no_article_found,
UBOS,parish,SHIBANGA,MANAFWA,WESWA,,,no_article_found,
UBOS,parish,SHIRUKU,MANAFWA,KAATO,,,no_article_found,
UBOS,parish,SINYIFA WARD,MANAFWA,BUWAYA TOWN COUNCIL,,,no_article_found,
UBOS,parish,SISATSA,MANAFWA,BUSUKUYA,,,no_article_found,
UBOS,parish,SYEBA,MANAFWA,SIBANGA,,,no_article_found,
UBOS,parish,TOOMA BUTTA,MANAFWA,BUTTA,,,no_article_found,
UBOS,parish,WANGA,MANAFWA,NALONDO,,,no_article_found,
UBOS,parish,ADAKADA WARD,MARACHA,OLEBA TOWN COUNCIL,,,no_article_found,
UBOS,parish,ADONGORO WARD,MARACHA,MARACHA TOWN COUNCIL,,,no_article_found,
UBOS,parish,AJIKORO,MARACHA,PARANGA,,,no_article_found,
UBOS,parish,ALARAPI,MARACHA,ALIKUA,,,no_article_found,
UBOS,parish,ALIKUA,MARACHA,ALIKUA,,,no_article_found,
UBOS,parish,ALIPI,MARACHA,ALIKUA,,,no_article_found,
UBOS,parish,ALIVU,MARACHA,KIJOMORO,,,no_article_found,
UBOS,parish,AMANIPI,MARACHA,YIVU,,,no_article_found,
UBOS,parish,AMBALA,MARACHA,YIVU,,,no_article_found,
UBOS,parish,AMBIDRO,MARACHA,KIJOMORO,,,no_article_found,
UBOS,parish,ANGURUMA,MARACHA,PARANGA,,,no_article_found,
UBOS,parish,ANYIVU,MARACHA,TARA,,,no_article_found,
UBOS,parish,ANZUPI,MARACHA,AWIZIRU,,,no_article_found,
UBOS,parish,AYIKO,MARACHA,OBIBA,,,no_article_found,
UBOS,parish,AYIKO WARD,MARACHA,MARACHA TOWN COUNCIL,,,no_article_found,
UBOS,parish,AZIPI,MARACHA,OLEBA,,,no_article_found,
UBOS,parish,BANGO,MARACHA,OLEBA,,,no_article_found,
UBOS,parish,BARANYA,MARACHA,OBIBA,,,no_article_found,
UBOS,parish,BURA WARD,MARACHA,MARACHA TOWN COUNCIL,,,no_article_found,
UBOS,parish,BURAMALI,MARACHA,DRAMBU,,,no_article_found,
UBOS,parish,CENTRAL WARD,MARACHA,OLEBA TOWN COUNCIL,,,no_article_found,
UBOS,parish,CENTRAL ZONE WARD,MARACHA,MARACHA TOWN COUNCIL,,,no_article_found,
UBOS,parish,DRANZIPI WARD,MARACHA,OKOKORO TOWN COUNCIL,,,no_article_found,
UBOS,parish,EDRE,MARACHA,YIVU,,,no_article_found,
UBOS,parish,EGAMARA,MARACHA,ALIKUA,,,no_article_found,
UBOS,parish,ETOKO,MARACHA,PARANGA,,,no_article_found,
UBOS,parish,EWAVU,MARACHA,ALIKUA,,,no_article_found,
UBOS,parish,EWAZOKU WARD,MARACHA,OLEBA TOWN COUNCIL,,,no_article_found,
UBOS,parish,GBEREMU,MARACHA,DRAMBU,,,no_article_found,
UBOS,parish,GBULUKUA,MARACHA,OLUVU,,,no_article_found,
UBOS,parish,GODRIA WARD,MARACHA,AGAII TOWN COUNCIL,,,no_article_found,
UBOS,parish,KAMAKA,MARACHA,OLUFE,,,no_article_found,
UBOS,parish,KIMIRU,MARACHA,OLUFE,,,no_article_found,
UBOS,parish,KIMURU,MARACHA,NYADRI,,,no_article_found,
UBOS,parish,LAMILA,MARACHA,OBIBA,,,no_article_found,
UBOS,parish,LAMILA WARD,MARACHA,OKOKORO TOWN COUNCIL,,,no_article_found,
UBOS,parish,LEGA,MARACHA,OBIBA,,,no_article_found,
UBOS,parish,LOINYA,MARACHA,YIVU,,,no_article_found,
UBOS,parish,MICHU,MARACHA,OLUVU,,,no_article_found,
UBOS,parish,MIDRIA,MARACHA,NYADRI SOUTH,,,no_article_found,
UBOS,parish,MINYOKO,MARACHA,AWIZIRU,,,no_article_found,
UBOS,parish,MIRIDRI,MARACHA,NYADRI SOUTH,,,no_article_found,
UBOS,parish,MOTINO WARD,MARACHA,AGAII TOWN COUNCIL,,,no_article_found,
UBOS,parish,MUNDRU,MARACHA,OLUFE,,,no_article_found,
UBOS,parish,NIGO,MARACHA,OBIBA,,,no_article_found,
UBOS,parish,NYAMIO,MARACHA,OLUVU,,,no_article_found,
UBOS,parish,NYATIKA,MARACHA,OLEBA,,,no_article_found,
UBOS,parish,NYOGO,MARACHA,OBIBA,,,no_article_found,
UBOS,parish,NYOROO,MARACHA,NYADRI,,,no_article_found,
UBOS,parish,OBI,MARACHA,PARANGA,,,no_article_found,
UBOS,parish,OBICA,MARACHA,OBIBA,,,no_article_found,
UBOS,parish,OFFUDE,MARACHA,TARA,,,no_article_found,
UBOS,parish,OJAPI,MARACHA,AJIRA,,,no_article_found,
UBOS,parish,OKAPI WARD,MARACHA,MARACHA TOWN COUNCIL,,,no_article_found,
UBOS,parish,OKUVU,MARACHA,YIVU,,,no_article_found,
UBOS,parish,OLEVU,MARACHA,NYADRI SOUTH,,,no_article_found,
UBOS,parish,OLUPI,MARACHA,AJIRA,,,no_article_found,
UBOS,parish,OMBA,MARACHA,YIVU,,,no_article_found,
UBOS,parish,OMBACHI WARD,MARACHA,AGAII TOWN COUNCIL,,,no_article_found,
UBOS,parish,OMBAVU,MARACHA,AJIRA,,,no_article_found,
UBOS,parish,OMBIA,MARACHA,YIVU,,,no_article_found,
UBOS,parish,OMBIA WARD,MARACHA,MARACHA TOWN COUNCIL,,,no_article_found,
UBOS,parish,OMBIA-BURA,MARACHA,YIVU,,,no_article_found,
UBOS,parish,ONIBA,MARACHA,DRAMBU,,,no_article_found,
UBOS,parish,OTRAVU WARD,MARACHA,OVUJO TOWN COUNCIL,,,no_article_found,
UBOS,parish,OVUJO CENTRAL WARD,MARACHA,OVUJO TOWN COUNCIL,,,no_article_found,
UBOS,parish,OVUJO SOUTH WARD,MARACHA,OVUJO TOWN COUNCIL,,,no_article_found,
UBOS,parish,PABURA,MARACHA,NYADRI,,,no_article_found,
UBOS,parish,PABURA WEST,MARACHA,NYADRI,,,no_article_found,
UBOS,parish,PAJAMA,MARACHA,TARA,,,no_article_found,
UBOS,parish,PAKAYO,MARACHA,ALIKUA,,,no_article_found,
UBOS,parish,PIAGO,MARACHA,DRAMBU,,,no_article_found,
UBOS,parish,POO WARD,MARACHA,OKOKORO TOWN COUNCIL,,,no_article_found,
UBOS,parish,RETRIKO,MARACHA,PARANGA,,,no_article_found,
UBOS,parish,RIKABU,MARACHA,OBIBA,,,no_article_found,
UBOS,parish,ROBU,MARACHA,AWIZIRU,,,no_article_found,
UBOS,parish,ROBU,MARACHA,NYADRI SOUTH,,,no_article_found,
UBOS,parish,ROBU,MARACHA,OLEBA,,,no_article_found,
UBOS,parish,TABIA WARD,MARACHA,OLEBA TOWN COUNCIL,,,no_article_found,
UBOS,parish,WANGURU,MARACHA,TARA,,,no_article_found,
UBOS,parish,WODU,MARACHA,OLEBA,,,no_article_found,
UBOS,parish,YIDDU,MARACHA,TARA,,,no_article_found,
UBOS,parish,BBULIRO,MASAKA,KYESIIGA,,,no_article_found,
UBOS,parish,BUGERE,MASAKA,KYESIIGA,,,no_article_found,
UBOS,parish,BUKIBONGA,MASAKA,BUKAKATA,,,no_article_found,
UBOS,parish,GGULAMA,MASAKA,BUWUNGA,,,no_article_found,
UBOS,parish,KAMUZINDA,MASAKA,KYANAMUKAKA,,,no_article_found,
UBOS,parish,KAMWOZI,MASAKA,BUWUNGA,,,no_article_found,
UBOS,parish,KASAKA,MASAKA,BUWUNGA,,,no_article_found,
UBOS,parish,KITUNGA,MASAKA,KYESIIGA,,,no_article_found,
UBOS,parish,KYANTALE,MASAKA,KYANAMUKAKA,,,no_article_found,
UBOS,parish,MAKONZI,MASAKA,BUKAKATA,,,no_article_found,
UBOS,parish,SSUNGA,MASAKA,BUKAKATA,,,no_article_found,
UBOS,parish,ZZIMWE,MASAKA,KYANAMUKAKA,,,no_article_found,
UBOS,parish,BISANJE WARD,MASAKA CITY,KIMAANYA-KABONERA DIVISION,,,no_article_found,
UBOS,parish,BUGABIRA WARD,MASAKA CITY,NYENDO-MUKUNGWE DIVISION,,,no_article_found,
UBOS,parish,BULANDO WARD,MASAKA CITY,NYENDO-MUKUNGWE DIVISION,,,no_article_found,
UBOS,parish,BULAYI WARD,MASAKA CITY,NYENDO-MUKUNGWE DIVISION,,,no_article_found,
UBOS,parish,BUTALE WARD,MASAKA CITY,KIMAANYA-KABONERA DIVISION,,,no_article_found,
UBOS,parish,BUTEGO WARD,MASAKA CITY,NYENDO-MUKUNGWE DIVISION,,,no_article_found,
UBOS,parish,KAKUNYU WARD,MASAKA CITY,KIMAANYA-KABONERA DIVISION,,,no_article_found,
UBOS,parish,KATWADDE WARD,MASAKA CITY,NYENDO-MUKUNGWE DIVISION,,,no_article_found,
UBOS,parish,KIBISI WARD,MASAKA CITY,NYENDO-MUKUNGWE DIVISION,,,no_article_found,
UBOS,parish,KIMAANYA WARD,MASAKA CITY,KIMAANYA-KABONERA DIVISION,,,no_article_found,
UBOS,parish,KIRIMYA WARD,MASAKA CITY,KIMAANYA-KABONERA DIVISION,,,no_article_found,
UBOS,parish,KITANGA WARD,MASAKA CITY,KIMAANYA-KABONERA DIVISION,,,no_article_found,
UBOS,parish,KITENGEESA WARD,MASAKA CITY,NYENDO-MUKUNGWE DIVISION,,,no_article_found,
UBOS,parish,KITEREDDE WARD,MASAKA CITY,KIMAANYA-KABONERA DIVISION,,,no_article_found,
UBOS,parish,KYABAKUZA WARD,MASAKA CITY,KIMAANYA-KABONERA DIVISION,,,no_article_found,
UBOS,parish,KYAMUYIMBWA WARD,MASAKA CITY,KIMAANYA-KABONERA DIVISION,,,no_article_found,
UBOS,parish,MATANGA WARD,MASAKA CITY,NYENDO-MUKUNGWE DIVISION,,,no_article_found,
UBOS,parish,NYENDO WARD,MASAKA CITY,NYENDO-MUKUNGWE DIVISION,,,no_article_found,
UBOS,parish,SAMALIYA WARD,MASAKA CITY,NYENDO-MUKUNGWE DIVISION,,,no_article_found,
UBOS,parish,SENYANGE WARD,MASAKA CITY,NYENDO-MUKUNGWE DIVISION,,,no_article_found,
UBOS,parish,SSENYA WARD,MASAKA CITY,KIMAANYA-KABONERA DIVISION,,,no_article_found,
UBOS,parish,BIGANDO,MASINDI,MIIRYA,,,no_article_found,
UBOS,parish,BIGANDO WARD,MASINDI,KIGULYA DIVISION,,,no_article_found,
UBOS,parish,BIKONZI,MASINDI,BIKONZI,,,no_article_found,
UBOS,parish,BUKOOBA WARD,MASINDI,KIJUNJUBWA TOWN COUNCIL,,,no_article_found,
UBOS,parish,BWINAMIRA,MASINDI,BUDONGO,,,no_article_found,
UBOS,parish,CIVIC CENTRE WARD,MASINDI,CENTRAL DIVISION,,,no_article_found,
UBOS,parish,ISIMBA,MASINDI,MIIRYA,,,no_article_found,
UBOS,parish,ISIMBA WARD,MASINDI,KIGULYA DIVISION,,,no_article_found,
UBOS,parish,KABANGO WARD,MASINDI,KABANGO TOWN COUNCIL,,,no_article_found,
UBOS,parish,KAHEMBE,MASINDI,BWIJANGA,,,no_article_found,
UBOS,parish,KAHEMBE WARD,MASINDI,BULIMA TOWN COUNCIL,,,no_article_found,
UBOS,parish,KAJURA,MASINDI,NYANTONZI,,,no_article_found,
UBOS,parish,KARONGO,MASINDI,BUDONGO,,,no_article_found,
UBOS,parish,KATUUGO,MASINDI,KIRULI,,,no_article_found,
UBOS,parish,KIBANGYA,MASINDI,KIMENGO,,,no_article_found,
UBOS,parish,KIBIBIRA,MASINDI,KIRULI,,,no_article_found,
UBOS,parish,KIBWONA WARD,MASINDI,KARUJUBU DIVISION,,,no_article_found,
UBOS,parish,KIGUULYA,MASINDI,MIIRYA,,,no_article_found,
UBOS,parish,KIHAGUZI,MASINDI,LABONGO,,,no_article_found,
UBOS,parish,KIHONDA,MASINDI,LABONGO,,,no_article_found,
UBOS,parish,KIHUUBA WARD,MASINDI,KARUJUBU DIVISION,,,no_article_found,
UBOS,parish,KIJUNJUBWA,MASINDI,KIJUNJUBWA,,,no_article_found,
UBOS,parish,KIJUNJUBWA WARD,MASINDI,KIJUNJUBWA TOWN COUNCIL,,,no_article_found,
UBOS,parish,KIKUBE,MASINDI,BIKONZI,,,no_article_found,
UBOS,parish,KIKWANANA WARD,MASINDI,NYANGAHYA DIVISION,,,no_article_found,
UBOS,parish,KIMANYA,MASINDI,NYANTONZI,,,no_article_found,
UBOS,parish,KINYARA SUGAR L.T.D. WARD,MASINDI,KABANGO TOWN COUNCIL,,,no_article_found,
UBOS,parish,KIRULI,MASINDI,KIRULI,,,no_article_found,
UBOS,parish,KISALIZI WARD,MASINDI,BULIMA TOWN COUNCIL,,,no_article_found,
UBOS,parish,KITONOZI,MASINDI,BIKONZI,,,no_article_found,
UBOS,parish,KYAKAMESE CENTRAL,MASINDI,PAKANYI,,,no_article_found,
UBOS,parish,KYAKAMESE EAST,MASINDI,PAKANYI,,,no_article_found,
UBOS,parish,KYAKAMESE WEST,MASINDI,PAKANYI,,,no_article_found,
UBOS,parish,KYANGAMYOYO,MASINDI,PAKANYI,,,no_article_found,
UBOS,parish,KYARUTANGA,MASINDI,KIJUNJUBWA,,,no_article_found,
UBOS,parish,KYATIRI EAST WARD,MASINDI,KYATIRI TOWN COUNCIL,,,no_article_found,
UBOS,parish,KYATIRI WEST WARD,MASINDI,KYATIRI TOWN COUNCIL,,,no_article_found,
UBOS,parish,LABONGO,MASINDI,LABONGO,,,no_article_found,
UBOS,parish,MIDUMA,MASINDI,KIJUNJUBWA,,,no_article_found,
UBOS,parish,NTOOMA,MASINDI,BWIJANGA,,,no_article_found,
UBOS,parish,NYABYEYA,MASINDI,BUDONGO,,,no_article_found,
UBOS,parish,NYAMUKONGO WARD,MASINDI,KIJUNJUBWA TOWN COUNCIL,,,no_article_found,
UBOS,parish,NYANTONZI,MASINDI,NYANTONZI,,,no_article_found,
UBOS,parish,RUKONDWA,MASINDI,BIKONZI,,,no_article_found,
UBOS,parish,RWEMPISI,MASINDI,NYANTONZI,,,no_article_found,
UBOS,parish,BUBINGE,MAYUGE,KITYERERA,,,no_article_found,
UBOS,parish,BUFULUBI,MAYUGE,IMANYIRO,,,no_article_found,
UBOS,parish,BUGADE WARD,MAYUGE,BUGADDE TOWN COUNCIL,,,no_article_found,
UBOS,parish,BUGODI,MAYUGE,BAITAMBOGWE,,,no_article_found,
UBOS,parish,BUGONDO,MAYUGE,KIGANDALO,,,no_article_found,
UBOS,parish,BUGOTO,MAYUGE,BUKABOOLI,,,no_article_found,
UBOS,parish,BUGUMIA,MAYUGE,BUKABOOLI,,,no_article_found,
UBOS,parish,BUKALENZI,MAYUGE,KITYERERA,,,no_article_found,
UBOS,parish,BUKATABIRA,MAYUGE,MALONGO,,,no_article_found,
UBOS,parish,BUKOLI WARD,MAYUGE,MAGAMAGA TOWN COUNCIL,,,no_article_found,
UBOS,parish,BUKUNJA,MAYUGE,BUSAKIRA,,,no_article_found,
UBOS,parish,BULUTA,MAYUGE,MALONGO,,,no_article_found,
UBOS,parish,BUMBA,MAYUGE,JAGUZI,,,no_article_found,
UBOS,parish,BUMWENA,MAYUGE,MALONGO,,,no_article_found,
UBOS,parish,BUSENDA WARD,MAYUGE,BUGADDE TOWN COUNCIL,,,no_article_found,
UBOS,parish,BUSUYI,MAYUGE,WAIRASA,,,no_article_found,
UBOS,parish,BUTANGALA,MAYUGE,BUSAKIRA,,,no_article_found,
UBOS,parish,BUTTE,MAYUGE,BAITAMBOGWE,,,no_article_found,
UBOS,parish,BUWAISWA,MAYUGE,BUWAAYA,,,no_article_found,
UBOS,parish,BUWOLYA,MAYUGE,BUWAAYA,,,no_article_found,
UBOS,parish,BUYERE,MAYUGE,MPUNGWE,,,no_article_found,
UBOS,parish,BUYUGU,MAYUGE,BUKABOOLI,,,no_article_found,
UBOS,parish,BWONDHA CENTRAL WARD,MAYUGE,BWONDHA TOWN COUNCIL,,,no_article_found,
UBOS,parish,BWONDHA SOUTH WARD,MAYUGE,BWONDHA TOWN COUNCIL,,,no_article_found,
UBOS,parish,IGEYERO,MAYUGE,BAITAMBOGWE,,,no_article_found,
UBOS,parish,IGULUIBI,MAYUGE,WAIRASA,,,no_article_found,
UBOS,parish,IKULWE WARD,MAYUGE,MAYUGE TOWN COUNCIL,,,no_article_found,
UBOS,parish,ISENDA,MAYUGE,KIGANDALO,,,no_article_found,
UBOS,parish,ISIKIRO,MAYUGE,BUWAAYA,,,no_article_found,
UBOS,parish,JAGUZI,MAYUGE,JAGUZI,,,no_article_found,
UBOS,parish,KAAZA,MAYUGE,JAGUZI,,,no_article_found,
UBOS,parish,KABAINGIRIRE,MAYUGE,BUWAAYA,,,no_article_found,
UBOS,parish,KALUUBA,MAYUGE,BUSAKIRA,,,no_article_found,
UBOS,parish,KASUGU WARD,MAYUGE,MAYUGE TOWN COUNCIL,,,no_article_found,
UBOS,parish,KATONTE,MAYUGE,BAITAMBOGWE,,,no_article_found,
UBOS,parish,KITOVU,MAYUGE,KITYERERA,,,no_article_found,
UBOS,parish,LUGOLOLE,MAYUGE,BAITAMBOGWE,,,no_article_found,
UBOS,parish,LUKONE,MAYUGE,BAITAMBOGWE,,,no_article_found,
UBOS,parish,LWANIKA,MAYUGE,BUKATUBE,,,no_article_found,
UBOS,parish,MAGAMAGA WARD,MAYUGE,MAGAMAGA TOWN COUNCIL,,,no_article_found,
UBOS,parish,MAINA,MAYUGE,MPUNGWE,,,no_article_found,
UBOS,parish,MAKONKO WARD,MAYUGE,BWONDHA TOWN COUNCIL,,,no_article_found,
UBOS,parish,MALEKA,MAYUGE,KIGANDALO,,,no_article_found,
UBOS,parish,MASOLYA,MAYUGE,JAGUZI,,,no_article_found,
UBOS,parish,MATOVU,MAYUGE,BUKABOOLI,,,no_article_found,
UBOS,parish,MAUMU,MAYUGE,BUSAKIRA,,,no_article_found,
UBOS,parish,MAUTA,MAYUGE,BUKATUBE,,,no_article_found,
UBOS,parish,MAYIRINYA,MAYUGE,BUKABOOLI,,,no_article_found,
UBOS,parish,MBAALE,MAYUGE,IMANYIRO,,,no_article_found,
UBOS,parish,MBIRABIRA,MAYUGE,BUKATUBE,,,no_article_found,
UBOS,parish,MISOLI,MAYUGE,WAIRASA,,,no_article_found,
UBOS,parish,MUGGI,MAYUGE,MPUNGWE,,,no_article_found,
UBOS,parish,MULINGILIRE,MAYUGE,BAITAMBOGWE,,,no_article_found,
UBOS,parish,MUSOMA WARD,MAYUGE,BWONDHA TOWN COUNCIL,,,no_article_found,
UBOS,parish,NAKIBENGO WARD,MAYUGE,BUGADDE TOWN COUNCIL,,,no_article_found,
UBOS,parish,NALUBABWE WARD,MAYUGE,BWONDHA TOWN COUNCIL,,,no_article_found,
UBOS,parish,NAMADHI,MAYUGE,MALONGO,,,no_article_found,
UBOS,parish,NAMONI,MAYUGE,MALONGO,,,no_article_found,
UBOS,parish,NKALANGA WARD,MAYUGE,BWONDHA TOWN COUNCIL,,,no_article_found,
UBOS,parish,NKOMBE,MAYUGE,IMANYIRO,,,no_article_found,
UBOS,parish,NSANGO,MAYUGE,BUWAAYA,,,no_article_found,
UBOS,parish,SAGITU,MAYUGE,JAGUZI,,,no_article_found,
UBOS,parish,SERINYABI,MAYUGE,JAGUZI,,,no_article_found,
UBOS,parish,WABULUNGU WARD,MAYUGE,MAGAMAGA TOWN COUNCIL,,,no_article_found,
UBOS,parish,WAINHA,MAYUGE,BAITAMBOGWE,,,no_article_found,
UBOS,parish,WAIRAMA,MAYUGE,MPUNGWE,,,no_article_found,
UBOS,parish,WAMBETE,MAYUGE,BUSAKIRA,,,no_article_found,
UBOS,parish,WAMULONGO,MAYUGE,MPUNGWE,,,no_article_found,
UBOS,parish,ALPHA WARD,MBALE,BUSIU TOWN COUNCIL,,,no_article_found,
UBOS,parish,BUBENTSYE,MBALE,WANALE,,,no_article_found,
UBOS,parish,BUBETSYE,MBALE,NYONDO,,,no_article_found,
UBOS,parish,BUBIRABI,MBALE,BUNGOKHO,,,no_article_found,
UBOS,parish,BUFOOTO,MBALE,BUSANO,,,no_article_found,
UBOS,parish,BUFUKHULA,MBALE,NYONDO,,,no_article_found,
UBOS,parish,BUFUKHULA,MBALE,BUSIU,,,no_article_found,
UBOS,parish,BUFUKHULA CENTRAL WARD,MBALE,BUSIU TOWN COUNCIL,,,no_article_found,
UBOS,parish,BUFUKHULA WARD,MBALE,BUSIU TOWN COUNCIL,,,no_article_found,
UBOS,parish,BUFUYA,MBALE,BUMBOBI,,,no_article_found,
UBOS,parish,BUGWANYI,MBALE,BUKHIENDE,,,no_article_found,
UBOS,parish,BUKHUMWA,MBALE,BUMBOBI,,,no_article_found,
UBOS,parish,BUKIKOSO,MBALE,BUBYANGU,,,no_article_found,
UBOS,parish,BUKINGALA,MBALE,BUDWALE,,,no_article_found,
UBOS,parish,BUKOBE,MBALE,BUFUMBO,,,no_article_found,
UBOS,parish,BUKUWA WARD,MBALE,NABUMALI TOWN COUNCIL,,,no_article_found,
UBOS,parish,BULUSAMBU,MBALE,BUSIU,,,no_article_found,
UBOS,parish,BUMADANDA,MBALE,BUBYANGU,,,no_article_found,
UBOS,parish,BUMAENA,MBALE,BUKHIENDE,,,no_article_found,
UBOS,parish,BUMAGENI,MBALE,BUNGOKHO,,,no_article_found,
UBOS,parish,BUMAGIRA,MBALE,BUFUMBO,,,no_article_found,
UBOS,parish,BUMUSIRI,MBALE,BUFUMBO,,,no_article_found,
UBOS,parish,BUMUTSOPA,MBALE,BUKHIENDE,,,no_article_found,
UBOS,parish,BUNABIGUBO,MBALE,BUBYANGU,,,no_article_found,
UBOS,parish,BUNABULOLI,MBALE,BUBYANGU,,,no_article_found,
UBOS,parish,BUNAMAHE,MBALE,BUDWALE,,,no_article_found,
UBOS,parish,BUNAMAJJE,MBALE,BUFUMBO,,,no_article_found,
UBOS,parish,BUNAMOLI,MBALE,BUBYANGU,,,no_article_found,
UBOS,parish,BUNANIMI,MBALE,BUSOBA,,,no_article_found,
UBOS,parish,BUNASHIMOLO,MBALE,BUKHIENDE,,,no_article_found,
UBOS,parish,BUNATSOMA,MBALE,WANALE,,,no_article_found,
UBOS,parish,BUNAWOZI,MBALE,BUBYANGU,,,no_article_found,
UBOS,parish,BURUKURU,MBALE,BUKHIENDE,,,no_article_found,
UBOS,parish,BUSAMBE,MBALE,BUMBOBI,,,no_article_found,
UBOS,parish,BUSANO,MBALE,BUSANO,,,no_article_found,
UBOS,parish,BUSHANGI,MBALE,BUKHIENDE,,,no_article_found,
UBOS,parish,BUSHIKORI,MBALE,BUNGOKHO,,,no_article_found,
UBOS,parish,BUSHIUYO,MBALE,WANALE,,,no_article_found,
UBOS,parish,BUWANAGADI,MBALE,BUDWALE,,,no_article_found,
UBOS,parish,BUYAKA,MBALE,BUSANO,,,no_article_found,
UBOS,parish,BUZALANGIZO,MBALE,BUFUMBO,,,no_article_found,
UBOS,parish,BWIKHONJE,MBALE,BUSANO,,,no_article_found,
UBOS,parish,CENTRAL WARD,MBALE,BUSIU TOWN COUNCIL,,,no_article_found,
UBOS,parish,HOSPITAL WARD,MBALE,BUSIU TOWN COUNCIL,,,no_article_found,
UBOS,parish,JEWA WARD,MBALE,JEWA TOWN COUNCIL,,,no_article_found,
UBOS,parish,KAMA,MBALE,BUFUMBO,,,no_article_found,
UBOS,parish,KHAMOTO,MBALE,BUNGOKHO,,,no_article_found,
UBOS,parish,KHAUKHA,MBALE,WANALE,,,no_article_found,
UBOS,parish,KIRAYI,MBALE,BUBYANGU,,,no_article_found,
UBOS,parish,KITAGALU WARD,MBALE,JEWA TOWN COUNCIL,,,no_article_found,
UBOS,parish,KOLAN WARD,MBALE,BUSIU TOWN COUNCIL,,,no_article_found,
UBOS,parish,LUMBUKU,MBALE,BUSIU,,,no_article_found,
UBOS,parish,LUSAMENTA,MBALE,BUBYANGU,,,no_article_found,
UBOS,parish,LWABOBA,MBALE,BUMASIKYE,,,no_article_found,
UBOS,parish,LWABOBA,MBALE,BUNAMBUTYE,,,no_article_found,
UBOS,parish,LWAMBOGO,MBALE,BUNGOKHO,,,no_article_found,
UBOS,parish,MABANGA WARD,MBALE,BUSIU TOWN COUNCIL,,,no_article_found,
UBOS,parish,MADEGE,MBALE,BUBYANGU,,,no_article_found,
UBOS,parish,MAKUNDA,MBALE,BUNAMBUTYE,,,no_article_found,
UBOS,parish,MASIKYE WARD,MBALE,NABUMALI TOWN COUNCIL,,,no_article_found,
UBOS,parish,MUANDA,MBALE,BUMASIKYE,,,no_article_found,
UBOS,parish,MUNGOMA WARD,MBALE,NABUMALI TOWN COUNCIL,,,no_article_found,
UBOS,parish,MUSESE,MBALE,BUNAMBUTYE,,,no_article_found,
UBOS,parish,NABANYOLE,MBALE,WANALE,,,no_article_found,
UBOS,parish,NABWEYE,MBALE,LUKHONGE,,,no_article_found,
UBOS,parish,NAKYANIKILE WARD,MBALE,JEWA TOWN COUNCIL,,,no_article_found,
UBOS,parish,NALUMOYA WARD,MBALE,JEWA TOWN COUNCIL,,,no_article_found,
UBOS,parish,NAMAWANGA,MBALE,LUKHONGE,,,no_article_found,
UBOS,parish,NAMBWA,MBALE,LUKHONGE,,,no_article_found,
UBOS,parish,NDOKO WARD,MBALE,JEWA TOWN COUNCIL,,,no_article_found,
UBOS,parish,TOMA,MBALE,BUMASIKYE,,,no_article_found,
UBOS,parish,TOWN WARD,MBALE,BUSIU TOWN COUNCIL,,,no_article_found,
UBOS,parish,WAMWA WARD,MBALE,NABUMALI TOWN COUNCIL,,,no_article_found,
UBOS,parish,WANINDA,MBALE,LUKHONGE,,,no_article_found,
UBOS,parish,AFYA WARD,MBALE CITY,NORTHERN DIVISION,,,no_article_found,
UBOS,parish,AISA WARD,MBALE CITY,NORTHERN DIVISION,,,no_article_found,
UBOS,parish,BOMA WARD,MBALE CITY,INDUSTRIAL DIVISION,,,no_article_found,
UBOS,parish,BUKIKALI,MBALE CITY,NORTHERN DIVISION,,,no_article_found,
UBOS,parish,BULWETA,MBALE CITY,NORTHERN DIVISION,,,no_article_found,
UBOS,parish,BUMBOI WARD,MBALE CITY,INDUSTRIAL DIVISION,,,no_article_found,
UBOS,parish,BUMULUYA,MBALE CITY,NORTHERN DIVISION,,,no_article_found,
UBOS,parish,BUMUTOTO WARD,MBALE CITY,INDUSTRIAL DIVISION,,,no_article_found,
UBOS,parish,BUMUYANGA,MBALE CITY,NORTHERN DIVISION,,,no_article_found,
UBOS,parish,BUSAMAGA EAST WARD,MBALE CITY,INDUSTRIAL DIVISION,,,no_article_found,
UBOS,parish,BUSAMAGA WEST WARD,MBALE CITY,INDUSTRIAL DIVISION,,,no_article_found,
UBOS,parish,BUWANGOLO,MBALE CITY,NORTHERN DIVISION,,,no_article_found,
UBOS,parish,BWANA WARD,MBALE CITY,NORTHERN DIVISION,,,no_article_found,
UBOS,parish,DOKO WARD,MBALE CITY,INDUSTRIAL DIVISION,,,no_article_found,
UBOS,parish,DOKO WARD,MBALE CITY,NORTHERN DIVISION,,,no_article_found,
UBOS,parish,FIKA SALAMA WARD,MBALE CITY,NORTHERN DIVISION,,,no_article_found,
UBOS,parish,IU-IU WARD,MBALE CITY,NORTHERN DIVISION,,,no_article_found,
UBOS,parish,KIHUNO,MBALE CITY,NORTHERN DIVISION,,,no_article_found,
UBOS,parish,KIJJA WARD,MBALE CITY,INDUSTRIAL DIVISION,,,no_article_found,
UBOS,parish,KIREKA-NAKALOKE SC WARD,MBALE CITY,NORTHERN DIVISION,,,no_article_found,
UBOS,parish,KIREKA-NAKALOKE TC WARD,MBALE CITY,NORTHERN DIVISION,,,no_article_found,
UBOS,parish,KOLONYI WARD,MBALE CITY,NORTHERN DIVISION,,,no_article_found,
UBOS,parish,LWASSO,MBALE CITY,NORTHERN DIVISION,,,no_article_found,
UBOS,parish,MALUKHU WARD,MBALE CITY,INDUSTRIAL DIVISION,,,no_article_found,
UBOS,parish,MARALE WARD,MBALE CITY,INDUSTRIAL DIVISION,,,no_article_found,
UBOS,parish,MOONI-NAMBALE WARD,MBALE CITY,INDUSTRIAL DIVISION,,,no_article_found,
UBOS,parish,MOONI-WANALE WARD,MBALE CITY,INDUSTRIAL DIVISION,,,no_article_found,
UBOS,parish,MUKHUBU WARD,MBALE CITY,INDUSTRIAL DIVISION,,,no_article_found,
UBOS,parish,MUKUNJA WARD,MBALE CITY,NORTHERN DIVISION,,,no_article_found,
UBOS,parish,MUYANDA WARD,MBALE CITY,INDUSTRIAL DIVISION,,,no_article_found,
UBOS,parish,NABITIRI WARD,MBALE CITY,INDUSTRIAL DIVISION,,,no_article_found,
UBOS,parish,NABUYONGA WARD,MBALE CITY,NORTHERN DIVISION,,,no_article_found,
UBOS,parish,NAMABASA WARD,MBALE CITY,NORTHERN DIVISION,,,no_article_found,
UBOS,parish,NAMAGUMBA WARD,MBALE CITY,NORTHERN DIVISION,,,no_article_found,
UBOS,parish,NAMAKWEKWE WARD,MBALE CITY,NORTHERN DIVISION,,,no_article_found,
UBOS,parish,NAMALOGO WARD,MBALE CITY,INDUSTRIAL DIVISION,,,no_article_found,
UBOS,parish,NAMBULU/KASANJA WARD,MBALE CITY,NORTHERN DIVISION,,,no_article_found,
UBOS,parish,NAMUNSI WARD,MBALE CITY,NORTHERN DIVISION,,,no_article_found,
UBOS,parish,NANYUNZA,MBALE CITY,NORTHERN DIVISION,,,no_article_found,
UBOS,parish,NAPOOLI CENTRAL WARD,MBALE CITY,INDUSTRIAL DIVISION,,,no_article_found,
UBOS,parish,NAPOOLI LOWER WARD,MBALE CITY,INDUSTRIAL DIVISION,,,no_article_found,
UBOS,parish,NAPOOLI UPPER WARD,MBALE CITY,INDUSTRIAL DIVISION,,,no_article_found,
UBOS,parish,NKOMA-NAMANYONYI WARD,MBALE CITY,NORTHERN DIVISION,,,no_article_found,
UBOS,parish,NKOMA-NORTHERN WARD,MBALE CITY,NORTHERN DIVISION,,,no_article_found,
UBOS,parish,NORTH CENTRAL WARD,MBALE CITY,NORTHERN DIVISION,,,no_article_found,
UBOS,parish,ROCK WARD,MBALE CITY,NORTHERN DIVISION,,,no_article_found,
UBOS,parish,SALEM WARD,MBALE CITY,NORTHERN DIVISION,,,no_article_found,
UBOS,parish,SOUTH CENTRAL WARD,MBALE CITY,INDUSTRIAL DIVISION,,,no_article_found,
UBOS,parish,TSABANYANYA WARD,MBALE CITY,INDUSTRIAL DIVISION,,,no_article_found,
UBOS,parish,WAKHWABA CENTRAL WARD,MBALE CITY,INDUSTRIAL DIVISION,,,no_article_found,
UBOS,parish,WAKHWABA LOWER WARD,MBALE CITY,INDUSTRIAL DIVISION,,,no_article_found,
UBOS,parish,WAKHWABA UPPER WARD,MBALE CITY,INDUSTRIAL DIVISION,,,no_article_found,
UBOS,parish,AKAIHAMBA WARD,MBARARA,NYABISIRIRA TOWN COUNCIL,,,no_article_found,
UBOS,parish,BISYA,MBARARA,RUBINDI-RUHUMBA TOWN COUNCIL,,,no_article_found,
UBOS,parish,BUNENERO,MBARARA,RUBAYA,,,no_article_found,
UBOS,parish,BWENGURE,MBARARA,KAGONGI,,,no_article_found,
UBOS,parish,BWIZIBWERA LOWER WARD,MBARARA,RWANYAMAHEMBE TOWN COUNCIL,,,no_article_found,
UBOS,parish,BWIZIBWERA UPPER WARD,MBARARA,BWIZIBWERA-RUTOOMA TOWN COUNCIL,,,no_article_found,
UBOS,parish,ITARA,MBARARA,RUBAYA,,,no_article_found,
UBOS,parish,KABARE WARD,MBARARA,RUBINDI-RUHUMBA TOWN COUNCIL,,,no_article_found,
UBOS,parish,KAKYERERE WARD,MBARARA,RWANYAMAHEMBE TOWN COUNCIL,,,no_article_found,
UBOS,parish,KAMUSHOKO,MBARARA,BUBAARE,,,no_article_found,
UBOS,parish,KARIRO,MBARARA,RUBINDI,,,no_article_found,
UBOS,parish,KARUHAMA WARD,MBARARA,RUBINDI-RUHUMBA TOWN COUNCIL,,,no_article_found,
UBOS,parish,KARUYENJE WARD,MBARARA,RWANYAMAHEMBE TOWN COUNCIL,,,no_article_found,
UBOS,parish,KARWESANGA(RUGAAGA),MBARARA,RUBINDI-RUHUMBA TOWN COUNCIL,,,no_article_found,
UBOS,parish,KASHAKA,MBARARA,BUBAARE,,,no_article_found,
UBOS,parish,KATYAZO,MBARARA,BWIZIBWERA-RUTOOMA TOWN COUNCIL,,,no_article_found,
UBOS,parish,KYANDAHI,MBARARA,KAGONGI,,,no_article_found,
UBOS,parish,KYENSHAMA WARD,MBARARA,NYABISIRIRA TOWN COUNCIL,,,no_article_found,
UBOS,parish,MABIRA,MBARARA,RWANYAMAHEMBE TOWN COUNCIL,,,no_article_found,
UBOS,parish,MIRONGO,MBARARA,KASHARE,,,no_article_found,
UBOS,parish,MITOOZO,MBARARA,KASHARE,,,no_article_found,
UBOS,parish,MUGARUSYA,MBARARA,BUBAARE,,,no_article_found,
UBOS,parish,NCHUNE,MBARARA,KASHARE,,,no_article_found,
UBOS,parish,NGANGO,MBARARA,KAGONGI,,,no_article_found,
UBOS,parish,NTUURA,MBARARA,KAGONGI,,,no_article_found,
UBOS,parish,NYABISIRIRA,MBARARA,KASHARE,,,no_article_found,
UBOS,parish,NYABISIRIRA WARD,MBARARA,NYABISIRIRA TOWN COUNCIL,,,no_article_found,
UBOS,parish,NYAMIRIRO,MBARARA,RUBINDI,,,no_article_found,
UBOS,parish,NYANJA WARD,MBARARA,BUKIIRO TOWN COUNCIL,,,no_article_found,
UBOS,parish,NYARUBUNGO,MBARARA,BUKIIRO,,,no_article_found,
UBOS,parish,RUBINGO WARD,MBARARA,BUKIIRO TOWN COUNCIL,,,no_article_found,
UBOS,parish,RUBURARA,MBARARA,RUBAYA,,,no_article_found,
UBOS,parish,RUGARURA WARD,MBARARA,NYABISIRIRA TOWN COUNCIL,,,no_article_found,
UBOS,parish,RUHUNGA,MBARARA,RUBAYA,,,no_article_found,
UBOS,parish,RUSHOZI,MBARARA,RUBAYA,,,no_article_found,
UBOS,parish,RUTOMA WARD,MBARARA,BWIZIBWERA-RUTOOMA TOWN COUNCIL,,,no_article_found,
UBOS,parish,RWAMUHIIGI,MBARARA,RUBINDI,,,no_article_found,
UBOS,parish,RWEBISHEKYE,MBARARA,BWIZIBWERA-RUTOOMA TOWN COUNCIL,,,no_article_found,
UBOS,parish,RWENSHANKU,MBARARA,BUBAARE,,,no_article_found,
UBOS,parish,RWENTOJO WARD,MBARARA,BWIZIBWERA-RUTOOMA TOWN COUNCIL,,,no_article_found,
UBOS,parish,BUGASHE WARD,MBARARA CITY,MBARARA SOUTH DIVISION,,,no_article_found,
UBOS,parish,BUNUTSYA WARD,MBARARA CITY,MBARARA NORTH DIVISION,,,no_article_found,
UBOS,parish,KAKOMA WARD,MBARARA CITY,MBARARA NORTH DIVISION,,,no_article_found,
UBOS,parish,NYABUHAMA WARD,MBARARA CITY,MBARARA NORTH DIVISION,,,no_article_found,
UBOS,parish,NYAKINENGO WARD,MBARARA CITY,MBARARA NORTH DIVISION,,,no_article_found,
UBOS,parish,NYARUBANGA,MBARARA CITY,MBARARA NORTH DIVISION,,,no_article_found,
UBOS,parish,NYARUBUNGO II WARD,MBARARA CITY,MBARARA SOUTH DIVISION,,,no_article_found,
UBOS,parish,RUHARO WARD,MBARARA CITY,MBARARA NORTH DIVISION,,,no_article_found,
UBOS,parish,RUKINDO WARD,MBARARA CITY,MBARARA SOUTH DIVISION,,,no_article_found,
UBOS,parish,RWAKISHAKIZI WARD,MBARARA CITY,MBARARA SOUTH DIVISION,,,no_article_found,
UBOS,parish,RWEMIGYINA WARD,MBARARA CITY,MBARARA NORTH DIVISION,,,no_article_found,
UBOS,parish,RWENJERU WARD,MBARARA CITY,MBARARA NORTH DIVISION,,,no_article_found,
UBOS,parish,BIKUNGU WARD,MITOOMA,MUTARA TOWN COUNCIL,,,no_article_found,
UBOS,parish,BUGONGO,MITOOMA,BITEREKO,,,no_article_found,
UBOS,parish,BUHARAMBO,MITOOMA,KABIRA,,,no_article_found,
UBOS,parish,BUKARI,MITOOMA,KASHENSHERO,,,no_article_found,
UBOS,parish,BUKIRIRO,MITOOMA,KIYANGA,,,no_article_found,
UBOS,parish,BUKONGORO WARD,MITOOMA,MUTARA TOWN COUNCIL,,,no_article_found,
UBOS,parish,BUSHEREGYENYI,MITOOMA,BITEREKO,,,no_article_found,
UBOS,parish,CENTRAL WARD,MITOOMA,RUTOOKYE TOWN COUNCIL,,,no_article_found,
UBOS,parish,ENSHAKA,MITOOMA,MUTARA,,,no_article_found,
UBOS,parish,FURUMA WARD,MITOOMA,MUTARA TOWN COUNCIL,,,no_article_found,
UBOS,parish,IGAMBIRO,MITOOMA,KATENGA,,,no_article_found,
UBOS,parish,IJUMO,MITOOMA,MITOOMA,,,no_article_found,
UBOS,parish,IRARAMIRA,MITOOMA,KIYANGA,,,no_article_found,
UBOS,parish,KABURARA,MITOOMA,KIYANGA,,,no_article_found,
UBOS,parish,KAGATI,MITOOMA,RWOBURUNGA,,,no_article_found,
UBOS,parish,KARANGARA,MITOOMA,BITEREKO,,,no_article_found,
UBOS,parish,KARANGARA WARD,MITOOMA,KABIRA TOWN COUNCIL,,,no_article_found,
UBOS,parish,KARIMBIRO,MITOOMA,BITEREKO,,,no_article_found,
UBOS,parish,KASHONGORERO,MITOOMA,KIGYENDE,,,no_article_found,
UBOS,parish,KATAGATA,MITOOMA,MAYANGA,,,no_article_found,
UBOS,parish,KATAHO,MITOOMA,MUTARA,,,no_article_found,
UBOS,parish,KATI,MITOOMA,KANYABWANGA,,,no_article_found,
UBOS,parish,KATUNDA,MITOOMA,MITOOMA,,,no_article_found,
UBOS,parish,KEIRABWA,MITOOMA,RWOBURUNGA,,,no_article_found,
UBOS,parish,KIBARE WARD,MITOOMA,RUTOOKYE TOWN COUNCIL,,,no_article_found,
UBOS,parish,KIBUNGO,MITOOMA,KIGYENDE,,,no_article_found,
UBOS,parish,KIKANI,MITOOMA,NYAKIZINGA,,,no_article_found,
UBOS,parish,KIREMBE,MITOOMA,KATENGA,,,no_article_found,
UBOS,parish,KIRERA,MITOOMA,KASHENSHERO,,,no_article_found,
UBOS,parish,KIYANGA,MITOOMA,KIYANGA,,,no_article_found,
UBOS,parish,KYANZIRE,MITOOMA,KASHENSHERO,,,no_article_found,
UBOS,parish,KYEIBARE WARD,MITOOMA,MUTARA TOWN COUNCIL,,,no_article_found,
UBOS,parish,MAHWIZI,MITOOMA,MUTARA,,,no_article_found,
UBOS,parish,MURAMBI,MITOOMA,NYAKIZINGA,,,no_article_found,
UBOS,parish,MUSHUNGA,MITOOMA,MITOOMA,,,no_article_found,
UBOS,parish,MUTI,MITOOMA,NYAKIZINGA,,,no_article_found,
UBOS,parish,NDURUMO,MITOOMA,RWOBURUNGA,,,no_article_found,
UBOS,parish,NKINGA,MITOOMA,MITOOMA,,,no_article_found,
UBOS,parish,NYAKAGONGO WARD,MITOOMA,KABIRA TOWN COUNCIL,,,no_article_found,
UBOS,parish,NYAKATETE,MITOOMA,KABIRA,,,no_article_found,
UBOS,parish,NYAKATOOMA,MITOOMA,KASHENSHERO,,,no_article_found,
UBOS,parish,NYAKATSIRO WARD,MITOOMA,RUTOOKYE TOWN COUNCIL,,,no_article_found,
UBOS,parish,NYAKIHITA,MITOOMA,MUTARA,,,no_article_found,
UBOS,parish,NYAKISHOJWA,MITOOMA,MITOOMA,,,no_article_found,
UBOS,parish,NYAKIZINGA,MITOOMA,NYAKIZINGA,,,no_article_found,
UBOS,parish,NYARUBIRA-BURERA WARD,MITOOMA,KASHENSHERO TOWN COUNCIL,,,no_article_found,
UBOS,parish,OMUKACENCE WARD,MITOOMA,KABIRA TOWN COUNCIL,,,no_article_found,
UBOS,parish,RUCENCE,MITOOMA,KANYABWANGA,,,no_article_found,
UBOS,parish,RUKARARWE,MITOOMA,KATENGA,,,no_article_found,
UBOS,parish,RUREHE NORTH,MITOOMA,KABIRA,,,no_article_found,
UBOS,parish,RUREHE SOUTH,MITOOMA,RUREHE,,,no_article_found,
UBOS,parish,RUTOOMA,MITOOMA,RUREHE,,,no_article_found,
UBOS,parish,RWAMUJURA,MITOOMA,MAYANGA,,,no_article_found,
UBOS,parish,RWAMUNIORI,MITOOMA,KANYABWANGA,,,no_article_found,
UBOS,parish,RWANJA EAST,MITOOMA,MAYANGA,,,no_article_found,
UBOS,parish,RWANJA WEST,MITOOMA,RUREHE,,,no_article_found,
UBOS,parish,RWENKURIJU,MITOOMA,KANYABWANGA,,,no_article_found,
UBOS,parish,RWOBURUNGA,MITOOMA,RWOBURUNGA,,,no_article_found,
UBOS,parish,RYAKITANGA,MITOOMA,MUTARA,,,no_article_found,
UBOS,parish,RYENGYERERO,MITOOMA,RUREHE,,,no_article_found,
UBOS,parish,WARD I,MITOOMA,MITOOMA TOWN COUNCIL,,,no_article_found,
UBOS,parish,WARD II,MITOOMA,MITOOMA TOWN COUNCIL,,,no_article_found,
UBOS,parish,WARD III,MITOOMA,MITOOMA TOWN COUNCIL,,,no_article_found,
UBOS,parish,WARD IV,MITOOMA,MITOOMA TOWN COUNCIL,,,no_article_found,
UBOS,parish,BAKIJULULA,MITYANA,BULERA,,,no_article_found,
UBOS,parish,BAMBULA,MITYANA,KIKANDWA,,,no_article_found,
UBOS,parish,BBANDA WARD,MITYANA,BBANDA TOWN COUNCIL,,,no_article_found,
UBOS,parish,BUJAAYU,MITYANA,KALANGAALO,,,no_article_found,
UBOS,parish,BUKOOBA,MITYANA,SSEKANYONYI,,,no_article_found,
UBOS,parish,BULAMU,MITYANA,BULERA,,,no_article_found,
UBOS,parish,BULYANKUYEGE WARD,MITYANA,SSEKANYONYI TOWN COUNCIL,,,no_article_found,
UBOS,parish,BUSEMBI,MITYANA,KALANGAALO,,,no_article_found,
UBOS,parish,BUSUBIZI WARD,MITYANA,TTAMU DIVISION,,,no_article_found,
UBOS,parish,BUZIBAZZI WARD,MITYANA,BBANDA TOWN COUNCIL,,,no_article_found,
UBOS,parish,CENTRAL WARD,MITYANA,BUSUNJU TOWN COUNCIL,,,no_article_found,
UBOS,parish,CENTRAL WARD,MITYANA,CENTRAL DIVISION,,,no_article_found,
UBOS,parish,EAST WARD,MITYANA,BUSIMBI DIVISION,,,no_article_found,
UBOS,parish,KABBEGA WARD,MITYANA,SSEKANYONYI TOWN COUNCIL,,,no_article_found,
UBOS,parish,KABULE WARD,MITYANA,TTAMU DIVISION,,,no_article_found,
UBOS,parish,KABUWAMBO,MITYANA,TTAMU DIVISION,,,no_article_found,
UBOS,parish,KAGEREKAMU,MITYANA,SSEKANYONYI,,,no_article_found,
UBOS,parish,KAKINDU TOWN BOARD,MITYANA,KAKINDU,,,no_article_found,
UBOS,parish,KALAMA,MITYANA,KALANGAALO,,,no_article_found,
UBOS,parish,KALANGAALO,MITYANA,KALANGAALO,,,no_article_found,
UBOS,parish,KANYALE WARD,MITYANA,BBANDA TOWN COUNCIL,,,no_article_found,
UBOS,parish,KASANGULA,MITYANA,NAMUNGO,,,no_article_found,
UBOS,parish,KASIKOMBE,MITYANA,SSEKANYONYI,,,no_article_found,
UBOS,parish,KATAKALA WARD,MITYANA,CENTRAL DIVISION,,,no_article_found,
UBOS,parish,KAYANGA,MITYANA,BBANDA,,,no_article_found,
UBOS,parish,KIBOGO,MITYANA,BULERA,,,no_article_found,
UBOS,parish,KIKUBE,MITYANA,KALANGAALO,,,no_article_found,
UBOS,parish,KIKUNYU,MITYANA,KIKANDWA,,,no_article_found,
UBOS,parish,KIKUUTA,MITYANA,KALANGAALO,,,no_article_found,
UBOS,parish,KIMULI,MITYANA,MAANYI,,,no_article_found,
UBOS,parish,KIREKU WARD,MITYANA,BUSIMBI DIVISION,,,no_article_found,
UBOS,parish,KIRYOKYA,MITYANA,KALANGAALO,,,no_article_found,
UBOS,parish,KISAANA,MITYANA,NAMUNGO,,,no_article_found,
UBOS,parish,KITEBERE,MITYANA,BUTAYUNJA,,,no_article_found,
UBOS,parish,KITEETE,MITYANA,NAMUNGO,,,no_article_found,
UBOS,parish,KITEMU,MITYANA,BULERA,,,no_article_found,
UBOS,parish,KITEREDDE,MITYANA,KALANGAALO,,,no_article_found,
UBOS,parish,KITONGO,MITYANA,BUTAYUNJA,,,no_article_found,
UBOS,parish,KIVUVVU,MITYANA,MAANYI,,,no_article_found,
UBOS,parish,KIWAWU,MITYANA,MALANGALA,,,no_article_found,
UBOS,parish,KIYOGANYI,MITYANA,KALANGAALO,,,no_article_found,
UBOS,parish,KYAMUSISI,MITYANA,KALANGAALO,,,no_article_found,
UBOS,parish,LUSANJA,MITYANA,BULERA,,,no_article_found,
UBOS,parish,LUWUNGA,MITYANA,KIKANDWA,,,no_article_found,
UBOS,parish,MAGALA,MITYANA,SSEKANYONYI,,,no_article_found,
UBOS,parish,MAGONGA,MITYANA,MALANGALA,,,no_article_found,
UBOS,parish,MISEEBE,MITYANA,BULERA,,,no_article_found,
UBOS,parish,MISIGI,MITYANA,MAANYI,,,no_article_found,
UBOS,parish,MPIRIGWA,MITYANA,NAMUNGO,,,no_article_found,
UBOS,parish,MPONGO,MITYANA,BBANDA,,,no_article_found,
UBOS,parish,MUGULU,MITYANA,NAMUNGO,,,no_article_found,
UBOS,parish,MUTETTEMA,MITYANA,KALANGAALO,,,no_article_found,
UBOS,parish,MWERA,MITYANA,KAKINDU,,,no_article_found,
UBOS,parish,NAAMA WARD,MITYANA,BUSIMBI DIVISION,,,no_article_found,
UBOS,parish,NABATTU WARD,MITYANA,ZIGOTI TOWN COUNCIL,,,no_article_found,
UBOS,parish,NABUMBUGU,MITYANA,BULERA,,,no_article_found,
UBOS,parish,NAKASEETA WARD,MITYANA,BUSIMBI DIVISION,,,no_article_found,
UBOS,parish,NAKAZIBA (GGAVU),MITYANA,BUTAYUNJA,,,no_article_found,
UBOS,parish,NAKIBANGA WARD,MITYANA,CENTRAL DIVISION,,,no_article_found,
UBOS,parish,NAKWAYA,MITYANA,KIKANDWA,,,no_article_found,
UBOS,parish,NALYANKANJA,MITYANA,BULERA,,,no_article_found,
UBOS,parish,NAMIGAVU,MITYANA,KIKANDWA,,,no_article_found,
UBOS,parish,NAMUTAMBA,MITYANA,BULERA,,,no_article_found,
UBOS,parish,NAMUTIDDE,MITYANA,BULERA,,,no_article_found,
UBOS,parish,NAMUTUNKU,MITYANA,MAANYI,,,no_article_found,
UBOS,parish,NAMWENE,MITYANA,KIKANDWA,,,no_article_found,
UBOS,parish,NFUMBYE,MITYANA,MAANYI,,,no_article_found,
UBOS,parish,NGANDWE,MITYANA,BUTAYUNJA,,,no_article_found,
UBOS,parish,NGUGULO,MITYANA,KAKINDU,,,no_article_found,
UBOS,parish,NORTH WARD,MITYANA,BUSUNJU TOWN COUNCIL,,,no_article_found,
UBOS,parish,NORTH WARD,MITYANA,BUSIMBI DIVISION,,,no_article_found,
UBOS,parish,SOUTH WARD,MITYANA,BUSUNJU TOWN COUNCIL,,,no_article_found,
UBOS,parish,SOUTH WARD,MITYANA,TTAMU DIVISION,,,no_article_found,
UBOS,parish,SSERINYA,MITYANA,MAANYI,,,no_article_found,
UBOS,parish,TTAMU WARD,MITYANA,TTAMU DIVISION,,,no_article_found,
UBOS,parish,TTANDA WARD,MITYANA,TTAMU DIVISION,,,no_article_found,
UBOS,parish,VVUMBE,MITYANA,KAKINDU,,,no_article_found,
UBOS,parish,WEST WARD,MITYANA,BUSUNJU TOWN COUNCIL,,,no_article_found,
UBOS,parish,WEST WARD,MITYANA,CENTRAL DIVISION,,,no_article_found,
UBOS,parish,ZIGOTI WARD,MITYANA,ZIGOTI TOWN COUNCIL,,,no_article_found,
UBOS,parish,ACHERER,MOROTO,LOPUTUK,,,no_article_found,
UBOS,parish,BOMA NORTH,MOROTO,NORTH DIVISION,,,no_article_found,
UBOS,parish,BOMA SOUTH,MOROTO,NORTH DIVISION,,,no_article_found,
UBOS,parish,CAMPSWAHILI CHIN,MOROTO,SOUTH DIVISION,,,no_article_found,
UBOS,parish,CAMPSWAHILI JUU,MOROTO,SOUTH DIVISION,,,no_article_found,
UBOS,parish,KAKINGOL,MOROTO,KATIKEKILE,,,no_article_found,
UBOS,parish,KALOE,MOROTO,NADUNGET,,,no_article_found,
UBOS,parish,KAPWAATA,MOROTO,RUPA,,,no_article_found,
UBOS,parish,KATIKEKILE,MOROTO,TAPAC,,,no_article_found,
UBOS,parish,KODONYO,MOROTO,TAPAC,,,no_article_found,
UBOS,parish,KOMARET,MOROTO,NADUNGET,,,no_article_found,
UBOS,parish,KOTARUK,MOROTO,NADUNGET,,,no_article_found,
UBOS,parish,LIA,MOROTO,KATIKEKILE,,,no_article_found,
UBOS,parish,LOBUNEIT,MOROTO,RUPA,,,no_article_found,
UBOS,parish,LOKERIAUT,MOROTO,NADUNGET,,,no_article_found,
UBOS,parish,LOKISILEI,MOROTO,LOTISAN,,,no_article_found,
UBOS,parish,LOO-ARENGAK,MOROTO,LOTISAN,,,no_article_found,
UBOS,parish,LOOI,MOROTO,LOPUTUK,,,no_article_found,
UBOS,parish,LOPUTUK,MOROTO,LOPUTUK,,,no_article_found,
UBOS,parish,LOREGAIT,MOROTO,LOTISAN,,,no_article_found,
UBOS,parish,LORIKOKWA WARD,MOROTO,NADUNGET TOWN COUNCIL,,,no_article_found,
UBOS,parish,LOTIRIR,MOROTO,LOPUTUK,,,no_article_found,
UBOS,parish,LOYARABOTH,MOROTO,TAPAC,,,no_article_found,
UBOS,parish,MOGOTH,MOROTO,LOTISAN,,,no_article_found,
UBOS,parish,MUSAS,MOROTO,KATIKEKILE,,,no_article_found,
UBOS,parish,MUSUPO,MOROTO,KATIKEKILE,,,no_article_found,
UBOS,parish,NACHOGOROM,MOROTO,LOPUTUK,,,no_article_found,
UBOS,parish,NAITAKWAE,MOROTO,NADUNGET,,,no_article_found,
UBOS,parish,NAKADELI,MOROTO,RUPA,,,no_article_found,
UBOS,parish,NAKAMISTAE WARD,MOROTO,NADUNGET TOWN COUNCIL,,,no_article_found,
UBOS,parish,NAKAPELIMEN WARD,MOROTO,NADUNGET TOWN COUNCIL,,,no_article_found,
UBOS,parish,NAKILORO,MOROTO,RUPA,,,no_article_found,
UBOS,parish,NAKWANGA,MOROTO,TAPAC,,,no_article_found,
UBOS,parish,NANGORIT,MOROTO,NADUNGET,,,no_article_found,
UBOS,parish,NARENGENYA,MOROTO,KATIKEKILE,,,no_article_found,
UBOS,parish,NATAPARAKWANGAN,MOROTO,LOPUTUK,,,no_article_found,
UBOS,parish,NATUMUKALE,MOROTO,TAPAC,,,no_article_found,
UBOS,parish,NAWANATAU,MOROTO,LOPUTUK,,,no_article_found,
UBOS,parish,TAPACH,MOROTO,TAPAC,,,no_article_found,
UBOS,parish,ABESO,MOYO,OTCE,,,no_article_found,
UBOS,parish,AKKA,MOYO,DUFILE,,,no_article_found,
UBOS,parish,ALIMO,MOYO,OTCE,,,no_article_found,
UBOS,parish,ALURU,MOYO,ALURU,,,no_article_found,
UBOS,parish,AMURI,MOYO,DUFILE,,,no_article_found,
UBOS,parish,ARRA,MOYO,DUFILE,,,no_article_found,
UBOS,parish,AYIPE,MOYO,METU,,,no_article_found,
UBOS,parish,AYIRO,MOYO,METU,,,no_article_found,
UBOS,parish,BESIA WARD,MOYO,MOYO TOWN COUNCIL,,,no_article_found,
UBOS,parish,CELECELEA,MOYO,MOYO TOWN COUNCIL,,,no_article_found,
UBOS,parish,CENTRAL WARD,MOYO,LAROPI TOWN COUNCIL,,,no_article_found,
UBOS,parish,CENTRAL WARD,MOYO,MOYO TOWN COUNCIL,,,no_article_found,
UBOS,parish,CHINYI,MOYO,DUFILE,,,no_article_found,
UBOS,parish,COLOA,MOYO,LEFORI,,,no_article_found,
UBOS,parish,COLOA WARD,MOYO,LEFORI TOWN COUNCIL,,,no_article_found,
UBOS,parish,DUFILE (INDRIDRI),MOYO,DUFILE,,,no_article_found,
UBOS,parish,EBIHWA,MOYO,ALURU,,,no_article_found,
UBOS,parish,EBWEA WARD,MOYO,LEFORI TOWN COUNCIL,,,no_article_found,
UBOS,parish,ELENDEREA WARD,MOYO,MOYO TOWN COUNCIL,,,no_article_found,
UBOS,parish,EREMI,MOYO,OTCE,,,no_article_found,
UBOS,parish,EREPI,MOYO,METU,,,no_article_found,
UBOS,parish,ERIA,MOYO,MOYO,,,no_article_found,
UBOS,parish,GBALALA,MOYO,LAROPI,,,no_article_found,
UBOS,parish,IDIJO WARD,MOYO,LAROPI TOWN COUNCIL,,,no_article_found,
UBOS,parish,IDRIMARI,MOYO,LAROPI,,,no_article_found,
UBOS,parish,KHIDI WARD,MOYO,LAROPI TOWN COUNCIL,,,no_article_found,
UBOS,parish,LAROPI,MOYO,LAROPI,,,no_article_found,
UBOS,parish,LEA,MOYO,ALURU,,,no_article_found,
UBOS,parish,LEA,MOYO,METU,,,no_article_found,
UBOS,parish,LEBUBU,MOYO,DUFILE,,,no_article_found,
UBOS,parish,LOGOBA,MOYO,MOYO,,,no_article_found,
UBOS,parish,MARINGU WARD,MOYO,LEFORI TOWN COUNCIL,,,no_article_found,
UBOS,parish,MASALOA,MOYO,LEFORI,,,no_article_found,
UBOS,parish,MERIA WARD,MOYO,LAROPI TOWN COUNCIL,,,no_article_found,
UBOS,parish,NZEREA,MOYO,DUFILE,,,no_article_found,
UBOS,parish,OPI,MOYO,MOYO,,,no_article_found,
UBOS,parish,PAJAKIRI,MOYO,OTCE,,,no_article_found,
UBOS,parish,PAMERI,MOYO,METU,,,no_article_found,
UBOS,parish,PAMOYI,MOYO,OTCE,,,no_article_found,
UBOS,parish,PAMUJO,MOYO,METU,,,no_article_found,
UBOS,parish,PANYANGA,MOYO,LAROPI,,,no_article_found,
UBOS,parish,RAMOGI,MOYO,ALURU,,,no_article_found,
UBOS,parish,VURA,MOYO,MOYO,,,no_article_found,
UBOS,parish,BONGOLE WARD,MPIGI,BUWAMA TOWN COUNCIL,,,no_article_found,
UBOS,parish,BUKEMBA,MPIGI,KITUNTU,,,no_article_found,
UBOS,parish,BUKUNGE,MPIGI,NKOZI,,,no_article_found,
UBOS,parish,BULEREJJE,MPIGI,MUDUMA,,,no_article_found,
UBOS,parish,BULUNDA,MPIGI,BUWAMA,,,no_article_found,
UBOS,parish,BUMOOZI WARD,MPIGI,MPIGI TOWN COUNCIL,,,no_article_found,
UBOS,parish,BUNJAKO,MPIGI,BUWAMA,,,no_article_found,
UBOS,parish,BUSESE WARD,MPIGI,KAYABWE TOWN COUNCIL,,,no_article_found,
UBOS,parish,BUTOOLO,MPIGI,KAMMENGO,,,no_article_found,
UBOS,parish,BUYIJJA WARD,MPIGI,BUWAMA TOWN COUNCIL,,,no_article_found,
UBOS,parish,GOLO,MPIGI,NKOZI,,,no_article_found,
UBOS,parish,JALAMBA WARD,MPIGI,BUWAMA TOWN COUNCIL,,,no_article_found,
UBOS,parish,JJEZA,MPIGI,MUDUMA,,,no_article_found,
UBOS,parish,KAFUMU WARD,MPIGI,MPIGI TOWN COUNCIL,,,no_article_found,
UBOS,parish,KAGENDA,MPIGI,KITUNTU,,,no_article_found,
UBOS,parish,KAKOOLA WARD,MPIGI,MPIGI TOWN COUNCIL,,,no_article_found,
UBOS,parish,KAMMENGO,MPIGI,KAMMENGO,,,no_article_found,
UBOS,parish,KANTIINI,MPIGI,KITUNTU,,,no_article_found,
UBOS,parish,KANYIKE,MPIGI,KAMMENGO,,,no_article_found,
UBOS,parish,KAWUMBA,MPIGI,BUWAMA,,,no_article_found,
UBOS,parish,KIKONDO,MPIGI,KIRINGENTE,,,no_article_found,
UBOS,parish,KONKOMA WARD,MPIGI,MPIGI TOWN COUNCIL,,,no_article_found,
UBOS,parish,KYALI WARD,MPIGI,MPIGI TOWN COUNCIL,,,no_article_found,
UBOS,parish,LUBUGUMU WARD,MPIGI,BUWAMA TOWN COUNCIL,,,no_article_found,
UBOS,parish,LUGYO,MPIGI,MUDUMA,,,no_article_found,
UBOS,parish,LUWALA,MPIGI,KAMMENGO,,,no_article_found,
UBOS,parish,LUWUNGA,MPIGI,KITUNTU,,,no_article_found,
UBOS,parish,LWAGGWA/KIBAANGA,MPIGI,KAMMENGO,,,no_article_found,
UBOS,parish,LWANGA WARD,MPIGI,MPIGI TOWN COUNCIL,,,no_article_found,
UBOS,parish,MAGALA,MPIGI,MUDUMA,,,no_article_found,
UBOS,parish,MALIMA,MPIGI,MUDUMA,,,no_article_found,
UBOS,parish,MBIZINYA WARD,MPIGI,BUWAMA TOWN COUNCIL,,,no_article_found,
UBOS,parish,MIGAMBA,MPIGI,KITUNTU,,,no_article_found,
UBOS,parish,MUGGE,MPIGI,NKOZI,,,no_article_found,
UBOS,parish,MUSA,MPIGI,KAMMENGO,,,no_article_found,
UBOS,parish,MUYIRA,MPIGI,KAMMENGO,,,no_article_found,
UBOS,parish,NABITETE WARD,MPIGI,BUWAMA TOWN COUNCIL,,,no_article_found,
UBOS,parish,NABUSANKE WARD,MPIGI,KAYABWE TOWN COUNCIL,,,no_article_found,
UBOS,parish,NAKIBANGA WARD,MPIGI,KAYABWE TOWN COUNCIL,,,no_article_found,
UBOS,parish,NINDYE,MPIGI,NKOZI,,,no_article_found,
UBOS,parish,NKASI,MPIGI,KITUNTU,,,no_article_found,
UBOS,parish,SEKIWUNGA,MPIGI,KIRINGENTE,,,no_article_found,
UBOS,parish,TIRIBOGO,MPIGI,MUDUMA,,,no_article_found,
UBOS,parish,WARD A,MPIGI,MPIGI TOWN COUNCIL,,,no_article_found,
UBOS,parish,WARD B,MPIGI,MPIGI TOWN COUNCIL,,,no_article_found,
UBOS,parish,WARD C,MPIGI,MPIGI TOWN COUNCIL,,,no_article_found,
UBOS,parish,WARD D,MPIGI,MPIGI TOWN COUNCIL,,,no_article_found,
UBOS,parish,BIWANGA WARD,MUBENDE,WEST DIVISION,,,no_article_found,
UBOS,parish,BUBANDA,MUBENDE,KIGANDO,,,no_article_found,
UBOS,parish,BUDIBAGA,MUBENDE,KALONGA,,,no_article_found,
UBOS,parish,BUGONZI,MUBENDE,KITENGA,,,no_article_found,
UBOS,parish,BUSAALE WARD,MUBENDE,SOUTH DIVISION,,,no_article_found,
UBOS,parish,BUSENYA,MUBENDE,KALONGA,,,no_article_found,
UBOS,parish,BUSOOBA,MUBENDE,KAYEBE,,,no_article_found,
UBOS,parish,BUTUUTI,MUBENDE,KASAMBYA,,,no_article_found,
UBOS,parish,DYANGOMA,MUBENDE,KIGANDO,,,no_article_found,
UBOS,parish,GOGONYA,MUBENDE,KITENGA,,,no_article_found,
UBOS,parish,GOGWA,MUBENDE,KALONGA,,,no_article_found,
UBOS,parish,GWANIKA WARD,MUBENDE,NABINGOOLA TOWN COUNCIL,,,no_article_found,
UBOS,parish,KAABOWA,MUBENDE,KIBALINGA,,,no_article_found,
UBOS,parish,KABALUNGI,MUBENDE,NABINGOOLA,,,no_article_found,
UBOS,parish,KABBO,MUBENDE,KASAMBYA,,,no_article_found,
UBOS,parish,KABUBBU,MUBENDE,KIBALINGA,,,no_article_found,
UBOS,parish,KABULAMULIRO,MUBENDE,MADUDU,,,no_article_found,
UBOS,parish,KABYUMA,MUBENDE,KALONGA,,,no_article_found,
UBOS,parish,KACWAMANGO,MUBENDE,KIGANDO,,,no_article_found,
UBOS,parish,KAFUNDEZI,MUBENDE,LUBIMBIRI,,,no_article_found,
UBOS,parish,KAJUMIRO WARD,MUBENDE,NABINGOOLA TOWN COUNCIL,,,no_article_found,
UBOS,parish,KAKENZI,MUBENDE,MADUDU,,,no_article_found,
UBOS,parish,KALAMA,MUBENDE,BUTOLOOGO,,,no_article_found,
UBOS,parish,KALOKALUNGI,MUBENDE,LUBIMBIRI,,,no_article_found,
UBOS,parish,KALONGA,MUBENDE,KALONGA,,,no_article_found,
UBOS,parish,KAMUSONGOLE,MUBENDE,KASAMBYA,,,no_article_found,
UBOS,parish,KANSAMBYA,MUBENDE,MADUDU,,,no_article_found,
UBOS,parish,KANSEERA WARD,MUBENDE,EAST DIVISION,,,no_article_found,
UBOS,parish,KASENYI/CALTEX WARD,MUBENDE,WEST DIVISION,,,no_article_found,
UBOS,parish,KASOLOKAMPONYE,MUBENDE,KIRUUMA,,,no_article_found,
UBOS,parish,KATENTE,MUBENDE,KIYUUNI,,,no_article_found,
UBOS,parish,KATOGO WARD,MUBENDE,WEST DIVISION,,,no_article_found,
UBOS,parish,KATTABALANGA WARD,MUBENDE,SOUTH DIVISION,,,no_article_found,
UBOS,parish,KAWUMULWA WARD,MUBENDE,EAST DIVISION,,,no_article_found,
UBOS,parish,KAYINJA WARD,MUBENDE,WEST DIVISION,,,no_article_found,
UBOS,parish,KIDONGO,MUBENDE,BUTOLOOGO,,,no_article_found,
UBOS,parish,KIJAAGI,MUBENDE,KIRUUMA,,,no_article_found,
UBOS,parish,KIJJOJOLO,MUBENDE,BAGEZZA,,,no_article_found,
UBOS,parish,KIJUMBA,MUBENDE,KIYUUNI,,,no_article_found,
UBOS,parish,KIRANGWA WARD,MUBENDE,KYENDA TOWN COUNCIL,,,no_article_found,
UBOS,parish,KIROLERO,MUBENDE,KASAMBYA,,,no_article_found,
UBOS,parish,KIRUME WARD,MUBENDE,KASAMBYA TOWN COUNCIL,,,no_article_found,
UBOS,parish,KIRUNGI WARD,MUBENDE,SOUTH DIVISION,,,no_article_found,
UBOS,parish,KIRWANYI,MUBENDE,KIRUUMA,,,no_article_found,
UBOS,parish,KIRYAMENVU,MUBENDE,KAYEBE,,,no_article_found,
UBOS,parish,KISAGAZI,MUBENDE,BUTOLOOGO,,,no_article_found,
UBOS,parish,KISEKENDE WARD,MUBENDE,SOUTH DIVISION,,,no_article_found,
UBOS,parish,KISIZIRE WARD,MUBENDE,KASAMBYA TOWN COUNCIL,,,no_article_found,
UBOS,parish,KISOMBWA,MUBENDE,KIBALINGA,,,no_article_found,
UBOS,parish,KITEERA,MUBENDE,NABINGOOLA,,,no_article_found,
UBOS,parish,KITONZI,MUBENDE,LUBIMBIRI,,,no_article_found,
UBOS,parish,KITUULE,MUBENDE,KIRUUMA,,,no_article_found,
UBOS,parish,KIYITA,MUBENDE,NABINGOOLA,,,no_article_found,
UBOS,parish,KIYONGA,MUBENDE,KIGANDO,,,no_article_found,
UBOS,parish,KYABADUMA,MUBENDE,KALONGA,,,no_article_found,
UBOS,parish,KYAKASA,MUBENDE,KASAMBYA,,,no_article_found,
UBOS,parish,KYEZA,MUBENDE,BUTOLOOGO,,,no_article_found,
UBOS,parish,LUBIMBIRI,MUBENDE,LUBIMBIRI,,,no_article_found,
UBOS,parish,LUBONA WARD,MUBENDE,KASAMBYA TOWN COUNCIL,,,no_article_found,
UBOS,parish,LUSIBA,MUBENDE,KIGANDO,,,no_article_found,
UBOS,parish,LWABAGABO WARD,MUBENDE,SOUTH DIVISION,,,no_article_found,
UBOS,parish,LWEGULA,MUBENDE,KASAMBYA,,,no_article_found,
UBOS,parish,LWEMIVUBO WARD,MUBENDE,NABINGOOLA TOWN COUNCIL,,,no_article_found,
UBOS,parish,MAAYA,MUBENDE,LUBIMBIRI,,,no_article_found,
UBOS,parish,MAKUUKUULU,MUBENDE,KIRUUMA,,,no_article_found,
UBOS,parish,MIJUNWA WARD,MUBENDE,WEST DIVISION,,,no_article_found,
UBOS,parish,MUGOLODDE,MUBENDE,KIGANDO,,,no_article_found,
UBOS,parish,MUGUNGULU,MUBENDE,BAGEZZA,,,no_article_found,
UBOS,parish,MULEETE,MUBENDE,KYENDA TOWN COUNCIL,,,no_article_found,
UBOS,parish,MUYINAYINA,MUBENDE,KASAMBYA,,,no_article_found,
UBOS,parish,NABIKAKALA WARD,MUBENDE,WEST DIVISION,,,no_article_found,
UBOS,parish,NAKASAGA WARD,MUBENDE,KASAMBYA TOWN COUNCIL,,,no_article_found,
UBOS,parish,NAKAYIMA WARD,MUBENDE,WEST DIVISION,,,no_article_found,
UBOS,parish,NALUWONDWA,MUBENDE,MADUDU,,,no_article_found,
UBOS,parish,NALYANKANJA WARD,MUBENDE,KYENDA TOWN COUNCIL,,,no_article_found,
UBOS,parish,NKANDWA,MUBENDE,KIBALINGA,,,no_article_found,
UBOS,parish,NKINGA,MUBENDE,KASAMBYA,,,no_article_found,
UBOS,parish,RWAMABOGA,MUBENDE,KAYEBE,,,no_article_found,
UBOS,parish,BAMUSUUTA-RURAL WARD,MUKONO,NAKIFUMA-NAGGALAMA TOWN COUNCIL,,,no_article_found,
UBOS,parish,BANDAALI WARD,MUKONO,NAKIFUMA-NAGGALAMA TOWN COUNCIL,,,no_article_found,
UBOS,parish,BUBIRO WARD,MUKONO,NAKIFUMA-NAGGALAMA TOWN COUNCIL,,,no_article_found,
UBOS,parish,BUGOMBE,MUKONO,KOOME ISLANDS,,,no_article_found,
UBOS,parish,BUKASA,MUKONO,KIMENYEDDE,,,no_article_found,
UBOS,parish,BUKERERE WARD,MUKONO,GOMA DIVISION,,,no_article_found,
UBOS,parish,BULIIKA,MUKONO,NAMA,,,no_article_found,
UBOS,parish,BULIJJO,MUKONO,KYAMPISI,,,no_article_found,
UBOS,parish,BUNAKIJJA WARD,MUKONO,KATOSI TOWN COUNCIL,,,no_article_found,
UBOS,parish,BUSANGA,MUKONO,KOOME ISLANDS,,,no_article_found,
UBOS,parish,DDUNDU,MUKONO,KYAMPISI,,,no_article_found,
UBOS,parish,KABANGA,MUKONO,MPATTA,,,no_article_found,
UBOS,parish,KABEMBE,MUKONO,KYAMPISI,,,no_article_found,
UBOS,parish,KABIMBIRI A WARD,MUKONO,KASAWO TOWN COUNCIL,,,no_article_found,
UBOS,parish,KABIMBIRI B WARD,MUKONO,KASAWO TOWN COUNCIL,,,no_article_found,
UBOS,parish,KAKUKUULU,MUKONO,KASAWO,,,no_article_found,
UBOS,parish,KALENGERA WARD,MUKONO,KATOSI TOWN COUNCIL,,,no_article_found,
UBOS,parish,KASANA,MUKONO,KASAWO,,,no_article_found,
UBOS,parish,KASENGE,MUKONO,NAMA,,,no_article_found,
UBOS,parish,KASENGE WARD,MUKONO,KASAWO TOWN COUNCIL,,,no_article_found,
UBOS,parish,KATENTE,MUKONO,NAKISUNGA,,,no_article_found,
UBOS,parish,KAWONGO,MUKONO,KIMENYEDDE,,,no_article_found,
UBOS,parish,KAYINI,MUKONO,SEETA - NAMUGANGA,,,no_article_found,
UBOS,parish,KIGAGA-JOMAYI WARD,MUKONO,NAKIFUMA-NAGGALAMA TOWN COUNCIL,,,no_article_found,
UBOS,parish,KIGOGOLA,MUKONO,KASAWO,,,no_article_found,
UBOS,parish,KITALE,MUKONO,SEETA - NAMUGANGA,,,no_article_found,
UBOS,parish,KITALE WARD,MUKONO,KASAWO TOWN COUNCIL,,,no_article_found,
UBOS,parish,KITOVU WARD,MUKONO,KASAWO TOWN COUNCIL,,,no_article_found,
UBOS,parish,KITUULA,MUKONO,SEETA - NAMUGANGA,,,no_article_found,
UBOS,parish,KIWAFU,MUKONO,KIMENYEDDE,,,no_article_found,
UBOS,parish,KIYOOLA,MUKONO,NAKISUNGA,,,no_article_found,
UBOS,parish,KYABAKADDE,MUKONO,KYAMPISI,,,no_article_found,
UBOS,parish,KYABALOGO,MUKONO,NAKISUNGA,,,no_article_found,
UBOS,parish,KYABAZAALA,MUKONO,NTUNDA,,,no_article_found,
UBOS,parish,KYAJJA,MUKONO,NAGOJJE,,,no_article_found,
UBOS,parish,LULAGWE,MUKONO,MPUNGE,,,no_article_found,
UBOS,parish,LWOMOLO,MUKONO,KOOME ISLANDS,,,no_article_found,
UBOS,parish,MAKUKUBA WARD,MUKONO,NAKIFUMA-NAGGALAMA TOWN COUNCIL,,,no_article_found,
UBOS,parish,MPOMA,MUKONO,NAMA,,,no_article_found,
UBOS,parish,MUBANDA,MUKONO,MPATTA,,,no_article_found,
UBOS,parish,MUBEMBE,MUKONO,KOOME ISLANDS,,,no_article_found,
UBOS,parish,MUGOMBA,MUKONO,MPATTA,,,no_article_found,
UBOS,parish,NABALANGA RURAL WARD,MUKONO,NAKIFUMA-NAGGALAMA TOWN COUNCIL,,,no_article_found,
UBOS,parish,NAGGALAMA A WARD,MUKONO,NAKIFUMA-NAGGALAMA TOWN COUNCIL,,,no_article_found,
UBOS,parish,NAGGALAMA B WARD,MUKONO,NAKIFUMA-NAGGALAMA TOWN COUNCIL,,,no_article_found,
UBOS,parish,NAKALANDA,MUKONO,MPATTA,,,no_article_found,
UBOS,parish,NAKANYONYI-NABBALE WARD,MUKONO,NAKIFUMA-NAGGALAMA TOWN COUNCIL,,,no_article_found,
UBOS,parish,NAKIBANO,MUKONO,NAGOJJE,,,no_article_found,
UBOS,parish,NAMAGUNGA ANNEX WARD,MUKONO,NAMATABA TOWN COUNCIL,,,no_article_found,
UBOS,parish,NAMAGUNGA WARD,MUKONO,NAMATABA TOWN COUNCIL,,,no_article_found,
UBOS,parish,NAMALIRI,MUKONO,KASAWO,,,no_article_found,
UBOS,parish,NAMANOGA,MUKONO,SEETA - NAMUGANGA,,,no_article_found,
UBOS,parish,NAMAWOJJOLO,MUKONO,NAMA,,,no_article_found,
UBOS,parish,NAMAYIBA,MUKONO,NAKISUNGA,,,no_article_found,
UBOS,parish,NAMAYUBA,MUKONO,NTUNDA,,,no_article_found,
UBOS,parish,NAMUBIRU,MUKONO,NAMA,,,no_article_found,
UBOS,parish,NAMUGANGA,MUKONO,SEETA - NAMUGANGA,,,no_article_found,
UBOS,parish,NAMUMIRA/ANTHONY WARD,MUKONO,MUKONO CENTRAL DIVISION,,,no_article_found,
UBOS,parish,NAMUYENJE,MUKONO,NAKISUNGA,,,no_article_found,
UBOS,parish,NANGA,MUKONO,KIMENYEDDE,,,no_article_found,
UBOS,parish,NANKULABYE WARD,MUKONO,NAKIFUMA-NAGGALAMA TOWN COUNCIL,,,no_article_found,
UBOS,parish,NANTABULIRWA WARD,MUKONO,GOMA DIVISION,,,no_article_found,
UBOS,parish,NGOMBERE,MUKONO,MPUNGE,,,no_article_found,
UBOS,parish,NSANJA WARD,MUKONO,KATOSI TOWN COUNCIL,,,no_article_found,
UBOS,parish,NSUUBE/KAUGA WARD,MUKONO,MUKONO CENTRAL DIVISION,,,no_article_found,
UBOS,parish,NTAWO WARD,MUKONO,MUKONO CENTRAL DIVISION,,,no_article_found,
UBOS,parish,NTENJERU-NTANZI WARD,MUKONO,NTENJERU-KISOGA TOWN COUNCIL,,,no_article_found,
UBOS,parish,NTONTO,MUKONO,KYAMPISI,,,no_article_found,
UBOS,parish,NYENJE WARD,MUKONO,GOMA DIVISION,,,no_article_found,
UBOS,parish,SEETA-NAZIGO,MUKONO,NAKISUNGA,,,no_article_found,
UBOS,parish,SSAAYI WARD,MUKONO,NTENJERU-KISOGA TOWN COUNCIL,,,no_article_found,
UBOS,parish,TERERE WARD,MUKONO,NTENJERU-KISOGA TOWN COUNCIL,,,no_article_found,
UBOS,parish,TTABA,MUKONO,MPATTA,,,no_article_found,
UBOS,parish,WAGGALA,MUKONO,NAGOJJE,,,no_article_found,
UBOS,parish,WANKOBA,MUKONO,NAKISUNGA,,,no_article_found,
UBOS,parish,ACEGERETOLIM,NABILATUK,NABILATUK,,,no_article_found,
UBOS,parish,ANGARO,NABILATUK,NATIRAE,,,no_article_found,
UBOS,parish,ARENGESIEP WARD,NABILATUK,NABILATUK TOWN COUNCIL,,,no_article_found,
UBOS,parish,CENTRAL WARD,NABILATUK,NABILATUK TOWN COUNCIL,,,no_article_found,
UBOS,parish,KALOKWAMERI,NABILATUK,KOSIKE,,,no_article_found,
UBOS,parish,KAMATURU,NABILATUK,LORENGEDWAT,,,no_article_found,
UBOS,parish,KORINYANG,NABILATUK,NATIRAE,,,no_article_found,
UBOS,parish,KOTHIKE,NABILATUK,KOSIKE,,,no_article_found,
UBOS,parish,LOKAALA,NABILATUK,NABILATUK,,,no_article_found,
UBOS,parish,LOLET WARD,NABILATUK,NABILATUK TOWN COUNCIL,,,no_article_found,
UBOS,parish,LORUKUMO,NABILATUK,LOLACHAT,,,no_article_found,
UBOS,parish,LOTARUK,NABILATUK,LOLACHAT,,,no_article_found,
UBOS,parish,MORU-ANGAMION,NABILATUK,NATIRAE,,,no_article_found,
UBOS,parish,MORU-ANGIBUIN,NABILATUK,NABILATUK,,,no_article_found,
UBOS,parish,NAKAYOT,NABILATUK,KOSIKE,,,no_article_found,
UBOS,parish,NAKOBEKOBE,NABILATUK,NABILATUK,,,no_article_found,
UBOS,parish,NAKURI,NABILATUK,LOLACHAT,,,no_article_found,
UBOS,parish,NAMERISIYA,NABILATUK,NATIRAE,,,no_article_found,
UBOS,parish,NARISAE,NABILATUK,LORENGEDWAT,,,no_article_found,
UBOS,parish,NATAPAR-ARENGAN,NABILATUK,NABILATUK,,,no_article_found,
UBOS,parish,NATHINYONOIT,NABILATUK,LORENGEDWAT,,,no_article_found,
UBOS,parish,NATIRAE,NABILATUK,NATIRAE,,,no_article_found,
UBOS,parish,NATOPOJO,NABILATUK,NABILATUK,,,no_article_found,
UBOS,parish,NATOPOJO WARD,NABILATUK,NABILATUK TOWN COUNCIL,,,no_article_found,
UBOS,parish,NAUPALA WARD,NABILATUK,NABILATUK TOWN COUNCIL,,,no_article_found,
UBOS,parish,SAKALE,NABILATUK,LOLACHAT,,,no_article_found,
UBOS,parish,AKOKOR,NAKAPIRIPIRIT,LEMUSUI,,,no_article_found,
UBOS,parish,AKUYAM,NAKAPIRIPIRIT,KAKOMONGOLE,,,no_article_found,
UBOS,parish,ALAMACAR,NAKAPIRIPIRIT,LOREGAE,,,no_article_found,
UBOS,parish,ALAPAT,NAKAPIRIPIRIT,LEMUSUI,,,no_article_found,
UBOS,parish,KAIKU,NAKAPIRIPIRIT,KAAWACH,,,no_article_found,
UBOS,parish,KATANGA/TOWNSHIP WARD,NAKAPIRIPIRIT,NAKAPIRIPIRIT TOWN COUNCIL,,,no_article_found,
UBOS,parish,KOBEYON,NAKAPIRIPIRIT,LORENG,,,no_article_found,
UBOS,parish,KOKUWUAM,NAKAPIRIPIRIT,NAMALU,,,no_article_found,
UBOS,parish,KOMORET,NAKAPIRIPIRIT,MORUITA,,,no_article_found,
UBOS,parish,LOASAM,NAKAPIRIPIRIT,LORENG,,,no_article_found,
UBOS,parish,LOBULIO/LOMUU WARD,NAKAPIRIPIRIT,NAKAPIRIPIRIT TOWN COUNCIL,,,no_article_found,
UBOS,parish,LOBUNEIT/LOKOONA WARD,NAKAPIRIPIRIT,NAKAPIRIPIRIT TOWN COUNCIL,,,no_article_found,
UBOS,parish,LOKATAPAN,NAKAPIRIPIRIT,NAMALU,,,no_article_found,
UBOS,parish,LOKOMA,NAKAPIRIPIRIT,LEMUSUI,,,no_article_found,
UBOS,parish,LOMORIMOR,NAKAPIRIPIRIT,KAAWACH,,,no_article_found,
UBOS,parish,LOPEROT,NAKAPIRIPIRIT,KAAWACH,,,no_article_found,
UBOS,parish,LORENG,NAKAPIRIPIRIT,LORENG,,,no_article_found,
UBOS,parish,MORU-A-AJORE,NAKAPIRIPIRIT,KAAWACH,,,no_article_found,
UBOS,parish,NAABORE,NAKAPIRIPIRIT,KAAWACH,,,no_article_found,
UBOS,parish,NABOLIS,NAKAPIRIPIRIT,KAKOMONGOLE,,,no_article_found,
UBOS,parish,NABULENGER,NAKAPIRIPIRIT,LORENG,,,no_article_found,
UBOS,parish,NADIP,NAKAPIRIPIRIT,TOKORA,,,no_article_found,
UBOS,parish,NAKAALE,NAKAPIRIPIRIT,LOREGAE,,,no_article_found,
UBOS,parish,NAKORETE,NAKAPIRIPIRIT,KAKOMONGOLE,,,no_article_found,
UBOS,parish,NAMATATA,NAKAPIRIPIRIT,NAMALU,,,no_article_found,
UBOS,parish,NAMOROTOT,NAKAPIRIPIRIT,TOKORA,,,no_article_found,
UBOS,parish,NATHINYONOIT,NAKAPIRIPIRIT,LORENG,,,no_article_found,
UBOS,parish,NATURUM,NAKAPIRIPIRIT,LOREGAE,,,no_article_found,
UBOS,parish,OKWAPON,NAKAPIRIPIRIT,TOKORA,,,no_article_found,
UBOS,parish,TOKORA,NAKAPIRIPIRIT,TOKORA,,,no_article_found,
UBOS,parish,ULINGIRO,NAKAPIRIPIRIT,LEMUSUI,,,no_article_found,
UBOS,parish,BIDDUKU,NAKASEKE,KINONI,,,no_article_found,
UBOS,parish,BUGAMBAKIMU,NAKASEKE,KITTO,,,no_article_found,
UBOS,parish,BUKOBA WARD,NAKASEKE,NAKASEKE BUTALANGU TOWN COUNCIL,,,no_article_found,
UBOS,parish,BULWADDA,NAKASEKE,NAKASEKE,,,no_article_found,
UBOS,parish,BULYAKE,NAKASEKE,KAASANGOMBE,,,no_article_found,
UBOS,parish,BULYAMUSENYU,NAKASEKE,KINONI,,,no_article_found,
UBOS,parish,BUWANA,NAKASEKE,KINYOGOGA,,,no_article_found,
UBOS,parish,BWETAGIRO WARD,NAKASEKE,NAKASEKE BUTALANGU TOWN COUNCIL,,,no_article_found,
UBOS,parish,HEALTH CENTRE WARD,NAKASEKE,SEMUTO TOWN COUNCIL,,,no_article_found,
UBOS,parish,KASAGGA,NAKASEKE,NAKASEKE,,,no_article_found,
UBOS,parish,KASIISO,NAKASEKE,KITTO,,,no_article_found,
UBOS,parish,KATALE WARD,NAKASEKE,SEMUTO TOWN COUNCIL,,,no_article_found,
UBOS,parish,KATUUGO,NAKASEKE,NGOMA,,,no_article_found,
UBOS,parish,KIBOSE,NAKASEKE,KIKAMULO,,,no_article_found,
UBOS,parish,KIGEGE,NAKASEKE,NAKASEKE,,,no_article_found,
UBOS,parish,KIGWERI,NAKASEKE,NGOMA,,,no_article_found,
UBOS,parish,KIREMA,NAKASEKE,SEMUTO,,,no_article_found,
UBOS,parish,KIRINDA,NAKASEKE,WAKYATO,,,no_article_found,
UBOS,parish,KISEGA,NAKASEKE,SEMUTO,,,no_article_found,
UBOS,parish,KISIMULA,NAKASEKE,KAPEEKA,,,no_article_found,
UBOS,parish,KITEYONGERA,NAKASEKE,NGOMA,,,no_article_found,
UBOS,parish,KITTO,NAKASEKE,KITTO,,,no_article_found,
UBOS,parish,KIVULE WARD,NAKASEKE,NAKASEKE TOWN COUNCIL,,,no_article_found,
UBOS,parish,KIVUMU,NAKASEKE,KITTO,,,no_article_found,
UBOS,parish,KYALUSEBEKA,NAKASEKE,NGOMA,,,no_article_found,
UBOS,parish,KYAMUTAKASA,NAKASEKE,NAKASEKE,,,no_article_found,
UBOS,parish,KYANYA WARD,NAKASEKE,NAKASEKE BUTALANGU TOWN COUNCIL,,,no_article_found,
UBOS,parish,KYENSHANDE,NAKASEKE,KINONI,,,no_article_found,
UBOS,parish,LULE WARD,NAKASEKE,SEMUTO TOWN COUNCIL,,,no_article_found,
UBOS,parish,LUTEETE,NAKASEKE,KIKAMULO,,,no_article_found,
UBOS,parish,MAGOMA,NAKASEKE,KIKAMULO,,,no_article_found,
UBOS,parish,MIFUNYA,NAKASEKE,NAKASEKE,,,no_article_found,
UBOS,parish,MIGINGYE,NAKASEKE,SEMUTO,,,no_article_found,
UBOS,parish,MIJUMWA,NAKASEKE,WAKYATO,,,no_article_found,
UBOS,parish,MPWEDDE,NAKASEKE,KAASANGOMBE,,,no_article_found,
UBOS,parish,NAKASEETA,NAKASEKE,KAASANGOMBE,,,no_article_found,
UBOS,parish,NAKONGE,NAKASEKE,WAKYATO,,,no_article_found,
UBOS,parish,NALUVULE,NAKASEKE,KAPEEKA,,,no_article_found,
UBOS,parish,NAMIRALI WARD,NAKASEKE,NAKASEKE TOWN COUNCIL,,,no_article_found,
UBOS,parish,NAMUSAALE,NAKASEKE,KAPEEKA,,,no_article_found,
UBOS,parish,POSTA WARD,NAKASEKE,SEMUTO TOWN COUNCIL,,,no_article_found,
UBOS,parish,RUKONO,NAKASEKE,KINYOGOGA,,,no_article_found,
UBOS,parish,RWOMA,NAKASEKE,KINYOGOGA,,,no_article_found,
UBOS,parish,SAKABUSOLO,NAKASEKE,KAASANGOMBE,,,no_article_found,
UBOS,parish,SEGALYE,NAKASEKE,SEMUTO,,,no_article_found,
UBOS,parish,TRANSFORMER WARD,NAKASEKE,SEMUTO TOWN COUNCIL,,,no_article_found,
UBOS,parish,WAKAYAMBA,NAKASEKE,KIKAMULO,,,no_article_found,
UBOS,parish,BAMUGOLODDE,NAKASONGOLA,KALONGO,,,no_article_found,
UBOS,parish,BAMUSUUTA,NAKASONGOLA,KAKOOGE,,,no_article_found,
UBOS,parish,BUJJABE,NAKASONGOLA,NAKITOMA,,,no_article_found,
UBOS,parish,CENTRAL WARD,NAKASONGOLA,KAZWAMA TOWN COUNCIL,,,no_article_found,
UBOS,parish,CENTRAL WARD,NAKASONGOLA,MAYIRIKITI TOWNCOUNCIL,,,no_article_found,
UBOS,parish,EAST WARD,NAKASONGOLA,KAZWAMA TOWN COUNCIL,,,no_article_found,
UBOS,parish,IRIMA,NAKASONGOLA,KALUNGI,,,no_article_found,
UBOS,parish,KABAALE WARD,NAKASONGOLA,KAKOOGE TOWN COUNCIL,,,no_article_found,
UBOS,parish,KABAZI WARD,NAKASONGOLA,MAYIRIKITI TOWNCOUNCIL,,,no_article_found,
UBOS,parish,KAGERI,NAKASONGOLA,WABINYONYI,,,no_article_found,
UBOS,parish,KALENGEDE,NAKASONGOLA,NABISWERA,,,no_article_found,
UBOS,parish,KAMIRAMPANGO,NAKASONGOLA,KALONGO,,,no_article_found,
UBOS,parish,KAMUNIINA,NAKASONGOLA,WABINYONYI,,,no_article_found,
UBOS,parish,KATUBBA,NAKASONGOLA,NABISWERA,,,no_article_found,
UBOS,parish,KATUUGO CENTRAL WARD,NAKASONGOLA,KATUUGO TOWN COUNCIL,,,no_article_found,
UBOS,parish,KATUUGO NORTH WARD,NAKASONGOLA,KATUUGO TOWN COUNCIL,,,no_article_found,
UBOS,parish,KATUUGO SOUTH WARD,NAKASONGOLA,KATUUGO TOWN COUNCIL,,,no_article_found,
UBOS,parish,KAYISOLO WARD,NAKASONGOLA,MAYIRIKITI TOWNCOUNCIL,,,no_article_found,
UBOS,parish,KIBIRA WARD,NAKASONGOLA,KAKOOGE TOWN COUNCIL,,,no_article_found,
UBOS,parish,KIGEJJO,NAKASONGOLA,KALONGO,,,no_article_found,
UBOS,parish,KIGWERI,NAKASONGOLA,NAKITOMA,,,no_article_found,
UBOS,parish,KIKOIRO,NAKASONGOLA,LWAMPANGA,,,no_article_found,
UBOS,parish,KIKOOGE,NAKASONGOLA,LWABIYATA,,,no_article_found,
UBOS,parish,KIRALAMBA WARD,NAKASONGOLA,KATUUGO TOWN COUNCIL,,,no_article_found,
UBOS,parish,KISAALIZI,NAKASONGOLA,LWAMPANGA,,,no_article_found,
UBOS,parish,KISUUMA,NAKASONGOLA,KALONGO,,,no_article_found,
UBOS,parish,KISWEERA-MAYINDA,NAKASONGOLA,KALONGO,,,no_article_found,
UBOS,parish,KISWERA WARD,NAKASONGOLA,MAYIRIKITI TOWNCOUNCIL,,,no_article_found,
UBOS,parish,KIWAMBYA,NAKASONGOLA,KALONGO,,,no_article_found,
UBOS,parish,KIWEMBI,NAKASONGOLA,LWAMPANGA,,,no_article_found,
UBOS,parish,KIWONGOIRE,NAKASONGOLA,WABINYONYI,,,no_article_found,
UBOS,parish,KYABUTAIKA,NAKASONGOLA,KAKOOGE,,,no_article_found,
UBOS,parish,KYAMUKONDA,NAKASONGOLA,NABISWERA,,,no_article_found,
UBOS,parish,KYAMUYINGO,NAKASONGOLA,WABINYONYI,,,no_article_found,
UBOS,parish,KYANGOGOLO,NAKASONGOLA,NABISWERA,,,no_article_found,
UBOS,parish,KYANKONWA,NAKASONGOLA,KAKOOGE,,,no_article_found,
UBOS,parish,KYEYINDULA,NAKASONGOLA,KAKOOGE,,,no_article_found,
UBOS,parish,MBAARI WARD,NAKASONGOLA,LWAMPANGA TOWN COUNCIL,,,no_article_found,
UBOS,parish,MULONZI,NAKASONGOLA,NABISWERA,,,no_article_found,
UBOS,parish,MUWUNAMI WARD,NAKASONGOLA,LWAMPANGA TOWN COUNCIL,,,no_article_found,
UBOS,parish,NAKAYONZA,NAKASONGOLA,LWABIYATA,,,no_article_found,
UBOS,parish,NALUKONGE,NAKASONGOLA,LWABIYATA,,,no_article_found,
UBOS,parish,NAMAASA,NAKASONGOLA,NABISWERA,,,no_article_found,
UBOS,parish,NAMIIKA,NAKASONGOLA,LWABIYATA,,,no_article_found,
UBOS,parish,NAMUNGOLO,NAKASONGOLA,KALUNGI,,,no_article_found,
UBOS,parish,NORTH WARD,NAKASONGOLA,KAZWAMA TOWN COUNCIL,,,no_article_found,
UBOS,parish,SASIIRA,NAKASONGOLA,WABINYONYI,,,no_article_found,
UBOS,parish,SIKYE,NAKASONGOLA,WABINYONYI,,,no_article_found,
UBOS,parish,WABIGALO,NAKASONGOLA,WABINYONYI,,,no_article_found,
UBOS,parish,WAJJALA,NAKASONGOLA,LWAMPANGA,,,no_article_found,
UBOS,parish,WAMPITI,NAKASONGOLA,WABINYONYI,,,no_article_found,
UBOS,parish,WANZOGI,NAKASONGOLA,KALUNGI,,,no_article_found,
UBOS,parish,WEST WARD,NAKASONGOLA,KAZWAMA TOWN COUNCIL,,,no_article_found,
UBOS,parish,ZENGEBE WARD,NAKASONGOLA,LWAMPANGA TOWN COUNCIL,,,no_article_found,
UBOS,parish,BIISA,NAMAYINGO,BUKANA,,,no_article_found,
UBOS,parish,BUCHIMO,NAMAYINGO,MUTUMBA,,,no_article_found,
UBOS,parish,BUCHUMBA,NAMAYINGO,BANDA,,,no_article_found,
UBOS,parish,BUDIDI WARD,NAMAYINGO,NAMAYINGO TOWN COUNCIL,,,no_article_found,
UBOS,parish,BUGANA,NAMAYINGO,BUKANA,,,no_article_found,
UBOS,parish,BUHEMBA,NAMAYINGO,BUHEMBA,,,no_article_found,
UBOS,parish,BUJWANGA,NAMAYINGO,BANDA,,,no_article_found,
UBOS,parish,BUKEDA WARD,NAMAYINGO,BANDA TOWN COUNCIL,,,no_article_found,
UBOS,parish,BUKEWA,NAMAYINGO,BUHEMBA,,,no_article_found,
UBOS,parish,BULULE WARD,NAMAYINGO,MUTUMBA TOWN COUNCIL,,,no_article_found,
UBOS,parish,BUMALENGE,NAMAYINGO,SIGULU ISLANDS,,,no_article_found,
UBOS,parish,BUNGECHA,NAMAYINGO,BUSWALE,,,no_article_found,
UBOS,parish,BUSWALE,NAMAYINGO,BUSWALE,,,no_article_found,
UBOS,parish,BUWOYA WARD,NAMAYINGO,BANDA TOWN COUNCIL,,,no_article_found,
UBOS,parish,BUYOMBO WARD,NAMAYINGO,BANDA TOWN COUNCIL,,,no_article_found,
UBOS,parish,DOHWE,NAMAYINGO,BUHEMBA,,,no_article_found,
UBOS,parish,GONDOHERA,NAMAYINGO,BUYINJA,,,no_article_found,
UBOS,parish,HAMA,NAMAYINGO,LOLWE,,,no_article_found,
UBOS,parish,HATUMBA BANJA WARD,NAMAYINGO,MUTUMBA TOWN COUNCIL,,,no_article_found,
UBOS,parish,KIFUYO,NAMAYINGO,BUYINJA,,,no_article_found,
UBOS,parish,LOLWE EAST,NAMAYINGO,LOLWE,,,no_article_found,
UBOS,parish,LOLWE WEST,NAMAYINGO,LOLWE,,,no_article_found,
UBOS,parish,LUBANGO,NAMAYINGO,MUTUMBA,,,no_article_found,
UBOS,parish,LUBIRA WARD,NAMAYINGO,MUTUMBA TOWN COUNCIL,,,no_article_found,
UBOS,parish,LUGALA,NAMAYINGO,BANDA,,,no_article_found,
UBOS,parish,LUTOLO WARD,NAMAYINGO,BANDA TOWN COUNCIL,,,no_article_found,
UBOS,parish,LWANGOSIA,NAMAYINGO,BUYINJA,,,no_article_found,
UBOS,parish,MADOWA,NAMAYINGO,BUSWALE,,,no_article_found,
UBOS,parish,MAGOOLI WARD,NAMAYINGO,BANDA TOWN COUNCIL,,,no_article_found,
UBOS,parish,MAWA WARD,NAMAYINGO,MUTUMBA TOWN COUNCIL,,,no_article_found,
UBOS,parish,MUTUMBA NORTH WARD,NAMAYINGO,MUTUMBA TOWN COUNCIL,,,no_article_found,
UBOS,parish,MUTUMBA SOUTH WARD,NAMAYINGO,MUTUMBA TOWN COUNCIL,,,no_article_found,
UBOS,parish,MWEMA,NAMAYINGO,MUTUMBA,,,no_article_found,
UBOS,parish,NAMAYUGE,NAMAYINGO,BUSWALE,,,no_article_found,
UBOS,parish,NAMBUGU WARD,NAMAYINGO,NAMAYINGO TOWN COUNCIL,,,no_article_found,
UBOS,parish,NANGERA WARD,NAMAYINGO,BANDA TOWN COUNCIL,,,no_article_found,
UBOS,parish,NANSUMA,NAMAYINGO,BUSWALE,,,no_article_found,
UBOS,parish,NASINU WARD,NAMAYINGO,NAMAYINGO TOWN COUNCIL,,,no_article_found,
UBOS,parish,NSONO,NAMAYINGO,BUYINJA,,,no_article_found,
UBOS,parish,RABACHI,NAMAYINGO,SIGULU ISLANDS,,,no_article_found,
UBOS,parish,SIGULU MANGA,NAMAYINGO,SIGULU ISLANDS,,,no_article_found,
UBOS,parish,SIGULU MUKANI,NAMAYINGO,SIGULU ISLANDS,,,no_article_found,
UBOS,parish,SINDE,NAMAYINGO,BUHEMBA,,,no_article_found,
UBOS,parish,SYANYONJA,NAMAYINGO,BUYINJA,,,no_article_found,
UBOS,parish,BUBIKALA,NAMISINDWA,BUKHAWEKA,,,no_article_found,
UBOS,parish,BUBUTU TOWN BOARD,NAMISINDWA,BUBUTU TOWN COUNCIL,,,no_article_found,
UBOS,parish,BUFUMA WARD,NAMISINDWA,LUWA TOWN COUNCIL,,,no_article_found,
UBOS,parish,BUKEEMO WARD,NAMISINDWA,LWAKHAKHA TOWN COUNCIL,,,no_article_found,
UBOS,parish,BUKETERA WARD,NAMISINDWA,BUKWHAWEKA TOWN COUNCIL,,,no_article_found,
UBOS,parish,BUKHABIKULA,NAMISINDWA,BUKHABUSI,,,no_article_found,
UBOS,parish,BUKHABIKULA,NAMISINDWA,BUMUMALI,,,no_article_found,
UBOS,parish,BUKHASAME,NAMISINDWA,BUNGATI,,,no_article_found,
UBOS,parish,BUKHOMA WARD,NAMISINDWA,LWAKHAKHA TOWN COUNCIL,,,no_article_found,
UBOS,parish,BUKHONZO,NAMISINDWA,BUWAMBWA,,,no_article_found,
UBOS,parish,BUKHULYUNGU,NAMISINDWA,BUNGATI,,,no_article_found,
UBOS,parish,BUKIBAYI WARD,NAMISINDWA,LWAKHAKHA TOWN COUNCIL,,,no_article_found,
UBOS,parish,BUKIBETI,NAMISINDWA,MAGALE,,,no_article_found,
UBOS,parish,BUKIBUMBI,NAMISINDWA,BUPOTO,,,no_article_found,
UBOS,parish,BUKIKETI TOWN BOARD,NAMISINDWA,BUBUTU,,,no_article_found,
UBOS,parish,BUKIMASWA,NAMISINDWA,BUKHABUSI,,,no_article_found,
UBOS,parish,BUKIMWANGA,NAMISINDWA,BUKHABUSI,,,no_article_found,
UBOS,parish,BUKISASATI WARD,NAMISINDWA,BUMBO TOWN COUNCIL,,,no_article_found,
UBOS,parish,BUKUTO,NAMISINDWA,NAMITSA,,,no_article_found,
UBOS,parish,BUKUTO WARD,NAMISINDWA,MAGALE TOWN COUNCIL,,,no_article_found,
UBOS,parish,BULAKO,NAMISINDWA,NAMITSA,,,no_article_found,
UBOS,parish,BULUMBA WARD,NAMISINDWA,BUKWHAWEKA TOWN COUNCIL,,,no_article_found,
UBOS,parish,BULUMELA,NAMISINDWA,BUWATUWA,,,no_article_found,
UBOS,parish,BULUTSWALA,NAMISINDWA,NABITSIKHI,,,no_article_found,
UBOS,parish,BUMAKUNYA,NAMISINDWA,BUKHABUSI,,,no_article_found,
UBOS,parish,BUMALANGA WARD,NAMISINDWA,BUBUTU TOWN COUNCIL,,,no_article_found,
UBOS,parish,BUMANDALI WARD,NAMISINDWA,BUBUTU TOWN COUNCIL,,,no_article_found,
UBOS,parish,BUMANGASA,NAMISINDWA,BUWAMBWA,,,no_article_found,
UBOS,parish,BUMBO TOWN BOARD,NAMISINDWA,BUMBO TOWN COUNCIL,,,no_article_found,
UBOS,parish,BUMITYERO,NAMISINDWA,BUMITYERO,,,no_article_found,
UBOS,parish,BUMOYAYO,NAMISINDWA,BUMITYERO,,,no_article_found,
UBOS,parish,BUMOYAYO,NAMISINDWA,BUWAMBWA,,,no_article_found,
UBOS,parish,BUMOYAYO,NAMISINDWA,NAMBOKO,,,no_article_found,
UBOS,parish,BUMUKULUMA,NAMISINDWA,NABITSIKHI,,,no_article_found,
UBOS,parish,BUMULANYI,NAMISINDWA,BUKHABUSI,,,no_article_found,
UBOS,parish,BUMULIKA,NAMISINDWA,BUBUTU,,,no_article_found,
UBOS,parish,BUMULIKA,NAMISINDWA,MAGALE,,,no_article_found,
UBOS,parish,BUMULIKA,NAMISINDWA,NAMBOKO,,,no_article_found,
UBOS,parish,BUMULULU TOWN BOARD,NAMISINDWA,NAMITSA,,,no_article_found,
UBOS,parish,BUMUMALI,NAMISINDWA,BUMUMALI,,,no_article_found,
UBOS,parish,BUMURUNDI WARD,NAMISINDWA,NAMISINDWA TOWN COUNCIL,,,no_article_found,
UBOS,parish,BUMURWA,NAMISINDWA,BUWABWALA,,,no_article_found,
UBOS,parish,BUMUTUNDI,NAMISINDWA,BUKHABUSI,,,no_article_found,
UBOS,parish,BUMUYONGA,NAMISINDWA,BUBUTU,,,no_article_found,
UBOS,parish,BUNABITU,NAMISINDWA,TSEKULULU,,,no_article_found,
UBOS,parish,BUNAKATEMBUKHA,NAMISINDWA,BUWATUWA,,,no_article_found,
UBOS,parish,BUNAMAKHOLA WARD,NAMISINDWA,BUKWHAWEKA TOWN COUNCIL,,,no_article_found,
UBOS,parish,BUNAMBALE,NAMISINDWA,TSEKULULU,,,no_article_found,
UBOS,parish,BUNAMBOBI WARD,NAMISINDWA,LUWA TOWN COUNCIL,,,no_article_found,
UBOS,parish,BUNAMBOKO WARD,NAMISINDWA,BUKWHAWEKA TOWN COUNCIL,,,no_article_found,
UBOS,parish,BUNAMITSA,NAMISINDWA,BUWATUWA,,,no_article_found,
UBOS,parish,BUNAMULINGI,NAMISINDWA,BUKOKHO,,,no_article_found,
UBOS,parish,BUNAMULUNYI,NAMISINDWA,MUKOTO,,,no_article_found,
UBOS,parish,BUNAMWANDU,NAMISINDWA,TSEKULULU,,,no_article_found,
UBOS,parish,BUNANGANDA,NAMISINDWA,BUKHAWEKA,,,no_article_found,
UBOS,parish,BUNANYAMA,NAMISINDWA,MUKHUYU,,,no_article_found,
UBOS,parish,BUNASAMBI,NAMISINDWA,TSEKULULU,,,no_article_found,
UBOS,parish,BUSAMBATSA I,NAMISINDWA,BUWABWALA,,,no_article_found,
UBOS,parish,BUSAMBATSA II,NAMISINDWA,BUWABWALA,,,no_article_found,
UBOS,parish,BUSAMBATSA TOWN BOARD,NAMISINDWA,BUWABWALA,,,no_article_found,
UBOS,parish,BUSANTSA WARD,NAMISINDWA,MAGALE TOWN COUNCIL,,,no_article_found,
UBOS,parish,BUSEKERE,NAMISINDWA,BUMUMALI,,,no_article_found,
UBOS,parish,BUSELA,NAMISINDWA,BUNGATI,,,no_article_found,
UBOS,parish,BUSERELI,NAMISINDWA,BUKIABI,,,no_article_found,
UBOS,parish,BUSIBUTA,NAMISINDWA,BUNGATI,,,no_article_found,
UBOS,parish,BUSIMAOLYA,NAMISINDWA,MAGALE,,,no_article_found,
UBOS,parish,BUSIUMA WARD,NAMISINDWA,BUBUTU TOWN COUNCIL,,,no_article_found,
UBOS,parish,BUSUBENDE WARD,NAMISINDWA,BUMBO TOWN COUNCIL,,,no_article_found,
UBOS,parish,BUSULWA,NAMISINDWA,TSEKULULU,,,no_article_found,
UBOS,parish,BUTEMULANI,NAMISINDWA,BUMWONI,,,no_article_found,
UBOS,parish,BUTEMULANI WARD,NAMISINDWA,LWAKHAKHA TOWN COUNCIL,,,no_article_found,
UBOS,parish,BUTETEYA,NAMISINDWA,MUKHUYU,,,no_article_found,
UBOS,parish,BUTIIRU,NAMISINDWA,BUKHABUSI,,,no_article_found,
UBOS,parish,BUTINDUYI,NAMISINDWA,MUKHUYU,,,no_article_found,
UBOS,parish,BUTINDUYI WARD,NAMISINDWA,MAGALE TOWN COUNCIL,,,no_article_found,
UBOS,parish,BUTSEBENI,NAMISINDWA,MAGALE,,,no_article_found,
UBOS,parish,BUTSELITSI,NAMISINDWA,NAMITSA,,,no_article_found,
UBOS,parish,BUTSEMAYI,NAMISINDWA,BUBUTU,,,no_article_found,
UBOS,parish,BUTTINGU,NAMISINDWA,BUMUMALI,,,no_article_found,
UBOS,parish,BUWAMBETE,NAMISINDWA,BUNGATI,,,no_article_found,
UBOS,parish,BUWAMBINGWA,NAMISINDWA,NAMBOKO,,,no_article_found,
UBOS,parish,BUWAMBWA,NAMISINDWA,BUMITYERO,,,no_article_found,
UBOS,parish,BUWAMBWA,NAMISINDWA,BUWAMBWA,,,no_article_found,
UBOS,parish,BUWAMBWA,NAMISINDWA,MUKHUYU,,,no_article_found,
UBOS,parish,BUWAMBWA,NAMISINDWA,NAMITSA,,,no_article_found,
UBOS,parish,BUWANDYAMBI WARD,NAMISINDWA,MAGALE TOWN COUNCIL,,,no_article_found,
UBOS,parish,BUWANDYAMBI WARD,NAMISINDWA,NAMISINDWA TOWN COUNCIL,,,no_article_found,
UBOS,parish,BUWANTSALA,NAMISINDWA,BUMBO,,,no_article_found,
UBOS,parish,BUWASIBA,NAMISINDWA,NABITSIKHI,,,no_article_found,
UBOS,parish,BUWASIBA,NAMISINDWA,NAMBOKO,,,no_article_found,
UBOS,parish,BUWASIBA WARD,NAMISINDWA,NAMISINDWA TOWN COUNCIL,,,no_article_found,
UBOS,parish,BUWASU,NAMISINDWA,BUWABWALA,,,no_article_found,
UBOS,parish,BUWASUNGUYI,NAMISINDWA,NAMABYA,,,no_article_found,
UBOS,parish,BUWATUWA,NAMISINDWA,BUWATUWA,,,no_article_found,
UBOS,parish,BUWERE,NAMISINDWA,BUPOTO,,,no_article_found,
UBOS,parish,BUWESA,NAMISINDWA,NAMITSA,,,no_article_found,
UBOS,parish,BUWESA WARD,NAMISINDWA,MAGALE TOWN COUNCIL,,,no_article_found,
UBOS,parish,BUWUMA WARD,NAMISINDWA,LWAKHAKHA TOWN COUNCIL,,,no_article_found,
UBOS,parish,BUWUNDU,NAMISINDWA,BUMBO,,,no_article_found,
UBOS,parish,BUYAKA WARD,NAMISINDWA,NAMISINDWA TOWN COUNCIL,,,no_article_found,
UBOS,parish,BUYASERE,NAMISINDWA,NABITSIKHI,,,no_article_found,
UBOS,parish,BWIRI,NAMISINDWA,BUMWONI,,,no_article_found,
UBOS,parish,CHESOMA,NAMISINDWA,BUMBO,,,no_article_found,
UBOS,parish,KABOOLE,NAMISINDWA,BUKOKHO,,,no_article_found,
UBOS,parish,KABOYI,NAMISINDWA,BUMWONI,,,no_article_found,
UBOS,parish,KAMUSAYI,NAMISINDWA,BUMBO,,,no_article_found,
UBOS,parish,KHAMWANDO WARD,NAMISINDWA,BUKWHAWEKA TOWN COUNCIL,,,no_article_found,
UBOS,parish,KIMUMA WARD,NAMISINDWA,BUKWHAWEKA TOWN COUNCIL,,,no_article_found,
UBOS,parish,KIMUNDU WARD,NAMISINDWA,NAMISINDWA TOWN COUNCIL,,,no_article_found,
UBOS,parish,KISAWAYI,NAMISINDWA,BUMWONI,,,no_article_found,
UBOS,parish,KISEKERE,NAMISINDWA,BUMBO,,,no_article_found,
UBOS,parish,KOMONO,NAMISINDWA,BUMITYERO,,,no_article_found,
UBOS,parish,LAASO WARD,NAMISINDWA,BUMBO TOWN COUNCIL,,,no_article_found,
UBOS,parish,LULANGATSI WARD,NAMISINDWA,BUMBO TOWN COUNCIL,,,no_article_found,
UBOS,parish,LUWA WARD,NAMISINDWA,LUWA TOWN COUNCIL,,,no_article_found,
UBOS,parish,MAALO,NAMISINDWA,MUKOTO,,,no_article_found,
UBOS,parish,MAJENGA,NAMISINDWA,BUMUMALI,,,no_article_found,
UBOS,parish,MAKHONGE,NAMISINDWA,BUKIABI,,,no_article_found,
UBOS,parish,MAKUNYA,NAMISINDWA,BUMITYERO,,,no_article_found,
UBOS,parish,MAKUTANO,NAMISINDWA,MUKOTO,,,no_article_found,
UBOS,parish,MARESI,NAMISINDWA,MAGALE,,,no_article_found,
UBOS,parish,MASAAKA,NAMISINDWA,NAMABYA,,,no_article_found,
UBOS,parish,MATSANZA WARD,NAMISINDWA,BUKWHAWEKA TOWN COUNCIL,,,no_article_found,
UBOS,parish,MISSION WARD,NAMISINDWA,MAGALE TOWN COUNCIL,,,no_article_found,
UBOS,parish,MUFUTU,NAMISINDWA,MUKHUYU,,,no_article_found,
UBOS,parish,MUFUTU TOWN BOARD,NAMISINDWA,BUWAMBWA,,,no_article_found,
UBOS,parish,MUKHUYU WARD,NAMISINDWA,BUMBO TOWN COUNCIL,,,no_article_found,
UBOS,parish,MULONDO,NAMISINDWA,BUMITYERO,,,no_article_found,
UBOS,parish,MUNAMBA TOWN BOARD,NAMISINDWA,BUBUTU,,,no_article_found,
UBOS,parish,MUSIYE,NAMISINDWA,BUWAMBWA,,,no_article_found,
UBOS,parish,NABUMBO WARD,NAMISINDWA,BUKWHAWEKA TOWN COUNCIL,,,no_article_found,
UBOS,parish,NALUWANDE,NAMISINDWA,MAGALE,,,no_article_found,
UBOS,parish,NAMAWONDO,NAMISINDWA,BUWATUWA,,,no_article_found,
UBOS,parish,NAMITSA,NAMISINDWA,NAMITSA,,,no_article_found,
UBOS,parish,NAMUNYALI,NAMISINDWA,NAMABYA,,,no_article_found,
UBOS,parish,NAMWENULA WARD,NAMISINDWA,BUMBO TOWN COUNCIL,,,no_article_found,
UBOS,parish,NANTSEKO,NAMISINDWA,BUMUMALI,,,no_article_found,
UBOS,parish,NASILULU WARD,NAMISINDWA,LUWA TOWN COUNCIL,,,no_article_found,
UBOS,parish,SABINO,NAMISINDWA,BUKIABI,,,no_article_found,
UBOS,parish,SABOTI WARD,NAMISINDWA,BUMBO TOWN COUNCIL,,,no_article_found,
UBOS,parish,SIAKALO WARD,NAMISINDWA,LUWA TOWN COUNCIL,,,no_article_found,
UBOS,parish,SIREKERE WARD,NAMISINDWA,BUMBO TOWN COUNCIL,,,no_article_found,
UBOS,parish,SOONO,NAMISINDWA,BUKOKHO,,,no_article_found,
UBOS,parish,SYANZA WARD,NAMISINDWA,LUWA TOWN COUNCIL,,,no_article_found,
UBOS,parish,TSEBUMBEYI WARD,NAMISINDWA,BUMBO TOWN COUNCIL,,,no_article_found,
UBOS,parish,BUBAGO,NAMUTUMBA,NSINZE,,,no_article_found,
UBOS,parish,BUBUTYA,NAMUTUMBA,BULANGE,,,no_article_found,
UBOS,parish,BUDATU,NAMUTUMBA,NABWEYO,,,no_article_found,
UBOS,parish,BUDOMERO,NAMUTUMBA,IVUKULA,,,no_article_found,
UBOS,parish,BUGOBI B WARD,NAMUTUMBA,BUGOBI TOWN COUNCIL,,,no_article_found,
UBOS,parish,BUGOBI CENTRAL WARD,NAMUTUMBA,BUGOBI TOWN COUNCIL,,,no_article_found,
UBOS,parish,BUGOBI EAST WARD,NAMUTUMBA,BUGOBI TOWN COUNCIL,,,no_article_found,
UBOS,parish,BUGUMBA WARD,NAMUTUMBA,KIBALE TOWN COUNCIL,,,no_article_found,
UBOS,parish,BUKENGA,NAMUTUMBA,BULANGE,,,no_article_found,
UBOS,parish,BUKENGA WARD,NAMUTUMBA,BUGOBI TOWN COUNCIL,,,no_article_found,
UBOS,parish,BUKENHE WARD,NAMUTUMBA,NSINZE TOWN COUNCIL,,,no_article_found,
UBOS,parish,BUKOLO WARD,NAMUTUMBA,NSINZE TOWN COUNCIL,,,no_article_found,
UBOS,parish,BUKONTE,NAMUTUMBA,NAWAIKONA,,,no_article_found,
UBOS,parish,BUNANGWE WARD,NAMUTUMBA,NANGONDE TOWN COUNCIL,,,no_article_found,
UBOS,parish,BUNYAGWE,NAMUTUMBA,NSINZE,,,no_article_found,
UBOS,parish,BUSINI,NAMUTUMBA,NABWEYO,,,no_article_found,
UBOS,parish,BUTIMBO WARD,NAMUTUMBA,NANGONDE TOWN COUNCIL,,,no_article_found,
UBOS,parish,BUWALIRA,NAMUTUMBA,NANGONDE,,,no_article_found,
UBOS,parish,BUWANGA,NAMUTUMBA,BUGOBI,,,no_article_found,
UBOS,parish,BUYANGE,NAMUTUMBA,MAGADA,,,no_article_found,
UBOS,parish,BUYUNGA WARD,NAMUTUMBA,NSINZE TOWN COUNCIL,,,no_article_found,
UBOS,parish,GASANI WARD,NAMUTUMBA,IVUKULA TOWN COUNCIL,,,no_article_found,
UBOS,parish,IGERERA,NAMUTUMBA,KIZUBA,,,no_article_found,
UBOS,parish,IKWIZI WARD,NAMUTUMBA,NANGONDE TOWN COUNCIL,,,no_article_found,
UBOS,parish,IRONDO,NAMUTUMBA,KIWANYI,,,no_article_found,
UBOS,parish,IRWANIRO,NAMUTUMBA,KAGULU,,,no_article_found,
UBOS,parish,ISEGERO,NAMUTUMBA,NSINZE,,,no_article_found,
UBOS,parish,ISITA,NAMUTUMBA,MAZUBA,,,no_article_found,
UBOS,parish,ITUBA,NAMUTUMBA,NAMUTUMBA,,,no_article_found,
UBOS,parish,IWUNGIRO,NAMUTUMBA,NANGONDE,,,no_article_found,
UBOS,parish,IWUNGIRO WARD,NAMUTUMBA,NANGONDE TOWN COUNCIL,,,no_article_found,
UBOS,parish,IZIRANGOBI,NAMUTUMBA,KIWANYI,,,no_article_found,
UBOS,parish,KAGAIRE,NAMUTUMBA,MAZUBA,,,no_article_found,
UBOS,parish,KAKOOLA WARD,NAMUTUMBA,IVUKULA TOWN COUNCIL,,,no_article_found,
UBOS,parish,KAMUDOKE,NAMUTUMBA,IVUKULA,,,no_article_found,
UBOS,parish,KATEGERE,NAMUTUMBA,MAGADA,,,no_article_found,
UBOS,parish,KIBIGO,NAMUTUMBA,BUGOBI,,,no_article_found,
UBOS,parish,KIBIGO WARD,NAMUTUMBA,BUGOBI TOWN COUNCIL,,,no_article_found,
UBOS,parish,KIGALAMA,NAMUTUMBA,NAMUTUMBA,,,no_article_found,
UBOS,parish,KIGUNDA WARD,NAMUTUMBA,NANGONDE TOWN COUNCIL,,,no_article_found,
UBOS,parish,KIMENYULO,NAMUTUMBA,IVUKULA,,,no_article_found,
UBOS,parish,KIRANGA,NAMUTUMBA,KIBAALE,,,no_article_found,
UBOS,parish,KIREREMA,NAMUTUMBA,BULANGE,,,no_article_found,
UBOS,parish,KIRONGO,NAMUTUMBA,IVUKULA,,,no_article_found,
UBOS,parish,KISEGA,NAMUTUMBA,KIBAALE,,,no_article_found,
UBOS,parish,KISEGA,NAMUTUMBA,NANGONDE,,,no_article_found,
UBOS,parish,KISEWUZI,NAMUTUMBA,IVUKULA,,,no_article_found,
UBOS,parish,KISIIRO,NAMUTUMBA,BUGOBI,,,no_article_found,
UBOS,parish,KITAIGALWA WARD,NAMUTUMBA,NANGONDE TOWN COUNCIL,,,no_article_found,
UBOS,parish,KIVULE,NAMUTUMBA,NAWAIKONA,,,no_article_found,
UBOS,parish,KIZUBA,NAMUTUMBA,KIZUBA,,,no_article_found,
UBOS,parish,LWATAMA,NAMUTUMBA,NANGONDE,,,no_article_found,
UBOS,parish,MAKENHA,NAMUTUMBA,BUGOBI,,,no_article_found,
UBOS,parish,MAZUBA,NAMUTUMBA,MAZUBA,,,no_article_found,
UBOS,parish,MPANDE WARD,NAMUTUMBA,IVUKULA TOWN COUNCIL,,,no_article_found,
UBOS,parish,MPEIZYA,NAMUTUMBA,MAZUBA,,,no_article_found,
UBOS,parish,MPULIRA WARD,NAMUTUMBA,KIBALE TOWN COUNCIL,,,no_article_found,
UBOS,parish,MPUMIRO,NAMUTUMBA,BULANGE,,,no_article_found,
UBOS,parish,MULAMA,NAMUTUMBA,KIWANYI,,,no_article_found,
UBOS,parish,NABINYONYI,NAMUTUMBA,KIWANYI,,,no_article_found,
UBOS,parish,NABISOIGI CENTRAL WARD,NAMUTUMBA,KIBALE TOWN COUNCIL,,,no_article_found,
UBOS,parish,NABISOIGI WARD,NAMUTUMBA,KIBALE TOWN COUNCIL,,,no_article_found,
UBOS,parish,NABITULA,NAMUTUMBA,IVUKULA,,,no_article_found,
UBOS,parish,NABWEYO,NAMUTUMBA,NABWEYO,,,no_article_found,
UBOS,parish,NABWEYO,NAMUTUMBA,KAGULU,,,no_article_found,
UBOS,parish,NAKALOKWE,NAMUTUMBA,KIZUBA,,,no_article_found,
UBOS,parish,NAKAWUNZO,NAMUTUMBA,NAWAIKONA,,,no_article_found,
UBOS,parish,NAKAZINGA,NAMUTUMBA,BUGOBI,,,no_article_found,
UBOS,parish,NAKAZINGA WARD,NAMUTUMBA,IVUKULA TOWN COUNCIL,,,no_article_found,
UBOS,parish,NAKYEERE,NAMUTUMBA,NAMUTUMBA,,,no_article_found,
UBOS,parish,NAKYEERE WARD,NAMUTUMBA,KIBALE TOWN COUNCIL,,,no_article_found,
UBOS,parish,NAMAKOKO,NAMUTUMBA,KIBAALE,,,no_article_found,
UBOS,parish,NAMAKOKO,NAMUTUMBA,NANGONDE,,,no_article_found,
UBOS,parish,NAMASERE WARD,NAMUTUMBA,NSINZE TOWN COUNCIL,,,no_article_found,
UBOS,parish,NAMATO,NAMUTUMBA,NAMUTUMBA,,,no_article_found,
UBOS,parish,NAMBULA,NAMUTUMBA,KIWANYI,,,no_article_found,
UBOS,parish,NANGONDE CENTRAL WARD,NAMUTUMBA,NANGONDE TOWN COUNCIL,,,no_article_found,
UBOS,parish,NANGONDE WARD,NAMUTUMBA,NANGONDE TOWN COUNCIL,,,no_article_found,
UBOS,parish,NAWAIKONA,NAMUTUMBA,NAWAIKONA,,,no_article_found,
UBOS,parish,NAWAMPANDU,NAMUTUMBA,NAMUTUMBA,,,no_article_found,
UBOS,parish,NAWANDAKA WARD,NAMUTUMBA,NANGONDE TOWN COUNCIL,,,no_article_found,
UBOS,parish,NAWANGISA,NAMUTUMBA,KIBAALE,,,no_article_found,
UBOS,parish,NAWANKIMA WARD,NAMUTUMBA,IVUKULA TOWN COUNCIL,,,no_article_found,
UBOS,parish,NAWANSAGWA,NAMUTUMBA,KIZUBA,,,no_article_found,
UBOS,parish,NAWANZALI,NAMUTUMBA,MAZUBA,,,no_article_found,
UBOS,parish,NSOOLA,NAMUTUMBA,MAZUBA,,,no_article_found,
UBOS,parish,TOWN SIDE WARD,NAMUTUMBA,BUGOBI TOWN COUNCIL,,,no_article_found,
UBOS,parish,ACHUKUDU,NAPAK,APEITOLIM,,,no_article_found,
UBOS,parish,AKALALE,NAPAK,LOKOPO,,,no_article_found,
UBOS,parish,AMEDEK,NAPAK,NABWAL,,,no_article_found,
UBOS,parish,APEITOLIM,NAPAK,APEITOLIM,,,no_article_found,
UBOS,parish,APUNGURE WARD,NAPAK,LOKITEDED TOWN COUNCIL,,,no_article_found,
UBOS,parish,ARENGEPUWA,NAPAK,APEITOLIM,,,no_article_found,
UBOS,parish,CHOLICHOL,NAPAK,LORENGECORA,,,no_article_found,
UBOS,parish,COMPLEX WARD,NAPAK,KANGOLE TOWN COUNCIL,,,no_article_found,
UBOS,parish,DARTICS WARD,NAPAK,LOKITEDED TOWN COUNCIL,,,no_article_found,
UBOS,parish,KAETHELEM,NAPAK,PORON,,,no_article_found,
UBOS,parish,KAIUNGATUK,NAPAK,APEITOLIM,,,no_article_found,
UBOS,parish,KALOKENGEL EAST,NAPAK,LOTOME,,,no_article_found,
UBOS,parish,KALOKENGEL WEST,NAPAK,LOTOME,,,no_article_found,
UBOS,parish,KAUTAKOU,NAPAK,NGOLERIET,,,no_article_found,
UBOS,parish,KAYEPAS,NAPAK,LOKOPO,,,no_article_found,
UBOS,parish,KOBULIN,NAPAK,APEITOLIM,,,no_article_found,
UBOS,parish,KODIKE,NAPAK,NABWAL,,,no_article_found,
UBOS,parish,KOKIPURAT,NAPAK,LORENGECORA,,,no_article_found,
UBOS,parish,KOMUTURUNYO,NAPAK,PORON,,,no_article_found,
UBOS,parish,KOPOPWA A WARD,NAPAK,NAPAK TOWN COUNCIL,,,no_article_found,
UBOS,parish,KOPOPWA B WARD,NAPAK,NAPAK TOWN COUNCIL,,,no_article_found,
UBOS,parish,LOKALI,NAPAK,MATANY,,,no_article_found,
UBOS,parish,LOKUDUMO,NAPAK,LOPEI,,,no_article_found,
UBOS,parish,LOKUWAS,NAPAK,MATANY,,,no_article_found,
UBOS,parish,LOLET,NAPAK,LORENGECORA,,,no_article_found,
UBOS,parish,LOMOKORI,NAPAK,APEITOLIM,,,no_article_found,
UBOS,parish,LONGALOM,NAPAK,LOKOPO,,,no_article_found,
UBOS,parish,LOPEEI,NAPAK,LOPEI,,,no_article_found,
UBOS,parish,LOPIDA WARD,NAPAK,KANGOLE TOWN COUNCIL,,,no_article_found,
UBOS,parish,LORIKITAE,NAPAK,LOKOPO,,,no_article_found,
UBOS,parish,MORULINGA,NAPAK,MATANY,,,no_article_found,
UBOS,parish,MORUONGOR,NAPAK,LOTOME,,,no_article_found,
UBOS,parish,NABWAL,NAPAK,NABWAL,,,no_article_found,
UBOS,parish,NAGULE-ANGOLOL,NAPAK,NGOLERIET,,,no_article_found,
UBOS,parish,NAITAKWAE,NAPAK,NGOLERIET,,,no_article_found,
UBOS,parish,NAKICUMET,NAPAK,MATANY,,,no_article_found,
UBOS,parish,NAKWAMORU,NAPAK,LOPEI,,,no_article_found,
UBOS,parish,NAMENDERA,NAPAK,IRIIRI,,,no_article_found,
UBOS,parish,NAMINIT,NAPAK,NABWAL,,,no_article_found,
UBOS,parish,NAMUGIT,NAPAK,LOKOPO,,,no_article_found,
UBOS,parish,NAPEIPELU WARD,NAPAK,MATANY TOWN COUNCIL,,,no_article_found,
UBOS,parish,NARENGEKITOE,NAPAK,APEITOLIM,,,no_article_found,
UBOS,parish,NARENGEMORU,NAPAK,NGOLERIET,,,no_article_found,
UBOS,parish,NARIAMAREGAE,NAPAK,LOTOME,,,no_article_found,
UBOS,parish,NASIKE WARD,NAPAK,KANGOLE TOWN COUNCIL,,,no_article_found,
UBOS,parish,NAWAIKOROT,NAPAK,NGOLERIET,,,no_article_found,
UBOS,parish,PORON,NAPAK,PORON,,,no_article_found,
UBOS,parish,SENIOR QUARTERS WARD,NAPAK,LOKITEDED TOWN COUNCIL,,,no_article_found,
UBOS,parish,SENIOR QUARTERS WARD,NAPAK,KANGOLE TOWN COUNCIL,,,no_article_found,
UBOS,parish,ABAR EAST,NEBBI,NDHEW,,,no_article_found,
UBOS,parish,ABAR WEST,NEBBI,NDHEW,,,no_article_found,
UBOS,parish,ABINDU WARD,NEBBI,ABINDU DIVISION,,,no_article_found,
UBOS,parish,ACWERA,NEBBI,ALALA,,,no_article_found,
UBOS,parish,ADOLO,NEBBI,NDHEW,,,no_article_found,
UBOS,parish,ANGAL LOWER,NEBBI,NYARAVUR - ANGAL TOWN COUNCIL,,,no_article_found,
UBOS,parish,ANGAL UPPER,NEBBI,NYARAVUR - ANGAL TOWN COUNCIL,,,no_article_found,
UBOS,parish,AYOMU,NEBBI,JUPANGIRA,,,no_article_found,
UBOS,parish,CENTRAL ZONE WARD,NEBBI,CENTRAL DIVISION,,,no_article_found,
UBOS,parish,FOREST WARD,NEBBI,THATHA DIVISION,,,no_article_found,
UBOS,parish,GOT ACIKU,NEBBI,KUCWINY,,,no_article_found,
UBOS,parish,JUKIYA HILL WARD,NEBBI,CENTRAL DIVISION,,,no_article_found,
UBOS,parish,JUPANGIRA,NEBBI,JUPANGIRA,,,no_article_found,
UBOS,parish,KALOWANG,NEBBI,NEBBI,,,no_article_found,
UBOS,parish,KITUNA,NEBBI,AKWORO,,,no_article_found,
UBOS,parish,KOCH LOWER,NEBBI,NEBBI,,,no_article_found,
UBOS,parish,KOCH UPPER,NEBBI,NEBBI,,,no_article_found,
UBOS,parish,LEE,NEBBI,KUCWINY,,,no_article_found,
UBOS,parish,MBARO EAST,NEBBI,NYARAVUR - ANGAL TOWN COUNCIL,,,no_article_found,
UBOS,parish,MBARO WEST,NEBBI,NYARAVUR - ANGAL TOWN COUNCIL,,,no_article_found,
UBOS,parish,MURUSI,NEBBI,AKWORO,,,no_article_found,
UBOS,parish,MVURA,NEBBI,PADWOT,,,no_article_found,
UBOS,parish,MVURA WEST,NEBBI,PADWOT,,,no_article_found,
UBOS,parish,NAMRWODHO WARD,NEBBI,THATHA DIVISION,,,no_article_found,
UBOS,parish,NAMTHIN WARD,NEBBI,CENTRAL DIVISION,,,no_article_found,
UBOS,parish,NDHETHE,NEBBI,KUCWINY,,,no_article_found,
UBOS,parish,NEBBI HILL WARD,NEBBI,ABINDU DIVISION,,,no_article_found,
UBOS,parish,NYACARA WARD,NEBBI,ABINDU DIVISION,,,no_article_found,
UBOS,parish,NYARUGALO WARD,NEBBI,PAROMBO TOWN COUNCIL,,,no_article_found,
UBOS,parish,OCELO,NEBBI,ALALA,,,no_article_found,
UBOS,parish,OLAGO,NEBBI,PADWOT,,,no_article_found,
UBOS,parish,OLAGO NORTH,NEBBI,PADWOT,,,no_article_found,
UBOS,parish,OMYER,NEBBI,NEBBI,,,no_article_found,
UBOS,parish,ONDIER,NEBBI,AKWORO,,,no_article_found,
UBOS,parish,OSIGUMVURE,NEBBI,KUCWINY,,,no_article_found,
UBOS,parish,OSSI CENTRAL,NEBBI,PAROMBO,,,no_article_found,
UBOS,parish,OSSI EAST,NEBBI,PAROMBO,,,no_article_found,
UBOS,parish,OSSI WEST,NEBBI,PAROMBO,,,no_article_found,
UBOS,parish,OWEKO,NEBBI,NDHEW,,,no_article_found,
UBOS,parish,PACAKA,NEBBI,ERUSSI,,,no_article_found,
UBOS,parish,PADEL NORTH,NEBBI,PAROMBO,,,no_article_found,
UBOS,parish,PADEL SOUTH,NEBBI,PAROMBO,,,no_article_found,
UBOS,parish,PADEL WEST,NEBBI,PAROMBO,,,no_article_found,
UBOS,parish,PADOLO,NEBBI,ERUSSI,,,no_article_found,
UBOS,parish,PAGWATA NORTH,NEBBI,ACANA,,,no_article_found,
UBOS,parish,PAGWATA SOUTH,NEBBI,ACANA,,,no_article_found,
UBOS,parish,PAJUR,NEBBI,ERUSSI,,,no_article_found,
UBOS,parish,PAKOLO,NEBBI,AKWORO,,,no_article_found,
UBOS,parish,PAMINYA LOWER,NEBBI,ATEGO,,,no_article_found,
UBOS,parish,PAMINYA UPPER,NEBBI,ATEGO,,,no_article_found,
UBOS,parish,PAMORA LOWER,NEBBI,NYARAVUR - ANGAL TOWN COUNCIL,,,no_article_found,
UBOS,parish,PAMORA UPPER,NEBBI,ATEGO,,,no_article_found,
UBOS,parish,PANGERE,NEBBI,ACANA,,,no_article_found,
UBOS,parish,PARWO EAST WARD,NEBBI,PAROMBO TOWN COUNCIL,,,no_article_found,
UBOS,parish,PARWO WEST WARD,NEBBI,PAROMBO TOWN COUNCIL,,,no_article_found,
UBOS,parish,PAWONG,NEBBI,JUPANGIRA,,,no_article_found,
UBOS,parish,PAYERA,NEBBI,ERUSSI,,,no_article_found,
UBOS,parish,PULUM NORTH,NEBBI,ACANA,,,no_article_found,
UBOS,parish,PULUM SOUTH,NEBBI,ACANA,,,no_article_found,
UBOS,parish,RAMOGI,NEBBI,KUCWINY,,,no_article_found,
UBOS,parish,RATUK,NEBBI,KUCWINY,,,no_article_found,
UBOS,parish,RERO,NEBBI,AKWORO,,,no_article_found,
UBOS,parish,THATHA WARD,NEBBI,THATHA DIVISION,,,no_article_found,
UBOS,parish,UDUKA,NEBBI,KUCWINY,,,no_article_found,
UBOS,parish,VURR,NEBBI,ALALA,,,no_article_found,
UBOS,parish,ABATAI,NGORA,AGIRIGIROI,,,no_article_found,
UBOS,parish,ACIISA,NGORA,KOBWIN,,,no_article_found,
UBOS,parish,ADUL WARD,NGORA,MUKURA TOWN COUNCIL,,,no_article_found,
UBOS,parish,AGIRIGIROI,NGORA,AGIRIGIROI,,,no_article_found,
UBOS,parish,AGOGOMIT,NGORA,MUKURA,,,no_article_found,
UBOS,parish,AJEELO,NGORA,AGIRIGIROI,,,no_article_found,
UBOS,parish,AJELUK,NGORA,MUKURA,,,no_article_found,
UBOS,parish,AJESA,NGORA,KAPIR,,,no_article_found,
UBOS,parish,AJUKET,NGORA,AGIRIGIROI,,,no_article_found,
UBOS,parish,AKARUKEI,NGORA,KAPIR,,,no_article_found,
UBOS,parish,AKARUKEI,NGORA,KOBWIN,,,no_article_found,
UBOS,parish,AKEIT WARD,NGORA,MUKURA TOWN COUNCIL,,,no_article_found,
UBOS,parish,AKUBUI,NGORA,MUKURA,,,no_article_found,
UBOS,parish,ANGOD,NGORA,ODWARAT,,,no_article_found,
UBOS,parish,APAMA,NGORA,NGORA,,,no_article_found,
UBOS,parish,ARIET,NGORA,MORUKAKISE,,,no_article_found,
UBOS,parish,ATAPAR,NGORA,KAPIR,,,no_article_found,
UBOS,parish,ATOOT,NGORA,ATOOT,,,no_article_found,
UBOS,parish,DOYORO WARD,NGORA,MUKURA TOWN COUNCIL,,,no_article_found,
UBOS,parish,KADERUN,NGORA,ATOOT,,,no_article_found,
UBOS,parish,KADOK,NGORA,ATOOT,,,no_article_found,
UBOS,parish,KAKODA WARD,NGORA,OPOT TOWN COUNCIL,,,no_article_found,
UBOS,parish,KALENGO,NGORA,NGORA,,,no_article_found,
UBOS,parish,KALENGO WARD,NGORA,OPOT TOWN COUNCIL,,,no_article_found,
UBOS,parish,KALER,NGORA,MORUKAKISE,,,no_article_found,
UBOS,parish,KALINA WARD,NGORA,OPOT TOWN COUNCIL,,,no_article_found,
UBOS,parish,KAMODOKIMA,NGORA,MORUKAKISE,,,no_article_found,
UBOS,parish,KATENGETO,NGORA,KOBWIN,,,no_article_found,
UBOS,parish,KEES,NGORA,MUKURA,,,no_article_found,
UBOS,parish,KOBUIN,NGORA,KOBWIN,,,no_article_found,
UBOS,parish,KOCOCWA,NGORA,ATOOT,,,no_article_found,
UBOS,parish,KODIKE,NGORA,KOBWIN,,,no_article_found,
UBOS,parish,KOILE,NGORA,ATOOT,,,no_article_found,
UBOS,parish,KOKODU,NGORA,MUKURA,,,no_article_found,
UBOS,parish,KOKONG,NGORA,AGIRIGIROI,,,no_article_found,
UBOS,parish,KOLOIN,NGORA,KAPIR,,,no_article_found,
UBOS,parish,KOPEGE,NGORA,ODWARAT,,,no_article_found,
UBOS,parish,KUMEL,NGORA,MUKURA,,,no_article_found,
UBOS,parish,MADOCH,NGORA,MUKURA,,,no_article_found,
UBOS,parish,MORUIRION,NGORA,NGORA,,,no_article_found,
UBOS,parish,MORUKAKISE,NGORA,MORUKAKISE,,,no_article_found,
UBOS,parish,NYAGUO WARD,NGORA,OPOT TOWN COUNCIL,,,no_article_found,
UBOS,parish,NYAMONGO,NGORA,NGORA,,,no_article_found,
UBOS,parish,ODWARAT,NGORA,ODWARAT,,,no_article_found,
UBOS,parish,OJUKAI,NGORA,ATOOT,,,no_article_found,
UBOS,parish,OKAPEL,NGORA,KOBWIN,,,no_article_found,
UBOS,parish,OKITO WARD,NGORA,OPOT TOWN COUNCIL,,,no_article_found,
UBOS,parish,OKUNGURO WARD,NGORA,MUKURA TOWN COUNCIL,,,no_article_found,
UBOS,parish,OLUKANGOR,NGORA,ATOOT,,,no_article_found,
UBOS,parish,OLUWA,NGORA,AGIRIGIROI,,,no_article_found,
UBOS,parish,OMADITOK,NGORA,ODWARAT,,,no_article_found,
UBOS,parish,OMIITO,NGORA,KAPIR,,,no_article_found,
UBOS,parish,OMOO,NGORA,KOBWIN,,,no_article_found,
UBOS,parish,OMURIANA,NGORA,KAPIR,,,no_article_found,
UBOS,parish,OPOT WARD,NGORA,OPOT TOWN COUNCIL,,,no_article_found,
UBOS,parish,ORISAI,NGORA,AGIRIGIROI,,,no_article_found,
UBOS,parish,OSWARA WARD,NGORA,OPOT TOWN COUNCIL,,,no_article_found,
UBOS,parish,OTETEEN,NGORA,NGORA,,,no_article_found,
UBOS,parish,POKOR,NGORA,KOBWIN,,,no_article_found,
UBOS,parish,TIDIDIEK,NGORA,NGORA,,,no_article_found,
UBOS,parish,TILLING,NGORA,KOBWIN,,,no_article_found,
UBOS,parish,BUDIBA,NTOROKO,BUTUNGAMA,,,no_article_found,
UBOS,parish,BUGANDO,NTOROKO,BWERAMULE,,,no_article_found,
UBOS,parish,BUSAYIRO,NTOROKO,KARUGUTU,,,no_article_found,
UBOS,parish,HAIBALE,NTOROKO,BWERAMULE,,,no_article_found,
UBOS,parish,HARUKOBA,NTOROKO,RWEBISENGO,,,no_article_found,
UBOS,parish,KACWAMBA WARD,NTOROKO,KARUGUTU TOWN COUNCIL,,,no_article_found,
UBOS,parish,KAGHORWE WARD,NTOROKO,KARUGUTU TOWN COUNCIL,,,no_article_found,
UBOS,parish,KAJWEKA,NTOROKO,KANARA,,,no_article_found,
UBOS,parish,KANYANSI WARD,NTOROKO,KANARA TOWN COUNCIL,,,no_article_found,
UBOS,parish,KASUNGU,NTOROKO,BUTUNGAMA,,,no_article_found,
UBOS,parish,KATANGA,NTOROKO,KANARA,,,no_article_found,
UBOS,parish,KIBUUKU EAST WARD,NTOROKO,KIBUUKU TOWN COUNCIL,,,no_article_found,
UBOS,parish,KIBUUKU NORTH WARD,NTOROKO,KIBUUKU TOWN COUNCIL,,,no_article_found,
UBOS,parish,KIBUUKU SOUTH WARD,NTOROKO,KIBUUKU TOWN COUNCIL,,,no_article_found,
UBOS,parish,KIBUUKU WEST WARD,NTOROKO,KIBUUKU TOWN COUNCIL,,,no_article_found,
UBOS,parish,KIMARA,NTOROKO,KANARA,,,no_article_found,
UBOS,parish,KIRANGA,NTOROKO,RWEBISENGO,,,no_article_found,
UBOS,parish,KYABUKUNGURU,NTOROKO,BUTUNGAMA,,,no_article_found,
UBOS,parish,MAJUMBA,NTOROKO,RWEBISENGO,,,no_article_found,
UBOS,parish,MAKONDO,NTOROKO,RWEBISENGO,,,no_article_found,
UBOS,parish,MUKIMBA,NTOROKO,RWEBISENGO,,,no_article_found,
UBOS,parish,MUSANDAMA,NTOROKO,NOMBE,,,no_article_found,
UBOS,parish,NYABIKUNGU,NTOROKO,KARUGUTU,,,no_article_found,
UBOS,parish,NYABUHURU WARD,NTOROKO,KARUGUTU TOWN COUNCIL,,,no_article_found,
UBOS,parish,NYAKASENYI,NTOROKO,BUTUNGAMA,,,no_article_found,
UBOS,parish,NYAKATOKE,NTOROKO,NOMBE,,,no_article_found,
UBOS,parish,NYAMBIGHA,NTOROKO,KARUGUTU,,,no_article_found,
UBOS,parish,RUKORA,NTOROKO,BWERAMULE,,,no_article_found,
UBOS,parish,RWAMABALE,NTOROKO,BWERAMULE,,,no_article_found,
UBOS,parish,RWANGARA,NTOROKO,KANARA,,,no_article_found,
UBOS,parish,RWENYANA,NTOROKO,KANARA,,,no_article_found,
UBOS,parish,TWANZANE WARD,NTOROKO,KANARA TOWN COUNCIL,,,no_article_found,
UBOS,parish,AKATOJO WARD,NTUNGAMO,RUBAARE TOWN COUNCIL,,,no_article_found,
UBOS,parish,BAKIHARIRE WARD,NTUNGAMO,KITWE TOWN COUNCIL,,,no_article_found,
UBOS,parish,BUHANAMA WARD,NTUNGAMO,NYAMUKANA TOWN COUNCIL,,,no_article_found,
UBOS,parish,CENTRAL WARD,NTUNGAMO,RWASHAMEIRE TOWN COUNCIL,,,no_article_found,
UBOS,parish,CENTRAL WARD,NTUNGAMO,CENTRAL DIVISION,,,no_article_found,
UBOS,parish,CENTRAL WARD,NTUNGAMO,KITWE TOWN COUNCIL,,,no_article_found,
UBOS,parish,IGURWA,NTUNGAMO,RUHAAMA,,,no_article_found,
UBOS,parish,IHEMA,NTUNGAMO,NYABUSHENYI,,,no_article_found,
UBOS,parish,ITEREERO WARD,NTUNGAMO,NYAMUNUKA TOWN COUNCIL,,,no_article_found,
UBOS,parish,KABASHESHE,NTUNGAMO,KAYONZA,,,no_article_found,
UBOS,parish,KABIMBIRI WARD,NTUNGAMO,KITWE TOWN COUNCIL,,,no_article_found,
UBOS,parish,KABOBO WARD,NTUNGAMO,KITWE TOWN COUNCIL,,,no_article_found,
UBOS,parish,KABUNGO WARD,NTUNGAMO,KAKUKURU-RWENANURA TOWN COUNCI,,,no_article_found,
UBOS,parish,KAFUNJO WARD,NTUNGAMO,KAFUNJO-MIRAMA TOWN COUNCIL,,,no_article_found,
UBOS,parish,KAGORORA WARD,NTUNGAMO,NYAKYERA TOWN COUNCIL,,,no_article_found,
UBOS,parish,KAGUGU,NTUNGAMO,RUBAARE,,,no_article_found,
UBOS,parish,KAHENDA,NTUNGAMO,RUHAAMA EAST,,,no_article_found,
UBOS,parish,KAHUNGA,NTUNGAMO,NTUNGAMO,,,no_article_found,
UBOS,parish,KAHUNGA WARD,NTUNGAMO,WESTERN DIVISION,,,no_article_found,
UBOS,parish,KAINA WARD,NTUNGAMO,RWENTOBO-RWAHI TOWN COUNCIL,,,no_article_found,
UBOS,parish,KAJUMBAJUMBA,NTUNGAMO,RUGARAMA NORTH,,,no_article_found,
UBOS,parish,KAKANENA,NTUNGAMO,RUGARAMA NORTH,,,no_article_found,
UBOS,parish,KAKUKURU WARD,NTUNGAMO,KAKUKURU-RWENANURA TOWN COUNCI,,,no_article_found,
UBOS,parish,KAMAHURI,NTUNGAMO,RUGARAMA NORTH,,,no_article_found,
UBOS,parish,KANYAMPUMO,NTUNGAMO,NYABIHOKO,,,no_article_found,
UBOS,parish,KANYERERE,NTUNGAMO,RUKONI EAST,,,no_article_found,
UBOS,parish,KASHENYI,NTUNGAMO,NGOMA,,,no_article_found,
UBOS,parish,KATARAKA,NTUNGAMO,NYAKYERA,,,no_article_found,
UBOS,parish,KATOOMA WARD,NTUNGAMO,RWENTOBO-RWAHI TOWN COUNCIL,,,no_article_found,
UBOS,parish,KATOOMI WARD,NTUNGAMO,NYAMUNUKA TOWN COUNCIL,,,no_article_found,
UBOS,parish,KATUNGAMO,NTUNGAMO,RUGARAMA,,,no_article_found,
UBOS,parish,KAYENJE,NTUNGAMO,RWEIKINIRO,,,no_article_found,
UBOS,parish,KIBARUKO WARD,NTUNGAMO,RWAMABONDO TOWN COUNCIL,,,no_article_found,
UBOS,parish,KICECE WARD,NTUNGAMO,KAKUKURU-RWENANURA TOWN COUNCI,,,no_article_found,
UBOS,parish,KIHANGA,NTUNGAMO,RUKONI EAST,,,no_article_found,
UBOS,parish,KIJUBWE,NTUNGAMO,KAYONZA,,,no_article_found,
UBOS,parish,KIKONI,NTUNGAMO,NTUNGAMO,,,no_article_found,
UBOS,parish,KIKONI WARD,NTUNGAMO,CENTRAL DIVISION,,,no_article_found,
UBOS,parish,KIRERA WARD,NTUNGAMO,RWOHO TOWN COUNCIL,,,no_article_found,
UBOS,parish,KIRUNGU WARD,NTUNGAMO,RWOHO TOWN COUNCIL,,,no_article_found,
UBOS,parish,KISHAMI A,NTUNGAMO,RUHAAMA EAST,,,no_article_found,
UBOS,parish,KISHAMI B,NTUNGAMO,RUHAAMA EAST,,,no_article_found,
UBOS,parish,KITASHEKWA WARD,NTUNGAMO,KAKUKURU-RWENANURA TOWN COUNCI,,,no_article_found,
UBOS,parish,KITEMBE,NTUNGAMO,NYARUTUNTU,,,no_article_found,
UBOS,parish,KITOJO,NTUNGAMO,BWONGYERA,,,no_article_found,
UBOS,parish,KITOJO WARD,NTUNGAMO,RWOHO TOWN COUNCIL,,,no_article_found,
UBOS,parish,KITONDO,NTUNGAMO,IHUNGA,,,no_article_found,
UBOS,parish,KIYAGA,NTUNGAMO,NYABIHOKO,,,no_article_found,
UBOS,parish,KIYOORA,NTUNGAMO,NYAKYERA,,,no_article_found,
UBOS,parish,KIZAARA,NTUNGAMO,NYARUTUNTU,,,no_article_found,
UBOS,parish,KIZIIBA WARD,NTUNGAMO,NYAKYERA TOWN COUNCIL,,,no_article_found,
UBOS,parish,KIZINGA,NTUNGAMO,NGOMA,,,no_article_found,
UBOS,parish,KYABASHENYI WARD,NTUNGAMO,NYAMUNUKA TOWN COUNCIL,,,no_article_found,
UBOS,parish,KYABUKUJU WARD,NTUNGAMO,RUBAARE TOWN COUNCIL,,,no_article_found,
UBOS,parish,KYAFOORA,NTUNGAMO,RUGARAMA NORTH,,,no_article_found,
UBOS,parish,KYAMATE WARD,NTUNGAMO,EASTERN DIVISION,,,no_article_found,
UBOS,parish,KYAMWASHA A,NTUNGAMO,RUKONI EAST,,,no_article_found,
UBOS,parish,KYAMWASHA B,NTUNGAMO,RUKONI EAST,,,no_article_found,
UBOS,parish,KYARUHUGA WARD,NTUNGAMO,NYAMUNUKA TOWN COUNCIL,,,no_article_found,
UBOS,parish,KYARWEHUNDE WARD,NTUNGAMO,KAFUNJO-MIRAMA TOWN COUNCIL,,,no_article_found,
UBOS,parish,KYOBWE WARD,NTUNGAMO,RWENTOBO-RWAHI TOWN COUNCIL,,,no_article_found,
UBOS,parish,MIRAMA WARD,NTUNGAMO,KAFUNJO-MIRAMA TOWN COUNCIL,,,no_article_found,
UBOS,parish,MUGYERA,NTUNGAMO,NGOMA,,,no_article_found,
UBOS,parish,MUKINGA,NTUNGAMO,NYABUSHENYI,,,no_article_found,
UBOS,parish,MUKONI,NTUNGAMO,NGOMA,,,no_article_found,
UBOS,parish,MURAMBI,NTUNGAMO,RWEIKINIRO,,,no_article_found,
UBOS,parish,MURAMBI WARD,NTUNGAMO,KAFUNJO-MIRAMA TOWN COUNCIL,,,no_article_found,
UBOS,parish,MUSHASHA WARD,NTUNGAMO,RWOHO TOWN COUNCIL,,,no_article_found,
UBOS,parish,MUTOJO WARD,NTUNGAMO,KAKUKURU-RWENANURA TOWN COUNCI,,,no_article_found,
UBOS,parish,NGOMBA,NTUNGAMO,RUGARAMA,,,no_article_found,
UBOS,parish,NGOMBA WARD,NTUNGAMO,NYAKYERA TOWN COUNCIL,,,no_article_found,
UBOS,parish,NSHENYI WARD,NTUNGAMO,KITWE TOWN COUNCIL,,,no_article_found,
UBOS,parish,NYABURIZA,NTUNGAMO,NYARUTUNTU,,,no_article_found,
UBOS,parish,NYABUSHENYI,NTUNGAMO,NYABUSHENYI,,,no_article_found,
UBOS,parish,NYAKABAARE,NTUNGAMO,RUKONI WEST,,,no_article_found,
UBOS,parish,NYAKABUNGO,NTUNGAMO,RUGARAMA,,,no_article_found,
UBOS,parish,NYAKARIRO,NTUNGAMO,NGOMA,,,no_article_found,
UBOS,parish,NYAKIBAARE,NTUNGAMO,RUKONI EAST,,,no_article_found,
UBOS,parish,NYAKIBIGI,NTUNGAMO,IHUNGA,,,no_article_found,
UBOS,parish,NYAKIGUFU WARD,NTUNGAMO,RWOHO TOWN COUNCIL,,,no_article_found,
UBOS,parish,NYAMUGOYE,NTUNGAMO,KIBATSI,,,no_article_found,
UBOS,parish,NYAMUNUKA CENTRAL WARD,NTUNGAMO,NYAMUNUKA TOWN COUNCIL,,,no_article_found,
UBOS,parish,NYAMURINDIRA,NTUNGAMO,RUBAARE TOWN COUNCIL,,,no_article_found,
UBOS,parish,NYARUBAARE,NTUNGAMO,NTUNGAMO,,,no_article_found,
UBOS,parish,NYARWANYA,NTUNGAMO,RUBAARE,,,no_article_found,
UBOS,parish,NYONGOZI WARD,NTUNGAMO,NYAMUKANA TOWN COUNCIL,,,no_article_found,
UBOS,parish,OMUKIBARE WARD,NTUNGAMO,KITWE TOWN COUNCIL,,,no_article_found,
UBOS,parish,OMUKIMWANI WARD,NTUNGAMO,RWASHAMEIRE TOWN COUNCIL,,,no_article_found,
UBOS,parish,OMUNGYENYI,NTUNGAMO,RUBAARE,,,no_article_found,
UBOS,parish,PARK WARD,NTUNGAMO,EASTERN DIVISION,,,no_article_found,
UBOS,parish,RUHANGA,NTUNGAMO,ITOJO,,,no_article_found,
UBOS,parish,RUHARA,NTUNGAMO,NGOMA,,,no_article_found,
UBOS,parish,RUHEGA,NTUNGAMO,KAYONZA,,,no_article_found,
UBOS,parish,RUHOKO,NTUNGAMO,NTUNGAMO,,,no_article_found,
UBOS,parish,RUKANGA,NTUNGAMO,NYABIHOKO,,,no_article_found,
UBOS,parish,RUKARANGO,NTUNGAMO,KIBATSI,,,no_article_found,
UBOS,parish,RUKIIRI,NTUNGAMO,RUBAARE TOWN COUNCIL,,,no_article_found,
UBOS,parish,RUSHEBEYA WARD,NTUNGAMO,KAKUKURU-RWENANURA TOWN COUNCI,,,no_article_found,
UBOS,parish,RUTUNGURU WARD,NTUNGAMO,KAGARAMA TOWN COUNCIL,,,no_article_found,
UBOS,parish,RWAMABONDO WARD,NTUNGAMO,RWAMABONDO TOWN COUNCIL,,,no_article_found,
UBOS,parish,RWAMWIRE,NTUNGAMO,RUHAAMA,,,no_article_found,
UBOS,parish,RWANDA,NTUNGAMO,BWONGYERA,,,no_article_found,
UBOS,parish,RWEIMIRIRO WARD,NTUNGAMO,RUBAARE TOWN COUNCIL,,,no_article_found,
UBOS,parish,RWEMIRIRO,NTUNGAMO,RUHAAMA EAST,,,no_article_found,
UBOS,parish,RWENANURA WARD,NTUNGAMO,KAKUKURU-RWENANURA TOWN COUNCI,,,no_article_found,
UBOS,parish,RWENGOMA,NTUNGAMO,RUHAAMA,,,no_article_found,
UBOS,parish,AGONGA,NWOYA,KOCH-GOMA,,,no_article_found,
UBOS,parish,BAJERE,NWOYA,LUNGULU,,,no_article_found,
UBOS,parish,BAR LYEC,NWOYA,GOT APWOYO,,,no_article_found,
UBOS,parish,BUNGA WARD,NWOYA,PURONGO TOWN COUNCIL,,,no_article_found,
UBOS,parish,BWOBONAM,NWOYA,ALERO,,,no_article_found,
UBOS,parish,COO-ROM,NWOYA,KOCH-GOMA,,,no_article_found,
UBOS,parish,GEI WARD,NWOYA,KOCH GOMA TOWN COUNCIL,,,no_article_found,
UBOS,parish,GOMA KAL,NWOYA,KOCH-GOMA,,,no_article_found,
UBOS,parish,GOT RINGO,NWOYA,PAMINYAI,,,no_article_found,
UBOS,parish,KAL,NWOYA,ALERO,,,no_article_found,
UBOS,parish,KIBAR WARD,NWOYA,PURONGO TOWN COUNCIL,,,no_article_found,
UBOS,parish,LABYEI WARD,NWOYA,ANAKA TOWN COUNCIL,,,no_article_found,
UBOS,parish,LALAR,NWOYA,PAMINYAI,,,no_article_found,
UBOS,parish,LANGELE,NWOYA,LII,,,no_article_found,
UBOS,parish,LANGOL,NWOYA,PAMINYAI,,,no_article_found,
UBOS,parish,LAWORA WARD,NWOYA,PURONGO TOWN COUNCIL,,,no_article_found,
UBOS,parish,LEBNGEC,NWOYA,LUNGULU,,,no_article_found,
UBOS,parish,LII,NWOYA,LII,,,no_article_found,
UBOS,parish,LULYANGO,NWOYA,LUNGULU,,,no_article_found,
UBOS,parish,LUTUK,NWOYA,LII,,,no_article_found,
UBOS,parish,NYAMOKINO,NWOYA,LUNGULU,,,no_article_found,
UBOS,parish,OBIRA,NWOYA,GOT APWOYO,,,no_article_found,
UBOS,parish,OCAGA WARD,NWOYA,KOCH GOMA TOWN COUNCIL,,,no_article_found,
UBOS,parish,OKURA,NWOYA,ALERO,,,no_article_found,
UBOS,parish,OTEREM WARD,NWOYA,KOCH GOMA TOWN COUNCIL,,,no_article_found,
UBOS,parish,PABALI,NWOYA,ANAKA (PAYIRA),,,no_article_found,
UBOS,parish,PABIT,NWOYA,PURONGO,,,no_article_found,
UBOS,parish,PAMINOLANGO,NWOYA,GOT APWOYO,,,no_article_found,
UBOS,parish,PANGUR,NWOYA,PAMINYAI,,,no_article_found,
UBOS,parish,PANOKRAC,NWOYA,LUNGULU,,,no_article_found,
UBOS,parish,PANYABONO,NWOYA,ALERO,,,no_article_found,
UBOS,parish,PATIRA,NWOYA,PURONGO,,,no_article_found,
UBOS,parish,PAWATOMERO,NWOYA,PURONGO,,,no_article_found,
UBOS,parish,TEGOT,NWOYA,GOT APWOYO,,,no_article_found,
UBOS,parish,TODORA,NWOYA,ANAKA (PAYIRA),,,no_article_found,
UBOS,parish,YWAYA,NWOYA,ANAKA (PAYIRA),,,no_article_found,
UBOS,parish,ALIBABITO,OBONGI,EWAFA,,,no_article_found,
UBOS,parish,ARINGAJOBI,OBONGI,ALIBA,,,no_article_found,
UBOS,parish,BASE CAMP ZONE,OBONGI,PALORINYA REFUGEE SETTLEMENT,,,no_article_found,
UBOS,parish,DEMGBELE,OBONGI,ITULA,,,no_article_found,
UBOS,parish,DILOKATA,OBONGI,EWAFA,,,no_article_found,
UBOS,parish,DRABIJO,OBONGI,ALIBA,,,no_article_found,
UBOS,parish,EWAFA,OBONGI,EWAFA,,,no_article_found,
UBOS,parish,FOLIGO,OBONGI,EWAFA,,,no_article_found,
UBOS,parish,INDILINGA,OBONGI,ALIBA,,,no_article_found,
UBOS,parish,KALI,OBONGI,ITULA,,,no_article_found,
UBOS,parish,KILAAMING,OBONGI,OBONGI TOWN COUNCIL,,,no_article_found,
UBOS,parish,LIONGA,OBONGI,OBONGI TOWN COUNCIL,,,no_article_found,
UBOS,parish,LIWA,OBONGI,GIMARA,,,no_article_found,
UBOS,parish,LOMUNGA,OBONGI,GIMARA,,,no_article_found,
UBOS,parish,MADUGA,OBONGI,GIMARA,,,no_article_found,
UBOS,parish,MALANGA,OBONGI,EWAFA,,,no_article_found,
UBOS,parish,MOROBI,OBONGI,ITULA,,,no_article_found,
UBOS,parish,NGUNGU,OBONGI,OBONGI TOWN COUNCIL,,,no_article_found,
UBOS,parish,ODONGA,OBONGI,ALIBA,,,no_article_found,
UBOS,parish,OTUBANGA,OBONGI,EWAFA,,,no_article_found,
UBOS,parish,PAALUJO,OBONGI,PALORINYA,,,no_article_found,
UBOS,parish,PALORINYA,OBONGI,PALORINYA,,,no_article_found,
UBOS,parish,RODO,OBONGI,ALIBA,,,no_article_found,
UBOS,parish,ROOMA,OBONGI,OBONGI TOWN COUNCIL,,,no_article_found,
UBOS,parish,UBBI,OBONGI,PALORINYA,,,no_article_found,
UBOS,parish,WAKA,OBONGI,ITULA,,,no_article_found,
UBOS,parish,YAKINEMIJI,OBONGI,OBONGI TOWN COUNCIL,,,no_article_found,
UBOS,parish,ZONE I,OBONGI,PALORINYA REFUGEE SETTLEMENT,,,no_article_found,
UBOS,parish,ZONE II,OBONGI,PALORINYA REFUGEE SETTLEMENT,,,no_article_found,
UBOS,parish,ZONE III EAST,OBONGI,PALORINYA REFUGEE SETTLEMENT,,,no_article_found,
UBOS,parish,ZONE III WEST,OBONGI,PALORINYA REFUGEE SETTLEMENT,,,no_article_found,
UBOS,parish,ABIGEDI,OMORO,LABORA,,,no_article_found,
UBOS,parish,ABUGA,OMORO,ABUGA,,,no_article_found,
UBOS,parish,ABWOCH,OMORO,ABUGA,,,no_article_found,
UBOS,parish,ALWII,OMORO,LAKWAYA,,,no_article_found,
UBOS,parish,BAROLAM WARD,OMORO,ACET TOWN COUNCIL,,,no_article_found,
UBOS,parish,BINYA,OMORO,ORAPWOYO,,,no_article_found,
UBOS,parish,BWOBO,OMORO,ABUGA,,,no_article_found,
UBOS,parish,DAWA,OMORO,ORAPWOYO,,,no_article_found,
UBOS,parish,DINO,OMORO,ODEK,,,no_article_found,
UBOS,parish,GEM,OMORO,LALOGI,,,no_article_found,
UBOS,parish,GUDU WARD,OMORO,PALENGA TOWN COUNCIL,,,no_article_found,
UBOS,parish,IBAKARA,OMORO,KORO,,,no_article_found,
UBOS,parish,IBAR WARD,OMORO,PALENGA TOWN COUNCIL,,,no_article_found,
UBOS,parish,IDOBO,OMORO,LALOGI,,,no_article_found,
UBOS,parish,IDURE,OMORO,LAKWAYA,,,no_article_found,
UBOS,parish,IRAA WARD,OMORO,PALENGA TOWN COUNCIL,,,no_article_found,
UBOS,parish,JAKA,OMORO,LALOGI,,,no_article_found,
UBOS,parish,KAL,OMORO,ONGAKO,,,no_article_found,
UBOS,parish,KECOKELLA,OMORO,AKIDI,,,no_article_found,
UBOS,parish,KIDIKAL,OMORO,BOBI,,,no_article_found,
UBOS,parish,KULU OTIT,OMORO,BOBI,,,no_article_found,
UBOS,parish,LABWOC,OMORO,KORO,,,no_article_found,
UBOS,parish,LAGARA,OMORO,KORO,,,no_article_found,
UBOS,parish,LAGUDE WARD,OMORO,OMORO TOWN COUNCIL,,,no_article_found,
UBOS,parish,LAMINCOBA WARD,OMORO,ACET TOWN COUNCIL,,,no_article_found,
UBOS,parish,LAMINLYEKA WARD,OMORO,OMORO TOWN COUNCIL,,,no_article_found,
UBOS,parish,LAMINOBONG,OMORO,ORAPWOYO,,,no_article_found,
UBOS,parish,LAMINONAMI,OMORO,LALOGI,,,no_article_found,
UBOS,parish,LANENOBER,OMORO,LAKWANA,,,no_article_found,
UBOS,parish,LAPAINAT EAST,OMORO,LABORA,,,no_article_found,
UBOS,parish,LAPAINAT WEST,OMORO,LABORA,,,no_article_found,
UBOS,parish,LARWODO,OMORO,LABORA,,,no_article_found,
UBOS,parish,LOYOAJONGA,OMORO,LAKWAYA,,,no_article_found,
UBOS,parish,LUJORONGOLE,OMORO,LAKWANA,,,no_article_found,
UBOS,parish,LUKWIR,OMORO,LAKWAYA,,,no_article_found,
UBOS,parish,LUKWOR,OMORO,ORAPWOYO,,,no_article_found,
UBOS,parish,MINJA,OMORO,LALOGI,,,no_article_found,
UBOS,parish,ODUKU WARD,OMORO,PALENGA TOWN COUNCIL,,,no_article_found,
UBOS,parish,ODYAK WARD,OMORO,PALENGA TOWN COUNCIL,,,no_article_found,
UBOS,parish,OGWARI,OMORO,ORAPWOYO,,,no_article_found,
UBOS,parish,OLABO,OMORO,ONGAKO,,,no_article_found,
UBOS,parish,OLAM,OMORO,ODEK,,,no_article_found,
UBOS,parish,OMUNYCONG,OMORO,AREMO,,,no_article_found,
UBOS,parish,ONYONA,OMORO,ONGAKO,,,no_article_found,
UBOS,parish,OPONG,OMORO,ODEK,,,no_article_found,
UBOS,parish,ORATIDO WARD,OMORO,ACET TOWN COUNCIL,,,no_article_found,
UBOS,parish,ORYANG,OMORO,ORAPWOYO,,,no_article_found,
UBOS,parish,PAIDONGO,OMORO,BOBI,,,no_article_found,
UBOS,parish,PAIDWE,OMORO,BOBI,,,no_article_found,
UBOS,parish,PALWO,OMORO,AREMO,,,no_article_found,
UBOS,parish,PARAK,OMORO,AKIDI,,,no_article_found,
UBOS,parish,PARWECH WARD,OMORO,OMORO TOWN COUNCIL,,,no_article_found,
UBOS,parish,PATEK,OMORO,AREMO,,,no_article_found,
UBOS,parish,ROMKITUKU WARD,OMORO,ACET TOWN COUNCIL,,,no_article_found,
UBOS,parish,TE-GOT,OMORO,AKIDI,,,no_article_found,
UBOS,parish,TEKULU,OMORO,AREMO,,,no_article_found,
UBOS,parish,ABONGORWOT,OTUKE,ORUM,,,no_article_found,
UBOS,parish,ABONGOWER,OTUKE,OKWANG,,,no_article_found,
UBOS,parish,ABWOROYERE WARD,OTUKE,OKWONGO TOWN COUNCIL,,,no_article_found,
UBOS,parish,ACAN PII,OTUKE,OGWETTE,,,no_article_found,
UBOS,parish,ACOKE WARD,OTUKE,OKWONGO TOWN COUNCIL,,,no_article_found,
UBOS,parish,ADYERAKONYA,OTUKE,ADWARI,,,no_article_found,
UBOS,parish,AJUR,OTUKE,OGWETTE,,,no_article_found,
UBOS,parish,AKWERA WARD,OTUKE,ADWARI TOWN COUNCIL,,,no_article_found,
UBOS,parish,ALAI WARD,OTUKE,OTUKE TOWN COUNCIL,,,no_article_found,
UBOS,parish,ALANGI,OTUKE,ORUM,,,no_article_found,
UBOS,parish,ALIR,OTUKE,OGWETTE,,,no_article_found,
UBOS,parish,ALIWANG WARD,OTUKE,ADWARI TOWN COUNCIL,,,no_article_found,
UBOS,parish,ALULA,OTUKE,OLILIM,,,no_article_found,
UBOS,parish,AMINTENYO,OTUKE,ALANGO,,,no_article_found,
UBOS,parish,AMOYAI,OTUKE,BARJOBI,,,no_article_found,
UBOS,parish,AMUNGA,OTUKE,OGWETTE,,,no_article_found,
UBOS,parish,ANEPKIDE,OTUKE,OLILIM,,,no_article_found,
UBOS,parish,ANEPMOROTO,OTUKE,ORUM,,,no_article_found,
UBOS,parish,ANGETTA,OTUKE,OLILIM,,,no_article_found,
UBOS,parish,ANYALIMA,OTUKE,OGOR,,,no_article_found,
UBOS,parish,APALAMIO WARD,OTUKE,OLILIM TOWN COUNCIL,,,no_article_found,
UBOS,parish,ARWOTNGO,OTUKE,OKWANG,,,no_article_found,
UBOS,parish,ATANGWATA,OTUKE,OGOR,,,no_article_found,
UBOS,parish,ATING,OTUKE,ORUM,,,no_article_found,
UBOS,parish,ATIRA,OTUKE,OGWETTE,,,no_article_found,
UBOS,parish,AWEAYELA,OTUKE,ALANGO,,,no_article_found,
UBOS,parish,AWEE WARD,OTUKE,OLILIM TOWN COUNCIL,,,no_article_found,
UBOS,parish,BARJOBI,OTUKE,BARJOBI,,,no_article_found,
UBOS,parish,BARJOBI WEST WARD,OTUKE,BARJOBI TOWN COUNCIL,,,no_article_found,
UBOS,parish,BAROCOK,OTUKE,BARJOBI,,,no_article_found,
UBOS,parish,BARODUGU WARD,OTUKE,OTUKE TOWN COUNCIL,,,no_article_found,
UBOS,parish,GOTOJWANG,OTUKE,OLILIM,,,no_article_found,
UBOS,parish,OGET WARD,OTUKE,OTUKE TOWN COUNCIL,,,no_article_found,
UBOS,parish,OGORO,OTUKE,BARJOBI,,,no_article_found,
UBOS,parish,OKEE,OTUKE,ADWARI,,,no_article_found,
UBOS,parish,OKWII WARD,OTUKE,OKWANG TOWN COUNCIL,,,no_article_found,
UBOS,parish,OKWONGO WARD,OTUKE,OKWONGO TOWN COUNCIL,,,no_article_found,
UBOS,parish,OLAROKWON,OTUKE,ADWARI,,,no_article_found,
UBOS,parish,OLEC WARD,OTUKE,OTUKE TOWN COUNCIL,,,no_article_found,
UBOS,parish,OLURO,OTUKE,OGOR,,,no_article_found,
UBOS,parish,OLWORNGU,OTUKE,OKWANG,,,no_article_found,
UBOS,parish,OMITO WARD,OTUKE,ADWARI TOWN COUNCIL,,,no_article_found,
UBOS,parish,OMWONYLEE,OTUKE,OGOR,,,no_article_found,
UBOS,parish,OPEJAL,OTUKE,OKWANG,,,no_article_found,
UBOS,parish,OTAL WARD,OTUKE,ADWARI TOWN COUNCIL,,,no_article_found,
UBOS,parish,OTONGERE WARD,OTUKE,BARJOBI TOWN COUNCIL,,,no_article_found,
UBOS,parish,OWANGOKADO WARD,OTUKE,OKWONGO TOWN COUNCIL,,,no_article_found,
UBOS,parish,OWINYO WARD,OTUKE,OLILIM TOWN COUNCIL,,,no_article_found,
UBOS,parish,YABWANGI WARD,OTUKE,OKWANG TOWN COUNCIL,,,no_article_found,
UBOS,parish,ABANYA,OYAM,ACABA,,,no_article_found,
UBOS,parish,ABELA,OYAM,ALEKA,,,no_article_found,
UBOS,parish,ACANPII,OYAM,LORO,,,no_article_found,
UBOS,parish,ACENO WARD,OYAM,MINAKULU TOWN COUNCIL,,,no_article_found,
UBOS,parish,ACIMI,OYAM,MYENE,,,no_article_found,
UBOS,parish,ACOKARA,OYAM,OTWAL,,,no_article_found,
UBOS,parish,ACUT,OYAM,NGAI,,,no_article_found,
UBOS,parish,ADEL,OYAM,MINAKULU,,,no_article_found,
UBOS,parish,ADEL WARD,OYAM,MINAKULU TOWN COUNCIL,,,no_article_found,
UBOS,parish,ADER,OYAM,OTWAL,,,no_article_found,
UBOS,parish,ADIGO,OYAM,LORO,,,no_article_found,
UBOS,parish,ADYEGI,OYAM,ABER,,,no_article_found,
UBOS,parish,AGULURUDE,OYAM,LORO,,,no_article_found,
UBOS,parish,AGWAR,OYAM,ALEKA,,,no_article_found,
UBOS,parish,AJERIJERI,OYAM,ABOK,,,no_article_found,
UBOS,parish,AJUL,OYAM,ALEKA,,,no_article_found,
UBOS,parish,AKAKA,OYAM,ABER,,,no_article_found,
UBOS,parish,AKUCA,OYAM,NGAI,,,no_article_found,
UBOS,parish,ALIDI,OYAM,LORO,,,no_article_found,
UBOS,parish,ALONI,OYAM,ICEME,,,no_article_found,
UBOS,parish,ALUTKOT,OYAM,LORO,,,no_article_found,
UBOS,parish,AMUKUGUNGU,OYAM,OTWAL,,,no_article_found,
UBOS,parish,AMWA,OYAM,MYENE,,,no_article_found,
UBOS,parish,ANGOM,OYAM,ICEME,,,no_article_found,
UBOS,parish,ANGWETA,OYAM,ICEME,,,no_article_found,
UBOS,parish,ANYEKE,OYAM,ACABA,,,no_article_found,
UBOS,parish,ANYOMOLYEC,OYAM,OTWAL,,,no_article_found,
UBOS,parish,ARIBA,OYAM,ABOK,,,no_article_found,
UBOS,parish,ATEK WARD,OYAM,MINAKULU TOWN COUNCIL,,,no_article_found,
UBOS,parish,ATEKOBER,OYAM,ACABA,,,no_article_found,
UBOS,parish,ATURA,OYAM,ABER,,,no_article_found,
UBOS,parish,AUNGU,OYAM,ICEME,,,no_article_found,
UBOS,parish,AWIO,OYAM,ICEME,,,no_article_found,
UBOS,parish,BAR,OYAM,ABOK,,,no_article_found,
UBOS,parish,BARRIO,OYAM,ABOK,,,no_article_found,
UBOS,parish,CENTRAL WARD,OYAM,LORO TOWN COUNCIL,,,no_article_found,
UBOS,parish,DOGAPIO,OYAM,ACABA,,,no_article_found,
UBOS,parish,ITUBARA,OYAM,ABOK,,,no_article_found,
UBOS,parish,JUMA,OYAM,KAMDINI,,,no_article_found,
UBOS,parish,KULAKULA,OYAM,NGAI,,,no_article_found,
UBOS,parish,KULUABURA,OYAM,MINAKULU,,,no_article_found,
UBOS,parish,OBANGA NGEO,OYAM,ACABA,,,no_article_found,
UBOS,parish,OCINI,OYAM,KAMDINI,,,no_article_found,
UBOS,parish,OGWANGAPUR,OYAM,ACABA,,,no_article_found,
UBOS,parish,OKII,OYAM,OTWAL,,,no_article_found,
UBOS,parish,OKOMO,OYAM,NGAI,,,no_article_found,
UBOS,parish,OKULE WARD,OYAM,MINAKULU TOWN COUNCIL,,,no_article_found,
UBOS,parish,OKWIR,OYAM,ICEME,,,no_article_found,
UBOS,parish,OMACH,OYAM,NGAI,,,no_article_found,
UBOS,parish,OMIRI,OYAM,ICEME,,,no_article_found,
UBOS,parish,OMOLO,OYAM,ICEME,,,no_article_found,
UBOS,parish,OMOLO WARD,OYAM,MINAKULU TOWN COUNCIL,,,no_article_found,
UBOS,parish,OPELERE,OYAM,LORO,,,no_article_found,
UBOS,parish,OPUK,OYAM,MINAKULU,,,no_article_found,
UBOS,parish,ORUPO,OYAM,ICEME,,,no_article_found,
UBOS,parish,OYORO,OYAM,MYENE,,,no_article_found,
UBOS,parish,PUKICA,OYAM,KAMDINI,,,no_article_found,
UBOS,parish,WANGLOBO,OYAM,OTWAL,,,no_article_found,
UBOS,parish,WIRAO,OYAM,ABER,,,no_article_found,
UBOS,parish,ZAMBIA,OYAM,KAMDINI,,,no_article_found,
UBOS,parish,ZUMA,OYAM,MYENE,,,no_article_found,
UBOS,parish,ACORO WARD,PADER,PADER TOWN COUNCIL,,,no_article_found,
UBOS,parish,ACUMU WARD,PADER,ACHOLI - BUR TOWN COUNCIL,,,no_article_found,
UBOS,parish,AGWEL,PADER,PURANGA,,,no_article_found,
UBOS,parish,ALIM,PADER,LAPUL,,,no_article_found,
UBOS,parish,ALIMA,PADER,POROGALI,,,no_article_found,
UBOS,parish,ANGOLE,PADER,AWERE,,,no_article_found,
UBOS,parish,APWOR,PADER,PURANGA,,,no_article_found,
UBOS,parish,ATEDE,PADER,AWERE,,,no_article_found,
UBOS,parish,ATO,PADER,BONGTIKO,,,no_article_found,
UBOS,parish,AWALMON WARD,PADER,PAJULE TOWN COUNCIL,,,no_article_found,
UBOS,parish,AWEE,PADER,POROGALI,,,no_article_found,
UBOS,parish,BUR-LOBO,PADER,ANGAGURA,,,no_article_found,
UBOS,parish,GEM-CENTRAL WARD,PADER,ACHOLI - BUR TOWN COUNCIL,,,no_article_found,
UBOS,parish,GEM-ONYOT,PADER,ACHOLI-BUR,,,no_article_found,
UBOS,parish,GINNERY WARD,PADER,PURANGA TOWN COUNCIL,,,no_article_found,
UBOS,parish,GOJANI WARD,PADER,ATANGA TOWN COUNCIL,,,no_article_found,
UBOS,parish,GOLO,PADER,LATANYA,,,no_article_found,
UBOS,parish,GOT OKONG,PADER,ACHOLI-BUR,,,no_article_found,
UBOS,parish,GULALELA,PADER,BONGTIKO,,,no_article_found,
UBOS,parish,GULNAM,PADER,OGOM,,,no_article_found,
UBOS,parish,GWILI WARD,PADER,PAJULE TOWN COUNCIL,,,no_article_found,
UBOS,parish,KAL,PADER,AWERE,,,no_article_found,
UBOS,parish,KAL ANGORE,PADER,PUKOR,,,no_article_found,
UBOS,parish,KAL WARD,PADER,ACHOLI - BUR TOWN COUNCIL,,,no_article_found,
UBOS,parish,KAL WARD,PADER,ATANGA TOWN COUNCIL,,,no_article_found,
UBOS,parish,KALAWINYA,PADER,ANGAGURA,,,no_article_found,
UBOS,parish,KILIM,PADER,LAGUTI,,,no_article_found,
UBOS,parish,KINENI,PADER,PUKOR,,,no_article_found,
UBOS,parish,KINO,PADER,LATANYA,,,no_article_found,
UBOS,parish,KOYO,PADER,LAPUL,,,no_article_found,
UBOS,parish,LABONGO GURU WARD,PADER,ATANGA TOWN COUNCIL,,,no_article_found,
UBOS,parish,LAGILE,PADER,LUNYIRI,,,no_article_found,
UBOS,parish,LAGWAI WARD,PADER,PADER TOWN COUNCIL,,,no_article_found,
UBOS,parish,LAJENG,PADER,LAGUTI,,,no_article_found,
UBOS,parish,LAKOGA,PADER,TE-NAM,,,no_article_found,
UBOS,parish,LAMIN NYIM,PADER,POROGALI,,,no_article_found,
UBOS,parish,LAMINAJIKO,PADER,PURANGA,,,no_article_found,
UBOS,parish,LAMINOCWIDA,PADER,PURANGA,,,no_article_found,
UBOS,parish,LAPYEM,PADER,LAGUTI,,,no_article_found,
UBOS,parish,LATAYI,PADER,POROGALI,,,no_article_found,
UBOS,parish,LATIGI,PADER,POROGALI,,,no_article_found,
UBOS,parish,LATUTURU WARD,PADER,PAJULE TOWN COUNCIL,,,no_article_found,
UBOS,parish,LAWIYE ADUL,PADER,ATANGA,,,no_article_found,
UBOS,parish,LUKACI,PADER,LAPUL,,,no_article_found,
UBOS,parish,LUNA WARD,PADER,PADER TOWN COUNCIL,,,no_article_found,
UBOS,parish,MISSION WARD,PADER,PURANGA TOWN COUNCIL,,,no_article_found,
UBOS,parish,NGEKIDI,PADER,LATANYA,,,no_article_found,
UBOS,parish,NGOTO,PADER,ATANGA,,,no_article_found,
UBOS,parish,ODUM,PADER,PURANGA,,,no_article_found,
UBOS,parish,OGAGO,PADER,ACHOLI-BUR,,,no_article_found,
UBOS,parish,OGAGO,PADER,PAIULA,,,no_article_found,
UBOS,parish,OGOLE,PADER,BONGTIKO,,,no_article_found,
UBOS,parish,OGWIL,PADER,PADER,,,no_article_found,
UBOS,parish,OLAM,PADER,PUKOR,,,no_article_found,
UBOS,parish,OMEDA,PADER,ACHOLI-BUR,,,no_article_found,
UBOS,parish,OMOGI,PADER,BONGTIKO,,,no_article_found,
UBOS,parish,ONGANY,PADER,PADER,,,no_article_found,
UBOS,parish,OPATE,PADER,ATANGA,,,no_article_found,
UBOS,parish,OPOK ROM,PADER,LUNYIRI,,,no_article_found,
UBOS,parish,ORET,PADER,PURANGA,,,no_article_found,
UBOS,parish,ORYANG,PADER,PAJULE,,,no_article_found,
UBOS,parish,OTOK,PADER,PAJULE,,,no_article_found,
UBOS,parish,OTONG,PADER,OGOM,,,no_article_found,
UBOS,parish,OWELLE,PADER,OGOM,,,no_article_found,
UBOS,parish,PAGOL WARD,PADER,PAJULE TOWN COUNCIL,,,no_article_found,
UBOS,parish,PAIBWOR,PADER,AJAN,,,no_article_found,
UBOS,parish,PAIULA,PADER,PAIULA,,,no_article_found,
UBOS,parish,PAKEYO,PADER,AJAN,,,no_article_found,
UBOS,parish,PALWO,PADER,PAIULA,,,no_article_found,
UBOS,parish,PARWECH,PADER,TE-NAM,,,no_article_found,
UBOS,parish,PIDA WARD,PADER,PURANGA TOWN COUNCIL,,,no_article_found,
UBOS,parish,PUCOTA,PADER,ANGAGURA,,,no_article_found,
UBOS,parish,PUKOR,PADER,PUKOR,,,no_article_found,
UBOS,parish,PUNGOLE,PADER,ANGAGURA,,,no_article_found,
UBOS,parish,RACKOKO,PADER,LUNYIRI,,,no_article_found,
UBOS,parish,TEE-OKUTU,PADER,TE-NAM,,,no_article_found,
UBOS,parish,TEOBULE WARD,PADER,PURANGA TOWN COUNCIL,,,no_article_found,
UBOS,parish,TUMALYEC,PADER,LAGUTI,,,no_article_found,
UBOS,parish,TYER,PADER,PADER,,,no_article_found,
UBOS,parish,WANGLOBO,PADER,BONGTIKO,,,no_article_found,
UBOS,parish,WII GWENG,PADER,ACHOLI-BUR,,,no_article_found,
UBOS,parish,WIPOLO,PADER,AJAN,,,no_article_found,
UBOS,parish,AMOR EAST WARD,PAKWACH,PAKWACH TOWN COUNCIL,,,no_article_found,
UBOS,parish,AMOR WEST WARD,PAKWACH,PAKWACH TOWN COUNCIL,,,no_article_found,
UBOS,parish,AMOROPII,PAKWACH,PANYIMUR,,,no_article_found,
UBOS,parish,ANDIBO,PAKWACH,PANYANGO,,,no_article_found,
UBOS,parish,ANGUMU WARD,PAKWACH,PANYIMUR TOWN COUNCIL,,,no_article_found,
UBOS,parish,BORO,PAKWACH,PANYIMUR,,,no_article_found,
UBOS,parish,CENTRAL WARD,PAKWACH,PANYIMUR TOWN COUNCIL,,,no_article_found,
UBOS,parish,DEI,PAKWACH,DEI,,,no_article_found,
UBOS,parish,FUALWONGA,PAKWACH,ALWI,,,no_article_found,
UBOS,parish,GANDA WARD,PAKWACH,PANYIMUR TOWN COUNCIL,,,no_article_found,
UBOS,parish,GOTRAU,PAKWACH,DEI,,,no_article_found,
UBOS,parish,JANAMORWENYO,PAKWACH,POKWERO,,,no_article_found,
UBOS,parish,KIVUJE,PAKWACH,PANYIMUR,,,no_article_found,
UBOS,parish,LOBODEGI,PAKWACH,POKWERO,,,no_article_found,
UBOS,parish,MARAMA,PAKWACH,PANYIMUR,,,no_article_found,
UBOS,parish,MUKALE,PAKWACH,PAKWACH,,,no_article_found,
UBOS,parish,MUTIR,PAKWACH,WADELAI,,,no_article_found,
UBOS,parish,NYAKAGEI WARD,PAKWACH,PANYIMUR TOWN COUNCIL,,,no_article_found,
UBOS,parish,NYAKIRO,PAKWACH,PANYIMUR,,,no_article_found,
UBOS,parish,NYAKUMBA,PAKWACH,RAGEM,,,no_article_found,
UBOS,parish,OCEKE,PAKWACH,POKWERO,,,no_article_found,
UBOS,parish,OGUTA,PAKWACH,DEI,,,no_article_found,
UBOS,parish,OJIGO,PAKWACH,WADELAI,,,no_article_found,
UBOS,parish,OLYEJO,PAKWACH,PAKWACH,,,no_article_found,
UBOS,parish,ONGWELLE,PAKWACH,WADELAI,,,no_article_found,
UBOS,parish,OWOI,PAKWACH,POKWERO,,,no_article_found,
UBOS,parish,PACEGO,PAKWACH,PANYANGO,,,no_article_found,
UBOS,parish,PACER,PAKWACH,PANYANGO,,,no_article_found,
UBOS,parish,PADOCH,PAKWACH,PANYANGO,,,no_article_found,
UBOS,parish,PAKIA,PAKWACH,PANYANGO,,,no_article_found,
UBOS,parish,PAKWINYO,PAKWACH,WADELAI,,,no_article_found,
UBOS,parish,PAMITU,PAKWACH,PANYANGO,,,no_article_found,
UBOS,parish,PANGIETH,PAKWACH,ALWI,,,no_article_found,
UBOS,parish,PAROKETO,PAKWACH,PAKWACH,,,no_article_found,
UBOS,parish,POKWERO,PAKWACH,POKWERO,,,no_article_found,
UBOS,parish,POKWERO EAST,PAKWACH,POKWERO,,,no_article_found,
UBOS,parish,PUMIT,PAKWACH,WADELAI,,,no_article_found,
UBOS,parish,PUMVUGA,PAKWACH,PANYANGO,,,no_article_found,
UBOS,parish,PUVUNGU CENTRAL WARD,PAKWACH,PAKWACH TOWN COUNCIL,,,no_article_found,
UBOS,parish,PUVUNGU EAST WARD,PAKWACH,PAKWACH TOWN COUNCIL,,,no_article_found,
UBOS,parish,PUVUNGU WEST WARD,PAKWACH,PAKWACH TOWN COUNCIL,,,no_article_found,
UBOS,parish,RAGEM LOWER,PAKWACH,RAGEM,,,no_article_found,
UBOS,parish,RAGEM UPPER,PAKWACH,RAGEM,,,no_article_found,
UBOS,parish,ADAL,PALLISA,KAUKURA,,,no_article_found,
UBOS,parish,ADODOI,PALLISA,CHELEKURA,,,no_article_found,
UBOS,parish,AGURUR WARD,PALLISA,KIBALE TOWN COUNCIL,,,no_article_found,
UBOS,parish,AJEPET,PALLISA,GOGONYO,,,no_article_found,
UBOS,parish,AKADOT,PALLISA,PALLISA,,,no_article_found,
UBOS,parish,AKUORO,PALLISA,GOGONYO,,,no_article_found,
UBOS,parish,AKWAMORU,PALLISA,CHELEKURA,,,no_article_found,
UBOS,parish,AMONI,PALLISA,OBUTET,,,no_article_found,
UBOS,parish,ANGODI,PALLISA,GOGONYO,,,no_article_found,
UBOS,parish,ANGOLOLO,PALLISA,APOPONG,,,no_article_found,
UBOS,parish,APAPA,PALLISA,OLOK,,,no_article_found,
UBOS,parish,APUNA WARD,PALLISA,KIBALE TOWN COUNCIL,,,no_article_found,
UBOS,parish,AUJABULE,PALLISA,KAUKURA,,,no_article_found,
UBOS,parish,BOLISO,PALLISA,BOLISO,,,no_article_found,
UBOS,parish,BOLISO I,PALLISA,BOLISO,,,no_article_found,
UBOS,parish,BOLISO II,PALLISA,KAMUGE,,,no_article_found,
UBOS,parish,BUDABULA,PALLISA,PUTI-PUTI,,,no_article_found,
UBOS,parish,BUKADUKA WARD,PALLISA,KAMUGE TOWN COUNCIL,,,no_article_found,
UBOS,parish,CHELEKURA,PALLISA,CHELEKURA,,,no_article_found,
UBOS,parish,EASTWARD,PALLISA,PALLISA TOWN COUNCIL,,,no_article_found,
UBOS,parish,HOSPITAL WARD,PALLISA,PALLISA TOWN COUNCIL,,,no_article_found,
UBOS,parish,KABOLOI,PALLISA,PALLISA,,,no_article_found,
UBOS,parish,KACHANGO,PALLISA,GOGONYO,,,no_article_found,
UBOS,parish,KADESOK,PALLISA,OPWATETA,,,no_article_found,
UBOS,parish,KADODIO WARD,PALLISA,AGULE TOWN COUNCIL,,,no_article_found,
UBOS,parish,KADUMIRE,PALLISA,APOPONG,,,no_article_found,
UBOS,parish,KAGOLI,PALLISA,KAMUGE,,,no_article_found,
UBOS,parish,KAGOLI,PALLISA,PALLISA,,,no_article_found,
UBOS,parish,KAGWESE WARD,PALLISA,PALLISA TOWN COUNCIL,,,no_article_found,
UBOS,parish,KAINJA,PALLISA,KASODO,,,no_article_found,
UBOS,parish,KAKURACH,PALLISA,KAUKURA,,,no_article_found,
UBOS,parish,KALEMEN,PALLISA,CHELEKURA,,,no_article_found,
UBOS,parish,KAPALA,PALLISA,APOPONG,,,no_article_found,
UBOS,parish,KAPUWAI,PALLISA,OPWATETA,,,no_article_found,
UBOS,parish,KATEKI,PALLISA,OBOLISO,,,no_article_found,
UBOS,parish,KATUKEI,PALLISA,KAUKURA,,,no_article_found,
UBOS,parish,KAUCHO WARD,PALLISA,PALLISA TOWN COUNCIL,,,no_article_found,
UBOS,parish,KAUKURA,PALLISA,KAUKURA,,,no_article_found,
UBOS,parish,KINOMU,PALLISA,OBOLISO,,,no_article_found,
UBOS,parish,KOBUIN,PALLISA,AKISIM,,,no_article_found,
UBOS,parish,KOMOLO B,PALLISA,KAMEKE,,,no_article_found,
UBOS,parish,KOMOLOMANGA,PALLISA,KAMEKE,,,no_article_found,
UBOS,parish,KWARIKWARI,PALLISA,KAMEKE,,,no_article_found,
UBOS,parish,LIMOTO,PALLISA,BOLISO,,,no_article_found,
UBOS,parish,MORUKOKUME,PALLISA,AGULE TOWN COUNCIL,,,no_article_found,
UBOS,parish,MPONGI,PALLISA,PUTI-PUTI,,,no_article_found,
UBOS,parish,MPUMWIRE WARD,PALLISA,KAMUGE TOWN COUNCIL,,,no_article_found,
UBOS,parish,NAGULE,PALLISA,PUTI-PUTI,,,no_article_found,
UBOS,parish,NAJENETI,PALLISA,KASODO,,,no_article_found,
UBOS,parish,NANGODI,PALLISA,KASODO,,,no_article_found,
UBOS,parish,NGALWE,PALLISA,OLOK,,,no_article_found,
UBOS,parish,NYAKOI,PALLISA,KAMEKE,,,no_article_found,
UBOS,parish,OBOLISO,PALLISA,OBOLISO,,,no_article_found,
UBOS,parish,OBOLISO KOMOLO,PALLISA,OBOLISO,,,no_article_found,
UBOS,parish,OBUTETE,PALLISA,OBUTET,,,no_article_found,
UBOS,parish,OBWANAI,PALLISA,APOPONG,,,no_article_found,
UBOS,parish,ODUSAI WARD,PALLISA,AGULE TOWN COUNCIL,,,no_article_found,
UBOS,parish,ODWARAT,PALLISA,OLOK,,,no_article_found,
UBOS,parish,OGORIA,PALLISA,BOLISO,,,no_article_found,
UBOS,parish,OKARACHA,PALLISA,OPWATETA,,,no_article_found,
UBOS,parish,OKISIRAN,PALLISA,AKISIM,,,no_article_found,
UBOS,parish,OKUNGURO,PALLISA,AGULE,,,no_article_found,
UBOS,parish,OKWII,PALLISA,GOGONYO,,,no_article_found,
UBOS,parish,OLUWA,PALLISA,GOGONYO,,,no_article_found,
UBOS,parish,OMAULON WARD,PALLISA,KIBALE TOWN COUNCIL,,,no_article_found,
UBOS,parish,OMOTOI,PALLISA,OBOLISO,,,no_article_found,
UBOS,parish,OMUKULAI WARD,PALLISA,KIBALE TOWN COUNCIL,,,no_article_found,
UBOS,parish,OMUROKA,PALLISA,KAMEKE,,,no_article_found,
UBOS,parish,OPADOI,PALLISA,AKISIM,,,no_article_found,
UBOS,parish,OPETA,PALLISA,OBUTET,,,no_article_found,
UBOS,parish,OPOGONO WARD,PALLISA,KIBALE TOWN COUNCIL,,,no_article_found,
UBOS,parish,OTAMIRIO WARD,PALLISA,KIBALE TOWN COUNCIL,,,no_article_found,
UBOS,parish,OTELEPAI WARD,PALLISA,KIBALE TOWN COUNCIL,,,no_article_found,
UBOS,parish,OUKOT,PALLISA,GOGONYO,,,no_article_found,
UBOS,parish,PASIA WARD,PALLISA,AGULE TOWN COUNCIL,,,no_article_found,
UBOS,parish,WEST WARD,PALLISA,PALLISA TOWN COUNCIL,,,no_article_found,
UBOS,parish,BBALE,RAKAI,KIBANDA,,,no_article_found,
UBOS,parish,BITABAGO,RAKAI,LWANDA,,,no_article_found,
UBOS,parish,BUGONA,RAKAI,LWAMAGGWA,,,no_article_found,
UBOS,parish,BUYAMBA,RAKAI,DDWANIRO,,,no_article_found,
UBOS,parish,DYANGO WARD,RAKAI,DYANGO TOWN COUNCIL,,,no_article_found,
UBOS,parish,KABALA,RAKAI,KIFAMBA,,,no_article_found,
UBOS,parish,KABIGO WARD,RAKAI,KIBAALE TOWN COUNCIL,,,no_article_found,
UBOS,parish,KABUSOTTA,RAKAI,LWAMAGGWA,,,no_article_found,
UBOS,parish,KAJJU,RAKAI,KACHEERA,,,no_article_found,
UBOS,parish,KAKUNDI,RAKAI,LWAMAGGWA,,,no_article_found,
UBOS,parish,KAKUNDI WARD,RAKAI,LWAMAGGWA TOWN COUNCIL,,,no_article_found,
UBOS,parish,KALEERE,RAKAI,DDWANIRO,,,no_article_found,
UBOS,parish,KALWAYI WARD,RAKAI,MWERUKA TOWN COUNCIL,,,no_article_found,
UBOS,parish,KAMUKALO,RAKAI,BYAKABANDA,,,no_article_found,
UBOS,parish,KASANKALA,RAKAI,KASANKALA,,,no_article_found,
UBOS,parish,KASULA,RAKAI,KYALULANGIRA,,,no_article_found,
UBOS,parish,KATATENGA,RAKAI,KACHEERA,,,no_article_found,
UBOS,parish,KATUNTU WARD,RAKAI,RAKAI TOWN COUNCIL,,,no_article_found,
UBOS,parish,KAWUNGULI,RAKAI,KIFAMBA,,,no_article_found,
UBOS,parish,KIBONA WARD,RAKAI,RAKAI TOWN COUNCIL,,,no_article_found,
UBOS,parish,KIBULIRO WARD,RAKAI,NTANTAMUKI TOWN COUNCIL,,,no_article_found,
UBOS,parish,KIBUUKA,RAKAI,LWAMAGGWA,,,no_article_found,
UBOS,parish,KIJONJO,RAKAI,KIZIBA TOWN COUNCIL,,,no_article_found,
UBOS,parish,KIKARABO WARD,RAKAI,DYANGO TOWN COUNCIL,,,no_article_found,
UBOS,parish,KIMULI WARD,RAKAI,LWENTULEGE TOWN COUNCIL,,,no_article_found,
UBOS,parish,KIRANGIRA,RAKAI,KASANKALA,,,no_article_found,
UBOS,parish,KISAASA,RAKAI,KIFAMBA,,,no_article_found,
UBOS,parish,KISOVU WARD,RAKAI,DYANGO TOWN COUNCIL,,,no_article_found,
UBOS,parish,KITAASA,RAKAI,BYAKABANDA,,,no_article_found,
UBOS,parish,KIWEEKA WARD,RAKAI,LWAMAGGWA TOWN COUNCIL,,,no_article_found,
UBOS,parish,KIYOVU,RAKAI,LWANDA,,,no_article_found,
UBOS,parish,KIYUMBAKIMU,RAKAI,KASANKALA,,,no_article_found,
UBOS,parish,KIZINGA,RAKAI,KYALULANGIRA,,,no_article_found,
UBOS,parish,KONGOTA,RAKAI,KASANKALA,,,no_article_found,
UBOS,parish,KYABIGONDO,RAKAI,LWAMAGGWA,,,no_article_found,
UBOS,parish,KYALUGABA,RAKAI,KIBANDA,,,no_article_found,
UBOS,parish,KYAMAKANAGA,RAKAI,KASANKALA,,,no_article_found,
UBOS,parish,LUBIMBA WARD,RAKAI,LWAMAGGWA TOWN COUNCIL,,,no_article_found,
UBOS,parish,LUKERERE,RAKAI,KIZIBA,,,no_article_found,
UBOS,parish,LWABAKOOBA,RAKAI,KAGAMBA,,,no_article_found,
UBOS,parish,LWAKALOLO,RAKAI,DDWANIRO,,,no_article_found,
UBOS,parish,LWANGA,RAKAI,KACHEERA,,,no_article_found,
UBOS,parish,LWENTULEGE WARD,RAKAI,LWENTULEGE TOWN COUNCIL,,,no_article_found,
UBOS,parish,LYAKISANA,RAKAI,KACHEERA,,,no_article_found,
UBOS,parish,MAGABIRANA WARD,RAKAI,MWERUKA TOWN COUNCIL,,,no_article_found,
UBOS,parish,MUGABI WARD,RAKAI,NTANTAMUKI TOWN COUNCIL,,,no_article_found,
UBOS,parish,MWERUKA WARD,RAKAI,LWENTULEGE TOWN COUNCIL,,,no_article_found,
UBOS,parish,MWERUKA WARD,RAKAI,MWERUKA TOWN COUNCIL,,,no_article_found,
UBOS,parish,NDAGGA,RAKAI,KIZIBA,,,no_article_found,
UBOS,parish,NTANTAMUKI WARD,RAKAI,NTANTAMUKI TOWN COUNCIL,,,no_article_found,
UBOS,parish,NYANJA WARD,RAKAI,MWERUKA TOWN COUNCIL,,,no_article_found,
UBOS,parish,RWAKAKARA,RAKAI,KIZIBA TOWN COUNCIL,,,no_article_found,
UBOS,parish,RWAMBAJJO WARD,RAKAI,DYANGO TOWN COUNCIL,,,no_article_found,
UBOS,parish,RWEIBARA,RAKAI,KIZIBA TOWN COUNCIL,,,no_article_found,
UBOS,parish,RWENSINGA,RAKAI,KIZIBA TOWN COUNCIL,,,no_article_found,
UBOS,parish,BIGUNGIRO,RUBANDA,NYAMWEERU,,,no_article_found,
UBOS,parish,BISHAKI WARD,RUBANDA,BUTARE-KATOJO TOWN COUNCIL,,,no_article_found,
UBOS,parish,BUHUMURIRO,RUBANDA,RUHIJA,,,no_article_found,
UBOS,parish,BUHUMURIRO WARD,RUBANDA,RUHIJA TOWN COUNCIL,,,no_article_found,
UBOS,parish,BUNYONYI VIEW WARD,RUBANDA,HAMUHAMBO TOWN COUNCIL,,,no_article_found,
UBOS,parish,BUSHUURA WARD,RUBANDA,HAMUHAMBO TOWN COUNCIL,,,no_article_found,
UBOS,parish,BUTUSI WARD,RUBANDA,HABUHUTU TOWN COUNCIL,,,no_article_found,
UBOS,parish,BWAYU,RUBANDA,NYAMWEERU,,,no_article_found,
UBOS,parish,BWEGYERERA WARD,RUBANDA,NSHANJARE TOWN COUNCIL,,,no_article_found,
UBOS,parish,HAMUTOORA WARD,RUBANDA,BUTARE-KATOJO TOWN COUNCIL,,,no_article_found,
UBOS,parish,IGOMANDA,RUBANDA,HAMURWA,,,no_article_found,
UBOS,parish,IHANGA,RUBANDA,BUBARE,,,no_article_found,
UBOS,parish,IKAMIRO,RUBANDA,MUKO,,,no_article_found,
UBOS,parish,KAARA,RUBANDA,MUKO,,,no_article_found,
UBOS,parish,KABERE,RUBANDA,MUKO,,,no_article_found,
UBOS,parish,KACEENAGA,RUBANDA,NYAMWEERU,,,no_article_found,
UBOS,parish,KACERERE WARD,RUBANDA,KACERERE TOWN COUNCIL,,,no_article_found,
UBOS,parish,KAGUNGA,RUBANDA,BUFUNDI,,,no_article_found,
UBOS,parish,KAKORE,RUBANDA,HAMURWA,,,no_article_found,
UBOS,parish,KANYABITARA,RUBANDA,HAMURWA TOWN COUNCIL,,,no_article_found,
UBOS,parish,KARENGYERE,RUBANDA,MUKO,,,no_article_found,
UBOS,parish,KARUKARA,RUBANDA,HAMURWA TOWN COUNCIL,,,no_article_found,
UBOS,parish,KASHEKYERA,RUBANDA,RUHIJA,,,no_article_found,
UBOS,parish,KASHEKYERA WARD,RUBANDA,RUHIJA TOWN COUNCIL,,,no_article_found,
UBOS,parish,KASHENYI,RUBANDA,BUBARE,,,no_article_found,
UBOS,parish,KIBUZIGYE,RUBANDA,BUBARE,,,no_article_found,
UBOS,parish,KIBUZIGYE WARD,RUBANDA,HAMUHAMBO TOWN COUNCIL,,,no_article_found,
UBOS,parish,KIGYEYO WARD,RUBANDA,RUBANDA TOWN COUNCIL,,,no_article_found,
UBOS,parish,KISHANJE,RUBANDA,BUFUNDI,,,no_article_found,
UBOS,parish,KITABUGIKA WARD,RUBANDA,HABUHUTU TOWN COUNCIL,,,no_article_found,
UBOS,parish,KITOJO,RUBANDA,RUHIJA,,,no_article_found,
UBOS,parish,KITOJO WARD,RUBANDA,BUBAARE TOWN COUNCIL,,,no_article_found,
UBOS,parish,KITOJO WARD,RUBANDA,RUHIJA TOWN COUNCIL,,,no_article_found,
UBOS,parish,KITOOMA WARD,RUBANDA,KASHASHA TOWN COUNCIL,,,no_article_found,
UBOS,parish,KIVUNGA WARD,RUBANDA,NSHANJARE TOWN COUNCIL,,,no_article_found,
UBOS,parish,KYENYI,RUBANDA,MUKO,,,no_article_found,
UBOS,parish,KYOKYEZO,RUBANDA,NYAMWEERU,,,no_article_found,
UBOS,parish,MURANDAMO WARD,RUBANDA,KASHASHA TOWN COUNCIL,,,no_article_found,
UBOS,parish,MURUHINGA WARD,RUBANDA,HABUHUTU TOWN COUNCIL,,,no_article_found,
UBOS,parish,MUSHANJE,RUBANDA,IKUMBA,,,no_article_found,
UBOS,parish,MUYANJE,RUBANDA,BUBAARE TOWN COUNCIL,,,no_article_found,
UBOS,parish,NANGARO,RUBANDA,HAMURWA TOWN COUNCIL,,,no_article_found,
UBOS,parish,NSHANJARE WARD,RUBANDA,NSHANJARE TOWN COUNCIL,,,no_article_found,
UBOS,parish,NTUNGAMO-BYEZA WARD,RUBANDA,BUTARE-KATOJO TOWN COUNCIL,,,no_article_found,
UBOS,parish,NYAKABUNGO WARD,RUBANDA,KASHASHA TOWN COUNCIL,,,no_article_found,
UBOS,parish,NYAKABUNGO WARD,RUBANDA,RUBANDA TOWN COUNCIL,,,no_article_found,
UBOS,parish,NYAMABARE,RUBANDA,IKUMBA,,,no_article_found,
UBOS,parish,NYAMATEMBE,RUBANDA,KACERERE TOWN COUNCIL,,,no_article_found,
UBOS,parish,NYAMIYAGA,RUBANDA,BUBAARE TOWN COUNCIL,,,no_article_found,
UBOS,parish,NYARUHANGA,RUBANDA,IKUMBA,,,no_article_found,
UBOS,parish,NYARUHANGA WARD,RUBANDA,RUBANDA TOWN COUNCIL,,,no_article_found,
UBOS,parish,NYARURAMBI,RUBANDA,MUKO,,,no_article_found,
UBOS,parish,NYARURAMBI WARD,RUBANDA,RUBANDA TOWN COUNCIL,,,no_article_found,
UBOS,parish,NYARUSHIJA WARD,RUBANDA,KACERERE TOWN COUNCIL,,,no_article_found,
UBOS,parish,RUHONWA,RUBANDA,HAMURWA,,,no_article_found,
UBOS,parish,RUREMBO WARD,RUBANDA,BUTARE-KATOJO TOWN COUNCIL,,,no_article_found,
UBOS,parish,SHEBEYA,RUBANDA,HAMURWA,,,no_article_found,
UBOS,parish,BUTOHA,RUBIRIZI,MAGAMBO,,,no_article_found,
UBOS,parish,BUZENGA,RUBIRIZI,RYERU,,,no_article_found,
UBOS,parish,KABETE WARD,RUBIRIZI,RUBIRIZI TOWN COUNCIL,,,no_article_found,
UBOS,parish,KACU WARD,RUBIRIZI,KATERERA TOWN COUNCIL,,,no_article_found,
UBOS,parish,KAKAARI,RUBIRIZI,KYABAKARA,,,no_article_found,
UBOS,parish,KASARARA WARD,RUBIRIZI,RUBIRIZI TOWN COUNCIL,,,no_article_found,
UBOS,parish,KASHAKA,RUBIRIZI,KATUNGURU,,,no_article_found,
UBOS,parish,KASHENYI,RUBIRIZI,RUTOTO,,,no_article_found,
UBOS,parish,KATAARA,RUBIRIZI,KICHWAMBA,,,no_article_found,
UBOS,parish,KIKUMBO,RUBIRIZI,KIRUGU,,,no_article_found,
UBOS,parish,KISHENYI,RUBIRIZI,KATUNGURU,,,no_article_found,
UBOS,parish,KYAMBURA,RUBIRIZI,KICHWAMBA,,,no_article_found,
UBOS,parish,KYANKARANGA,RUBIRIZI,KATANDA,,,no_article_found,
UBOS,parish,KYENZAZA,RUBIRIZI,KIRUGU,,,no_article_found,
UBOS,parish,MIRARIKYE,RUBIRIZI,KIRUGU,,,no_article_found,
UBOS,parish,MUBANDA,RUBIRIZI,RYERU,,,no_article_found,
UBOS,parish,MUGOGO,RUBIRIZI,RYERU,,,no_article_found,
UBOS,parish,MUGYERA,RUBIRIZI,KATANDA,,,no_article_found,
UBOS,parish,MUNYONYI,RUBIRIZI,KATANDA,,,no_article_found,
UBOS,parish,MUSHUMBA,RUBIRIZI,RYERU,,,no_article_found,
UBOS,parish,MWONGYERA,RUBIRIZI,KATERERA,,,no_article_found,
UBOS,parish,NDANGARA,RUBIRIZI,RYERU,,,no_article_found,
UBOS,parish,NDANGARO,RUBIRIZI,RUTOTO,,,no_article_found,
UBOS,parish,NDEKYE,RUBIRIZI,RYERU,,,no_article_found,
UBOS,parish,NDEKYE WARD,RUBIRIZI,RUBIRIZI TOWN COUNCIL,,,no_article_found,
UBOS,parish,NGORO,RUBIRIZI,KYABAKARA,,,no_article_found,
UBOS,parish,NYAKAGYEZI WARD,RUBIRIZI,KATERERA TOWN COUNCIL,,,no_article_found,
UBOS,parish,NYAKASHARU,RUBIRIZI,RUBIRIZI TOWN COUNCIL,,,no_article_found,
UBOS,parish,NYAKASOZI,RUBIRIZI,KICHWAMBA,,,no_article_found,
UBOS,parish,NYAKIYANJA,RUBIRIZI,RYERU,,,no_article_found,
UBOS,parish,NYAMABARE,RUBIRIZI,KATERERA,,,no_article_found,
UBOS,parish,NYANDONGO,RUBIRIZI,KATANDA,,,no_article_found,
UBOS,parish,RUGAZI,RUBIRIZI,MAGAMBO,,,no_article_found,
UBOS,parish,RUMURI,RUBIRIZI,KICHWAMBA,,,no_article_found,
UBOS,parish,RWEMITAGU,RUBIRIZI,RUTOTO,,,no_article_found,
UBOS,parish,RYAMATUMBA,RUBIRIZI,KATANDA,,,no_article_found,
UBOS,parish,BUCHUNDURA,RUKIGA,KASHAMBYA,,,no_article_found,
UBOS,parish,BURIME,RUKIGA,RWAMUCUCU,,,no_article_found,
UBOS,parish,CENTRAL WARD,RUKIGA,MPARO TOWN COUNCIL,,,no_article_found,
UBOS,parish,HIGHLAND WARD,RUKIGA,MUHANGA TOWN COUNCIL,,,no_article_found,
UBOS,parish,IBUMBA,RUKIGA,RWAMUCUCU,,,no_article_found,
UBOS,parish,KAFUNJO,RUKIGA,KASHAMBYA,,,no_article_found,
UBOS,parish,KANDAGO,RUKIGA,BUKINDA,,,no_article_found,
UBOS,parish,KANGONDO WARD,RUKIGA,MPARO TOWN COUNCIL,,,no_article_found,
UBOS,parish,KARORWA,RUKIGA,BUKINDA,,,no_article_found,
UBOS,parish,KIGARA,RUKIGA,KAMWEZI,,,no_article_found,
UBOS,parish,KITANGA,RUKIGA,KASHAMBYA,,,no_article_found,
UBOS,parish,KITOJO,RUKIGA,RWAMUCUCU,,,no_article_found,
UBOS,parish,KITUNGA,RUKIGA,KASHAMBYA,,,no_article_found,
UBOS,parish,KYABUHANGWA,RUKIGA,KAMWEZI,,,no_article_found,
UBOS,parish,KYERERO,RUKIGA,BUKINDA,,,no_article_found,
UBOS,parish,KYOGO,RUKIGA,KAMWEZI,,,no_article_found,
UBOS,parish,NOOZI,RUKIGA,RWAMUCUCU,,,no_article_found,
UBOS,parish,NYAKABUNGO WARD,RUKIGA,MUHANGA TOWN COUNCIL,,,no_article_found,
UBOS,parish,NYAKAGABAGABA,RUKIGA,RWAMUCUCU,,,no_article_found,
UBOS,parish,NYAKASHEBEYA,RUKIGA,KASHAMBYA,,,no_article_found,
UBOS,parish,NYAKASIRU,RUKIGA,BUKINDA,,,no_article_found,
UBOS,parish,NYARURAMBI,RUKIGA,RWAMUCUCU,,,no_article_found,
UBOS,parish,RUTARE WARD,RUKIGA,MUHANGA TOWN COUNCIL,,,no_article_found,
UBOS,parish,RUTENGYE,RUKIGA,KASHAMBYA,,,no_article_found,
UBOS,parish,RWENYANGYE,RUKIGA,KAMWEZI,,,no_article_found,
UBOS,parish,SINDI WARD,RUKIGA,MPARO TOWN COUNCIL,,,no_article_found,
UBOS,parish,BIKONGOZO,RUKUNGIRI,NYAKISHENYI,,,no_article_found,
UBOS,parish,BUGYERA,RUKUNGIRI,BUYANJA,,,no_article_found,
UBOS,parish,BUNONO,RUKUNGIRI,NYARUSHANJE,,,no_article_found,
UBOS,parish,BURAMA,RUKUNGIRI,BUGANGARI,,,no_article_found,
UBOS,parish,BUROMBE,RUKUNGIRI,RUHINDA,,,no_article_found,
UBOS,parish,BWANDA,RUKUNGIRI,BUHUNGA,,,no_article_found,
UBOS,parish,BWANGA,RUKUNGIRI,NYARUSHANJE,,,no_article_found,
UBOS,parish,CENTRAL WARD,RUKUNGIRI,KEBISONI TOWN COUNCIL,,,no_article_found,
UBOS,parish,CENTRAL WARD,RUKUNGIRI,BIKURUNGU TOWN COUNCIL,,,no_article_found,
UBOS,parish,GARUBUNDA,RUKUNGIRI,KEBISONI,,,no_article_found,
UBOS,parish,GARUKA,RUKUNGIRI,BWAMBARA,,,no_article_found,
UBOS,parish,KABWOMA,RUKUNGIRI,NYAKAGYEME,,,no_article_found,
UBOS,parish,KACENCE,RUKUNGIRI,NYAKISHENYI,,,no_article_found,
UBOS,parish,KAFUNJO,RUKUNGIRI,NYAKISHENYI,,,no_article_found,
UBOS,parish,KAGASHE WARD,RUKUNGIRI,EASTERN DIVISION,,,no_article_found,
UBOS,parish,KAGUGU WARD,RUKUNGIRI,RWERERE TOWN COUNCIL,,,no_article_found,
UBOS,parish,KAHOKO,RUKUNGIRI,NYAKISHENYI,,,no_article_found,
UBOS,parish,KAHOKO,RUKUNGIRI,NYAKAGYEME,,,no_article_found,
UBOS,parish,KAKONI,RUKUNGIRI,BWAMBARA,,,no_article_found,
UBOS,parish,KANYANKYENDE,RUKUNGIRI,BUGANGARI,,,no_article_found,
UBOS,parish,KANYINYA WARD,RUKUNGIRI,SOUTHERN DIVISION,,,no_article_found,
UBOS,parish,KARANGARO WARD,RUKUNGIRI,WESTERN DIVISION,,,no_article_found,
UBOS,parish,KARUHEMBE,RUKUNGIRI,KEBISONI,,,no_article_found,
UBOS,parish,KASHAYO,RUKUNGIRI,BUGANGARI,,,no_article_found,
UBOS,parish,KASHEESHE,RUKUNGIRI,BUYANJA,,,no_article_found,
UBOS,parish,KATERAMPUNGU,RUKUNGIRI,BUGANGARI,,,no_article_found,
UBOS,parish,KATOOMA,RUKUNGIRI,NYAKAGYEME,,,no_article_found,
UBOS,parish,KAYANGA,RUKUNGIRI,NYARUSHANJE,,,no_article_found,
UBOS,parish,KAZINDIRO,RUKUNGIRI,BUGANGARI,,,no_article_found,
UBOS,parish,KIBIRIZI,RUKUNGIRI,BUHUNGA,,,no_article_found,
UBOS,parish,KIGAAGA,RUKUNGIRI,NYAKAGYEME,,,no_article_found,
UBOS,parish,KIGAAGA,RUKUNGIRI,SOUTHERN DIVISION,,,no_article_found,
UBOS,parish,KIGANGA,RUKUNGIRI,NYARUSHANJE,,,no_article_found,
UBOS,parish,KIHANGA,RUKUNGIRI,BUHUNGA,,,no_article_found,
UBOS,parish,KIIGIRO,RUKUNGIRI,KEBISONI,,,no_article_found,
UBOS,parish,KIKARARA,RUKUNGIRI,BWAMBARA,,,no_article_found,
UBOS,parish,KIKONGI,RUKUNGIRI,BWAMBARA,,,no_article_found,
UBOS,parish,KILIMBE,RUKUNGIRI,NYAKISHENYI,,,no_article_found,
UBOS,parish,KINYAMAHWA,RUKUNGIRI,NYAKAGYEME,,,no_article_found,
UBOS,parish,KINYASANO WARD,RUKUNGIRI,WESTERN DIVISION,,,no_article_found,
UBOS,parish,KISIIZI,RUKUNGIRI,NYARUSHANJE,,,no_article_found,
UBOS,parish,KISYA,RUKUNGIRI,NYAKISHENYI,,,no_article_found,
UBOS,parish,KITIMBA,RUKUNGIRI,NYAKAGYEME,,,no_article_found,
UBOS,parish,KITIMBA WARD,RUKUNGIRI,WESTERN DIVISION,,,no_article_found,
UBOS,parish,KYABAHANGA,RUKUNGIRI,BWAMBARA,,,no_article_found,
UBOS,parish,KYABUREERE,RUKUNGIRI,BUGANGARI,,,no_article_found,
UBOS,parish,KYAMAKANDA,RUKUNGIRI,BUYANJA,,,no_article_found,
UBOS,parish,KYAMAKANDA WARD,RUKUNGIRI,BUYANJA TOWN COUNCIL,,,no_article_found,
UBOS,parish,KYARUYENJE,RUKUNGIRI,BUHUNGA,,,no_article_found,
UBOS,parish,KYATOKO WARD,RUKUNGIRI,EASTERN DIVISION,,,no_article_found,
UBOS,parish,MABANGA,RUKUNGIRI,KEBISONI,,,no_article_found,
UBOS,parish,MASYA,RUKUNGIRI,NYAKAGYEME,,,no_article_found,
UBOS,parish,MURAMA,RUKUNGIRI,NYAKISHENYI,,,no_article_found,
UBOS,parish,NDAGO,RUKUNGIRI,NYARUSHANJE,,,no_article_found,
UBOS,parish,NDERE,RUKUNGIRI,RUHINDA,,,no_article_found,
UBOS,parish,NDORERO WARD,RUKUNGIRI,SOUTHERN DIVISION,,,no_article_found,
UBOS,parish,NYABITEETE,RUKUNGIRI,BUYANJA,,,no_article_found,
UBOS,parish,NYABITEETE,RUKUNGIRI,BUGANGARI,,,no_article_found,
UBOS,parish,NYABUSHENYI,RUKUNGIRI,NYARUSHANJE,,,no_article_found,
UBOS,parish,NYAKABUNGO,RUKUNGIRI,BUYANJA,,,no_article_found,
UBOS,parish,NYAKAINA,RUKUNGIRI,BUYANJA,,,no_article_found,
UBOS,parish,NYAKAINA WARD,RUKUNGIRI,BUYANJA TOWN COUNCIL,,,no_article_found,
UBOS,parish,NYAKATUNGA,RUKUNGIRI,NYARUSHANJE,,,no_article_found,
UBOS,parish,NYAKINENGO,RUKUNGIRI,NYAKAGYEME,,,no_article_found,
UBOS,parish,NYAKITABIRE,RUKUNGIRI,RUHINDA,,,no_article_found,
UBOS,parish,NYAKITABIRE B,RUKUNGIRI,RUHINDA,,,no_article_found,
UBOS,parish,NYAMITOOMA WARD,RUKUNGIRI,BIKURUNGU TOWN COUNCIL,,,no_article_found,
UBOS,parish,NYARUGANDO,RUKUNGIRI,NYAKISHENYI,,,no_article_found,
UBOS,parish,NYARWIMUKA,RUKUNGIRI,RUHINDA,,,no_article_found,
UBOS,parish,NYEIBINGO,RUKUNGIRI,KEBISONI,,,no_article_found,
UBOS,parish,RUBANGA NORTH,RUKUNGIRI,BUYANJA,,,no_article_found,
UBOS,parish,RUBANGA SOUTH,RUKUNGIRI,BUYANJA,,,no_article_found,
UBOS,parish,RUSHESHE,RUKUNGIRI,BUHUNGA,,,no_article_found,
UBOS,parish,RUSOROZA WARD,RUKUNGIRI,RWERERE TOWN COUNCIL,,,no_article_found,
UBOS,parish,RWAKABENGO WARD,RUKUNGIRI,SOUTHERN DIVISION,,,no_article_found,
UBOS,parish,RWAKIRUNGURA,RUKUNGIRI,BUYANJA,,,no_article_found,
UBOS,parish,RWAMUGOMA,RUKUNGIRI,RUHINDA,,,no_article_found,
UBOS,parish,RWANYUNDO,RUKUNGIRI,NYAKISHENYI,,,no_article_found,
UBOS,parish,RWENSHAMA,RUKUNGIRI,BWAMBARA,,,no_article_found,
UBOS,parish,RWENTONDO WARD,RUKUNGIRI,EASTERN DIVISION,,,no_article_found,
UBOS,parish,BUJAGA WARD,RWAMPARA,BUTERANIRO-NYEIHANGA TOWN COUNCIL,,,no_article_found,
UBOS,parish,BUSHWERE,RWAMPARA,MWIZI,,,no_article_found,
UBOS,parish,KABARAMA,RWAMPARA,BUGAMBA,,,no_article_found,
UBOS,parish,KAKIGANI WARD,RWAMPARA,BUTERANIRO-NYEIHANGA TOWN COUNCIL,,,no_article_found,
UBOS,parish,KAMOMO,RWAMPARA,BUGAMBA,,,no_article_found,
UBOS,parish,KATEREZA WARD,RWAMPARA,KINONI TOWN COUNCIL,,,no_article_found,
UBOS,parish,KIBARE,RWAMPARA,NDEIJA,,,no_article_found,
UBOS,parish,KIGAAGA,RWAMPARA,MWIZI,,,no_article_found,
UBOS,parish,KIKONKOMA WARD,RWAMPARA,KABURA TOWN COUNCIL,,,no_article_found,
UBOS,parish,KITOJO,RWAMPARA,BUGAMBA,,,no_article_found,
UBOS,parish,KITUNGURU WARD,RWAMPARA,KINONI TOWN COUNCIL,,,no_article_found,
UBOS,parish,KONGORO,RWAMPARA,NDEIJA,,,no_article_found,
UBOS,parish,MIRAMA,RWAMPARA,RUGANDO,,,no_article_found,
UBOS,parish,NDEIJA-MULAGO,RWAMPARA,NDEIJA,,,no_article_found,
UBOS,parish,NGUGO,RWAMPARA,BUGAMBA,,,no_article_found,
UBOS,parish,NYABIKUNGU,RWAMPARA,RUGANDO,,,no_article_found,
UBOS,parish,NYAKABAARE,RWAMPARA,RUGANDO,,,no_article_found,
UBOS,parish,NYAKAIKARA,RWAMPARA,NDEIJA,,,no_article_found,
UBOS,parish,NYARUBUNGO WARD,RWAMPARA,KINONI TOWN COUNCIL,,,no_article_found,
UBOS,parish,NYARUHANDAGAZI,RWAMPARA,BUGAMBA,,,no_article_found,
UBOS,parish,NYEIHANGA WARD,RWAMPARA,BUTERANIRO-NYEIHANGA TOWN COUNCIL,,,no_article_found,
UBOS,parish,RUKARABO,RWAMPARA,MWIZI,,,no_article_found,
UBOS,parish,RWEIBOGO WARD,RWAMPARA,RWEIBOGO-KIBINGO TOWN COUNCIL,,,no_article_found,
UBOS,parish,RWENSINGA,RWAMPARA,NDEIJA,,,no_article_found,
UBOS,parish,RYAMIYONGA,RWAMPARA,MWIZI,,,no_article_found,
UBOS,parish,AARAPOO,SERERE,LABOR,,,no_article_found,
UBOS,parish,ABUKET,SERERE,KYERE,,,no_article_found,
UBOS,parish,ADUKUT WARD,SERERE,KADUNGULU TOWN COUNCIL,,,no_article_found,
UBOS,parish,ADWENYI WARD,SERERE,KADUNGULU TOWN COUNCIL,,,no_article_found,
UBOS,parish,AGONYO I WARD,SERERE,KIDETOK TOWN COUNCIL,,,no_article_found,
UBOS,parish,AGONYO II WARD,SERERE,KIDETOK TOWN COUNCIL,,,no_article_found,
UBOS,parish,AKOBOI,SERERE,OLIO,,,no_article_found,
UBOS,parish,AKUMOI,SERERE,PINGIRE,,,no_article_found,
UBOS,parish,AKWANGALET WARD,SERERE,KAGWARA TOWN COUNCIL,,,no_article_found,
UBOS,parish,ALENGO,SERERE,ATIIRA,,,no_article_found,
UBOS,parish,AMORU WARD,SERERE,KAGWARA TOWN COUNCIL,,,no_article_found,
UBOS,parish,ASWII,SERERE,LABOR,,,no_article_found,
UBOS,parish,BUGONDO,SERERE,BUGONDO,,,no_article_found,
UBOS,parish,CENTRAL WARD,SERERE,KIDETOK TOWN COUNCIL,,,no_article_found,
UBOS,parish,IRUKO,SERERE,KADUNGULU,,,no_article_found,
UBOS,parish,KABULABULA,SERERE,KADUNGULU,,,no_article_found,
UBOS,parish,KACHOROMBO WARD,SERERE,KAGWARA TOWN COUNCIL,,,no_article_found,
UBOS,parish,KAGWARA CENTRAL WARD,SERERE,KAGWARA TOWN COUNCIL,,,no_article_found,
UBOS,parish,KAKUJA,SERERE,KYERE,,,no_article_found,
UBOS,parish,KAKUJA WARD,SERERE,KYERE TOWN COUNCIL,,,no_article_found,
UBOS,parish,KAKUS,SERERE,OLIO,,,no_article_found,
UBOS,parish,KAKUS WARD,SERERE,SERERE TOWN COUNCIL,,,no_article_found,
UBOS,parish,KAMOD,SERERE,BUGONDO,,,no_article_found,
UBOS,parish,KAMOD WARD,SERERE,KASILO TOWN COUNCIL,,,no_article_found,
UBOS,parish,KAMUROJO,SERERE,KYERE,,,no_article_found,
UBOS,parish,KAMUSALA,SERERE,KATETA,,,no_article_found,
UBOS,parish,KANGODO,SERERE,KYERE,,,no_article_found,
UBOS,parish,KANGODO WARD,SERERE,OCAAPA TOWN COUNCIL,,,no_article_found,
UBOS,parish,KANYANGAN,SERERE,KATETA,,,no_article_found,
UBOS,parish,KATENG WARD,SERERE,KADUNGULU TOWN COUNCIL,,,no_article_found,
UBOS,parish,KIDETOK WARD,SERERE,KIDETOK TOWN COUNCIL,,,no_article_found,
UBOS,parish,KONGOTO,SERERE,BUGONDO,,,no_article_found,
UBOS,parish,LABOR,SERERE,LABOR,,,no_article_found,
UBOS,parish,OBUIEKORI WARD,SERERE,OCAAPA TOWN COUNCIL,,,no_article_found,
UBOS,parish,OBURIN,SERERE,OLIO,,,no_article_found,
UBOS,parish,OBURIN WARD,SERERE,OCAAPA TOWN COUNCIL,,,no_article_found,
UBOS,parish,OCAAPA CENTRAL WARD,SERERE,OCAAPA TOWN COUNCIL,,,no_article_found,
UBOS,parish,ODAPAKOL,SERERE,PINGIRE,,,no_article_found,
UBOS,parish,ODUNGURA,SERERE,OLIO,,,no_article_found,
UBOS,parish,OGERA,SERERE,BUGONDO,,,no_article_found,
UBOS,parish,OJETENYANG,SERERE,KATETA,,,no_article_found,
UBOS,parish,OKIDI,SERERE,PINGIRE,,,no_article_found,
UBOS,parish,OKODO,SERERE,KATETA,,,no_article_found,
UBOS,parish,OKOLONGA WARD,SERERE,KIDETOK TOWN COUNCIL,,,no_article_found,
UBOS,parish,OKULONYO,SERERE,OLIO,,,no_article_found,
UBOS,parish,OKULONYO WARD,SERERE,SERERE TOWN COUNCIL,,,no_article_found,
UBOS,parish,OLUPE,SERERE,KYERE,,,no_article_found,
UBOS,parish,OMAGARA,SERERE,KATETA,,,no_article_found,
UBOS,parish,OMAGORO,SERERE,KYERE,,,no_article_found,
UBOS,parish,OMOLOTOK WARD,SERERE,KIDETOK TOWN COUNCIL,,,no_article_found,
UBOS,parish,OMORIO WARD,SERERE,KYERE TOWN COUNCIL,,,no_article_found,
UBOS,parish,OPUURE,SERERE,ATIIRA,,,no_article_found,
UBOS,parish,ORUPE,SERERE,KATETA,,,no_article_found,
UBOS,parish,ORUPE WARD,SERERE,OCAAPA TOWN COUNCIL,,,no_article_found,
UBOS,parish,OSUGURO,SERERE,OLIO,,,no_article_found,
UBOS,parish,OSUGURO WARD,SERERE,SERERE TOWN COUNCIL,,,no_article_found,
UBOS,parish,OWINY-AGULE,SERERE,KATETA,,,no_article_found,
UBOS,parish,BURARO WARD,SHEEMA,KITAGATA TOWN COUNCIL,,,no_article_found,
UBOS,parish,BURINGO WARD,SHEEMA,MASHERUKA TOWN COUNCIL,,,no_article_found,
UBOS,parish,BWAYEGAMBA,SHEEMA,KIGARAMA,,,no_article_found,
UBOS,parish,ITENDERO WARD,SHEEMA,KAGANGO DIVISION,,,no_article_found,
UBOS,parish,KABUTSYE WARD,SHEEMA,MASHERUKA TOWN COUNCIL,,,no_article_found,
UBOS,parish,KAKUNYU WARD,SHEEMA,KABWOHE DIVISION,,,no_article_found,
UBOS,parish,KANYEGANYEGYE WARD,SHEEMA,MASHERUKA TOWN COUNCIL,,,no_article_found,
UBOS,parish,KANYINASHEEMA WARD,SHEEMA,KAGANGO DIVISION,,,no_article_found,
UBOS,parish,KARERA NORTH WARD,SHEEMA,KASHOZI DIVISION,,,no_article_found,
UBOS,parish,KARERA SOUTH,SHEEMA,KASHOZI DIVISION,,,no_article_found,
UBOS,parish,KARUGORORA,SHEEMA,KASAANA,,,no_article_found,
UBOS,parish,KASHANJURE,SHEEMA,KYANGYENYI,,,no_article_found,
UBOS,parish,KASHEKURO,SHEEMA,KITAGATA,,,no_article_found,
UBOS,parish,KASHOZI CENTRAL WARD,SHEEMA,KASHOZI DIVISION,,,no_article_found,
UBOS,parish,KASHOZI EAST WARD,SHEEMA,KASHOZI DIVISION,,,no_article_found,
UBOS,parish,KASHOZI WEST WARD,SHEEMA,KASHOZI DIVISION,,,no_article_found,
UBOS,parish,KATOOMA,SHEEMA,KIGARAMA,,,no_article_found,
UBOS,parish,KIHUNDA WARD,SHEEMA,KAGANGO DIVISION,,,no_article_found,
UBOS,parish,KISHABYA WARD,SHEEMA,SHUUKU TOWN COUNCIL,,,no_article_found,
UBOS,parish,KITOJO WARD,SHEEMA,SHEEMA CENTRAL DIVISION,,,no_article_found,
UBOS,parish,KYABUHARAMBO,SHEEMA,MASHERUKA,,,no_article_found,
UBOS,parish,KYAGAJU WARD,SHEEMA,KABWOHE DIVISION,,,no_article_found,
UBOS,parish,KYAMURARI NORTH WARD,SHEEMA,BUGONGI TOWN COUNCIL,,,no_article_found,
UBOS,parish,KYAMURARI SOUTH WARD,SHEEMA,BUGONGI TOWN COUNCIL,,,no_article_found,
UBOS,parish,KYANGUNDU WARD,SHEEMA,KAKINDO TOWN COUNCIL,,,no_article_found,
UBOS,parish,KYARUKUNDA WARD,SHEEMA,BUGONGI TOWN COUNCIL,,,no_article_found,
UBOS,parish,KYARUSHAKARA WARD,SHEEMA,KITAGATA TOWN COUNCIL,,,no_article_found,
UBOS,parish,KYEIBANGA EAST,SHEEMA,KITAGATA,,,no_article_found,
UBOS,parish,KYEIBANGA WEST,SHEEMA,KITAGATA,,,no_article_found,
UBOS,parish,KYEIHARA,SHEEMA,KASAANA,,,no_article_found,
UBOS,parish,KYEMPITSI EAST WARD,SHEEMA,SHUUKU TOWN COUNCIL,,,no_article_found,
UBOS,parish,KYEMPITSI WEST WARD,SHEEMA,SHUUKU TOWN COUNCIL,,,no_article_found,
UBOS,parish,KYENGANDO,SHEEMA,KIGARAMA,,,no_article_found,
UBOS,parish,MABARE WARD,SHEEMA,MASHERUKA TOWN COUNCIL,,,no_article_found,
UBOS,parish,MAREMBO WARD,SHEEMA,KITAGATA TOWN COUNCIL,,,no_article_found,
UBOS,parish,MASYORO,SHEEMA,KYANGYENYI,,,no_article_found,
UBOS,parish,MIGINA WARD,SHEEMA,KAGANGO DIVISION,,,no_article_found,
UBOS,parish,MUZIRA,SHEEMA,KYANGYENYI,,,no_article_found,
UBOS,parish,NDEEBO WARD,SHEEMA,KAGANGO DIVISION,,,no_article_found,
UBOS,parish,NYABWINA,SHEEMA,MASHERUKA,,,no_article_found,
UBOS,parish,NYAKAMBU WARD,SHEEMA,MASHERUKA TOWN COUNCIL,,,no_article_found,
UBOS,parish,NYAKARAMA NORTH,SHEEMA,RUGARAMA,,,no_article_found,
UBOS,parish,NYAKARAMA SOUTH,SHEEMA,RUGARAMA,,,no_article_found,
UBOS,parish,NYAKASHAMBYA WARD,SHEEMA,SHEEMA CENTRAL DIVISION,,,no_article_found,
UBOS,parish,NYAKASHOGA,SHEEMA,RUGARAMA,,,no_article_found,
UBOS,parish,NYARWESHAMA WARD,SHEEMA,SHEEMA CENTRAL DIVISION,,,no_article_found,
UBOS,parish,RUGAZI,SHEEMA,MASHERUKA,,,no_article_found,
UBOS,parish,RUKONDO,SHEEMA,KASAANA,,,no_article_found,
UBOS,parish,RUNYINYA,SHEEMA,KIGARAMA,,,no_article_found,
UBOS,parish,RUSHOZI WARD,SHEEMA,KABWOHE DIVISION,,,no_article_found,
UBOS,parish,RUTOMA WARD,SHEEMA,KITAGATA TOWN COUNCIL,,,no_article_found,
UBOS,parish,RUTOOMA WARD,SHEEMA,KABWOHE DIVISION,,,no_article_found,
UBOS,parish,RWABUZA WARD,SHEEMA,SHUUKU TOWN COUNCIL,,,no_article_found,
UBOS,parish,RWAMUJOJO WARD,SHEEMA,SHEEMA CENTRAL DIVISION,,,no_article_found,
UBOS,parish,RWEIBARE WARD,SHEEMA,KAKINDO TOWN COUNCIL,,,no_article_found,
UBOS,parish,RWENSHAMA WARD,SHEEMA,KAGANGO DIVISION,,,no_article_found,
UBOS,parish,RYAKASINGA WARD,SHEEMA,SHUUKU TOWN COUNCIL,,,no_article_found,
UBOS,parish,RYENJOKI WARD,SHEEMA,KAKINDO TOWN COUNCIL,,,no_article_found,
UBOS,parish,BUBALINGANGA WARD,SIRONKO,BUTEZA TOWN COUNCIL,,,no_article_found,
UBOS,parish,BUBBEZA,SIRONKO,BUBBEZA,,,no_article_found,
UBOS,parish,BUBETSYE,SIRONKO,BUKHULO,,,no_article_found,
UBOS,parish,BUBOOLO,SIRONKO,MASABA,,,no_article_found,
UBOS,parish,BUDINDI,SIRONKO,BUHUGU,,,no_article_found,
UBOS,parish,BUFAKA,SIRONKO,BUMASIFWA,,,no_article_found,
UBOS,parish,BUFUPA,SIRONKO,MASABA,,,no_article_found,
UBOS,parish,BUGAINZA,SIRONKO,NALUSALA,,,no_article_found,
UBOS,parish,BUGALABI,SIRONKO,BUNYAFWA,,,no_article_found,
UBOS,parish,BUGAMBI,SIRONKO,BUGAMBI,,,no_article_found,
UBOS,parish,BUGIBONI WARD,SIRONKO,GOMBE GASAWA TOWN COUNCIL,,,no_article_found,
UBOS,parish,BUGIBUGI,SIRONKO,BUSIITA,,,no_article_found,
UBOS,parish,BUGIDYONYI,SIRONKO,BUTEZA,,,no_article_found,
UBOS,parish,BUGIMUNYE,SIRONKO,BUSULANI,,,no_article_found,
UBOS,parish,BUGIWUMI WARD,SIRONKO,BUDADIRI TOWN COUNCIL,,,no_article_found,
UBOS,parish,BUGOBBIRO,SIRONKO,NAMAGULI,,,no_article_found,
UBOS,parish,BUGUBE,SIRONKO,BUSULANI,,,no_article_found,
UBOS,parish,BUGUSEGE,SIRONKO,BUSAMAGA,,,no_article_found,
UBOS,parish,BUGUSEGE WARD,SIRONKO,BUGUSEGE TOWN COUNCIL,,,no_article_found,
UBOS,parish,BUGWA,SIRONKO,BUSIITA,,,no_article_found,
UBOS,parish,BUGWAGI,SIRONKO,BUWASA,,,no_article_found,
UBOS,parish,BUGWAGI,SIRONKO,DAHAMI,,,no_article_found,
UBOS,parish,BUGWAGI,SIRONKO,NALUSALA,,,no_article_found,
UBOS,parish,BUGWIMBI WARD,SIRONKO,BUTEZA TOWN COUNCIL,,,no_article_found,
UBOS,parish,BUKAHENGERE,SIRONKO,NAMUGABWE,,,no_article_found,
UBOS,parish,BUKAMA,SIRONKO,BUKYAMBI,,,no_article_found,
UBOS,parish,BUKIBOOLI,SIRONKO,ZESUI,,,no_article_found,
UBOS,parish,BUKIDIYA,SIRONKO,BUSAMAGA,,,no_article_found,
UBOS,parish,BUKIGALABO,SIRONKO,BUKIYI,,,no_article_found,
UBOS,parish,BUKIITI A WARD,SIRONKO,BUKIITI TOWN COUNCIL,,,no_article_found,
UBOS,parish,BUKIITI B WARD,SIRONKO,BUKIITI TOWN COUNCIL,,,no_article_found,
UBOS,parish,BUKIMALI,SIRONKO,BUWASA,,,no_article_found,
UBOS,parish,BUKIMALI WARD,SIRONKO,BUGUSEGE TOWN COUNCIL,,,no_article_found,
UBOS,parish,BUKIMENYA,SIRONKO,BUYOBO,,,no_article_found,
UBOS,parish,BUKINYALE,SIRONKO,MASABA,,,no_article_found,
UBOS,parish,BUKIRINDYA,SIRONKO,BUKIISE,,,no_article_found,
UBOS,parish,BUKIRYA,SIRONKO,NALUSALA,,,no_article_found,
UBOS,parish,BUKISIMAMU WARD,SIRONKO,BUTEZA TOWN COUNCIL,,,no_article_found,
UBOS,parish,BUKITEMU,SIRONKO,BUHUGU,,,no_article_found,
UBOS,parish,BUKUMBALE,SIRONKO,LULENA,,,no_article_found,
UBOS,parish,BUKWANGA,SIRONKO,BUTEZA,,,no_article_found,
UBOS,parish,BULOME,SIRONKO,BUGAMBI,,,no_article_found,
UBOS,parish,BULUJEWA,SIRONKO,NAMAGULI,,,no_article_found,
UBOS,parish,BULUZWALA,SIRONKO,BUSULANI,,,no_article_found,
UBOS,parish,BULWALA,SIRONKO,BUMASIFWA,,,no_article_found,
UBOS,parish,BUMADIBIRA WARD,SIRONKO,BUKIITI TOWN COUNCIL,,,no_article_found,
UBOS,parish,BUMADYEMU,SIRONKO,BUSIITA,,,no_article_found,
UBOS,parish,BUMAGABULA,SIRONKO,BUGITIMWA,,,no_article_found,
UBOS,parish,BUMAGUZE,SIRONKO,LEGENYA,,,no_article_found,
UBOS,parish,BUMAHAGA,SIRONKO,BUKIYI,,,no_article_found,
UBOS,parish,BUMALUDYE,SIRONKO,BUMULISHA,,,no_article_found,
UBOS,parish,BUMALUNDA,SIRONKO,BUGAMBI,,,no_article_found,
UBOS,parish,BUMANGANGA,SIRONKO,LULENA,,,no_article_found,
UBOS,parish,BUMASABA,SIRONKO,BUWASA,,,no_article_found,
UBOS,parish,BUMASAJJE WARD,SIRONKO,BUWERI TOWN COUNCIL,,,no_article_found,
UBOS,parish,BUMATEBA,SIRONKO,NAMUGABWE,,,no_article_found,
UBOS,parish,BUMATOFU,SIRONKO,BUHUGU,,,no_article_found,
UBOS,parish,BUMAUSI,SIRONKO,NALUSALA,,,no_article_found,
UBOS,parish,BUMAWOSA,SIRONKO,BUSULANI,,,no_article_found,
UBOS,parish,BUMAYAMBA,SIRONKO,BUYOBO,,,no_article_found,
UBOS,parish,BUMBA,SIRONKO,BUKYAMBI,,,no_article_found,
UBOS,parish,BUMEJJI,SIRONKO,DAHAMI,,,no_article_found,
UBOS,parish,BUMILIYU,SIRONKO,DAHAMI,,,no_article_found,
UBOS,parish,BUMIRISA,SIRONKO,NAMUGABWE,,,no_article_found,
UBOS,parish,BUMONGOTI,SIRONKO,NALUSALA,,,no_article_found,
UBOS,parish,BUMUDOMA,SIRONKO,BUMALIMBA,,,no_article_found,
UBOS,parish,BUMUDU,SIRONKO,BUWALASI,,,no_article_found,
UBOS,parish,BUMUGEMBE,SIRONKO,BUBBEZA,,,no_article_found,
UBOS,parish,BUMUGWEDI,SIRONKO,BUSIITA,,,no_article_found,
UBOS,parish,BUMUHUNE,SIRONKO,LEGENYA,,,no_article_found,
UBOS,parish,BUMUKONE,SIRONKO,BUTEZA,,,no_article_found,
UBOS,parish,BUMULEGI,SIRONKO,BUGITIMWA,,,no_article_found,
UBOS,parish,BUMULISHA,SIRONKO,BUMULISHA,,,no_article_found,
UBOS,parish,BUMULUWE,SIRONKO,MASABA,,,no_article_found,
UBOS,parish,BUMUMULO,SIRONKO,ZESUI,,,no_article_found,
UBOS,parish,BUMUSABIRE,SIRONKO,BUKYABO,,,no_article_found,
UBOS,parish,BUMUSI,SIRONKO,BUYOBO,,,no_article_found,
UBOS,parish,BUMWAMBU WARD,SIRONKO,BUWERI TOWN COUNCIL,,,no_article_found,
UBOS,parish,BUNABUKA,SIRONKO,BUBBEZA,,,no_article_found,
UBOS,parish,BUNABUSUSU WARD,SIRONKO,BUTANDIGA TOWN COUNCIL,,,no_article_found,
UBOS,parish,BUNAGAMI,SIRONKO,BUWASA,,,no_article_found,
UBOS,parish,BUNAGAMI,SIRONKO,LEGENYA,,,no_article_found,
UBOS,parish,BUNAGAWOYA,SIRONKO,BUSULANI,,,no_article_found,
UBOS,parish,BUNAKIRIMA,SIRONKO,BUSULANI,,,no_article_found,
UBOS,parish,BUNAMAHANDE,SIRONKO,BUMASIFWA,,,no_article_found,
UBOS,parish,BUNAMAHE,SIRONKO,BUTANDIGA,,,no_article_found,
UBOS,parish,BUNAMUDULO,SIRONKO,LEGENYA,,,no_article_found,
UBOS,parish,BUNANDALO,SIRONKO,BUNYAFWA,,,no_article_found,
UBOS,parish,BUNANDASA WARD,SIRONKO,MUTUFU TOWN COUNCIL,,,no_article_found,
UBOS,parish,BUNANDUDU,SIRONKO,BUKYAMBI,,,no_article_found,
UBOS,parish,BUNASHIMOLO,SIRONKO,MAFUDU,,,no_article_found,
UBOS,parish,BUNAZAMI,SIRONKO,BUNYAFWA,,,no_article_found,
UBOS,parish,BUNAZOMI,SIRONKO,BUSAMAGA,,,no_article_found,
UBOS,parish,BUNDAGALA,SIRONKO,BUMASIFWA,,,no_article_found,
UBOS,parish,BUNDEGE,SIRONKO,MAFUDU,,,no_article_found,
UBOS,parish,BUNGWANYI,SIRONKO,MAFUDU,,,no_article_found,
UBOS,parish,BUNYODE WARD,SIRONKO,BUDADIRI TOWN COUNCIL,,,no_article_found,
UBOS,parish,BUSAHE,SIRONKO,BUKYABO,,,no_article_found,
UBOS,parish,BUSAMAGA,SIRONKO,BUSAMAGA,,,no_article_found,
UBOS,parish,BUSATE,SIRONKO,BUKIISE,,,no_article_found,
UBOS,parish,BUSEDANI WARD,SIRONKO,BUWERI TOWN COUNCIL,,,no_article_found,
UBOS,parish,BUSIITA,SIRONKO,BUSIITA,,,no_article_found,
UBOS,parish,BUSOLITI WARD,SIRONKO,BUTANDIGA TOWN COUNCIL,,,no_article_found,
UBOS,parish,BUWAGAMA,SIRONKO,BUMULISHA,,,no_article_found,
UBOS,parish,BUWAKOOLI,SIRONKO,BUBBEZA,,,no_article_found,
UBOS,parish,BUWAMANIALA,SIRONKO,BUSAMAGA,,,no_article_found,
UBOS,parish,BUWANGOLO,SIRONKO,NAMUGABWE,,,no_article_found,
UBOS,parish,BUWANGOLO WARD,SIRONKO,BUWERI TOWN COUNCIL,,,no_article_found,
UBOS,parish,BUWERI WARD,SIRONKO,BUWERI TOWN COUNCIL,,,no_article_found,
UBOS,parish,BUWETYE WARD,SIRONKO,GOMBE GASAWA TOWN COUNCIL,,,no_article_found,
UBOS,parish,BUWILA,SIRONKO,BUNYAFWA,,,no_article_found,
UBOS,parish,BUWIRA,SIRONKO,BUWALASI,,,no_article_found,
UBOS,parish,BUWOBUDEYA,SIRONKO,BUKYABO,,,no_article_found,
UBOS,parish,BUWODERO,SIRONKO,LEGENYA,,,no_article_found,
UBOS,parish,BUYAYA,SIRONKO,LULENA,,,no_article_found,
UBOS,parish,BUYOOLA,SIRONKO,BUYOBO,,,no_article_found,
UBOS,parish,CENTRAL WARD,SIRONKO,MUTUFU TOWN COUNCIL,,,no_article_found,
UBOS,parish,CENTRAL WARD,SIRONKO,SIRONKO TOWN COUNCIL,,,no_article_found,
UBOS,parish,DAHAMI,SIRONKO,DAHAMI,,,no_article_found,
UBOS,parish,ELGON,SIRONKO,BUGITIMWA,,,no_article_found,
UBOS,parish,GABENDE,SIRONKO,LEGENYA,,,no_article_found,
UBOS,parish,GIBINDA,SIRONKO,KIKOBERO,,,no_article_found,
UBOS,parish,GIBUMBUNI,SIRONKO,LEGENYA,,,no_article_found,
UBOS,parish,GIBUTERE WARD,SIRONKO,BUTANDIGA TOWN COUNCIL,,,no_article_found,
UBOS,parish,JEWA,SIRONKO,BUTANDIGA,,,no_article_found,
UBOS,parish,KADUWA,SIRONKO,DAHAMI,,,no_article_found,
UBOS,parish,KAKODYE WARD,SIRONKO,BUGUSEGE TOWN COUNCIL,,,no_article_found,
UBOS,parish,KALASA,SIRONKO,BUKIYI,,,no_article_found,
UBOS,parish,KALAWA WARD,SIRONKO,BUDADIRI TOWN COUNCIL,,,no_article_found,
UBOS,parish,KAMA A WARD,SIRONKO,KAMA TOWN COUNCIL,,,no_article_found,
UBOS,parish,KAMA B WARD,SIRONKO,KAMA TOWN COUNCIL,,,no_article_found,
UBOS,parish,KAMA C WARD,SIRONKO,KAMA TOWN COUNCIL,,,no_article_found,
UBOS,parish,KATULU,SIRONKO,DAHAMI,,,no_article_found,
UBOS,parish,KIBIRA WARD,SIRONKO,SIRONKO TOWN COUNCIL,,,no_article_found,
UBOS,parish,KIBOLO,SIRONKO,BUHUGU,,,no_article_found,
UBOS,parish,KIGUNYUNYU,SIRONKO,BUMULISHA,,,no_article_found,
UBOS,parish,KIKOBERO,SIRONKO,KIKOBERO,,,no_article_found,
UBOS,parish,KIKOLO,SIRONKO,ELGON,,,no_article_found,
UBOS,parish,KILINDI WARD,SIRONKO,BUTANDIGA TOWN COUNCIL,,,no_article_found,
UBOS,parish,KILULU,SIRONKO,BUKIISE,,,no_article_found,
UBOS,parish,KIRALI,SIRONKO,BUSIITA,,,no_article_found,
UBOS,parish,KISALI,SIRONKO,BUGITIMWA,,,no_article_found,
UBOS,parish,KISALI WARD,SIRONKO,GOMBE GASAWA TOWN COUNCIL,,,no_article_found,
UBOS,parish,KITOKO WARD,SIRONKO,BUGUSEGE TOWN COUNCIL,,,no_article_found,
UBOS,parish,KIWAGALO,SIRONKO,BUKIYI,,,no_article_found,
UBOS,parish,KYESHA,SIRONKO,NAMAGULI,,,no_article_found,
UBOS,parish,LULENA,SIRONKO,LULENA,,,no_article_found,
UBOS,parish,LUSAGALI,SIRONKO,BUGITIMWA,,,no_article_found,
UBOS,parish,LUSEKE,SIRONKO,LULENA,,,no_article_found,
UBOS,parish,LYAMUSABASI,SIRONKO,BUBBEZA,,,no_article_found,
UBOS,parish,MADODO,SIRONKO,BUMULISHA,,,no_article_found,
UBOS,parish,MAFUDU,SIRONKO,MAFUDU,,,no_article_found,
UBOS,parish,MAGGA,SIRONKO,BUNYAFWA,,,no_article_found,
UBOS,parish,MAGULU WARD,SIRONKO,KAMA TOWN COUNCIL,,,no_article_found,
UBOS,parish,MAHEMPE WARD,SIRONKO,SIRONKO TOWN COUNCIL,,,no_article_found,
UBOS,parish,MAJENGA,SIRONKO,ZESUI,,,no_article_found,
UBOS,parish,MASABASI WARD,SIRONKO,MUTUFU TOWN COUNCIL,,,no_article_found,
UBOS,parish,MASAGALA,SIRONKO,BUMASIFWA,,,no_article_found,
UBOS,parish,MBATA,SIRONKO,BUTANDIGA,,,no_article_found,
UBOS,parish,MBAYA WARD,SIRONKO,BUTANDIGA TOWN COUNCIL,,,no_article_found,
UBOS,parish,MIWU,SIRONKO,BUHUGU,,,no_article_found,
UBOS,parish,MUSENE,SIRONKO,BUMALIMBA,,,no_article_found,
UBOS,parish,NABANA,SIRONKO,NAMUGABWE,,,no_article_found,
UBOS,parish,NABENEKWA,SIRONKO,BUKIYI,,,no_article_found,
UBOS,parish,NABODI,SIRONKO,ZESUI,,,no_article_found,
UBOS,parish,NABUBOLO,SIRONKO,NALUSALA,,,no_article_found,
UBOS,parish,NABUDISIRU,SIRONKO,DAHAMI,,,no_article_found,
UBOS,parish,NADISO,SIRONKO,BUWALASI,,,no_article_found,
UBOS,parish,NAGUDI,SIRONKO,BUWALASI,,,no_article_found,
UBOS,parish,NAKIBUYI,SIRONKO,NALUSALA,,,no_article_found,
UBOS,parish,NAKIDOWA,SIRONKO,BUMULISHA,,,no_article_found,
UBOS,parish,NAKITALI,SIRONKO,ELGON,,,no_article_found,
UBOS,parish,NAKIWONDWE WARD,SIRONKO,BUDADIRI TOWN COUNCIL,,,no_article_found,
UBOS,parish,NALUGUGU,SIRONKO,BUKIISE,,,no_article_found,
UBOS,parish,NAMASIYA,SIRONKO,ELGON,,,no_article_found,
UBOS,parish,NAMBALENZE,SIRONKO,BUMALIMBA,,,no_article_found,
UBOS,parish,NAMENGO,SIRONKO,BUKIYI,,,no_article_found,
UBOS,parish,NAMPANGA,SIRONKO,BUKIYI,,,no_article_found,
UBOS,parish,NAMUGABWE,SIRONKO,NAMUGABWE,,,no_article_found,
UBOS,parish,NAMULANDA,SIRONKO,BUMALIMBA,,,no_article_found,
UBOS,parish,NAMWEJJE,SIRONKO,BUSULANI,,,no_article_found,
UBOS,parish,NAMWENJE,SIRONKO,KIKOBERO,,,no_article_found,
UBOS,parish,NANDAGO,SIRONKO,BUKIISE,,,no_article_found,
UBOS,parish,NANDERE WARD,SIRONKO,MUTUFU TOWN COUNCIL,,,no_article_found,
UBOS,parish,NANGOKO WARD,SIRONKO,BUTEZA TOWN COUNCIL,,,no_article_found,
UBOS,parish,NGWELE,SIRONKO,KIKOBERO,,,no_article_found,
UBOS,parish,SHIMUMA,SIRONKO,ZESUI,,,no_article_found,
UBOS,parish,SIGWA,SIRONKO,BUTANDIGA,,,no_article_found,
UBOS,parish,SIMU/PONDO,SIRONKO,KIKOBERO,,,no_article_found,
UBOS,parish,SINASI,SIRONKO,BUWALASI,,,no_article_found,
UBOS,parish,SOOLA,SIRONKO,BUKHULO,,,no_article_found,
UBOS,parish,SUGI,SIRONKO,BUWALASI,,,no_article_found,
UBOS,parish,TANDIGA WARD,SIRONKO,MUTUFU TOWN COUNCIL,,,no_article_found,
UBOS,parish,WAKINE,SIRONKO,LULENA,,,no_article_found,
UBOS,parish,WALANGA,SIRONKO,BUKHULO,,,no_article_found,
UBOS,parish,ZEBIGI,SIRONKO,BUKYABO,,,no_article_found,
UBOS,parish,ABAANGO,SOROTI,OCOKICAN,,,no_article_found,
UBOS,parish,ABARI,SOROTI,OCULOI,,,no_article_found,
UBOS,parish,ABELET,SOROTI,GWERI,,,no_article_found,
UBOS,parish,ACABOI,SOROTI,AUKOT,,,no_article_found,
UBOS,parish,ACHUNA,SOROTI,TUBUR,,,no_article_found,
UBOS,parish,ADACAR,SOROTI,ASURET,,,no_article_found,
UBOS,parish,ADAMASIKO,SOROTI,OCULOI,,,no_article_found,
UBOS,parish,AGIRIGIROI,SOROTI,ARAPAI,,,no_article_found,
UBOS,parish,AGORA,SOROTI,LALLE,,,no_article_found,
UBOS,parish,AJONYI,SOROTI,OCULOI,,,no_article_found,
UBOS,parish,APARISA,SOROTI,TUBUR,,,no_article_found,
UBOS,parish,ARABAKA,SOROTI,ARAPAI,,,no_article_found,
UBOS,parish,AUKOT,SOROTI,AUKOT,,,no_article_found,
UBOS,parish,AWALIWAL,SOROTI,AWALIWAL,,,no_article_found,
UBOS,parish,AWASI WARD,SOROTI,TUBUR TOWN COUNCIL,,,no_article_found,
UBOS,parish,AWOJA,SOROTI,AUKOT,,,no_article_found,
UBOS,parish,CENTRAL WARD,SOROTI,TUBUR TOWN COUNCIL,,,no_article_found,
UBOS,parish,DAKABELA,SOROTI,ARAPAI,,,no_article_found,
UBOS,parish,DAMASIKO,SOROTI,AWALIWAL,,,no_article_found,
UBOS,parish,GWETOM,SOROTI,LALLE,,,no_article_found,
UBOS,parish,LALLE,SOROTI,LALLE,,,no_article_found,
UBOS,parish,MEROK,SOROTI,KATINE,,,no_article_found,
UBOS,parish,MUGENYA,SOROTI,AWALIWAL,,,no_article_found,
UBOS,parish,OBULE,SOROTI,ASURET,,,no_article_found,
UBOS,parish,OBULEI,SOROTI,TUBUR,,,no_article_found,
UBOS,parish,OCOKICAN,SOROTI,OCOKICAN,,,no_article_found,
UBOS,parish,OCOMAI,SOROTI,OCOKICAN,,,no_article_found,
UBOS,parish,OCULOI,SOROTI,OCULOI,,,no_article_found,
UBOS,parish,ODINA,SOROTI,KAMUDA,,,no_article_found,
UBOS,parish,ODUDUI,SOROTI,ARAPAI,,,no_article_found,
UBOS,parish,OGOLAI,SOROTI,TUBUR,,,no_article_found,
UBOS,parish,OGWOLO,SOROTI,KATINE,,,no_article_found,
UBOS,parish,OIMAI,SOROTI,KATINE,,,no_article_found,
UBOS,parish,OJAMA,SOROTI,KATINE,,,no_article_found,
UBOS,parish,OJOM,SOROTI,OCULOI,,,no_article_found,
UBOS,parish,OLWELAI,SOROTI,KATINE,,,no_article_found,
UBOS,parish,OMULALA,SOROTI,ASURET,,,no_article_found,
UBOS,parish,OPUCET,SOROTI,GWERI,,,no_article_found,
UBOS,parish,OREGIA,SOROTI,ASURET,,,no_article_found,
UBOS,parish,ORIETA WARD,SOROTI,TUBUR TOWN COUNCIL,,,no_article_found,
UBOS,parish,OSUGURO,SOROTI,AUKOT,,,no_article_found,
UBOS,parish,PALAET,SOROTI,TUBUR,,,no_article_found,
UBOS,parish,SAMUK,SOROTI,KATINE,,,no_article_found,
UBOS,parish,TAKARIAMIAM,SOROTI,AWALIWAL,,,no_article_found,
UBOS,parish,TELAMOT,SOROTI,AWALIWAL,,,no_article_found,
UBOS,parish,ACETGWEN WARD,SOROTI CITY,SOROTI EAST DIVISION,,,no_article_found,
UBOS,parish,AGAMA WARD,SOROTI CITY,SOROTI WEST DIVISION,,,no_article_found,
UBOS,parish,AGORA WARD,SOROTI CITY,SOROTI WEST DIVISION,,,no_article_found,
UBOS,parish,ALOET WARD,SOROTI CITY,SOROTI EAST DIVISION,,,no_article_found,
UBOS,parish,AMEN A WARD,SOROTI CITY,SOROTI WEST DIVISION,,,no_article_found,
UBOS,parish,AMEN B WARD,SOROTI CITY,SOROTI WEST DIVISION,,,no_article_found,
UBOS,parish,AMORU WARD,SOROTI CITY,SOROTI WEST DIVISION,,,no_article_found,
UBOS,parish,CAMP SWAHILI WARD,SOROTI CITY,SOROTI EAST DIVISION,,,no_article_found,
UBOS,parish,CENTRAL WARD,SOROTI CITY,SOROTI EAST DIVISION,,,no_article_found,
UBOS,parish,KENGERE WARD,SOROTI CITY,SOROTI EAST DIVISION,,,no_article_found,
UBOS,parish,KICHINJANJI WARD,SOROTI CITY,SOROTI EAST DIVISION,,,no_article_found,
UBOS,parish,MADERA WARD,SOROTI CITY,SOROTI EAST DIVISION,,,no_article_found,
UBOS,parish,MORUAPESUR WARD,SOROTI CITY,SOROTI EAST DIVISION,,,no_article_found,
UBOS,parish,NAKATUNYA WARD,SOROTI CITY,SOROTI WEST DIVISION,,,no_article_found,
UBOS,parish,ODERAI WARD,SOROTI CITY,SOROTI WEST DIVISION,,,no_article_found,
UBOS,parish,ODERAI/MAJENGO WARD,SOROTI CITY,SOROTI WEST DIVISION,,,no_article_found,
UBOS,parish,OPIAI WARD,SOROTI CITY,SOROTI EAST DIVISION,,,no_article_found,
UBOS,parish,OPUYO WARD,SOROTI CITY,SOROTI EAST DIVISION,,,no_article_found,
UBOS,parish,ORWADAI WARD,SOROTI CITY,SOROTI WEST DIVISION,,,no_article_found,
UBOS,parish,OTATAI WARD,SOROTI CITY,SOROTI EAST DIVISION,,,no_article_found,
UBOS,parish,PAMBA WARD,SOROTI CITY,SOROTI WEST DIVISION,,,no_article_found,
UBOS,parish,PIONEER WARD,SOROTI CITY,SOROTI EAST DIVISION,,,no_article_found,
UBOS,parish,SENIOR QUARTERS WARD,SOROTI CITY,SOROTI WEST DIVISION,,,no_article_found,
UBOS,parish,BWOGERO WARD,SSEMBABULE,NTUUSI TOWN COUNCIL,,,no_article_found,
UBOS,parish,DISPENSARY WARD,SSEMBABULE,SSEMBABULE TOWN COUNCIL,,,no_article_found,
UBOS,parish,ISHARA,SSEMBABULE,NABITANGA,,,no_article_found,
UBOS,parish,KABAALE,SSEMBABULE,NABITANGA,,,no_article_found,
UBOS,parish,KABAALE,SSEMBABULE,NAKASENYI,,,no_article_found,
UBOS,parish,KABAAREKEERA,SSEMBABULE,LUGUSULU,,,no_article_found,
UBOS,parish,KABUKONGOTE,SSEMBABULE,BULONGO,,,no_article_found,
UBOS,parish,KAIRASYA,SSEMBABULE,LUGUSULU,,,no_article_found,
UBOS,parish,KAKOMA,SSEMBABULE,KYEERA,,,no_article_found,
UBOS,parish,KAMIZIRE WARD,SSEMBABULE,NTUUSI TOWN COUNCIL,,,no_article_found,
UBOS,parish,KARUSHONSHOMEZI,SSEMBABULE,BULONGO,,,no_article_found,
UBOS,parish,KASAALU,SSEMBABULE,MABINDO,,,no_article_found,
UBOS,parish,KASHOZIKAMWE WARD,SSEMBABULE,NTUUSI TOWN COUNCIL,,,no_article_found,
UBOS,parish,KASONGI,SSEMBABULE,KAWANDA,,,no_article_found,
UBOS,parish,KENZIGA,SSEMBABULE,KATWE,,,no_article_found,
UBOS,parish,KIDOKOLO,SSEMBABULE,MIJWALA,,,no_article_found,
UBOS,parish,KINYWAMAZZI,SSEMBABULE,KATWE,,,no_article_found,
UBOS,parish,KIRAMA,SSEMBABULE,NABITANGA,,,no_article_found,
UBOS,parish,KIWUMULO WARD,SSEMBABULE,MATEETE TOWN COUNCIL,,,no_article_found,
UBOS,parish,KYABI,SSEMBABULE,KAWANDA,,,no_article_found,
UBOS,parish,LUTUNKU,SSEMBABULE,KAWANDA,,,no_article_found,
UBOS,parish,LWABAANA,SSEMBABULE,MIJWALA,,,no_article_found,
UBOS,parish,LWEMBOGO,SSEMBABULE,LWEBITAKULI,,,no_article_found,
UBOS,parish,LWEMIBU,SSEMBABULE,LWEMIYAGA,,,no_article_found,
UBOS,parish,LWENSANKALA,SSEMBABULE,LWEMIYAGA,,,no_article_found,
UBOS,parish,LWENTALE,SSEMBABULE,MITIMA,,,no_article_found,
UBOS,parish,MABINDO,SSEMBABULE,MABINDO,,,no_article_found,
UBOS,parish,MAKOOLE,SSEMBABULE,KYEERA,,,no_article_found,
UBOS,parish,MANYAMA,SSEMBABULE,MITETE,,,no_article_found,
UBOS,parish,MARKET WARD,SSEMBABULE,SSEMBABULE TOWN COUNCIL,,,no_article_found,
UBOS,parish,MEERU,SSEMBABULE,NABITANGA,,,no_article_found,
UBOS,parish,MITEETE,SSEMBABULE,MITETE,,,no_article_found,
UBOS,parish,MITIMA,SSEMBABULE,MITIMA,,,no_article_found,
UBOS,parish,MWITSI,SSEMBABULE,LUGUSULU,,,no_article_found,
UBOS,parish,NABITANGA,SSEMBABULE,NABITANGA,,,no_article_found,
UBOS,parish,NAKAGONGO,SSEMBABULE,MATEETE,,,no_article_found,
UBOS,parish,NAKASENYI,SSEMBABULE,NAKASENYI,,,no_article_found,
UBOS,parish,NANKONDO,SSEMBABULE,LWEBITAKULI,,,no_article_found,
UBOS,parish,NSOGA,SSEMBABULE,MIJWALA,,,no_article_found,
UBOS,parish,NTETE,SSEMBABULE,NAKASENYI,,,no_article_found,
UBOS,parish,NTYAZO,SSEMBABULE,NABITANGA,,,no_article_found,
UBOS,parish,PARISH WARD,SSEMBABULE,SSEMBABULE TOWN COUNCIL,,,no_article_found,
UBOS,parish,RUKOMA,SSEMBABULE,BULONGO,,,no_article_found,
UBOS,parish,AAWA WARD,TEREGO,LEJU TOWN COUNCIL,,,no_article_found,
UBOS,parish,ABINDI,TEREGO,BELEAFE,,,no_article_found,
UBOS,parish,ADDU WARD,TEREGO,LEJU TOWN COUNCIL,,,no_article_found,
UBOS,parish,ADRIPI,TEREGO,BELEAFE,,,no_article_found,
UBOS,parish,AJIRAKU,TEREGO,BELEAFE,,,no_article_found,
UBOS,parish,AKINIO,TEREGO,URIAMA,,,no_article_found,
UBOS,parish,ALIA WARD,TEREGO,LEJU TOWN COUNCIL,,,no_article_found,
UBOS,parish,ANAVU,TEREGO,KATRINI,,,no_article_found,
UBOS,parish,ANGAZI,TEREGO,OMUGO,,,no_article_found,
UBOS,parish,ANYUFIRA,TEREGO,OMUGO,,,no_article_found,
UBOS,parish,ARIPIA WARD,TEREGO,LEJU TOWN COUNCIL,,,no_article_found,
UBOS,parish,AYURI,TEREGO,AII-VU,,,no_article_found,
UBOS,parish,AZAAPI,TEREGO,ODUPI,,,no_article_found,
UBOS,parish,BURA,TEREGO,OMUGO,,,no_article_found,
UBOS,parish,DUKU,TEREGO,OMUGO,,,no_article_found,
UBOS,parish,EJONI,TEREGO,URIAMA,,,no_article_found,
UBOS,parish,EREA,TEREGO,AII-VU,,,no_article_found,
UBOS,parish,IDAYI,TEREGO,AII-VU,,,no_article_found,
UBOS,parish,IMVEPI,TEREGO,ODUPI,,,no_article_found,
UBOS,parish,KATIKU,TEREGO,URIAMA,,,no_article_found,
UBOS,parish,LUGBARI,TEREGO,ODUPI,,,no_article_found,
UBOS,parish,MARAJU,TEREGO,URIAMA,,,no_article_found,
UBOS,parish,NDAAPI,TEREGO,OMUGO,,,no_article_found,
UBOS,parish,NICU,TEREGO,BELEAFE,,,no_article_found,
UBOS,parish,OBI,TEREGO,OMUGO,,,no_article_found,
UBOS,parish,OCEA ZONE,TEREGO,RHINO CAMP REFUGEE SETTLEMENT,,,no_article_found,
UBOS,parish,OCOPI,TEREGO,KATRINI,,,no_article_found,
UBOS,parish,ODOBU ZONE,TEREGO,RHINO CAMP REFUGEE SETTLEMENT,,,no_article_found,
UBOS,parish,ODRUFUNI WARD,TEREGO,LEJU TOWN COUNCIL,,,no_article_found,
UBOS,parish,OFUA ZONE,TEREGO,RHINO CAMP REFUGEE SETTLEMENT,,,no_article_found,
UBOS,parish,OKAVU,TEREGO,ODUPI,,,no_article_found,
UBOS,parish,OKAVU,TEREGO,KATRINI,,,no_article_found,
UBOS,parish,OLEA,TEREGO,KATRINI,,,no_article_found,
UBOS,parish,OLUA,TEREGO,KATRINI,,,no_article_found,
UBOS,parish,OMBOKORO,TEREGO,ODUPI,,,no_article_found,
UBOS,parish,OMUGO ZONE,TEREGO,RHINO CAMP REFUGEE SETTLEMENT,,,no_article_found,
UBOS,parish,ONAI,TEREGO,AII-VU,,,no_article_found,
UBOS,parish,ONZORO,TEREGO,AII-VU,,,no_article_found,
UBOS,parish,ONZORO,TEREGO,KATRINI,,,no_article_found,
UBOS,parish,ORIVU,TEREGO,ODUPI,,,no_article_found,
UBOS,parish,OTUMBARI,TEREGO,ODUPI,,,no_article_found,
UBOS,parish,OTUMBARI,TEREGO,URIAMA,,,no_article_found,
UBOS,parish,OWAYI,TEREGO,OMUGO,,,no_article_found,
UBOS,parish,SIRIPI ZONE,TEREGO,RHINO CAMP REFUGEE SETTLEMENT,,,no_article_found,
UBOS,parish,YIDDU,TEREGO,OMUGO,,,no_article_found,
UBOS,parish,ZONE 1,TEREGO,IMVEPI REFUGEE SETTLEMENT,,,no_article_found,
UBOS,parish,ZONE 2,TEREGO,IMVEPI REFUGEE SETTLEMENT,,,no_article_found,
UBOS,parish,ZONE 3,TEREGO,IMVEPI REFUGEE SETTLEMENT,,,no_article_found,
UBOS,parish,ZONE 4,TEREGO,IMVEPI REFUGEE SETTLEMENT,,,no_article_found,
UBOS,parish,ABUR,TORORO,KAYORO,,,no_article_found,
UBOS,parish,ABWAL,TORORO,MOLO,,,no_article_found,
UBOS,parish,ABWANGET WARD,TORORO,OSUKURU TOWN COUNCIL,,,no_article_found,
UBOS,parish,AGGE,TORORO,PAYA,,,no_article_found,
UBOS,parish,AGOLA,TORORO,RUBONGI,,,no_article_found,
UBOS,parish,AGUMIT,TORORO,MWELLO,,,no_article_found,
UBOS,parish,AGURURU A,TORORO,TORORO WESTERN,,,no_article_found,
UBOS,parish,AGURURU B,TORORO,TORORO WESTERN,,,no_article_found,
UBOS,parish,AKADOT,TORORO,AKADOT,,,no_article_found,
UBOS,parish,AKOLODONG WARD,TORORO,MALABA TOWN COUNCIL,,,no_article_found,
UBOS,parish,AKORET,TORORO,MUKUJU,,,no_article_found,
UBOS,parish,AKWOROT,TORORO,MUKUJU,,,no_article_found,
UBOS,parish,AMAGORO A,TORORO,TORORO EASTERN,,,no_article_found,
UBOS,parish,AMAGORO B,TORORO,TORORO EASTERN,,,no_article_found,
UBOS,parish,AMAGORO WARD,TORORO,APOKOR TOWN COUNCIL,,,no_article_found,
UBOS,parish,AMAGORO WARD,TORORO,KWAPA TOWN COUNCIL,,,no_article_found,
UBOS,parish,AMAGORO WARD,TORORO,MALABA TOWN COUNCIL,,,no_article_found,
UBOS,parish,AMAGORO WARD,TORORO,OSUKURU TOWN COUNCIL,,,no_article_found,
UBOS,parish,AMONI,TORORO,KALAIT,,,no_article_found,
UBOS,parish,AMOR WARD,TORORO,PAJWENDA TOWN COUNCIL,,,no_article_found,
UBOS,parish,AMURWO,TORORO,MERIKIT,,,no_article_found,
UBOS,parish,ANGOLOL,TORORO,MORUKATIPE,,,no_article_found,
UBOS,parish,ANGOLOLO,TORORO,KALAIT,,,no_article_found,
UBOS,parish,APOKOR,TORORO,MERIKIT,,,no_article_found,
UBOS,parish,APUTIRI,TORORO,MORUKATIPE,,,no_article_found,
UBOS,parish,APUWAI,TORORO,KWAPA,,,no_article_found,
UBOS,parish,AROWA,TORORO,MERIKIT,,,no_article_found,
UBOS,parish,ASINGE,TORORO,MERIKIT,,,no_article_found,
UBOS,parish,ASINGE,TORORO,KWAPA,,,no_article_found,
UBOS,parish,ASINGE WARD,TORORO,MALABA TOWN COUNCIL,,,no_article_found,
UBOS,parish,ASINGET,TORORO,KAYORO,,,no_article_found,
UBOS,parish,ATURUKUKU,TORORO,RUBONGI,,,no_article_found,
UBOS,parish,AUKOT,TORORO,APETAI,,,no_article_found,
UBOS,parish,AUYO,TORORO,IYOLWA,,,no_article_found,
UBOS,parish,BIRA WARD,TORORO,PAJWENDA TOWN COUNCIL,,,no_article_found,
UBOS,parish,BISON/MAGORIA,TORORO,TORORO WESTERN,,,no_article_found,
UBOS,parish,BUMANDA,TORORO,OJILAI,,,no_article_found,
UBOS,parish,CENTRAL,TORORO,TORORO WESTERN,,,no_article_found,
UBOS,parish,CENTRAL WARD,TORORO,MAGODES TOWN COUNCIL,,,no_article_found,
UBOS,parish,CENTRAL WARD,TORORO,MERIKIT TOWN COUNCIL,,,no_article_found,
UBOS,parish,CENTRAL WARD,TORORO,NAGONGERA TOWN COUNCIL,,,no_article_found,
UBOS,parish,CHAWOLO,TORORO,MULANDA,,,no_article_found,
UBOS,parish,CHAWOLO,TORORO,SONI,,,no_article_found,
UBOS,parish,FUNGWE,TORORO,OJILAI,,,no_article_found,
UBOS,parish,GINNERY WARD,TORORO,MAGODES TOWN COUNCIL,,,no_article_found,
UBOS,parish,GULE,TORORO,MAGOLA,,,no_article_found,
UBOS,parish,GULE WARD,TORORO,IYOLWA TOWN COUNCIL,,,no_article_found,
UBOS,parish,GWARAGWARA,TORORO,KISOKO,,,no_article_found,
UBOS,parish,IYOKANGO,TORORO,NYANGOLE,,,no_article_found,
UBOS,parish,KABIRO,TORORO,AKADOT,,,no_article_found,
UBOS,parish,KABOSA WARD,TORORO,KWAPA TOWN COUNCIL,,,no_article_found,
UBOS,parish,KACHINGA WARD,TORORO,MERIKIT TOWN COUNCIL,,,no_article_found,
UBOS,parish,KADOMOCHE,TORORO,MELLA,,,no_article_found,
UBOS,parish,KAGWARA,TORORO,OSIA,,,no_article_found,
UBOS,parish,KAJARAU,TORORO,MUKUJU,,,no_article_found,
UBOS,parish,KALACHAI,TORORO,APETAI,,,no_article_found,
UBOS,parish,KALAIT,TORORO,KALAIT,,,no_article_found,
UBOS,parish,KASIPODO,TORORO,KAYORO,,,no_article_found,
UBOS,parish,KASOLI,TORORO,TORORO EASTERN,,,no_article_found,
UBOS,parish,KATAJULA,TORORO,KATAJULA,,,no_article_found,
UBOS,parish,KATANDI,TORORO,KIREWA,,,no_article_found,
UBOS,parish,KAYORO,TORORO,AKADOT,,,no_article_found,
UBOS,parish,KAYORO,TORORO,KAYORO,,,no_article_found,
UBOS,parish,KIDOKO,TORORO,MOLO,,,no_article_found,
UBOS,parish,KINYILI,TORORO,MELLA,,,no_article_found,
UBOS,parish,KIPANGOR,TORORO,MOLO,,,no_article_found,
UBOS,parish,KISIA,TORORO,SERE,,,no_article_found,
UBOS,parish,KISOTE,TORORO,MWELLO,,,no_article_found,
UBOS,parish,KOCHOGE,TORORO,APETAI,,,no_article_found,
UBOS,parish,KODIKE,TORORO,KALAIT,,,no_article_found,
UBOS,parish,KOITANGIRO,TORORO,MELLA,,,no_article_found,
UBOS,parish,KOJIM,TORORO,KWAPA,,,no_article_found,
UBOS,parish,KOROBUDI,TORORO,MULANDA,,,no_article_found,
UBOS,parish,LINGINGI,TORORO,NABUYOGA,,,no_article_found,
UBOS,parish,LIWIRA,TORORO,SERE,,,no_article_found,
UBOS,parish,MATINDI,TORORO,KATAJULA,,,no_article_found,
UBOS,parish,MAUNDO,TORORO,NAGONGERA,,,no_article_found,
UBOS,parish,MBULA,TORORO,PETTA,,,no_article_found,
UBOS,parish,MIGANJA WARD,TORORO,NABUYOGA TOWN COUNCIL,,,no_article_found,
UBOS,parish,MIKIYA,TORORO,MWELLO,,,no_article_found,
UBOS,parish,MIUS,TORORO,NAWIRE,,,no_article_found,
UBOS,parish,MORIKISWA,TORORO,KISOKO,,,no_article_found,
UBOS,parish,MORUKATIPE,TORORO,MORUKATIPE,,,no_article_found,
UBOS,parish,MORUKEBU,TORORO,KALAIT,,,no_article_found,
UBOS,parish,MORUKONYANGAI,TORORO,AKADOT,,,no_article_found,
UBOS,parish,MUFUMI,TORORO,SONI,,,no_article_found,
UBOS,parish,MUKWANA,TORORO,KATAJULA,,,no_article_found,
UBOS,parish,MUWAFU WARD,TORORO,NABUYOGA TOWN COUNCIL,,,no_article_found,
UBOS,parish,MWELLO,TORORO,MWELLO,,,no_article_found,
UBOS,parish,NABOWA,TORORO,SOPSOP,,,no_article_found,
UBOS,parish,NAGOKE,TORORO,SONI,,,no_article_found,
UBOS,parish,NAMBOGO WARD,TORORO,IYOLWA TOWN COUNCIL,,,no_article_found,
UBOS,parish,NAMWANGA,TORORO,NABUYOGA,,,no_article_found,
UBOS,parish,NAMWANGA CENTRAL,TORORO,NABUYOGA,,,no_article_found,
UBOS,parish,NAMWAYA,TORORO,NAGONGERA,,,no_article_found,
UBOS,parish,NAMWENDIA,TORORO,SOPSOP,,,no_article_found,
UBOS,parish,NAWIRE,TORORO,NAWIRE,,,no_article_found,
UBOS,parish,NYAKESI,TORORO,NYANGOLE,,,no_article_found,
UBOS,parish,NYALAKOT,TORORO,MORUKATIPE,,,no_article_found,
UBOS,parish,NYALAKOT WARD,TORORO,APOKOR TOWN COUNCIL,,,no_article_found,
UBOS,parish,NYAMALOGO,TORORO,SIWA,,,no_article_found,
UBOS,parish,NYANGOLE,TORORO,TORORO EASTERN,,,no_article_found,
UBOS,parish,NYANGOLE,TORORO,NYANGOLE,,,no_article_found,
UBOS,parish,NYASIRENGE,TORORO,PAYA,,,no_article_found,
UBOS,parish,NYAWIMBI,TORORO,PAYA,,,no_article_found,
UBOS,parish,NYEMERA,TORORO,IYOLWA,,,no_article_found,
UBOS,parish,OBORE WARD,TORORO,MALABA TOWN COUNCIL,,,no_article_found,
UBOS,parish,OBURI,TORORO,KWAPA,,,no_article_found,
UBOS,parish,OCHEGEN WARD,TORORO,KWAPA TOWN COUNCIL,,,no_article_found,
UBOS,parish,OGIRIO,TORORO,KWAPA,,,no_article_found,
UBOS,parish,OJILAI,TORORO,OJILAI,,,no_article_found,
UBOS,parish,OKWIRA,TORORO,NAGONGERA,,,no_article_found,
UBOS,parish,OSIA,TORORO,OSIA,,,no_article_found,
UBOS,parish,OTUKURI WARD,TORORO,APOKOR TOWN COUNCIL,,,no_article_found,
UBOS,parish,PABONE WARD,TORORO,IYOLWA TOWN COUNCIL,,,no_article_found,
UBOS,parish,PADULA,TORORO,PAYA,,,no_article_found,
UBOS,parish,PAGOYA,TORORO,KATAJULA,,,no_article_found,
UBOS,parish,PAJWENDA WARD,TORORO,PAJWENDA TOWN COUNCIL,,,no_article_found,
UBOS,parish,PAKOI,TORORO,PETTA,,,no_article_found,
UBOS,parish,PANYANGASI,TORORO,RUBONGI,,,no_article_found,
UBOS,parish,PANYIRENJA WARD,TORORO,PAJWENDA TOWN COUNCIL,,,no_article_found,
UBOS,parish,PAPAKOL,TORORO,MOLO,,,no_article_found,
UBOS,parish,PAPOL,TORORO,MAGOLA,,,no_article_found,
UBOS,parish,PARAGANG,TORORO,PAYA,,,no_article_found,
UBOS,parish,PASINDI,TORORO,MULANDA,,,no_article_found,
UBOS,parish,PAWANGA WARD,TORORO,NABUYOGA TOWN COUNCIL,,,no_article_found,
UBOS,parish,PAYA,TORORO,PAYA,,,no_article_found,
UBOS,parish,PAYA CENTRAL,TORORO,PAYA,,,no_article_found,
UBOS,parish,PEI-PEI,TORORO,KISOKO,,,no_article_found,
UBOS,parish,PER - PER,TORORO,SOPSOP,,,no_article_found,
UBOS,parish,PEREJE WARD,TORORO,APOKOR TOWN COUNCIL,,,no_article_found,
UBOS,parish,POKONGO,TORORO,NAGONGERA,,,no_article_found,
UBOS,parish,POWENDO,TORORO,RUBONGI,,,no_article_found,
UBOS,parish,POYAMERI,TORORO,MAGOLA,,,no_article_found,
UBOS,parish,POYEM,TORORO,IYOLWA,,,no_article_found,
UBOS,parish,RAMOGI,TORORO,PETTA,,,no_article_found,
UBOS,parish,SENDA,TORORO,KIREWA,,,no_article_found,
UBOS,parish,SENGO,TORORO,NAWIRE,,,no_article_found,
UBOS,parish,SERE,TORORO,SERE,,,no_article_found,
UBOS,parish,SIWA,TORORO,SIWA,,,no_article_found,
UBOS,parish,SONI,TORORO,SONI,,,no_article_found,
UBOS,parish,STATION WARD,TORORO,MAGODES TOWN COUNCIL,,,no_article_found,
UBOS,parish,TICAF WARD,TORORO,OSUKURU TOWN COUNCIL,,,no_article_found,
UBOS,parish,TINDO,TORORO,KIREWA,,,no_article_found,
UBOS,parish,TOTOKIDWE,TORORO,APETAI,,,no_article_found,
UBOS,parish,TUBA WARD,TORORO,MAGODES TOWN COUNCIL,,,no_article_found,
UBOS,parish,BAKA,WAKISO,MENDE,,,no_article_found,
UBOS,parish,BALABALA,WAKISO,BUSSI,,,no_article_found,
UBOS,parish,BBANDA,WAKISO,MENDE,,,no_article_found,
UBOS,parish,BBEMBE,WAKISO,NAMAYUMBA,,,no_article_found,
UBOS,parish,BBIKA WARD,WAKISO,MASULIITA TOWN COUNCIL,,,no_article_found,
UBOS,parish,BUDDO WARD,WAKISO,KYENGERA TOWN COUNCIL,,,no_article_found,
UBOS,parish,BUKALANGO WARD,WAKISO,KAKIRI TOWN COUNCIL,,,no_article_found,
UBOS,parish,BUKASA,WAKISO,WAKISO,,,no_article_found,
UBOS,parish,BUKONDO,WAKISO,NAMAYUMBA,,,no_article_found,
UBOS,parish,BULAMU WARD,WAKISO,KASANGATI TOWN COUNCIL,,,no_article_found,
UBOS,parish,BULUMBU,WAKISO,KASANJE TOWN COUNCIL,,,no_article_found,
UBOS,parish,BULWANYI WARD,WAKISO,KAJJANSI TOWN COUNCIL,,,no_article_found,
UBOS,parish,BUNAMWAYA WARD,WAKISO,BUNAMWAYA DIVISION,,,no_article_found,
UBOS,parish,BUSABALA WARD,WAKISO,MASAJJA DIVISION,,,no_article_found,
UBOS,parish,BUSSI/KISABA,WAKISO,BUSSI,,,no_article_found,
UBOS,parish,BUSUJJA WARD,WAKISO,KAKIRI TOWN COUNCIL,,,no_article_found,
UBOS,parish,BUWAMBO WARD,WAKISO,GOMBE DIVISION,,,no_article_found,
UBOS,parish,BUWANUKA,WAKISO,KAKIRI,,,no_article_found,
UBOS,parish,BWEYA WARD,WAKISO,KAJJANSI TOWN COUNCIL,,,no_article_found,
UBOS,parish,CENTRAL,WAKISO,DIVISION A,,,no_article_found,
UBOS,parish,GULUDDENE,WAKISO,BUSUKUMA DIVISION,,,no_article_found,
UBOS,parish,GULWE,WAKISO,BUSSI,,,no_article_found,
UBOS,parish,JAGGALA WARD,WAKISO,GOMBE DIVISION,,,no_article_found,
UBOS,parish,JUNGO,WAKISO,KASANJE TOWN COUNCIL,,,no_article_found,
UBOS,parish,KABAALE WARD,WAKISO,KATABI TOWN COUNCIL,,,no_article_found,
UBOS,parish,KABUBBU WARD,WAKISO,KASANGATI TOWN COUNCIL,,,no_article_found,
UBOS,parish,KABUUMBA,WAKISO,BUSUKUMA DIVISION,,,no_article_found,
UBOS,parish,KALIITI,WAKISO,MENDE,,,no_article_found,
UBOS,parish,KANZIRO,WAKISO,NAMAYUMBA,,,no_article_found,
UBOS,parish,KANZIZE WARD,WAKISO,MASULIITA TOWN COUNCIL,,,no_article_found,
UBOS,parish,KASENGE WARD,WAKISO,KYENGERA TOWN COUNCIL,,,no_article_found,
UBOS,parish,KASENGEJJE WARD,WAKISO,WAKISO TOWN COUNCIL,,,no_article_found,
UBOS,parish,KATADDE WARD,WAKISO,KASANGATI TOWN COUNCIL,,,no_article_found,
UBOS,parish,KATEREKE WARD,WAKISO,KYENGERA TOWN COUNCIL,,,no_article_found,
UBOS,parish,KAVUMBA WARD,WAKISO,WAKISO TOWN COUNCIL,,,no_article_found,
UBOS,parish,KIGUNGU,WAKISO,DIVISION B,,,no_article_found,
UBOS,parish,KIKAJJO WARD,WAKISO,KYENGERA TOWN COUNCIL,,,no_article_found,
UBOS,parish,KIKOKO,WAKISO,BUSUKUMA DIVISION,,,no_article_found,
UBOS,parish,KIKUBAMPANGA WARD,WAKISO,KAKIRI TOWN COUNCIL,,,no_article_found,
UBOS,parish,KIRYAMULI WARD,WAKISO,GOMBE DIVISION,,,no_article_found,
UBOS,parish,KISIMBIRI WARD,WAKISO,WAKISO TOWN COUNCIL,,,no_article_found,
UBOS,parish,KITALA WARD,WAKISO,KATABI TOWN COUNCIL,,,no_article_found,
UBOS,parish,KITAYITA,WAKISO,NAMAYUMBA,,,no_article_found,
UBOS,parish,KITEEZI WARD,WAKISO,KASANGATI TOWN COUNCIL,,,no_article_found,
UBOS,parish,KITENDE WARD,WAKISO,KAJJANSI TOWN COUNCIL,,,no_article_found,
UBOS,parish,KIWAFU,WAKISO,DIVISION B,,,no_article_found,
UBOS,parish,KIWENDA,WAKISO,BUSUKUMA DIVISION,,,no_article_found,
UBOS,parish,KYANUNA WARD,WAKISO,NAMAYUMBA TOWN COUNCIL,,,no_article_found,
UBOS,parish,KYENGEZA,WAKISO,MASULIITA,,,no_article_found,
UBOS,parish,LUBBE,WAKISO,KAKIRI,,,no_article_found,
UBOS,parish,LUGEYE WARD,WAKISO,KAKIRI TOWN COUNCIL,,,no_article_found,
UBOS,parish,LUGO,WAKISO,BUSUKUMA DIVISION,,,no_article_found,
UBOS,parish,LUGUNGUDE,WAKISO,MASULIITA,,,no_article_found,
UBOS,parish,LUGUZI WARD,WAKISO,NAMAYUMBA TOWN COUNCIL,,,no_article_found,
UBOS,parish,LUKWANGA,WAKISO,WAKISO,,,no_article_found,
UBOS,parish,LUTTISI WARD,WAKISO,NAMAYUMBA TOWN COUNCIL,,,no_article_found,
UBOS,parish,LUWUNGA,WAKISO,KAKIRI,,,no_article_found,
UBOS,parish,LWEMWEDDE,WAKISO,MASULIITA,,,no_article_found,
UBOS,parish,MAGANJO,WAKISO,NABWERU DIVISION,,,no_article_found,
UBOS,parish,MAGIGYE,WAKISO,BUSUKUMA DIVISION,,,no_article_found,
UBOS,parish,MAGOGGO,WAKISO,KAKIRI,,,no_article_found,
UBOS,parish,MAKO,WAKISO,KASANJE TOWN COUNCIL,,,no_article_found,
UBOS,parish,MASOOLI WARD,WAKISO,KASANGATI TOWN COUNCIL,,,no_article_found,
UBOS,parish,MASULIITA WARD,WAKISO,MASULIITA TOWN COUNCIL,,,no_article_found,
UBOS,parish,MIGADDE WARD,WAKISO,GOMBE DIVISION,,,no_article_found,
UBOS,parish,MMANZE,WAKISO,MASULIITA,,,no_article_found,
UBOS,parish,MWERERWE WARD,WAKISO,GOMBE DIVISION,,,no_article_found,
UBOS,parish,NAKAWUKA WARD,WAKISO,KAJJANSI TOWN COUNCIL,,,no_article_found,
UBOS,parish,NAKEDDE,WAKISO,NAMAYUMBA,,,no_article_found,
UBOS,parish,NAKIKUNGUBE,WAKISO,MASULIITA,,,no_article_found,
UBOS,parish,NAKYERONGOSA WARD,WAKISO,KAKIRI TOWN COUNCIL,,,no_article_found,
UBOS,parish,NALUGALA WARD,WAKISO,KATABI TOWN COUNCIL,,,no_article_found,
UBOS,parish,NALUVULE,WAKISO,WAKISO,,,no_article_found,
UBOS,parish,NAMPUNGE,WAKISO,KAKIRI,,,no_article_found,
UBOS,parish,NAMULANDA WARD,WAKISO,KAJJANSI TOWN COUNCIL,,,no_article_found,
UBOS,parish,NANKONGE WARD,WAKISO,KAJJANSI TOWN COUNCIL,,,no_article_found,
UBOS,parish,NANSANA 7/8 OCHIENG WARD,WAKISO,NANSANA DIVISION,,,no_article_found,
UBOS,parish,NANZIGA WARD,WAKISO,KYENGERA TOWN COUNCIL,,,no_article_found,
UBOS,parish,NASSE WARD,WAKISO,GOMBE DIVISION,,,no_article_found,
UBOS,parish,NGONGOLO WARD,WAKISO,KAJJANSI TOWN COUNCIL,,,no_article_found,
UBOS,parish,NKUNGULUTALE WARD,WAKISO,KAJJANSI TOWN COUNCIL,,,no_article_found,
UBOS,parish,NSANGU WARD,WAKISO,KAJJANSI TOWN COUNCIL,,,no_article_found,
UBOS,parish,SEGUKU WARD,WAKISO,NDEJJE DIVISION,,,no_article_found,
UBOS,parish,SOKOLO,WAKISO,KASANJE TOWN COUNCIL,,,no_article_found,
UBOS,parish,SSANGA WARD,WAKISO,GOMBE DIVISION,,,no_article_found,
UBOS,parish,SSAZI,WAKISO,KASANJE TOWN COUNCIL,,,no_article_found,
UBOS,parish,SUMBWE,WAKISO,WAKISO,,,no_article_found,
UBOS,parish,TEBANKIZA,WAKISO,BUSSI,,,no_article_found,
UBOS,parish,TIKALU WARD,WAKISO,GOMBE DIVISION,,,no_article_found,
UBOS,parish,TUMBAALI,WAKISO,MASULIITA,,,no_article_found,
UBOS,parish,WAMALA,WAKISO,NABWERU DIVISION,,,no_article_found,
UBOS,parish,WAMALA WARD,WAKISO,KAJJANSI TOWN COUNCIL,,,no_article_found,
UBOS,parish,WAMBALE WARD,WAKISO,GOMBE DIVISION,,,no_article_found,
UBOS,parish,WAMIRONGO,WAKISO,BUSUKUMA DIVISION,,,no_article_found,
UBOS,parish,WAMPEWO WARD,WAKISO,KASANGATI TOWN COUNCIL,,,no_article_found,
UBOS,parish,ZZINGA,WAKISO,BUSSI,,,no_article_found,
UBOS,parish,ABARA,YUMBE,BIDI BIDI REFUGEE CAMP,,,no_article_found,
UBOS,parish,ABARA,YUMBE,ODRAVU WEST,,,no_article_found,
UBOS,parish,ADIBO,YUMBE,ARAFA,,,no_article_found,
UBOS,parish,ADRONGA WARD,YUMBE,MIDIGO TOWN COUNCIL,,,no_article_found,
UBOS,parish,AJOKA,YUMBE,ARILO,,,no_article_found,
UBOS,parish,AJUJI,YUMBE,BIDI BIDI REFUGEE CAMP,,,no_article_found,
UBOS,parish,AJUJI,YUMBE,KULULU,,,no_article_found,
UBOS,parish,AKAYA WARD,YUMBE,LOBE TOWN COUNCIL,,,no_article_found,
UBOS,parish,AKIA,YUMBE,KEI,,,no_article_found,
UBOS,parish,AKUURU,YUMBE,BIDI BIDI REFUGEE CAMP,,,no_article_found,
UBOS,parish,AKUURU,YUMBE,KULULU,,,no_article_found,
UBOS,parish,ALELINGA,YUMBE,BIJO,,,no_article_found,
UBOS,parish,ALIAPI,YUMBE,BIJO,,,no_article_found,
UBOS,parish,ALILIA,YUMBE,APO,,,no_article_found,
UBOS,parish,ALINGA,YUMBE,KURU,,,no_article_found,
UBOS,parish,AMANYIRI WARD,YUMBE,YUMBE TOWN COUNCIL,,,no_article_found,
UBOS,parish,AMBALA WARD,YUMBE,KURU TOWN COUNCIL,,,no_article_found,
UBOS,parish,AMBELECHU,YUMBE,ODRAVU WEST,,,no_article_found,
UBOS,parish,ANITI,YUMBE,ODRAVU WEST,,,no_article_found,
UBOS,parish,ARANGA,YUMBE,ARIA,,,no_article_found,
UBOS,parish,ARANGA,YUMBE,ODRAVU WEST,,,no_article_found,
UBOS,parish,ARIA,YUMBE,ARIA,,,no_article_found,
UBOS,parish,ARIGUYI WARD,YUMBE,YUMBE TOWN COUNCIL,,,no_article_found,
UBOS,parish,ARUBAKU,YUMBE,DRAJINI,,,no_article_found,
UBOS,parish,ARUMADRI,YUMBE,ODRAVU,,,no_article_found,
UBOS,parish,ARUNGA,YUMBE,YUMBE TOWN COUNCIL,,,no_article_found,
UBOS,parish,AUPI,YUMBE,ARAFA,,,no_article_found,
UBOS,parish,AWINGA,YUMBE,ARIWA,,,no_article_found,
UBOS,parish,AWINGA,YUMBE,BIDI BIDI REFUGEE CAMP,,,no_article_found,
UBOS,parish,AWOBA,YUMBE,KEI,,,no_article_found,
UBOS,parish,AYURI,YUMBE,ODRAVU WEST,,,no_article_found,
UBOS,parish,BANGATUTI,YUMBE,BIDI BIDI REFUGEE CAMP,,,no_article_found,
UBOS,parish,BANGATUTI,YUMBE,ODRAVU,,,no_article_found,
UBOS,parish,BANIKA,YUMBE,APO,,,no_article_found,
UBOS,parish,BIDIBIDI,YUMBE,BIDI BIDI REFUGEE CAMP,,,no_article_found,
UBOS,parish,BIDIBIDI,YUMBE,ROMOGI,,,no_article_found,
UBOS,parish,BIDIBIDI REFUGEE CAMP,YUMBE,BIDI BIDI REFUGEE CAMP,,,no_article_found,
UBOS,parish,BIJO,YUMBE,APO,,,no_article_found,
UBOS,parish,BIJO,YUMBE,ODRAVU,,,no_article_found,
UBOS,parish,BILEWU WARD,YUMBE,YUMBE TOWN COUNCIL,,,no_article_found,
UBOS,parish,BILIJIA,YUMBE,ARIA,,,no_article_found,
UBOS,parish,BIZEE,YUMBE,KEI,,,no_article_found,
UBOS,parish,BORI,YUMBE,ARILO,,,no_article_found,
UBOS,parish,BURA,YUMBE,BIJO,,,no_article_found,
UBOS,parish,CHABILI,YUMBE,ROMOGI,,,no_article_found,
UBOS,parish,CHARANGA WARD,YUMBE,YUMBE TOWN COUNCIL,,,no_article_found,
UBOS,parish,DIMU,YUMBE,ARAFA,,,no_article_found,
UBOS,parish,DONDI,YUMBE,DRAJINI,,,no_article_found,
UBOS,parish,DONGOLOTO,YUMBE,KULULU,,,no_article_found,
UBOS,parish,DRADRANGA,YUMBE,KULULU,,,no_article_found,
UBOS,parish,DRIWALA,YUMBE,LODONGA,,,no_article_found,
UBOS,parish,DUKULIA,YUMBE,KEI,,,no_article_found,
UBOS,parish,DUKURENGA,YUMBE,BIJO,,,no_article_found,
UBOS,parish,EWAFA,YUMBE,KULULU,,,no_article_found,
UBOS,parish,EYETE,YUMBE,ROMOGI,,,no_article_found,
UBOS,parish,GALABA WARD,YUMBE,LODONGA TOWN COUNCIL,,,no_article_found,
UBOS,parish,GBOROGBOROCHU,YUMBE,KOCHI,,,no_article_found,
UBOS,parish,GEYA,YUMBE,BIJO,,,no_article_found,
UBOS,parish,GICHARA,YUMBE,ARILO,,,no_article_found,
UBOS,parish,GILLA,YUMBE,BIJO,,,no_article_found,
UBOS,parish,GIMERE,YUMBE,ARILO,,,no_article_found,
UBOS,parish,GIRO,YUMBE,KEI,,,no_article_found,
UBOS,parish,GOBORO,YUMBE,KOCHI,,,no_article_found,
UBOS,parish,GOBU,YUMBE,KEI,,,no_article_found,
UBOS,parish,GODRIA,YUMBE,ODRAVU WEST,,,no_article_found,
UBOS,parish,GOJURU,YUMBE,KURU,,,no_article_found,
UBOS,parish,GOJURU WARD,YUMBE,KURU TOWN COUNCIL,,,no_article_found,
UBOS,parish,GOTRI,YUMBE,ARILO,,,no_article_found,
UBOS,parish,IBABIRI,YUMBE,ODRAVU,,,no_article_found,
UBOS,parish,IDRALU WARD,YUMBE,BARAKALA TOWN COUNCIL,,,no_article_found,
UBOS,parish,IDRALU WARD,YUMBE,BIDI BIDI REFUGEE CAMP,,,no_article_found,
UBOS,parish,IKAFE,YUMBE,ARIWA,,,no_article_found,
UBOS,parish,IKAFE,YUMBE,BIDI BIDI REFUGEE CAMP,,,no_article_found,
UBOS,parish,IKUFE,YUMBE,ODRAVU WEST,,,no_article_found,
UBOS,parish,IMVENGA,YUMBE,KURU,,,no_article_found,
UBOS,parish,JALATA,YUMBE,ARILO,,,no_article_found,
UBOS,parish,JOKE,YUMBE,ARILO,,,no_article_found,
UBOS,parish,KALAMGBA,YUMBE,LORI,,,no_article_found,
UBOS,parish,KANABU WARD,YUMBE,LOBE TOWN COUNCIL,,,no_article_found,
UBOS,parish,KANDIYA,YUMBE,LORI,,,no_article_found,
UBOS,parish,KEGBURU,YUMBE,KOCHI,,,no_article_found,
UBOS,parish,KELURUNGA,YUMBE,KOCHI,,,no_article_found,
UBOS,parish,KERILA,YUMBE,APO,,,no_article_found,
UBOS,parish,KOBBE,YUMBE,WANDI,,,no_article_found,
UBOS,parish,KOCHI,YUMBE,KOCHI,,,no_article_found,
UBOS,parish,KOKA,YUMBE,ARILO,,,no_article_found,
UBOS,parish,KOLORO,YUMBE,LORI,,,no_article_found,
UBOS,parish,KOMGBE,YUMBE,BIDI BIDI REFUGEE CAMP,,,no_article_found,
UBOS,parish,KOMGBE,YUMBE,KULULU,,,no_article_found,
UBOS,parish,KOPIONGA,YUMBE,KERWA,,,no_article_found,
UBOS,parish,KOPUA,YUMBE,MIDIGO,,,no_article_found,
UBOS,parish,KOWONGA,YUMBE,ARIA,,,no_article_found,
UBOS,parish,KUBA,YUMBE,ARIA,,,no_article_found,
UBOS,parish,KUJUA WARD,YUMBE,MIDIGO TOWN COUNCIL,,,no_article_found,
UBOS,parish,KULACHA,YUMBE,KULULU,,,no_article_found,
UBOS,parish,KULULUA WARD,YUMBE,LOBE TOWN COUNCIL,,,no_article_found,
UBOS,parish,KUPIA,YUMBE,KERWA,,,no_article_found,
UBOS,parish,LIBUA,YUMBE,KURU,,,no_article_found,
UBOS,parish,LIMBE WARD,YUMBE,MIDIGO TOWN COUNCIL,,,no_article_found,
UBOS,parish,LIMIDIA,YUMBE,LORI,,,no_article_found,
UBOS,parish,LIMU,YUMBE,KERWA,,,no_article_found,
UBOS,parish,LIMURU,YUMBE,LODONGA TOWN COUNCIL,,,no_article_found,
UBOS,parish,LOCOMGBO,YUMBE,ROMOGI,,,no_article_found,
UBOS,parish,LOGBODO,YUMBE,BIDI BIDI REFUGEE CAMP,,,no_article_found,
UBOS,parish,LOGBODO,YUMBE,KULULU,,,no_article_found,
UBOS,parish,LOKPE,YUMBE,KOCHI,,,no_article_found,
UBOS,parish,LOMBE,YUMBE,KOCHI,,,no_article_found,
UBOS,parish,LOMIRUI WARD,YUMBE,BARAKALA TOWN COUNCIL,,,no_article_found,
UBOS,parish,LOMUNGA,YUMBE,BIJO,,,no_article_found,
UBOS,parish,LOYA WARD,YUMBE,MIDIGO TOWN COUNCIL,,,no_article_found,
UBOS,parish,LUI,YUMBE,KERWA,,,no_article_found,
UBOS,parish,LUI,YUMBE,ODRAVU WEST,,,no_article_found,
UBOS,parish,LUKUTUA WARD,YUMBE,YUMBE TOWN COUNCIL,,,no_article_found,
UBOS,parish,LULURUNGA,YUMBE,ARILO,,,no_article_found,
UBOS,parish,LURO,YUMBE,WANDI,,,no_article_found,
UBOS,parish,MACHABO,YUMBE,KEI,,,no_article_found,
UBOS,parish,MACHULE,YUMBE,ODRAVU,,,no_article_found,
UBOS,parish,MAGU,YUMBE,ARILO,,,no_article_found,
UBOS,parish,MAZANGA WARD,YUMBE,KURU TOWN COUNCIL,,,no_article_found,
UBOS,parish,MECHU,YUMBE,KURU,,,no_article_found,
UBOS,parish,MEDENGA,YUMBE,MIDIGO,,,no_article_found,
UBOS,parish,MEROBA,YUMBE,BIJO,,,no_article_found,
UBOS,parish,MIGO,YUMBE,MIDIGO,,,no_article_found,
UBOS,parish,MIJALE WARD,YUMBE,LODONGA TOWN COUNCIL,,,no_article_found,
UBOS,parish,MIJIKITA,YUMBE,KERWA,,,no_article_found,
UBOS,parish,MOCHA,YUMBE,MIDIGO,,,no_article_found,
UBOS,parish,MOJU,YUMBE,ODRAVU,,,no_article_found,
UBOS,parish,MOLI,YUMBE,ODRAVU,,,no_article_found,
UBOS,parish,MONGOYO,YUMBE,DRAJINI,,,no_article_found,
UBOS,parish,MUGOJU,YUMBE,ODRAVU,,,no_article_found,
UBOS,parish,MULUMBE,YUMBE,MIDIGO,,,no_article_found,
UBOS,parish,MUNDUCHAKU,YUMBE,KOCHI,,,no_article_found,
UBOS,parish,NABARA,YUMBE,KOCHI,,,no_article_found,
UBOS,parish,NERINGA,YUMBE,BIJO,,,no_article_found,
UBOS,parish,NOKI WARD,YUMBE,LOBE TOWN COUNCIL,,,no_article_found,
UBOS,parish,NONOKO WARD,YUMBE,BARAKALA TOWN COUNCIL,,,no_article_found,
UBOS,parish,NYAI WARD,YUMBE,KULIKULINGA TOWN COUNCIL,,,no_article_found,
UBOS,parish,NYOKO,YUMBE,ODRAVU WEST,,,no_article_found,
UBOS,parish,NYORI,YUMBE,LODONGA,,,no_article_found,
UBOS,parish,ODRUO WARD,YUMBE,KULIKULINGA TOWN COUNCIL,,,no_article_found,
UBOS,parish,OFONZE WARD,YUMBE,BARAKALA TOWN COUNCIL,,,no_article_found,
UBOS,parish,OFONZE WARD,YUMBE,BIDI BIDI REFUGEE CAMP,,,no_article_found,
UBOS,parish,OJINGA,YUMBE,BIJO,,,no_article_found,
UBOS,parish,OJIRI,YUMBE,BIJO,,,no_article_found,
UBOS,parish,OKOI,YUMBE,LORI,,,no_article_found,
UBOS,parish,OKUYO,YUMBE,ARIWA,,,no_article_found,
UBOS,parish,OLIVU,YUMBE,ARAFA,,,no_article_found,
UBOS,parish,OLIVU,YUMBE,DRAJINI,,,no_article_found,
UBOS,parish,OLUBA,YUMBE,BIDI BIDI REFUGEE CAMP,,,no_article_found,
UBOS,parish,OLUBA,YUMBE,ODRAVU WEST,,,no_article_found,
UBOS,parish,OLUKENGA,YUMBE,ODRAVU,,,no_article_found,
UBOS,parish,OMBA WARD,YUMBE,KURU TOWN COUNCIL,,,no_article_found,
UBOS,parish,OMBACHI,YUMBE,BIDI BIDI REFUGEE CAMP,,,no_article_found,
UBOS,parish,OMBACHI,YUMBE,LORI,,,no_article_found,
UBOS,parish,OMBECHI,YUMBE,KOCHI,,,no_article_found,
UBOS,parish,OMGBOKOLO,YUMBE,ARAFA,,,no_article_found,
UBOS,parish,OMVUZOKU,YUMBE,KULULU,,,no_article_found,
UBOS,parish,ONOKO,YUMBE,ODRAVU,,,no_article_found,
UBOS,parish,ORINZI,YUMBE,APO,,,no_article_found,
UBOS,parish,OROGBO,YUMBE,LODONGA,,,no_article_found,
UBOS,parish,OSUBIRA,YUMBE,WANDI,,,no_article_found,
UBOS,parish,OSUKIA,YUMBE,KEI,,,no_article_found,
UBOS,parish,OTAKUA,YUMBE,BIDI BIDI REFUGEE CAMP,,,no_article_found,
UBOS,parish,OTAKUA,YUMBE,ODRAVU WEST,,,no_article_found,
UBOS,parish,OTRE WARD,YUMBE,MIDIGO TOWN COUNCIL,,,no_article_found,
UBOS,parish,OYAA,YUMBE,ARAFA,,,no_article_found,
UBOS,parish,PAJAMA,YUMBE,ARAFA,,,no_article_found,
UBOS,parish,PAKAYO,YUMBE,ODRAVU WEST,,,no_article_found,
UBOS,parish,PALADRU,YUMBE,DRAJINI,,,no_article_found,
UBOS,parish,PALAJA,YUMBE,KEI,,,no_article_found,
UBOS,parish,PAMUA WARD,YUMBE,KULIKULINGA TOWN COUNCIL,,,no_article_found,
UBOS,parish,PEACE WARD,YUMBE,YUMBE TOWN COUNCIL,,,no_article_found,
UBOS,parish,PENA,YUMBE,APO,,,no_article_found,
UBOS,parish,PIAJO,YUMBE,ARIA,,,no_article_found,
UBOS,parish,REMBETA WARD,YUMBE,LODONGA TOWN COUNCIL,,,no_article_found,
UBOS,parish,RENDA,YUMBE,KURU,,,no_article_found,
UBOS,parish,RIMBE,YUMBE,ODRAVU,,,no_article_found,
UBOS,parish,RODO,YUMBE,KEI,,,no_article_found,
UBOS,parish,RODO,YUMBE,KERWA,,,no_article_found,
UBOS,parish,ROGALE,YUMBE,KURU,,,no_article_found,
UBOS,parish,ROGALE WARD,YUMBE,KURU TOWN COUNCIL,,,no_article_found,
UBOS,parish,RUBE WARD,YUMBE,YUMBE TOWN COUNCIL,,,no_article_found,
UBOS,parish,RUKUJA,YUMBE,ARILO,,,no_article_found,
UBOS,parish,SWINGA,YUMBE,BIDI BIDI REFUGEE CAMP,,,no_article_found,
UBOS,parish,SWINGA,YUMBE,ROMOGI,,,no_article_found,
UBOS,parish,TIGAWATE,YUMBE,KERWA,,,no_article_found,
UBOS,parish,TULIKI,YUMBE,ARILO,,,no_article_found,
UBOS,parish,TURU WARD,YUMBE,LOBE TOWN COUNCIL,,,no_article_found,
UBOS,parish,UDRUBI,YUMBE,KEI,,,no_article_found,
UBOS,parish,UJJI,YUMBE,BIJO,,,no_article_found,
UBOS,parish,URUNGU WARD,YUMBE,LOBE TOWN COUNCIL,,,no_article_found,
UBOS,parish,WANDI,YUMBE,WANDI,,,no_article_found,
UBOS,parish,WANGORO,YUMBE,WANDI,,,no_article_found,
UBOS,parish,WOGO,YUMBE,WANDI,,,no_article_found,
UBOS,parish,WOLO,YUMBE,ODRAVU,,,no_article_found,
UBOS,parish,YAA,YUMBE,DRAJINI,,,no_article_found,
UBOS,parish,YAKATA WARD,YUMBE,LOBE TOWN COUNCIL,,,no_article_found,
UBOS,parish,YAYARI,YUMBE,BIDI BIDI REFUGEE CAMP,,,no_article_found,
UBOS,parish,YAYARI,YUMBE,LORI,,,no_article_found,
UBOS,parish,YETA,YUMBE,ARIA,,,no_article_found,
UBOS,parish,YIBA WARD,YUMBE,LODONGA TOWN COUNCIL,,,no_article_found,
UBOS,parish,YOYO,YUMBE,BIDI BIDI REFUGEE CAMP,,,no_article_found,
UBOS,parish,YOYO,YUMBE,KULULU,,,no_article_found,
UBOS,parish,YUMELE,YUMBE,LODONGA,,,no_article_found,
UBOS,parish,ABAJI,ZOMBO,ATHUMA,,,no_article_found,
UBOS,parish,ABANGA,ZOMBO,AKAA,,,no_article_found,
UBOS,parish,ABEJU,ZOMBO,NYAPEA,,,no_article_found,
UBOS,parish,ABIRA EAST WARD,ZOMBO,ZOMBO TOWN COUNCIL,,,no_article_found,
UBOS,parish,ABIRA WEST WARD,ZOMBO,ZOMBO TOWN COUNCIL,,,no_article_found,
UBOS,parish,AFFERE WARD,ZOMBO,WARR TOWN COUNCIL,,,no_article_found,
UBOS,parish,AFUDA,ZOMBO,JANGOKORO,,,no_article_found,
UBOS,parish,ALUBE,ZOMBO,KANGO,,,no_article_found,
UBOS,parish,AMBELE,ZOMBO,ALANGI,,,no_article_found,
UBOS,parish,AMEI,ZOMBO,PAIDHA,,,no_article_found,
UBOS,parish,AMUDA,ZOMBO,AKAA,,,no_article_found,
UBOS,parish,ANGAR,ZOMBO,ALANGI,,,no_article_found,
UBOS,parish,ANGOL,ZOMBO,ATYAK,,,no_article_found,
UBOS,parish,ANYOLA,ZOMBO,ATYAK,,,no_article_found,
UBOS,parish,ASINA,ZOMBO,ABANGA,,,no_article_found,
UBOS,parish,AYAKA,ZOMBO,AKAA,,,no_article_found,
UBOS,parish,CANA,ZOMBO,PAIDHA,,,no_article_found,
UBOS,parish,CENTRAL WARD,ZOMBO,PAIDHA TOWN COUNCIL,,,no_article_found,
UBOS,parish,CONGAMBE,ZOMBO,JANGOKORO,,,no_article_found,
UBOS,parish,DINDO WARD,ZOMBO,PADEA TOWN COUNCIL,,,no_article_found,
UBOS,parish,DWONGA WARD,ZOMBO,PAIDHA TOWN COUNCIL,,,no_article_found,
UBOS,parish,GAMBA,ZOMBO,ALANGI,,,no_article_found,
UBOS,parish,JULOKA WARD,ZOMBO,WARR TOWN COUNCIL,,,no_article_found,
UBOS,parish,JUPADINDO WARD,ZOMBO,PADEA TOWN COUNCIL,,,no_article_found,
UBOS,parish,JUPAMATHO,ZOMBO,AKAA,,,no_article_found,
UBOS,parish,KAYA,ZOMBO,PAIDHA,,,no_article_found,
UBOS,parish,LEDA,ZOMBO,ATHUMA,,,no_article_found,
UBOS,parish,LORR CENTRAL,ZOMBO,ZEU,,,no_article_found,
UBOS,parish,MUNDHEL,ZOMBO,NYAPEA,,,no_article_found,
UBOS,parish,NDARA,ZOMBO,ALANGI,,,no_article_found,
UBOS,parish,NGIRA,ZOMBO,WARR,,,no_article_found,
UBOS,parish,NYIBOLA WARD,ZOMBO,PAIDHA TOWN COUNCIL,,,no_article_found,
UBOS,parish,OGUSI,ZOMBO,ATYAK,,,no_article_found,
UBOS,parish,OLIRI,ZOMBO,KANGO,,,no_article_found,
UBOS,parish,OLYEKO,ZOMBO,ATHUMA,,,no_article_found,
UBOS,parish,OMBILA,ZOMBO,NYAPEA,,,no_article_found,
UBOS,parish,OMOYO,ZOMBO,ZEU,,,no_article_found,
UBOS,parish,OMUA,ZOMBO,KANGO,,,no_article_found,
UBOS,parish,OMUA LOWER WARD,ZOMBO,WARR TOWN COUNCIL,,,no_article_found,
UBOS,parish,OMUA WARD,ZOMBO,PAIDHA TOWN COUNCIL,,,no_article_found,
UBOS,parish,OSOYE,ZOMBO,NYAPEA,,,no_article_found,
UBOS,parish,OTHEKO,ZOMBO,PAIDHA,,,no_article_found,
UBOS,parish,OTURGANG WARD,ZOMBO,PAIDHA TOWN COUNCIL,,,no_article_found,
UBOS,parish,OYEYO,ZOMBO,NYAPEA,,,no_article_found,
UBOS,parish,PADUBA,ZOMBO,KANGO,,,no_article_found,
UBOS,parish,PAGEI,ZOMBO,WARR,,,no_article_found,
UBOS,parish,PAKADHA,ZOMBO,ABANGA,,,no_article_found,
UBOS,parish,PAKIA,ZOMBO,WARR,,,no_article_found,
UBOS,parish,PALEY WEST WARD,ZOMBO,ZOMBO TOWN COUNCIL,,,no_article_found,
UBOS,parish,PAMACH,ZOMBO,ATYAK,,,no_article_found,
UBOS,parish,PAMITU,ZOMBO,ABANGA,,,no_article_found,
UBOS,parish,PAPOGA,ZOMBO,ZEU,,,no_article_found,
UBOS,parish,PASAI,ZOMBO,ALANGI,,,no_article_found,
UBOS,parish,PATEK,ZOMBO,JANGOKORO,,,no_article_found,
UBOS,parish,SERR,ZOMBO,ABANGA,,,no_article_found,
UBOS,parish,THANGA,ZOMBO,ABANGA,,,no_article_found,
UBOS,parish,YADA,ZOMBO,JANGOKORO,,,no_article_found,
UBOS,parish,ZINGILI WARD,ZOMBO,PAIDHA TOWN COUNCIL,,,no_article_found,
UBOS,parish,ZULUME,ZOMBO,ATHUMA,,,no_article_found,
UBOS,subcounty,ATUNGA,ABIM,LABWOR COUNTY,,,no_article_found,
UBOS,subcounty,CAMKOK,ABIM,LABWOR COUNTY,,,no_article_found,
UBOS,subcounty,KIRU TOWN COUNCIL,ABIM,LABWOR COUNTY,,,no_article_found,
UBOS,subcounty,MAGAMAGA,ABIM,LABWOR COUNTY,,,no_article_found,
UBOS,subcounty,OPOPONGO,ABIM,LABWOR COUNTY,,,no_article_found,
UBOS,subcounty,ORWAMUGE TOWN COUNCIL,ABIM,LABWOR COUNTY,,,no_article_found,
UBOS,subcounty,PACHARA,ADJUMANI,ADJUMANI WEST COUNTY,,,no_article_found,
UBOS,subcounty,PAKELE,ADJUMANI,ADJUMANI EAST COUNTY,,,no_article_found,
UBOS,subcounty,PAKELE TOWN COUNCIL,ADJUMANI,ADJUMANI EAST COUNTY,,,no_article_found,
UBOS,subcounty,REFUGEE SETTLEMENT CAMPS,ADJUMANI,ADJUMANI EAST COUNTY,,,no_article_found,
UBOS,subcounty,REFUGEE SETTLEMENT CAMPS,ADJUMANI,ADJUMANI WEST COUNTY,,,no_article_found,
UBOS,subcounty,UKUSIJONI,ADJUMANI,ADJUMANI WEST COUNTY,,,no_article_found,
UBOS,subcounty,AGENGO,AGAGO,AGAGO WEST COUNTY,,,no_article_found,
UBOS,subcounty,AJALI,AGAGO,AGAGO COUNTY,,,no_article_found,
UBOS,subcounty,GEREGERE,AGAGO,AGAGO WEST COUNTY,,,no_article_found,
UBOS,subcounty,KOTOMOR,AGAGO,AGAGO COUNTY,,,no_article_found,
UBOS,subcounty,KUYWEE,AGAGO,AGAGO NORTH COUNTY,,,no_article_found,
UBOS,subcounty,LAI-MUTTO TOWN COUNCIL,AGAGO,AGAGO NORTH COUNTY,,,no_article_found,
UBOS,subcounty,LAPEREBONG,AGAGO,AGAGO COUNTY,,,no_article_found,
UBOS,subcounty,LIRA KATO,AGAGO,AGAGO NORTH COUNTY,,,no_article_found,
UBOS,subcounty,LOKOLE,AGAGO,AGAGO COUNTY,,,no_article_found,
UBOS,subcounty,OMIYA PACWA,AGAGO,AGAGO NORTH COUNTY,,,no_article_found,
UBOS,subcounty,ADWIR,ALEBTONG,AJURI COUNTY,,,no_article_found,
UBOS,subcounty,AMUGU,ALEBTONG,AJURI COUNTY,,,no_article_found,
UBOS,subcounty,AMUGU TOWN COUNCIL,ALEBTONG,AJURI COUNTY,,,no_article_found,
UBOS,subcounty,ANGETTA,ALEBTONG,AJURI COUNTY,,,no_article_found,
UBOS,subcounty,ABEJA,AMOLATAR,KIOGA NORTH COUNTY,,,no_article_found,
UBOS,subcounty,AWELLO,AMOLATAR,KIOGA NORTH COUNTY,,,no_article_found,
UBOS,subcounty,NALUBWOYO,AMOLATAR,KIOGA COUNTY,,,no_article_found,
UBOS,subcounty,OPALI,AMOLATAR,KIOGA NORTH COUNTY,,,no_article_found,
UBOS,subcounty,ABILIYEP,AMUDAT,UPE COUNTY,,,no_article_found,
UBOS,subcounty,ACHORICHOR,AMUDAT,UPE COUNTY,,,no_article_found,
UBOS,subcounty,KONGOROK,AMUDAT,UPE COUNTY,,,no_article_found,
UBOS,subcounty,LOKALES,AMUDAT,UPE COUNTY,,,no_article_found,
UBOS,subcounty,LOSIDOK,AMUDAT,UPE COUNTY,,,no_article_found,
UBOS,subcounty,OGOLAI,AMURIA,ORUNGO COUNTY,,,no_article_found,
UBOS,subcounty,OGONGORA,AMURIA,ORUNGO COUNTY,,,no_article_found,
UBOS,subcounty,OLWA,AMURIA,ORUNGO COUNTY,,,no_article_found,
UBOS,subcounty,GURU GURU,AMURU,KILAK SOUTH COUNTY,,,no_article_found,
UBOS,subcounty,LAKANG,AMURU,KILAK SOUTH COUNTY,,,no_article_found,
UBOS,subcounty,LAYIMA,AMURU,KILAK SOUTH COUNTY,,,no_article_found,
UBOS,subcounty,OPARA,AMURU,KILAK NORTH COUNTY,,,no_article_found,
UBOS,subcounty,POGO,AMURU,KILAK NORTH COUNTY,,,no_article_found,
UBOS,subcounty,AGULLU DIVISION,APAC,APAC MUNICIPALITY,,,no_article_found,
UBOS,subcounty,AKERE DIVISION,APAC,APAC MUNICIPALITY,,,no_article_found,
UBOS,subcounty,APOI,APAC,MARUZI COUNTY,,,no_article_found,
UBOS,subcounty,ATIK DIVISION,APAC,APAC MUNICIPALITY,,,no_article_found,
UBOS,subcounty,CHEGERE,APAC,MARUZI NORTH COUNTY,,,no_article_found,
UBOS,subcounty,TE-BOKE,APAC,MARUZI NORTH COUNTY,,,no_article_found,
UBOS,subcounty,KABUNA,BUDAKA,BUDAKA COUNTY,,,no_article_found,
UBOS,subcounty,KADIMUKOLI,BUDAKA,IKI-IKI COUNTY,,,no_article_found,
UBOS,subcounty,KAKOLI,BUDAKA,IKI-IKI COUNTY,,,no_article_found,
UBOS,subcounty,TADEMERI,BUDAKA,BUDAKA COUNTY,,,no_article_found,
UBOS,subcounty,BUFUMA,BUDUDA,LUTSESHE COUNTY,,,no_article_found,
UBOS,subcounty,BUKIBINO,BUDUDA,MANJIYA COUNTY,,,no_article_found,
UBOS,subcounty,BUMWALUKANI,BUDUDA,LUTSESHE COUNTY,,,no_article_found,
UBOS,subcounty,BUNABUTITI,BUDUDA,MANJIYA COUNTY,,,no_article_found,
UBOS,subcounty,BUNATSAMI,BUDUDA,BUSHIGAI COUNTY,,,no_article_found,
UBOS,subcounty,BUNDESI,BUDUDA,LUTSESHE COUNTY,,,no_article_found,
UBOS,subcounty,BUSIRIWA,BUDUDA,LUTSESHE COUNTY,,,no_article_found,
UBOS,subcounty,BUWALI,BUDUDA,LUTSESHE COUNTY,,,no_article_found,
UBOS,subcounty,KIKHOLO TOWN COUNCIL,BUDUDA,BUSHIGAI COUNTY,,,no_article_found,
UBOS,subcounty,KUUSHU TOWN COUNCIL,BUDUDA,LUTSESHE COUNTY,,,no_article_found,
UBOS,subcounty,MABONO,BUDUDA,LUTSESHE COUNTY,,,no_article_found,
UBOS,subcounty,NANGAKO TOWN COUNCIL,BUDUDA,MANJIYA COUNTY,,,no_article_found,
UBOS,subcounty,BULUGUYI,BUGIRI,BUKOOLI COUNTY,,,no_article_found,
UBOS,subcounty,BUSOWA TOWN COUNCIL,BUGIRI,BUKOOLI COUNTY,,,no_article_found,
UBOS,subcounty,MUTELELE TOWN COUNCIL,BUGIRI,BUKOOLI COUNTY,,,no_article_found,
UBOS,subcounty,MUWAYO TOWN COUNCIL,BUGIRI,BUKOOLI COUNTY,,,no_article_found,
UBOS,subcounty,NAMAYEMBA TOWN COUNCIL,BUGIRI,BUKOOLI COUNTY,,,no_article_found,
UBOS,subcounty,BUSESA TOWN COUNCIL,BUGWERI,BUGWERI COUNTY,,,no_article_found,
UBOS,subcounty,IDUDI TOWN COUNCIL,BUGWERI,BUGWERI COUNTY,,,no_article_found,
UBOS,subcounty,KASHENYI-KAJANI TOWN COUNCIL,BUHWEJU,BUHWEJU COUNTY,,,no_article_found,
UBOS,subcounty,KYAHENDA,BUHWEJU,BUHWEJU WEST COUNTY,,,no_article_found,
UBOS,subcounty,NYAKASHAKA TOWN COUNCIL,BUHWEJU,BUHWEJU WEST COUNTY,,,no_article_found,
UBOS,subcounty,NYAKAZIBA TOWN COUNCIL,BUHWEJU,BUHWEJU WEST COUNTY,,,no_article_found,
UBOS,subcounty,RUBENGYE,BUHWEJU,BUHWEJU WEST COUNTY,,,no_article_found,
UBOS,subcounty,CENTRAL DIVISION,BUIKWE,LUGAZI MUNICIPALITY,,,no_article_found,
UBOS,subcounty,KIYINDI TOWN COUNCIL,BUIKWE,BUIKWE COUNTY,,,no_article_found,
UBOS,subcounty,SSI,BUIKWE,BUIKWE COUNTY,,,no_article_found,
UBOS,subcounty,KABARWA,BUKEDEA,BUKEDEA COUNTY,,,no_article_found,
UBOS,subcounty,KAMUTUR,BUKEDEA,BUKEDEA COUNTY,,,no_article_found,
UBOS,subcounty,KANGOLE,BUKEDEA,BUKEDEA COUNTY,,,no_article_found,
UBOS,subcounty,KOCHEKA,BUKEDEA,BUKEDEA COUNTY,,,no_article_found,
UBOS,subcounty,KOENA,BUKEDEA,BUKEDEA COUNTY,,,no_article_found,
UBOS,subcounty,KOMUGE,BUKEDEA,KACHUMBALA COUNTY,,,no_article_found,
UBOS,subcounty,KONGUNGA TOWN COUNCIL,BUKEDEA,KACHUMBALA COUNTY,,,no_article_found,
UBOS,subcounty,KWARIKWAR,BUKEDEA,KACHUMBALA COUNTY,,,no_article_found,
UBOS,subcounty,BUKANGO,BUKOMANSIMBI,BUKOMANSIMBI NORTH COUNTY,,,no_article_found,
UBOS,subcounty,KAGOLOGOLO TOWN COUNCIL,BUKOMANSIMBI,BUKOMANSIMBI NORTH COUNTY,,,no_article_found,
UBOS,subcounty,KIGANGAZZI TOWN COUNCIL,BUKOMANSIMBI,BUKOMANSIMBI NORTH COUNTY,,,no_article_found,
UBOS,subcounty,AMANANG,BUKWO,KONGASIS COUNTY,,,no_article_found,
UBOS,subcounty,BRIM,BUKWO,T'OO COUNTY,,,no_article_found,
UBOS,subcounty,KAPKOROS,BUKWO,KONGASIS COUNTY,,,no_article_found,
UBOS,subcounty,KAPNANDI TOWN COUNCIL,BUKWO,KONGASIS COUNTY,,,no_article_found,
UBOS,subcounty,KAPSARUR,BUKWO,KONGASIS COUNTY,,,no_article_found,
UBOS,subcounty,LWONGON,BUKWO,T'OO COUNTY,,,no_article_found,
UBOS,subcounty,MUTUSHET,BUKWO,T'OO COUNTY,,,no_article_found,
UBOS,subcounty,BULAGO,BULAMBULI,ELGON COUNTY,,,no_article_found,
UBOS,subcounty,BUMUFUNI,BULAMBULI,BULAMBULI COUNTY,,,no_article_found,
UBOS,subcounty,BUNALWERE,BULAMBULI,BULAMBULI COUNTY,,,no_article_found,
UBOS,subcounty,BUWANYANGA,BULAMBULI,BULAMBULI COUNTY,,,no_article_found,
UBOS,subcounty,KAMU,BULAMBULI,ELGON NORTH COUNTY,,,no_article_found,
UBOS,subcounty,MASIRA,BULAMBULI,ELGON NORTH COUNTY,,,no_article_found,
UBOS,subcounty,NABBONGO,BULAMBULI,BULAMBULI COUNTY,,,no_article_found,
UBOS,subcounty,NABIWUTULU,BULAMBULI,ELGON COUNTY,,,no_article_found,
UBOS,subcounty,SIMU,BULAMBULI,ELGON COUNTY,,,no_article_found,
UBOS,subcounty,SOTTI,BULAMBULI,ELGON COUNTY,,,no_article_found,
UBOS,subcounty,BUGANIKERE TOWN COUNCIL,BUNDIBUGYO,BWAMBA COUNTY,,,no_article_found,
UBOS,subcounty,BUNDINGOMA,BUNDIBUGYO,BWAMBA COUNTY,,,no_article_found,
UBOS,subcounty,BURONDO,BUNDIBUGYO,BUGHENDERA COUNTY,,,no_article_found,
UBOS,subcounty,BUTAMA-MITUNDA TOWN COUNCIL,BUNDIBUGYO,BUGHENDERA COUNTY,,,no_article_found,
UBOS,subcounty,KAGHEMA TOWN COUNCIL,BUNDIBUGYO,BWAMBA COUNTY,,,no_article_found,
UBOS,subcounty,KAGUGU,BUNDIBUGYO,BUGHENDERA COUNTY,,,no_article_found,
UBOS,subcounty,KISUBBA,BUNDIBUGYO,BWAMBA COUNTY,,,no_article_found,
UBOS,subcounty,MABERE,BUNDIBUGYO,BUGHENDERA COUNTY,,,no_article_found,
UBOS,subcounty,MBATYA,BUNDIBUGYO,BUGHENDERA COUNTY,,,no_article_found,
UBOS,subcounty,NDUGUTU,BUNDIBUGYO,BUGHENDERA COUNTY,,,no_article_found,
UBOS,subcounty,NGITE,BUNDIBUGYO,BUGHENDERA COUNTY,,,no_article_found,
UBOS,subcounty,NTANDI TOWN COUNCIL,BUNDIBUGYO,BUGHENDERA COUNTY,,,no_article_found,
UBOS,subcounty,TOKWE,BUNDIBUGYO,BWAMBA COUNTY,,,no_article_found,
UBOS,subcounty,BUKARA,BUNYANGABU,BUNYANGABU COUNTY,,,no_article_found,
UBOS,subcounty,KIYOMBYA,BUNYANGABU,BUNYANGABU COUNTY,,,no_article_found,
UBOS,subcounty,KYAMUKUBE TOWN COUNCIL,BUNYANGABU,BUNYANGABU COUNTY,,,no_article_found,
UBOS,subcounty,NYAKIGUMBA TOWN COUNCIL,BUNYANGABU,BUNYANGABU COUNTY,,,no_article_found,
UBOS,subcounty,CENTRAL DIVISION,BUSHENYI,BUSHENYI - ISHAKA MUNICIPALITY,,,no_article_found,
UBOS,subcounty,KIZINDA TOWN COUNCIL,BUSHENYI,IGARA COUNTY,,,no_article_found,
UBOS,subcounty,KYEIZOOBA,BUSHENYI,IGARA COUNTY,,,no_article_found,
UBOS,subcounty,NKANGA,BUSHENYI,IGARA COUNTY,,,no_article_found,
UBOS,subcounty,BUSIME,BUSIA,SAMIA BUGWE COUNTY,,,no_article_found,
UBOS,subcounty,LUMINO-MAJANJI TOWN COUNCIL,BUSIA,SAMIA BUGWE COUNTY,,,no_article_found,
UBOS,subcounty,MASINYA,BUSIA,SAMIA BUGWE CENTRAL COUNTY,,,no_article_found,
UBOS,subcounty,NAMUNGODI TOWN COUNCIL,BUSIA,SAMIA BUGWE COUNTY,,,no_article_found,
UBOS,subcounty,SIKUDA,BUSIA,SAMIA BUGWE COUNTY,,,no_article_found,
UBOS,subcounty,TIIRA TOWN COUNCIL,BUSIA,SAMIA BUGWE COUNTY,,,no_article_found,
UBOS,subcounty,BUFUJJA-KACHONGA TOWN COUNCIL,BUTALEJA,BUNYOLE EAST COUNTY,,,no_article_found,
UBOS,subcounty,MAZIMASA,BUTALEJA,BUNYOLE EAST COUNTY,,,no_article_found,
UBOS,subcounty,NABIGANDA TOWN COUNCIL,BUTALEJA,BUNYOLE EAST COUNTY,,,no_article_found,
UBOS,subcounty,KABELAI,BUTEBO,BUTEBO COUNTY,,,no_article_found,
UBOS,subcounty,KACHURU,BUTEBO,BUTEBO COUNTY,,,no_article_found,
UBOS,subcounty,KADOKOLENE,BUTEBO,BUTEBO COUNTY,,,no_article_found,
UBOS,subcounty,KAPUNYASI,BUTEBO,BUTEBO COUNTY,,,no_article_found,
UBOS,subcounty,MAIZIMASA,BUTEBO,BUTEBO COUNTY,,,no_article_found,
UBOS,subcounty,PUTTI,BUTEBO,BUTEBO COUNTY,,,no_article_found,
UBOS,subcounty,BUWOOYA,BUVUMA,BUVUMA ISLANDS COUNTY,,,no_article_found,
UBOS,subcounty,LWAJE,BUVUMA,BUVUMA ISLANDS COUNTY,,,no_article_found,
UBOS,subcounty,LYABAANA TOWN COUNCIL,BUVUMA,BUVUMA ISLANDS COUNTY,,,no_article_found,
UBOS,subcounty,GUMPI,BUYENDE,BUDIOPE EAST COUNTY,,,no_article_found,
UBOS,subcounty,IRUNDU,BUYENDE,BUDIOPE EAST COUNTY,,,no_article_found,
UBOS,subcounty,IRUNDU TOWN COUNCIL,BUYENDE,BUDIOPE EAST COUNTY,,,no_article_found,
UBOS,subcounty,NDOLWA,BUYENDE,BUDIOPE WEST COUNTY,,,no_article_found,
UBOS,subcounty,NGANDHO,BUYENDE,BUDIOPE EAST COUNTY,,,no_article_found,
UBOS,subcounty,AGWATTA,DOKOLO,DOKOLO NORTH COUNTY,,,no_article_found,
UBOS,subcounty,BATA TOWN COUNCIL,DOKOLO,DOKOLO NORTH COUNTY,,,no_article_found,
UBOS,subcounty,OKWONGODUL,DOKOLO,DOKOLO SOUTH COUNTY,,,no_article_found,
UBOS,subcounty,KIFAMPA,GOMBA,GOMBA WEST COUNTY,,,no_article_found,
UBOS,subcounty,KYAYI,GOMBA,GOMBA WEST COUNTY,,,no_article_found,
UBOS,subcounty,TTABA-BBINZI,GOMBA,GOMBA EAST COUNTY,,,no_article_found,
UBOS,subcounty,OMEL,GULU,ASWA COUNTY,,,no_article_found,
UBOS,subcounty,OWALO,GULU,ASWA COUNTY,,,no_article_found,
UBOS,subcounty,OWOO,GULU,ASWA COUNTY,,,no_article_found,
UBOS,subcounty,PAIBONA,GULU,ASWA COUNTY,,,no_article_found,
UBOS,subcounty,PUKONY,GULU,ASWA COUNTY,,,no_article_found,
UBOS,subcounty,BARDEGE-LAYIBI DIVISION,GULU CITY,BARDEGE-LAYIBI DIVISION,,,no_article_found,
UBOS,subcounty,LAROO-PECE DIVISION,GULU CITY,LAROO-PECE DIVISION,,,no_article_found,
UBOS,subcounty,BULINDI TOWN COUNCIL,HOIMA,BUGAHYA COUNTY,,,no_article_found,
UBOS,subcounty,BURARU,HOIMA,BUGAHYA COUNTY,,,no_article_found,
UBOS,subcounty,KABAALE,HOIMA,BUGAHYA COUNTY,,,no_article_found,
UBOS,subcounty,KAPAAPI,HOIMA,KIGOROBYA COUNTY,,,no_article_found,
UBOS,subcounty,KIGANJA,HOIMA,KIGOROBYA COUNTY,,,no_article_found,
UBOS,subcounty,KISUKUMA,HOIMA,KIGOROBYA COUNTY,,,no_article_found,
UBOS,subcounty,BUFUNDA DIVISION,IBANDA,IBANDA MUNICIPALITY,,,no_article_found,
UBOS,subcounty,KAGONGO DIVISION,IBANDA,IBANDA MUNICIPALITY,,,no_article_found,
UBOS,subcounty,KANYARUGIRI TOWN COUNCIL,IBANDA,IBANDA COUNTY,,,no_article_found,
UBOS,subcounty,NYABUHIKYE,IBANDA,IBANDA COUNTY,,,no_article_found,
UBOS,subcounty,RWENKOBWA TOWN COUNCIL,IBANDA,IBANDA COUNTY,,,no_article_found,
UBOS,subcounty,CENTRAL DIVISION,IGANGA,IGANGA MUNICIPALITY,,,no_article_found,
UBOS,subcounty,KIDAAGO,IGANGA,KIGULU COUNTY,,,no_article_found,
UBOS,subcounty,BUGANGO TOWN COUNCIL,ISINGIRO,BUKANGA COUNTY,,,no_article_found,
UBOS,subcounty,ENDIINZI TOWN COUNCIL,ISINGIRO,BUKANGA COUNTY,,,no_article_found,
UBOS,subcounty,KAKAMBA,ISINGIRO,BUKANGA NORTH COUNTY,,,no_article_found,
UBOS,subcounty,KAMUBEIZI,ISINGIRO,ISINGIRO COUNTY,,,no_article_found,
UBOS,subcounty,KAMUBEIZI TOWN COUNCIL,ISINGIRO,ISINGIRO COUNTY,,,no_article_found,
UBOS,subcounty,NAKIVALE BASECAMP RWC III,ISINGIRO,BUKANGA NORTH COUNTY,,,no_article_found,
UBOS,subcounty,NAKIVALE-JURU RWC III,ISINGIRO,BUKANGA NORTH COUNTY,,,no_article_found,
UBOS,subcounty,NAKIVALE-RUBONDO RWC III,ISINGIRO,BUKANGA NORTH COUNTY,,,no_article_found,
UBOS,subcounty,NTUNGU,ISINGIRO,ISINGIRO COUNTY,,,no_article_found,
UBOS,subcounty,RUHIIRA TOWN COUNCIL,ISINGIRO,ISINGIRO WEST COUNTY,,,no_article_found,
UBOS,subcounty,RUYANGA,ISINGIRO,ISINGIRO COUNTY,,,no_article_found,
UBOS,subcounty,RWANJOGYERA,ISINGIRO,BUKANGA COUNTY,,,no_article_found,
UBOS,subcounty,RWETANGO,ISINGIRO,ISINGIRO COUNTY,,,no_article_found,
UBOS,subcounty,NAMAGERA TOWN COUNCIL,JINJA,KAGOMA COUNTY,,,no_article_found,
UBOS,subcounty,KAKAMAR,KAABONG,DODOTH EAST COUNTY,,,no_article_found,
UBOS,subcounty,LOBONGIA,KAABONG,DODOTH EAST COUNTY,,,no_article_found,
UBOS,subcounty,MORUNGOLE,KAABONG,IK COUNTY,,,no_article_found,
UBOS,subcounty,SIDOK (KOPOTH),KAABONG,DODOTH EAST COUNTY,,,no_article_found,
UBOS,subcounty,TIMU,KAABONG,IK COUNTY,,,no_article_found,
UBOS,subcounty,KABALE NORTHERN,KABALE,KABALE MUNICIPALITY,,,no_article_found,
UBOS,subcounty,KABALE SOUTHERN,KABALE,KABALE MUNICIPALITY,,,no_article_found,
UBOS,subcounty,KAHUNGYE,KABALE,NDORWA COUNTY,,,no_article_found,
UBOS,subcounty,RYAKARIMIRA TOWN COUNCIL,KABALE,NDORWA COUNTY,,,no_article_found,
UBOS,subcounty,HAKIBALE,KABAROLE,BURAHYA COUNTY,,,no_article_found,
UBOS,subcounty,HARUGONGO,KABAROLE,BURAHYA COUNTY,,,no_article_found,
UBOS,subcounty,KABENDE,KABAROLE,BURAHYA COUNTY,,,no_article_found,
UBOS,subcounty,KIBASI TOWN COUNCIL,KABAROLE,BURAHYA COUNTY,,,no_article_found,
UBOS,subcounty,RWENGAJU,KABAROLE,BURAHYA COUNTY,,,no_article_found,
UBOS,subcounty,APERIKIRA,KABERAMAIDO,KABERAMAIDO COUNTY,,,no_article_found,
UBOS,subcounty,OKILE,KABERAMAIDO,OCHERO COUNTY,,,no_article_found,
UBOS,subcounty,ORIAMO,KABERAMAIDO,KABERAMAIDO COUNTY,,,no_article_found,
UBOS,subcounty,BUHUMULIRO,KAGADI,BUYAGA WEST COUNTY,,,no_article_found,
UBOS,subcounty,GALIBOLEKA,KAGADI,BUYAGA WEST COUNTY,,,no_article_found,
UBOS,subcounty,ISUNGA,KAGADI,BUYAGA EAST COUNTY,,,no_article_found,
UBOS,subcounty,KAMUROZA,KAGADI,BUYAGA EAST COUNTY,,,no_article_found,
UBOS,subcounty,KANYABEEBE,KAGADI,BUYAGA WEST COUNTY,,,no_article_found,
UBOS,subcounty,KICUCURA,KAGADI,BUYAGA EAST COUNTY,,,no_article_found,
UBOS,subcounty,KINYARUGONJO,KAGADI,BUYAGA EAST COUNTY,,,no_article_found,
UBOS,subcounty,MAIRIRWE,KAGADI,BUYAGA WEST COUNTY,,,no_article_found,
UBOS,subcounty,MPEEFU YA SANDE TOWN COUNCIL,KAGADI,BUYAGA WEST COUNTY,,,no_article_found,
UBOS,subcounty,MUHORRO,KAGADI,BUYAGA WEST COUNTY,,,no_article_found,
UBOS,subcounty,MUHORRO TOWN COUNCIL,KAGADI,BUYAGA WEST COUNTY,,,no_article_found,
UBOS,subcounty,NYABUTANZI,KAGADI,BUYAGA EAST COUNTY,,,no_article_found,
UBOS,subcounty,PACHWA,KAGADI,BUYAGA EAST COUNTY,,,no_article_found,
UBOS,subcounty,PACHWA TOWN COUNCIL,KAGADI,BUYAGA EAST COUNTY,,,no_article_found,
UBOS,subcounty,RUTETE TOWN COUNCIL,KAGADI,BUYAGA WEST COUNTY,,,no_article_found,
UBOS,subcounty,IGAYAZA TOWN COUNCIL,KAKUMIRO,BUGANGAIZI SOUTH COUNTY,,,no_article_found,
UBOS,subcounty,KATIKARA,KAKUMIRO,BUGANGAIZI EAST COUNTY,,,no_article_found,
UBOS,subcounty,KIBIJJO,KAKUMIRO,BUGANGAIZI EAST COUNTY,,,no_article_found,
UBOS,subcounty,KIJANGI,KAKUMIRO,BUGANGAIZI WEST COUNTY,,,no_article_found,
UBOS,subcounty,KIKOORA,KAKUMIRO,BUGANGAIZI WEST COUNTY,,,no_article_found,
UBOS,subcounty,KIKWAYA,KAKUMIRO,BUGANGAIZI WEST COUNTY,,,no_article_found,
UBOS,subcounty,KISENGWE,KAKUMIRO,BUGANGAIZI SOUTH COUNTY,,,no_article_found,
UBOS,subcounty,KITAIHUKA,KAKUMIRO,BUGANGAIZI WEST COUNTY,,,no_article_found,
UBOS,subcounty,KYABASAIJA,KAKUMIRO,BUGANGAIZI SOUTH COUNTY,,,no_article_found,
UBOS,subcounty,MWITANZIGE,KAKUMIRO,BUGANGAIZI EAST COUNTY,,,no_article_found,
UBOS,subcounty,NYARWEYO TOWN COUNCIL,KAKUMIRO,BUGANGAIZI WEST COUNTY,,,no_article_found,
UBOS,subcounty,OCELAKUR,KALAKI,KALAKI COUNTY,,,no_article_found,
UBOS,subcounty,OGWOLO,KALAKI,KALAKI COUNTY,,,no_article_found,
UBOS,subcounty,BUJUMBA,KALANGALA,BUJUMBA COUNTY,,,no_article_found,
UBOS,subcounty,BUDOMERO,KALIRO,BULAMOGI COUNTY,,,no_article_found,
UBOS,subcounty,BUKAMBA,KALIRO,BULAMOGI NORTH WEST COUNTY,,,no_article_found,
UBOS,subcounty,BULUMBA TOWN COUNCIL,KALIRO,BULAMOGI COUNTY,,,no_article_found,
UBOS,subcounty,BUYINDA,KALIRO,BULAMOGI COUNTY,,,no_article_found,
UBOS,subcounty,KASOKWE,KALIRO,BULAMOGI COUNTY,,,no_article_found,
UBOS,subcounty,KISINDA,KALIRO,BULAMOGI COUNTY,,,no_article_found,
UBOS,subcounty,NANSOLOLO,KALIRO,BULAMOGI NORTH WEST COUNTY,,,no_article_found,
UBOS,subcounty,KYAMULIBWA,KALUNGU,KALUNGU COUNTY,,,no_article_found,
UBOS,subcounty,KYAMULIBWA TOWN COUNCIL,KALUNGU,KALUNGU COUNTY,,,no_article_found,
UBOS,subcounty,KAGUMBA,KAMULI,BUGABULA COUNTY,,,no_article_found,
UBOS,subcounty,KASAMBIRA TOWN COUNCIL,KAMULI,BUZAAYA COUNTY,,,no_article_found,
UBOS,subcounty,MAGOGO,KAMULI,BUZAAYA COUNTY,,,no_article_found,
UBOS,subcounty,BIGODI TOWN COUNCIL,KAMWENGE,KIBALE COUNTY,,,no_article_found,
UBOS,subcounty,KABUYE,KAMWENGE,KIBALE EAST COUNTY,,,no_article_found,
UBOS,subcounty,LYAKAHUNGU TOWN COUNCIL,KAMWENGE,KIBALE EAST COUNTY,,,no_article_found,
UBOS,subcounty,NKOMA-KATALYEBA TOWN COUNCIL,KAMWENGE,KIBALE EAST COUNTY,,,no_article_found,
UBOS,subcounty,NTONWA,KAMWENGE,KIBALE EAST COUNTY,,,no_article_found,
UBOS,subcounty,RUKUNYU TOWN COUNCIL,KAMWENGE,KIBALE COUNTY,,,no_article_found,
UBOS,subcounty,RWAMWANJA REFUGEE CAMP,KAMWENGE,KIBALE EAST COUNTY,,,no_article_found,
UBOS,subcounty,KAYUNGWE,KANUNGU,KINKIZI COUNTY,,,no_article_found,
UBOS,subcounty,KIHANDA,KANUNGU,KINKIZI COUNTY,,,no_article_found,
UBOS,subcounty,KIHEMBE,KANUNGU,KINKIZI COUNTY,,,no_article_found,
UBOS,subcounty,KYESHERO,KANUNGU,KINKIZI COUNTY,,,no_article_found,
UBOS,subcounty,NYAKABUNGO TOWN COUNCIL,KANUNGU,KINKIZI COUNTY,,,no_article_found,
UBOS,subcounty,CENTRAL DIVISION,KAPCHORWA,KAPCHORWA MUNICIPALITY,,,no_article_found,
UBOS,subcounty,CHEPTERECH,KAPCHORWA,TINGEY COUNTY,,,no_article_found,
UBOS,subcounty,EAST DIVISION,KAPCHORWA,KAPCHORWA MUNICIPALITY,,,no_article_found,
UBOS,subcounty,GAMOGO,KAPCHORWA,TINGEY COUNTY,,,no_article_found,
UBOS,subcounty,WEST DIVISION,KAPCHORWA,KAPCHORWA MUNICIPALITY,,,no_article_found,
UBOS,subcounty,ACINGA,KAPELEBYONG,KAPELEBYONG COUNTY,,,no_article_found,
UBOS,subcounty,KAKWANGA,KARENGA,DODOTH WEST COUNTY,,,no_article_found,
UBOS,subcounty,KIDEPO TOWN COUNCIL,KARENGA,NAPORE WEST COUNTY,,,no_article_found,
UBOS,subcounty,LOKORI,KARENGA,NAPORE WEST COUNTY,,,no_article_found,
UBOS,subcounty,SANGAR,KARENGA,DODOTH WEST COUNTY,,,no_article_found,
UBOS,subcounty,CENTRAL DIVISION,KASESE,KASESE MUNICIPALITY,,,no_article_found,
UBOS,subcounty,IBANDA-KYANYA TOWN COUNCIL,KASESE,BUSONGORA COUNTY,,,no_article_found,
UBOS,subcounty,KABATUNDA-KIRABAHO TOWN COUNCI,KASESE,BUSONGORA COUNTY,,,no_article_found,
UBOS,subcounty,KAHOKYA,KASESE,BUSONGORA COUNTY,,,no_article_found,
UBOS,subcounty,KINYAMESEKE TOWN COUNCIL,KASESE,BUKONJO COUNTY,,,no_article_found,
UBOS,subcounty,KITABU,KASESE,BUKONJO COUNTY,,,no_article_found,
UBOS,subcounty,KITHOLU,KASESE,BUKONJO COUNTY,,,no_article_found,
UBOS,subcounty,KITHOMA-KANYATSI TOWN COUNCIL,KASESE,BUKONJO COUNTY,,,no_article_found,
UBOS,subcounty,MBUNGA,KASESE,BUSONGORA COUNTY,,,no_article_found,
UBOS,subcounty,RUGENDABARA-KIKONGO TOWN COUNCIL,KASESE,BUSONGORA COUNTY,,,no_article_found,
UBOS,subcounty,KIGANDA,KASSANDA,KASSANDA COUNTY,,,no_article_found,
UBOS,subcounty,KIGANDA TOWN COUNCIL,KASSANDA,KASSANDA COUNTY,,,no_article_found,
UBOS,subcounty,KIJJUNA,KASSANDA,BUKUYA COUNTY,,,no_article_found,
UBOS,subcounty,MAKOKOTO,KASSANDA,BUKUYA COUNTY,,,no_article_found,
UBOS,subcounty,MBIRIZI,KASSANDA,BUKUYA COUNTY,,,no_article_found,
UBOS,subcounty,AKOBOI,KATAKWI,NGARIAM COUNTY,,,no_article_found,
UBOS,subcounty,AMUSIA,KATAKWI,TOROMA COUNTY,,,no_article_found,
UBOS,subcounty,ANGODINGOD,KATAKWI,TOROMA COUNTY,,,no_article_found,
UBOS,subcounty,GETOM,KATAKWI,NGARIAM COUNTY,,,no_article_found,
UBOS,subcounty,GUYAGUYA,KATAKWI,USUK COUNTY,,,no_article_found,
UBOS,subcounty,OKORE,KATAKWI,NGARIAM COUNTY,,,no_article_found,
UBOS,subcounty,OKULONYO,KATAKWI,USUK COUNTY,,,no_article_found,
UBOS,subcounty,PALAM,KATAKWI,NGARIAM COUNTY,,,no_article_found,
UBOS,subcounty,BUSAANA,KAYUNGA,NTENJERU COUNTY,,,no_article_found,
UBOS,subcounty,BUSAANA TOWN COUNCIL,KAYUNGA,NTENJERU COUNTY,,,no_article_found,
UBOS,subcounty,KITIMBWA,KAYUNGA,BBALE COUNTY,,,no_article_found,
UBOS,subcounty,KITIMBWA TOWN COUNCIL,KAYUNGA,BBALE COUNTY,,,no_article_found,
UBOS,subcounty,KYAMPANGARA,KAZO,KAZO COUNTY,,,no_article_found,
UBOS,subcounty,MIGINA,KAZO,KAZO COUNTY,,,no_article_found,
UBOS,subcounty,KABASEKENDE,KIBAALE,BUYANJA COUNTY,,,no_article_found,
UBOS,subcounty,KARAMA,KIBAALE,BUYANJA EAST COUNTY,,,no_article_found,
UBOS,subcounty,KASIMBI,KIBAALE,BUYANJA EAST COUNTY,,,no_article_found,
UBOS,subcounty,KYAKAZIHIRE,KIBAALE,BUYANJA COUNTY,,,no_article_found,
UBOS,subcounty,KYEKUMBYA,KIBOGA,KIBOGA WEST COUNTY,,,no_article_found,
UBOS,subcounty,KYOMYA,KIBOGA,KIBOGA EAST COUNTY,,,no_article_found,
UBOS,subcounty,NAKASOZI,KIBOGA,KIBOGA EAST COUNTY,,,no_article_found,
UBOS,subcounty,NKANDWA,KIBOGA,KIBOGA WEST COUNTY,,,no_article_found,
UBOS,subcounty,KAKUTU,KIBUKU,KABWERI COUNTY,,,no_article_found,
UBOS,subcounty,KENKEBU,KIBUKU,KABWERI COUNTY,,,no_article_found,
UBOS,subcounty,KITUTI,KIBUKU,KIBUKU COUNTY,,,no_article_found,
UBOS,subcounty,LWATAMA,KIBUKU,KIBUKU COUNTY,,,no_article_found,
UBOS,subcounty,NABISWA,KIBUKU,KABWERI COUNTY,,,no_article_found,
UBOS,subcounty,NANDERE,KIBUKU,KABWERI COUNTY,,,no_article_found,
UBOS,subcounty,NANKODO,KIBUKU,KIBUKU COUNTY,,,no_article_found,
UBOS,subcounty,KYANGWALI RSC,KIKUUBE,BUHAGUZI COUNTY,,,no_article_found,
UBOS,subcounty,KITURA,KIRUHURA,KASHONGI COUNTY,,,no_article_found,
UBOS,subcounty,RWENSHANDE,KIRUHURA,NYABUSHOZI COUNTY,,,no_article_found,
UBOS,subcounty,RWETAMU,KIRUHURA,NYABUSHOZI COUNTY,,,no_article_found,
UBOS,subcounty,DIIMA,KIRYANDONGO,KIBANDA NORTH COUNTY,,,no_article_found,
UBOS,subcounty,KICHWABUGINGO,KIRYANDONGO,KIBANDA NORTH COUNTY,,,no_article_found,
UBOS,subcounty,KIRYANDONGO REFUGEE CAMP,KIRYANDONGO,KIBANDA NORTH COUNTY,,,no_article_found,
UBOS,subcounty,KYANKENDE,KIRYANDONGO,KIBANDA NORTH COUNTY,,,no_article_found,
UBOS,subcounty,NYAMAHASA,KIRYANDONGO,KIBANDA NORTH COUNTY,,,no_article_found,
UBOS,subcounty,CENTRAL DIVISION,KISORO,KISORO MUNICIPALITY,,,no_article_found,
UBOS,subcounty,CHAHAFI TOWN COUNCIL,KISORO,BUFUMBIRA COUNTY,,,no_article_found,
UBOS,subcounty,CYANIKA TOWN COUNCIL,KISORO,BUFUMBIRA COUNTY,,,no_article_found,
UBOS,subcounty,MUPAKA TOWN COUNCIL,KISORO,BUFUMBIRA COUNTY,,,no_article_found,
UBOS,subcounty,NORTH DIVISION,KISORO,KISORO MUNICIPALITY,,,no_article_found,
UBOS,subcounty,NYANAMO TOWN COUNCIL,KISORO,BUKIMBIRI COUNTY,,,no_article_found,
UBOS,subcounty,RUBUGURI TOWN COUNCIL,KISORO,BUKIMBIRI COUNTY,,,no_article_found,
UBOS,subcounty,RUKUNDO TOWN COUNCIL,KISORO,BUFUMBIRA COUNTY,,,no_article_found,
UBOS,subcounty,SOUTH DIVISION,KISORO,KISORO MUNICIPALITY,,,no_article_found,
UBOS,subcounty,BUHANDA,KITAGWENDA,KITAGWENDA COUNTY,,,no_article_found,
UBOS,subcounty,BUKURUNGO TOWN COUNCIL,KITAGWENDA,KITAGWENDA COUNTY,,,no_article_found,
UBOS,subcounty,KAKASI,KITAGWENDA,KITAGWENDA COUNTY,,,no_article_found,
UBOS,subcounty,RUHUNGA,KITAGWENDA,KITAGWENDA COUNTY,,,no_article_found,
UBOS,subcounty,RWENJAZA,KITAGWENDA,KITAGWENDA COUNTY,,,no_article_found,
UBOS,subcounty,CENTRAL DIVISION,KITGUM,KITGUM MUNICIPALITY,,,no_article_found,
UBOS,subcounty,LALANO,KITGUM,CHUA WEST COUNTY,,,no_article_found,
UBOS,subcounty,MUCWINI,KITGUM,CHUA EAST COUNTY,,,no_article_found,
UBOS,subcounty,PAGER DIVISION,KITGUM,KITGUM MUNICIPALITY,,,no_article_found,
UBOS,subcounty,PANDWONG DIVISION,KITGUM,KITGUM MUNICIPALITY,,,no_article_found,
UBOS,subcounty,KERI TOWN COUNCIL,KOBOKO,KOBOKO COUNTY,,,no_article_found,
UBOS,subcounty,NORTH DIVISION,KOBOKO,KOBOKO MUNICIPALITY,,,no_article_found,
UBOS,subcounty,SOUTH DIVISION,KOBOKO,KOBOKO MUNICIPALITY,,,no_article_found,
UBOS,subcounty,CENTRAL DIVISION,KOTIDO,KOTIDO MUNICIPALITY,,,no_article_found,
UBOS,subcounty,KAMOR,KOTIDO,JIE COUNTY,,,no_article_found,
UBOS,subcounty,KANAIR,KOTIDO,JIE COUNTY,,,no_article_found,
UBOS,subcounty,LOKITELAEBU TOWN COUNCIL,KOTIDO,JIE COUNTY,,,no_article_found,
UBOS,subcounty,LOKWAKIAL,KOTIDO,JIE COUNTY,,,no_article_found,
UBOS,subcounty,LOLETIO,KOTIDO,JIE COUNTY,,,no_article_found,
UBOS,subcounty,LONGAROE,KOTIDO,JIE COUNTY,,,no_article_found,
UBOS,subcounty,MAARU,KOTIDO,JIE COUNTY,,,no_article_found,
UBOS,subcounty,NAPUMPUM,KOTIDO,JIE COUNTY,,,no_article_found,
UBOS,subcounty,NORTH DIVISION,KOTIDO,KOTIDO MUNICIPALITY,,,no_article_found,
UBOS,subcounty,SOUTH DIVISION,KOTIDO,KOTIDO MUNICIPALITY,,,no_article_found,
UBOS,subcounty,WEST DIVISION,KOTIDO,KOTIDO MUNICIPALITY,,,no_article_found,
UBOS,subcounty,KADAMI,KUMI,KANYUM COUNTY,,,no_article_found,
UBOS,subcounty,KAKURES,KUMI,KANYUM COUNTY,,,no_article_found,
UBOS,subcounty,KAMACA,KUMI,KANYUM COUNTY,,,no_article_found,
UBOS,subcounty,KANAPA,KUMI,KUMI COUNTY,,,no_article_found,
UBOS,subcounty,NORTH DIVISION,KUMI,KUMI MUNICIPALITY,,,no_article_found,
UBOS,subcounty,OGOOMA,KUMI,KUMI COUNTY,,,no_article_found,
UBOS,subcounty,SOUTH DIVISION,KUMI,KUMI MUNICIPALITY,,,no_article_found,
UBOS,subcounty,TISAI,KUMI,KUMI COUNTY,,,no_article_found,
UBOS,subcounty,AKALI,KWANIA,KWANIA NORTH COUNTY,,,no_article_found,
UBOS,subcounty,ATONGTIDI,KWANIA,KWANIA COUNTY,,,no_article_found,
UBOS,subcounty,AYABI,KWANIA,KWANIA COUNTY,,,no_article_found,
UBOS,subcounty,AYABI TOWN COUNCIL,KWANIA,KWANIA COUNTY,,,no_article_found,
UBOS,subcounty,CAWENTE,KWANIA,KWANIA COUNTY,,,no_article_found,
UBOS,subcounty,CHEPSUKUNYA TOWN COUNCIL,KWEEN,SOI COUNTY,,,no_article_found,
UBOS,subcounty,GREEK RIVER (KIRIKI),KWEEN,SOI COUNTY,,,no_article_found,
UBOS,subcounty,KAPKWATA,KWEEN,KWEEN COUNTY,,,no_article_found,
UBOS,subcounty,KAPNARKUT TOWN COUNCIL,KWEEN,KWEEN COUNTY,,,no_article_found,
UBOS,subcounty,KASEKO,KWEEN,KWEEN COUNTY,,,no_article_found,
UBOS,subcounty,KWANYIY,KWEEN,KWEEN COUNTY,,,no_article_found,
UBOS,subcounty,MOYOK,KWEEN,KWEEN COUNTY,,,no_article_found,
UBOS,subcounty,TUIKAT,KWEEN,KWEEN COUNTY,,,no_article_found,
UBOS,subcounty,BANANYWA,KYANKWANZI,BUTEMBA COUNTY,,,no_article_found,
UBOS,subcounty,BYERIMA,KYANKWANZI,BUTEMBA COUNTY,,,no_article_found,
UBOS,subcounty,KIRYANNONGO,KYANKWANZI,NTWETWE COUNTY,,,no_article_found,
UBOS,subcounty,KISALA,KYANKWANZI,NTWETWE COUNTY,,,no_article_found,
UBOS,subcounty,MASODDE-KALAGI TOWN COUNCIL,KYANKWANZI,NTWETWE COUNTY,,,no_article_found,
UBOS,subcounty,MUWANGI,KYANKWANZI,NTWETWE COUNTY,,,no_article_found,
UBOS,subcounty,NKANDWA,KYANKWANZI,NTWETWE COUNTY,,,no_article_found,
UBOS,subcounty,BUGOGO TOWN COUNCIL,KYEGEGWA,KYAKA NORTH COUNTY,,,no_article_found,
UBOS,subcounty,HAPUUYO,KYEGEGWA,KYAKA NORTH COUNTY,,,no_article_found,
UBOS,subcounty,HAPUUYO TOWN COUNCIL,KYEGEGWA,KYAKA NORTH COUNTY,,,no_article_found,
UBOS,subcounty,KIGAMBO,KYEGEGWA,KYAKA NORTH COUNTY,,,no_article_found,
UBOS,subcounty,KYAKA II REFUGEE CAMP,KYEGEGWA,KYAKA CENTRAL COUNTY,,,no_article_found,
UBOS,subcounty,KYATEGA,KYEGEGWA,KYAKA CENTRAL COUNTY,,,no_article_found,
UBOS,subcounty,MIGAMBA,KYEGEGWA,KYAKA SOUTH COUNTY,,,no_article_found,
UBOS,subcounty,MIGONGWE,KYEGEGWA,KYAKA NORTH COUNTY,,,no_article_found,
UBOS,subcounty,NKAAKWA,KYEGEGWA,KYAKA NORTH COUNTY,,,no_article_found,
UBOS,subcounty,NKANJA,KYEGEGWA,KYAKA CENTRAL COUNTY,,,no_article_found,
UBOS,subcounty,BATALIKA,KYENJOJO,MWENGE COUNTY,,,no_article_found,
UBOS,subcounty,BUFUNJO,KYENJOJO,MWENGE COUNTY,,,no_article_found,
UBOS,subcounty,BUTUNDUZI,KYENJOJO,MWENGE COUNTY,,,no_article_found,
UBOS,subcounty,BUTUNDUZI TOWN COUNCIL,KYENJOJO,MWENGE COUNTY,,,no_article_found,
UBOS,subcounty,KANYEGARAMIRE,KYENJOJO,MWENGE COUNTY,,,no_article_found,
UBOS,subcounty,KIFUKA TOWN COUNCIL,KYENJOJO,MWENGE COUNTY,,,no_article_found,
UBOS,subcounty,KIGOYERA,KYENJOJO,MWENGE COUNTY,,,no_article_found,
UBOS,subcounty,KITEGA,KYENJOJO,MWENGE COUNTY,,,no_article_found,
UBOS,subcounty,KYAKATWIRE TOWN COUNCIL,KYENJOJO,MWENGE COUNTY,,,no_article_found,
UBOS,subcounty,KYAMUTUNZI TOWN COUNCIL,KYENJOJO,MWENGE COUNTY,,,no_article_found,
UBOS,subcounty,MABIRA TOWN COUNCIL,KYENJOJO,MWENGE COUNTY,,,no_article_found,
UBOS,subcounty,NYABIRONGO,KYENJOJO,MWENGE COUNTY,,,no_article_found,
UBOS,subcounty,NYAKISI,KYENJOJO,MWENGE CENTRAL COUNTY,,,no_article_found,
UBOS,subcounty,RUGOMBE TOWN COUNCIL,KYENJOJO,MWENGE CENTRAL COUNTY,,,no_article_found,
UBOS,subcounty,ACEBA,LAMWO,LAMWO COUNTY,,,no_article_found,
UBOS,subcounty,KATUM,LAMWO,LAMWO COUNTY,,,no_article_found,
UBOS,subcounty,PALABEK ABERA,LAMWO,PALABEK COUNTY,,,no_article_found,
UBOS,subcounty,PALABEK NYIMUR,LAMWO,PALABEK COUNTY,,,no_article_found,
UBOS,subcounty,PALABEK REFUGEE SETTLEMENT CAMP,LAMWO,PALABEK COUNTY,,,no_article_found,
UBOS,subcounty,POTIKA,LAMWO,LAMWO COUNTY,,,no_article_found,
UBOS,subcounty,AYAMI,LIRA,ERUTE COUNTY,,,no_article_found,
UBOS,subcounty,ITEK,LIRA,ERUTE COUNTY,,,no_article_found,
UBOS,subcounty,WIODYEK,LIRA,ERUTE COUNTY,,,no_article_found,
UBOS,subcounty,BUKOOVA TOWN COUNCIL,LUUKA,LUUKA NORTH COUNTY,,,no_article_found,
UBOS,subcounty,BULANGA TOWN COUNCIL,LUUKA,LUUKA SOUTH COUNTY,,,no_article_found,
UBOS,subcounty,BUSALAMU TOWN COUNCIL,LUUKA,LUUKA SOUTH COUNTY,,,no_article_found,
UBOS,subcounty,KYANVUMA TOWN COUNCIL,LUUKA,LUUKA SOUTH COUNTY,,,no_article_found,
UBOS,subcounty,BUSIIKA TOWN COUNCIL,LUWEERO,BAMUNANIKA COUNTY,,,no_article_found,
UBOS,subcounty,KATOVU TOWN COUNCIL,LWENGO,BUKOTO COUNTY,,,no_article_found,
UBOS,subcounty,KINGO,LWENGO,BUKOTO COUNTY,,,no_article_found,
UBOS,subcounty,LYAKAJURA,LYANTONDE,KABULA COUNTY,,,no_article_found,
UBOS,subcounty,EWANGA,MADI-OKOLLO,LOWER MADI COUNTY,,,no_article_found,
UBOS,subcounty,INDE TOWN COUNCIL,MADI-OKOLLO,LOWER MADI COUNTY,,,no_article_found,
UBOS,subcounty,BUKEWA,MANAFWA,BUBULO WEST COUNTY,,,no_article_found,
UBOS,subcounty,BUKHADALA,MANAFWA,BUTIRU COUNTY,,,no_article_found,
UBOS,subcounty,BUNABUTSALE,MANAFWA,BUBULO WEST COUNTY,,,no_article_found,
UBOS,subcounty,BUTOOTO,MANAFWA,BUBULO WEST COUNTY,,,no_article_found,
UBOS,subcounty,BUWANGANI TOWN COUNCIL,MANAFWA,BUBULO WEST COUNTY,,,no_article_found,
UBOS,subcounty,BUYINZA TOWN COUNCIL,MANAFWA,BUTIRU COUNTY,,,no_article_found,
UBOS,subcounty,LWANJUSI,MANAFWA,BUBULO WEST COUNTY,,,no_article_found,
UBOS,subcounty,MAEFE,MANAFWA,BUTIRU COUNTY,,,no_article_found,
UBOS,subcounty,MAKENYA,MANAFWA,BUTIRU COUNTY,,,no_article_found,
UBOS,subcounty,MAYANZA,MANAFWA,BUTIRU COUNTY,,,no_article_found,
UBOS,subcounty,NANGALWE,MANAFWA,BUBULO WEST COUNTY,,,no_article_found,
UBOS,subcounty,AGAII TOWN COUNCIL,MARACHA,MARACHA COUNTY,,,no_article_found,
UBOS,subcounty,AJIRA,MARACHA,MARACHA EAST COUNTY,,,no_article_found,
UBOS,subcounty,ALIKUA,MARACHA,MARACHA EAST COUNTY,,,no_article_found,
UBOS,subcounty,AWIZIRU,MARACHA,MARACHA COUNTY,,,no_article_found,
UBOS,subcounty,DRAMBU,MARACHA,MARACHA EAST COUNTY,,,no_article_found,
UBOS,subcounty,OBIBA,MARACHA,MARACHA COUNTY,,,no_article_found,
UBOS,subcounty,OKOKORO TOWN COUNCIL,MARACHA,MARACHA COUNTY,,,no_article_found,
UBOS,subcounty,OLUFE,MARACHA,MARACHA COUNTY,,,no_article_found,
UBOS,subcounty,OVUJO TOWN COUNCIL,MARACHA,MARACHA COUNTY,,,no_article_found,
UBOS,subcounty,KYANAMUKAKA,MASAKA,BUKOTO COUNTY,,,no_article_found,
UBOS,subcounty,KIMAANYA-KABONERA DIVISION,MASAKA CITY,KIMAANYA-KABONERA DIVISION,,,no_article_found,
UBOS,subcounty,NYENDO-MUKUNGWE DIVISION,MASAKA CITY,NYENDO-MUKUNGWE DIVISION,,,no_article_found,
UBOS,subcounty,BIKONZI,MASINDI,BUJENJE COUNTY,,,no_article_found,
UBOS,subcounty,BULIMA TOWN COUNCIL,MASINDI,BUJENJE COUNTY,,,no_article_found,
UBOS,subcounty,CENTRAL DIVISION,MASINDI,MASINDI MUNICIPALITY,,,no_article_found,
UBOS,subcounty,KABANGO TOWN COUNCIL,MASINDI,BUJENJE COUNTY,,,no_article_found,
UBOS,subcounty,KIJUNJUBWA,MASINDI,BURULI COUNTY,,,no_article_found,
UBOS,subcounty,KIJUNJUBWA TOWN COUNCIL,MASINDI,BURULI COUNTY,,,no_article_found,
UBOS,subcounty,KIRULI,MASINDI,BURULI COUNTY,,,no_article_found,
UBOS,subcounty,KYATIRI TOWN COUNCIL,MASINDI,BURULI COUNTY,,,no_article_found,
UBOS,subcounty,LABONGO,MASINDI,BURULI COUNTY,,,no_article_found,
UBOS,subcounty,NYANTONZI,MASINDI,BUJENJE COUNTY,,,no_article_found,
UBOS,subcounty,BUGADDE TOWN COUNCIL,MAYUGE,BUNYA COUNTY,,,no_article_found,
UBOS,subcounty,BWONDHA TOWN COUNCIL,MAYUGE,BUNYA COUNTY,,,no_article_found,
UBOS,subcounty,IMANYIRO,MAYUGE,BUNYA COUNTY,,,no_article_found,
UBOS,subcounty,JAGUZI,MAYUGE,BUNYA COUNTY,,,no_article_found,
UBOS,subcounty,MAGAMAGA TOWN COUNCIL,MAYUGE,BUNYA COUNTY,,,no_article_found,
UBOS,subcounty,BUKHIENDE,MBALE,BUNGOKHO COUNTY,,,no_article_found,
UBOS,subcounty,BUSANO,MBALE,BUNGOKHO CENTRAL COUNTY,,,no_article_found,
UBOS,subcounty,JEWA TOWN COUNCIL,MBALE,BUNGOKHO COUNTY,,,no_article_found,
UBOS,subcounty,BUKIIRO,MBARARA,KASHARI SOUTH COUNTY,,,no_article_found,
UBOS,subcounty,BUKIIRO TOWN COUNCIL,MBARARA,KASHARI SOUTH COUNTY,,,no_article_found,
UBOS,subcounty,BWIZIBWERA-RUTOOMA TOWN COUNCIL,MBARARA,KASHARI SOUTH COUNTY,,,no_article_found,
UBOS,subcounty,NYABISIRIRA TOWN COUNCIL,MBARARA,KASHARI NORTH COUNTY,,,no_article_found,
UBOS,subcounty,RUBINDI-RUHUMBA TOWN COUNCIL,MBARARA,KASHARI NORTH COUNTY,,,no_article_found,
UBOS,subcounty,KIGYENDE,MITOOMA,RUHINDA NORTH COUNTY,,,no_article_found,
UBOS,subcounty,KIYANGA,MITOOMA,RUHINDA NORTH COUNTY,,,no_article_found,
UBOS,subcounty,NYAKIZINGA,MITOOMA,RUHINDA SOUTH COUNTY,,,no_article_found,
UBOS,subcounty,RUREHE,MITOOMA,RUHINDA SOUTH COUNTY,,,no_article_found,
UBOS,subcounty,RUTOOKYE TOWN COUNCIL,MITOOMA,RUHINDA NORTH COUNTY,,,no_article_found,
UBOS,subcounty,RWOBURUNGA,MITOOMA,RUHINDA NORTH COUNTY,,,no_article_found,
UBOS,subcounty,BBANDA,MITYANA,BUSUJJU COUNTY,,,no_article_found,
UBOS,subcounty,BBANDA TOWN COUNCIL,MITYANA,BUSUJJU COUNTY,,,no_article_found,
UBOS,subcounty,CENTRAL DIVISION,MITYANA,MITYANA MUNICIPALITY,,,no_article_found,
UBOS,subcounty,KALANGAALO,MITYANA,MITYANA COUNTY,,,no_article_found,
UBOS,subcounty,TTAMU DIVISION,MITYANA,MITYANA MUNICIPALITY,,,no_article_found,
UBOS,subcounty,ZIGOTI TOWN COUNCIL,MITYANA,BUSUJJU COUNTY,,,no_article_found,
UBOS,subcounty,KATIKEKILE,MOROTO,TEPETH COUNTY,,,no_article_found,
UBOS,subcounty,LOPUTUK,MOROTO,MATHENIKO COUNTY,,,no_article_found,
UBOS,subcounty,LOTISAN,MOROTO,MATHENIKO COUNTY,,,no_article_found,
UBOS,subcounty,NORTH DIVISION,MOROTO,MOROTO MUNICIPALITY,,,no_article_found,
UBOS,subcounty,SOUTH DIVISION,MOROTO,MOROTO MUNICIPALITY,,,no_article_found,
UBOS,subcounty,ALURU,MOYO,WEST MOYO COUNTY,,,no_article_found,
UBOS,subcounty,LAROPI,MOYO,WEST MOYO COUNTY,,,no_article_found,
UBOS,subcounty,LAROPI TOWN COUNCIL,MOYO,WEST MOYO COUNTY,,,no_article_found,
UBOS,subcounty,OTCE,MOYO,WEST MOYO COUNTY,,,no_article_found,
UBOS,subcounty,KAMMENGO,MPIGI,MAWOKOTA COUNTY,,,no_article_found,
UBOS,subcounty,EAST DIVISION,MUBENDE,MUBENDE MUNICIPALITY,,,no_article_found,
UBOS,subcounty,KALONGA,MUBENDE,BUWEKULA SOUTH COUNTY,,,no_article_found,
UBOS,subcounty,KIRUUMA,MUBENDE,BUWEKULA COUNTY,,,no_article_found,
UBOS,subcounty,KIYUUNI,MUBENDE,BUWEKULA COUNTY,,,no_article_found,
UBOS,subcounty,KYENDA TOWN COUNCIL,MUBENDE,BUWEKULA SOUTH COUNTY,,,no_article_found,
UBOS,subcounty,LUBIMBIRI,MUBENDE,KASAMBYA COUNTY,,,no_article_found,
UBOS,subcounty,SOUTH DIVISION,MUBENDE,MUBENDE MUNICIPALITY,,,no_article_found,
UBOS,subcounty,WEST DIVISION,MUBENDE,MUBENDE MUNICIPALITY,,,no_article_found,
UBOS,subcounty,KOOME ISLANDS,MUKONO,MUKONO COUNTY,,,no_article_found,
UBOS,subcounty,NAKIFUMA-NAGGALAMA TOWN COUNCIL,MUKONO,NAKIFUMA COUNTY,,,no_article_found,
UBOS,subcounty,NTENJERU-KISOGA TOWN COUNCIL,MUKONO,MUKONO COUNTY,,,no_article_found,
UBOS,subcounty,KOSIKE,NABILATUK,PIAN COUNTY,,,no_article_found,
UBOS,subcounty,NATIRAE,NABILATUK,PIAN COUNTY,,,no_article_found,
UBOS,subcounty,KAAWACH,NAKAPIRIPIRIT,CHEKWII COUNTY,,,no_article_found,
UBOS,subcounty,LEMUSUI,NAKAPIRIPIRIT,CHEKWII EAST COUNTY,,,no_article_found,
UBOS,subcounty,LORENG,NAKAPIRIPIRIT,CHEKWII COUNTY,,,no_article_found,
UBOS,subcounty,TOKORA,NAKAPIRIPIRIT,CHEKWII EAST COUNTY,,,no_article_found,
UBOS,subcounty,KAASANGOMBE,NAKASEKE,NAKASEKE SOUTH COUNTY,,,no_article_found,
UBOS,subcounty,KITTO,NAKASEKE,NAKASEKE CENTRAL COUNTY,,,no_article_found,
UBOS,subcounty,NAKASEKE BUTALANGU TOWN COUNCIL,NAKASEKE,NAKASEKE CENTRAL COUNTY,,,no_article_found,
UBOS,subcounty,KATUUGO TOWN COUNCIL,NAKASONGOLA,NAKASONGOLA COUNTY,,,no_article_found,
UBOS,subcounty,KAZWAMA TOWN COUNCIL,NAKASONGOLA,NAKASONGOLA COUNTY,,,no_article_found,
UBOS,subcounty,LWABIYATA,NAKASONGOLA,BUDYEBO COUNTY,,,no_article_found,
UBOS,subcounty,MAYIRIKITI TOWNCOUNCIL,NAKASONGOLA,NAKASONGOLA COUNTY,,,no_article_found,
UBOS,subcounty,BUHEMBA,NAMAYINGO,NAMAYINGO SOUTH COUNTY,,,no_article_found,
UBOS,subcounty,BUKANA,NAMAYINGO,BUKOOLI ISLAND COUNTY,,,no_article_found,
UBOS,subcounty,BUSWALE,NAMAYINGO,BUKOOLI SOUTH COUNTY,,,no_article_found,
UBOS,subcounty,LOLWE,NAMAYINGO,BUKOOLI ISLAND COUNTY,,,no_article_found,
UBOS,subcounty,MUTUMBA,NAMAYINGO,NAMAYINGO SOUTH COUNTY,,,no_article_found,
UBOS,subcounty,MUTUMBA TOWN COUNCIL,NAMAYINGO,NAMAYINGO SOUTH COUNTY,,,no_article_found,
UBOS,subcounty,BUKWHAWEKA TOWN COUNCIL,NAMISINDWA,NAMISINDWA COUNTY,,,no_article_found,
UBOS,subcounty,BUMITYERO,NAMISINDWA,BUBULO EAST COUNTY,,,no_article_found,
UBOS,subcounty,BUMUMALI,NAMISINDWA,NAMISINDWA COUNTY,,,no_article_found,
UBOS,subcounty,BUNGATI,NAMISINDWA,NAMISINDWA COUNTY,,,no_article_found,
UBOS,subcounty,BUWAMBWA,NAMISINDWA,BUBULO EAST COUNTY,,,no_article_found,
UBOS,subcounty,BUWATUWA,NAMISINDWA,NAMISINDWA COUNTY,,,no_article_found,
UBOS,subcounty,LUWA TOWN COUNCIL,NAMISINDWA,NAMISINDWA COUNTY,,,no_article_found,
UBOS,subcounty,MUKHUYU,NAMISINDWA,BUBULO EAST COUNTY,,,no_article_found,
UBOS,subcounty,MUKOTO,NAMISINDWA,NAMISINDWA COUNTY,,,no_article_found,
UBOS,subcounty,NABITSIKHI,NAMISINDWA,BUBULO EAST COUNTY,,,no_article_found,
UBOS,subcounty,NAMITSA,NAMISINDWA,BUBULO EAST COUNTY,,,no_article_found,
UBOS,subcounty,BUGOBI,NAMUTUMBA,BUSIKI COUNTY,,,no_article_found,
UBOS,subcounty,BUGOBI TOWN COUNCIL,NAMUTUMBA,BUSIKI COUNTY,,,no_article_found,
UBOS,subcounty,KIZUBA,NAMUTUMBA,BUSIKI COUNTY,,,no_article_found,
UBOS,subcounty,MAZUBA,NAMUTUMBA,BUSIKI NORTH COUNTY,,,no_article_found,
UBOS,subcounty,NABWEYO,NAMUTUMBA,BUKONO COUNTY,,,no_article_found,
UBOS,subcounty,NANGONDE,NAMUTUMBA,BUKONO COUNTY,,,no_article_found,
UBOS,subcounty,NANGONDE TOWN COUNCIL,NAMUTUMBA,BUKONO COUNTY,,,no_article_found,
UBOS,subcounty,NAWAIKONA,NAMUTUMBA,BUSIKI COUNTY,,,no_article_found,
UBOS,subcounty,APEITOLIM,NAPAK,BOKORA COUNTY,,,no_article_found,
UBOS,subcounty,KANGOLE TOWN COUNCIL,NAPAK,BOKORA EAST COUNTY,,,no_article_found,
UBOS,subcounty,LOKITEDED TOWN COUNCIL,NAPAK,BOKORA COUNTY,,,no_article_found,
UBOS,subcounty,NABWAL,NAPAK,BOKORA EAST COUNTY,,,no_article_found,
UBOS,subcounty,PORON,NAPAK,BOKORA COUNTY,,,no_article_found,
UBOS,subcounty,ABINDU DIVISION,NEBBI,NEBBI MUNICIPALITY,,,no_article_found,
UBOS,subcounty,ACANA,NEBBI,PADYERE COUNTY,,,no_article_found,
UBOS,subcounty,CENTRAL DIVISION,NEBBI,NEBBI MUNICIPALITY,,,no_article_found,
UBOS,subcounty,JUPANGIRA,NEBBI,PADYERE COUNTY,,,no_article_found,
UBOS,subcounty,NYARAVUR - ANGAL TOWN COUNCIL,NEBBI,PADYERE COUNTY,,,no_article_found,
UBOS,subcounty,PADWOT,NEBBI,PADYERE COUNTY,,,no_article_found,
UBOS,subcounty,THATHA DIVISION,NEBBI,NEBBI MUNICIPALITY,,,no_article_found,
UBOS,subcounty,AGIRIGIROI,NGORA,KAPIR COUNTY,,,no_article_found,
UBOS,subcounty,ATOOT,NGORA,NGORA COUNTY,,,no_article_found,
UBOS,subcounty,MORUKAKISE,NGORA,KAPIR COUNTY,,,no_article_found,
UBOS,subcounty,ODWARAT,NGORA,NGORA COUNTY,,,no_article_found,
UBOS,subcounty,OPOT TOWN COUNCIL,NGORA,NGORA COUNTY,,,no_article_found,
UBOS,subcounty,KIBUUKU TOWN COUNCIL,NTOROKO,NTOROKO COUNTY,,,no_article_found,
UBOS,subcounty,CENTRAL DIVISION,NTUNGAMO,NTUNGAMO MUNICIPALITY,,,no_article_found,
UBOS,subcounty,KAFUNJO-MIRAMA TOWN COUNCIL,NTUNGAMO,RUHAAMA COUNTY,,,no_article_found,
UBOS,subcounty,KAKUKURU-RWENANURA TOWN COUNCI,NTUNGAMO,RUHAAMA COUNTY,,,no_article_found,
UBOS,subcounty,NYABUSHENYI,NTUNGAMO,KAJARA COUNTY,,,no_article_found,
UBOS,subcounty,NYAMUKANA TOWN COUNCIL,NTUNGAMO,RUHAAMA COUNTY,,,no_article_found,
UBOS,subcounty,NYAMUNUKA TOWN COUNCIL,NTUNGAMO,KAJARA COUNTY,,,no_article_found,
UBOS,subcounty,NYARUTUNTU,NTUNGAMO,RUHAAMA COUNTY,,,no_article_found,
UBOS,subcounty,RWAMABONDO TOWN COUNCIL,NTUNGAMO,KAJARA COUNTY,,,no_article_found,
UBOS,subcounty,RWASHAMEIRE TOWN COUNCIL,NTUNGAMO,KAJARA COUNTY,,,no_article_found,
UBOS,subcounty,RWENTOBO-RWAHI TOWN COUNCIL,NTUNGAMO,RUSHENYI COUNTY,,,no_article_found,
UBOS,subcounty,ANAKA (PAYIRA),NWOYA,NWOYA COUNTY,,,no_article_found,
UBOS,subcounty,GOT APWOYO,NWOYA,NWOYA COUNTY,,,no_article_found,
UBOS,subcounty,LII,NWOYA,NWOYA EAST COUNTY,,,no_article_found,
UBOS,subcounty,LUNGULU,NWOYA,NWOYA COUNTY,,,no_article_found,
UBOS,subcounty,PAMINYAI,NWOYA,NWOYA EAST COUNTY,,,no_article_found,
UBOS,subcounty,PURONGO,NWOYA,NWOYA COUNTY,,,no_article_found,
UBOS,subcounty,PURONGO TOWN COUNCIL,NWOYA,NWOYA COUNTY,,,no_article_found,
UBOS,subcounty,EWAFA,OBONGI,OBONGI COUNTY,,,no_article_found,
UBOS,subcounty,PALORINYA,OBONGI,OBONGI COUNTY,,,no_article_found,
UBOS,subcounty,ABUGA,OMORO,TOCHI COUNTY,,,no_article_found,
UBOS,subcounty,AKIDI,OMORO,OMORO COUNTY,,,no_article_found,
UBOS,subcounty,AREMO,OMORO,TOCHI COUNTY,,,no_article_found,
UBOS,subcounty,LABORA,OMORO,TOCHI COUNTY,,,no_article_found,
UBOS,subcounty,LAKWAYA,OMORO,OMORO COUNTY,,,no_article_found,
UBOS,subcounty,ORAPWOYO,OMORO,OMORO COUNTY,,,no_article_found,
UBOS,subcounty,BARJOBI,OTUKE,OTUKE COUNTY,,,no_article_found,
UBOS,subcounty,BARJOBI TOWN COUNCIL,OTUKE,OTUKE COUNTY,,,no_article_found,
UBOS,subcounty,OGWETTE,OTUKE,OTUKE EAST COUNTY,,,no_article_found,
UBOS,subcounty,OKWONGO TOWN COUNCIL,OTUKE,OTUKE COUNTY,,,no_article_found,
UBOS,subcounty,BONGTIKO,PADER,ARUU NORTH COUNTY,,,no_article_found,
UBOS,subcounty,LUNYIRI,PADER,ARUU COUNTY,,,no_article_found,
UBOS,subcounty,PAIULA,PADER,ARUU NORTH COUNTY,,,no_article_found,
UBOS,subcounty,POROGALI,PADER,ARUU NORTH COUNTY,,,no_article_found,
UBOS,subcounty,PUKOR,PADER,ARUU COUNTY,,,no_article_found,
UBOS,subcounty,TE-NAM,PADER,ARUU COUNTY,,,no_article_found,
UBOS,subcounty,DEI,PAKWACH,JONAM COUNTY,,,no_article_found,
UBOS,subcounty,POKWERO,PAKWACH,JONAM COUNTY,,,no_article_found,
UBOS,subcounty,RAGEM,PAKWACH,JONAM COUNTY,,,no_article_found,
UBOS,subcounty,BOLISO,PALLISA,PALLISA COUNTY,,,no_article_found,
UBOS,subcounty,CHELEKURA,PALLISA,AGULE COUNTY,,,no_article_found,
UBOS,subcounty,KAUKURA,PALLISA,GOGONYO COUNTY,,,no_article_found,
UBOS,subcounty,OBOLISO,PALLISA,AGULE COUNTY,,,no_article_found,
UBOS,subcounty,OBUTET,PALLISA,GOGONYO COUNTY,,,no_article_found,
UBOS,subcounty,DYANGO TOWN COUNCIL,RAKAI,KOOKI COUNTY,,,no_article_found,
UBOS,subcounty,KASANKALA,RAKAI,BUYAMBA COUNTY,,,no_article_found,
UBOS,subcounty,LWENTULEGE TOWN COUNCIL,RAKAI,BUYAMBA COUNTY,,,no_article_found,
UBOS,subcounty,MWERUKA TOWN COUNCIL,RAKAI,KOOKI COUNTY,,,no_article_found,
UBOS,subcounty,NTANTAMUKI TOWN COUNCIL,RAKAI,KOOKI COUNTY,,,no_article_found,
UBOS,subcounty,BUTARE-KATOJO TOWN COUNCIL,RUBANDA,RUBANDA COUNTY,,,no_article_found,
UBOS,subcounty,HABUHUTU TOWN COUNCIL,RUBANDA,RUBANDA COUNTY,,,no_article_found,
UBOS,subcounty,HAMUHAMBO TOWN COUNCIL,RUBANDA,RUBANDA COUNTY,,,no_article_found,
UBOS,subcounty,KACERERE TOWN COUNCIL,RUBANDA,RUBANDA COUNTY,,,no_article_found,
UBOS,subcounty,NSHANJARE TOWN COUNCIL,RUBANDA,RUBANDA COUNTY,,,no_article_found,
UBOS,subcounty,NYAMWEERU,RUBANDA,RUBANDA COUNTY,,,no_article_found,
UBOS,subcounty,BIKURUNGU TOWN COUNCIL,RUKUNGIRI,RUJUMBURA COUNTY,,,no_article_found,
UBOS,subcounty,RWERERE TOWN COUNCIL,RUKUNGIRI,RUJUMBURA COUNTY,,,no_article_found,
UBOS,subcounty,BUTERANIRO-NYEIHANGA TOWN COUNCIL,RWAMPARA,RWAMPARA COUNTY,,,no_article_found,
UBOS,subcounty,KABURA TOWN COUNCIL,RWAMPARA,RWAMPARA EAST COUNTY,,,no_article_found,
UBOS,subcounty,NDEIJA,RWAMPARA,RWAMPARA COUNTY,,,no_article_found,
UBOS,subcounty,RWEIBOGO-KIBINGO TOWN COUNCIL,RWAMPARA,RWAMPARA EAST COUNTY,,,no_article_found,
UBOS,subcounty,BUGONDO,SERERE,KASILO COUNTY,,,no_article_found,
UBOS,subcounty,KAGWARA TOWN COUNCIL,SERERE,KASILO COUNTY,,,no_article_found,
UBOS,subcounty,KIDETOK TOWN COUNCIL,SERERE,PINGIRE COUNTY,,,no_article_found,
UBOS,subcounty,LABOR,SERERE,PINGIRE COUNTY,,,no_article_found,
UBOS,subcounty,OCAAPA TOWN COUNCIL,SERERE,SERERE COUNTY,,,no_article_found,
UBOS,subcounty,KASHOZI DIVISION,SHEEMA,SHEEMA MUNICIPALITY,,,no_article_found,
UBOS,subcounty,BUBBEZA,SIRONKO,BUDADIRI COUNTY,,,no_article_found,
UBOS,subcounty,BUGAMBI,SIRONKO,BUDADIRI COUNTY,,,no_article_found,
UBOS,subcounty,BUGUSEGE TOWN COUNCIL,SIRONKO,BUDADIRI COUNTY,,,no_article_found,
UBOS,subcounty,BUKIITI TOWN COUNCIL,SIRONKO,BUDADIRI COUNTY,,,no_article_found,
UBOS,subcounty,BUMULISHA,SIRONKO,BUDADIRI COUNTY,,,no_article_found,
UBOS,subcounty,BUSAMAGA,SIRONKO,BUDADIRI COUNTY,,,no_article_found,
UBOS,subcounty,BUSIITA,SIRONKO,BUDADIRI COUNTY,,,no_article_found,
UBOS,subcounty,BUWERI TOWN COUNCIL,SIRONKO,BUDADIRI COUNTY,,,no_article_found,
UBOS,subcounty,DAHAMI,SIRONKO,BUDADIRI COUNTY,,,no_article_found,
UBOS,subcounty,ELGON,SIRONKO,BUDADIRI COUNTY,,,no_article_found,
UBOS,subcounty,GOMBE GASAWA TOWN COUNCIL,SIRONKO,BUDADIRI COUNTY,,,no_article_found,
UBOS,subcounty,KAMA TOWN COUNCIL,SIRONKO,BUDADIRI COUNTY,,,no_article_found,
UBOS,subcounty,KIKOBERO,SIRONKO,BUDADIRI COUNTY,,,no_article_found,
UBOS,subcounty,LEGENYA,SIRONKO,BUDADIRI COUNTY,,,no_article_found,
UBOS,subcounty,LULENA,SIRONKO,BUDADIRI COUNTY,,,no_article_found,
UBOS,subcounty,MAFUDU,SIRONKO,BUDADIRI COUNTY,,,no_article_found,
UBOS,subcounty,NAMAGULI,SIRONKO,BUDADIRI COUNTY,,,no_article_found,
UBOS,subcounty,NAMUGABWE,SIRONKO,BUDADIRI COUNTY,,,no_article_found,
UBOS,subcounty,AUKOT,SOROTI,GWERI COUNTY,,,no_article_found,
UBOS,subcounty,AWALIWAL,SOROTI,GWERI COUNTY,,,no_article_found,
UBOS,subcounty,LALLE,SOROTI,SOROTI COUNTY,,,no_article_found,
UBOS,subcounty,OCOKICAN,SOROTI,SOROTI COUNTY,,,no_article_found,
UBOS,subcounty,OCULOI,SOROTI,DAKABELA COUNTY,,,no_article_found,
UBOS,subcounty,KYEERA,SSEMBABULE,LWEMIYAGA COUNTY,,,no_article_found,
UBOS,subcounty,MABINDO,SSEMBABULE,MAWOGOLA NORTH COUNTY,,,no_article_found,
UBOS,subcounty,MITETE,SSEMBABULE,MAWOGOLA COUNTY,,,no_article_found,
UBOS,subcounty,MITIMA,SSEMBABULE,MAWOGOLA NORTH COUNTY,,,no_article_found,
UBOS,subcounty,NABITANGA,SSEMBABULE,LWEMIYAGA COUNTY,,,no_article_found,
UBOS,subcounty,NAKASENYI,SSEMBABULE,MAWOGOLA WEST COUNTY,,,no_article_found,
UBOS,subcounty,LEJU TOWN COUNCIL,TEREGO,TEREGO WEST COUNTY,,,no_article_found,
UBOS,subcounty,AKADOT,TORORO,TORORO NORTH COUNTY,,,no_article_found,
UBOS,subcounty,APETAI,TORORO,TORORO NORTH COUNTY,,,no_article_found,
UBOS,subcounty,APOKOR TOWN COUNCIL,TORORO,TORORO SOUTH COUNTY,,,no_article_found,
UBOS,subcounty,KALAIT,TORORO,TORORO SOUTH COUNTY,,,no_article_found,
UBOS,subcounty,KATAJULA,TORORO,WEST BUDAMA COUNTY,,,no_article_found,
UBOS,subcounty,KAYORO,TORORO,TORORO SOUTH COUNTY,,,no_article_found,
UBOS,subcounty,MAGODES TOWN COUNCIL,TORORO,TORORO NORTH COUNTY,,,no_article_found,
UBOS,subcounty,MORUKATIPE,TORORO,TORORO SOUTH COUNTY,,,no_article_found,
UBOS,subcounty,MWELLO,TORORO,WEST BUDAMA CENTRAL COUNTY,,,no_article_found,
UBOS,subcounty,NAWIRE,TORORO,WEST BUDAMA NORTH EAST COUNTY,,,no_article_found,
UBOS,subcounty,NYANGOLE,TORORO,WEST BUDAMA COUNTY,,,no_article_found,
UBOS,subcounty,OJILAI,TORORO,WEST BUDAMA COUNTY,,,no_article_found,
UBOS,subcounty,OSIA,TORORO,WEST BUDAMA COUNTY,,,no_article_found,
UBOS,subcounty,PAJWENDA TOWN COUNCIL,TORORO,WEST BUDAMA CENTRAL COUNTY,,,no_article_found,
UBOS,subcounty,PAYA,TORORO,WEST BUDAMA NORTH EAST COUNTY,,,no_article_found,
UBOS,subcounty,SERE,TORORO,WEST BUDAMA NORTH EAST COUNTY,,,no_article_found,
UBOS,subcounty,SIWA,TORORO,WEST BUDAMA CENTRAL COUNTY,,,no_article_found,
UBOS,subcounty,SONI,TORORO,WEST BUDAMA NORTH EAST COUNTY,,,no_article_found,
UBOS,subcounty,TORORO EASTERN,TORORO,TORORO MUNICIPALITY,,,no_article_found,
UBOS,subcounty,TORORO WESTERN,TORORO,TORORO MUNICIPALITY,,,no_article_found,
UBOS,subcounty,BUNAMWAYA DIVISION,WAKISO,MAKINDYE-SSABAGABO MUNICIPALITY,,,no_article_found,
UBOS,subcounty,DIVISION A,WAKISO,ENTEBBE MUNICIPALITY,,,no_article_found,
UBOS,subcounty,DIVISION B,WAKISO,ENTEBBE MUNICIPALITY,,,no_article_found,
UBOS,subcounty,MASULIITA,WAKISO,BUSIRO COUNTY,,,no_article_found,
UBOS,subcounty,MASULIITA TOWN COUNCIL,WAKISO,BUSIRO COUNTY,,,no_article_found,
UBOS,subcounty,ARAFA,YUMBE,ARINGA SOUTH COUNTY,,,no_article_found,
UBOS,subcounty,ARIA,YUMBE,ARINGA EAST COUNTY,,,no_article_found,
UBOS,subcounty,ARILO,YUMBE,ARINGA NORTH COUNTY,,,no_article_found,
UBOS,subcounty,BARAKALA TOWN COUNCIL,YUMBE,ARINGA EAST COUNTY,,,no_article_found,
UBOS,subcounty,BIDI BIDI REFUGEE CAMP,YUMBE,ARINGA COUNTY,,,no_article_found,
UBOS,subcounty,BIDI BIDI REFUGEE CAMP,YUMBE,ARINGA EAST COUNTY,,,no_article_found,
UBOS,subcounty,BIDI BIDI REFUGEE CAMP,YUMBE,ARINGA SOUTH COUNTY,,,no_article_found,
UBOS,subcounty,BIJO,YUMBE,ARINGA COUNTY,,,no_article_found,
UBOS,subcounty,DRAJINI,YUMBE,ARINGA SOUTH COUNTY,,,no_article_found,
UBOS,subcounty,KOCHI,YUMBE,ARINGA EAST COUNTY,,,no_article_found,
UBOS,subcounty,LOBE TOWN COUNCIL,YUMBE,ARINGA NORTH COUNTY,,,no_article_found,
UBOS,subcounty,LORI,YUMBE,ARINGA EAST COUNTY,,,no_article_found,
UBOS,subcounty,ROMOGI,YUMBE,ARINGA EAST COUNTY,,,no_article_found,
UBOS,subcounty,WANDI,YUMBE,ARINGA NORTH COUNTY,,,no_article_found,
UBOS,subcounty,ABANGA,ZOMBO,OKORO COUNTY,,,no_article_found,
UBOS,subcounty,AKAA,ZOMBO,ORA COUNTY,,,no_article_found,
UBOS,subcounty,ALANGI,ZOMBO,ORA COUNTY,,,no_article_found,
UBOS,subcounty,ATHUMA,ZOMBO,OKORO COUNTY,,,no_article_found,
UBOS,subcounty,PADEA TOWN COUNCIL,ZOMBO,OKORO COUNTY,,,no_article_found,
