qitem,label,field,statements,date_of_birth,occupation_names,description
Q83613728,Maria Nassali,Activism & social work,26,,"lawyer, jurist, human rights defender, academic",Ugandan feminist and human rights activist
Q64841082,Ella Jane New,Arts & entertainment,25,,"screenwriter, actor, film director, film producer",American actress
Q27267574,Fiona Catherine Ssozi,Other sport,23,1983-03-25T00:00:00Z,badminton player,badminton player
Q62100202,Katushabe Ruth,Politics & government,23,1982-11-23T00:00:00Z,"politician, journalist, legislator",Ugandan politician
Q27817651,Annet Nakamya,Other sport,22,1969-01-01T00:00:00Z,badminton player,badminton player
Q119539254,Paige Robinson,Other sport,22,2000-07-24T00:00:00Z,basketball player,American-Ugandan basketball player
Q27267563,Sauda Nabawesi,Other sport,22,1981-12-13T00:00:00Z,badminton player,badminton player
Q27817645,Helen Luziika,Other sport,21,1970-01-01T00:00:00Z,badminton player,badminton player
Q111901571,Margaret Nagawa,Other / unspecified,21,1971-11-14T00:00:00Z,"curator, painter, sculptor","Ugandan sculptor, painter and curator"
Q141160688,Patience Museveni Rwabwogo,Other / unspecified,21,1978-05-09T00:00:00Z,pastor,"Ugandan 1st daughter, pastor and episcopal bishop"
Q118045990,Sylvia Angubua Baluka,Academia & education,21,,"veterinarian, lecturer, researcher, microbiologist",Ugandan microbiologist and researcher
Q66686258,Jamila Nansikombi,Other sport,20,1997-02-22T00:00:00Z,basketball player,Ugandan basketball player (born 1997)
Q56810807,Harriet Mpairwe,Academia & education,19,,researcher,researcher
Q137782599,Iryn Tushabe,Media & writing,19,,"writer, journalist",Canadian writer and journalist
Q140645118,Jackline Kamanzi,Media & writing,19,,"writer, permanent secretary, executive secretary, self-employed person","Ugandan and Rwandan author, leadership and governance coach, gender equality and social inclusion expert"
Q117860013,Sharifah Wanyana,Other sport,19,2001-07-01T00:00:00Z,badminton player,badminton player
Q137166882,Sheila Nakitende,Other / unspecified,19,1983-01-01T00:00:00Z,visual artist,Ugandan visual artist
Q131195291,Aisha Namatovu,Media & writing,18,1992-12-04T00:00:00Z,"actor, writer, film producer, director","Ugandan film producer, writer, director, and actress"
Q118173594,Annabella Habinka Basaza Ejiri,Academia & education,18,,"teacher, academician, information scientist, researcher",Ugandan information scientist and researcher
Q62168154,Christine Sekaggya-Wiltshire,Health,18,,physician,Ugandan physician
Q137996942,Ntale Nsereko Madina,Politics & government,18,,"politician, legislator",Ugandan politician
Q139717983,Prisca Nakitto,Media & writing,18,,"writer, educator",writer and educator
Q112039573,Priscilla Nyadoi,Politics & government,18,,"writer, politician, lecturer, university teacher","Ugandan Professor of Forestry, Environmentalist and Author"
Q137991539,Ssebbugga Berunado Kimeze,Politics & government,18,1960-08-27T00:00:00Z,"politician, legislator, civil engineer",Ugandan politician
Q131224498,Arao Ameny,Media & writing,17,,"writer, poet, editor, journalist","Ugandan born Poet, Writer, Editor, and Journalist based in Maryland"
Q125173937,Asaph Clan,Arts & entertainment,17,1991-07-07T00:00:00Z,"singer, songwriter",Worship music minister and songwriter
Q136720051,Ashnah Kalemera,Other / unspecified,17,,"director of programming, program manager",Ugandan programme manager
Q111292129,Bintu Jalia Lukumu,Politics & government,17,1967-05-20T00:00:00Z,"teacher, politician, social worker","Ugandan politician, social worker, and teacher"
Q133889680,Birungi Annet,Politics & government,17,,"politician, board member, legislator",Ugandan politician
Q96232512,Daphne Bitalo,Academia & education,17,,researcher,researcher
Q118217917,Elizabeth Naluminsa,Academia & education,17,,"astronomer, teacher, researcher",Ugandan astronomer and researcher
Q113990775,Jalia Walda,Other / unspecified,17,1995-07-07T00:00:00Z,"hairdresser, make-up artist, YouTuber",YouTuber
Q139955393,Kruthum Nalumansi,Other sport,17,2002-04-30T00:00:00Z,badminton player,badminton player
Q139659812,Miriam Luyombo,Academia & education,17,1962-11-22T00:00:00Z,"teacher, businessperson, academician, head teacher",Ugandan educational entrepreneur
Q139881586,Noeline Kirabo,Other / unspecified,17,,"coach, professor, author, business development","Ugandan Business Development Consultant, Serial Author,  Mentor, and Life Coach"
Q90931389,Sarah Nakawunde,Politics & government,17,1970-07-24T00:00:00Z,"teacher, accountant, legislator",Ugandan politician
Q123509793,Shahasi Yusuf Athman,Academia & education,17,,"professor, biotechnologist, lecturer, botanist","Ugandan Botanist, Microbiologist, Biotechnologist lecturer"
Q131195442,Shakira Kibirige,Other / unspecified,17,1986-01-01T00:00:00Z,"hairdresser, make-up artist, costume designer","Ugandan special effects makeup artist, costume designer and hairstylist"
Q133835954,Shilah Lamunu,Other sport,17,2004-10-21T00:00:00Z,basketball player,Ugandan basketball player (born 2004)
Q140658499,Vivian Nalule,Other sport,17,2011-07-30T00:00:00Z,badminton player,badminton player
Q137988626,Wembabazi Beatrice,Politics & government,17,,"politician, legislator",Ugandan politician
Q140563024,,Other / unspecified,17,,"agronomist, women's rights activist",
Q136929169,Achiro Patricia Olwoch,Other / unspecified,16,,"playwright, filmmaker","Ugandan playwright, author and filmmaker"
Q58003483,Atim Joy Ongom,Politics & government,16,1968-09-15T00:00:00Z,"politician, accountant",Ugandan politician
Q111291779,Chekamondo Ruykiya Kulany,Politics & government,16,1965-10-07T00:00:00Z,"politician, educator",Ugandan educator and politician
Q65086888,Connie Nshemereirwe,Other / unspecified,16,,"facilitator, educational theorist",Science and Policy Facilitator
Q138012956,Diana Kibuukauga,Media & writing,16,,"journalist, radio personality, podcaster, broadcaster",Ugandan climate journalist
Q110978829,Margret Kunihira,Football,16,2004-09-09T00:00:00Z,association football player,Ugandan footballer
Q139555005,Nnamara Annet Oyes Byamukama,Politics & government,16,,"politician, business administration, legislator",Ugandan politician
Q140982823,Patience Nitumwesiga,Media & writing,16,,"writer, teacher, playwright, artist","Ugandan feminist filmmaker, writer and artist"
Q111084062,Phiona Nabbumba,Football,16,2000-07-20T00:00:00Z,"midfielder, association football player",Ugandan footballer
Q136760033,Proscovia Namubiru Ssentamu,Academia & education,16,,"professor, lecturer",Ugandan professor of education
Q122182175,Robert Ojambo,Academia & education,16,,"political scientist, university teacher, researcher",Ugandan political scientist and educator
Q136734800,Rose lily Kebirungi,Other / unspecified,16,,"make-up artist, costume designer, personal stylist","Ugandan makeup artist, special effects artist, costume designer, and stylist"
Q139671429,Ruth Mukama Gimbo,Other / unspecified,16,1946-12-01T00:00:00Z,professor,A Ugandan academic professor specializing in linguistics
Q120786056,Sarah Kaddu,Academia & education,16,,"librarian, university teacher","Ugandan librarian, LIS educator, and administrator"
Q133836129,Sarah Nkonge,Academia & education,16,,"teacher, entrepreneur, lecture",Ugandan entrepreneur
Q67500467,Susan Lakot Oruni,Other / unspecified,16,1975-07-07T00:00:00Z,"military officer, head teacher",UPDF Representative in Ugandan Parliament
Q138291849,Assumpta Owomugisha,Other sport,15,2003-06-10T00:00:00Z,badminton player,badminton player
Q137999916,Auma Janet,Politics & government,15,,"politician, legislator",Ugandan politician
Q105951109,Azairwnshaija Kabaraitsya Dorothy,Politics & government,15,1974-12-15T00:00:00Z,"politician, accountant",Ugandan politician and accountant
Q139769949,Bina Babie,Media & writing,15,1976-01-01T00:00:00Z,"journalist, radio personality",Ugandan journalist
Q140645984,Brownie Ebal,Media & writing,15,,"writer, lawyer, general counsel","Ugandan lawyer, author and legal manager at the National Water and Sewerage Coorporation"
Q131290614,Cissy Nalumansi,Other / unspecified,15,,"film director, film producer, film screenwriter","Ugandan Film Writer, Director, Producer"
Q136658346,Elone Natumanya Ainebyoona,Other / unspecified,15,,,Governance and Policy Expert
Q130600715,Eva Nagayi,Football,15,2004-11-04T00:00:00Z,association football player,Ugandan footballer
Q118985485,Evelynn Angeyo,Other / unspecified,15,1978-08-14T00:00:00Z,"information and communications technology, human resource manager","Board Member, Gender Tech Initiative"
Q141349151,Hosea Kiprop,Other sport,15,2005-12-10T00:00:00Z,athlete,Ugandan middle distance runner
Q138834562,Joyce Christine Nakiwala,Arts & entertainment,15,,"entrepreneur, choreographer, yoga instructor, dancer","Ugandan yoga teacher, meditation instructor, dancer, and wellness coach"
Q137996361,Kabarokole Sarah,Politics & government,15,,"politician, legislator",Ugandan politician
Q137997004,Khainza Agnes Shiuma,Politics & government,15,,"politician, legislator",Ugandan politician
Q119562207,Leslie Vorpahl,Other sport,15,1995-08-08T00:00:00Z,basketball player,American basketball player (born 1995)
Q137992940,Lwansasula Sarah,Politics & government,15,,"politician, legislator",Ugandan politician
Q111023620,Majidah Nantanda,Football,15,,"coach, association football coach, trainer",Ugandan football player and manager
Q138000223,Mariam Seif,Politics & government,15,,"politician, legislator",Ugandan politician
Q135338492,Mary Moses Amaniyo,Other sport,15,2003-12-15T00:00:00Z,basketball player,Ugandan basketball player (born 2003)
Q139782229,Mary Nakandha Okwakol,Academia & education,15,1951-01-01T00:00:00Z,"official, director, university teacher, researcher","Ugandan academician, administrator and a zoologist"
Q138465009,Mona Taha,Arts & entertainment,15,1988-01-01T00:00:00Z,artist,Ugandan self-taught artist
Q138751316,Mutasingwa Diana Nankunda Kagyenyi,Politics & government,15,1989-12-09T00:00:00Z,"businessperson, politician, legislator",Ugandan politician
Q137988651,Namulondo Sarah,Politics & government,15,,"politician, legislator",Ugandan politician
Q136734670,Nantege Rhona Kyewalabye,Arts & entertainment,15,,"artist, visual artist, spoken word artist",Uganda visual and spoken word artist
Q140988465,Olivia Nassaka Banja,Other / unspecified,15,,"chancellor, associate professor",Ugandan academic leader and theologian
Q116911859,Priscilla Busingye,Academia & education,15,1965-11-19T00:00:00Z,"university teacher, gynecologist, obstetrician, religious sister",Ugandan religious sister and obstetric gynaecologist
Q95628213,Saphina Biira,Academia & education,15,,"physicist, docent, university teacher, researcher",Ugandan physicist and researcher
Q106691592,Scovia Arinaitwe,Activism & social work,15,,"human rights defender, trainer, coordinator",Human Rights Defender in Uganda
Q133835936,Shakirah Nanvubya,Other sport,15,2000-11-13T00:00:00Z,basketball player,Ugandan basketball player (born 2000)
Q130354613,Sharifa Nakimera,Football,15,2005-03-30T00:00:00Z,association football player,Ugandan footballer
Q134887604,Sharifah Nalwadda,Other sport,15,2004-08-12T00:00:00Z,basketball player,Ugandan basketball player (born 2004)
Q119562956,Sharon Karungi,Other sport,15,1990-09-16T00:00:00Z,basketball player,Ugandan basketball player (born 1990)
Q137972444,Sheila Amaniyo,Politics & government,15,,"politician, Rotarian",Ugandan politician
Q119557618,Urysla Cotton,Other sport,15,1988-09-28T00:00:00Z,basketball player,Ugandan basketball player (born 1988)
Q137988593,Winifred Nakandi,Politics & government,15,,politician,Ugandan politician
Q139658917,Aaliyah Viola Nantabaazi,Media & writing,14,1998-05-18T00:00:00Z,poet,"Ugandan actress( screen and stage), voice actor, poet and film producer"
Q138438582,Aketch Joy Winnie,Academia & education,14,1993-05-08T00:00:00Z,"teacher, fashion model, vlogger, runway model",Ugandan model and content creator
Q137990706,Amongin Jane Frances Okili,Politics & government,14,,"politician, legislator",Ugandan politician
Q137996715,Ayoo Janeth Phoebe Obol,Politics & government,14,,"politician, legislator",Ugandan politician
Q131294228,Ber Harriet Anena,Media & writing,14,,"writer, poet",Ugandan writer and poet
Q133460251,Erina Namutebi,Other sport,14,1993-09-28T00:00:00Z,boxer,Ugandan boxer
Q136766796,Gorreti Kyomuhendo,Media & writing,14,,writer,Ugandan writer
Q133881012,Joan Tushemereirwe,Other sport,14,1994-01-01T00:00:00Z,volleyball player,Ugandan volleyball player
Q139857801,Joanna Amaru,Arts & entertainment,14,,singer,Ugandan based New York singer and song writer
Q137993092,Khalayi Peace,Politics & government,14,,"politician, legislator",Ugandan politician
Q136659891,Kyarikunda Loydah Twinomujuni,Politics & government,14,,"politician, legislator",Ugandan politician
Q138751314,Lenia Charity Kevin,Politics & government,14,,"politician, legislator",Ugandan politician
Q139759680,Lucky Mbabazi,Media & writing,14,1980-10-28T00:00:00Z,"actor, journalist",Ugandan journilist
Q137993385,Mafabi Asha Nabulo,Politics & government,14,,"politician, legislator",Ugandan politician
Q112579410,Mariam Fauzat Wangadya,Activism & social work,14,,"lawyer, advocate, human rights defender","Ugandan lawyer, advocate and Human Rights activist"
Q131219528,Martha Byoga,Media & writing,14,,"poet, spoken word, radio personality",Radio Presenter
Q62570853,Martha Kay,Arts & entertainment,14,,"photographer, actor, comedian",Ugandan comedian
Q138604787,Monica Nakityo Nakagande,Other sport,14,,badminton player,badminton player
Q137988728,Mushabe Rujoki Ruth,Politics & government,14,,"politician, legislator",Ugandan politician
Q119242506,Najjuka Solome,Media & writing,14,,"writer, educator, columnist, university teacher",Ugandan author/ educator
Q138006535,Namubiru Rwabushaija Margaret,Politics & government,14,1956-01-01T00:00:00Z,"politician, legislator",Ugandan politician
Q139554994,Nankwanga Stellamaris,Politics & government,14,,"politician, legislator",Ugandan politician
Q137994327,Onzima Phiona,Politics & government,14,,"politician, legislator",Ugandan politician
Q133817234,Robinah Kakonge,Politics & government,14,,"politician, journalist","Ugandan diplomat and journalist, Uganda's ambassador to the United States"
Q134873896,Sarah Ageno,Other sport,14,1996-07-12T00:00:00Z,basketball player,Ugandan basketball player (born 1996)
Q141224146,Sarah Evelyn Nabwire Ssali,Other / unspecified,14,1971-01-01T00:00:00Z,professor,Ugandan academic and professor
Q140512191,Sarah Mukisa,Media & writing,14,,"writer, pastor",Ugandan author and pastor
Q130562754,Shakirah Mutibwa,Football,14,,association football player,Ugandan Footballer
Q137991346,Tibyaze Peace,Politics & government,14,,"politician, legislator",Ugandan politician
Q139554750,Aayoo Joyce Makamoe,Politics & government,13,,"politician, legislator",Ugandan politician
Q133835913,Agatha Kamwada,Other sport,13,2000-11-24T00:00:00Z,basketball player,Ugandan basketball player (born 2000)
Q137990597,Akifeza Grace Ngabirano,Politics & government,13,,"politician, legislator",Ugandan politician
Q137901058,Alice Ruhweza,Other / unspecified,13,,executive director,Ugandan environment advocate
Q139554794,Amaniyo Draville Sheilah,Politics & government,13,,"politician, legislator",Ugandan politician
Q126326714,Esther Kisakye,Law,13,,lawyer,Ugandan lawyer and judge
Q133836260,Evelyn Anyipo,Other sport,13,1994-07-24T00:00:00Z,cricketer,Ugandan cricketer
Q118610749,Fiona Mutekanga,Academia & education,13,,"docent, researcher, ecologist",Ugandan environmental scientist| academic and researcher
Q122723284,Godliver Owomugisha,Academia & education,13,,"computer scientist, docent, researcher",Ugandan computer scientist and researcher
Q105836109,Hellen Auma Wandera,Politics & government,13,1997-12-12T00:00:00Z,politician,Ugandan politician
Q133836403,Irene Mutonyi,Other sport,13,2008-10-10T00:00:00Z,cricketer,Ugandan cricketer
Q130737819,Joanitah Ainembabazi,Football,13,,association football player,Ugandan Footballer
Q28038455,Joanitta Bewulira-Wandera,Arts & entertainment,13,,"actor, film actor",actor
Q131290278,Josephine Kabahuma,Arts & entertainment,13,,"actor, costume designer, film director, production designer","Ugandan Actress, Film Producer, Film Writer, Film Director, Production Designer, Costume Designer"
Q135391858,Josephine Salmon,Other sport,13,1991-01-17T00:00:00Z,basketball player,English basketball player (born 1991)
Q137999857,Joyo Harriet,Politics & government,13,,"politician, legislator",Ugandan politician
Q111439050,Kabaale Kwagala Olivia,Politics & government,13,1969-06-16T00:00:00Z,politician,Ugandan politician
Q138028929,Kanyesigye Mercy,Politics & government,13,,"politician, legislator",Ugandan politician
Q138132307,Kibaaju Charity Kamuhanda,Politics & government,13,,"politician, legislator",Ugandan politician
Q105760683,Koyeekyenga Katwesigye Oliva,Politics & government,13,,politician,Ugandan politician
Q139554918,Kyarampe Rebecca,Politics & government,13,,"politician, legislator",Ugandan politician
Q133881189,Margret Namyalo,Other sport,13,,volleyball player,Volleyball player
Q122914346,May Murungi,Other / unspecified,13,,postdoctoral researcher,Ugandan archaeological researcher
Q119241607,Mazzi Wampamba,Media & writing,13,,poet,Ugandan author
Q133835895,Modesta Anyango,Other sport,13,2007-12-17T00:00:00Z,basketball player,Ugandan basketball player (born 2007)
Q137989675,Nabawanuka Sumayah,Politics & government,13,,"politician, legislator",Ugandan politician
Q137991018,Nabirye Annet,Politics & government,13,,"politician, legislator",Ugandan politician
Q140562277,Namyalo Faridah,Other sport,13,,boxer,Ugandan boxer
Q137208774,Nicole Remus,Media & writing,13,1995-01-01T00:00:00Z,"architect, poet, artist, curator","visual artist, curator, and architect"
Q131010704,Nina Roz,Arts & entertainment,13,1993-07-17T00:00:00Z,musician,Ugandan musician
Q138003607,Ninsiima Evelyne,Politics & government,13,,"politician, legislator",Ugandan politician
Q134078752,Olivia Mukaya,Other sport,13,2011-01-01T00:00:00Z,chess player,Ugandan chess player
Q130352342,Samalie Nakacwa,Football,13,2003-01-15T00:00:00Z,association football player,Ugandan footballer
Q137993723,Sarah Ithungu Masereka Baleke,Politics & government,13,,politician,Ugandan politician
Q135105159,Shakira Nasaka,Other sport,13,1998-06-28T00:00:00Z,netballer,Ugandan netball player
Q111020276,Shamim Nambasa,Politics & government,13,1999-01-01T00:00:00Z,"politician, pharmacist, activist",Ugandan Politician
Q135155053,Shamirah Nassolo,Other sport,13,1998-05-01T00:00:00Z,netballer,Ugandan netball player
Q129445937,Sharon Kaidu,Football,13,2003-11-28T00:00:00Z,association football player,Ugandan footballer
Q83555432,Stella Kabiri-Marial,Academia & education,13,,researcher,researcher
Q137325177,Suzan Faith Mutesi Mufumbiro,Arts & entertainment,13,1986-01-01T00:00:00Z,"actor, fashion designer, model","Ugandan-Australian based actress, model and fashion designer"
Q139780334,Sylvia Namwase,Academia & education,13,,"lawyer, lecturer",Ugandan legal scholar
Q134819502,Sylvia Nantongo,Other sport,13,2004-12-02T00:00:00Z,basketball player,Ugandan basketball player (born 2004)
Q131105336,Tracy Kababiito,Media & writing,13,,"actor, television presenter, voice actor, radio personality","Ugandan actor, voice over actor, digital creator, television and radio Host"
Q136682547,Achayo Juliet Lodou,Politics & government,12,,"politician, legislator",Ugandan politician
Q134880797,Adong Mukula Meble,Football,12,2007-05-23T00:00:00Z,association football player,Ugandan football player
Q131298074,Agatha Rachael Akullu,Media & writing,12,,"poet, activist","Founder and CEO Read Us Africa, Ugandan literacy activist"
Q135111242,Alice Winnie Isoto,Other sport,12,2000-02-18T00:00:00Z,basketball player,Ugandan basketball player (born 2000)
Q97690763,Annah Senyondwa,Football,12,1994-04-24T00:00:00Z,association football player,Ugandan association football player
Q133470244,Ayerango Justine,Football,12,,association football player,Ugandan footballer
Q112144856,Caroline Mbabazi,Other / unspecified,12,,adviser,"Lawyer, Advocate and Partner in Energy Mining and Infrastructure Practice specializing in commercial law with a focus on the energy, mining and infrastructure sector in Uganda."
Q137996833,Diana Jane Mugenyi,Politics & government,12,,politician,Ugandan politician
Q126369471,Doreen Kyazze,Activism & social work,12,,"lawyer, human rights defender",Ugandan lawyer and human rights activist
Q118985264,Dr. Ketty Anyeko,Other / unspecified,12,1981-02-28T00:00:00Z,information and communications technology,"Board Member, Gender Tech Initiative"
Q134078842,Elna Mercy Lakica,Other sport,12,2011-01-01T00:00:00Z,chess player,Ugandan chess player and politician
Q138001165,Ethel Aanyu,Other / unspecified,12,1994-08-01T00:00:00Z,"photographer, painter",Ugandan Photographer and Painter
Q134078806,Evelyn Namugalu,Other sport,12,2009-01-01T00:00:00Z,chess player,Ugandan chess player
Q133880409,Flavia Nandawula,Other sport,12,,volleyball player,Volleyball player
Q84498032,Flora Aulangot,Arts & entertainment,12,1897-01-01T00:00:00Z,"artist, sculptor",Ugandan sculptor
Q135353336,Francesca Kyamagero,Other sport,12,2008-08-11T00:00:00Z,basketball player,Irish basketball player (born 2008)
Q130354276,Hadijah Babirye,Football,12,2004-11-02T00:00:00Z,association football player,Ugandan footballer
Q134078721,Irene Nakibuule,Other sport,12,2006-01-01T00:00:00Z,chess player,Ugandan chess player
Q139621483,Joan Busingye,Other / unspecified,12,1992-04-18T00:00:00Z,psychologist,"Public Health Consultant based in Kampala, Uganda"
Q129094660,Jolly Kobusinge,Football,12,2002-01-29T00:00:00Z,"defender, association football player",Ugandan footballer and defender
Q134880724,Josephine Nambuya,Football,12,2006-01-01T00:00:00Z,association football player,Ugandan football player
Q133863749,Judith Nansobya,Other sport,12,1986-10-10T00:00:00Z,basketball player,Ugandan basketball player (born 1986)
Q133464141,Katusiime Charity,Football,12,,association football player,Ugandan football player
Q141265972,Kedrace R. Turyagyenda,Politics & government,12,,"secretary, civil servant, educator",Ugandan secretary
Q133835966,Keren Longom,Other sport,12,2002-09-13T00:00:00Z,basketball player,Ugandan basketball player (born 2002)
Q130594845,Latifah Nakasi,Football,12,2003-05-03T00:00:00Z,association football player,Ugandan female Football Player
Q133522072,Liliane Byarugaba Adriko,Other / unspecified,12,,"secretary, advocate","CEO-FIDA Uganda, Activist"
Q131105587,Linda Nabasa,Media & writing,12,,"actor, poet, playwright, theatrical producer","Poet, short story writer, playwright, actress and theatre producer"
Q133462786,Mercy Batamuliza,Other sport,12,,netballer,Ugandan netball player
Q137991609,Muhooza Desire,Politics & government,12,,"politician, legislator",Ugandan politician
Q140562336,Nagawa Vanessa,Other sport,12,,boxer,Ugandan amateur boxer
Q140562303,Nakandi Judith,Other sport,12,,boxer,Ugandan boxer
Q131362422,Nandor Love,Arts & entertainment,12,2002-11-25T00:00:00Z,"singer, musician",Ugandan Musician
Q130613980,Noeline Namiiro,Football,12,,"association football referee, association football player",Ugandan Footballer
Q135342857,Olivia Kolo,Other sport,12,1986-02-25T00:00:00Z,basketball player,Swedish basketball player (born 1986)
Q138504865,Olivia Nabawanda,Academia & education,12,,lecturer,Ugandan mathematician and academic
Q133863760,Olivia Nalubega,Other sport,12,,kabaddi player,"Ugandan football ,netball and volleyball player"
Q136773966,Patricia Aceng,Politics & government,12,,"politician, journalist",Ugandan journalist and politician
Q135152124,Patricia Arago,Other sport,12,2003-04-15T00:00:00Z,netballer,Ugandan netball player
Q120670116,Patricia Nasuuna,Health,12,1986-07-23T00:00:00Z,physician,physician
Q133836106,Prosscovia Alako,Other sport,12,2002-10-30T00:00:00Z,cricketer,Ugandan female cricketer
Q136863308,Pumla Nabachwa,Other / unspecified,12,1985-01-01T00:00:00Z,"economist, banker",Ugandan Financial literacy coach
Q130569509,Resty Kobusobozi,Football,12,,association football player,Ugandan Football player
Q131599014,Rose Izizinga,Academia & education,12,,teacher,Ugandan Educationist
Q137988579,Rose Kirabira,Politics & government,12,,politician,Ugandan politician
Q135361848,Rose Macuei,Other sport,12,2000-04-24T00:00:00Z,basketball player,South Sudanese basketball player (born 2000)
Q110880206,Ruth Kavuma,Politics & government,12,,"teacher, politician","First black & former headteacher of Gayaza High School & former Member of Parliament for Kalangala District, Deputy chairperson at NIRA"
Q110897276,Santa Obongonyige,Other / unspecified,12,1938-12-24T00:00:00Z,educational theorist,"Educationist, community developer"
Q130612631,Shadia Nabirye,Football,12,2009-03-23T00:00:00Z,association football player,Ugandan Footballer
Q134078158,Sharon Namujju,Other sport,12,2003-01-01T00:00:00Z,chess player,Ugandan chess player
Q133828909,Sharua Ndagire,Other sport,12,2002-01-19T00:00:00Z,boxer,Ugandan boxer
Q140996063,Abigael K Muttamba,Other sport,11,,swimmer,Ugandan swimmer
Q135338426,Abigail Mpoza,Other sport,11,2007-12-08T00:00:00Z,basketball player,Ugandan basketball player (born 2007)
Q130717656,Agatha Adongo,Football,11,,association football player,Ugandan Association Footballer
Q136800698,Agnes Nantongo Ssali,Law,11,,lawyer,legal professional
Q130613950,Aisha Namagembe,Football,11,,"association football player, boxer",Ugandan footballer and boxer
Q136766554,Alice Nankya Ndidde,Academia & education,11,,lecturer,"Ugandan lecturer, humanitarian"
Q96433195,Alison Annet Kinengyere,Academia & education,11,,"librarian, university teacher, researcher",researcher
Q130600542,Aminah Nakato,Football,11,2001-04-11T00:00:00Z,association football player,Ugandan footballer
Q134078045,Angel Patricia Asiimwe,Other sport,11,2010-01-01T00:00:00Z,chess player,Ugandan chess player
Q134008612,Angel Tiffany Mwagale,Other sport,11,2004-01-01T00:00:00Z,chess player,Ugandan chess player
Q141007060,Angela Sanyu Okullo,Other / unspecified,11,,"pastor, author","Ugandan author, pastor and gospel singer"
Q135338466,Angella Auma,Other sport,11,2007-05-07T00:00:00Z,basketball player,Ugandan basketball player (born 2007)
Q133863726,Angella Namirimu,Other sport,11,1990-01-20T00:00:00Z,basketball player,Ugandan basketball player (born 1990)
Q130612106,Anitah Arinda,Football,11,,association football player,Ugandan Footballer
Q105883360,Annet Musika,Politics & government,11,,politician,Ugandan politician
Q105839468,Asha Aisha Kabanda Nalule,Politics & government,11,,politician,Ugandan politician
Q107163429,Babra Nuwasimire,Arts & entertainment,11,1998-10-22T00:00:00Z,model,Ugandan model
Q135338519,Bridget Aber,Other sport,11,2001-12-31T00:00:00Z,basketball player,Ugandan basketball player (born 2001)
Q133835927,Bushira Namayanja,Other sport,11,2007-12-29T00:00:00Z,basketball player,Ugandan basketball player (born 2007)
Q131221696,Carolyne Miriam Acen,Media & writing,11,,"poet, editor, spoken word artist","Ugandan poet, spoken word artist, editor, and activist"
Q62099342,Catherine Adipo,Academia & education,11,,teacher,Ugandan Football Referee
Q136734476,Charlene Komuntale,Other / unspecified,11,1991-01-01T00:00:00Z,multimedia artist,Uganda multi-media artist
Q136822180,Christine Nalubowa,Other / unspecified,11,,director,Ugandan IT professional and management consultant
Q135338476,Christine Namyalo,Other sport,11,2006-12-25T00:00:00Z,basketball player,Ugandan basketball player (born 2006)
Q111364527,Damali Ssali,Media & writing,11,,"writer, entrepreneur, accountant","Ugandan Afro-optimist and author with expertise ranging from financial services, trade policy, business, innovation and entrepreneurship"
Q135338478,Darlene Tashobya,Other sport,11,2005-08-10T00:00:00Z,basketball player,Ugandan basketball player (born 2005)
Q87479217,Diana Turyanabo,Other sport,11,1991-12-24T00:00:00Z,boxer,Ugandan Boxer
Q140590182,Eleanor Amali Achidria,Other sport,11,,swimmer,Ugandan swimmer
Q133863677,Elizabeth Kizza,Other sport,11,1982-04-15T00:00:00Z,basketball player,Ugandan basketball player (born 1982)
Q139850523,Esther Nabaasa Mugizi,Other / unspecified,11,,"record producer, songwriter","Ugandan Musician, songwriter, and record producer"
Q134078877,Faith Mwesigwa,Other sport,11,2010-01-01T00:00:00Z,chess player,Ugandan chess player
Q119019098,Fiona Tusiime,Academia & education,11,1976-03-10T00:00:00Z,lecturer,Professor of Philosophy and Lecturer at Cavendish University Kampala
Q131279485,Flavia Kyomukama,Activism & social work,11,,"teacher, activist, mentor, counselor",human rights advocate
Q124289214,Florence Nakagwa,Other sport,11,2004-09-09T00:00:00Z,sport cyclist,Ugandan cyclist
Q130717948,Florence Nazizi,Football,11,,association football player,Uganda footballer
Q141246875,Gladys Nsibirwa Wambuzi,Academia & education,11,1932-09-09T00:00:00Z,"teacher, academic administrator",Ugandan educationist
Q133880318,Grace Akiror,Other sport,11,1991-07-03T00:00:00Z,volleyball player,Volleyball player
Q118976329,Grace Nanyonga,Other / unspecified,11,1974-06-17T00:00:00Z,information and communications technology,"Board Member, Digital Literacy Initiative Uganda"
Q114232444,Hadijah Najjuko,Other sport,11,1989-04-25T00:00:00Z,sport cyclist,cyclist
Q119583076,Hanna Kreitem,Other / unspecified,11,1983-12-11T00:00:00Z,information and communications technology,"Senior Advisor, Internet Technology and development MENA"
Q138819503,Harriet Ssali Nalukwago,Law,11,,lawyer,Ugandan lawyer
Q139744162,Hilder Twongyeirwe,Media & writing,11,,"writer, editor",Ugandan writer and editor
Q121745094,Hope Chigudu,Other / unspecified,11,,"sociologist, women's rights activist",Zimbabwean sociologist
Q135338435,Hope Sisto,Other sport,11,2008-06-06T00:00:00Z,basketball player,Ugandan basketball player (born 2008)
Q120670385,Irene Atim,Health,11,1976-04-09T00:00:00Z,physician,Nurse Mulago Hospital
Q120670340,Iyumva Aimable,Health,11,1985-02-28T00:00:00Z,physician,Nurse Mulago Hospital
Q135652945,Jane Kengeya‑Kayondo,Other / unspecified,11,1953-01-01T00:00:00Z,gynecologist,Ugandan gynecologist
Q140734638,Jemimah Buhanda Tumwijukye,Politics & government,11,1953-01-01T00:00:00Z,"teacher, politician",Politician
Q141066846,Joan Mulungi,Other / unspecified,11,,"paralegal, media personality","Ugandan media personality, legal assistant and author"
Q136799319,Josephine Okwera Akullu,Other / unspecified,11,,health professional,health professional in Uganda
Q137356406,Juliet Kiguli,Academia & education,11,,"university teacher, anthropologist, social scientist",Ugandan social scientist and public health researcher
Q136734560,Katrina Sarah Ssangalyambogo,Other sport,11,2001-07-04T00:00:00Z,,Buganda Kingdom Princess
Q111291998,Kayagi Sarah Netalisire,Politics & government,11,1979-10-22T00:00:00Z,politician,Ugandan politician and member of the parliament
Q139658933,Kobusingye Anne,Politics & government,11,,"politician, human rights defender","Ugandan politician, human rights defender and disability rights advocate"
Q134078628,Leila Namirembe,Other sport,11,2002-01-01T00:00:00Z,chess player,Ugandan chess player
Q135188389,Lia Kaishiki Mosimann,Other sport,11,2004-07-05T00:00:00Z,tennis player,tennis player
Q133459974,Lillian Achola,Other sport,11,1999-07-15T00:00:00Z,netballer,Ugandan netball player
Q135338498,Linda Aber,Other sport,11,2003-02-18T00:00:00Z,basketball player,Ugandan basketball player (born 2003)
Q137999672,Loyda Kyarikunda Twinomujuni,Politics & government,11,,"politician, nurse",Ugandan Politician
Q139382707,Lucy Kalanzi,Business & finance,11,,"businessperson, entrepreneur",A Ugandan entrepreneur and politician
Q134719192,Lyndah Katusiime,Academia & education,11,,"architect, photojournalist, researcher",Ugandan architect
Q133836121,Malisa Ariokot,Other sport,11,2007-04-15T00:00:00Z,cricketer,Ugandan cricketer
Q135338615,Mariam Birungi,Other sport,11,1984-02-15T00:00:00Z,basketball player,Ugandan basketball player (born 1984)
Q135338486,Mariam Namukwaya,Other sport,11,2005-12-02T00:00:00Z,basketball player,Ugandan basketball player (born 2005)
Q134821662,Martina Anyango,Other sport,11,,basketball player,Ugandan basketball player
Q134008832,Michelle Kobugabe,Other sport,11,2010-01-01T00:00:00Z,chess player,Ugandan chess player
Q133836127,Mohammed Jimia,Other sport,11,2007-09-23T00:00:00Z,cricketer,Ugandan female cricketer
Q141365783,Monica Akullu,Other sport,11,2004-11-28T00:00:00Z,athletics competitor,Ugandan track and field athlete
Q135338619,Monica Siima,Other sport,11,1976-07-29T00:00:00Z,basketball player,Ugandan basketball player (born 1976)
Q133863664,Moreen Amoding,Other sport,11,1990-09-21T00:00:00Z,basketball player,Ugandan basketball player (born 1990)
Q137993222,Nanzala Metrine,Politics & government,11,,"politician, legislator",Ugandan politician
Q140562252,Natukunda Peace,Other sport,11,,boxer,Ugandan boxer
Q130569644,Norah Alupo,Football,11,,association football player,Ugandan Football player
Q133460338,Nyonyozi Shine Angella,Arts & entertainment,11,1990-06-19T00:00:00Z,musician,Ugandan Musical artiste
Q130569662,Olivia Babirye,Football,11,,association football player,Ugandan Female Football player
Q141187083,Olivia Byemera,Media & writing,11,,"pastor, master of ceremonies, journalist","Ugandan pastor, author, professional marketer, and event master of ceremonies"
Q136766511,Pamela Khanakwa,Academia & education,11,,"lecturer, administrator","professor, lecturer, administrator"
Q133893781,Patience Angel Atella,Other sport,11,2008-01-01T00:00:00Z,chess player,Ugandan chess player
Q139851578,Paulina Maniraguha Bangirana,Other / unspecified,11,1942-01-01T00:00:00Z,police officer,Ugandan author
Q120670259,Peace Adupa,Health,11,1985-04-28T00:00:00Z,physician,Senior House Officer
Q130354091,Phiona Nabulime,Football,11,,association football player,Ugandan footballer
Q120799393,Prisca Tibenderana,Academia & education,11,,"librarian, university teacher, researcher, consultant",Ugandan librarian and administrator
Q134269517,Rachael Nduhukire,Arts & entertainment,11,,"actor, violinist, vocalist",Actress
Q133880536,Racheal Achieng,Other sport,11,1984-09-19T00:00:00Z,volleyball player,Volleyball player
Q141247059,Rebecca Mirembe Nyonyintono,Academia & education,11,,"university teacher, sociologist",Ugandan educationist
Q136760000,Rehema Baguma,Academia & education,11,,"professor, lecturer",associate professor of information systems
Q114232443,Rehema Nabanoba,Other sport,11,1986-05-25T00:00:00Z,sport cyclist,cyclist
Q120108225,Sarah Kiguli,Other / unspecified,11,1974-03-19T00:00:00Z,pediatrician,"Ugandan pediatrician, academic, and medical researcher"
Q126845875,Sarah Kihika Kasande,Activism & social work,11,,"lawyer, human rights defender",Ugandan human rights lawyer
Q135338484,Sarah Namale,Other sport,11,2005-02-09T00:00:00Z,basketball player,Ugandan basketball player (born 2005)
Q137325216,Sarah Tshila,Media & writing,11,,"poet, songwriter, guitarist, rapper",Ugandan singer and songwriter
Q132964221,Saudah Namyalo,Other / unspecified,11,,linguist,Ugandan academician
Q134008733,Scarlett Mbaaga Murungi,Other sport,11,2009-01-01T00:00:00Z,chess player,Ugandan chess player
Q119581799,Sharon Ayoo,Academia & education,11,1985-04-06T00:00:00Z,lecturer,Lecturer at Jerusalem Institute of Science and Technology
Q133893756,Sheba Valentine Naisanga,Other sport,11,1995-01-01T00:00:00Z,chess player,Ugandan chess player
Q138498412,Sibabalwe Ndlwana,Academia & education,11,1985-01-01T00:00:00Z,"weaver, lecturer, researcher, textile artist","South African - Ugandan weaving artist, textile designer and researcher"
Q138342931,Ssanyu Sematimba,Other / unspecified,11,,"visual artist, head of department",Ugandan-South African visual artist
Q134880852,Sumaiyah Nabuto,Football,11,2004-01-17T00:00:00Z,association football player,Ugandan footballer
Q133460318,Suzan Ddumba Namatovu,Other sport,11,,netballer,Ugandan netball player
Q139859181,Tendo Tobel,Media & writing,11,,"singer, radio personality",Ugandan Radio presenter and musician
Q134078679,Veritah Blessed Kansiime,Other sport,11,2008-01-01T00:00:00Z,chess player,Ugandan chess player
Q136682581,Waako Joy Peggy,Politics & government,11,,"politician, legislator",Ugandan politician
Q135058838,,Other sport,11,2011-02-18T00:00:00Z,tennis player,tennis player from Uganda
Q135064792,,Other sport,11,2011-09-13T00:00:00Z,tennis player,Tennis Player
Q140591521,Abisagi N Mugenyi,Other sport,10,,swimmer,Ugandan swimmer
Q138000550,Aceng Sandra Odongo,Politics & government,10,,politician,Ugandan politician
Q125356340,Adilan Bagalaaliwo,Football,10,,association football player,Ugandan Rhodes Scholar
Q134626320,Agnes Akanyo,Other sport,10,,volleyball player,Ugandan professional volleyball player
Q134008565,Agnes Nakamatte,Other sport,10,2008-01-01T00:00:00Z,chess player,Ugandan chess player
Q120799389,Agnes Namaganda,Academia & education,10,,"librarian, university teacher",Ugandan librarian and administrator
Q134077932,Aine Atubet,Other sport,10,2013-01-01T00:00:00Z,chess player,Chess player
Q118583327,Aisha Nantongo,Football,10,2002-04-06T00:00:00Z,association football player,Uganda women footballer
Q134003130,Alice Namale,Academia & education,10,,lecturer,A Ugandan Acamedician and Researcher at Makerere University
Q28035100,Allen Masumba,Arts & entertainment,10,,"actor, film actor",actor
Q111512689,Aminah Nabule,Academia & education,10,,"businessperson, news presenter, lecturer","Ugandan News Anchor, Lecturer and Business Woman"
Q141266012,Anne Twinomugisha Muhairwe,Law,10,,"lawyer, inspector general",Ugandan lawyer and public administrator
Q118965168,Annet Tusiime,Other / unspecified,10,1996-09-08T00:00:00Z,information and communications technology,"Programs Associate, Digital Literacy Initiative Uganda"
Q133468059,Asanyo Patience,Football,10,,association football player,Ugandan footballer
Q118976109,Asia Kamukama,Other / unspecified,10,1982-03-15T00:00:00Z,information and communications technology,"Board Member, Digital Literacy Initiative Uganda"
Q119352676,Atim Nelly,Other / unspecified,10,1995-07-23T00:00:00Z,economist,"Economist , Kyambogo University"
Q119398157,Audrey Nimusiima,Other / unspecified,10,1983-03-23T00:00:00Z,auditor,Internal Auditor kyambogo University
Q133468808,Aujat Dorine,Football,10,,association football player,Ugandan footballer
Q133881140,Auma Naume,Other sport,10,1997-01-01T00:00:00Z,volleyball player,Volleyball player
Q130717754,Azizi Nalumansi,Football,10,,association football player,Ugandan Footballer
Q133881297,Bamanya Komil,Other sport,10,2007-05-17T00:00:00Z,volleyball player,Volleyball player
Q119440045,Bazirio Nabuto,Other / unspecified,10,1986-12-03T00:00:00Z,human resource management,Senior Human Resource Officer
Q140964029,Beatrice Byemanzi,Other / unspecified,10,,"pastor, author, coaching","Uganda pastor, author and business coach"
Q140008036,Beatrice Guzu,Other / unspecified,10,,"women's rights activist, disability rights activist",Ugandan disability rights advocate
Q133571487,Betty Grace Akech Okullo,Politics & government,10,,"teacher, politician, diplomat","Ugandan politician, diplomat and Uganda Ambassador to Japan"
Q136910228,Blessing Brenda,Business & finance,10,,accountant,Ugandan accountant
Q118946582,Brenda Namaata,Other / unspecified,10,,official,Administrator at Internet Society Uganda Chapter
Q137219483,Brenda Sekabembe,Business & finance,10,1979-03-01T00:00:00Z,"businessperson, baker",Ugandan baker and business woman
Q135338516,Bronnie Kusiima,Other sport,10,2000-10-24T00:00:00Z,basketball player,Ugandan basketball player (born 2000)
Q134008593,Catherine Ampaire,Other sport,10,2004-01-01T00:00:00Z,chess player,Ugandan chess player
Q141164106,Catherine Bitarakwate,Politics & government,10,,civil servant,"Ugandan public administrator and Permanent Secretary, Ministry of Public Service"
Q140532502,Catherine Ruhweza,Media & writing,10,,"writer, director, journalist","Ugandan journalist, author, and founding director of Mama Tendo Foundation"
Q140041866,Cathy Mwesigwa,Media & writing,10,,journalist,Ugandan journalist
Q116938961,Celestino Mindra,Other / unspecified,10,1946-01-01T00:00:00Z,"engineer, administrator",Ugandan engineer and sports administrator
Q135338474,Christine Saima,Other sport,10,2006-12-23T00:00:00Z,basketball player,Ugandan basketball player (born 2006)
Q119351662,Claire Nabatta,Academia & education,10,1993-04-19T00:00:00Z,lecturer,"Assistant Lecturer, Kyambogo University"
Q134626237,Comfort Twesiime,Other sport,10,,volleyball player,Ugandan professional volleyball player
Q133460298,Confidence Nkurunungi Asiimwe,Other / unspecified,10,,"school counselor, mental health counselor",University counsellor
Q135338456,Diana Letaru,Other sport,10,2005-11-08T00:00:00Z,basketball player,Ugandan basketball player (born 2005)
Q141173520,Dorcas Wagima Okalany,Politics & government,10,,"civil servant, accountant",Ugandan civil servant
Q134813327,Dorcus Kisakye,Football,10,2007-10-10T00:00:00Z,association football player,Ugandan football player
Q136760104,Elizabeth Kawuma Lwanga,Academia & education,10,,university teacher,Ugandan professor at Uganda Management Institute
Q136856967,Elle Trivia Muhoza,Other / unspecified,10,,beauty pageant contestant,Uganda model and women empowerment advocate
Q135338518,Emily Nerima,Other sport,10,2001-06-26T00:00:00Z,basketball player,Ugandan basketball player (born 2001)
Q133878843,Eseza Makumbi,Politics & government,10,,"politician, activist",Ugandan politician and women's rights advocate active in the 1950s and 1960s
Q111945607,Esther Bagoole,Activism & social work,10,,human rights defender,Ugandan children Rights Activist
Q133836265,Esther Iloku,Other sport,10,,cricketer,Ugandan female cricketer
Q130737665,Esther Naluyimba,Football,10,,association football player,Ugandan Footballer
Q134008457,Esther Nampiima,Other sport,10,2002-01-01T00:00:00Z,chess player,Ugandan chess player
Q130744697,Faith Apio,Football,10,,association football player,Ugandan Footballer
Q134005538,Fazirah Zahara Kyalisima,Other sport,10,2008-01-01T00:00:00Z,chess player,Ugandan chess player
Q134005456,Felicity Namatovu,Other sport,10,2006-01-01T00:00:00Z,chess player,Ugandan chess player
Q133842650,Fildauce Namulema,Other sport,10,2001-10-26T00:00:00Z,basketball player,Ugandan basketball player (born 2001)
Q134005261,Fiona Atuhaire,Other sport,10,2005-01-01T00:00:00Z,chess player,Ugandan chess player
Q133880549,Flavia Umuhoza,Other sport,10,1998-01-01T00:00:00Z,volleyball player,Volleyball player
Q133459971,Florence Adunia,Football,10,,association football player,Ugandan netball player
Q130718051,Getrude Karungi,Football,10,,association football player,Ugandan Professional Football player
Q141164178,Gianna Opolot Acuo,Other sport,10,,,Ugandan swimmer
Q130613815,Gillian Akandinda,Football,10,,association football player,Ugandan Footballer
Q133865110,Ginamia Melody Ngwatu,Other / unspecified,10,,high court judge,Acting High Court Judge
Q119397870,Gloria Namutebi,Other / unspecified,10,1991-07-11T00:00:00Z,technician,Electronics Technician kyambogo University
Q133880349,Habiba Namala,Other sport,10,1996-01-01T00:00:00Z,volleyball player,Volleyball player
Q134004539,Hadijah Mwenyango,Academia & education,10,,lecturer,A Ugandan social worker and lecturer
Q133881237,Hadijja Namulindwa,Other sport,10,1999-07-29T00:00:00Z,volleyball player,Volleyball player
Q133934015,Hailey Nio Mitchelle,Other sport,10,2009-01-01T00:00:00Z,chess player,Chess player
Q130354569,Halima Kampi,Football,10,2004-04-01T00:00:00Z,association football player,Ugandan footballer
Q133830118,Hanisha Muhammad,Other sport,10,,netballer,Ugandan netball player
Q133933183,Hannah Zion Mawejje,Other sport,10,2006-01-01T00:00:00Z,chess player,Chess player
Q105956780,Harriet Nakiyemba Ssebuwufu,Politics & government,10,,politician,Ugandan politician
Q133937282,Hellen Ainebyonya,Other sport,10,2010-01-01T00:00:00Z,chess player,Ugandan chess player
Q141263597,Hellen Nambalirwa Nkabala,Other / unspecified,10,,education activist,Ugandan education administrator
Q138819593,Hellen Seku,Other / unspecified,10,1985-07-02T00:00:00Z,secretary,Ugandan commissioner
Q119020368,Hindu Gloria,Other / unspecified,10,1997-12-07T00:00:00Z,social science,Enthusiastic Sign Language Consultant
Q140314539,Hope Babigumira,Media & writing,10,1982-02-10T00:00:00Z,"writer, social entrepreneur",Ugandan author
Q133936125,Iculet Chanelle Manuela Okurut,Other sport,10,2014-01-01T00:00:00Z,chess player,Chess player
Q133865174,Ida Nakiganda,Other / unspecified,10,,high court judge,Acting High Court Judge
Q135338468,Immaculate Adongpiny,Other sport,10,2006-09-27T00:00:00Z,basketball player,Ugandan basketball player (born 2006)
Q136673870,Irene Nakasiita,Other / unspecified,10,,"marketing, public relations","Public relations and communications professional, humanitarian"
Q114439183,Jane Kabami,Academia & education,10,,researcher,researcher
Q133880577,Jennifer Alungat,Other sport,10,2000-01-01T00:00:00Z,volleyball player,Volleyball player
Q118945508,Joan Katambi,Other / unspecified,10,,information and communications technology,"Team lead at Digital Literacy Initiative, Secretary General Internet Society Uganda Chapter"
Q134275683,Joan Mukoova,Other sport,10,1998-10-09T00:00:00Z,,Beach wood ball player
Q135338538,Joan Namatovu,Other sport,10,1999-07-04T00:00:00Z,basketball player,Ugandan basketball player (born 1999)
Q133462814,Joan Ryekoboth,Other sport,10,2005-10-25T00:00:00Z,netballer,Ugandan netball player
Q134008477,Josephine Najjemba,Other sport,10,2010-01-01T00:00:00Z,chess player,Chess player
Q139806743,Josephine Olok,Activism & social work,10,,"entrepreneur, activist",Ugandan entrepreneur
Q135338493,Joy Nyapenda,Other sport,10,2004-08-10T00:00:00Z,basketball player,Ugandan basketball player (born 2004)
Q120799197,Joyce Bukirwa,Academia & education,10,,"librarian, educator, university teacher, researcher","Ugandan librarian, LIS educator and administrator"
Q133893636,Joyce Kabengano,Other sport,10,1990-01-01T00:00:00Z,chess player,Ugandan chess player
Q119351367,Justine Nabaggala,Academia & education,10,1973-12-09T00:00:00Z,lecturer,"Lecturer, Kyambogo University"
Q135338433,Karen Bamanya,Other sport,10,2008-04-01T00:00:00Z,basketball player,Ugandan basketball player (born 2008)
Q140589485,Katende Jovan,Other sport,10,,boxer,Ugandan boxer
Q119585167,Katie Bengaard,Other / unspecified,10,1967-03-08T00:00:00Z,information and communications technology,"Vice President, Strategy and Impact, Internet Society"
Q139858688,Kaya Kagimu Mukasa,Arts & entertainment,10,,"actor, film director, film producer, television actor","Ugandan director, Writer and  Producer"
Q140529058,Kayesu Yuster,Football,10,,association football player,Ugandan football player
Q133471310,Komugisha Loyce,Football,10,,association football player,Ugandan footballer
Q130354025,Krusum Namutebi,Football,10,,association football player,Ugandan footballer
Q135338494,Kwagala Esrher Namiro,Other sport,10,2003-04-08T00:00:00Z,basketball player,Ugandan basketball player (born 2003)
Q140007674,Laura Kanusu,Politics & government,10,,"lawyer, politician, human rights defender",Ugandan politician
Q138464925,Letaru Dralega,Academia & education,10,1993-01-01T00:00:00Z,"researcher, conceptual artist",Ugandan Jamaican British artist and researcher
Q130729304,Leticia Nakyeyune,Football,10,,association football player,Ugandan Footballer
Q119352534,Lidya Namatende,Academia & education,10,1983-09-15T00:00:00Z,lecturer,Lecturer Kyambogo University
Q138819084,Lilian Nakate,Politics & government,10,,"politician, civil engineer",Ugandan politician
Q134008532,Lillian Nakiyaga,Other sport,10,2003-01-01T00:00:00Z,chess player,Ugandan chess player
Q135338542,Lisa Karungi De Ruijter,Other sport,10,1988-09-27T00:00:00Z,basketball player,Ugandan basketball player (born 1988)
Q131247425,Lucky Bianca Atino,Other / unspecified,10,,"student, information and communications technology, beauty pageant contestant, climate activist",Ugandan beauty queen
Q102274590,Margaret Nabasirye,Other / unspecified,10,,"statistician, agricultural scientist",Ugandan statistician
Q130736989,Margret Namirimu,Football,10,,association football player,Ugandan Footballer
Q105318696,Mariam Namata,Business & finance,10,,"accountant, translator, administrator","Ugandan translator, administrator, and accountant"
Q114232442,Marion Ayebale,Other sport,10,1988-11-22T00:00:00Z,sport cyclist,cyclist
Q119003515,Marlene Smith,Other / unspecified,10,1986-03-21T00:00:00Z,information and communications technology,Secretary Internet Society Liberia
Q135338504,Martha Nandutu,Other sport,10,2000-05-05T00:00:00Z,basketball player,Ugandan basketball player (born 2000)
Q135338575,Martha Soigi,Other sport,10,1986-12-18T00:00:00Z,basketball player,Ugandan basketball player (born 1986)
Q136899261,Mary Aleper,Other sport,10,2004-06-01T00:00:00Z,sport cyclist,Ugandan sport cyclist
Q137604050,Mary Flavia Namulindwa,Politics & government,10,,"actor, politician, television presenter","actress, media personality, politician"
Q140592117,Meghan Ahumuza,Other sport,10,,,Ugandan swimmer
Q135338419,Melinda Angee Laker,Other sport,10,2007-05-19T00:00:00Z,basketball player,Ugandan basketball player (born 2007)
Q135338434,Melissa Margareth Taliba,Other sport,10,2008-08-19T00:00:00Z,basketball player,Ugandan basketball player (born 2008)
Q61950860,Meme Kagga,Other / unspecified,10,,"engineer, film producer",Ugandan Engineer and producer
Q140073040,Mercy Walukamba,Politics & government,10,,politician,Ugandan politician
Q135338490,Mia Belinda Alaba,Other sport,10,2007-06-27T00:00:00Z,basketball player,Ugandan basketball player (born 2007)
Q133881044,Moreen Mwamula,Other sport,10,1993-01-01T00:00:00Z,volleyball player,Volleyball player
Q130487008,Moses Mikka Mukasa,Other / unspecified,10,1942-02-04T00:00:00Z,statistician,Ugandan statistician
Q133464216,Mupyanga Halima,Football,10,,association football player,Ugandan football player
Q140930658,Mwesigwa Mathias,Politics & government,10,,"politician, legislator",Ugandan politician
Q104771294,Naava Kagga,Arts & entertainment,10,,actor,Child actress
Q139658935,Nabaasa Sarah,Activism & social work,10,,human rights defender,Ugandan human rights defender and disability rights advocate
Q133469625,Namataka Mariam,Football,10,,association football player,Ugandan footballer
Q140480479,Namuyomba Aisha,Other sport,10,,netballer,Ugandan professional netball player
Q118974063,Nancy Auma,Other / unspecified,10,1993-03-09T00:00:00Z,Social Science Research,Business Woman
Q131194560,Nanjobe Hawa Kimbugwe,Other / unspecified,10,,communications manager,Performance poet
Q120644138,Ngabirwe Suzan,Other / unspecified,10,1974-05-10T00:00:00Z,administrative assistant,"Administrative Assistant, Uganda Medical Association"
Q135338586,Olivia Mulwana,Other sport,10,1980-03-20T00:00:00Z,basketball player,Ugandan basketball player (born 1980)
Q139801155,Ophelia Akemigisha,Other / unspecified,10,,human rights lawyer,Ugandan Human rights Lawyer
Q118968288,Oreoluwa Lesi,Other / unspecified,10,,information and communications technology,"Board Member, Digital Literacy Initiative Uganda"
Q84356532,Pamela Keryeko,Arts & entertainment,10,,"actor, film producer",Ugandan actress
Q135338536,Patience Akankunda,Other sport,10,1999-11-11T00:00:00Z,basketball player,Ugandan basketball player (born 1999)
Q135338497,Patience Karungi,Other sport,10,2004-10-04T00:00:00Z,basketball player,Ugandan basketball player (born 2004)
Q135338503,Patience Mauso,Other sport,10,2000-02-21T00:00:00Z,basketball player,Ugandan basketball player (born 2000)
Q135338500,Patience Nantume,Other sport,10,2003-01-28T00:00:00Z,basketball player,Ugandan basketball player (born 2003)
Q133893576,Patricia Kawuma,Other sport,10,2006-01-01T00:00:00Z,chess player,Ugandan chess player
Q135338432,Patricia Nalugo,Other sport,10,2007-06-11T00:00:00Z,basketball player,Ugandan basketball player (born 2007)
Q133893717,Pauline Biyinzika,Other sport,10,2001-01-01T00:00:00Z,chess player,Ugandan chess player
Q136382312,Perus Nyamwenge,Other sport,10,2000-02-05T00:00:00Z,basketball player,Ugandan basketball player (born 2000)
Q120643494,Phiona Ayesigamukama,Other / unspecified,10,1985-12-02T00:00:00Z,communication,"Communication Marketing officer, Uganda Medical Association"
Q137972385,Phiona Oriziru,Politics & government,10,,politician,Ugandan politician
Q133835735,Priscilla Muheki,Academia & education,10,,lecturer,
Q133842610,Privas Kayeny,Other sport,10,,"basketball player, netballer",Ugandan netball player
Q131220597,Rashida Namulondo,Media & writing,10,,"actor, poet, social worker","Ugandan actress, performance poet, youth worker, and founder of The Sophie Muwanika Institute of Art for Change"
Q134009124,Rebecca Nakawunde,Other sport,10,2009-01-01T00:00:00Z,chess player,Ugandan chess player
Q131362593,Recho Ray,Arts & entertainment,10,1998-02-04T00:00:00Z,"artist, musician",Ugandan Artist
Q135338499,Regina Ajuma,Other sport,10,2003-10-23T00:00:00Z,basketball player,Ugandan basketball player (born 2003)
Q135338420,Resty Nanangwe,Other sport,10,2007-12-14T00:00:00Z,basketball player,Ugandan basketball player (born 2007)
Q130354493,Rhoda Nanziri,Football,10,,association football player,Ugandan footballer
Q83613773,Rita Hope Aciro Lakor,Activism & social work,10,,"human rights defender, women's rights activist",Women and human rights activist
Q130353820,Ritah Mushimire,Football,10,,association football player,Ugandan footballer
Q119581250,Ritah Nabukenya,Academia & education,10,1989-08-23T00:00:00Z,lecturer,Lecturer at Jerusalem Institute of Science and Technology
Q110982432,Riticia Nabbosa,Football,10,1997-01-01T00:00:00Z,association football player,Ugandan footballer
Q130376803,Ronah Nantege,Football,10,,association football player,Ugandan footballer
Q135338555,Ruth Letaru,Other sport,10,1997-11-30T00:00:00Z,basketball player,Ugandan basketball player (born 1997)
Q133881305,Saidat Nnungi,Other sport,10,1992-11-24T00:00:00Z,volleyball player,Volleyball player
Q135338525,Sarafina Driciru,Other sport,10,1998-02-28T00:00:00Z,basketball player,Ugandan basketball player (born 1998)
Q119412063,Sarah Nalunga,Business & finance,10,1992-07-31T00:00:00Z,accountant,"Accountant, kyambogo university"
Q28038494,Sarah Nansubuga,Arts & entertainment,10,,"actor, film actor",actor
Q54229571,Sarah Ntiro,Academia & education,10,,teacher,Ugandan teacher and historian
Q137325237,Sarah Tshilla,Arts & entertainment,10,,"singer, record producer, musician, songwriter","A Ugandan-based singer-songwriter, musician, and record producer"
Q134626577,Scholar Akello,Other sport,10,,volleyball player,Ugandan professional volleyball player
Q133881157,Scholastica Akello,Other sport,10,1999-01-01T00:00:00Z,volleyball player,Volleyball player
Q135338513,Shadia Mbwali,Other sport,10,2001-11-28T00:00:00Z,basketball player,Ugandan basketball player (born 2001)
Q130729575,Shakira Kaudha,Football,10,,association football player,Ugandan Footballer
Q133836384,Shakirah Sadick,Other sport,10,1999-03-31T00:00:00Z,cricketer,cricketer
Q136381908,Sharon Kirabo Nangobi,Other sport,10,1996-04-03T00:00:00Z,basketball player,Ugandan basketball player (born 1996)
Q107315194,Sharon Kiyimba Promise,Arts & entertainment,10,2003-11-28T00:00:00Z,model,Ugandan model
Q135338469,Sharon Lamwaka,Other sport,10,2006-01-06T00:00:00Z,basketball player,Ugandan basketball player (born 2006)
Q134008771,Sherry Ariella Agaba,Other sport,10,2009-01-01T00:00:00Z,chess player,Chess player
Q136786866,Shifrah Lukwago,Politics & government,10,,"lawyer, politician, human rights defender","Ugandan lawyer, politician, and human rights defender"
Q135338438,Shiphrah Kiranda,Other sport,10,2008-07-25T00:00:00Z,basketball player,Ugandan basketball player (born 2008)
Q140996127,Shona Sozo Kamara,Other sport,10,,,Ugandan swimmer
Q135338422,Sonia Okulu Aber,Other sport,10,2007-01-12T00:00:00Z,basketball player,Ugandan basketball player (born 2007)
Q120021946,Stellah Nakirijja,Other / unspecified,10,1994-03-03T00:00:00Z,farm,"Agricultural Expert, Makerere University"
Q133893778,Suhana Anil Yadav,Other sport,10,2013-01-01T00:00:00Z,chess player,Chess player
Q114004026,Sunshine Fionah Komusana,Activism & social work,10,,"lawyer, activist",African feminist lawyer and activist from Uganda
Q133881178,Supernatural Mbakusiimira,Other sport,10,1998-01-01T00:00:00Z,volleyball player,Volleyball player
Q136852646,Sydney Nabulya Kavuma,Other / unspecified,10,,beauty pageant contestant,Ugandan Model and Pageant winner
Q141263362,Sylvia Mwebesa Kajubi,Academia & education,10,1976-01-01T00:00:00Z,university teacher,Ugandan education administrator
Q140722232,Sylvia Namubiru Mukasa,Law,10,,lawyer,Ugandan lawyer
Q135338496,Sylvia Namuddu,Other sport,10,2003-10-01T00:00:00Z,basketball player,Ugandan basketball player (born 2003)
Q133893651,Talent Nuwareeba,Other sport,10,2009-01-01T00:00:00Z,chess player,Chess player
Q119352421,Teddy Tugumisirize,Other / unspecified,10,1987-01-19T00:00:00Z,registrar,Assistant Registrar Kyambogo University
Q136380756,Tracy Namugosa,Other sport,10,2000-03-31T00:00:00Z,basketball player,Ugandan basketball player (born 2000)
Q134008689,Valeria Nampiima,Other sport,10,2009-01-01T00:00:00Z,chess player,Ugandan chess player
Q134005566,Vanessa Nabaggala,Other sport,10,2006-01-01T00:00:00Z,chess player,Ugandan chess player
Q133893762,Victoria Nakiirya,Other sport,10,1993-01-01T00:00:00Z,chess player,Ugandan chess player
Q136980682,Violet Nantume,Other / unspecified,10,,"curator, visual artist","curator, visual artist"
Q111082677,Wabwire Rose Munyira,Politics & government,10,,politician,Ugandan politician
Q137994461,Winfred Nakandi,Politics & government,10,,politician,Ugandan politician
Q119395505,Winnie Biira,Activism & social work,10,1990-12-07T00:00:00Z,social worker,community social worker
Q95707027,Winnie Gamisha,Media & writing,10,,"journalist, director",Ugandan firm director and journalist
Q131298100,Winnie Kirabo,Arts & entertainment,10,,"fashion designer, model",Ugandan fashion designer
Q135338485,Zoe Atek,Other sport,10,2005-02-24T00:00:00Z,basketball player,Ugandan basketball player (born 2005)
Q105883414,ibyaze Peace,Politics & government,10,,politician,Ugandan politician
Q135182389,,Other sport,10,2004-01-02T00:00:00Z,tennis player,tennis player from Uganda
Q141156805,A'Maria Pegues,Other sport,9,2010-05-14T00:00:00Z,basketball player,Ugandan basketball player (born 2010)
Q135338540,Aaliyah Naluyima,Other sport,9,1999-05-29T00:00:00Z,basketball player,Ugandan basketball player (born 1999)
Q134113207,Abigail Katende,Other sport,9,,motocross rider,Motorsport rally driver
Q133893695,Abigail Kirabo,Other sport,9,2008-01-01T00:00:00Z,chess player,Ugandan chess player
Q140627605,Adrainna Nabaggala,Other sport,9,,,Ugandan swimmer
Q106528443,Afrie,Arts & entertainment,9,1995-04-16T00:00:00Z,musician,Ugandan singer and songwriter
Q133888199,Agnes Kasede Napyo,Other / unspecified,9,,senior lecturer,Senior Lecturer of Nursing Science at Kabale University
Q133828730,Aidah Namirengo,Other / unspecified,9,1945-05-11T00:00:00Z,"bishop, head teacher, cleric","Ugandan bishop, teacher and activist"
Q133863700,Aisha Nakabubi,Other sport,9,1991-10-10T00:00:00Z,basketball player,Ugandan basketball player (born 1991)
Q135338515,Aisha Namakula,Other sport,9,2000-09-01T00:00:00Z,basketball player,Ugandan basketball player (born 2000)
Q133463408,Aisha Namukisa,Football,9,,association football player,Ugandan football player
Q120799382,Alice Akiteng,Academia & education,9,,"librarian, Ecclesiastical administrator, researcher",Ugandan librarian and administrator
Q133893720,Allen Kyolaba Nabacwa,Other sport,9,1999-01-01T00:00:00Z,chess player,Ugandan chess player
Q118765784,Amoli Florence Orem,Other / unspecified,9,1956-08-05T00:00:00Z,administrateur,"Senior Administrator, Kashilingi Rugaba Associate Law Firm"
Q140558933,Ampaire Brenan,Other sport,9,,chess player,Uganda Chess Federation
Q140590096,Anaya Hailey Karuhanga,Other sport,9,,swimmer,Ugandan swimmer
Q139838429,Anek Patricia,Other sport,9,,rugby player,Ugandan rugby player
Q134008542,Angel Luggya,Other sport,9,2004-01-01T00:00:00Z,chess player,Chess player
Q119574799,Ann Jovan Apilli,Academia & education,9,1993-03-06T00:00:00Z,lecturer,"Lecturer, Jerusalem Institute of Science and Technology"
Q138807898,Ann Musinguzi,Law,9,,lawyer,Ugandan lawyer
Q136761900,Annet Musibikha,Politics & government,9,,"lawyer, politician, accountant","Ugandan politician, lawyer and accountant"
Q136381272,Ashmin Charaniya,Other sport,9,2010-02-15T00:00:00Z,basketball player,Ugandan basketball player (born 2010)
Q133463975,Assimwe Zidah,Football,9,,association football player,Ugandan football player
Q137994155,Atukunda Rebecca,Politics & government,9,,politician,Ugandan politician
Q133459977,Atulinda Moureen,Other sport,9,1989-04-29T00:00:00Z,basketball player,Ugandan basketball player (born 1989)
Q140681285,Audrey  Elnorah Nyonyintono,Other sport,9,,,Ugandan swimmer
Q133472674,Ayiorwoth Peace,Football,9,,association football player,Ugandan footballer
Q135183708,Barbra Nakiwala,Other sport,9,2002-10-15T00:00:00Z,netballer,Ugandan netball player
Q130744590,Barbra Nsangi,Football,9,,association football player,Ugandan footballer
Q141135061,Basirika Justine,Academia & education,9,,"teacher, entrepreneur",Ugandan entrepreneur and Teacher
Q136682647,Beatrice Akello,Politics & government,9,1984-02-06T00:00:00Z,"politician, environmentalist",Ugandan Environmental activist
Q134061813,Beatrice Byakutaga,Other / unspecified,9,,educator,"A Ugandan writer, author, lecturer and member of Education Service Commission"
Q138947672,Beatrice Namaganda,Health,9,,physician,Ugandan Medical Doctor
Q137996811,Benedetta Chandia Kodili,Politics & government,9,,politician,Ugandan politician
Q138784521,Bengi Rwabuhemba,Media & writing,9,,"writer, artist-in-residence, researcher",Ugandan writer and researcher
Q135338487,Bernadette Babirye Nalweyiso,Other sport,9,2005-08-02T00:00:00Z,basketball player,Ugandan basketball player (born 2005)
Q138161336,Betty Aciro,Politics & government,9,,"politician, researcher",Ugandan Politician
Q141263218,Betty Akullu Ezati,Academia & education,9,,teacher,Ugandan teacher
Q136381223,Brandina Kyalimpa,Other sport,9,2009-09-20T00:00:00Z,basketball player,Ugandan basketball player (born 2009)
Q135338531,Brenda Edith Ayere,Other sport,9,1998-12-31T00:00:00Z,basketball player,Ugandan basketball player (born 1998)
Q140413326,Brenda Nassaka,Football,9,,association football player,Football player
Q133936823,Brendah Kyaterekera,Other sport,9,1994-01-01T00:00:00Z,chess player,Chess player
Q130612720,Brendah Munyana,Football,9,,association football player,Ugandan Footballer
Q130744632,Bridget Mbwali,Football,9,,association football player,Ugandan Footballer
Q135178388,Carol Nakamya,Other sport,9,,netballer,Ugandan netball player
Q133889546,Caroline Nabuzale,Other / unspecified,9,,lecturer,Ugandan Academician and Lecturer at Kabale University
Q135338592,Caroline Nantalo,Other sport,9,1986-07-28T00:00:00Z,basketball player,Ugandan basketball player (born 1986)
Q135338576,Caroline Nyafwono,Other sport,9,1986-02-15T00:00:00Z,basketball player,Ugandan basketball player (born 1986)
Q140032740,Catherine Kreutter,Academia & education,9,,"teacher, librarian, author",American and Ugandan author
Q130744658,Catherine Nakiridde,Football,9,,association football player,Ugandan Footballer
Q130612221,Catherine Wujja,Football,9,,association football player,Ugandan footballer
Q130537488,Cecilia Apiding,Football,9,,association football player,Ugandan professional football player
Q140735346,Cedella Winfred Nabwire.,Other sport,9,,,Ugandan swimmer
Q136381270,Charis Buyinga,Other sport,9,2010-03-09T00:00:00Z,basketball player,Ugandan basketball player (born 2010)
Q136381269,Cherish Muna,Other sport,9,2010-09-06T00:00:00Z,basketball player,Ugandan basketball player (born 2010)
Q133932947,Christine Audrey Babirye,Other sport,9,2006-01-01T00:00:00Z,chess player,Ugandan chess player
Q134277634,Christine Birungi,Other sport,9,,,Beach wood ball player
Q122181932,Christine Kiconco,Other / unspecified,9,,"archivist, educator, administrator","Ugandan archivist, educator and administrator"
Q130610850,Cissy Nakate,Football,9,,association football player,Ugandan Footballer
Q138511428,Crista Uwase,Arts & entertainment,9,1988-01-01T00:00:00Z,artist,women artist in rwanda
Q131359159,Crystal Rutangye Bazirake,Media & writing,9,,"writer, publisher",Ugandan Author and Publisher
Q134005382,Dasha Zalwango Kibuule,Other sport,9,2010-01-01T00:00:00Z,chess player,Chess player
Q133865059,Deepa Verma,Other / unspecified,9,,high court judge,Acting High Court Judge
Q134626263,Diana Assimwe,Other sport,9,,volleyball player,Ugandan professional volleyball player
Q134979377,Diana Atwine,Other sport,9,,boxer,Ugandan boxer
Q138661137,Diana Balizzamuggale Teyeggala,Other / unspecified,9,1966-10-01T00:00:00Z,princess,princess of Buganda
Q138012038,Diana Kibuuka,Media & writing,9,,journalist,journalist from Uganda
Q130569555,Dianah Nantongo,Football,9,,association football player,Ugandan Football player
Q141169247,Doreen Katusiime,Politics & government,9,,"teacher, civil servant",Ugandan civil servant
Q133857550,Doreen Mbabazi,Other sport,9,,field hockey player,Ugandan field hockey player
Q133818621,Doreen Nanyuja,Health,9,,physician,physician
Q133863943,Dorothy Nagawa,Other sport,9,,kabaddi player,"Ugandan national female kabaddi team player,Khokho sport player"
Q134269139,Dorothy Nakato,Other / unspecified,9,,lacrosse player,Lacrosse player
Q118945862,Dorothy Nalubega,Activism & social work,9,,"human rights defender, climate activist",Ugandan minority rights activist and environmentalist
Q134627168,Dorren Akiteng,Other sport,9,,volleyball player,Ugandan professional volleyball player
Q133863858,Edinah Nattabi,Other sport,9,,kabaddi player,"She Gladiators team player, Kho Kho player"
Q125356337,Elinor Chemonges,Academia & education,9,,"university teacher, researcher",Ugandan researcher
Q120799056,Eliz Nassali State,Academia & education,9,,"librarian, university teacher",Ugandan librarian and administrator
Q134005492,Elizabeth Fiona Ndagire,Other sport,9,2007-01-01T00:00:00Z,chess player,Ugandan chess player
Q133933239,Elizabeth Saasi,Other sport,9,2011-01-01T00:00:00Z,chess player,Ugandan chess player
Q140471605,Emily Nagawa,Other sport,9,,basketball player,Ugandan professional basketball player
Q133893793,Esther Getrude Namuli,Other sport,9,2007-01-01T00:00:00Z,chess player,Ugandan chess player
Q130612800,Esther Namusoke,Football,9,,association football player,Ugandan footballer
Q140042048,Esther Oluka,Media & writing,9,,journalist,Ugandan journalist
Q133881087,Eunice Amuron,Other sport,9,1993-01-01T00:00:00Z,volleyball player,Volleyball player
Q130613835,Eunice Ariokot,Football,9,,association football player,Ugandan Footballer
Q139658925,Eunice Asiimwe,Activism & social work,9,,human rights defender,Human Rights Defender
Q120799364,Eunice Ssendikadiwa,Academia & education,9,,"librarian, university teacher, researcher",Ugandan librarian and LIS educator
Q131341122,Evelyn Nakabira,Arts & entertainment,9,1982-06-01T00:00:00Z,"actor, musician",Ugandan actress and musician
Q139658930,Faidah Judith,Activism & social work,9,,human rights defender,Ugandan human rights defender and disability rights advocate
Q137604191,Faiza Salima,Other / unspecified,9,1996-03-20T00:00:00Z,"baker, media personality, presenter","media personality, events host, baker"
Q134008760,Faridah Nabukeera,Other sport,9,2006-01-01T00:00:00Z,chess player,Ugandan chess player
Q123561496,Faridah Ndausi,Media & writing,9,,"actor, writer, radio personality",Uganda actress
Q133865087,Fatuma Nanziri Bwanika,Other / unspecified,9,,high court judge,Acting High Court Judge
Q130737843,Favour Nambatya,Football,9,,association football player,Ugandan Footballer
Q133865074,Flavia Grace Lamuno,Other / unspecified,9,,high court judge,Acting High Court Judge
Q130547465,Florence Muhanguzi,Academia & education,9,,"researcher, gender studies scholar",Ugandan gender studies academic
Q134285865,Francesca Nakaggwa Kakooza,Law,9,,"lawyer, consultant",Ugandan lawyer and corporate governance consultant
Q135338495,Getrude Nyamutoro,Other sport,9,2006-03-27T00:00:00Z,basketball player,Ugandan basketball player (born 2006)
Q136381210,Gifty Anena,Other sport,9,2010-10-21T00:00:00Z,basketball player,Ugandan basketball player (born 2010)
Q138007290,Gloria Nabunnya,Activism & social work,9,,"human rights defender, activist",Ugandan gender equity advocate
Q131278822,Gloria Nakajubi,Media & writing,9,,"writer, storyteller",Ugandan writer
Q133822647,Grace Nakitto,Health,9,,physician,anesthesiologist
Q133852893,Grace Nankinga,Other sport,9,,boxer,Boxer
Q119398492,Grace Sanyu,Academia & education,9,1990-04-08T00:00:00Z,lecturer,Lecturer Kyambogo University
Q136381211,Grace Walusimbi,Other sport,9,2010-07-09T00:00:00Z,basketball player,Ugandan basketball player (born 2010)
Q136381208,Hafusah Kyomuhendo,Other sport,9,2010-09-15T00:00:00Z,basketball player,Ugandan basketball player (born 2010)
Q135338535,Hajara Najjuko,Other sport,9,1998-07-17T00:00:00Z,basketball player,Ugandan basketball player (born 1998)
Q135338608,Halima Nabasumba,Other sport,9,1991-12-17T00:00:00Z,basketball player,Ugandan basketball player (born 1991)
Q133933011,Hannah Mariam Ayikoru,Other sport,9,2008-01-01T00:00:00Z,chess player,Ugandan chess player
Q134008847,Happy Britney Namirimu,Other sport,9,2005-01-01T00:00:00Z,chess player,Ugandan chess player
Q138001782,Harriet Anyimo,Politics & government,9,,politician,Ugandan politician
Q135338566,Harriet Chotabhai,Other sport,9,1996-10-09T00:00:00Z,basketball player,Ugandan basketball player (born 1996)
Q138001597,Harriet Nalweende,Politics & government,9,,politician,Woman Member of Parliament Kayunga District
Q131268620,Hindu Asha,Arts & entertainment,9,,"economist, musician, vocalist","Ugandan musician, vocalist and economist"
Q135338439,Husnah Namagembe,Other sport,9,2007-05-23T00:00:00Z,basketball player,Ugandan basketball player (born 2007)
Q133464239,Imurinde Uwayo Ashanti,Football,9,,association football player,Ugandan football player
Q131105351,Irene Kauma,Media & writing,9,1971-01-01T00:00:00Z,writer,"author, speaker, trainer and preacher"
Q130718094,Irene Nantege,Football,9,,association football player,Ugandan Footballer
Q130718117,Jacinta Nanjobe,Football,9,,association football player,Ugandan Footballer
Q134275060,Jackie Naula,Other sport,9,1994-02-17T00:00:00Z,,Beach wood ball player
Q138161337,Janet Chebet,Politics & government,9,,politician,Ugandan Politician
Q133889095,Jennifer Turyatemba Tumushabe,Other / unspecified,9,,senior lecturer,A senior lecturer at the Faculty of Agriculture and Environmental Science at Kabale University
Q133893645,Joan Ahereza,Other sport,9,2000-01-01T00:00:00Z,chess player,Ugandan chess player
Q114030756,Joanitah Najjuko,Law,9,,lawyer,Ugandan lawyer and feminist
Q136381209,Josephine Aminat,Other sport,9,2009-03-18T00:00:00Z,basketball player,Ugandan basketball player (born 2009)
Q136381224,Jovia Anena,Other sport,9,2010-11-11T00:00:00Z,basketball player,Ugandan basketball player (born 2010)
Q130728856,Jowelia Nagadya,Football,9,,association football player,Ugandan Professional Football player
Q119992869,Joy Kategekwa,Other / unspecified,9,,,"international trade, investment, and development law, policy specialist and capacity development expert"
Q140753972,Joy Mirembe Namagembe,Other sport,9,,,Ugandan swimmer
Q135338605,Joyce Zalwango,Other sport,9,1990-02-19T00:00:00Z,basketball player,Ugandan basketball player (born 1990)
Q116603665,Judith Atek Ilwak,Politics & government,9,,politician,Uganda politician
Q133848570,Judith Komugisha,Other sport,9,,golfer,Golfer
Q133893687,Juliet Asaba,Other sport,9,2012-01-01T00:00:00Z,chess player,Ugandan chess player
Q89918067,Juliet Otiti-Sengeri,Other / unspecified,9,,ophthalmologist,Ungandan ophthalmologist
Q136381273,Kabeera Kwizera,Other sport,9,2009-05-14T00:00:00Z,basketball player,Ugandan basketball player (born 2009)
Q136914570,Kasita Carol,Arts & entertainment,9,,"musician, songwriter, dancer",Ugandan musician dancer and song writer
Q137999784,Kayaga Kyambadde Juliet,Politics & government,9,,politician,Ugandan politician
Q134626222,Ketty Aluka,Other sport,9,,volleyball player,Ugandan professional volleyball player
Q118873635,Laloyo Humble,Other / unspecified,9,,social science,"Child Care Ministry, Watoto Church"
Q134008421,Lenah Ampumuza,Other sport,9,2011-01-01T00:00:00Z,chess player,Ugandan chess player
Q135338455,Leticia Awor,Other sport,9,1995-04-11T00:00:00Z,basketball player,Ugandan basketball player (born 1995)
Q16573040,Lucy Angucia,Other sport,9,,athletics competitor,Ugandan athletics competitor
Q138329591,Lydia Mirembe Delphine,Politics & government,9,,politician,Ugandan politician
Q130569475,Lydia Nyandera,Football,9,,association football player,Ugandan Football player
Q135826746,Mabel Katahweire,Other / unspecified,9,1944-09-26T00:00:00Z,Anglican cleric,Ugandan clergywoman (1944-2007)
Q133933971,Mackline Nakatudde,Other sport,9,2008-01-01T00:00:00Z,chess player,Ugandan chess player
Q136786868,Margaret Kulaba Kyemba,Other / unspecified,9,,executive director,Ugandan Executive Director of the Anti-Domestic Violence Coalition (ADVIL)
Q130569613,Margret Namande,Football,9,,association football player,Ugandan footballer
Q135338610,Mariam Tamale,Other sport,9,1991-07-26T00:00:00Z,basketball player,Ugandan basketball player (born 1991)
Q136381140,Marion Apio,Other sport,9,2009-03-04T00:00:00Z,basketball player,Ugandan basketball player (born 2009)
Q133463965,Martha Babirye,Football,9,,association football player,Ugandan football player
Q133934036,Mary Anne Namutebi,Other sport,9,2010-01-01T00:00:00Z,chess player,Ugandan chess player
Q141156838,Mary Hazel Ssengendo,Other sport,9,2008-11-30T00:00:00Z,basketball player,Ugandan basketball player (born 2008)
Q133893708,Mary Kevin Ndagire,Other sport,9,2007-01-01T00:00:00Z,chess player,Ugandan chess player
Q134003824,Mary Kiconco Begumya,Health,9,,physician,A Ugandan General medical practitioner and researcher
Q134979311,Mary Nantumbwe,Other sport,9,,boxer,Ugandan boxer
Q134057753,Mary Sally Kabasa,Academia & education,9,1981-09-14T00:00:00Z,lecturer,university lecturer
Q139658967,Maureen Kalungi,Activism & social work,9,,human rights defender,Human Rights Defender
Q134004184,Maureen Nabatanzi,Other / unspecified,9,,epidemiologist,"A Ugandan epidemiologist, academician and researcher at Makerere University"
Q137996713,Maureen Nakuya,Politics & government,9,,politician,Ugandan politician
Q111352864,Mbabazi Kanya Ritah,Media & writing,9,,"news presenter, journalist",Ugandan journalist and news anchor
Q131298052,Mercy Geno Apachi,Media & writing,9,,"poet, artist, journalist",Ugandan poet
Q136682582,Midius Natukunda,Politics & government,9,,politician,"Member of Parliament for DWR, Rukungiri and member of the Committee on National Economy"
Q133893715,Milly Takali,Other sport,9,1994-01-01T00:00:00Z,chess player,Ugandan chess player
Q133857532,Miria Nantume,Other / unspecified,9,,sport cyclist,Ugandan cyclist
Q134626279,Monica Aloyo,Other sport,9,,volleyball player,Ugandan professional volleyball player
Q138750464,Morine Wavamuno,Business & finance,9,1955-01-01T00:00:00Z,entrepreneur,"Ugandan business woman, entrepreneur"
Q140930656,Mukalazi Amina,Politics & government,9,,"politician, legislator",Ugandan politician
Q134008748,Mukisa Glory Bbumba,Other sport,9,,,Chess player
Q140930657,Mulondo Cissy,Politics & government,9,,"politician, legislator",Ugandan politician
Q130729240,Mutebi Aaron Stuart,Football,9,,association football player,Ugandan footballer
Q133463932,Nabbosa Haira,Football,9,,association football player,Ugandan football player
Q131105397,Nakitto Rhema,Other / unspecified,9,,television personality,Ugandan TV personality
Q139658931,Nalubega Afuwa,Activism & social work,9,,human rights defender,Ugandan human rights and disability rights advocate
Q130737347,Naume Nagadya,Football,9,,association football player,Ugandan Footballer
Q133463986,Niwandinda Mackline,Football,9,,association football player,Ugandan football player
Q134276343,Noeline Babirye Nalwoga,Other sport,9,,,Beach wood ball player
Q140681438,Noelle Nakisuyi,Other sport,9,,,Ugandan swimmer
Q134626772,Oliver Acan,Other sport,9,,volleyball player,Ugandan professional volleyball player
Q135338436,Olivia Amani Atima,Other sport,9,2008-01-25T00:00:00Z,basketball player,Ugandan basketball player (born 2008)
Q133893789,Olivia Asiimwe,Other sport,9,2011-01-01T00:00:00Z,chess player,Ugandan chess player
Q135111915,Olivia Nakato,Other sport,9,,netballer,Ugandan netball player
Q134627341,Patricia Musubika,Other sport,9,,volleyball player,Ugandan professional volleyball player
Q134279976,Peace Busingye,Other sport,9,,beach volleyball player,Beach volleyball player
Q135338501,Penitah Nabakooza,Other sport,9,2003-09-18T00:00:00Z,basketball player,Ugandan basketball player (born 2003)
Q135338475,Priscillar Nambogo,Other sport,9,2005-01-01T00:00:00Z,basketball player,Ugandan basketball player (born 2005)
Q134008712,Promise Siarah Ainembabazi,Other sport,9,2008-01-01T00:00:00Z,chess player,Ugandan chess player
Q133880520,Prossy Alobo,Other sport,9,1985-11-30T00:00:00Z,volleyball player,Volleyball player
Q138161339,Prossy Namusisi,Politics & government,9,,politician,Ugandan Politician
Q138161331,Prossy Nanyonga,Politics & government,9,,politician,Ugandan Politician
Q140681479,Rachael Amito,Other sport,9,,,Ugandan swimmer
Q134009469,Rahmah Nabatte,Other sport,9,2009-01-01T00:00:00Z,chess player,Ugandan chess player
Q135338517,Ramurah Nakato,Other sport,9,2001-01-07T00:00:00Z,basketball player,Ugandan basketball player (born 2001)
Q130729496,Rashida Nankya,Football,9,,association football player,Ugandan Footballer
Q134008804,Rashimah Nangonzi,Other sport,9,2006-01-01T00:00:00Z,chess player,Ugandan chess player
Q135338620,Rebecca Faith Akullo,Other sport,9,1983-05-28T00:00:00Z,basketball player,Ugandan basketball player (born 1983)
Q134057767,Rebecca Muhumuza Nalule,Academia & education,9,,lecturer,university lecturer
Q83611666,Regina Bafaki,Activism & social work,9,,"executive director, human rights defender",Ugandan human rights activist
Q133889164,Renzaho Ntakyo Proscovia,Academia & education,9,,lecturer,Senior Lecturer of Agribusiness and Agricultural Economics
Q134979329,Resty Nanono,Other sport,9,,boxer,Ugandan boxer
Q140589445,Rhaudha Kalungi Nantume,Other sport,9,,swimmer,Ugandan swimmer
Q139732123,Rita Kanya,Media & writing,9,,"news presenter, journalist",Ugandan journalist and news anchor
Q133463565,Ritah Nabbosa,Football,9,,association football player,Ugandan football player
Q130729532,Rose Bamaniriza,Football,9,,association football player,Ugandan Footballer
Q118464727,Rosemary Namuwanga,Activism & social work,9,,"court clerk, human rights defender, interpreter",Ugandan human rights activist and director of the Women's Probono Initiative
Q133830555,Ruth Nsibirano,Academia & education,9,,lecturer,Ruth Nsibirano is a senior lecturer at school of women and Gender studies at Makerere University.
Q133893769,Ruth Thelma Lukanga Muganzi,Other sport,9,2012-01-01T00:00:00Z,chess player,Ugandan chess player
Q134008782,Ryann Kyla Nakijjoba,Other sport,9,2007-01-01T00:00:00Z,chess player,Ugandan chess player
Q133893722,Safinah Mugide,Other sport,9,1996-01-01T00:00:00Z,chess player,Chess player
Q135338554,Sandra Auma,Other sport,9,1996-08-09T00:00:00Z,basketball player,Ugandan basketball player (born 1996)
Q134005518,Sandra Esther Nalunga,Other sport,9,1998-01-01T00:00:00Z,chess player,Ugandan chess player
Q133865025,Sarah Birungi Kalibbala,Other / unspecified,9,,high court judge,Acting High Court Judge
Q139836039,Sarah Kirabo,Other sport,9,,rugby player,Ugandan rugby player
Q134008636,Sarah Nakalyowa,Other sport,9,2006-01-01T00:00:00Z,chess player,Ugandan chess player
Q136867643,Shamim K Matovu,Other / unspecified,9,,"author, consultant","transformational speaker, leadership coach, corporate culture consultant"
Q138005579,Shamimu Nanfuna,Politics & government,9,,politician,Ugandan politician
Q130600676,Shamusa Najjuma,Football,9,,association football player,Ugandan footballer
Q133893761,Shanita Namaganda,Other sport,9,1997-01-01T00:00:00Z,chess player,Ugandan chess player
Q134979354,Sharifah Nanyonjo,Other sport,9,,boxer,Ugandan boxer
Q136381268,Shivan Mwesigwa,Other sport,9,2009-08-21T00:00:00Z,basketball player,Ugandan basketball player (born 2009)
Q133822572,Sister Regina Nabawanuka,Academia & education,9,,teacher,headteacher
Q139659258,Stella Marie Biwaga Cingtho,Law,9,,lawyer,Ugandan lawyer
Q130569684,Sumaya Nsisi,Football,9,,association football player,Ugandan Female Football player
Q138329524,Suzan Nakawuki Nsambu,Law,9,,lawyer,"Lawyer, Politician, Legislator"
Q134979401,Swaburah Nakato,Other sport,9,,boxer,Ugandan boxer
Q135338546,Sylivia Nakazibwe,Other sport,9,1995-04-02T00:00:00Z,basketball player,Ugandan basketball player (born 1995)
Q133894788,Tara Ann Mary Naluwoza Kisawuzi,Other sport,9,2008-08-05T00:00:00Z,swimmer,Ugandan Swimmer
Q135338589,Thecia Vicky Ntale Nassolo,Other sport,9,1984-08-02T00:00:00Z,basketball player,Ugandan basketball player (born 1984)
Q135338437,Vannessa Loy Nakayenga,Other sport,9,2007-10-19T00:00:00Z,basketball player,Ugandan basketball player (born 2007)
Q136734723,Venny Mary Nakazibwe,Other / unspecified,9,,prorector,Ugandan deputy dean at the faculty of fine arts makerere university
Q130729677,Vicky Ajwang,Football,9,,association football player,Ugandan Footballer
Q130355255,Viola Nuwaha,Other / unspecified,9,,programmer,Scrum Master
Q137999708,Vitarine Nansubuga Nalumansi,Politics & government,9,,politician,Ugandan Politician
Q139658928,Wakobera Shamim,Activism & social work,9,,human rights defender,Ugandan human rights defender and disability rights advocate
Q133842450,Wendy Angudeyo,Other sport,9,,golfer,Ugandan golfer
Q139839102,Winnie Atyang,Other sport,9,,rugby player,Ugandan rugby player
Q130717522,Winnie Nabbaale,Football,9,,association football player,Ugandan footballer
Q135338609,Yvonne Byanjeru,Other sport,9,1991-02-19T00:00:00Z,basketball player,Ugandan basketball player (born 1991)
Q140072919,Zahara Namuli,Media & writing,9,,"public relations, journalist",Ugandan journalist
Q130736847,Zahara Nankya Kiiza,Football,9,,association football player,Ugandan Footballer
Q135338547,Zainah Lokwameri,Other sport,9,1994-12-24T00:00:00Z,basketball player,Ugandan basketball player (born 1994)
Q133893684,Zuri Tatiina,Other sport,9,2009-01-01T00:00:00Z,chess player,Chess player
Q118765992,Acayo Milly,Other / unspecified,8,1995-04-03T00:00:00Z,business,Business Entrepreneur
Q140050828,Achen Irene Patricia,Academia & education,8,,teacher,Ugandan peer educator and girls' rights advocate
Q133889033,Agnes Ariho Babugura,Other / unspecified,8,,,Ugandan Academician and researcher in the field of environmental science
Q130741081,Ahereza Nobis,Politics & government,8,,politician,Ugandan Politician
Q133894501,Aidah Birungi,Other sport,8,,handball player,Ugandan handball player
Q134008795,Aimee Ahumuza Nyatia,Other sport,8,2011-01-01T00:00:00Z,chess player,Ugandan chess player
Q134054601,Aisha Nansubuga,Academia & education,8,,lecturer,university lecturer
Q139658970,Alice Nandutu,Activism & social work,8,,human rights defender,Human Rights Defender
Q134279360,Alice Okecho,Other / unspecified,8,,beach volleyball player,Beach volleyball player
Q139943728,Alinde Allen,Activism & social work,8,,social worker,Ugandan Social worker
Q136822969,Amelia Anne Kyambade,Other / unspecified,8,,official,"Ugandan politician, Philanthropist"
Q139807877,Amelia Zalwango Kaggwa,Other / unspecified,8,,"secretary, public relations officer",Ugandan secretary
Q134269641,Ampire Daphine Rubaramira,Arts & entertainment,8,,"film producer, television actor",Actress and producer
Q129254494,Amulen Aziiza,Football,8,,association football player,Female ugandan soccer player
Q135338606,Angela Catherine Namirimu,Other sport,8,1990-01-22T00:00:00Z,basketball player,Ugandan basketball player (born 1990)
Q130365331,Angela Mukisa,Other / unspecified,8,,chief executive officer,Founder at CodeHub
Q133857472,Angella Nanyonjo,Other sport,8,,rugby player,Rugby player
Q135304567,Anisha Nabatanzi,Other sport,8,,netballer,Ugandan netball player
Q133887632,Anitah Atim,Other sport,8,,field hockey player,Hockey player
Q136624202,Annet Among,Other sport,8,1996-04-29T00:00:00Z,basketball player,Ugandan basketball player (born 1996)
Q136622013,Annet Nakiwu,Other sport,8,1974-12-12T00:00:00Z,basketball player,Ugandan basketball player (born 1974)
Q135338567,Apio Faith Phoebe Omuut,Other sport,8,1997-08-11T00:00:00Z,basketball player,Ugandan basketball player (born 1997)
Q136089061,Apio Marion,Other sport,8,,boxer,Ugandan Boxer
Q137972279,Apio Otuku,Politics & government,8,,politician,Ugandan politician
Q134269166,Ashar Nantale,Other / unspecified,8,,lacrosse player,Lacrosse player
Q140632704,Ava D Achan,Other sport,8,,swimmer,Ugandan Swimmer
Q131362557,Ava Peace,Arts & entertainment,8,2000-01-13T00:00:00Z,musician,Ugandan Musician
Q135338514,Azidah Nabayunga,Other sport,8,2000-03-08T00:00:00Z,basketball player,Ugandan basketball player (born 2000)
Q136623844,Babra Gimbo,Other sport,8,1994-11-25T00:00:00Z,basketball player,Ugandan basketball player (born 1994)
Q131406893,Bahati Hilda Sabiti,Media & writing,8,,"writer, marriage counselor, personal development consultant","Ugandan Life Coach, Speaker"
Q138947704,Barbara Kakande,Other / unspecified,8,,cardiology,Ugandan Cardiologist
Q140593263,Barbra Adongo,Politics & government,8,,politician,Ugandan politician
Q133889749,Barbra Teddy Arimi,Other / unspecified,8,,marketer,A Ugandan marketer and Communications officer
Q141042834,Baskaline Cherotwo,Other sport,8,2009-11-08T00:00:00Z,athletics competitor,Ugandan track and field athlete
Q135338613,Benah Moru,Other sport,8,1991-12-28T00:00:00Z,basketball player,Ugandan basketball player (born 1991)
Q139930353,Bertha Nkunzi,Media & writing,8,,"television presenter, producer, content creator",Ugandan media professional
Q137996895,Betty Layika,Politics & government,8,,politician,Ugandan politician
Q134289440,Betty Mwesigwa,Other / unspecified,8,,infectious disease physician,
Q131289670,Bina Babyesiza,Media & writing,8,,"comics artist, radio personality",comic artist creating works that depict the challenges faced by Ugandan women
Q138161345,Brenda Achieng,Politics & government,8,,politician,Ugandan Politician
Q138161334,Brenda Aciro,Politics & government,8,,politician,Ugandan Politician
Q136624687,Brenda Kayaga,Other sport,8,1996-11-27T00:00:00Z,basketball player,Ugandan basketball player (born 1996)
Q136624689,Brenda Nakitende,Other sport,8,1994-05-14T00:00:00Z,basketball player,Ugandan basketball player (born 1994)
Q137992471,Bridget Kiiza,Politics & government,8,,politician,Ugandan politician
Q129094230,Bridget Nabisaalu,Other / unspecified,8,1997-01-10T00:00:00Z,defender,Ugandan footballer and defender
Q111901504,Catherine Ajiambo,Other / unspecified,8,,"sociologist, museologist",Ugandan sociologist and museologist
Q134005379,Catherine Nakidde,Academia & education,8,,researcher,A Ugandan public health specialist and researcher
Q133831737,Catherine Wandera,Academia & education,8,,lecturer,
Q137988673,Chandia Bernadette Kodili,Politics & government,8,,politician,Ugandan politician
Q135338607,Chantal Noarh Aching,Other sport,8,1992-11-30T00:00:00Z,basketball player,Ugandan basketball player (born 1992)
Q135338612,Charlene Mary Karungi,Other sport,8,1990-08-26T00:00:00Z,basketball player,Ugandan basketball player (born 1990)
Q136623097,Chemutai Joy Sokuton,Other sport,8,1993-01-11T00:00:00Z,basketball player,Ugandan basketball player (born 1993)
Q133836286,Christine Anayo,Other sport,8,,cricketer,cricketer
Q134979212,Christine Nabanja,Other sport,8,,boxer,Ugandan boxer
Q135985021,Christine Nakaayi,Other sport,8,,netballer,Ugandan netball player
Q133830151,Christine Namuumba,Other sport,8,,netballer,Ugandan netball player
Q130600656,Cissy Nantongo,Football,8,,association football player,Ugandan Football Player
Q140674123,Condoleeza Nakazibwe Thembo,Other sport,8,,,Ugandan swimmer
Q111096452,Consolata Kabonesa,Other / unspecified,8,,,Ugandan gender activist
Q137994378,Daisy Sarah Ssonko Nabatanzi,Politics & government,8,,"physician, politician",Ugandan politician
Q133829787,Daniel Babwetera,Other / unspecified,8,,account executive,UBC TV Sales manager
Q129329590,Daphine Nyayenga,Football,8,2004-12-19T00:00:00Z,goalkeeper,Ugandan footballer
Q140632518,Darleen Kate Wanyenze,Other sport,8,,swimmer,Ugandan Swimmer
Q141266061,Deborah Kyarasiime,Politics & government,8,,civil servant,Ugandan trade specialist
Q140986866,Divine Love Muwanguzi Muwonge,Other sport,8,,swimmer,Ugandan swimmer
Q130569329,Docus Kwikiriza,Football,8,,association football player,Ugandan footballer
Q135338614,Dorothy Wiltshire Kyamazima,Other sport,8,1991-10-02T00:00:00Z,basketball player,Ugandan basketball player (born 1991)
Q135338621,Edith Dorothy Nakiriyowa,Other sport,8,1964-03-17T00:00:00Z,basketball player,Ugandan basketball player (born 1964)
Q141265814,Edith Tusubira,Politics & government,8,,civil servant,Ugandan financial regulator
Q134061523,Elizabeth Khaitsa Mabwa Gabona,Other / unspecified,8,,educator,A Ugandan educationist and academician who was the Deputy Chairperson Education Service Commission
Q134269788,Elizabeth Mutamuliza,Other / unspecified,8,,marketer,A Ugandan marketing manager at Uganda Breweries Limited
Q134081550,Elizabeth Namaganda,Other / unspecified,8,,marketer,A Ugandan Marketer and social researcher
Q133880398,Emily Kansime,Other sport,8,,volleyball player,Volleyball player
Q130717447,Eseza Kobusobozi,Football,8,,association football player,Ugandan association Footballer
Q120892547,Esezah Kyomugisha Kakudidi,Other / unspecified,8,,"zoologist, chemist, botanist","Zoologist, Botanist & Chemist"
Q136734651,Esther Kantono,Other / unspecified,8,,painter,Ugandan Painter
Q133887649,Eva Akello,Other sport,8,,field hockey player,Hockey player
Q134627511,Evas Nayebare,Other sport,8,,volleyball player,Ugandan professional volleyball player
Q133830668,Eve Nabulya,Academia & education,8,,lecturer,lecturer in the Department of Literature at Makerere University in Uganda
Q133830631,Evelyn Lutwama-Rukundo,Academia & education,8,,lecturer,Evelyn is a specialist in gender and entertainment but stretches her interest to gender and communication in general.
Q134268816,Evelyn Nelima,Other / unspecified,8,,lacrosse player,Lacrosse player
Q130569576,Everline Nandera,Football,8,,association football player,Ugandan Football player
Q139807515,Faith Bugonzi,Other / unspecified,8,,communications manager,Ugandan communications manager
Q134113653,Faith Kirabo,Arts & entertainment,8,,"actor, model",Actress
Q130612620,Faridah Namirimu,Football,8,,association football player,Ugandan Footballer playing as a defender
Q130736909,Fatma Matovu,Football,8,,association football player,Ugandan Footballer
Q134268943,Flavia Nalwanda,Other / unspecified,8,,lacrosse player,Lacrosse player
Q134081188,Flavia Nyinakiiza Kanagyizi,Politics & government,8,,politician,A Ugandan politician who is the speaker of Kabale District
Q140042113,Flora Aduk,Media & writing,8,,journalist,Ugandan journalist
Q134004350,Florence Basiimwa Tushemerirwe,Academia & education,8,,lecturer,A Ugandan Academician and researcher in the field of Community Health and Behavioral Sciences
Q140142322,Florence Sajjabi,Academia & education,8,,"lecturer, researcher, administrator","A Ugandan researcher, educationist"
Q54224657,Florence Ssajabi,Politics & government,8,,politician,Ugandan academic
Q140643350,Getrude Scarlett Atuhaire,Other sport,8,,swimmer,Ugandan Swimmer
Q138716675,Gillian Kasirye,Other / unspecified,8,,docent,Ugandan school founder and curriculum specialist
Q134268262,Gloria Asasira,Other / unspecified,8,,lacrosse player,Lacrosse player
Q133842436,Gloria Mbaguta,Other sport,8,,golfer,Ugandan golfer
Q133836299,Gloria Obukor,Other sport,8,,cricketer,Cricketer
Q133758815,Gorreti B. Bamwanga,Other / unspecified,8,1958-01-01T00:00:00Z,mental health counselor,Ugandan counselor and author
Q126678930,Grace Aulo Mbabazi,Activism & social work,8,,human rights defender,Ugandan female animal rights activist
Q141156814,Grace Nakalembe,Other sport,8,2008-12-21T00:00:00Z,basketball player,Ugandan basketball player (born 2008)
Q133864048,Grace Ojil,Other sport,8,,kabaddi player,"She Gladiators team member,World Cup bronze medalist"
Q130610859,Hadija Nandago,Football,8,,association football player,Ugandan Footballer
Q63343878,Hadijah Asiimwe,Arts & entertainment,8,,actor,Ugandan actress
Q135338582,Hatima Kassime,Other sport,8,1988-03-15T00:00:00Z,basketball player,Ugandan basketball player (born 1988)
Q120799369,Helen Byamugisha,Academia & education,8,,"librarian, university teacher, researcher","Ugandan librarian, LIS educator, administrator and researcher"
Q138161349,Hellen Kyomugisha,Politics & government,8,,politician,Ugandan Politician
Q131309349,Hellen Nabukenya,Other / unspecified,8,1983-01-01T00:00:00Z,visual artist,visual artist and curator
Q134003339,Hilda Namakula,Academia & education,8,,researcher,A Ugandan nurse and research fellow at Makerere University
Q138819332,Hope Atuhairwe Kisitu,Academia & education,8,,"lawyer, lecturer",Ugandan lawyer
Q133836300,Irene Alumo,Other sport,8,,cricketer,cricketer
Q135338574,Irene Eileanne Nalunkuma,Other sport,8,1990-06-24T00:00:00Z,basketball player,Ugandan basketball player (born 1990)
Q134182922,Irene Kasuubo,Other / unspecified,8,,"weightlifter, bodybuilder",Weight lifter
Q139801233,Irene Zikusooka,Other / unspecified,8,,media personality,Ugandan media personality
Q137972369,Jackline Birungi,Politics & government,8,,politician,Ugandan politician
Q130737898,Jackline Nakasi,Football,8,,association football player,Ugandan Footballer
Q134005096,Jacqueline Kobusingye,Academia & education,8,,lecturer,A Ugandan Academician and researcher
Q133880509,Jalia Nassuna,Other sport,8,,volleyball player,Volleyball player
Q140674416,Jamilah Ziri Nakiganda,Other sport,8,,,Ugandan swimmer
Q130613872,Jesca Namanda,Football,8,,association football player,Ugandan Footballer
Q139658965,Jingo Zawadi,Activism & social work,8,,human rights defender,Human Rights Defender
Q138161352,Joan Kansiime,Politics & government,8,,politician,Ugandan Politician
Q136823017,Joan Mukasa Menya,Other / unspecified,8,,marketing,sales and marketing professional
Q134269416,Joseline Nandutu,Other / unspecified,8,,lacrosse player,Lacrosse player
Q133881213,Josephine Nammanda,Other sport,8,1982-10-07T00:00:00Z,volleyball player,Volleyball player
Q133863832,Jovita Lubango,Other sport,8,,kabaddi player,"Ugandan national female kabaddi team player, Uganda's Kho Kho women team"
Q136624664,Joy Chemutai,Other sport,8,1993-01-11T00:00:00Z,basketball player,Ugandan basketball player (born 1993)
Q131298229,Joy Malaika,Other / unspecified,8,,belly dancer,belly dancer
Q134979258,Joyce Kugonza,Other sport,8,,boxer,Ugandan boxer
Q134268650,Joyce Nakibule,Other / unspecified,8,,lacrosse player,Lacrosse player
Q138844815,Judy Kamanyi,Activism & social work,8,,activist,Ugandan activist
Q140592505,Julia Acio,Politics & government,8,,politician,Ugandan politician
Q129330244,Juliet Adeke,Football,8,,association football player,Ugandan footballer
Q131298217,Juliet Nantambi,Arts & entertainment,8,,actor,Ugandan actress
Q133464235,Kainza Joyce,Football,8,,association football player,Ugandan football player
Q130600691,Kamiyat Naigaga,Football,8,,association football player,Ugandan Football Player
Q140692668,Kanyiginya Sharon,Football,8,,association football player,Ugandan football player
Q135338593,Katooko Frances Nabulobi,Other sport,8,1983-11-01T00:00:00Z,basketball player,Ugandan basketball player (born 1983)
Q135424656,Katushabe Angel,Other sport,8,,boxer,Ugandan Boxer
Q133848860,Keisha Kagoro,Other sport,8,,golfer,Ugandan golfer
Q141223181,Kerry Nadia,Other / unspecified,8,,singer-songwriter,female singer from Uganda
Q140627300,Kerry bradshaw,Other sport,8,,,Ugandan swimmer
Q130612197,Kevin Nakacwa,Football,8,,association football player,Ugandan footballer
Q139658948,Kobusinge Lydia,Activism & social work,8,,human rights defender,Human Rights Defender
Q140627994,Kristen Skylar Kayongo,Other sport,8,,,Ugandan swimmer
Q137357533,Lakwena Maciver,Other / unspecified,8,1986-01-01T00:00:00Z,visual artist,visual artist known for using bold colors and geometric patterns
Q133836319,Leona Babirye,Other sport,8,,cricketer,cricketer
Q84356742,Lesham Kenogo,Arts & entertainment,8,,actor,Kenyan producer
Q134268451,Lilian Hope Amoit,Other / unspecified,8,,lacrosse player,Lacrosse player
Q139801379,Lilian Nakigozi,Other / unspecified,8,,social entrepreneur,Ugandan social entrepreneur
Q111893949,Lillian Bagala,Activism & social work,8,,activist,Ugandan Youth and Period Equity Activist
Q136800482,Lillian Kansiime,Other / unspecified,8,,marketing,marketing and communications specialist
Q131279308,Lillian Mworeko,Activism & social work,8,,"social worker, counselor",Ugandan social worker
Q120799391,Lois Mutibwa,Academia & education,8,,"librarian, university teacher, researcher",Ugandan librarian and LIS educator
Q133836140,Lorna Anyait,Other sport,8,,cricketer,Ugandan female cricketer
Q136089144,Luwedde Dorah,Other sport,8,,boxer,Ugandan Boxer
Q133842377,Maggie Flavia Namaganda,Other sport,8,,tennis player,Ugandan tennis player
Q134112980,Maggie Roseform,Other sport,8,,rally driver,Motorsport rally driver
Q140715000,Manuella  Jayden Nabukeera  Musoke,Other sport,8,,,Ugandan swimmer
Q133836271,Maria Kagoya,Other sport,8,,cricketer,Cricketer
Q141156744,Maria Nanyonga,Other sport,8,2009-06-26T00:00:00Z,basketball player,Ugandan basketball player (born 2009)
Q134963364,Mariam Asacha,Other sport,8,2005-03-02T00:00:00Z,netballer,Ugandan netball player
Q131429528,Mariam Bukenya,Arts & entertainment,8,,actor,Ugandan Actress
Q131466242,Marion Mangeni,Politics & government,8,1985-12-21T00:00:00Z,judge,"court Magistrate, and judicial officer"
Q134269202,Marion Nandala,Other / unspecified,8,,lacrosse player,Lacrosse player
Q130354433,Mary Kabacurezi,Football,8,,association football player,Ugandan footballer
Q138548612,Maureen Agena,Other / unspecified,8,1985-01-01T00:00:00Z,communications consultant,Ugandan technologist
Q134054656,Maureen Kahima,Other / unspecified,8,,counselor,counselor
Q130613858,Maureen Nangonzi,Football,8,,association football player,Ugandan Footballer
Q134269296,Mayi Nankabirwa,Other / unspecified,8,,lacrosse player,Lacrosse player
Q139658975,Mbabazi Joanita,Activism & social work,8,,human rights defender,Human Rights Defender
Q77033116,Mela Katende,Other / unspecified,8,,,Fictional Character
Q125911941,Mellisa Nayimuli,Other / unspecified,8,1996-01-02T00:00:00Z,film,Ugandan film and TV producer
Q133864102,Mellon Amvioko,Other sport,8,,kabaddi player,"She Gladiators team member, World Cup bronze medalist"
Q133856871,Merab Cherotich,Media & writing,8,,journalist,UBC radio presenter
Q133836293,Mildred Anyigo,Other sport,8,,cricketer,cricketer
Q117293381,Milly Mugeni,Politics & government,8,,politician,Ugandan politician
Q134268739,Miriam Ayenyo,Other / unspecified,8,,lacrosse player,Lacrosse player
Q134057868,Miriam Ruth Kisakye,Academia & education,8,,university teacher,university teacher
Q134113506,Moreen Blessing,Other sport,8,,volleyball player,Volleyball player
Q139741964,Morine Wavamunno,Business & finance,8,,businessperson,Ugandan business woman
Q134627811,Mouricia Nabuma,Other sport,8,,volleyball player,Ugandan professional volleyball player
Q136089135,Mulungi Anitah,Other sport,8,,boxer,Ugandan Boxer
Q136089103,Nabakibi Tracy,Other sport,8,,boxer,Ugandan Boxer
Q136438428,Nabanja Amina,Other sport,8,,boxer,Ugandan female boxer
Q136089121,Nabatte Prossy,Other sport,8,,boxer,Ugandan Boxer
Q135424805,Nabikolo Fatuma,Other sport,8,,boxer,Ugandan Boxer
Q140553996,Nabukonde Aida Nauren.,Other sport,8,,,Ugandan swimmer
Q136089170,Nabukwasi Jennifer,Other sport,8,,boxer,Ugandan Boxer
Q136089074,Nadunga Prima,Other sport,8,,boxer,Ugandan Boxer
Q140480588,Nagudi Nusula,Other sport,8,,netballer,Ugandan professional netball player
Q135338618,Nahabo Miriam Hamala,Other sport,8,1982-07-05T00:00:00Z,basketball player,Ugandan basketball player (born 1982)
Q136089191,Nakassaga Desire,Other sport,8,,boxer,Ugandan Boxer
Q134979234,Nali Jalia,Other sport,8,,boxer,Ugandan boxer
Q133467228,Nalunkuuma Bushirah Muhammad,Football,8,,association football player,Ugandan footballer
Q133462704,Nalwanja shaffie,Other sport,8,,netballer,Ugandan netball player
Q139960647,Namara Betty Mutabazi,Politics & government,8,,politician,Ugandan politician
Q139995974,Namukwaya Winifred,Other / unspecified,8,,administrator,
Q133463874,Namutosi Agnes,Football,8,,association football player,Ugandan football player
Q130354480,Namwenje Saidat,Football,8,,association football player,Ugandan footballer
Q136810543,Nancy Kalembe,Business & finance,8,,businessperson,Business Woman
Q130747334,Nandudu Annet,Politics & government,8,,politician,Ugandan Politician
Q133839257,Nantanda Majida,Football,8,,association football player,Ugandan female footballer
Q139694931,Nanteza Divine Gabriella,Academia & education,8,,teacher,Ugandan educator
Q139710321,Nantumbwe Joan,Business & finance,8,,accountant,Ugandan Accountant and a Wikimedian
Q130612274,Nanyanzi Patricia Nakato,Football,8,,association football player,Ugandan Footballer
Q136089161,Natasha Zawedde,Other sport,8,,boxer,Ugandan Boxer
Q134188815,Nodryn Evanci,Arts & entertainment,8,,actor,Actress
Q133864042,Norah Veronica Nabasirye,Other sport,8,,kabaddi player,Ugandan national female Kho Kho team player
Q131294176,Nunu Umuringa Butare,Media & writing,8,,"poet, fashion designer",Ugandan poet and fashion designer
Q89357758,Oliver Nakakande,Arts & entertainment,8,,"model, beauty pageant contestant",Ugandan model and beauty pageant winner
Q133864024,Olivia Tuhaise,Other sport,8,,kabaddi player,Ugandan national female Kho Kho team player
Q133865378,Pamella Lamunu Ocaya,Other / unspecified,8,,registrar,Acting Chief Registrar of Uganda's courts
Q137988628,Pamera Anne Kirungi,Other / unspecified,8,,member of parliament,Woman Member of Parliament
Q138004783,Paska Menya Aciro,Politics & government,8,,"politician, accountant",Ugandan politician
Q134269053,Patience Amulen,Other / unspecified,8,,lacrosse player,Lacrosse player
Q130612893,Patience Nabulobi,Football,8,,association football player,Ugandan footballer
Q133836304,Patricia Malemikia,Other sport,8,,cricketer,cricketer
Q139658938,Patricia Nakagulire,Other / unspecified,8,,purchasing manager,Administrator
Q133836157,Patricia Timong,Other sport,8,,cricketer,Ugandan Female cricketer
Q133831471,Peace Buhwamatsiko Tumuheki,Academia & education,8,,lecturer,"A lecturer and Head of the Department of Adult, Communications and Lifelong learning (DACoLL) at Kyambogo University."
Q133842420,Peace Kabasweka,Other sport,8,,golfer,Ugandan golfer
Q130612870,Peace Muduwa,Football,8,,association football player,Ugandan footballer
Q139912967,Peace Musiimenta,Academia & education,8,,lecturer,Ugandan lecturer
Q134187700,Pelly Peninah Nampanga,Arts & entertainment,8,,"actor, model",Actress
Q133853611,Phiona Kemirembe,Media & writing,8,,journalist,NBS sports journalist
Q133836325,Phiona Kulume,Other sport,8,,cricketer,cricketer
Q134979288,Phionah Nanyanzi,Other sport,8,,boxer,Ugandan boxer
Q133857425,Phyllis Apio,Other sport,8,,rugby player,Rugby player
Q136463242,Precious Najjemba,Football,8,,association football player,Ugandan footballer
Q133864088,Priscila Nambazira,Other sport,8,,kabaddi player,"She Gladiators team member,World Cup bronze medalist"
Q135338550,Priscilla Ameu Apolot,Other sport,8,1997-04-08T00:00:00Z,basketball player,Ugandan basketball player (born 1997)
Q136624127,Proscovia Arach,Other sport,8,1994-09-23T00:00:00Z,basketball player,Ugandan basketball player (born 1994)
Q138161354,Prossy Kabugho,Politics & government,8,,politician,Ugandan Politician
Q133865423,Prossy Katushabe,Other / unspecified,8,,registrar,A judicial officer at High Court
Q135177265,Rahimah Nayiga,Other sport,8,,netballer,Ugandan netball player
Q136825296,Rebecca Kukiriza,Arts & entertainment,8,2000-02-20T00:00:00Z,musician,Ugandan Musician
Q137357147,Rebecca Nuwematsiko,Other / unspecified,8,,research associate,Ugandan public health researcher
Q136814412,Regina Asinde,Media & writing,8,,writer,Ugandan writer
Q135338564,Rhoda Ruth Nagitta,Other sport,8,1996-01-03T00:00:00Z,basketball player,Ugandan basketball player (born 1996)
Q133836374,Rita Nyangendo,Other sport,8,,cricketer,cricketer
Q140072175,Ritah Namisango,Other / unspecified,8,,public relations,Ugandan communication officer
Q134268981,Robin Koehler Aline,Other / unspecified,8,,lacrosse player,Lacrosse player
Q130610941,Ronah Regina Nantege,Football,8,,association football player,Ugandan Footballer
Q139658979,Rose Katushabe,Activism & social work,8,,human rights defender,Human Rights Defender
Q136760071,Rose Kwatampora,Other / unspecified,8,,educational organization,Ugandan associate professor
Q141156815,Rose Musundi,Other sport,8,2008-12-29T00:00:00Z,basketball player,Ugandan basketball player (born 2008)
Q133864096,Rose Nankumba,Other sport,8,,kabaddi player,"She Gladiators team member, World Cup bronze medalist"
Q140548098,Rubby Hadassah,Other sport,8,,swimmer,Ugandan swimmer
Q130610798,Rukia Olga Buturi,Football,8,,association football player,Ugandan Footballer
Q138161356,Ruth Kyomugisha,Politics & government,8,,politician,Ugandan Politician
Q133889216,Ruth Mukama Gimbo,Academia & education,8,,university teacher,A Ugandan Academician and Linguist
Q120799044,Ruth Nalumaga,Academia & education,8,,"librarian, university teacher","Ugandan librarian, administrator, and LIS educator"
Q137104766,Ruth Nalumaga,Academia & education,8,,librarian,Chairperson and Ugandan Librarian
Q138751574,Samantha Ainembabazi,Media & writing,8,,"poet, curator","poet, spoken-word artist, curator"
Q134270751,Sandra Arinaitwe,Other sport,8,,"marketer, swimmer",Ugandan swimmer
Q111951874,Sandra Ntebi,Law,8,,lawyer,Ugandan LGBT rights activist
Q133836311,Sarah Akiteng,Other sport,8,,cricketer,cricketer
Q138161343,Sarah Akol,Politics & government,8,,politician,Ugandan Politician
Q130706651,Sarah Babirye,Football,8,,association football player,female football player
Q130729555,Sarah Nakuya,Football,8,,association football player,Ugandan Footballer
Q138161330,Sarah Nanyonga,Politics & government,8,,politician,Ugandan Politician
Q138161350,Sarah Tumwine,Politics & government,8,,politician,Ugandan Politician
Q136953313,Sarah Zawedde,Arts & entertainment,8,,"marketing, musician, event manager",Ugandan musician
Q140638302,Sasha Vimbai Munyikwa,Other sport,8,,swimmer,Ugandan Swimmer
Q134979206,Sauda Muhammad,Other sport,8,,boxer,Ugandan boxer
Q133463836,Sawuya Sana,Football,8,,association football player,Ugandan football player
Q133463454,Shamilah Nalujja,Football,8,,association football player,Ugandan football player
Q130729600,Shamina Nakalyowa,Football,8,,association football player,Ugandan Footballer
Q141156708,Sharifah Agaba,Other sport,8,2008-08-10T00:00:00Z,basketball player,Ugandan basketball player (born 2008)
Q133463945,Sharifah Namutebi,Football,8,,association football player,Ugandan association football player
Q134279578,Sharon Pajije,Other / unspecified,8,,beach volleyball player,Beach volleyball player
Q133839270,Sheila Angozibwa,Other sport,8,,handball player,Ugandan female handball player
Q133835747,Sheilla Akampwera,Academia & education,8,,lecturer,Assistant lecturer at Mbarara University of Science and Technology.
Q134268602,Shiran Bashabomwe,Other / unspecified,8,,lacrosse player,Lacrosse player
Q133863984,Shirat Mirembe,Other sport,8,,kabaddi player,She Gladiators team member
Q134054867,Sonia Rwere,Other sport,8,,swimmer,Ugandan swimmer
Q141363440,Ssinabulya Sylvia Namabidde,Politics & government,8,1964-12-24T00:00:00Z,politician,ಉಗಾಂಡಾದ ರಾಜಕಾರಣಿ
Q139658926,Stella Kabugho,Activism & social work,8,,human rights defender,Human Rights Defender
Q130613883,Stella Musibika,Football,8,,association football player,Ugandan Footballer
Q135338565,Sumaiya Hasahya,Other sport,8,1996-12-15T00:00:00Z,basketball player,Ugandan basketball player (born 1996)
Q136621409,Sumine Nabatanzi,Other sport,8,1981-08-25T00:00:00Z,basketball player,Ugandan basketball player (born 1981)
Q133856883,Susan Kakai,Other sport,8,2002-01-11T00:00:00Z,cricketer,Cricket player
Q133889178,Susan Kangume,Other / unspecified,8,,senior lecturer,Ugandan academician and environmentalist
Q139834554,Susan Khainza,Other sport,8,,"ice hockey player, rugby player, administrator",Ugandan hockey player
Q133864961,Susan Odongo,Other / unspecified,8,,high court judge,Acting High Court Judge
Q140627789,Swagiah Mubiru,Other sport,8,,swimmer,Ugandan Swimmer
Q136622643,Sylvia Hilda Naigaga,Other sport,8,1987-09-11T00:00:00Z,basketball player,Ugandan basketball player (born 1987)
Q122182199,Sylvia Namujuzi,Other / unspecified,8,,archivist,Ugandan archivist
Q84356547,Tania Shakirah Kankindi,Arts & entertainment,8,,actor,Ugandan actress
Q96972285,Taz Musisi,Other / unspecified,8,,LGBTQ rights activist,
Q140627735,Tendo Atia,Other sport,8,,swimmer,Ugandan Swimmer
Q139669719,Teopista Mutooro,Activism & social work,8,,human rights defender,Human Rights Defender
Q134268857,Teopista Nabunya,Other / unspecified,8,,lacrosse player,Lacrosse player
Q136627334,Thelma Delane Toskin,Other sport,8,2002-04-14T00:00:00Z,basketball player,Ugandan basketball player (born 2002)
Q140681387,Theresa Kikambi,Other sport,8,,,Ugandan swimmer
Q134268797,Tracy Tushemerirwe,Other / unspecified,8,,lacrosse player,Lacrosse player
Q139658964,Turyahiirwa Goretti,Activism & social work,8,,human rights defender,Human Rights Defender
Q133463818,Vanesa Karungi,Football,8,,association football player,Ugandan football player
Q126678651,Vanessa Mulondo,Other / unspecified,8,,photographer,Ugandan documentary photographer
Q136683639,Vanessa Mulondo,Other / unspecified,8,1996-04-23T00:00:00Z,documentary photography,Ugandan Photographer
Q134269232,Vanessa Namiya,Other / unspecified,8,,lacrosse player,Lacrosse player
Q136821694,Viana Indi,Other / unspecified,8,2002-02-22T00:00:00Z,media personality,media personality in Uganda
Q137047029,Victoria Sibiya,Other / unspecified,8,,"pastor, media personality",media personality in Uganda
Q124666201,Vivian Agaba,Other / unspecified,8,,print journalist,journalist in Uganda
Q133836144,Walaza Sarah,Other sport,8,,cricketer,Ugandan female cricketer
Q133887921,Winnie Atim,Other sport,8,,field hockey player,Hockey player
Q135338611,Winnie Ayango Oketch,Other sport,8,1992-10-22T00:00:00Z,basketball player,Ugandan basketball player (born 1992)
Q136821779,Winnie Mbabazi,Other / unspecified,8,,media personality,media personality in Uganda
Q133887932,Winnie Nandi,Other sport,8,,field hockey player,Hockey player
Q138492441,Yvonne Shwanda,Other / unspecified,8,,"jewelry designer, social entrepreneur","Zambian born jewellery designer, social entrepreneur, and founder of INONGE ZITA"
Q130612838,Zaitun Namaganda,Football,8,,association football player,Ugandan footballer
Q140643324,Ziya Abubakr Babirye,Other sport,8,,swimmer,Ugandan Swimmer
Q135338623,Zumrati Ali Mavita,Other sport,8,1979-06-16T00:00:00Z,basketball player,Ugandan basketball player (born 1979)
Q140251199,,Academia & education,8,,"economist, researcher",Ugandan economist
Q134054821,Abagail Mwagale,Other sport,7,,swimmer,Ugandan swimmer
Q133839316,Abigail Nabasinga,Other sport,7,,tennis player,Ugandan Junior tennis player
Q139882762,Abur Mary,Other sport,7,,athlete,Ugandan Athlate
Q140007710,Achan Joyce Oken,Politics & government,7,,politician,Ugandan politician
Q135424727,Adong Judith,Other sport,7,,boxer,Ugandan Boxer
Q139658920,Aero Ketty,Activism & social work,7,,human rights defender,Human rights advocate
Q131298141,Agnes Ahebwa,Other / unspecified,7,,make-up artist,Ugandan make up artist
Q134057781,Agnes Masajja Baluka,Academia & education,7,,lecturer,University lecturer
Q133892220,Agnes Nakuya,Other sport,7,,rugby player,Ugandan rugby player
Q130537215,Agnes Tumwesigye,Activism & social work,7,,social worker,Ugandan social worker for refugee support and advocacy
Q136089188,Aijuka Praise,Other sport,7,,boxer,Ugandan Boxer
Q133574711,Aisha Lubega,Other / unspecified,7,,religious leader,religious leader from Uganda
Q133514657,Aisha Namakula,Other / unspecified,7,,religious leader,religious leader
Q134058026,Alice Nakiyembe Were,Academia & education,7,,lecturer,University lecturer
Q137993837,Alima Joyce Reeni,Politics & government,7,,politician,Ugandan politician
Q130354634,Allen Nassazi,Football,7,,association football player,Ugandan footballer
Q140591415,Almah Angellah Busingye,Other sport,7,,,Ugandan swimmer
Q134276963,Alverah Mukamirinda,Other sport,7,,,Beach wood ball player
Q140589650,Ameria Busingye,Other sport,7,,swimmer,Ugandan swimmer
Q130414717,Amina Namulema,Activism & social work,7,,social worker,Ugandan social worker
Q134055260,Amina Nganda,Other sport,7,,pool player,Ugandan pool table player
Q133462828,Amiya Penelope,Other sport,7,,netballer,Ugandan netball player
Q135424644,Amoding Peninah,Other sport,7,,boxer,Ugandan Boxer
Q139841282,Anena Kevin Prisca,Other sport,7,,athlete,Ugandan athlete
Q136684024,Anena Santa,Activism & social work,7,,"environmentalist, activist",Environmental Activist
Q130612705,Angel Auki Kigongo,Football,7,,association football player,Ugandan Footballer
Q138819410,Angella Nabwowe Kasule,Law,7,,lawyer,Ugandan lawyer
Q134055254,Angellah Busingye,Other sport,7,,pool player,Ugandan pool table player
Q139963128,Anita Rukundo Tayebwa,Other / unspecified,7,,honorary consul,Ugandan honorary consul and public figure
Q116604148,Ann Alum Ogwal,Politics & government,7,,politician,Uganda politician
Q130612602,Apino Suzan,Football,7,,association football player,Ugandan Footballer
Q140032294,Apio Mercy,Other / unspecified,7,,volunteer,
Q139658985,Apio Paska,Other / unspecified,7,,sign language interpreter,Ugandan Sign Language Interpreter
Q140529737,Apolot Christine Rebecca,Other sport,7,,netballer,Ugandan netball player
Q140571211,Ariyo Ahumuza,Other sport,7,,swimmer,Ugandan Swimmer
Q133822605,Assumpta Nabawanuka,Health,7,,physician,medical personal
Q133836148,Asumin Akurut,Other sport,7,,cricketer,Ugandan female cricketer
Q136089379,Ayenyo Mariam,Other sport,7,,netballer,Ugandan Netball Player
Q135425393,Ayike Arafah,Other sport,7,,boxer,Ugandan Boxer
Q137993426,Ayoo Jeneth Phoebe,Politics & government,7,,politician,Ugandan politician
Q130613864,Babra Adweru,Football,7,,association football player,Ugandan Footballer
Q141265456,Baifa Arwinyo,Health,7,,physician,Ugandan medical doctor
Q139806816,Barbara Alupo,Other / unspecified,7,,analyst,Ugandan gender analyst
Q140036674,Barbra Nalweyiso,Media & writing,7,,journalist,Ugandan journalist
Q133894429,Beatrice Achayo,Other sport,7,,handball player,Ugandan handball player
Q116604844,Beatrice Amongi Lagada,Politics & government,7,,politician,Uganda politician
Q136786870,Beatrice Okot,Law,7,,lawyer,Ugandan human rights lawyer affiliated with the Women Human Rights Defenders Network Uganda (WHRDN-U)
Q136902028,Belinda Kyomuhendo,Other / unspecified,7,,program manager,Ugandan program manager
Q130613972,Benita Nagujja,Football,7,,association football player,Ugandan Footballer
Q137994534,Beth Kayesu Nankunda,Politics & government,7,,politician,Ugandan politician
Q125560048,Betty Amamukirori,Media & writing,7,,journalist,journalist in Uganda
Q137993876,Betty Namara Kataba,Politics & government,7,,politician,Ugandan politician
Q139931491,Brenda Nanyonjo,Business & finance,7,,"entrepreneur, chief executive officer",Ugandan beauty pageant organizer and entrepreneur
Q133848583,Bridget Basiima,Other sport,7,,golfer,Golfer
Q134267846,Bridget Nahola,Other sport,7,,wrestler,Ugandan wrestler
Q136786871,Bruna Mukisa Patricia,Other / unspecified,7,,board member,Ugandan human rights defender
Q133887945,Carol Aguti,Other / unspecified,7,,field hockey player,Field hockey player
Q136622322,Caroline Badaru,Other sport,7,1974-10-30T00:00:00Z,basketball player,Ugandan basketball player (born 1974)
Q133892688,Caroline Karungi,Other sport,7,,golfer,Golfer
Q135176729,Catherine Kaganda,Other sport,7,,netballer,Ugandan netball player
Q61449396,Catherine Musoke,Health,7,,nurse,Ugandan nurse
Q140637294,Charity Doreen Nannungi,Other sport,7,,swimmer,Ugandan Swimmer
Q133858743,Charlotte Kabaseke,Academia & education,7,,lecturer,Faculty of Law Dean at Kabale University
Q133892301,Charlotte Mudola,Other sport,7,,rugby player,Ugandan rugby player
Q135984880,Christine Ayikoru,Other sport,7,,netballer,Ugandan netball player
Q133831880,Christine Desai Nalubwama,Media & writing,7,,journalist,NBS Video Editor
Q130612089,Ciccy Kabarwani,Football,7,,association football player,Ugandan Footballer
Q133839284,Claire Nalubuula,Other sport,7,,tennis player,Ugandan junior Tennis Player
Q133835808,Clementia Neema Murembe,Academia & education,7,,lecturer,Senior lecturer at the faculty of interdisciplinary studies at Mbarara University of Science and Technology.
Q133459976,Daisy Namirembe,Academia & education,7,,university teacher,Ugandan researcher and academician
Q133836254,Damalie Busingye,Other sport,7,,cricketer,cricketer
Q137194829,Danita Turiho,Other / unspecified,7,,advocate,"representative for Umoja women's run 2026, advocate for reproductive justice and gender equality"
Q130613897,Daphine Nalubowa,Football,7,,association football player,Ugandan Footballer
Q134054613,Deborah Nakalyowa,Academia & education,7,,lecturer,Ugandan lecturer
Q133463281,Desire Mirembe,Other sport,7,,netballer,Ugandan netball player
Q129094637,Desire Natooro,Other / unspecified,7,2003-11-30T00:00:00Z,defender,Ugandan footballer and defender
Q133894984,Diana Athieno,Other sport,7,,swimmer,Ugandan swimmer
Q133848627,Diana Nambalirwa,Other sport,7,,golfer,Golfer
Q136621408,Diana Namukusa,Other sport,7,1979-12-18T00:00:00Z,basketball player,Ugandan basketball player (born 1979)
Q134267984,Dinah Amoding,Other / unspecified,7,,darts player,Darts Player
Q133848737,Dinah Ongol,Other sport,7,,golfer,Golfer
Q139658983,Dinavence Asiimire,Other / unspecified,7,,secretary,Personal Assistant
Q133887636,Doreen Assimwe,Other sport,7,,field hockey player,Hockey player
Q136772941,Doreen Komuhangi,Media & writing,7,,journalist,Ugandan journalist
Q131278770,Doreen Nabbanja,Arts & entertainment,7,,actor,Ugandan Actress
Q135304448,Doreen Nantale,Other sport,7,,netballer,Ugandan netball player
Q133894489,Doreen Ondoa,Other sport,7,,handball player,Ugandan handball player
Q134176312,Doris Ngonzi,Academia & education,7,,lecturer,University lecturer
Q141267707,Dorothy Kabagambe Ssemanda,Business & finance,7,,businessperson,Ugandan business executive
Q140036603,Dorothy Nakaweesi,Media & writing,7,,journalist,Ugandan journalist
Q130537239,Edith Kaggwa,Activism & social work,7,,social worker,Ugandan refugee support and field coordinator
Q139801599,Edith Kutesa,Business & finance,7,,entrepreneur,Ugandan entrepreneur
Q141174487,Edith Nsajja Mwanje,Politics & government,7,,civil servant,Ugandan civil servant
Q133842402,Edna Lovinsa Nabiryo,Other sport,7,,tennis player,Ugandan tennis player
Q139785490,Edna Namara,Media & writing,7,,writer,Writer
Q140036645,Elizabeth Kamurungi,Media & writing,7,,journalist,Ugandan journalist
Q139807634,Emma Mugizi,Other / unspecified,7,,public relations officer,Ugandan public relations officer
Q133872863,Esther Aganyira,Other sport,7,,golfer,Golfer
Q136624176,Esther Akwap,Other sport,7,1996-04-08T00:00:00Z,basketball player,Ugandan basketball player (born 1996)
Q139731919,Esther Allen Nakamwa,Academia & education,7,,"teacher, head teacher",Activist for People with Disabilities
Q133848492,Esther K Beebwa,Academia & education,7,,university teacher,University teacher
Q134271350,Esther Nadunga,Other sport,7,,swimmer,Ugandan swimmer
Q124958098,Esther Nakkazi,Academia & education,7,,"researcher, science journalist, medical journalist","health and science reporter based in Kampala, Uganda"
Q130354654,Esther Nangendo,Football,7,,association football player,Ugandan footballer
Q130613770,Esther Okello Akite,Football,7,,association football player,Ugandan Footballer
Q134175300,Esther Tumwesigye,Academia & education,7,,lecturer,Lecturer
Q141267682,Ethol Amanda Natukunda,Business & finance,7,,entrepreneur,Ugandan entrepreneur
Q139962778,Eunice Apio Atuku,Politics & government,7,,politician,Ugandan politician
Q133864078,Eunice Awori,Other sport,7,,kabaddi player,She Gladiators team member
Q133848510,Eva Wodeya Wanyenze,Academia & education,7,,university teacher,University teacher
Q133848744,Evelyn Atukunda,Other sport,7,,golfer,Golfer
Q133842330,Evelyn Chimolo,Other sport,7,,tennis player,Ugandan female tennis player
Q133842370,Evelyn Kiwulwa,Other sport,7,,tennis player,Ugandan tennis player
Q130612962,Evelyn Nassuna,Football,7,,association football player,Ugandan Footballer
Q133842323,Evelyn Ochom,Other sport,7,,tennis player,Ugandan female tennis player
Q133839337,Faith Aber,Other sport,7,,tennis player,Ugandan Junior tennis player
Q112074482,Faith Aweko,Business & finance,7,,"entrepreneur, statistician",Ugandan social climate entrepreneur and activist
Q131105432,Faridah Ridah Nabagereka,Arts & entertainment,7,,actor,Actress
Q133888805,Favour Naome Kyomugasho,Academia & education,7,,lecturer,Ugandan Academician
Q135111780,Fildeus Namulema,Other sport,7,,netballer,Ugandan netball player
Q139658962,Fiona Akullo,Activism & social work,7,,human rights defender,Human Rights Defender
Q130717839,Fiona Atono,Football,7,,association football player,Ugandan footballer
Q131279141,Fiona Ssebandeke,Arts & entertainment,7,,actor,Ugandan Actress
Q133462781,Firdaus namulema,Other sport,7,,netballer,Ugandan netball player
Q135111884,Flavia Kitimbo,Other sport,7,,netballer,Ugandan netball player
Q138632437,Flavia Mawagi,Media & writing,7,,"musician, television presenter",Ugandan television presenter and musician
Q139770509,Flavia Nassaka,Media & writing,7,,journalist,Ugandan journalist
Q109289594,Florence Adong-Ewoo,Other / unspecified,7,,disability rights activist,Ugandan disability rights activist
Q130416361,Florence Kato,Activism & social work,7,,social worker,Ugandan advocacy and humanitarian aid social worker
Q131358998,Florence Maureen Mirembe,Other / unspecified,7,,gynecologist,Ugandan gynaecologist
Q134277469,Florence Mukoya,Other sport,7,,,Beach wood ball player
Q120799375,Florence Musiimenta,Academia & education,7,,"librarian, university teacher",Ugandan librarian and LIS educator
Q111968489,Florence Orishaba,Activism & social work,7,,human rights defender,Ugandan Human Rights activist
Q133852795,Florence Seera,Other / unspecified,7,2001-01-05T00:00:00Z,table tennis player,Table Tennis player
Q133892354,Gertrude Katessa,Other sport,7,,rugby player,Ugandan rugby player
Q133892670,Gertrude Kityo,Other sport,7,,golfer,Golfer
Q135225851,Gloria Ayaa,Other sport,7,,netballer,Ugandan netball player
Q130612609,Gloria Namakula,Football,7,,association football player,Ugandan Footballer
Q133881313,Gloria Nantege,Other sport,7,,volleyball player,Volleyball player
Q133872823,Gloria Nanyonga,Other sport,7,,golfer,Golfer
Q139807716,Gloria Nyiramugisha,Other / unspecified,7,,publicist,Ugandan publicist
Q137991797,Grace Abote,Politics & government,7,,politician,Ugandan politician
Q130613983,Grace Akatuhirira,Football,7,,association football player,Ugandan Footballer
Q133857493,Grace Auma,Other sport,7,,rugby player,Rugby player
Q133892778,Grace Kabonero,Other sport,7,,golfer,Golfer
Q134286025,Grace Kansiime,Academia & education,7,,"lecturer, researcher","Ugandan researcher, doctor and academician"
Q140637629,Grace Kitiibwa,Other sport,7,,swimmer,Ugandan Swimmer
Q111442515,Grace Kyomugisha,Other / unspecified,7,,soldier,Ugandan politician
Q138858838,Grace Muuduru,Activism & social work,7,,"lawyer, activist",Ugandan activist
Q133884416,Grace Nabaggala,Other sport,7,,rugby player,Ugandan rugby player
Q133879100,Grace Nakalema,Other / unspecified,7,1982-01-01T00:00:00Z,performing artist,Ugandan Artist
Q133848392,Grace Namboze,Academia & education,7,,lecturer,Senior lecturer nursing
Q130613854,Grace Nasongo,Football,7,,association football player,Ugandan Footballer
Q136622012,Grace-Mary Akello,Other sport,7,1989-08-11T00:00:00Z,basketball player,Ugandan basketball player (born 1989)
Q134627968,Hadija Otin,Other sport,7,,volleyball player,Ugandan professional volleyball player
Q136621411,Hadijah Nnakyanzi,Other sport,7,1967-12-26T00:00:00Z,basketball player,Ugandan basketball player (born 1967)
Q134176995,Halima Nassanga,Academia & education,7,,lecturer,Lecturer
Q140643814,Halwah Hamidah Kayondo,Other sport,7,,swimmer,Ugandan Swimmer
Q133848525,Hanifa Nantongo,Academia & education,7,,university teacher,University teacher
Q136902026,Happy Ainomugusha,Other / unspecified,7,,program manager,Ugandan program manager
Q134176687,Harriet Adong Ekallam Atuyambe,Academia & education,7,,lecturer,Lecturer
Q130613958,Hasifah Namboozo,Football,7,,association football player,Ugandan Footballer
Q133848575,Hawa Wanyeche,Other sport,7,,golfer,golfer
Q120799373,Hellen Agnes Muyomba,Academia & education,7,,"librarian, university teacher",Ugandan librarian and administrator
Q134286897,Hellen Kyomuhangi Kamuli,Other / unspecified,7,,administrator,Ugandan administrator
Q140041858,Hellen Mukiibi,Media & writing,7,,journalist,Ugandan journalist
Q55063243,Hellen Mutungi,Other / unspecified,7,,,fictional character from the television series Beneath The Lies
Q133839356,Hilder Afwoyoroth,Other sport,7,,tennis player,Ugandan Junior tennis player
Q133463230,Hindu Namutebi,Other sport,7,,netball,Ugandan netball player
Q135179301,Hope Birungi,Other sport,7,,netballer,Ugandan netball player
Q126678820,Hope Nankunda,Academia & education,7,,teacher,Ugandan climate change activist
Q135925640,Hussein Yasmine,Other sport,7,,netballer,Ugandan netball player
Q130613995,Imelda Kasemire,Football,7,,association football player,Ugandan Footballer
Q130612688,Immaculate Nakanjako,Football,7,,association football player,Ugandan Footballer
Q133836180,Immaculate Nandera,Other sport,7,,cricketer,Ugandan female cricketer
Q130612678,Immaculate Odalu,Football,7,,association football player,Ugandan Footballer
Q141278523,Ireen Twongirwe,Other / unspecified,7,,climate activist,Ugandan climate activist
Q110977561,Irene Kaggwa Sewankambo,Other / unspecified,7,,,Ugandan electrical engineer
Q134054713,Irene Nakalembe,Other sport,7,,golfer,Golfer
Q140627826,Isabella Magezi,Other sport,7,,swimmer,Ugandan Swimmer
Q139658955,Jackie Cherotich,Activism & social work,7,,human rights defender,Human Rights Defender
Q136623273,Jackline Basemera Baingana,Other sport,7,1991-06-14T00:00:00Z,basketball player,Ugandan basketball player (born 1991)
Q133864808,Jacqueline Mwondha,Other / unspecified,7,,high court judge,Acting High Court Judge
Q134081279,Jamilah  Kamulegeya,Other / unspecified,7,,official,A member of the Public Service commission of Uganda
Q130612811,Jamirah Nabulime,Football,7,,association football player,Ugandan footballer
Q133848633,Janet Kabayonga,Other sport,7,,golfer,Golfer
Q138161355,Janet Kyaligonza,Politics & government,7,,politician,Ugandan Politician
Q133848442,Janet Namagga Kasozi,Academia & education,7,,lecturer,Lecturer nursing
Q140511831,Jassy Kabanihiza,Media & writing,7,,writer,Ugandan author
Q133864015,Jemima Zalwango,Other sport,7,,kabaddi player,player on the Ugandan national women's Kho-Kho team
Q130613936,Jemimah Immaculate Twesigye,Football,7,,association football player,Ugandan Footballer
Q133842406,Jemimah Nakawala,Other sport,7,,tennis player,Uganda tennis player
Q139960270,Jenet Ayoo Phoebe,Politics & government,7,,politician,Ugandan politician
Q134267911,Jenifer Kageye,Other / unspecified,7,,darts player,Darts Player
Q136952149,Jenneth Prischa,Arts & entertainment,7,,musician,Ugandan musician
Q124672621,Jessica Kyeyune,Other / unspecified,7,,professional,National Content Specialist
Q140638290,Jinan Nakato,Other sport,7,,swimmer,Ugandan Swimmer
Q130614023,Joan Adong,Football,7,,association football player,Ugandan footballer
Q131278650,Joan Akello,Other / unspecified,7,,freelance journalist,Ugandan journalist
Q133892716,Joan Kyatuka,Other sport,7,,golfer,Golfer
Q130612884,Joan Nantongo,Football,7,,association football player,Ugandan Footballer
Q139621717,Joselynne Rwabogo,Other / unspecified,7,,engineer,Ugandan engineer
Q139658956,Josephine Acham,Activism & social work,7,,human rights defender,Human Rights Defender
Q133846446,Josephine Nakafeero,Media & writing,7,,journalist,NBS News anchor television presenter
Q130612671,Josephine Ndagire,Football,7,,association football player,Ugandan Footballer
Q133872849,Joweria Namanda,Other sport,7,,golfer,Golfer
Q136902034,Joy Dinah Okono,Other / unspecified,7,,program manager,Ugandan program manager
Q133887678,Joy Serunjogi,Other / unspecified,7,,field hockey,Ugandan field hockey player
Q136902033,Joyce Nabaloga,Business & finance,7,,accountant,Ugandan accountant
Q137992191,Joyce Nabatta Namuli,Politics & government,7,,politician,Ugandan politician
Q133462756,Joyce Nakibuule,Other sport,7,,netballer,Ugandan netball player
Q140593667,Judith Isaa,Politics & government,7,,politician,Ugandan politician
Q133933851,Judith Mbabazi,Academia & education,7,,lecturer,A Ugandan academician in field of environment sustainability
Q134270513,Judith Ombuor,Other sport,7,,swimmer,Ugandan swimmer
Q133848815,Julia Namwewo,Other sport,7,,golfer,Golfer
Q133892325,Juliet Nandawula,Other sport,7,,rugby player,Ugandan rugby player
Q136622014,Juliete Sabano,Other sport,7,1973-07-07T00:00:00Z,basketball player,Ugandan basketball player (born 1973)
Q137999845,Kabugho Marilyn,Politics & government,7,,politician,Ugandan politician
Q134054797,Kaitesi Blessing,Other sport,7,,swimmer,Ugandan swimmer
Q138000356,Kansiime Annet Marjorie,Politics & government,7,,politician,Ugandan politician
Q134054850,Karima Katemba,Other sport,7,,swimmer,Ugandan swimmer
Q140627872,Karimah Katemba,Other sport,7,,swimmer,Ugandan Swimmer
Q133848742,Kate Muganga,Other sport,7,,golfer,Golfer
Q139963325,Katusiime Adrine Mwebesa,Politics & government,7,,politician,Ugandan politician
Q140549144,Keilah Sebaana,Other sport,7,,swimmer,Ugandan swimmer
Q139555099,Keita Doreen,Politics & government,7,,"politician, entrepreneur",Ugandan politician
Q134270891,Kezia Wairimu,Other sport,7,,swimmer,Ugandan swimmer
Q140627547,Khyati Deshpande,Other sport,7,,swimmer,Ugandan swimmer
Q137029808,Kyamazima Beatrice,Other / unspecified,7,,stenographer,Stenographer Kyambogo University
Q131384553,Lamu,Arts & entertainment,7,,"musician, television personality",Ugandan artist
Q133892619,Laura Natukunda,Other sport,7,,golfer,Golfer
Q133875922,Laura Orobi,Other / unspecified,7,,professor,First female professor Makerere University Business School
Q135646343,Leah Eryenyu,Other / unspecified,7,,"community leader, political economist",Ugandan Feminist Political Economist
Q134113099,Leila Blick Mayanja,Other / unspecified,7,,rally driver,Motorsport rally driver
Q133857432,Leona Acen,Other sport,7,,rugby player,Rugby player
Q133463882,Lilian Akello,Football,7,,association football player,Ugandan football player
Q133839328,Lillian Ayee,Other sport,7,,tennis player,Ugandan Junior tennis player
Q133848730,Lillian Koowe,Other sport,7,,golfer,Golfer
Q133934039,Lillian Nagawa,Other / unspecified,7,,engineer,A Ugandan engineer
Q133459961,Lillian Nakiirya,Football,7,,association football player,Ugandan footballer
Q136622015,Linda Bridget Tamale,Other sport,7,1984-02-29T00:00:00Z,basketball player,Ugandan basketball player (born 1984)
Q140571066,Lisa Bawole,Other sport,7,,swimmer,Ugandan   Swimmer
Q133848866,Loveness Mungure,Other sport,7,,golfer,Ugandan golfer
Q134113173,Lucy Bunyenyezi,Arts & entertainment,7,,"actor, model",Actress
Q133846432,Lydia Nabakooza,Media & writing,7,,journalist,"NBS BUSINESS , OIL AND GAS PRODUCER"
Q133884369,Lydia Namabiro,Other sport,7,,rugby player,Ugandan rugby player
Q139659279,Lydia Ochieng Obbo,Law,7,,lawyer,Ugandan lawyer
Q104650700,Lynette Olokojo,Other / unspecified,7,,editor,Editor
Q133831659,Magara Scovia,Academia & education,7,,lecturer,A lecturer in Department of Political Science and Public Administration at Kyambogo University.
Q133842353,Maggie Namaganda,Other sport,7,,tennis player,Ugandan tennis player
Q140636944,Malaika Nassuna Miiro,Other sport,7,,swimmer,Ugandan Swimmer
Q131161243,Margaret M. Opolot,Media & writing,7,,writer,Ugandan author
Q79827763,Margaret Nakakeeto,Other / unspecified,7,,,Neonatal Pediatrician and scientist
Q133887724,Margaret Nassiwa,Other / unspecified,7,,field hockey player,Ugandan field hockey player
Q130613891,Maria Gorret Nabbanja,Football,7,,association football player,Ugandan Footballer
Q133842311,Mariam Etiang,Other sport,7,,tennis player,Ugandan tennis player
Q133858551,Mariam Mayanja Nkalubo,Other / unspecified,7,,,"Buganda Kingdom Minister for Gender, Water and Environment"
Q84356859,Marie Corrazon,Arts & entertainment,7,,actor,Ugandan actress
Q130613808,Marion Amangat,Football,7,,association football player,Ugandan Footballer
Q133884391,Mary Ayot Gloria,Other sport,7,,rugby player,Ugandan rugby player
Q134176645,Mary Kagoire Ochieng,Academia & education,7,,lecturer,lecturer
Q134054787,Mary Peyton Ssubi,Other sport,7,,swimmer,Ugandan swimmer
Q130368953,Mary Ssebugga,Activism & social work,7,,social worker,Ugandan Economic support and development social worker
Q141265903,Mary T. Wenene,Politics & government,7,,"secretary, civil servant",Ugandan secretary
Q139882165,Maryline Kabugho,Politics & government,7,,politician,Ugandan politician
Q139270049,Masamba Jackline Rukyamuzi,Other / unspecified,7,,human resource management,Human Resource Manager
Q138500240,Melissa Kiguwa,Other / unspecified,7,,,Poet
Q133842350,Melonie Nahirya,Other sport,7,,tennis player,Ugandan tennis player
Q133842428,Meron Kyomugisha,Other sport,7,,golfer,Ugandan golfer
Q131362930,Mildred Pedun,Media & writing,7,,journalist,Ugandan Journalist
Q134176940,Miria Frances Agunyo,Academia & education,7,,lecturer,Lecturer
Q134176728,Miriam Gesa Mutabazi,Academia & education,7,,lecturer,Researcher
Q130613839,Molly Naava Nabitaka,Football,7,,association football player,Ugandan Footballer
Q137357356,Monica Opio,Other / unspecified,7,,"painter, fashion designer, textile artist","painter, fashion designer, textile artist"
Q133875876,Monica Tushabe,Academia & education,7,,lecturer,Lecturer Makerere University Business School
Q135424632,Muduwa Brenda,Other sport,7,,boxer,Ugandan Boxer
Q135427593,Nabachwa Shakira,Other sport,7,,boxer,Ugandan Boxer
Q133864776,Nabakooza Flavia,Other / unspecified,7,,high court judge,Acting High Court Judge
Q135424817,Nabbumba Shamim,Other sport,7,,boxer,Ugandan Boxer
Q131105741,Nabwami Mary Assumpta,Other / unspecified,7,,painter,Ugandan painting artist
Q133459985,Nadia Najjemba,Other sport,7,,boxer,Ugandan boxer
Q138000271,Nahwera Prossy,Politics & government,7,,politician,Ugandan politician
Q133880064,Naiga Rukia,Other sport,7,,,Professional Pool table player
Q119242232,Najjemba Rebecca,Media & writing,7,,writer,Ugandan author
Q136089047,Nakabuye Kevin,Other sport,7,,boxer,Ugandan Boxer
Q136804685,Nakiyinji Veronica Lugya,Arts & entertainment,7,,musician,Ugandan Musician
Q135427545,Nalule Leila,Other sport,7,,boxer,Ugandan Boxer
Q134190367,Namata Ruth Kiwuulo Mbabazi,Other / unspecified,7,,performing artist,Artist
Q136622347,Namiiro Sarah Kaaya Bunamwaya,Other sport,7,1986-10-10T00:00:00Z,basketball player,Ugandan basketball player (born 1986)
Q139658941,Namugayi Justine,Other / unspecified,7,,,Finance Manager
Q140637970,Nanette Abigail Nsereko,Other sport,7,,swimmer,Ugandan Swimmer
Q139658980,Nannozi Florence,Other / unspecified,7,,,Human Rights Defender
Q120401091,Nansozi K. Muwanga,Academia & education,7,,university teacher,Ugandan political scientist
Q136089140,Nanuyunja Michelle,Other sport,7,,boxer,Ugandan Boxer
Q139658943,Nanyonga Mary,Other / unspecified,7,,,Finance Manager
Q136089129,Nanyunja Shanitah,Other sport,7,,boxer,Ugandan Boxer
Q133463098,Nassim Mutesi,Other sport,7,,netballer,Ugandan netball player
Q134008816,Nassiwa Margaret Musoke,Other sport,7,,,Chess player
Q136734798,Natasha Karungi Kashushu,Other / unspecified,7,1991-02-01T00:00:00Z,performing artist,Ugandan creative
Q134113660,Natulinda Blessed,Arts & entertainment,7,,television actor,Actress
Q140571155,Nazarene Muhindo,Other sport,7,,swimmer,Ugandan Swimmer
Q134267851,Nevia Hope Nabwire,Other sport,7,,wrestler,Ugandan wrestler
Q133839306,Nicole Mulungi,Other sport,7,,tennis player,Ugandan Junior tennis player
Q139658927,Night Grace,Activism & social work,7,,human rights defender,Human Rights Defender
Q133848549,Night Natukunda,Academia & education,7,,researcher,Researcher
Q120799420,Nina Olivia Rugambwa,Academia & education,7,,"librarian, university teacher, researcher","Ugandan librarian, educator and administrator"
Q121279920,Norah Njuba Bwaya,Other / unspecified,7,,trainer,Certified Executive coach in Leadership and organizational Development Specialist
Q139658978,Ojirot Sarah,Activism & social work,7,,human rights defender,Human Rights Defender
Q133848663,Olimo Neema,Other sport,7,,golfer,Golfer
Q130613829,Oliver Adong,Football,7,,association football player,Ugandan Footballer
Q136786606,Olivia Lutaaya,Other / unspecified,7,,,Ugandan Political Activist
Q133839379,Olivia Natukunda,Other sport,7,,tennis player,Ugandan Junior tennis player
Q133853448,Olivia Ziwa,Media & writing,7,,journalist,NBS Journalist Kings Kitchen Show Host/Producer
Q134271098,Olivier Nalwadda,Other sport,7,,"swimmer, swimming coach",Ugandan swimmer
Q133842363,Patience Athieno,Other sport,7,,tennis player,Ugandan tennis player
Q136624157,Patricia Alado,Other sport,7,1994-04-13T00:00:00Z,basketball player,Ugandan basketball player (born 1994)
Q134271311,Patricia Ejalu,Other sport,7,,swimmer,Ugandan swimmer
Q118945342,Patricia Humura,Activism & social work,7,,"human rights defender, health officer","Human rights activist, Youth Representative UCCM Global Fund to fight AIDS, Tuberculosis and Malaria at Uganda AIDS Commission"
Q131363360,Patricia Nabakooza,Arts & entertainment,7,2005-02-21T00:00:00Z,"influencer, dancer","Dancer, Actress, Influencer"
Q130612285,Patricia Naigaga,Football,7,,association football player,Ugandan Footballer
Q134057745,Patricia Nyachwolga,Academia & education,7,,lecturer,University teacher
Q118950051,Patricia Nyasuna,Activism & social work,7,,human rights defender,Ugandan human rights and gender activist
Q133857422,Pauline Bankabwire,Other sport,7,,"athlete, rugby player",Rugby player
Q133848562,Pauline Petra Nalumaga,Academia & education,7,,university teacher,University teacher
Q139801428,Peace Kuteesa Nassanga,Business & finance,7,,"entrepreneur, computer engineer",Ugandan engineer
Q133857498,Peace Lekuru,Other sport,7,,rugby player,Rugby player
Q130613845,Penninah Ruth Akuuku,Football,7,,association football player,Ugandan Footballer
Q133848701,Petra Nalwoga,Other sport,7,,golfer,Golfer
Q130613964,Phiona Catherine Namusoke,Football,7,,association football player,Ugandan Footballer
Q133817082,Phoebe Awere Otala,Politics & government,7,,diplomat,Ugandan politician and diplomat
Q134277207,Precious Namubiru,Other sport,7,,,Beach Woodball player
Q134267528,Pretty Banks,Arts & entertainment,7,,musician,Ugandan musician
Q137440329,Prima Kardashi,Business & finance,7,1993-10-25T00:00:00Z,entrepreneur,"Ugandan media personality, entrepreneur"
Q135176816,Prime Rose Nakasaga,Other sport,7,,netballer,Ugandan netball player
Q136865710,Privah Eliberz Nuwamanya,Other / unspecified,7,,news presenter,media personality in Uganda
Q138161346,Prossy Katusiime,Politics & government,7,,politician,Ugandan Politician
Q139835495,Prossy Nakakande,Other / unspecified,7,,team manager,Ugandan team Manager
Q133895004,Rachael Galinda,Other sport,7,,swimmer,Ugandan swimmer
Q139807079,Rachael Kentenyingi,Other / unspecified,7,,communication specialist,Ugandan communication specialist
Q133884424,Rachael Mufuwa,Other sport,7,,rugby player,Ugandan rugby player
Q136623550,Racheal Aceng,Other sport,7,1995-01-04T00:00:00Z,basketball player,Ugandan basketball player (born 1995)
Q136623543,Racheal Muwanguzi,Other sport,7,1995-03-13T00:00:00Z,basketball player,Ugandan basketball player (born 1995)
Q134054838,Rahma Kalungi Nakasule,Other sport,7,,swimmer,Ugandan swimmer
Q140643335,Rawiyah Kalungi Najjingo,Other sport,7,,swimmer,Ugandan Swimmer
Q133852935,Rebecca Amongi,Other / unspecified,7,,mixed martial arts fighter,Mixed Martial Arts fighter
Q131152357,Rebecca Jjingo,Media & writing,7,,"actor, singer, journalist",Ugandan music artist and radio presenter
Q130354629,Rebecca Nakato,Football,7,,association football player,Ugandan footballer
Q136892908,Rebecca Nambwayo,Other / unspecified,7,,matron,Ugandan
Q130612699,Rebecca Nandhego,Football,7,,association football player,Ugandan Footballer
Q131289706,Rebecca Nanjego,Other / unspecified,7,,"comic, digital artist",Ugandan illustrator known for her feminist-inspired digital art and comic series
Q136902030,Rebecca Rukundo,Other / unspecified,7,,program manager,Ugandan program manager
Q133894801,Rebecca Ssengozi,Other sport,7,,swimmer,Ugandan swimmer
Q136902024,Regina Bafaki,Other / unspecified,7,,director,Ugandan organisation director
Q133828551,Rhoda Ngozi,Other / unspecified,7,,news presenter,UBC News Anchor
Q139658939,Rina Asasira,Other / unspecified,7,,,Procurement Manager
Q134055834,Ritah Nimusiime,Other sport,7,,pool player,Ugandan pool player
Q133892230,Ritta Nadunga,Other sport,7,,rugby player,Ugandan rugby player
Q141265690,Rose N. Kafeero,Other / unspecified,7,,secretary,Ugandan secretary
Q134176446,Rosemary Bulyaba,Academia & education,7,,lecturer,Lecturer
Q141169187,Rosette Byengoma,Politics & government,7,,civil servant,"Ugandan civil servant and Permanent Secretary, Ministry of Defence and Veteran Affairs"
Q133848591,Rukia Bako,Other sport,7,,golfer,Golfer
Q134176348,Ruth Butembe,Academia & education,7,,lecturer,Lecturer
Q133858663,Ruth Mpatawuwa Abankwah,Academia & education,7,,lecturer,Associate Professor of Library and Information Science
Q136951823,Ruth Namata Mbabazi,Arts & entertainment,7,,musician,Ugandan musician
Q138161342,Ruth Namutaawe,Politics & government,7,,politician,Ugandan Politician
Q133861409,Sabina Tumusiime,Other / unspecified,7,,head teacher,Head teacher
Q123631488,Safina Namukwaya,Other / unspecified,7,,,Currently the oldest living woman in Africa to have given birth
Q137994444,Salima Nsibambi Nkuse,Politics & government,7,,politician,Ugandan politician
Q133842298,Sandra Nhissa,Other sport,7,,tennis player,Ugandan Tennis player
Q133463842,Sanya Babirye,Football,7,,association football player,Ugandan football player
Q134276469,Sanyu Mirembe,Other sport,7,,,Beach wood ball player
Q133892574,Sarah Kangana,Other sport,7,,golfer,Golfer
Q111442688,Sarah Mpabwa,Other / unspecified,7,,soldier,Ugandan politician
Q133836221,Sarah Nabachwa,Academia & education,7,,"researcher, lecturer",lecturer and researcher
Q138161340,Sarah Nabirye,Politics & government,7,,politician,Ugandan Politician
Q136892909,Sarah Nabunya,Other / unspecified,7,,chef,Ugandan chef
Q140008274,Sarah Nafuka,Politics & government,7,,politician,Ugandan politician representing PWDs in Mukono
Q140681423,Sarah kansiime,Other sport,7,,,Ugandan swimmer
Q84356558,Scola Scot,Arts & entertainment,7,,actor,Ugandan actress
Q136734530,Sebadduka Esther Kyazike,Academia & education,7,,librarian,Ugandan Library and Information Scientist and Politician
Q139658950,Seera Leah Dianah,Activism & social work,7,,human rights defender,Human Rights Defender
Q133463723,Shakira Nyinagahirwa,Football,7,,association football player,Ugandan football player
Q136950769,Sharita Nabbosa,Arts & entertainment,7,,musician,Ugandan Musician
Q130613823,Sharon Achen,Football,7,,association football player,Ugandan Footballer
Q130613905,Sharon Namatovu,Football,7,,association football player,Ugandan Footballer
Q134175103,Sheba Asiimwe,Academia & education,7,,lecturer,Lecturer
Q133892552,Sheila Kesiime,Other sport,7,,golfer,Ugandan golfer
Q134176379,Sheila Namuwaya,Academia & education,7,,lecturer,Lecturer
Q136868518,Sheila Saltofte,Other / unspecified,7,,"media personality, presenter","media personality in Uganda, actress"
Q136902036,Sheillar Mutetsi,Other / unspecified,7,,advertising person,Ugandan publicity manager
Q139961381,Sherifa Aate Taban Amin,Politics & government,7,,politician,Ugandan politician
Q116605534,Silvia Akello,Politics & government,7,,politician,Uganda politician
Q133875979,Sojourner Grace,Academia & education,7,,lecturer,Lecturer Makerere university Business School
Q133514633,Sophia Nantongo,Other / unspecified,7,,religious leader,Religious Leader
Q133894450,Stella Akongo,Other sport,7,,handball player,Ugandan handball player
Q139801685,Stella Lugalambi,Business & finance,7,,entrepreneur,Ugandan entrepreneur
Q131744922,Stella Mystica Sabiiti,Other / unspecified,7,,"mediator, consultant, security consultant",Ugandan mediator and peace consultant
Q138000431,Stella Nankwanga,Politics & government,7,,politician,Ugandan politician
Q136621406,Sulaina Nakyagaba,Other sport,7,1978-11-29T00:00:00Z,basketball player,Ugandan basketball player (born 1978)
Q130612929,Sumaya Nalumu,Football,7,,association football player,Ugandan footballer
Q133892318,Susan Adong,Other sport,7,,rugby player,Ugandan rugby player
Q134286864,Susan Nanduddu,Other / unspecified,7,,executive director,Ugandan development practitioner
Q130612791,Suzan Nalukoda,Football,7,,association football player,Ugandan Footballer
Q134054810,Tanja Atukunda,Other sport,7,,swimmer,Ugandan swimmer
Q133880244,Tara Naluwooza,Other sport,7,,swimmer,Swimmer
Q130612848,Teddy Najjuma,Football,7,,association football player,Ugandan footballer
Q133460307,Tezira Wanyana,Academia & education,7,,lecturer,"PhD Candidate, University of Cape Town,Assistant Lecturer"
Q133835787,Theodora Twiwongyirwe Mondo,Academia & education,7,,lecturer,Engineer
Q134054630,Theresa Frances Namirembe,Academia & education,7,,lecturer,University Lecturer
Q131362622,Tracy Mirembe,Arts & entertainment,7,2001-05-23T00:00:00Z,musician,Ugandan Musical Artist
Q138002324,Trust Kyomugisha,Politics & government,7,,politician,Ugandan Politician
Q134188468,Tyra Abok,Arts & entertainment,7,,actor,Actress
Q134277371,UJoyce Nalubega,Other sport,7,,,Beach wood ball player
Q133892342,Unity Namulala,Other sport,7,,rugby player,Ugandan rugby player
Q136760253,Vianah Kemigisha Kashaya,Politics & government,7,,politician,Ugandan politician
Q133837429,Victoria Atino,Media & writing,7,,journalist,NBS Digital Officer
Q133847441,Victoria Bagaaya,Media & writing,7,,journalist,NBS Journalist
Q134286840,Victoria Nabisenke,Other / unspecified,7,,prosecutor,Ugandan prosecutor and legal expert
Q133880148,Victoria Namuyanja,Other / unspecified,7,,pool,Professional Pool table player
Q136621412,Victoria Nassolo,Other sport,7,1985-01-01T00:00:00Z,basketball player,Ugandan basketball player (born 1985)
Q123172659,Viola N. Nyakato,Academia & education,7,,researcher,researcher
Q136954302,Violah Nakitende,Arts & entertainment,7,,musician,Ugandan musician
Q134063057,Violet Kajubiru Froelich,Politics & government,7,1949-01-01T00:00:00Z,politician,A Ugandan legislator and educationist
Q133934064,Violet Okaba Kayom,Academia & education,7,,lecturer,A Ugandan Paeditrician
Q133848902,Vivian Achen,Other sport,7,,golfer,Ugandan golfer
Q130613850,Whisper Patricia Alomo,Football,7,,association football player,Ugandan Footballer
Q133892701,Willemien Hamminga,Other sport,7,,golfer,Golfer
Q134081342,Winnie Agnes Kabogoza Musoke,Other / unspecified,7,,chairperson,A Ugandan Chairperson of the Public Service Commission of Uganda
Q134268344,Winnie Angom,Other / unspecified,7,,lacrosse player,Lacrosse player
Q133881318,Winnie Nakabuubi,Other sport,7,,volleyball player,Volleyball player
Q136627619,Winnifred Akello,Other sport,7,2001-12-24T00:00:00Z,basketball player,Ugandan basketball player (born 2001)
Q90450857,Yarine Fajardo,Academia & education,7,,researcher,researcher (ORCID 0000-0002-9071-1513)
Q133884378,Yvonne Najjuma,Other sport,7,,rugby player,Ugandan rugby player
Q138834447,Yvonne Zabu,Academia & education,7,,"clinical psychologist, researcher","Ugandan clinical psychologist, researcher, and mental health practitioner"
Q111534459,Zahara Toto,Other / unspecified,7,,television personality,Ugandan TV personality
Q130612911,Zaina Namboozo,Football,7,,association football player,Ugandan footballer
Q133894903,Zara Nsubuga,Other sport,7,,swimmer,Ugandan swimmer
Q134093109,Zubeda Talikaza,Other / unspecified,7,,judoka,Judo player
Q136682826,,Activism & social work,7,,"environmentalist, activist",Environmental activist
Q136696098,,Activism & social work,7,,"environmentalist, activist",Ugandan environmental activist
Q136696104,,Activism & social work,7,,"environmentalist, activist",Ugandan environmental activist
Q136901691,,Other / unspecified,7,,administrative assistant,
Q136902038,,Other / unspecified,7,,administrative assistant,
Q133848894,Aalaa Somji,Other sport,6,,golfer,Ugandan golfer
Q139719916,Acan Innocent Immaculate,Media & writing,6,,"writer, poet",Ugandan writer and poet
Q139995971,Achayo Rose Obol,Other / unspecified,6,,chairperson,
Q134113529,Adella Asimiire,Other sport,6,,volleyball player,Volleyball player
Q133847503,Admire Nabanza,Media & writing,6,,journalist,NBS Brand Designer
Q76854583,Agatha Kafooko,Other / unspecified,6,,singer-songwriter,Ugandan musician
Q139270050,Ahimbisibwe Judith,Other / unspecified,6,,,Legal Officer
Q130363573,Aisha Amin,Activism & social work,6,,activist,Ugandan Refugee protection and support activist
Q130368982,Aisha Batamuliza,Activism & social work,6,,social worker,Ugandan Refugee support and advocacy social worker
Q139963393,Aisha Lumolo Mafabi,Politics & government,6,,politician,Ugandan politician
Q133864793,Akello Echookit Christine,Other / unspecified,6,,high court judge,Acting High Court Judge
Q135426289,Akello Jesca,Other sport,6,,boxer,Ugandan Boxer
Q136089460,Akong Stella,Other sport,6,,netballer,Ugandan Netball Player
Q135426336,Akullu Prisca,Other sport,6,,boxer,Ugandan Boxer
Q136089411,Akumu Conslate,Other sport,6,,netballer,Ugandan Netball Player
Q110397346,Alexandra Nkonge Rugadya,Politics & government,6,,judge,Ugandan judge
Q140570399,Aloyo Vivian,Other sport,6,,netballer,Ugandan netballer
Q133863478,Amina Ajema,Other / unspecified,6,,handball player,Hand ball player
Q134984909,Angel Auwei,Other sport,6,,netballer,Ugandan netball player
Q139963644,Angela Akoth,Politics & government,6,,politician,Ugandan politician
Q96774018,Angele Pembele Ibanda,Academia & education,6,,researcher,researcher
Q133933963,Ann Mugunga,Other / unspecified,6,,consultant,"A Ugandan Consultant, researcher and journalist"
Q138006703,Annet Nabaduuka,Politics & government,6,,politician,Ugandan Politician
Q140032333,Annet Nakanwagi,Activism & social work,6,,activist,Ugandan activist
Q139270034,Arinaitwe Perpetua,Other / unspecified,6,,,Bursar
Q137992122,Asiasa Ruth Katya,Politics & government,6,,politician,Ugandan politician
Q140632749,Astrina Kikomeko,Other sport,6,,swimmer,Ugandan Swimmer
Q140032307,Atala Cissy,Other / unspecified,6,,volunteer,
Q138002006,Ataliba Irene,Politics & government,6,,politician,Ugandan Politician
Q135426245,Atuhaire Hazel,Other sport,6,,boxer,Ugandan Boxer
Q133934121,Atuki Turner,Other / unspecified,6,,executive director,A Ugandan women activist
Q139783099,Atukunda Rachael Mutabingwa,Other / unspecified,6,,editor,Author
Q136089420,Bakia Alice,Other sport,6,,netballer,Ugandan Netball Player
Q133863606,Barbra Nantume,Other / unspecified,6,,handball player,Ugandan handball player
Q135225902,Bashirah Nassazi,Other sport,6,,netballer,Ugandan netball player
Q139962125,Bernadette Candia Kodili,Politics & government,6,,politician,Ugandan politician
Q137999895,Birungi Rebecca Mary,Politics & government,6,,politician,Ugandan Politician
Q135232305,Brendah Nakazibwe,Other sport,6,,netballer,Ugandan netball player
Q135925594,Bridget Namuwonge,Other sport,6,,netballer,Ugandan netball player
Q139578369,Budesia Nyakecho,Other sport,6,,athlete,Hurdles Athlete from Uganda
Q136772994,Bushira Namirimu,Media & writing,6,,journalist,Ugandan journalist
Q133871721,Caroline Akello,Other / unspecified,6,,military officer,Military officer
Q136749949,Caroline Namara,Politics & government,6,,"politician, journalist",Ugandan journalist and politician
Q131105331,Carolyne Acen,Media & writing,6,,poet,Ugandan poet
Q138002145,Catherin Mudederi,Politics & government,6,,politician,Ugandan Politician
Q139605017,Catherine Nakiwala,Other / unspecified,6,,author,Ugandan Author
Q135176919,Cecilia Aol,Other sport,6,,netballer,Ugandan netball player
Q120799371,Chance Rest,Academia & education,6,,"librarian, university teacher",Ugandan librarian and LIS educator
Q139996022,Cheptoek Betty,Business & finance,6,,accountant,
Q134268574,Christine Ijawet,Other / unspecified,6,,lacrosse player,Lacrosse player
Q133839298,Cillian Ndilima,Other sport,6,,tennis player,Ugandan Junior Tennis player
Q135111797,Daphine Adong,Other sport,6,,basketball player,Ugandan basketball player
Q134267869,Daphine Kisaakye,Other sport,6,,wrestler,Ugandan wrestler
Q131400798,Darren Namatovu,Activism & social work,6,,activist,Ugandan activist
Q139995962,Debbie Kaddu Serwadda,Other / unspecified,6,,,
Q135426489,Dezu Jiladat,Other sport,6,,boxer,Ugandan Boxer
Q133460247,Diana Murungi,Other / unspecified,6,,referee,A fifa badge referee holder
Q124286546,Diana Taremwa Karakire,Other / unspecified,6,,"freelance journalist, environmental journalist",environmental journalist based in Uganda
Q122182200,Dianah Kacunguzi,Other / unspecified,6,,archivist,Ugandan archivist
Q137356850,Dianah Nebanda,Other / unspecified,6,,digital artist,"digital artist, mixed media artist"
Q139961289,Dr. Miria Matembe,Media & writing,6,,writer,author
Q133892748,Edrae Kagombe,Other sport,6,,golfer,Golfer
Q134999576,Eileen Ategeka Mukama,Other sport,6,,netballer,Ugandan netball player
Q110397343,Elizabeth Jane Alividza,Politics & government,6,,judge,Ugandan judge
Q136682799,Elizabeth Nalubega,Other / unspecified,6,,environmentalist,Environmental Activist
Q133848875,Esezar Kemigisha,Other sport,6,,golfer,Ugandan golfer
Q140208751,Estelle Florence Gbénou,Business & finance,6,,"author, business executive",Beninese-Ukrainian business executive and author
Q140008407,Esther Afoyocan,Politics & government,6,,politician,Ugandan politician
Q138002064,Esther Gibone,Politics & government,6,,politician,Ugandan Politician
Q138463906,Esther Lucy Achom,Business & finance,6,,accountant,Ugandan politician
Q130363677,Esther Nakitende,Activism & social work,6,,social worker,Ugandan Refugee protection and advocacy activist
Q137357080,Esther Nassanga,Academia & education,6,,researcher,Ugandan researcher and writer
Q141169657,Ethel Aanyu,Other / unspecified,6,,visual artist,Ugandan visual artist
Q126459153,Evelyn Babirye,Other / unspecified,6,,"painter, collagist",Ugandan contemporary artist
Q131362777,Evelyn Masika,Media & writing,6,,"television presenter, radio personality",Ugandan Television and Radio Presenter
Q120799419,Ezerea Kulisoma,Academia & education,6,,"librarian, university teacher","Ugandan librarian, LIS educator and administrator"
Q130363463,Farida Kato,Activism & social work,6,,activist,Ugandan Refugees and Livelihoods activist
Q134113125,Farida Ndagire,Other / unspecified,6,,rally driver,Motorsport rally driver
Q138002027,Fiona Mary Lawino,Politics & government,6,,politician,Ugandan Politician
Q136822391,Florah Show,Other / unspecified,6,,"media personality, presenter",media personality in Uganda
Q134999549,Florence Nakato,Other sport,6,,netballer,Ugandan netball player
Q133460242,Florence Tumuhirwe,Politics & government,6,,politician,Ugandan politician
Q138002253,Getrude Akomolot,Politics & government,6,,politician,Ugandan Politician
Q137103392,Gladys Kachope,Other / unspecified,6,1968-01-01T00:00:00Z,educator,Ugandan educator
Q131279030,Gloria Nawanyaga,Law,6,,"lawyer, HIV/AIDS activist",human rights lawyer
Q141267374,Gloriah Nandawula,Business & finance,6,,entrepreneur,Ugandan entrepreneur
Q138003639,Grace Amoriot,Politics & government,6,,politician,Ugandan Politician
Q138002291,Grace Ankunda Bekunda Bwesigye,Politics & government,6,,politician,Ugandan Politician
Q133890008,Grace Charlotte Karugaba Kabunga,Other / unspecified,6,,board member,A board member of Uganda Railways Corporation
Q133879039,Grace Gidudu,Other / unspecified,6,,communications officer,Assistant director of communications and public affairs at Parliament of Uganda
Q138161357,Grace Nyakato,Politics & government,6,,politician,Ugandan Politician
Q136760388,Harriet Chemutai,Politics & government,6,,politician,Ugandan politician
Q133892600,Harsshitha Loganathan,Other sport,6,,golfer,Ugandan golfer
Q130368996,Helen Namutebi,Activism & social work,6,,social worker,Ugandan Child protection and support social worker
Q126477517,Helena Aluong,Other / unspecified,6,,painter,Ugandan contemporary artist
Q130363716,Hellen Namubiru,Activism & social work,6,,social worker,Ugandan Community integration and support social worker
Q136892905,Hellen Ruth Adeit,Other / unspecified,6,,administrative assistant,Ugandan adminstrative assistant
Q110397344,Henrietta Wolayo,Politics & government,6,,judge,Ugandan judge
Q134267972,Honaranta Nakato,Other sport,6,,wrestler,Ugandan wrestler
Q133861164,Imelda Kameeza,Academia & education,6,,university teacher,University teacher
Q137994544,Irene Mpamulungi,Politics & government,6,,politician,Ugandan politician
Q134182990,Irene Nakimbugwe,Other / unspecified,6,,bodybuilder,Weight lifter
Q133473147,Irene Namatovu,Arts & entertainment,6,,singer,Ugandan musician
Q140504868,Isabell Omara Sigombe,Other sport,6,,,Ugandan swimmer
Q131429384,Isabella Tugume,Media & writing,6,,television presenter,"Event Host , NBS TV"
Q136786872,Jackie Letaru,Other / unspecified,6,,,Ugandan activist
Q140036270,Jackie Tahakanizibwa,Business & finance,6,,business executive,Ugandan corporate executive
Q138005907,Jackline Nandudu,Politics & government,6,,politician,Ugandan Politician
Q133892272,Janati Nandudu,Other sport,6,,rugby player,Ugandan rugby player
Q122184404,Jane Kawalya,Academia & education,6,,"librarian, university teacher",Ugandan librarian
Q140007614,Janet Ajangi,Other / unspecified,6,,,disability rights activist
Q130363788,Janet Alupo,Activism & social work,6,,social worker,Ugandan Child protection and education social worker
Q138003674,Janifer Kyomuhendo Mbabazi,Politics & government,6,,politician,Ugandan Politician
Q133892727,Jenina Nasimolo,Other sport,6,,golfer,golfer
Q140132157,Jennifer okumu Wengi,Media & writing,6,,writer,author
Q138661093,Joan Kyomuhendo,Politics & government,6,,politician,Ugandan politician
Q135925617,Joan Nantumbwe,Other sport,6,,netballer,Ugandan netball player
Q133865018,Joanita Gertrude Bushara,Other / unspecified,6,,high court judge,Acting High Court Judge
Q137993410,Josephine Babugi,Politics & government,6,,politician,Ugandan politician
Q135111745,Josephine Bakhata,Other sport,6,,netballer,Ugandan netball player
Q133460275,Josephine Esaete,Other / unspecified,6,,senior lecturer,A lecturer at Makerere University
Q140032317,Josephine Oketcho,Activism & social work,6,,activist,Ugandan activist
Q133842320,Jovia Nakayenga,Other sport,6,,tennis player,Ugandan female tennis player
Q133892635,Jovia Tugume,Other sport,6,,golfer,Golfer
Q136864258,Joy Osa Nabbanja,Arts & entertainment,6,,musician,gospel musician in Uganda
Q133857017,Joyce Bako,Other / unspecified,6,,karate,Karate
Q120799372,Judith Nanozzi,Academia & education,6,,"librarian, university teacher","Ugandan librarian, LIS educator and administrator"
Q139962728,Judith Peace Acan Onen,Politics & government,6,,politician,Ugandan politician
Q140529280,Judith Sanyu,Football,6,,association football player,Ugandan professional football player
Q131298202,Judithiana Namazzi Ndugwa,Media & writing,6,,television presenter,Ugandan television presenter
Q135232262,Juliet Nakabugo,Other sport,6,,netballer,Ugandan netball player
Q124306671,Kakai Doreen Beatrice,Other / unspecified,6,,herpetologist,Ugandan herpetologist
Q135426463,Kalivamu Noelina,Other sport,6,,boxer,Ugandan Boxer
Q133864667,Kania Rosette Comfort,Other / unspecified,6,,High Court judge,Acting High Court Judge
Q139740918,Kansiime Catherine,Academia & education,6,,"physician, researcher",Uganda doctor
Q139270036,Karungi Monica,Other / unspecified,6,,,Quality Assurance Officer
Q139661834,"Kayaga, Sseremba",Media & writing,6,,writer,Author
Q137604275,Kazibwe Sophie,Academia & education,6,,lecturer,lecturer
Q134178466,Kedrece Turyagyenda,Academia & education,6,,researcher,Commissioner ministry of Education and sports
Q134178393,Ketty Lamaro,Other / unspecified,6,,secretary,Director of Ethics and Integrity
Q139658981,Khadijjah Kebba,Other / unspecified,6,,,Human Rights Defender
Q135426748,Kisakye Loy,Other sport,6,,boxer,Ugandan Boxer
Q137029132,Kyatuhaire Barbra,Other / unspecified,6,,secretary,Administrative secretary Kyambogo
Q133839344,Latifa Kampi,Other sport,6,,tennis player,Ugandan Junior tennis player
Q135426804,Latifah Gift,Other sport,6,,boxer,Ugandan Boxer
Q135232360,Lillian Ajio,Other sport,6,,netballer,Ugandan netball player
Q133864898,Lillian Alum Omara,Other / unspecified,6,,High Court Judge,Acting High Court Judge
Q136804287,Lillian Nalwoga,Academia & education,6,,researcher,policy analyst
Q135984914,Lillian Nampijja,Other sport,6,,netballer,Ugandan netball player
Q138006972,Linda Irene Mugisa,Politics & government,6,,politician,Ugandan Politician
Q139781672,Linda Nabusayi Wamboka,Other / unspecified,6,,press secretary,Ugandan journalist
Q140627378,Lindsey Ninsiima,Other sport,6,,,Ugandan swimmer
Q139962169,Lisa Kusiima,Business & finance,6,,"entrepreneur, content creator","Ugandan content creator, entrepreneur, parenting influencer"
Q136734677,Liz Kobusinge,Arts & entertainment,6,,artist,self taught artist whose drawings and paintings explore the interconnectedness of women
Q116604210,Lorna Eunice Akullo,Other / unspecified,6,,,Uganda politician
Q135427564,Losia Mary,Other sport,6,,boxer,Ugandan Boxer
Q116605827,Loy Akello,Politics & government,6,,politician,Uganda politician
Q133887698,Lucky Akello,Other / unspecified,6,2002-06-14T00:00:00Z,field hockey player,Field Hockey player
Q131401859,Lydia Abenaitwe,Arts & entertainment,6,,actor,"Ugandan actress, Advocate for People with Disabilities"
Q134003599,Lydia Najjemba Wasula,Other / unspecified,6,,probation officer,"A Ugandan administrator, social worker and principal probation officer"
Q133875890,Mahadih Kyambande,Academia & education,6,,lecturer,Lecturer Makerere University Business School
Q133892261,Maimunah Nassozi,Other sport,6,,rugby player,Ugandan rugby player
Q139701531,"Makelele, Kahumba Micheline",Media & writing,6,,writer,Writer
Q135151001,Manano Alhaji,Other sport,6,1995-04-27T00:00:00Z,rugby player,Ugandan Rugby Player
Q110397358,Margaret Apiny,Politics & government,6,,judge,Ugandan judge
Q139659737,Margaret Atim,Media & writing,6,,writer,Ugandan educational administrator
Q110397350,Margaret Mutonyi,Politics & government,6,,judge,Ugandan judge
Q137994422,Margaret Nakavubu Bakubi,Politics & government,6,,politician,Ugandan politician
Q110397341,Margaret Tibulya,Politics & government,6,,judge,Ugandan judge
Q134004855,Maria Ssematiko,Academia & education,6,,researcher,A Ugandan public health specialist and researcher
Q135301645,Mariam Sultan,Other sport,6,,boxer,Ugandan boxer
Q134270981,Marianne Nkwanzi,Other sport,6,,swimmer,Ugandan swimmer
Q134269735,Marion Ansilo,Arts & entertainment,6,,television actor,Actress
Q130363749,Martha Kiggundu,Activism & social work,6,,social worker,Ugandan Health Coordinator for Refugees
Q111534608,Martha Mukisa,Arts & entertainment,6,,musician,Ugandan Musician
Q139659951,Martha Walusimbi,Media & writing,6,,writer,Author
Q133864875,Mary Babirye,Other / unspecified,6,,high court judge,Acting High Court Judge
Q133864916,Mary Kaitesi Kisakye,Other / unspecified,6,,high court judge,Acting High Court Judge
Q139995950,Mary Nabachwa Ssonko,Other / unspecified,6,,,
Q134175397,Masturah Nakimbugwe,Academia & education,6,,lecturer,Lecturer
Q139837916,Mayimuna Nassozi,Other sport,6,,rugby player,Ugandan rugby Player
Q139659841,Mbaseege. Getrude,Media & writing,6,,writer,Author
Q133875954,Milburga Atchero,Other / unspecified,6,,professor,Associate professor in French Language Education
Q137994026,Mildred Apenyo,Media & writing,6,,writer,"writer, yogi, gardener, dancer, feminist, wellness activist"
Q134242282,Miriam Najjemba,Politics & government,6,,politician,Ugandan politician
Q133836503,Miriam Nalule,Other / unspecified,6,,surgeon,medical doctor
Q124358822,Miriam Watsemba,Other / unspecified,6,,photojournalist,Ugandan documentary photo journalist based
Q138003651,Monica Namukose Kamagu,Politics & government,6,,politician,Ugandan Politician
Q133892757,Moureen Okura,Other sport,6,,golfer,Golfer
Q134008521,Mukisa Blessing Shanitah,Other sport,6,,,Chess player
Q136091479,Mundu Zakia,Other sport,6,,boxer,Ugandan female boxer
Q119954197,Musamali Paul Mwasa,Politics & government,6,,politician,Ugandan Member of Parliament representative at the East African Legislative Assembly
Q126197383,Musani Tonny,Media & writing,6,,journalist,journalist in Uganda
Q135425846,Naava Getrude,Other sport,6,,boxer,Ugandan Boxer
Q136089470,Nabatanzi Stella,Other sport,6,,netballer,Ugandan Netball Player
Q138012693,Nagasha Catherine,Politics & government,6,,politician,Ugandan politician
Q135426354,Nakabira Peace,Other sport,6,,boxer,Ugandan Boxer
Q139659825,Nakanwagi Rosette Muwonge,Academia & education,6,,researcher,Researcher
Q136089479,Nakasumba Nuru,Other sport,6,,netballer,Ugandan Netball Player
Q135426254,Nakato Winnie,Other sport,6,,boxer,Ugandan Boxer
Q139662241,"Nakaye, Kellen",Media & writing,6,,writer,Author
Q139666718,Nakayenze Sandra Kibooli,Other / unspecified,6,,business,Business Woman
Q139270046,Nakidde Prossy Mukasa,Other / unspecified,6,,secretary,Warden
Q139741679,Nakiyingi Luggya,Arts & entertainment,6,1994-06-27T00:00:00Z,musician,"Ugandan musical artist, dancer, singer and songwriter"
Q131279009,Nalubega Rashida,Arts & entertainment,6,,actor,Ugandan Actress
Q135178945,Nalukenge Shifah,Other sport,6,,netballer,Ugandan netball player
Q135426347,Namabiro Joy,Other sport,6,,boxer,Ugandan Boxer
Q139962646,Namanya Viola Buroko,Politics & government,6,,politician,Ugandan politician
Q135426814,Namilimu Pauline,Other sport,6,,boxer,Ugandan Boxer
Q135426773,Namitala Angel,Other sport,6,,boxer,Ugandan Boxer
Q139658940,Namuganza Syda Debuni,Other / unspecified,6,,,Finance Manager
Q135424704,Namuyomba Christine,Other sport,6,,boxer,Ugandan Boxer
Q138001775,Nancy Atimango,Politics & government,6,,politician,Ugandan politician
Q137603997,Nankya Jommie,Media & writing,6,,television presenter,Ugandan media personality
Q135424615,Nantongo Shakira,Other sport,6,,boxer,Ugandan Boxer
Q135426437,Nanyanzi Anna,Other sport,6,,boxer,Ugandan Boxer
Q135426859,Natasha Kabagabe,Other sport,6,,boxer,Ugandan Boxer
Q133848714,Nerimah Shaminah,Other sport,6,,golfer,Golfer
Q134984871,Noeline Ajuna,Other sport,6,,netballer,Ugandan netball player
Q133887745,Norah Alum,Other / unspecified,6,,field hockey player,Field hockey player
Q140078847,Nsengiyunya Beverley Nambozo,Media & writing,6,,writer,author
Q135427606,Nzikuru Priscah,Other sport,6,,boxer,Ugandan Boxer
Q133836474,Olive Sentubwe Mugisa,Other / unspecified,6,,gynecologist,Medical doctor
Q138001982,Omondi Flavia,Politics & government,6,,politician,Ugandan Politician
Q139996018,Oyuu Iyute Deborah,Other / unspecified,6,,administrator,
Q140502773,Palma Kirabo,Other sport,6,,,Ugandan swimmer
Q136786865,Pamela Angwech,Other / unspecified,6,,,Ugandan gender and women's specialist and the founder of Gulu Women's Economic Development and Globalisation (GWED-G)
Q134176846,Pamela Ruth Tumwebaze,Academia & education,6,,lecturer,Lecturer
Q135177031,Patience Luck,Other sport,6,,netballer,Ugandan netball player
Q133865660,Patricia Amoko,Other / unspecified,6,,legal secretary,Private Legal Secretary to the Chief Registrar of the Uganda Judiciary.
Q133830642,Pearl Ampeire,Media & writing,6,,journalist,UBC Staff
Q134286965,Peggie Ayesiga,Law,6,,lawyer,Ugandan legal professional
Q139858879,Pofia Nankya,Other / unspecified,6,,"disc jockey, watching",Ugandan  female DJ and  disc spinner
Q139658949,Popurus Aisu,Activism & social work,6,,human rights defender,Human Rights Defender
Q130706751,Priscah Ayerango,Football,6,,association football player,Ugandan footballer
Q134267921,Proscovia Nalweyiso,Other sport,6,,wrestler,Ugandan wrestler
Q134113012,Prosperous Namara,Other / unspecified,6,,rally driver,Motorsport rally driver
Q135111777,Prudence Nakato,Other sport,6,,netballer,Ugandan netball player
Q137325289,Rachael Kangumba,Other / unspecified,6,,industrial designer,"AUgandan creative, and industrial designer"
Q140637564,Razielle Naigaga,Other sport,6,,swimmer,Ugandan Swimmer
Q116603689,Rebecca Adia Moro,Other / unspecified,6,,,Uganda politician
Q134176911,Rebecca Kangabe,Academia & education,6,,lecturer,Lecturer
Q130415446,Rebecca Nansubuga,Activism & social work,6,,social worker,Ugandan social worker for refugee support and advocacy
Q117021751,Regina Laboke,Academia & education,6,,teacher,Founder and Principal at Mt of Olives College Kakiri.
Q139995934,Rehemah Nyanzi,Other / unspecified,6,,,
Q133848722,Resty Nalutaaya,Other sport,6,,golfer,Golfer
Q138161332,Resty Nanyonga,Politics & government,6,,politician,Ugandan Politician
Q134999680,Ritah Katusiime,Other sport,6,,netballer,Ugandan netball player
Q136953009,Ritah Kigozi,Arts & entertainment,6,,musician,Ugandan musician
Q130363697,Robina Kyomuhendo,Activism & social work,6,,social worker,Ugandan Strategic support for refugee programs activist/Social worker
Q133848674,Robinah Angom,Other sport,6,,golfer,Golfer
Q138006502,Robinah Rwakojo,Politics & government,6,,politician,Ugandan Politician
Q139270051,Ronah Arinanye Tugume,Other / unspecified,6,,,Academic Registrar
Q137996797,Rose Acayo,Politics & government,6,,politician,Ugandan politician
Q133864862,Rosemary Bareebe Ngabirano,Other / unspecified,6,,high court judge,Acting High Court Judge
Q138003561,Rosette Asiimwe,Politics & government,6,,politician,Ugandan Politician
Q124327472,Rukia Nabbanja,Media & writing,6,,journalist,"freelance journalist based in Kampala, Uganda"
Q133848834,Rukia Nalwoga,Other sport,6,,golfer,Golfer
Q133865672,Ruth Ashaba,Other / unspecified,6,,communications officer,Senior Communications Officer at the Judiciary of Uganda
Q133848556,Ruth Nantongo,Other / unspecified,6,,laboratory technician,Laboratory technician
Q134267768,Sarah Enokokin,Other / unspecified,6,,rowing,Rowing player
Q126814095,Sarah Kiyimba,Other / unspecified,6,,hotel manager,"Resident District Commissioner, Rakai"
Q130363449,Sarah Nabirye,Activism & social work,6,,activist,Ugandan Refugees and Livelihoods activist
Q28972959,Sarah Natumanya,Other / unspecified,6,,,Educator
Q136701689,Senya,Other / unspecified,6,1986-01-01T00:00:00Z,tailor,Kakwa name given to a woman
Q134175575,Shabibah Nakirijja,Academia & education,6,,lecturer,Lecturer
Q135105155,Shakirah Nabukalu,Other sport,6,,netballer,Ugandan netball player
Q134999524,Shamirah Ayikoru,Other sport,6,,netballer,Ugandan netball player
Q135177412,Sharifa Nanyanzi,Other sport,6,,netballer,Ugandan netball player
Q135177157,Sharon Nansereko,Other sport,6,,netballer,Ugandan netball player
Q135225930,Sharon Pita,Other sport,6,,netballer,Ugandan netball player
Q130364069,Sheila Kizito,Activism & social work,6,,social worker,Ugandan Outreach Coordinator for refugees
Q134286823,Sheila Nabachwa Muwanga,Activism & social work,6,,human rights defender,Ugandan Human rights defender and activist
Q133865587,Sheila Wamboga,Other / unspecified,6,,communications officer,Principal Communications Officer in the Judiciary of Uganda
Q112399848,Shelley Van Heusen,Arts & entertainment,6,,artist,Ugandan artist
Q140284979,Shirley Cathy Byakutaaga,Media & writing,6,,"writer, researcher",Ugandan Author
Q122184322,Ssekabembe Beatrice,Academia & education,6,,"librarian, university teacher",Ugandan librarian
Q122184415,Ssekabembe Beatrice,Academia & education,6,,"librarian, university teacher",
Q136408865,Sumayiah Nalumu,Football,6,,association football player,Ugandan footballer
Q140278232,Susan. N. Kiguli,Media & writing,6,,poet,author
Q133872154,Swabra Mutesi,Other / unspecified,6,,weightlifter,Ugandan weightlifter
Q135086698,Sylvia Annet Alalo,Other sport,6,,netballer,Ugandan netball player
Q133871776,Sylvia Meeme,Other / unspecified,6,,military officer,Military officer
Q134999727,Sylvia Musene,Other sport,6,,netballer,Ugandan netball player
Q140461765,Tara Ambale,Other sport,6,,swimmer,Ugandan swimmer
Q133887808,Thuwaibah Kiggundu,Other / unspecified,6,,field hockey player,Field hockey player
Q131298492,Tikia Grace Aludria,Other / unspecified,6,,blogger,writer and blogger
Q139819023,Tina Athaide,Media & writing,6,,writer,author
Q139378867,Tindyebwa Peace Tushabomwe,Other / unspecified,6,,,Secretary
Q136089502,Titol Chebet Lavenda,Other sport,6,,netballer,Ugandan Netball Player
Q137993900,Tracy Ninsiima,Politics & government,6,,politician,Ugandan politician
Q131401935,Tukamuhebwa Beatrice,Arts & entertainment,6,,actor,Ugandan Actress
Q137357374,Tumusiime Jackie,Other / unspecified,6,,costume designer,costume designer
Q139995956,Veronica Namagembe,Other / unspecified,6,,,
Q134081871,Victoria Byenkya,Other / unspecified,6,,manager,A manager of Women in Business at DFCU Bank Uganda
Q135179293,Victoria Nantumbwe,Other sport,6,,netballer,Ugandan netball player
Q131248448,Victoria Ndamurani,Other / unspecified,6,,"student, jurisprudence",Ugandan beauty Queen
Q138750389,Viola Kusasira,Other / unspecified,6,,news media,media personel
Q135232334,Viola Nakazibwe,Other sport,6,,netballer,Ugandan netball player
Q110397348,Winfred Nabisinde,Politics & government,6,,judge,Ugandan judge
Q133865614,Winfred Naigaga Kyobiika,Other / unspecified,6,,chief magistrate,Chief Magistrate at Nsangi Court
Q133872810,Winnie Musuya,Other sport,6,,golfer,Golfer
Q134055270,Zaimati Nabafu,Other sport,6,,pool player,Ugandan pool table player
Q140164375,violet barungi,Media & writing,6,,writer,author
Q138161351,,Politics & government,6,,politician,Ugandan Politician
Q140265467,,Other / unspecified,6,,,orcid 0000-0002-4986-5713
Q135426525,Abwoli Mwajuma,Other sport,5,,boxer,Ugandan Boxer
Q134964189,Achesa Achieng Teopista,Other sport,5,,netballer,Ugandan netball player
Q137990958,Agnes Amede,Politics & government,5,,politician,Ugandan politician
Q133872140,Aisha Namataka,Other / unspecified,5,,weightlifter,Weight lifter
Q139270059,Akello Jacqueline,Other / unspecified,5,,,Research Grants Administrator
Q130364086,Akello Lydia,Activism & social work,5,,social worker,Ugandan Programs Coordinator for refugees and Migration
Q139848286,Akello Miriam,Media & writing,5,,writer,Ugandan author
Q133818555,Alice Kutyamukama Gitta,Academia & education,5,,lecturer,Writing Article at WikiGap 2025ug
Q130537226,Alice Namubiru,Activism & social work,5,,social worker,Ugandan social worker for community support and integration
Q135925655,Alice Rukia,Other sport,5,,netballer,Ugandan netball player
Q133460432,Amono Florence,Other sport,5,,netballer,Ugandan netball player
Q139995928,Ann Kyalwazi,Other / unspecified,5,,,
Q137999794,Annet Nakyanja Mawejje,Politics & government,5,,politician,Ugandan Politician
Q139995960,Annette Tumwijukye,Other / unspecified,5,,,
Q136952251,Aroma Music,Arts & entertainment,5,,musician,Ugandan musician
Q133857539,Arua Gazelle,Other / unspecified,5,,athletics,Water jumper Athlete
Q126478535,Ashe Semango,Other / unspecified,5,,painter,Ugandan contemporary artist
Q133872836,Assa Nambogwe,Other sport,5,,golfer,Golfer
Q139996058,Baganda Eunice,Other / unspecified,5,,,
Q124666183,Bahati Remmy,Media & writing,5,,journalist,Ugandan journalist
Q111082562,Bakeine Mabel Lilian Komugisha,Politics & government,5,1957-03-08T00:00:00Z,politician,Ugandan Politician
Q125560260,Barbara Nalweyiso,Media & writing,5,,journalist,journalist in Uganda
Q133261656,Barbara Ofwono Buyondo,Business & finance,5,,entrepreneur,entrepreneur winner of the United Nation's Women in Business Award
Q122181936,Beatrice Aliba,Other / unspecified,5,,archivist,Ugandan archivist
Q130416577,Beatrice Nakitende,Activism & social work,5,,social worker,Ugandan social worker for refugee aid and support
Q133856903,Beatrice Patience Ayikoru,Other / unspecified,5,,general secretary,Secretary General Uganda Olympic Committee
Q133872387,Berna Musanabera,Other sport,5,,golfer,Golfer
Q133573632,Betty Ekochu,Other / unspecified,5,,Doctor of Medicine,Ugandan Medical Doctor
Q133856980,Betty Nabifo,Other / unspecified,5,,canoe sprint,Canoe Splinter
Q134959355,Betty Okwir,Politics & government,5,,politician,Ugandan politician
Q135088180,Bredia Kyomukama,Other sport,5,,netballer,Ugandan netball player
Q133863507,Brenda Adokorach,Other / unspecified,5,,handball player,Hand ball player
Q133864762,Bukirwa Faridah Shamilah,Other / unspecified,5,,high court judge,Acting High Court Judge
Q131401030,Carol Komeza,Arts & entertainment,5,,singer,Ugandan Musician
Q136814236,Caroline Ariba,Media & writing,5,,novelist,Ugandan writer
Q133872372,Cathy Kwagala,Other sport,5,,golfer,Golfer
Q132722042,Chebet Everlyne Kubarika,Other / unspecified,5,,"mayor, local politician","Ugandan local politician, mayor of Kapchorwa"
Q125391825,Christina Okello,Media & writing,5,,journalist,"Ugandan-born journalist in Paris, France"
Q133873169,Cissy Nabazinga Kagaba,Law,5,,lawyer,Ugandan lawyer and human rights activist
Q110397345,Damalie Lwanga,Politics & government,5,,judge,Ugandan judge
Q137357332,Daphine Aritua,Other / unspecified,5,,painter,painter
Q137997834,Daphine Draza,Politics & government,5,,politician,Uganda Politician
Q134984890,Daphine Nagabania,Other sport,5,,netballer,Ugandan netball player
Q137997991,Deborah Akiteng,Politics & government,5,,politician,Ugandan Politician
Q133852663,Deborah Nakijoba,Other sport,5,,netballer,Ugandan netball player
Q133863452,Diana Nakamya,Other / unspecified,5,,handball player,Hand ball player
Q130416481,Diana Nakato,Activism & social work,5,,social worker,Ugandan social worker in food and nutrition security
Q133863428,Diana Tiperu,Other / unspecified,5,,handball player,Hand ball player
Q130416449,Doreen Nalubega,Activism & social work,5,,social worker,Ugandan social worker for refugee support and advocacy
Q111441238,Doreen Nassali,Other sport,5,,boxer,Ugandan Boxer Coach
Q139995940,Dorothy Ngabilano,Other / unspecified,5,,,
Q120799383,Elizabeth Lwanga,Academia & education,5,,"librarian, researcher","Ugandan librarian, LIS educator and administrator"
Q134078225,Elone Ainebyoona,Other / unspecified,5,,policy analyst,Governance and public policy analyst
Q140469798,Elsa Rose Mikisa Lumu,Other sport,5,,,Ugandan swimmer
Q137993602,Emily Kugonza,Politics & government,5,,politician,Ugandan politician
Q133894898,Esther Namata,Arts & entertainment,5,,dancer,dancer
Q139376921,Esther Uwimaana,Other / unspecified,5,,molecular biologist,Ugandan molecular biologist
Q137208917,Ezekiel Joviah,Other / unspecified,5,,visual artist,interior designer
Q134999775,Ezon Nakasoma,Other sport,5,,netballer,Ugandan netball player
Q133857461,Faith Namugga,Other sport,5,,rugby player,Rugby
Q133880186,Faith Nganda,Other / unspecified,5,,pool,Professional Pool table player
Q118383105,Fatia Kiyange,Activism & social work,5,,human rights defender,Human Rights Activist in Uganda
Q131437040,Felista Di Super Star,Other / unspecified,5,,"student, rapper",Ugandan Musician
Q133881293,Femia Awor,Other sport,5,,volleyball player,Volleyball player
Q136682817,Flavia Kiconco,Other / unspecified,5,,environmentalist,Environmental Activist
Q110397359,Florence Nakachwa,Politics & government,5,,judge,Ugandan judge
Q134175536,Florence Nambooze Bbaale,Other / unspecified,5,,surveyor,Land surveyor
Q133872456,Frista Birabwa,Other sport,5,,golfer,Golfer
Q139710716,Fuorr. ampala,Media & writing,5,,writer,Author
Q133842590,Gloria Aya,Other sport,5,,netballer,Ugandan netball player
Q138456235,Grace Nakato Auma,Politics & government,5,,politician,Ugandan politician
Q133463867,Hadijah Namuyanja,Other / unspecified,5,,association football coach,Ugandan football player coach
Q135179312,Hajarah Nabatanzi,Other sport,5,,netballer,Ugandan netball player
Q134959385,Hajat Farida Katerega,Politics & government,5,,politician,Ugandan politician
Q140470854,Hannah Keza Kengoro,Other sport,5,,,Ugandan swimmer
Q133872364,Harriet Kitaka,Other sport,5,,golfer,Golfer
Q138003728,Harriet Sari,Other / unspecified,5,,,Ugandan Politician
Q136772978,Hatmah Nalugwa Sekaaya,Media & writing,5,,journalist,Ugandan journalist
Q133863465,Hilda Abangit,Other / unspecified,5,,handball player,Hand ball player
Q133887653,Hildah Balondemu,Other / unspecified,5,,field hockey player,Field Hockey player
Q139995944,Hope Kabuchu,Other / unspecified,5,,,
Q110397352,Immaculate Busingye,Politics & government,5,,judge,Ugandan judge
Q133887662,Irene Atim,Other / unspecified,5,,field hockey player,Field Hockey player
Q137999727,Irene Melinda Nantumbwe,Politics & government,5,,politician,Ugandan Politician
Q133852857,Irene Nekesa,Other / unspecified,5,,table tennis player,Table Tennis player
Q133887947,Irene Nyapendi,Other / unspecified,5,,field hockey player,Field Hockey player
Q131341181,Jackie Tusiime,Arts & entertainment,5,,artist,former Ugandan Musician
Q137992781,Jacklyne Tukamushaba,Politics & government,5,,politician,Ugandan politician
Q126845280,Janat Akorimoe Akech,Politics & government,5,,politician,Ugandan politician
Q130416287,Jane Achieng,Activism & social work,5,,social worker,Ugandan Social worker in Refugee support and migration assistance
Q133868453,Jane Ajilo,Other sport,5,,athlete,Athlete
Q110397356,Jane Okuo,Politics & government,5,,judge,Ugandan judge
Q137274410,Jane Twinomugisha,Arts & entertainment,5,,artist,Gallery officer at Ndejje university in Uganda
Q133887951,Janet Nakato,Other / unspecified,5,,field hockey player,Field hockey player
Q116604347,Jannet Auma Okullo,Other / unspecified,5,,,Uganda politician
Q110397357,Jeanne Rwakakooko,Politics & government,5,,judge,Ugandan judge
Q133460236,Jeninah Atwebembeire,Academia & education,5,,university teacher,Ugandan academician
Q133863439,Jesca Nakamaanya,Other / unspecified,5,,handball player,Hand ball player
Q133872481,Joan Julian Nampewo,Other sport,5,,golfer,Golfer
Q133881281,Joan Nabuuto,Other sport,5,,volleyball player,Volleyball player
Q130365607,Joannah Nanjekye,Other / unspecified,5,,software engineer,Vice-chair Python Software Foundation
Q131362488,Jowy Landa,Arts & entertainment,5,,musician,Ugandan musician
Q133872462,Joyce Kisembo,Other sport,5,,golfer,Golfer
Q133255199,Joyce Kyalema,Business & finance,5,,entrepreneur,entrepreneur winner of the United Nation's Women in Business Award
Q133863564,Joyce Namutosi,Other / unspecified,5,,handball player,Ugandan handball player
Q139836636,Joyce Tamale,Other / unspecified,5,,author,Author
Q136841741,Judith Barbirye,Other / unspecified,5,,gospel musician,Ugandan gospel artist
Q133459983,Judith Irene Nagasha,Academia & education,5,,lecturer,Ugandan academician
Q139996081,Juliet Mary Tumuhairwe,Other / unspecified,5,,,
Q136881751,Justine Nantume,Media & writing,5,,"musician, television presenter",Ugandan musician actress and presenter
Q141267496,Kate Kiiza,Other / unspecified,5,,,Ugandan banking executive
Q137440171,Katrina Nilzero,Arts & entertainment,5,,"fashion designer, model","fashionista, model"
Q135088252,Katusiime Mukidi,Other sport,5,,netballer,Ugandan netball player
Q139996041,Kesiime Peace,Other / unspecified,5,,,
Q116977186,Kibowa Faridah Hajjat,Politics & government,5,,"politician, women's rights activist","Ugandan politician, Chairperson of the National Women Council"
Q139605939,"Kokunda, Patience",Media & writing,5,,writer,writer
Q139270070,Kyasiimire Doreen,Other / unspecified,5,,,
Q124637661,Laura Nyirinkindi,Other / unspecified,5,,consultant,women’s rights expert
Q124651492,Lilian Namagembe,Media & writing,5,,journalist,Ugandan journalist
Q133859027,Lilibert Moira Musiime,Academia & education,5,,lecturer,Assistant Lecturer Law & Jurisprudence at Kabale University
Q122181934,Lillian Ariso,Other / unspecified,5,,archivist,Ugandan archivist
Q134510844,Lillian Nakitende,Other / unspecified,5,,photojournalist,
Q83613443,Lillian Nalwoga,Other / unspecified,5,,,
Q137997793,Lina Bangi,Politics & government,5,,politician,Ugandan Politician
Q136814254,Linda Orando,Other / unspecified,5,,,Ugandan writer
Q110397361,Linda Tumusiime,Politics & government,5,,judge,Ugandan judge
Q136089706,Lindah Muzigo,Other sport,5,,netballer,Ugandan netball player
Q133872106,Lydia Nakidde,Other / unspecified,5,,weightlifter,Weight lifter
Q139660716,Margaret Atim Uganda,Media & writing,5,,writer,author
Q136734751,Maria Tendo,Other / unspecified,5,,painter,Ugandan painter
Q138002120,Marim Magumba,Politics & government,5,,politician,Ugandan Politician
Q140127982,Marjorie Nassolo,Media & writing,5,,writer,Ugandan writer and emerging author
Q131401876,Martha Amita,Arts & entertainment,5,,actor,Ugandan Actress
Q133872199,Martha Babirye,Other sport,5,,golfer,Golf player
Q134959423,Mary Astles Senkatuka,Politics & government,5,,politician,Ugandan politician
Q130363587,Mary Namakula,Activism & social work,5,,social worker,Ugandan Food and nutrition security social worker for refugees
Q124629181,Masongole Phoebe,Other / unspecified,5,,reporter,news reporter based in Mbale City in Uganda
Q131402041,Maureen Akii Bua,Arts & entertainment,5,,"fashion designer, model",Ugandan Fashion Designer
Q126457422,Maureen Okidi,Other / unspecified,5,,photographer,Ugandan contemporary artist
Q133872468,Maxi Byenkya,Other sport,5,,golfer,Golfer
Q133887729,Melissa Namuleme,Other / unspecified,5,,field hockey player,Field Hockey player
Q137997977,Mercy Gorreti Atemo,Politics & government,5,,politician,Ugandan Politician
Q139270067,Muhindo Patience,Other / unspecified,5,,,Inventory Manager
Q131278988,Muyimbwa Phiona,Arts & entertainment,5,,actor,Ugandan Actress
Q139996063,Mwenewo Joan,Other / unspecified,5,,,
Q124327469,Nabaasa Innocent,Media & writing,5,,journalist,Ugandan journalist
Q138117047,Nabbanja Hikmah,Other / unspecified,5,,costume designer,Costume Designer
Q139995922,Nabutewa Elovinah Lillian,Other / unspecified,5,,,
Q135426478,Nabwire Shadia,Other sport,5,,boxer,Ugandan Boxer
Q139996072,Nakaggwa Priscilla,Other / unspecified,5,,,
Q140007626,Namulinda Esther,Other / unspecified,5,,,
Q139270058,Nankunda Joy Bimbona,Other / unspecified,5,,,Academic Registrar
Q135426471,Nankya Maria,Other sport,5,,boxer,Ugandan Boxer
Q139784128,Nansubuga Nagadya Isdahl,Media & writing,5,,writer,author
Q138132349,Nanteza Juliet,Politics & government,5,,politician,Ugandan politician
Q139996083,Naomi Akwee,Other / unspecified,5,,,
Q139995969,Nawaya Gloria,Other / unspecified,5,,,
Q137993735,Naziiwa Magret Rujumba,Politics & government,5,,politician,Ugandan politician
Q137356610,Ndagire Valentine,Other / unspecified,5,,,creative artist
Q139996060,Nimungu Doreen,Other / unspecified,5,,,
Q136089487,Nyirambonigaba Barbara,Other sport,5,,netballer,Ugandan Netball Player
Q139604040,Ophelia Kemigisha,Activism & social work,5,,"lawyer, human rights defender",Ugandan lawyer
Q139908337,Orishaba Shallon,Other / unspecified,5,,,
Q133852836,Patra Nasirumbi,Other / unspecified,5,,table tennis player,Table Tennis player
Q110397351,Patricia Basaza Wasswa,Politics & government,5,,judge,Ugandan judge
Q133836436,Patricia Karugaba,Other / unspecified,5,,,Entrepreneur
Q133872451,Phoebe Chandiru,Other sport,5,,golfer,Golfer
Q131438458,Prim Asiimwe,Media & writing,5,,radio personality,Ugandan Radio personality
Q133863491,Priscilla Aber,Other / unspecified,5,,handball player,Ugandan handball player
Q137208675,Priscilla Regina Nalwoga,Media & writing,5,,journalist,Ugandan journalist and talk show host
Q133872398,Prudence Nimukama,Other sport,5,,golfer,Golfer
Q133887765,Racheal Atim,Other / unspecified,5,,field hockey player,Field hockey player
Q137274477,Racheal Kangumba,Other / unspecified,5,,industrial designer,Works in creative design
Q137212041,Racheal Kawala,Other / unspecified,5,,police officer,Police Spokesperson
Q134055992,Rashidah Mutesi,Other / unspecified,5,,pool player,Ugandan pool player
Q140470042,Raya Inell Ba,Other sport,5,,,Ugandan swimmer
Q124331196,Raziah Athman,Media & writing,5,,journalist,journalist in Uganda
Q124663163,Rebecca Nanono,Business & finance,5,,"entrepreneur, founder",Ugandan startup founder
Q133879970,Renee Nassozi Kiggundu,Other sport,5,,,Fencing player
Q133872508,Rita Akot Apell,Other sport,5,,golfer,Golfer
Q133852811,Rita Nakhumitsa,Other / unspecified,5,,table tennis player,Table Tennis player
Q133934048,Rita Nkemba,Activism & social work,5,,social worker,A Uganadan executive Director of Dwelling Places
Q126197518,Ritah Nalukwago,Media & writing,5,,journalist,journalist in Uganda
Q138456243,Ruth Nalwanga Nansubuga,Politics & government,5,,politician,Ugandan politician
Q131406812,Sabrina Agasha,Media & writing,5,,television presenter,Ugandan Media Personality
Q133857495,Sandra Amoli Lona,Other sport,5,,rugby player,Rugby player
Q137997817,Sandra Ewaecabo,Politics & government,5,,politician,Ugandan politician
Q131362670,Sandra Nansambu Kalungi,Arts & entertainment,5,,singer,Ugandan Singer
Q135218453,Sandra Ouma,Other / unspecified,5,,aircraft pilot,First female STEM instructor pilot
Q139836445,Sarah  Nyendwoha Ntiro,Other / unspecified,5,,author,Author
Q124377563,Sarah K. Biryomumaisho,Media & writing,5,,journalist,multimedia journalist in Uganda
Q133857503,Sarah Makanga,Other / unspecified,5,,darts player,Darts Player
Q133460442,Sarah Namuddu,Other / unspecified,5,,assistant coach,Ugandan netball assistant coach
Q133872410,Sarah Nduhukire,Other sport,5,,golfer,Golfer
Q138002081,Sauda Kawuma Alibawo,Politics & government,5,,politician,Ugandan Politician
Q139744110,"Semugooma, Christine Mwogeza",Media & writing,5,,writer,Ugandan author
Q133863536,Shakirah Bako,Other / unspecified,5,,handball player,Hand ball player
Q134984884,Shamirah Majid,Other sport,5,,netballer,Ugandan netball player
Q133852869,Shanita Namaala,Other / unspecified,5,,table tennis player,Table Tennis player
Q134999638,Shanita Wesonga,Other sport,5,,netballer,Ugandan netball player
Q135179322,Shanitah Namugaya,Other sport,5,,netballer,Ugandan netball player
Q126197522,Sharon Muzaki,Media & writing,5,,journalist,journalist in Uganda
Q136324220,Sheena Ruparelia,Other / unspecified,5,1988-12-23T00:00:00Z,,Ugandan businesswoman; director at Meera Investments and the Ruparelia Group
Q131298110,Sheila Lukwanzi,Other / unspecified,5,,fashion designer,Ugandan fashion designer
Q137999650,Sheilah Amanyiyo,Politics & government,5,,politician,Ugandan Politician and Economist
Q124373997,Sheilah Nakabuye,Other / unspecified,5,,freelance journalist,Ugandan freelance journalist
Q106691626,Sophia Gala,Activism & social work,5,,human rights defender,Human Rights Defender
Q135068550,Specioza Namukose,Other sport,5,,netballer,Ugandan netball player
Q139783228,Ssali Nyakaisiki,Other / unspecified,5,,author,Author
Q121289237,Susan Abbo,Politics & government,5,,politician,Ugandan guild president of Makerere University
Q110397355,Susan Abinyo,Politics & government,5,,judge,Ugandan judge
Q131429365,Susan Mujjawa Ananda,Other / unspecified,5,,sign language interpreter,Ugandan sign language interpreter
Q135426400,Swallah Halima,Other sport,5,,boxer,Ugandan Boxer
Q136762063,Sylvia Alinaitwe,Politics & government,5,,politician,Ugandan accountant and politician
Q134285952,Sylvia Kyohairwe Bohibwa,Academia & education,5,,researcher,"Ugandan researcher, social worker and entrepreneur"
Q139617250,Tanghaya Shirlee Irene,Other / unspecified,5,,author,Ugandan Author
Q140007631,Tina Angela Ntulo,Other / unspecified,5,,,
Q139270069,Tukamuhebwa Pross,Other / unspecified,5,,,Administrative Officer
Q139996054,Tumushabe Edith,Other / unspecified,5,,,
Q139908336,Tushemereirwe Judith,Other / unspecified,5,,,
Q133887820,Vanessa Abeja,Other / unspecified,5,,field hockey player,Field hockey player
Q133852773,Vanessa Mutiibwa,Other sport,5,,tennis player,Tennis player
Q133887841,Vero Atima,Other / unspecified,5,,field hockey player,Field hockey player
Q139124430,Victoria Nalule,Academia & education,5,,"lawyer, researcher",Ugandan lawyer and researcher
Q133842531,Viola Asingo,Other sport,5,,netballer,Ugandan netball player
Q139270038,Wandira Linda,Other / unspecified,5,,,University Registrar
Q136823110,Winifred Matsiko Kamuhangi,Politics & government,5,,politician,Ugandan politician
Q133887903,Winnie Alaro,Other / unspecified,5,,field hockey player,Field hockey player
Q133857506,Winnie Osuga,Other / unspecified,5,,darts player,Darts Player
Q139742005,Yudaya Nangonzi,Media & writing,5,,journalist,Ugandan journalist
Q136804720,Zanie Namugenyi,Arts & entertainment,5,,musician,Ugandan Musician
Q134959497,Zoe Bakoko Bakoru,Politics & government,5,,politician,Ugandan politician
Q139740963,nakato branda,Politics & government,5,,politician,Ugandan politician
Q141363734,ಸ್ಸಿನಬುಲ್ಯ ಸಿಲ್ವಿಯಾ ನಾಮಬಿದ್ದೆ,Politics & government,5,1964-12-24T00:00:00Z,politician,ಉಗಾಂಡಾದ ರಾಜಕಾರಣಿ
Q133255499,,Business & finance,5,,entrepreneur,entrepreneur winner of the United Nation's Women in Business Award
Q136682827,,Other / unspecified,5,,environmentalist,Environmental activist
Q136696118,,Other / unspecified,5,,environmentalist,Ugandan environmental activist
Q138341700,,Other / unspecified,5,,"tutor, collagist","Artist, art tutor"
Q136682806,Adong Pamela,Other / unspecified,4,,environmentalist,Environmental Activist
Q136682807,Akello Patricia,Other / unspecified,4,,environmentalist,Environmental Activist
Q136682808,Akello Sarah,Other / unspecified,4,,environmentalist,Environmental Activist
Q130363631,Amina Kizza,Other / unspecified,4,,social worker,Ugandan Medical care and health services for refugees social worker
Q136682686,Aminah Nalubega,Other / unspecified,4,,environmentalist,Environmental Activist
Q136684021,Amuge Rebecca,Other / unspecified,4,,environmentalist,Environmental Activist
Q112067200,Anisha Muhoozi,Other / unspecified,4,,sports executive,Ugandan football executive
Q138706307,Anne Abeja Muhwezi6î,Law,4,,lawyer,Ugandan lawyer and corporate executive
Q125560905,Annet Nakato,Media & writing,4,,journalist,journalist in Uganda
Q136682665,Annet Nandutu,Other / unspecified,4,,environmentalist,Environmental Activist
Q136684022,Apolot Suzan,Other / unspecified,4,,environmentalist,Environmental Activist
Q135232381,Asinah Kabendera,Other sport,4,,netballer,Ugandan netball player
Q136684023,Bakampa Irene,Other / unspecified,4,,environmentalist,Environmental Activist
Q125132602,Barbara Angopa,Media & writing,4,,journalist,journalist in Uganda
Q137357291,Benda Muhangi,Other / unspecified,4,,installation artist,installation artist
Q140230074,Benita Bageire,Business & finance,4,,business executive,Ugandan business executive
Q133460017,Betty Kamya,Politics & government,4,,politician,Ugandan politician
Q125132746,Carol Natukunda,Media & writing,4,,journalist,journalist in Uganda
Q124666169,Caroline Ayugi,Media & writing,4,,journalist,Ugandan journalist
Q125132435,Caroline Nakazibwe,Media & writing,4,,journalist,journalist in Uganda
Q125394854,Catherine Namugerwa,Other / unspecified,4,,broadcast journalist,broadcast journalist in Uganda
Q138508109,Cecilia Alupo Engole,Other / unspecified,4,,,co-Founder and Executive Director of Teso Women Peace Activists (TEWPA) in Uganda
Q118541544,Dorothy Mukasa,Activism & social work,4,,human rights defender,Digital Rights Activist based in Uganda
Q124986312,Dribareo Claudia,Other / unspecified,4,,radio journalist,Ugandan radio journalist
Q125569910,Faridah Bikobere,Media & writing,4,,journalist,journalist in Uganda
Q124666191,Gertrude Uwitware Tumusiime,Media & writing,4,,journalist,Ugandan journalist
Q139717702,Grace Acan,Media & writing,4,,writer,Writer
Q136682587,Grace Aulo Mbabazi,Other / unspecified,4,,,Ugandan Politician
Q133894982,Grace Kyohendo Batenbya,Other / unspecified,4,,professor,professor
Q125132628,Halima Abdallah Kisule,Media & writing,4,,journalist,journalist in Uganda
Q137997952,Hannifah Nyangoma,Politics & government,4,,politician,Ugandan Politician
Q136682833,Harriet Nambatya,Other / unspecified,4,,environmentalist,Ugandan Environmental Activist
Q138456237,Harriet Namubiru Kansiime,Politics & government,4,,politician,Ugandan politician
Q138818946,Immy Candace,Media & writing,4,,television presenter,Ugandan television presenter
Q124666227,Irene Abalo,Other / unspecified,4,,reporter,journalist in Uganda
Q112074659,Irene Kisakye,Other / unspecified,4,,therapist,Ugandan mental health therapist
Q137991089,Jackline Senge,Politics & government,4,,politician,Ugandan politician
Q136682588,Janat Akorimoe Akech,Other / unspecified,4,,,Ugandan Politician
Q137991898,Joan Nabatanzi,Politics & government,4,,politician,Ugandan politician
Q137997896,Joreen Najemba,Politics & government,4,,politician,Ugandan Politician
Q124807639,Josephine Namuloki,Other / unspecified,4,,freelance journalist,freelance journalist in Uganda
Q116603682,Judith Amongi,Other / unspecified,4,,,Uganda politician
Q134703820,Juliet Tumusiime,Business & finance,4,,entrepreneur,Ugandan entrepreneur
Q133864620,Justine Bagyenda,Other / unspecified,4,,,former director of supervision at Bank of Uganda
Q124704688,Justine Muboka,Other / unspecified,4,,radio journalist,radio journalist in Uganda
Q137992355,Katembo Fatuma Kamama,Politics & government,4,,politician,Ugandan politician
Q140232533,Kristina Kasibayo,Law,4,,lawyer,Ugandan lawyer
Q139717754,Kyomuhendo Goretti,Media & writing,4,,writer,Writer
Q133459979,Kyoshaba Martha Twinamasiko,Academia & education,4,,university teacher,"Academic Registrar, Professor and lecturer at Mbarara University of Science and Technology"
Q139660965,Lean Alinda,Media & writing,4,,writer,author
Q133460018,Lidya Namatende,Academia & education,4,,lecturer,Ugandan university lecturer
Q125569921,Lillian Luwedde,Media & writing,4,,journalist,journalist in Uganda
Q133838794,Lillian Musana Onyango,Other / unspecified,4,,chief administrative officer,Entrepreneur
Q140232728,Lyoidah Kiconco,Business & finance,4,,business executive,Ugandan business executive
Q140089916,Margaret Mutembeya Otteskov,Politics & government,4,,diplomat,Ugandan diplomat
Q137990901,Maria Gorreti Ajilo Elogu,Politics & government,4,,politician,Ugandan politician
Q136734750,Maria Naita,Arts & entertainment,4,,artist,Ugandan female artist
Q125132572,Marion Alina,Media & writing,4,,journalist,journalist in Uganda
Q116603645,Marylyn Akello,Other / unspecified,4,,,Ugandan politician
Q131429407,Maureen Naluwooza,Media & writing,4,,television presenter,Ugandan media personality
Q137991986,Milly Natembo,Politics & government,4,,politician,Ugandan politician
Q135218485,Monica Nabakooza,Other / unspecified,4,,aircraft pilot,Flight trainer and youth STEM advocate
Q133460270,Mwagale Racheal,Other / unspecified,4,,director,"Executive Director, Junior Acheivement Uganda"
Q136745826,Nakidde Justine,Academia & education,4,,teacher,mathematics teacher
Q133460321,Nalimu Florence,Academia & education,4,,lecturer,Senior lecturer Pharmacy and pharmaceutical sciences
Q139677946,"Niwemujuni, Cecily Tenywa",Media & writing,4,,writer,Christianity
Q136956346,Nyirahabimana Jean,Other / unspecified,4,,environmentalist,Environmental Activist
Q140723453,Paloma Kirabo,Other sport,4,,,Ugandan swimmer
Q124552560,Pamela Mawanda,Media & writing,4,,journalist,radio journalist in Uganda
Q124546942,Pauline Bangirana,Media & writing,4,,journalist,journalist in Uganda
Q133459968,Peace Diane Bagala,Other / unspecified,4,,sports journalist,Ugandan sports journalist
Q124545067,Precious Naturinda,Media & writing,4,,journalist,Ugandan journalist
Q133463754,Rebecca Kazibwe,Other / unspecified,4,,,Mrs. Kazibwe ‘Mama Becca’ Rebecca (RIP) and Mr. Paul Ssali are the founding members of women football in Uganda.
Q138751345,Robinah Nambooze,Media & writing,4,,television presenter,former television presenter
Q124387927,Sabano Jesca,Media & writing,4,,journalist,Ugandan journalist
Q124387824,Safra Bahumura,Media & writing,4,,journalist,journalist in Uganda
Q138456239,Sarah Atim Amongin,Politics & government,4,,politician,Ugandan politician
Q133825335,Sarah Kasadha,Politics & government,4,,politician,Ugandan politician
Q124569836,Sarah Mawerere,Other / unspecified,4,,broadcast journalist,broadcast journalist
Q124374656,Scovia Atuhaire,Media & writing,4,,journalist,journalist in Uganda
Q133459978,Sharon Amito,Other sport,4,,volleyball player,Ugandan middle blocker in KCB volleyball
Q137997862,Sheilla Obia,Other / unspecified,4,,,Ugandan Politician
Q125569541,Shifa Mwesigye,Media & writing,4,,journalist,journalist in Uganda
Q131211125,Suubi Namubiru,Arts & entertainment,4,,singer,"Singer, Musician"
Q124364032,Sylvia Kugonza,Other / unspecified,4,,broadcast journalist,broadcast journalist in Uganda
Q135218439,Tina Grazu,Other / unspecified,4,,aircraft pilot,"Ugandan Airline A330 First Officer, UPPA Secretary"
Q139714313,Victoria Bagaaya,Media & writing,4,,journalist,Ugandan journalist
Q136682718,Zeridah Zigiti,Other / unspecified,4,,environmentalist,Environmental Activist
Q136682815,,Other / unspecified,4,,,
Q136682816,,Other / unspecified,4,,,
Q136696095,,Other / unspecified,4,,,
Q136696093,,Other / unspecified,4,,,Environmental Activists
Q136696119,,Other / unspecified,4,,,
Q138816813,,Football,4,,association football player,Ugandan association football player
Q136706026,Cissy Mukasa,Other / unspecified,3,,,Human Rights Activist
Q136706025,Daphine Birungi,Other / unspecified,3,,,human rights activist
Q136682630,Grace Aulo Mbabazi,Other / unspecified,3,,,"Commissioner, Tourism, Ministry of Tourism,. Wildlife and Antiquities"
Q136682690,Josephine Nandutu,Other / unspecified,3,,,Environmental Activists
Q131242848,Nantukunda Katangaza,Other / unspecified,3,,,lawyer
Q136721958,Olivia Ariyo,Other / unspecified,3,,,"Uganda Wildlife Authority, Conservation Biologist"
Q136719817,Sarah Kiyimba,Other / unspecified,3,,,"Ministry of Water and Environment, Programme Officer"
Q136706892,Sophia Mukasa,Other / unspecified,3,,,"Mukasa Foundation, Founder"
Q136719831,Susan Nandutu,Other / unspecified,3,,,"National Environment Management Authority, Programme Officer"
